query_index,predicate_name,predicate_text,reuse_kind,oracle_calls,candidate_calls,audit_calls,escalation_calls,nli_pair_scores,precision,recall,f1,n_true_pos_rows,recall_bound,bound_violated,precision_bound,precision_bound_violated,latency_s,recall_oracle,bound_violated_oracle,setting,label,reasoner,design,n_rows
0,group:motor vehicles#t0,The document is about motor vehicles.,cold,7951,7951,0,0,0,1.0,1.0,1.0,800,,,,,0.001970167002582457,1.0,,20ng,20ng-N7951,nli,shipped,7951
1,group:religion#t3,This article covers the topic of religion.,cold,7951,7951,0,0,2,1.0,1.0,1.0,1151,,,,,0.2874611660008668,1.0,,20ng,20ng-N7951,nli,shipped,7951
2,leaf:religious debate#t0,The document is about religious debate.,rewrite,7951,6800,29,1122,4,1.0,1.0,1.0,351,1.0,False,1.0,False,0.3044179999997141,1.0,False,20ng,20ng-N7951,nli,shipped,7951
3,group:politics#t1,This text discusses politics.,cold,7951,7951,0,0,6,1.0,1.0,1.0,1200,,,,,0.6651299999939511,1.0,,20ng,20ng-N7951,nli,shipped,7951
4,union:gun control|medicine#u0,The document is about gun control or about medicine.,cold,7951,7951,0,0,8,1.0,1.0,1.0,800,,,,,0.31401937500049826,1.0,,20ng,20ng-N7951,nli,shipped,7951
5,group:motor vehicles#t0,The document is about motor vehicles.,exact-hit,0,0,0,0,0,1.0,1.0,1.0,800,,,,,1.5207995602395386e-05,1.0,,20ng,20ng-N7951,nli,shipped,7951
6,group:politics#t1,This text discusses politics.,exact-hit,0,0,0,0,0,1.0,1.0,1.0,1200,,,,,5.333000444807112e-06,1.0,,20ng,20ng-N7951,nli,shipped,7951
7,group:religion#t0,The document is about religion.,rewrite,7951,351,897,6703,10,1.0,1.0,1.0,1151,1.0,False,1.0,False,0.4147513749994687,1.0,False,20ng,20ng-N7951,nli,shipped,7951
8,leaf:political debate#t1,This text discusses political debate.,rewrite,7951,6751,29,1171,12,1.0,1.0,1.0,400,1.0,False,1.0,False,0.26053725000383565,1.0,False,20ng,20ng-N7951,nli,shipped,7951
9,group:sports#t1,This text discusses sports.,cold,7951,7951,0,0,14,1.0,1.0,1.0,800,,,,,0.5140854170022067,1.0,,20ng,20ng-N7951,nli,shipped,7951
10,group:science#t1,This text discusses science.,cold,7951,7951,0,0,16,1.0,1.0,1.0,1600,,,,,0.41442799999640556,1.0,,20ng,20ng-N7951,nli,shipped,7951
11,leaf:hockey#t1,This text discusses hockey.,rewrite,7951,7151,29,771,18,1.0,1.0,1.0,400,1.0,False,1.0,False,0.3492890420020558,1.0,False,20ng,20ng-N7951,nli,shipped,7951
12,leaf:religious debate#t2,The passage is related to religious debate.,rewrite,1885,800,1085,0,20,1.0,1.0,1.0,351,0.9246376811594202,False,0.9088319088319088,False,0.5617899999997462,1.0,False,20ng,20ng-N7951,nli,shipped,7951
13,leaf:political debate#t0,The document is about political debate.,rewrite,1060,0,1060,0,22,1.0,1.0,1.0,400,0.9236641221374046,False,0.9075,False,0.7654595409985632,1.0,False,20ng,20ng-N7951,nli,shipped,7951
14,leaf:items for sale#t3,This article covers the topic of items for sale.,rewrite,7951,800,0,7151,24,1.0,1.0,1.0,400,1.0,False,1.0,False,1.0139922910020687,1.0,False,20ng,20ng-N7951,nli,shipped,7951
15,leaf:Christianity#t3,This article covers the topic of Christianity.,rewrite,7951,6800,29,1122,26,1.0,1.0,1.0,400,1.0,False,1.0,False,0.3282482499998878,1.0,False,20ng,20ng-N7951,nli,shipped,7951
16,union:electronics|hockey#u0,The document is about electronics or about hockey.,cold,7951,7951,0,0,28,1.0,1.0,1.0,800,,,,,0.4104155829991214,1.0,,20ng,20ng-N7951,nli,shipped,7951
17,group:science#t2,The passage is related to science.,rewrite,251,0,251,0,30,1.0,1.0,1.0,1600,0.9204328453214513,False,0.90375,False,1.0604910840047523,1.0,False,20ng,20ng-N7951,nli,shipped,7951
18,group:computers#t1,This text discusses computers.,cold,7951,7951,0,0,32,1.0,1.0,1.0,2000,,,,,0.535898249996535,1.0,,20ng,20ng-N7951,nli,shipped,7951
19,union:Macintosh hardware|items for sale#u1,This text discusses either Macintosh hardware or items for sale.,rewrite,7587,5551,72,1964,34,1.0,1.0,1.0,800,1.0,False,0.95375,False,0.8323925420045271,1.0,False,20ng,20ng-N7951,nli,shipped,7951
20,group:motor vehicles#t3,This article covers the topic of motor vehicles.,cold,7951,7951,0,0,36,1.0,1.0,1.0,800,,,,,0.5382583750033518,1.0,,20ng,20ng-N7951,nli,shipped,7951
21,group:sports#t3,This article covers the topic of sports.,rewrite,896,400,496,0,38,1.0,1.0,1.0,800,0.9214975845410628,False,0.95375,False,0.8767947500018636,1.0,False,20ng,20ng-N7951,nli,shipped,7951
22,group:motor vehicles#t3,This article covers the topic of motor vehicles.,exact-hit,0,0,0,0,0,1.0,1.0,1.0,800,,,,,1.237499964190647e-05,1.0,,20ng,20ng-N7951,nli,shipped,7951
23,group:motor vehicles#t3,This article covers the topic of motor vehicles.,exact-hit,0,0,0,0,0,1.0,1.0,1.0,800,,,,,3.2089956221170723e-06,1.0,,20ng,20ng-N7951,nli,shipped,7951
24,union:PC hardware|cryptography#u0,The document is about PC hardware or about cryptography.,rewrite,7951,5951,29,1971,40,1.0,1.0,1.0,800,1.0,False,1.0,False,0.48587079099525,1.0,False,20ng,20ng-N7951,nli,shipped,7951
25,leaf:political debate#t1,This text discusses political debate.,exact-hit,0,0,0,0,0,1.0,1.0,1.0,400,1.0,False,1.0,False,1.6625002899672836e-05,1.0,False,20ng,20ng-N7951,nli,shipped,7951
26,union:Macintosh hardware|space exploration#u1,This text discusses either Macintosh hardware or space exploration.,rewrite,7951,5951,29,1971,42,1.0,1.0,1.0,800,1.0,False,1.0,False,0.34350662500219187,1.0,False,20ng,20ng-N7951,nli,shipped,7951
27,leaf:baseball#t2,The passage is related to baseball.,rewrite,7951,7151,29,771,44,1.0,1.0,1.0,400,1.0,False,1.0,False,0.359738125000149,1.0,False,20ng,20ng-N7951,nli,shipped,7951
28,group:computers#t0,The document is about computers.,rewrite,2135,2000,135,0,46,1.0,1.0,1.0,2000,0.9195402298850575,False,1.0,False,0.3045644169978914,1.0,False,20ng,20ng-N7951,nli,shipped,7951
29,leaf:baseball#t3,This article covers the topic of baseball.,rewrite,7951,7151,29,771,48,1.0,1.0,1.0,400,1.0,False,1.0,False,0.46343737499410054,1.0,False,20ng,20ng-N7951,nli,shipped,7951
30,leaf:electronics#t0,The document is about electronics.,rewrite,7951,0,0,7951,50,1.0,1.0,1.0,400,1.0,False,1.0,False,0.290284040995175,1.0,False,20ng,20ng-N7951,nli,shipped,7951
31,union:PC hardware|items for sale#u1,This text discusses either PC hardware or items for sale.,rewrite,7590,5151,117,2322,52,1.0,1.0,1.0,800,1.0,False,0.95375,False,0.6128048340033274,1.0,False,20ng,20ng-N7951,nli,shipped,7951
32,union:computer graphics|motorcycles#u0,The document is about computer graphics or about motorcycles.,rewrite,7951,7151,29,771,54,1.0,1.0,1.0,800,1.0,False,1.0,False,0.43549016599718016,1.0,False,20ng,20ng-N7951,nli,shipped,7951
33,union:Macintosh hardware|electronics#u0,The document is about Macintosh hardware or about electronics.,rewrite,7587,5551,72,1964,56,1.0,1.0,1.0,800,1.0,False,0.95375,False,0.6712417079979787,1.0,False,20ng,20ng-N7951,nli,shipped,7951
34,group:computers#t1,This text discusses computers.,exact-hit,0,0,0,0,0,1.0,1.0,1.0,2000,,,,,7.208996976260096e-06,1.0,,20ng,20ng-N7951,nli,shipped,7951
35,group:religion#t1,This text discusses religion.,rewrite,1395,1151,244,0,58,1.0,1.0,1.0,1151,0.9200639488409272,False,1.0,False,0.5780068339954596,1.0,False,20ng,20ng-N7951,nli,shipped,7951
36,group:computers#t0,The document is about computers.,exact-hit,0,0,0,0,0,1.0,1.0,1.0,2000,0.9195402298850575,False,1.0,False,2.8208000003360212e-05,1.0,False,20ng,20ng-N7951,nli,shipped,7951
37,union:Middle East affairs|items for sale#u1,This text discusses either Middle East affairs or items for sale.,rewrite,7590,5200,117,2273,60,1.0,1.0,1.0,800,1.0,False,0.95375,False,0.6593255840052734,1.0,False,20ng,20ng-N7951,nli,shipped,7951
38,leaf:the Microsoft Windows operating system#t1,This text discusses the Microsoft Windows operating system.,rewrite,7951,5951,29,1971,62,1.0,1.0,1.0,400,1.0,False,1.0,False,0.6410347499986528,1.0,False,20ng,20ng-N7951,nli,shipped,7951
39,group:sports#t2,The passage is related to sports.,rewrite,1170,800,370,0,64,1.0,1.0,1.0,800,0.9205983889528193,False,1.0,False,0.6528845840002759,1.0,False,20ng,20ng-N7951,nli,shipped,7951
40,leaf:motorcycles#t0,The document is about motorcycles.,rewrite,7951,7151,29,771,66,1.0,1.0,1.0,400,1.0,False,1.0,False,0.6351504999984172,1.0,False,20ng,20ng-N7951,nli,shipped,7951
41,group:motor vehicles#t0,The document is about motor vehicles.,exact-hit,0,0,0,0,0,1.0,1.0,1.0,800,,,,,7.5409989221952856e-06,1.0,,20ng,20ng-N7951,nli,shipped,7951
42,union:Christianity|political debate#u1,This text discusses either Christianity or political debate.,rewrite,7590,5600,117,1873,68,1.0,1.0,1.0,800,1.0,False,0.95375,False,0.36189383300370537,1.0,False,20ng,20ng-N7951,nli,shipped,7951
43,group:motor vehicles#t2,The passage is related to motor vehicles.,rewrite,896,400,496,0,70,1.0,1.0,1.0,800,0.9214975845410628,False,0.95375,False,0.2063971249954193,1.0,False,20ng,20ng-N7951,nli,shipped,7951
44,leaf:motorcycles#t2,The passage is related to motorcycles.,rewrite,1495,400,1095,0,72,1.0,1.0,1.0,400,0.9260204081632653,False,0.9075,False,0.49483212499762885,1.0,False,20ng,20ng-N7951,nli,shipped,7951
45,group:motor vehicles#t1,This text discusses motor vehicles.,rewrite,896,400,496,0,74,1.0,1.0,1.0,800,0.9214975845410628,False,0.95375,False,0.35730962499656016,1.0,False,20ng,20ng-N7951,nli,shipped,7951
46,group:religion#t0,The document is about religion.,exact-hit,0,0,0,0,0,1.0,1.0,1.0,1151,1.0,False,1.0,False,8.540999260731041e-06,1.0,False,20ng,20ng-N7951,nli,shipped,7951
47,group:sports#t3,This article covers the topic of sports.,exact-hit,0,0,0,0,0,1.0,1.0,1.0,800,0.9214975845410628,False,0.95375,False,4.2909960029646754e-06,1.0,False,20ng,20ng-N7951,nli,shipped,7951
48,union:Macintosh hardware|cars#u1,This text discusses either Macintosh hardware or cars.,rewrite,7951,7151,29,771,76,1.0,1.0,1.0,800,1.0,False,1.0,False,0.4952229170012288,1.0,False,20ng,20ng-N7951,nli,shipped,7951
49,leaf:computer graphics#t1,This text discusses computer graphics.,rewrite,7951,5951,29,1971,78,1.0,1.0,1.0,400,1.0,False,1.0,False,0.6278917080053361,1.0,False,20ng,20ng-N7951,nli,shipped,7951
50,union:atheism|hockey#u1,This text discusses either atheism or hockey.,rewrite,7951,7151,29,771,80,1.0,1.0,1.0,800,1.0,False,1.0,False,0.8769418750016484,1.0,False,20ng,20ng-N7951,nli,shipped,7951
51,leaf:items for sale#t0,The document is about items for sale.,rewrite,1268,400,868,0,82,1.0,1.0,1.0,400,0.9237875288683602,False,1.0,False,0.6383557500012103,1.0,False,20ng,20ng-N7951,nli,shipped,7951
52,leaf:baseball#t0,The document is about baseball.,rewrite,1405,400,1005,0,84,1.0,1.0,1.0,400,0.9236641221374046,False,0.9075,False,0.7016189159985515,1.0,False,20ng,20ng-N7951,nli,shipped,7951
53,union:hockey|motorcycles#u0,The document is about hockey or about motorcycles.,rewrite,7951,7151,29,771,86,1.0,1.0,1.0,800,1.0,False,1.0,False,0.6399174159960239,1.0,False,20ng,20ng-N7951,nli,shipped,7951
54,group:politics#t0,The document is about politics.,rewrite,1432,1200,232,0,88,1.0,1.0,1.0,1200,0.9202453987730062,False,1.0,False,0.5710500829954981,1.0,False,20ng,20ng-N7951,nli,shipped,7951
55,group:motor vehicles#t1,This text discusses motor vehicles.,exact-hit,0,0,0,0,0,1.0,1.0,1.0,800,0.9214975845410628,False,0.95375,False,7.295900286408141e-05,1.0,False,20ng,20ng-N7951,nli,shipped,7951
56,leaf:atheism#t3,This article covers the topic of atheism.,rewrite,1541,800,741,0,90,1.0,1.0,1.0,400,0.9237875288683602,False,1.0,False,0.5398969579982804,1.0,False,20ng,20ng-N7951,nli,shipped,7951
57,union:atheism|gun control#u1,This text discusses either atheism or gun control.,rewrite,7580,7551,29,0,92,1.0,1.0,1.0,800,1.0,False,0.95375,False,0.7746423330027028,1.0,False,20ng,20ng-N7951,nli,shipped,7951
58,leaf:cars#t2,The passage is related to cars.,rewrite,1495,400,1095,0,94,1.0,1.0,1.0,400,0.9260204081632653,False,0.9075,False,0.4145926249984768,1.0,False,20ng,20ng-N7951,nli,shipped,7951
59,group:sports#t2,The passage is related to sports.,exact-hit,0,0,0,0,0,1.0,1.0,1.0,800,0.9205983889528193,False,1.0,False,3.3958000130951405e-05,1.0,False,20ng,20ng-N7951,nli,shipped,7951
60,group:motor vehicles#t2,The passage is related to motor vehicles.,exact-hit,0,0,0,0,0,1.0,1.0,1.0,800,0.9214975845410628,False,0.95375,False,1.587499718880281e-05,1.0,False,20ng,20ng-N7951,nli,shipped,7951
61,group:computers#t0,The document is about computers.,exact-hit,0,0,0,0,0,1.0,1.0,1.0,2000,0.9195402298850575,False,1.0,False,6.667003617621958e-06,1.0,False,20ng,20ng-N7951,nli,shipped,7951
62,union:medicine|the Microsoft Windows operating system#u0,The document is about medicine or about the Microsoft Windows operating system.,rewrite,7951,4351,72,3528,96,1.0,1.0,1.0,800,1.0,False,1.0,False,0.694131208001636,1.0,False,20ng,20ng-N7951,nli,shipped,7951
63,union:baseball|items for sale#u0,The document is about baseball or about items for sale.,rewrite,7587,6751,72,764,98,1.0,1.0,1.0,800,1.0,False,0.95375,False,0.5146010410026065,1.0,False,20ng,20ng-N7951,nli,shipped,7951
64,union:atheism|medicine#u1,This text discusses either atheism or medicine.,rewrite,7580,7551,29,0,100,1.0,1.0,1.0,800,1.0,False,0.95375,False,0.43889708300412167,1.0,False,20ng,20ng-N7951,nli,shipped,7951
65,union:hockey|the X Window System#u1,This text discusses either hockey or the X Window System.,rewrite,7951,4751,117,3083,102,1.0,1.0,1.0,800,1.0,False,1.0,False,0.44253916700108675,1.0,False,20ng,20ng-N7951,nli,shipped,7951
66,leaf:cryptography#t0,The document is about cryptography.,rewrite,1541,800,741,0,104,1.0,1.0,1.0,400,0.9237875288683602,False,1.0,False,0.4890508749958826,1.0,False,20ng,20ng-N7951,nli,shipped,7951
67,leaf:motorcycles#t3,This article covers the topic of motorcycles.,rewrite,1751,800,951,0,106,1.0,1.0,1.0,400,0.9236641221374046,False,0.9075,False,0.47500070800015237,1.0,False,20ng,20ng-N7951,nli,shipped,7951
68,leaf:hockey#t1,This text discusses hockey.,exact-hit,0,0,0,0,0,1.0,1.0,1.0,400,1.0,False,1.0,False,1.1916003131773323e-05,1.0,False,20ng,20ng-N7951,nli,shipped,7951
69,leaf:baseball#t2,The passage is related to baseball.,exact-hit,0,0,0,0,0,1.0,1.0,1.0,400,1.0,False,1.0,False,8.125003660097718e-06,1.0,False,20ng,20ng-N7951,nli,shipped,7951
70,group:motor vehicles#t0,The document is about motor vehicles.,exact-hit,0,0,0,0,0,1.0,1.0,1.0,800,,,,,4.5000051613897085e-06,1.0,,20ng,20ng-N7951,nli,shipped,7951
71,leaf:the Microsoft Windows operating system#t2,The passage is related to the Microsoft Windows operating system.,rewrite,2517,1600,917,0,108,1.0,1.0,1.0,400,0.9260204081632653,False,0.9075,False,0.7342733749974286,1.0,False,20ng,20ng-N7951,nli,shipped,7951
72,leaf:motorcycles#t2,The passage is related to motorcycles.,exact-hit,0,0,0,0,0,1.0,1.0,1.0,400,0.9260204081632653,False,0.9075,False,9.16700082598254e-06,1.0,False,20ng,20ng-N7951,nli,shipped,7951
73,group:sports#t2,The passage is related to sports.,exact-hit,0,0,0,0,0,1.0,1.0,1.0,800,0.9205983889528193,False,1.0,False,4.624998837243766e-06,1.0,False,20ng,20ng-N7951,nli,shipped,7951
74,union:Macintosh hardware|electronics#u1,This text discusses either Macintosh hardware or electronics.,rewrite,2426,2000,426,0,110,1.0,1.0,1.0,800,0.9214975845410628,False,0.95375,False,0.7542565839976305,1.0,False,20ng,20ng-N7951,nli,shipped,7951
75,leaf:Christianity#t3,This article covers the topic of Christianity.,exact-hit,0,0,0,0,0,1.0,1.0,1.0,400,1.0,False,1.0,False,1.5584002539981157e-05,1.0,False,20ng,20ng-N7951,nli,shipped,7951
76,group:sports#t2,The passage is related to sports.,exact-hit,0,0,0,0,0,1.0,1.0,1.0,800,0.9205983889528193,False,1.0,False,4.791996616404504e-06,1.0,False,20ng,20ng-N7951,nli,shipped,7951
77,leaf:religious debate#t3,This article covers the topic of religious debate.,rewrite,2448,1151,933,364,112,1.0,1.0,1.0,351,0.9261213720316622,False,1.0,False,0.8516800420038635,1.0,False,20ng,20ng-N7951,nli,shipped,7951
78,union:atheism|baseball#u1,This text discusses either atheism or baseball.,rewrite,7587,6751,72,764,114,1.0,1.0,1.0,800,1.0,False,0.95375,False,0.5948921669987612,1.0,False,20ng,20ng-N7951,nli,shipped,7951
79,leaf:items for sale#t2,The passage is related to items for sale.,rewrite,1268,400,868,0,116,1.0,1.0,1.0,400,0.9237875288683602,False,1.0,False,0.6013532919969293,1.0,False,20ng,20ng-N7951,nli,shipped,7951
80,union:Macintosh hardware|religious debate#u0,The document is about Macintosh hardware or about religious debate.,rewrite,7642,4400,168,3074,118,1.0,1.0,1.0,751,1.0,False,0.9573901464713716,False,0.547698208996735,1.0,False,20ng,20ng-N7951,nli,shipped,7951
81,group:motor vehicles#t1,This text discusses motor vehicles.,exact-hit,0,0,0,0,0,1.0,1.0,1.0,800,0.9214975845410628,False,0.95375,False,9.250004950445145e-06,1.0,False,20ng,20ng-N7951,nli,shipped,7951
82,leaf:cars#t0,The document is about cars.,rewrite,1495,400,1095,0,120,1.0,1.0,1.0,400,0.9260204081632653,False,0.9075,False,0.37012200000026496,1.0,False,20ng,20ng-N7951,nli,shipped,7951
83,leaf:PC hardware#t0,The document is about PC hardware.,rewrite,3038,2400,638,0,122,1.0,1.0,1.0,400,0.9237875288683602,False,1.0,False,0.5486752500000875,1.0,False,20ng,20ng-N7951,nli,shipped,7951
84,group:religion#t2,The passage is related to religion.,rewrite,1395,1151,244,0,124,1.0,1.0,1.0,1151,0.9200639488409272,False,1.0,False,0.6829193330049748,1.0,False,20ng,20ng-N7951,nli,shipped,7951
85,union:Christianity|hockey#u0,The document is about Christianity or about hockey.,rewrite,2347,1951,396,0,126,1.0,1.0,1.0,800,0.9214975845410628,False,0.95375,False,0.4285296250018291,1.0,False,20ng,20ng-N7951,nli,shipped,7951
86,group:religion#t0,The document is about religion.,exact-hit,0,0,0,0,0,1.0,1.0,1.0,1151,1.0,False,1.0,False,1.9582999811973423e-05,1.0,False,20ng,20ng-N7951,nli,shipped,7951
87,union:atheism|computer graphics#u1,This text discusses either atheism or computer graphics.,rewrite,7229,5551,117,1561,128,1.0,1.0,1.0,800,1.0,False,0.9075,False,0.5231024579989025,1.0,False,20ng,20ng-N7951,nli,shipped,7951
88,union:motorcycles|political debate#u1,This text discusses either motorcycles or political debate.,rewrite,7587,6751,72,764,130,1.0,1.0,1.0,800,1.0,False,0.95375,False,0.8456968750033411,1.0,False,20ng,20ng-N7951,nli,shipped,7951
89,group:motor vehicles#t0,The document is about motor vehicles.,exact-hit,0,0,0,0,0,1.0,1.0,1.0,800,,,,,1.4375000318977982e-05,1.0,,20ng,20ng-N7951,nli,shipped,7951
90,union:PC hardware|political debate#u0,The document is about PC hardware or about political debate.,rewrite,3866,3200,302,364,132,1.0,1.0,1.0,800,0.9216589861751152,False,1.0,False,0.8628418329972192,1.0,False,20ng,20ng-N7951,nli,shipped,7951
91,leaf:Macintosh hardware#t0,The document is about Macintosh hardware.,rewrite,2858,2000,858,0,134,1.0,1.0,1.0,400,0.9260204081632653,False,0.9075,False,0.8046068340045167,1.0,False,20ng,20ng-N7951,nli,shipped,7951
92,leaf:items for sale#t1,This text discusses items for sale.,rewrite,1268,400,868,0,136,1.0,1.0,1.0,400,0.9237875288683602,False,1.0,False,0.6350404170007096,1.0,False,20ng,20ng-N7951,nli,shipped,7951
93,leaf:the Microsoft Windows operating system#t0,The document is about the Microsoft Windows operating system.,rewrite,2517,1600,917,0,138,1.0,1.0,1.0,400,0.9260204081632653,False,0.9075,False,1.01268620799965,1.0,False,20ng,20ng-N7951,nli,shipped,7951
94,leaf:the Microsoft Windows operating system#t1,This text discusses the Microsoft Windows operating system.,exact-hit,0,0,0,0,0,1.0,1.0,1.0,400,1.0,False,1.0,False,1.1250005627516657e-05,1.0,False,20ng,20ng-N7951,nli,shipped,7951
95,group:computers#t3,This article covers the topic of computers.,rewrite,2514,2400,114,0,140,1.0,1.0,1.0,2000,0.9199632014719411,False,1.0,False,1.4089876670041122,1.0,False,20ng,20ng-N7951,nli,shipped,7951
96,leaf:PC hardware#t1,This text discusses PC hardware.,rewrite,3038,2400,638,0,142,1.0,1.0,1.0,400,0.9237875288683602,False,1.0,False,1.020467500005907,1.0,False,20ng,20ng-N7951,nli,shipped,7951
97,leaf:cars#t2,The passage is related to cars.,exact-hit,0,0,0,0,0,1.0,1.0,1.0,400,0.9260204081632653,False,0.9075,False,9.082999895326793e-06,1.0,False,20ng,20ng-N7951,nli,shipped,7951
98,union:Christianity|items for sale#u0,The document is about Christianity or about items for sale.,rewrite,7587,6400,72,1115,144,1.0,1.0,1.0,800,1.0,False,0.95375,False,1.7798350410012063,1.0,False,20ng,20ng-N7951,nli,shipped,7951
99,group:politics#t2,The passage is related to politics.,rewrite,1458,1200,258,0,146,1.0,1.0,1.0,1200,0.9202453987730062,False,1.0,False,0.785926415999711,1.0,False,20ng,20ng-N7951,nli,shipped,7951
100,leaf:gun control#t2,The passage is related to gun control.,rewrite,1541,800,741,0,148,1.0,1.0,1.0,400,0.9237875288683602,False,1.0,False,1.041223208005249,1.0,False,20ng,20ng-N7951,nli,shipped,7951
101,union:Middle East affairs|items for sale#u1,This text discusses either Middle East affairs or items for sale.,exact-hit,0,0,0,0,0,1.0,1.0,1.0,800,1.0,False,0.95375,False,8.417002391070127e-06,1.0,False,20ng,20ng-N7951,nli,shipped,7951
102,leaf:computer graphics#t3,This article covers the topic of computer graphics.,rewrite,2517,1600,917,0,150,1.0,1.0,1.0,400,0.9260204081632653,False,0.9075,False,1.7277142919992912,1.0,False,20ng,20ng-N7951,nli,shipped,7951
103,leaf:religious debate#t3,This article covers the topic of religious debate.,exact-hit,0,0,0,0,0,1.0,1.0,1.0,351,0.9261213720316622,False,1.0,False,2.3874999897088856e-05,1.0,False,20ng,20ng-N7951,nli,shipped,7951
104,leaf:atheism#t3,This article covers the topic of atheism.,exact-hit,0,0,0,0,0,1.0,1.0,1.0,400,0.9237875288683602,False,1.0,False,1.2874996173195541e-05,1.0,False,20ng,20ng-N7951,nli,shipped,7951
105,group:religion#t1,This text discusses religion.,exact-hit,0,0,0,0,0,1.0,1.0,1.0,1151,0.9200639488409272,False,1.0,False,9.249997674487531e-06,1.0,False,20ng,20ng-N7951,nli,shipped,7951
106,union:hockey|items for sale#u0,The document is about hockey or about items for sale.,rewrite,7587,6751,72,764,152,1.0,1.0,1.0,800,1.0,False,0.95375,False,1.8167724999948405,1.0,False,20ng,20ng-N7951,nli,shipped,7951
107,group:motor vehicles#t0,The document is about motor vehicles.,exact-hit,0,0,0,0,0,1.0,1.0,1.0,800,,,,,7.290997018571943e-06,1.0,,20ng,20ng-N7951,nli,shipped,7951
108,union:space exploration|the Microsoft Windows operating system#u1,This text discusses either space exploration or the Microsoft Windows operating system.,rewrite,7951,5951,29,1971,154,1.0,1.0,1.0,800,1.0,False,1.0,False,1.942497916999855,1.0,False,20ng,20ng-N7951,nli,shipped,7951
109,group:sports#t2,The passage is related to sports.,exact-hit,0,0,0,0,0,1.0,1.0,1.0,800,0.9205983889528193,False,1.0,False,9.79100150289014e-06,1.0,False,20ng,20ng-N7951,nli,shipped,7951
110,group:sports#t1,This text discusses sports.,exact-hit,0,0,0,0,0,1.0,1.0,1.0,800,,,,,5.542002327274531e-06,1.0,,20ng,20ng-N7951,nli,shipped,7951
111,leaf:atheism#t3,This article covers the topic of atheism.,exact-hit,0,0,0,0,0,1.0,1.0,1.0,400,0.9237875288683602,False,1.0,False,5.166999471839517e-06,1.0,False,20ng,20ng-N7951,nli,shipped,7951
112,leaf:Middle East affairs#t2,The passage is related to Middle East affairs.,rewrite,3092,2351,741,0,156,1.0,1.0,1.0,400,0.9260204081632653,False,0.9075,False,1.2165695419971598,1.0,False,20ng,20ng-N7951,nli,shipped,7951
113,union:Macintosh hardware|motorcycles#u1,This text discusses either Macintosh hardware or motorcycles.,rewrite,1645,1200,445,0,158,1.0,1.0,1.0,800,0.9214975845410628,False,0.95375,False,1.3805369159963448,1.0,False,20ng,20ng-N7951,nli,shipped,7951
114,union:political debate|religious debate#u0,The document is about political debate or about religious debate.,rewrite,7590,5600,117,1873,160,1.0,1.0,1.0,751,1.0,False,0.9507323568575233,False,1.6143129170013708,1.0,False,20ng,20ng-N7951,nli,shipped,7951
115,leaf:gun control#t3,This article covers the topic of gun control.,rewrite,1541,800,741,0,162,1.0,1.0,1.0,400,0.9237875288683602,False,1.0,False,2.658111958000518,1.0,False,20ng,20ng-N7951,nli,shipped,7951
116,leaf:medicine#t2,The passage is related to medicine.,rewrite,2176,1200,976,0,164,1.0,1.0,1.0,400,0.9260204081632653,False,0.9075,False,2.3091449579951586,1.0,False,20ng,20ng-N7951,nli,shipped,7951
117,group:politics#t1,This text discusses politics.,exact-hit,0,0,0,0,0,1.0,1.0,1.0,1200,,,,,2.204100019298494e-05,1.0,,20ng,20ng-N7951,nli,shipped,7951
118,group:science#t2,The passage is related to science.,exact-hit,0,0,0,0,0,1.0,1.0,1.0,1600,0.9204328453214513,False,0.90375,False,1.4665994967799634e-05,1.0,False,20ng,20ng-N7951,nli,shipped,7951
119,group:religion#t0,The document is about religion.,exact-hit,0,0,0,0,0,1.0,1.0,1.0,1151,1.0,False,1.0,False,1.1541997082531452e-05,1.0,False,20ng,20ng-N7951,nli,shipped,7951
0,group:motor vehicles#t0,The document is about motor vehicles.,cold,7951,7951,0,0,0,1.0,1.0,1.0,800,,,,,0.00027333399339113384,1.0,,20ng,20ng-N7951,nli,separate,7951
1,group:religion#t3,This article covers the topic of religion.,cold,7951,7951,0,0,0,1.0,1.0,1.0,1151,,,,,0.0004868750038440339,1.0,,20ng,20ng-N7951,nli,separate,7951
2,leaf:religious debate#t0,The document is about religious debate.,rewrite,7951,6800,29,1122,0,1.0,1.0,1.0,351,1.0,False,1.0,False,0.0005887919978704304,1.0,False,20ng,20ng-N7951,nli,separate,7951
3,group:politics#t1,This text discusses politics.,cold,7951,7951,0,0,0,1.0,1.0,1.0,1200,,,,,0.0003412079968256876,1.0,,20ng,20ng-N7951,nli,separate,7951
4,union:gun control|medicine#u0,The document is about gun control or about medicine.,cold,7951,7951,0,0,0,1.0,1.0,1.0,800,,,,,0.0002656249998835847,1.0,,20ng,20ng-N7951,nli,separate,7951
5,group:motor vehicles#t0,The document is about motor vehicles.,exact-hit,0,0,0,0,0,1.0,1.0,1.0,800,,,,,4.749999789055437e-06,1.0,,20ng,20ng-N7951,nli,separate,7951
6,group:politics#t1,This text discusses politics.,exact-hit,0,0,0,0,0,1.0,1.0,1.0,1200,,,,,2.4999972083605826e-06,1.0,,20ng,20ng-N7951,nli,separate,7951
7,group:religion#t0,The document is about religion.,rewrite,7951,351,729,6871,0,1.0,1.0,1.0,1151,1.0,False,1.0,False,0.0016909999976633117,1.0,False,20ng,20ng-N7951,nli,separate,7951
8,leaf:political debate#t1,This text discusses political debate.,rewrite,7951,6751,29,1171,0,1.0,1.0,1.0,400,1.0,False,1.0,False,0.0005804590036859736,1.0,False,20ng,20ng-N7951,nli,separate,7951
9,group:sports#t1,This text discusses sports.,cold,7951,7951,0,0,0,1.0,1.0,1.0,800,,,,,0.000284333000308834,1.0,,20ng,20ng-N7951,nli,separate,7951
10,group:science#t1,This text discusses science.,cold,7951,7951,0,0,0,1.0,1.0,1.0,1600,,,,,0.0003984580034739338,1.0,,20ng,20ng-N7951,nli,separate,7951
11,leaf:hockey#t1,This text discusses hockey.,rewrite,7951,7151,29,771,0,1.0,1.0,1.0,400,1.0,False,1.0,False,0.000468999998702202,1.0,False,20ng,20ng-N7951,nli,separate,7951
12,leaf:religious debate#t2,The passage is related to religious debate.,rewrite,1719,800,919,0,0,1.0,1.0,1.0,351,0.9246376811594202,False,0.9088319088319088,False,0.0013038340039202012,1.0,False,20ng,20ng-N7951,nli,separate,7951
13,leaf:political debate#t0,The document is about political debate.,rewrite,898,0,898,0,0,1.0,1.0,1.0,400,0.9236641221374046,False,0.9075,False,0.0011665829952107742,1.0,False,20ng,20ng-N7951,nli,separate,7951
14,leaf:items for sale#t3,This article covers the topic of items for sale.,rewrite,7951,800,0,7151,0,1.0,1.0,1.0,400,1.0,False,1.0,False,0.00040949999674921855,1.0,False,20ng,20ng-N7951,nli,separate,7951
15,leaf:Christianity#t3,This article covers the topic of Christianity.,rewrite,7951,6800,29,1122,0,1.0,1.0,1.0,400,1.0,False,1.0,False,0.0004964580002706498,1.0,False,20ng,20ng-N7951,nli,separate,7951
16,union:electronics|hockey#u0,The document is about electronics or about hockey.,cold,7951,7951,0,0,0,1.0,1.0,1.0,800,,,,,0.0003011250009876676,1.0,,20ng,20ng-N7951,nli,separate,7951
17,group:science#t2,The passage is related to science.,rewrite,217,0,217,0,0,1.0,1.0,1.0,1600,0.9198473282442748,False,0.90375,False,0.001592874999914784,1.0,False,20ng,20ng-N7951,nli,separate,7951
18,group:computers#t1,This text discusses computers.,cold,7951,7951,0,0,0,1.0,1.0,1.0,2000,,,,,0.0005084170043119229,1.0,,20ng,20ng-N7951,nli,separate,7951
19,union:Macintosh hardware|items for sale#u1,This text discusses either Macintosh hardware or items for sale.,rewrite,7587,5551,72,1964,0,1.0,1.0,1.0,800,1.0,False,0.95375,False,0.0011596250042202882,1.0,False,20ng,20ng-N7951,nli,separate,7951
20,group:motor vehicles#t3,This article covers the topic of motor vehicles.,cold,7951,7951,0,0,0,1.0,1.0,1.0,800,,,,,0.0003203750020475127,1.0,,20ng,20ng-N7951,nli,separate,7951
21,group:sports#t3,This article covers the topic of sports.,rewrite,824,400,424,0,0,1.0,1.0,1.0,800,0.9214975845410628,False,0.95375,False,0.0013775420011370443,1.0,False,20ng,20ng-N7951,nli,separate,7951
22,group:motor vehicles#t3,This article covers the topic of motor vehicles.,exact-hit,0,0,0,0,0,1.0,1.0,1.0,800,,,,,4.708999767899513e-06,1.0,,20ng,20ng-N7951,nli,separate,7951
23,group:motor vehicles#t3,This article covers the topic of motor vehicles.,exact-hit,0,0,0,0,0,1.0,1.0,1.0,800,,,,,2.5419940357096493e-06,1.0,,20ng,20ng-N7951,nli,separate,7951
24,union:PC hardware|cryptography#u0,The document is about PC hardware or about cryptography.,rewrite,7951,5951,29,1971,0,1.0,1.0,1.0,800,1.0,False,1.0,False,0.0007660409974050708,1.0,False,20ng,20ng-N7951,nli,separate,7951
25,leaf:political debate#t1,This text discusses political debate.,exact-hit,0,0,0,0,0,1.0,1.0,1.0,400,1.0,False,1.0,False,4.9579975893720984e-06,1.0,False,20ng,20ng-N7951,nli,separate,7951
26,union:Macintosh hardware|space exploration#u1,This text discusses either Macintosh hardware or space exploration.,rewrite,7951,5951,29,1971,0,1.0,1.0,1.0,800,1.0,False,1.0,False,0.0007136670028558001,1.0,False,20ng,20ng-N7951,nli,separate,7951
27,leaf:baseball#t2,The passage is related to baseball.,rewrite,7951,7151,29,771,0,1.0,1.0,1.0,400,1.0,False,1.0,False,0.00048645799688529223,1.0,False,20ng,20ng-N7951,nli,separate,7951
28,group:computers#t0,The document is about computers.,rewrite,2183,2000,183,0,0,1.0,1.0,1.0,2000,0.9208103130755064,False,1.0,False,0.001959916000487283,1.0,False,20ng,20ng-N7951,nli,separate,7951
29,leaf:baseball#t3,This article covers the topic of baseball.,rewrite,7951,7151,29,771,0,1.0,1.0,1.0,400,1.0,False,1.0,False,0.000535375002073124,1.0,False,20ng,20ng-N7951,nli,separate,7951
30,leaf:electronics#t0,The document is about electronics.,rewrite,7951,0,0,7951,0,1.0,1.0,1.0,400,1.0,False,1.0,False,0.0005515420052688569,1.0,False,20ng,20ng-N7951,nli,separate,7951
31,union:PC hardware|items for sale#u1,This text discusses either PC hardware or items for sale.,rewrite,7590,5151,117,2322,0,1.0,1.0,1.0,800,1.0,False,0.95375,False,0.0015698749994044192,1.0,False,20ng,20ng-N7951,nli,separate,7951
32,union:computer graphics|motorcycles#u0,The document is about computer graphics or about motorcycles.,rewrite,7951,7151,29,771,0,1.0,1.0,1.0,800,1.0,False,1.0,False,0.0007299999997485429,1.0,False,20ng,20ng-N7951,nli,separate,7951
33,union:Macintosh hardware|electronics#u0,The document is about Macintosh hardware or about electronics.,rewrite,7587,5551,72,1964,0,1.0,1.0,1.0,800,1.0,False,0.95375,False,0.0012067499992554076,1.0,False,20ng,20ng-N7951,nli,separate,7951
34,group:computers#t1,This text discusses computers.,exact-hit,0,0,0,0,0,1.0,1.0,1.0,2000,,,,,5.208996299188584e-06,1.0,,20ng,20ng-N7951,nli,separate,7951
35,group:religion#t1,This text discusses religion.,rewrite,1349,1151,198,0,0,1.0,1.0,1.0,1151,0.9200639488409272,False,1.0,False,0.001203915999212768,1.0,False,20ng,20ng-N7951,nli,separate,7951
36,group:computers#t0,The document is about computers.,exact-hit,0,0,0,0,0,1.0,1.0,1.0,2000,0.9208103130755064,False,1.0,False,6.624999514315277e-06,1.0,False,20ng,20ng-N7951,nli,separate,7951
37,union:Middle East affairs|items for sale#u1,This text discusses either Middle East affairs or items for sale.,rewrite,7590,5200,117,2273,0,1.0,1.0,1.0,800,1.0,False,0.95375,False,0.0016524579987162724,1.0,False,20ng,20ng-N7951,nli,separate,7951
38,leaf:the Microsoft Windows operating system#t1,This text discusses the Microsoft Windows operating system.,rewrite,7951,5951,29,1971,0,1.0,1.0,1.0,400,1.0,False,1.0,False,0.0006246670018299483,1.0,False,20ng,20ng-N7951,nli,separate,7951
39,group:sports#t2,The passage is related to sports.,rewrite,1100,800,300,0,0,1.0,1.0,1.0,800,0.9205983889528193,False,1.0,False,0.00109787499968661,1.0,False,20ng,20ng-N7951,nli,separate,7951
40,leaf:motorcycles#t0,The document is about motorcycles.,rewrite,7951,7151,29,771,0,1.0,1.0,1.0,400,1.0,False,1.0,False,0.0005646670033456758,1.0,False,20ng,20ng-N7951,nli,separate,7951
41,group:motor vehicles#t0,The document is about motor vehicles.,exact-hit,0,0,0,0,0,1.0,1.0,1.0,800,,,,,4.583998816087842e-06,1.0,,20ng,20ng-N7951,nli,separate,7951
42,union:Christianity|political debate#u1,This text discusses either Christianity or political debate.,rewrite,7590,5600,117,1873,0,1.0,1.0,1.0,800,1.0,False,0.95375,False,0.001638207999349106,1.0,False,20ng,20ng-N7951,nli,separate,7951
43,group:motor vehicles#t2,The passage is related to motor vehicles.,rewrite,824,400,424,0,0,1.0,1.0,1.0,800,0.9214975845410628,False,0.95375,False,0.001518208002380561,1.0,False,20ng,20ng-N7951,nli,separate,7951
44,leaf:motorcycles#t2,The passage is related to motorcycles.,rewrite,1850,400,1450,0,0,1.0,1.0,1.0,400,0.9331619537275064,False,0.9075,False,0.001651291997404769,1.0,False,20ng,20ng-N7951,nli,separate,7951
45,group:motor vehicles#t1,This text discusses motor vehicles.,rewrite,824,400,424,0,0,1.0,1.0,1.0,800,0.9214975845410628,False,0.95375,False,0.0014719579994562082,1.0,False,20ng,20ng-N7951,nli,separate,7951
46,group:religion#t0,The document is about religion.,exact-hit,0,0,0,0,0,1.0,1.0,1.0,1151,1.0,False,1.0,False,6.416004907805473e-06,1.0,False,20ng,20ng-N7951,nli,separate,7951
47,group:sports#t3,This article covers the topic of sports.,exact-hit,0,0,0,0,0,1.0,1.0,1.0,800,0.9214975845410628,False,0.95375,False,1.8957995052915066e-05,1.0,False,20ng,20ng-N7951,nli,separate,7951
48,union:Macintosh hardware|cars#u1,This text discusses either Macintosh hardware or cars.,rewrite,7951,7151,29,771,0,1.0,1.0,1.0,800,1.0,False,1.0,False,0.003825457999482751,1.0,False,20ng,20ng-N7951,nli,separate,7951
49,leaf:computer graphics#t1,This text discusses computer graphics.,rewrite,7951,5951,29,1971,0,1.0,1.0,1.0,400,1.0,False,1.0,False,0.0008697500015841797,1.0,False,20ng,20ng-N7951,nli,separate,7951
50,union:atheism|hockey#u1,This text discusses either atheism or hockey.,rewrite,7951,7151,29,771,0,1.0,1.0,1.0,800,1.0,False,1.0,False,0.004382207996968646,1.0,False,20ng,20ng-N7951,nli,separate,7951
51,leaf:items for sale#t0,The document is about items for sale.,rewrite,1532,400,1132,0,0,1.0,1.0,1.0,400,0.9302325581395349,False,1.0,False,0.0016487080065417103,1.0,False,20ng,20ng-N7951,nli,separate,7951
52,leaf:baseball#t0,The document is about baseball.,rewrite,1252,400,852,0,0,1.0,1.0,1.0,400,0.9236641221374046,False,0.9075,False,0.0013629579989355989,1.0,False,20ng,20ng-N7951,nli,separate,7951
53,union:hockey|motorcycles#u0,The document is about hockey or about motorcycles.,rewrite,7951,7151,29,771,0,1.0,1.0,1.0,800,1.0,False,1.0,False,0.0008095410012174398,1.0,False,20ng,20ng-N7951,nli,separate,7951
54,group:politics#t0,The document is about politics.,rewrite,1389,1200,189,0,0,1.0,1.0,1.0,1200,0.9202453987730062,False,1.0,False,0.0012422919971868396,1.0,False,20ng,20ng-N7951,nli,separate,7951
55,group:motor vehicles#t1,This text discusses motor vehicles.,exact-hit,0,0,0,0,0,1.0,1.0,1.0,800,0.9214975845410628,False,0.95375,False,5.750000127591193e-06,1.0,False,20ng,20ng-N7951,nli,separate,7951
56,leaf:atheism#t3,This article covers the topic of atheism.,rewrite,1402,800,602,0,0,1.0,1.0,1.0,400,0.9237875288683602,False,1.0,False,0.0009341250042780302,1.0,False,20ng,20ng-N7951,nli,separate,7951
57,union:atheism|gun control#u1,This text discusses either atheism or gun control.,rewrite,7580,7551,29,0,0,1.0,1.0,1.0,800,1.0,False,0.95375,False,0.0008215410052798688,1.0,False,20ng,20ng-N7951,nli,separate,7951
58,leaf:cars#t2,The passage is related to cars.,rewrite,1850,400,1450,0,0,1.0,1.0,1.0,400,0.9331619537275064,False,0.9075,False,0.0017157910042442381,1.0,False,20ng,20ng-N7951,nli,separate,7951
59,group:sports#t2,The passage is related to sports.,exact-hit,0,0,0,0,0,1.0,1.0,1.0,800,0.9205983889528193,False,1.0,False,6.041998858563602e-06,1.0,False,20ng,20ng-N7951,nli,separate,7951
60,group:motor vehicles#t2,The passage is related to motor vehicles.,exact-hit,0,0,0,0,0,1.0,1.0,1.0,800,0.9214975845410628,False,0.95375,False,3.25000291923061e-06,1.0,False,20ng,20ng-N7951,nli,separate,7951
61,group:computers#t0,The document is about computers.,exact-hit,0,0,0,0,0,1.0,1.0,1.0,2000,0.9208103130755064,False,1.0,False,3.3750038710422814e-06,1.0,False,20ng,20ng-N7951,nli,separate,7951
62,union:medicine|the Microsoft Windows operating system#u0,The document is about medicine or about the Microsoft Windows operating system.,rewrite,7951,4351,72,3528,0,1.0,1.0,1.0,800,1.0,False,1.0,False,0.0013112079977872781,1.0,False,20ng,20ng-N7951,nli,separate,7951
63,union:baseball|items for sale#u0,The document is about baseball or about items for sale.,rewrite,7587,6751,72,764,0,1.0,1.0,1.0,800,1.0,False,0.95375,False,0.0012655839964281768,1.0,False,20ng,20ng-N7951,nli,separate,7951
64,union:atheism|medicine#u1,This text discusses either atheism or medicine.,rewrite,7580,7551,29,0,0,1.0,1.0,1.0,800,1.0,False,0.95375,False,0.0008731249981792644,1.0,False,20ng,20ng-N7951,nli,separate,7951
65,union:hockey|the X Window System#u1,This text discusses either hockey or the X Window System.,rewrite,7951,4751,117,3083,0,1.0,1.0,1.0,800,1.0,False,1.0,False,0.001512041999376379,1.0,False,20ng,20ng-N7951,nli,separate,7951
66,leaf:cryptography#t0,The document is about cryptography.,rewrite,1402,800,602,0,0,1.0,1.0,1.0,400,0.9237875288683602,False,1.0,False,0.0009968750018742867,1.0,False,20ng,20ng-N7951,nli,separate,7951
67,leaf:motorcycles#t3,This article covers the topic of motorcycles.,rewrite,1606,800,806,0,0,1.0,1.0,1.0,400,0.9236641221374046,False,0.9075,False,0.0013708330006920733,1.0,False,20ng,20ng-N7951,nli,separate,7951
68,leaf:hockey#t1,This text discusses hockey.,exact-hit,0,0,0,0,0,1.0,1.0,1.0,400,1.0,False,1.0,False,5.208996299188584e-06,1.0,False,20ng,20ng-N7951,nli,separate,7951
69,leaf:baseball#t2,The passage is related to baseball.,exact-hit,0,0,0,0,0,1.0,1.0,1.0,400,1.0,False,1.0,False,3.540997568052262e-06,1.0,False,20ng,20ng-N7951,nli,separate,7951
70,group:motor vehicles#t0,The document is about motor vehicles.,exact-hit,0,0,0,0,0,1.0,1.0,1.0,800,,,,,3.0420051189139485e-06,1.0,,20ng,20ng-N7951,nli,separate,7951
71,leaf:the Microsoft Windows operating system#t2,The passage is related to the Microsoft Windows operating system.,rewrite,2846,1600,1246,0,0,1.0,1.0,1.0,400,0.9307692307692308,False,0.9075,False,0.001614124994375743,1.0,False,20ng,20ng-N7951,nli,separate,7951
72,leaf:motorcycles#t2,The passage is related to motorcycles.,exact-hit,0,0,0,0,0,1.0,1.0,1.0,400,0.9331619537275064,False,0.9075,False,5.542002327274531e-06,1.0,False,20ng,20ng-N7951,nli,separate,7951
73,group:sports#t2,The passage is related to sports.,exact-hit,0,0,0,0,0,1.0,1.0,1.0,800,0.9205983889528193,False,1.0,False,2.7500063879415393e-06,1.0,False,20ng,20ng-N7951,nli,separate,7951
74,union:Macintosh hardware|electronics#u1,This text discusses either Macintosh hardware or electronics.,rewrite,2577,2000,577,0,0,1.0,1.0,1.0,800,0.9248484848484848,False,0.95375,False,0.0019403749975026585,1.0,False,20ng,20ng-N7951,nli,separate,7951
75,leaf:Christianity#t3,This article covers the topic of Christianity.,exact-hit,0,0,0,0,0,1.0,1.0,1.0,400,1.0,False,1.0,False,6.667003617621958e-06,1.0,False,20ng,20ng-N7951,nli,separate,7951
76,group:sports#t2,The passage is related to sports.,exact-hit,0,0,0,0,0,1.0,1.0,1.0,800,0.9205983889528193,False,1.0,False,2.8340000426396728e-06,1.0,False,20ng,20ng-N7951,nli,separate,7951
77,leaf:religious debate#t3,This article covers the topic of religious debate.,rewrite,2306,1151,791,364,0,1.0,1.0,1.0,351,0.9236842105263158,False,1.0,False,0.0012691669980995357,1.0,False,20ng,20ng-N7951,nli,separate,7951
78,union:atheism|baseball#u1,This text discusses either atheism or baseball.,rewrite,7587,6751,72,764,0,1.0,1.0,1.0,800,1.0,False,0.95375,False,0.0012350830002105795,1.0,False,20ng,20ng-N7951,nli,separate,7951
79,leaf:items for sale#t2,The passage is related to items for sale.,rewrite,1532,400,1132,0,0,1.0,1.0,1.0,400,0.9302325581395349,False,1.0,False,0.0014027500001247972,1.0,False,20ng,20ng-N7951,nli,separate,7951
80,union:Macintosh hardware|religious debate#u0,The document is about Macintosh hardware or about religious debate.,rewrite,7642,4400,168,3074,0,1.0,1.0,1.0,751,1.0,False,0.9573901464713716,False,0.0019464170036371797,1.0,False,20ng,20ng-N7951,nli,separate,7951
81,group:motor vehicles#t1,This text discusses motor vehicles.,exact-hit,0,0,0,0,0,1.0,1.0,1.0,800,0.9214975845410628,False,0.95375,False,6.583002686966211e-06,1.0,False,20ng,20ng-N7951,nli,separate,7951
82,leaf:cars#t0,The document is about cars.,rewrite,1850,400,1450,0,0,1.0,1.0,1.0,400,0.9331619537275064,False,0.9075,False,0.001730667005176656,1.0,False,20ng,20ng-N7951,nli,separate,7951
83,leaf:PC hardware#t0,The document is about PC hardware.,rewrite,3271,2400,871,0,0,1.0,1.0,1.0,400,0.9302325581395349,False,1.0,False,0.0013980000003357418,1.0,False,20ng,20ng-N7951,nli,separate,7951
84,group:religion#t2,The passage is related to religion.,rewrite,1349,1151,198,0,0,1.0,1.0,1.0,1151,0.9200639488409272,False,1.0,False,0.0012818750037695281,1.0,False,20ng,20ng-N7951,nli,separate,7951
85,union:Christianity|hockey#u0,The document is about Christianity or about hockey.,rewrite,2290,1951,339,0,0,1.0,1.0,1.0,800,0.9214975845410628,False,0.95375,False,0.0015806250012246892,1.0,False,20ng,20ng-N7951,nli,separate,7951
86,group:religion#t0,The document is about religion.,exact-hit,0,0,0,0,0,1.0,1.0,1.0,1151,1.0,False,1.0,False,5.49999822396785e-06,1.0,False,20ng,20ng-N7951,nli,separate,7951
87,union:atheism|computer graphics#u1,This text discusses either atheism or computer graphics.,rewrite,7229,5551,117,1561,0,1.0,1.0,1.0,800,1.0,False,0.9075,False,0.0017581670035724528,1.0,False,20ng,20ng-N7951,nli,separate,7951
88,union:motorcycles|political debate#u1,This text discusses either motorcycles or political debate.,rewrite,7587,6751,72,764,0,1.0,1.0,1.0,800,1.0,False,0.95375,False,0.0013409590028459206,1.0,False,20ng,20ng-N7951,nli,separate,7951
89,group:motor vehicles#t0,The document is about motor vehicles.,exact-hit,0,0,0,0,0,1.0,1.0,1.0,800,,,,,5.750000127591193e-06,1.0,,20ng,20ng-N7951,nli,separate,7951
90,union:PC hardware|political debate#u0,The document is about PC hardware or about political debate.,rewrite,3824,3200,260,364,0,1.0,1.0,1.0,800,0.9205983889528193,False,1.0,False,0.0015706249978393316,1.0,False,20ng,20ng-N7951,nli,separate,7951
91,leaf:Macintosh hardware#t0,The document is about Macintosh hardware.,rewrite,3177,2000,1177,0,0,1.0,1.0,1.0,400,0.9331619537275064,False,0.9075,False,0.0016779579964349978,1.0,False,20ng,20ng-N7951,nli,separate,7951
92,leaf:items for sale#t1,This text discusses items for sale.,rewrite,1532,400,1132,0,0,1.0,1.0,1.0,400,0.9302325581395349,False,1.0,False,0.0014017919966136105,1.0,False,20ng,20ng-N7951,nli,separate,7951
93,leaf:the Microsoft Windows operating system#t0,The document is about the Microsoft Windows operating system.,rewrite,2846,1600,1246,0,0,1.0,1.0,1.0,400,0.9307692307692308,False,0.9075,False,0.001669584002229385,1.0,False,20ng,20ng-N7951,nli,separate,7951
94,leaf:the Microsoft Windows operating system#t1,This text discusses the Microsoft Windows operating system.,exact-hit,0,0,0,0,0,1.0,1.0,1.0,400,1.0,False,1.0,False,4.959001671522856e-06,1.0,False,20ng,20ng-N7951,nli,separate,7951
95,group:computers#t3,This article covers the topic of computers.,rewrite,2493,2400,93,0,0,1.0,1.0,1.0,2000,0.9199632014719411,False,1.0,False,0.001562290999572724,1.0,False,20ng,20ng-N7951,nli,separate,7951
96,leaf:PC hardware#t1,This text discusses PC hardware.,rewrite,3271,2400,871,0,0,1.0,1.0,1.0,400,0.9302325581395349,False,1.0,False,0.001436958002159372,1.0,False,20ng,20ng-N7951,nli,separate,7951
97,leaf:cars#t2,The passage is related to cars.,exact-hit,0,0,0,0,0,1.0,1.0,1.0,400,0.9331619537275064,False,0.9075,False,5.7919969549402595e-06,1.0,False,20ng,20ng-N7951,nli,separate,7951
98,union:Christianity|items for sale#u0,The document is about Christianity or about items for sale.,rewrite,7587,6400,72,1115,0,1.0,1.0,1.0,800,1.0,False,0.95375,False,0.0013297500045155175,1.0,False,20ng,20ng-N7951,nli,separate,7951
99,group:politics#t2,The passage is related to politics.,rewrite,1541,1200,341,0,0,1.0,1.0,1.0,1200,0.9216589861751152,False,1.0,False,0.0018340409951633774,1.0,False,20ng,20ng-N7951,nli,separate,7951
100,leaf:gun control#t2,The passage is related to gun control.,rewrite,1402,800,602,0,0,1.0,1.0,1.0,400,0.9237875288683602,False,1.0,False,0.001072542007023003,1.0,False,20ng,20ng-N7951,nli,separate,7951
101,union:Middle East affairs|items for sale#u1,This text discusses either Middle East affairs or items for sale.,exact-hit,0,0,0,0,0,1.0,1.0,1.0,800,1.0,False,0.95375,False,5.333000444807112e-06,1.0,False,20ng,20ng-N7951,nli,separate,7951
102,leaf:computer graphics#t3,This article covers the topic of computer graphics.,rewrite,2846,1600,1246,0,0,1.0,1.0,1.0,400,0.9307692307692308,False,0.9075,False,0.0016937920008786023,1.0,False,20ng,20ng-N7951,nli,separate,7951
103,leaf:religious debate#t3,This article covers the topic of religious debate.,exact-hit,0,0,0,0,0,1.0,1.0,1.0,351,0.9236842105263158,False,1.0,False,5.374997272156179e-06,1.0,False,20ng,20ng-N7951,nli,separate,7951
104,leaf:atheism#t3,This article covers the topic of atheism.,exact-hit,0,0,0,0,0,1.0,1.0,1.0,400,0.9237875288683602,False,1.0,False,3.458997525740415e-06,1.0,False,20ng,20ng-N7951,nli,separate,7951
105,group:religion#t1,This text discusses religion.,exact-hit,0,0,0,0,0,1.0,1.0,1.0,1151,0.9200639488409272,False,1.0,False,2.792003215290606e-06,1.0,False,20ng,20ng-N7951,nli,separate,7951
106,union:hockey|items for sale#u0,The document is about hockey or about items for sale.,rewrite,7587,6751,72,764,0,1.0,1.0,1.0,800,1.0,False,0.95375,False,0.006725833998643793,1.0,False,20ng,20ng-N7951,nli,separate,7951
107,group:motor vehicles#t0,The document is about motor vehicles.,exact-hit,0,0,0,0,0,1.0,1.0,1.0,800,,,,,9.41699545364827e-06,1.0,,20ng,20ng-N7951,nli,separate,7951
108,union:space exploration|the Microsoft Windows operating system#u1,This text discusses either space exploration or the Microsoft Windows operating system.,rewrite,7951,5951,29,1971,0,1.0,1.0,1.0,800,1.0,False,1.0,False,0.003999499997007661,1.0,False,20ng,20ng-N7951,nli,separate,7951
109,group:sports#t2,The passage is related to sports.,exact-hit,0,0,0,0,0,1.0,1.0,1.0,800,0.9205983889528193,False,1.0,False,9.707997378427535e-06,1.0,False,20ng,20ng-N7951,nli,separate,7951
110,group:sports#t1,This text discusses sports.,exact-hit,0,0,0,0,0,1.0,1.0,1.0,800,,,,,4.708999767899513e-06,1.0,,20ng,20ng-N7951,nli,separate,7951
111,leaf:atheism#t3,This article covers the topic of atheism.,exact-hit,0,0,0,0,0,1.0,1.0,1.0,400,0.9237875288683602,False,1.0,False,4.2909960029646754e-06,1.0,False,20ng,20ng-N7951,nli,separate,7951
112,leaf:Middle East affairs#t2,The passage is related to Middle East affairs.,rewrite,2980,2351,629,0,0,1.0,1.0,1.0,400,0.9236641221374046,False,0.9075,False,0.0018132080003852025,1.0,False,20ng,20ng-N7951,nli,separate,7951
113,union:Macintosh hardware|motorcycles#u1,This text discusses either Macintosh hardware or motorcycles.,rewrite,1580,1200,380,0,0,1.0,1.0,1.0,800,0.9214975845410628,False,0.95375,False,0.0062096669935272075,1.0,False,20ng,20ng-N7951,nli,separate,7951
114,union:political debate|religious debate#u0,The document is about political debate or about religious debate.,rewrite,7590,5600,117,1873,0,1.0,1.0,1.0,751,1.0,False,0.9507323568575233,False,0.002223540999693796,1.0,False,20ng,20ng-N7951,nli,separate,7951
115,leaf:gun control#t3,This article covers the topic of gun control.,rewrite,1402,800,602,0,0,1.0,1.0,1.0,400,0.9237875288683602,False,1.0,False,0.0029389170013018884,1.0,False,20ng,20ng-N7951,nli,separate,7951
116,leaf:medicine#t2,The passage is related to medicine.,rewrite,2514,1200,1314,0,0,1.0,1.0,1.0,400,0.9307692307692308,False,0.9075,False,0.013724791999266017,1.0,False,20ng,20ng-N7951,nli,separate,7951
117,group:politics#t1,This text discusses politics.,exact-hit,0,0,0,0,0,1.0,1.0,1.0,1200,,,,,1.0457995813339949e-05,1.0,,20ng,20ng-N7951,nli,separate,7951
118,group:science#t2,The passage is related to science.,exact-hit,0,0,0,0,0,1.0,1.0,1.0,1600,0.9198473282442748,False,0.90375,False,4.082998202648014e-06,1.0,False,20ng,20ng-N7951,nli,separate,7951
119,group:religion#t0,The document is about religion.,exact-hit,0,0,0,0,0,1.0,1.0,1.0,1151,1.0,False,1.0,False,3.125001967418939e-06,1.0,False,20ng,20ng-N7951,nli,separate,7951
0,group:motor vehicles#t0,The document is about motor vehicles.,cold,7951,7951,0,0,0,1.0,1.0,1.0,800,,,,,0.00020429200230864808,1.0,,20ng,20ng-N7951,nli,separate-prop,7951
1,group:religion#t3,This article covers the topic of religion.,cold,7951,7951,0,0,0,1.0,1.0,1.0,1151,,,,,0.00043775000085588545,1.0,,20ng,20ng-N7951,nli,separate-prop,7951
2,leaf:religious debate#t0,The document is about religious debate.,rewrite,7951,6800,29,1122,0,1.0,1.0,1.0,351,1.0,False,1.0,False,0.0013806249990011565,1.0,False,20ng,20ng-N7951,nli,separate-prop,7951
3,group:politics#t1,This text discusses politics.,cold,7951,7951,0,0,0,1.0,1.0,1.0,1200,,,,,0.0009246660047210753,1.0,,20ng,20ng-N7951,nli,separate-prop,7951
4,union:gun control|medicine#u0,The document is about gun control or about medicine.,cold,7951,7951,0,0,0,1.0,1.0,1.0,800,,,,,0.0008077910024439916,1.0,,20ng,20ng-N7951,nli,separate-prop,7951
5,group:motor vehicles#t0,The document is about motor vehicles.,exact-hit,0,0,0,0,0,1.0,1.0,1.0,800,,,,,1.3999997463542968e-05,1.0,,20ng,20ng-N7951,nli,separate-prop,7951
6,group:politics#t1,This text discusses politics.,exact-hit,0,0,0,0,0,1.0,1.0,1.0,1200,,,,,1.1667005310300738e-05,1.0,,20ng,20ng-N7951,nli,separate-prop,7951
7,group:religion#t0,The document is about religion.,rewrite,7951,351,729,6871,0,1.0,1.0,1.0,1151,1.0,False,1.0,False,0.00405745800526347,1.0,False,20ng,20ng-N7951,nli,separate-prop,7951
8,leaf:political debate#t1,This text discusses political debate.,rewrite,7951,6751,29,1171,0,1.0,1.0,1.0,400,1.0,False,1.0,False,0.0006884159956825897,1.0,False,20ng,20ng-N7951,nli,separate-prop,7951
9,group:sports#t1,This text discusses sports.,cold,7951,7951,0,0,0,1.0,1.0,1.0,800,,,,,0.00030154100386425853,1.0,,20ng,20ng-N7951,nli,separate-prop,7951
10,group:science#t1,This text discusses science.,cold,7951,7951,0,0,0,1.0,1.0,1.0,1600,,,,,0.00040374999662162736,1.0,,20ng,20ng-N7951,nli,separate-prop,7951
11,leaf:hockey#t1,This text discusses hockey.,rewrite,7951,7151,29,771,0,1.0,1.0,1.0,400,1.0,False,1.0,False,0.00048383400280727074,1.0,False,20ng,20ng-N7951,nli,separate-prop,7951
12,leaf:religious debate#t2,The passage is related to religious debate.,rewrite,1719,800,919,0,0,1.0,1.0,1.0,351,0.9246376811594202,False,0.9088319088319088,False,0.0013213339989306405,1.0,False,20ng,20ng-N7951,nli,separate-prop,7951
13,leaf:political debate#t0,The document is about political debate.,rewrite,898,0,898,0,0,1.0,1.0,1.0,400,0.9236641221374046,False,0.9075,False,0.001124791000620462,1.0,False,20ng,20ng-N7951,nli,separate-prop,7951
14,leaf:items for sale#t3,This article covers the topic of items for sale.,rewrite,7951,800,0,7151,0,1.0,1.0,1.0,400,1.0,False,1.0,False,0.0003730000025825575,1.0,False,20ng,20ng-N7951,nli,separate-prop,7951
15,leaf:Christianity#t3,This article covers the topic of Christianity.,rewrite,7951,6800,29,1122,0,1.0,1.0,1.0,400,1.0,False,1.0,False,0.0004974999974365346,1.0,False,20ng,20ng-N7951,nli,separate-prop,7951
16,union:electronics|hockey#u0,The document is about electronics or about hockey.,cold,7951,7951,0,0,0,1.0,1.0,1.0,800,,,,,0.00028766699688276276,1.0,,20ng,20ng-N7951,nli,separate-prop,7951
17,group:science#t2,The passage is related to science.,rewrite,217,0,217,0,0,1.0,1.0,1.0,1600,0.9198473282442748,False,0.90375,False,0.001568500003486406,1.0,False,20ng,20ng-N7951,nli,separate-prop,7951
18,group:computers#t1,This text discusses computers.,cold,7951,7951,0,0,0,1.0,1.0,1.0,2000,,,,,0.0005610000007436611,1.0,,20ng,20ng-N7951,nli,separate-prop,7951
19,union:Macintosh hardware|items for sale#u1,This text discusses either Macintosh hardware or items for sale.,rewrite,7587,5551,72,1964,0,1.0,1.0,1.0,800,1.0,False,0.95375,False,0.001184959000966046,1.0,False,20ng,20ng-N7951,nli,separate-prop,7951
20,group:motor vehicles#t3,This article covers the topic of motor vehicles.,cold,7951,7951,0,0,0,1.0,1.0,1.0,800,,,,,0.0015698749994044192,1.0,,20ng,20ng-N7951,nli,separate-prop,7951
21,group:sports#t3,This article covers the topic of sports.,rewrite,824,400,424,0,0,1.0,1.0,1.0,800,0.9214975845410628,False,0.95375,False,0.0037552919966401532,1.0,False,20ng,20ng-N7951,nli,separate-prop,7951
22,group:motor vehicles#t3,This article covers the topic of motor vehicles.,exact-hit,0,0,0,0,0,1.0,1.0,1.0,800,,,,,8.208997314795852e-06,1.0,,20ng,20ng-N7951,nli,separate-prop,7951
23,group:motor vehicles#t3,This article covers the topic of motor vehicles.,exact-hit,0,0,0,0,0,1.0,1.0,1.0,800,,,,,3.25000291923061e-06,1.0,,20ng,20ng-N7951,nli,separate-prop,7951
24,union:PC hardware|cryptography#u0,The document is about PC hardware or about cryptography.,rewrite,7951,5951,29,1971,0,1.0,1.0,1.0,800,1.0,False,1.0,False,0.0009985829965444282,1.0,False,20ng,20ng-N7951,nli,separate-prop,7951
25,leaf:political debate#t1,This text discusses political debate.,exact-hit,0,0,0,0,0,1.0,1.0,1.0,400,1.0,False,1.0,False,6.16600300418213e-06,1.0,False,20ng,20ng-N7951,nli,separate-prop,7951
26,union:Macintosh hardware|space exploration#u1,This text discusses either Macintosh hardware or space exploration.,rewrite,7951,5951,29,1971,0,1.0,1.0,1.0,800,1.0,False,1.0,False,0.000879834005900193,1.0,False,20ng,20ng-N7951,nli,separate-prop,7951
27,leaf:baseball#t2,The passage is related to baseball.,rewrite,7951,7151,29,771,0,1.0,1.0,1.0,400,1.0,False,1.0,False,0.0005891669934499077,1.0,False,20ng,20ng-N7951,nli,separate-prop,7951
28,group:computers#t0,The document is about computers.,rewrite,2244,2000,244,0,0,1.0,1.0,1.0,2000,0.9203865623561897,False,1.0,False,0.0020935830034432,1.0,False,20ng,20ng-N7951,nli,separate-prop,7951
29,leaf:baseball#t3,This article covers the topic of baseball.,rewrite,7951,7151,29,771,0,1.0,1.0,1.0,400,1.0,False,1.0,False,0.0034364590028417297,1.0,False,20ng,20ng-N7951,nli,separate-prop,7951
30,leaf:electronics#t0,The document is about electronics.,rewrite,7951,0,0,7951,0,1.0,1.0,1.0,400,1.0,False,1.0,False,0.0011848330032080412,1.0,False,20ng,20ng-N7951,nli,separate-prop,7951
31,union:PC hardware|items for sale#u1,This text discusses either PC hardware or items for sale.,rewrite,7590,5151,117,2322,0,1.0,1.0,1.0,800,1.0,False,0.95375,False,0.0042604999980540015,1.0,False,20ng,20ng-N7951,nli,separate-prop,7951
32,union:computer graphics|motorcycles#u0,The document is about computer graphics or about motorcycles.,rewrite,7951,7151,29,771,0,1.0,1.0,1.0,800,1.0,False,1.0,False,0.00098637500195764,1.0,False,20ng,20ng-N7951,nli,separate-prop,7951
33,union:Macintosh hardware|electronics#u0,The document is about Macintosh hardware or about electronics.,rewrite,7587,5551,72,1964,0,1.0,1.0,1.0,800,1.0,False,0.95375,False,0.01634133300103713,1.0,False,20ng,20ng-N7951,nli,separate-prop,7951
34,group:computers#t1,This text discusses computers.,exact-hit,0,0,0,0,0,1.0,1.0,1.0,2000,,,,,2.6875000912696123e-05,1.0,,20ng,20ng-N7951,nli,separate-prop,7951
35,group:religion#t1,This text discusses religion.,rewrite,1349,1151,198,0,0,1.0,1.0,1.0,1151,0.9200639488409272,False,1.0,False,0.0033584999982849695,1.0,False,20ng,20ng-N7951,nli,separate-prop,7951
36,group:computers#t0,The document is about computers.,exact-hit,0,0,0,0,0,1.0,1.0,1.0,2000,0.9203865623561897,False,1.0,False,2.804099494824186e-05,1.0,False,20ng,20ng-N7951,nli,separate-prop,7951
37,union:Middle East affairs|items for sale#u1,This text discusses either Middle East affairs or items for sale.,rewrite,7590,5200,117,2273,0,1.0,1.0,1.0,800,1.0,False,0.95375,False,0.005906792001042049,1.0,False,20ng,20ng-N7951,nli,separate-prop,7951
38,leaf:the Microsoft Windows operating system#t1,This text discusses the Microsoft Windows operating system.,rewrite,7951,5951,29,1971,0,1.0,1.0,1.0,400,1.0,False,1.0,False,0.001745249996019993,1.0,False,20ng,20ng-N7951,nli,separate-prop,7951
39,group:sports#t2,The passage is related to sports.,rewrite,1100,800,300,0,0,1.0,1.0,1.0,800,0.9205983889528193,False,1.0,False,0.0030489159980788827,1.0,False,20ng,20ng-N7951,nli,separate-prop,7951
40,leaf:motorcycles#t0,The document is about motorcycles.,rewrite,7951,7151,29,771,0,1.0,1.0,1.0,400,1.0,False,1.0,False,0.0017274999991059303,1.0,False,20ng,20ng-N7951,nli,separate-prop,7951
41,group:motor vehicles#t0,The document is about motor vehicles.,exact-hit,0,0,0,0,0,1.0,1.0,1.0,800,,,,,7.791997632011771e-06,1.0,,20ng,20ng-N7951,nli,separate-prop,7951
42,union:Christianity|political debate#u1,This text discusses either Christianity or political debate.,rewrite,7590,5600,117,1873,0,1.0,1.0,1.0,800,1.0,False,0.95375,False,0.0018875830064644106,1.0,False,20ng,20ng-N7951,nli,separate-prop,7951
43,group:motor vehicles#t2,The passage is related to motor vehicles.,rewrite,824,400,424,0,0,1.0,1.0,1.0,800,0.9214975845410628,False,0.95375,False,0.0015666250037611462,1.0,False,20ng,20ng-N7951,nli,separate-prop,7951
44,leaf:motorcycles#t2,The passage is related to motorcycles.,rewrite,1751,400,951,400,0,1.0,1.0,1.0,400,0.9236641221374046,False,0.9075,False,0.0014656249986728653,1.0,False,20ng,20ng-N7951,nli,separate-prop,7951
45,group:motor vehicles#t1,This text discusses motor vehicles.,rewrite,824,400,424,0,0,1.0,1.0,1.0,800,0.9214975845410628,False,0.95375,False,0.0015249159987433814,1.0,False,20ng,20ng-N7951,nli,separate-prop,7951
46,group:religion#t0,The document is about religion.,exact-hit,0,0,0,0,0,1.0,1.0,1.0,1151,1.0,False,1.0,False,6.333997589536011e-06,1.0,False,20ng,20ng-N7951,nli,separate-prop,7951
47,group:sports#t3,This article covers the topic of sports.,exact-hit,0,0,0,0,0,1.0,1.0,1.0,800,0.9214975845410628,False,0.95375,False,3.875000402331352e-06,1.0,False,20ng,20ng-N7951,nli,separate-prop,7951
48,union:Macintosh hardware|cars#u1,This text discusses either Macintosh hardware or cars.,rewrite,7951,7151,29,771,0,1.0,1.0,1.0,800,1.0,False,1.0,False,0.0008195420014089905,1.0,False,20ng,20ng-N7951,nli,separate-prop,7951
49,leaf:computer graphics#t1,This text discusses computer graphics.,rewrite,7951,5951,29,1971,0,1.0,1.0,1.0,400,1.0,False,1.0,False,0.012180666999483947,1.0,False,20ng,20ng-N7951,nli,separate-prop,7951
50,union:atheism|hockey#u1,This text discusses either atheism or hockey.,rewrite,7951,7151,29,771,0,1.0,1.0,1.0,800,1.0,False,1.0,False,0.0011757079992094077,1.0,False,20ng,20ng-N7951,nli,separate-prop,7951
51,leaf:items for sale#t0,The document is about items for sale.,rewrite,1541,400,741,400,0,1.0,1.0,1.0,400,0.9237875288683602,False,1.0,False,0.006448667001677677,1.0,False,20ng,20ng-N7951,nli,separate-prop,7951
52,leaf:baseball#t0,The document is about baseball.,rewrite,1252,400,852,0,0,1.0,1.0,1.0,400,0.9236641221374046,False,0.9075,False,0.0016455829972983338,1.0,False,20ng,20ng-N7951,nli,separate-prop,7951
53,union:hockey|motorcycles#u0,The document is about hockey or about motorcycles.,rewrite,7951,7151,29,771,0,1.0,1.0,1.0,800,1.0,False,1.0,False,0.00248620800266508,1.0,False,20ng,20ng-N7951,nli,separate-prop,7951
54,group:politics#t0,The document is about politics.,rewrite,1389,1200,189,0,0,1.0,1.0,1.0,1200,0.9202453987730062,False,1.0,False,0.0028922919955221005,1.0,False,20ng,20ng-N7951,nli,separate-prop,7951
55,group:motor vehicles#t1,This text discusses motor vehicles.,exact-hit,0,0,0,0,0,1.0,1.0,1.0,800,0.9214975845410628,False,0.95375,False,8.999995770864189e-06,1.0,False,20ng,20ng-N7951,nli,separate-prop,7951
56,leaf:atheism#t3,This article covers the topic of atheism.,rewrite,1402,800,602,0,0,1.0,1.0,1.0,400,0.9237875288683602,False,1.0,False,0.001185875000373926,1.0,False,20ng,20ng-N7951,nli,separate-prop,7951
57,union:atheism|gun control#u1,This text discusses either atheism or gun control.,rewrite,7580,7551,29,0,0,1.0,1.0,1.0,800,1.0,False,0.95375,False,0.0008959170008893125,1.0,False,20ng,20ng-N7951,nli,separate-prop,7951
58,leaf:cars#t2,The passage is related to cars.,rewrite,1751,400,951,400,0,1.0,1.0,1.0,400,0.9236641221374046,False,0.9075,False,0.0014503329948638566,1.0,False,20ng,20ng-N7951,nli,separate-prop,7951
59,group:sports#t2,The passage is related to sports.,exact-hit,0,0,0,0,0,1.0,1.0,1.0,800,0.9205983889528193,False,1.0,False,7.667003956157714e-06,1.0,False,20ng,20ng-N7951,nli,separate-prop,7951
60,group:motor vehicles#t2,The passage is related to motor vehicles.,exact-hit,0,0,0,0,0,1.0,1.0,1.0,800,0.9214975845410628,False,0.95375,False,3.2090028980746865e-06,1.0,False,20ng,20ng-N7951,nli,separate-prop,7951
61,group:computers#t0,The document is about computers.,exact-hit,0,0,0,0,0,1.0,1.0,1.0,2000,0.9203865623561897,False,1.0,False,3.374996595084667e-06,1.0,False,20ng,20ng-N7951,nli,separate-prop,7951
62,union:medicine|the Microsoft Windows operating system#u0,The document is about medicine or about the Microsoft Windows operating system.,rewrite,7951,4351,72,3528,0,1.0,1.0,1.0,800,1.0,False,1.0,False,0.0014072919948375784,1.0,False,20ng,20ng-N7951,nli,separate-prop,7951
63,union:baseball|items for sale#u0,The document is about baseball or about items for sale.,rewrite,7587,6751,72,764,0,1.0,1.0,1.0,800,1.0,False,0.95375,False,0.0012725829947157763,1.0,False,20ng,20ng-N7951,nli,separate-prop,7951
64,union:atheism|medicine#u1,This text discusses either atheism or medicine.,rewrite,7580,7551,29,0,0,1.0,1.0,1.0,800,1.0,False,0.95375,False,0.0008617499988758937,1.0,False,20ng,20ng-N7951,nli,separate-prop,7951
65,union:hockey|the X Window System#u1,This text discusses either hockey or the X Window System.,rewrite,7951,4751,117,3083,0,1.0,1.0,1.0,800,1.0,False,1.0,False,0.001502207996963989,1.0,False,20ng,20ng-N7951,nli,separate-prop,7951
66,leaf:cryptography#t0,The document is about cryptography.,rewrite,1402,800,602,0,0,1.0,1.0,1.0,400,0.9237875288683602,False,1.0,False,0.0010053340010927059,1.0,False,20ng,20ng-N7951,nli,separate-prop,7951
67,leaf:motorcycles#t3,This article covers the topic of motorcycles.,rewrite,1606,800,806,0,0,1.0,1.0,1.0,400,0.9236641221374046,False,0.9075,False,0.001374624996969942,1.0,False,20ng,20ng-N7951,nli,separate-prop,7951
68,leaf:hockey#t1,This text discusses hockey.,exact-hit,0,0,0,0,0,1.0,1.0,1.0,400,1.0,False,1.0,False,5.832996976096183e-06,1.0,False,20ng,20ng-N7951,nli,separate-prop,7951
69,leaf:baseball#t2,The passage is related to baseball.,exact-hit,0,0,0,0,0,1.0,1.0,1.0,400,1.0,False,1.0,False,3.541994374245405e-06,1.0,False,20ng,20ng-N7951,nli,separate-prop,7951
70,group:motor vehicles#t0,The document is about motor vehicles.,exact-hit,0,0,0,0,0,1.0,1.0,1.0,800,,,,,3.1669987947680056e-06,1.0,,20ng,20ng-N7951,nli,separate-prop,7951
71,leaf:the Microsoft Windows operating system#t2,The passage is related to the Microsoft Windows operating system.,rewrite,2788,1600,788,400,0,1.0,1.0,1.0,400,0.9236641221374046,False,0.9075,False,0.0014606670010834932,1.0,False,20ng,20ng-N7951,nli,separate-prop,7951
72,leaf:motorcycles#t2,The passage is related to motorcycles.,exact-hit,0,0,0,0,0,1.0,1.0,1.0,400,0.9236641221374046,False,0.9075,False,1.0166004358325154e-05,1.0,False,20ng,20ng-N7951,nli,separate-prop,7951
73,group:sports#t2,The passage is related to sports.,exact-hit,0,0,0,0,0,1.0,1.0,1.0,800,0.9205983889528193,False,1.0,False,3.1669987947680056e-06,1.0,False,20ng,20ng-N7951,nli,separate-prop,7951
74,union:Macintosh hardware|electronics#u1,This text discusses either Macintosh hardware or electronics.,rewrite,2750,2000,750,0,0,1.0,1.0,1.0,800,0.9259708737864077,False,0.95375,False,0.00188079199870117,1.0,False,20ng,20ng-N7951,nli,separate-prop,7951
75,leaf:Christianity#t3,This article covers the topic of Christianity.,exact-hit,0,0,0,0,0,1.0,1.0,1.0,400,1.0,False,1.0,False,7.667003956157714e-06,1.0,False,20ng,20ng-N7951,nli,separate-prop,7951
76,group:sports#t2,The passage is related to sports.,exact-hit,0,0,0,0,0,1.0,1.0,1.0,800,0.9205983889528193,False,1.0,False,3.25000291923061e-06,1.0,False,20ng,20ng-N7951,nli,separate-prop,7951
77,leaf:religious debate#t3,This article covers the topic of religious debate.,rewrite,2306,1151,791,364,0,1.0,1.0,1.0,351,0.9236842105263158,False,1.0,False,0.0013359169970499352,1.0,False,20ng,20ng-N7951,nli,separate-prop,7951
78,union:atheism|baseball#u1,This text discusses either atheism or baseball.,rewrite,7587,6751,72,764,0,1.0,1.0,1.0,800,1.0,False,0.95375,False,0.0012786670049536042,1.0,False,20ng,20ng-N7951,nli,separate-prop,7951
79,leaf:items for sale#t2,The passage is related to items for sale.,rewrite,1541,400,741,400,0,1.0,1.0,1.0,400,0.9237875288683602,False,1.0,False,0.0011835420009447262,1.0,False,20ng,20ng-N7951,nli,separate-prop,7951
80,union:Macintosh hardware|religious debate#u0,The document is about Macintosh hardware or about religious debate.,rewrite,7642,4400,168,3074,0,1.0,1.0,1.0,751,1.0,False,0.9573901464713716,False,0.002009666000958532,1.0,False,20ng,20ng-N7951,nli,separate-prop,7951
81,group:motor vehicles#t1,This text discusses motor vehicles.,exact-hit,0,0,0,0,0,1.0,1.0,1.0,800,0.9214975845410628,False,0.95375,False,7.333001121878624e-06,1.0,False,20ng,20ng-N7951,nli,separate-prop,7951
82,leaf:cars#t0,The document is about cars.,rewrite,1751,400,951,400,0,1.0,1.0,1.0,400,0.9236641221374046,False,0.9075,False,0.0015658749980502762,1.0,False,20ng,20ng-N7951,nli,separate-prop,7951
83,leaf:PC hardware#t0,The document is about PC hardware.,rewrite,3333,2400,533,400,0,1.0,1.0,1.0,400,0.9237875288683602,False,1.0,False,0.0014874170010443777,1.0,False,20ng,20ng-N7951,nli,separate-prop,7951
84,group:religion#t2,The passage is related to religion.,rewrite,1349,1151,198,0,0,1.0,1.0,1.0,1151,0.9200639488409272,False,1.0,False,0.003203208005288616,1.0,False,20ng,20ng-N7951,nli,separate-prop,7951
85,union:Christianity|hockey#u0,The document is about Christianity or about hockey.,rewrite,2290,1951,339,0,0,1.0,1.0,1.0,800,0.9214975845410628,False,0.95375,False,0.0018643329967744648,1.0,False,20ng,20ng-N7951,nli,separate-prop,7951
86,group:religion#t0,The document is about religion.,exact-hit,0,0,0,0,0,1.0,1.0,1.0,1151,1.0,False,1.0,False,6.87500141793862e-06,1.0,False,20ng,20ng-N7951,nli,separate-prop,7951
87,union:atheism|computer graphics#u1,This text discusses either atheism or computer graphics.,rewrite,7229,5551,117,1561,0,1.0,1.0,1.0,800,1.0,False,0.9075,False,0.0018354579951846972,1.0,False,20ng,20ng-N7951,nli,separate-prop,7951
88,union:motorcycles|political debate#u1,This text discusses either motorcycles or political debate.,rewrite,7587,6751,72,764,0,1.0,1.0,1.0,800,1.0,False,0.95375,False,0.0013747909979429096,1.0,False,20ng,20ng-N7951,nli,separate-prop,7951
89,group:motor vehicles#t0,The document is about motor vehicles.,exact-hit,0,0,0,0,0,1.0,1.0,1.0,800,,,,,6.291003955993801e-06,1.0,,20ng,20ng-N7951,nli,separate-prop,7951
90,union:PC hardware|political debate#u0,The document is about PC hardware or about political debate.,rewrite,3824,3200,260,364,0,1.0,1.0,1.0,800,0.9205983889528193,False,1.0,False,0.00159041700680973,1.0,False,20ng,20ng-N7951,nli,separate-prop,7951
91,leaf:Macintosh hardware#t0,The document is about Macintosh hardware.,rewrite,3134,2000,734,400,0,1.0,1.0,1.0,400,0.9236641221374046,False,0.9075,False,0.0014920409957994707,1.0,False,20ng,20ng-N7951,nli,separate-prop,7951
92,leaf:items for sale#t1,This text discusses items for sale.,rewrite,1541,400,741,400,0,1.0,1.0,1.0,400,0.9237875288683602,False,1.0,False,0.0012124999993829988,1.0,False,20ng,20ng-N7951,nli,separate-prop,7951
93,leaf:the Microsoft Windows operating system#t0,The document is about the Microsoft Windows operating system.,rewrite,2788,1600,788,400,0,1.0,1.0,1.0,400,0.9236641221374046,False,0.9075,False,0.0014992500000516884,1.0,False,20ng,20ng-N7951,nli,separate-prop,7951
94,leaf:the Microsoft Windows operating system#t1,This text discusses the Microsoft Windows operating system.,exact-hit,0,0,0,0,0,1.0,1.0,1.0,400,1.0,False,1.0,False,5.457994120661169e-06,1.0,False,20ng,20ng-N7951,nli,separate-prop,7951
95,group:computers#t3,This article covers the topic of computers.,rewrite,2493,2400,93,0,0,1.0,1.0,1.0,2000,0.9199632014719411,False,1.0,False,0.0015909590001683682,1.0,False,20ng,20ng-N7951,nli,separate-prop,7951
96,leaf:PC hardware#t1,This text discusses PC hardware.,rewrite,3333,2400,533,400,0,1.0,1.0,1.0,400,0.9237875288683602,False,1.0,False,0.0012423750013113022,1.0,False,20ng,20ng-N7951,nli,separate-prop,7951
97,leaf:cars#t2,The passage is related to cars.,exact-hit,0,0,0,0,0,1.0,1.0,1.0,400,0.9236641221374046,False,0.9075,False,6.4589985413476825e-06,1.0,False,20ng,20ng-N7951,nli,separate-prop,7951
98,union:Christianity|items for sale#u0,The document is about Christianity or about items for sale.,rewrite,7587,6400,72,1115,0,1.0,1.0,1.0,800,1.0,False,0.95375,False,0.001358083995000925,1.0,False,20ng,20ng-N7951,nli,separate-prop,7951
99,group:politics#t2,The passage is related to politics.,rewrite,1664,1200,464,0,0,1.0,1.0,1.0,1200,0.9216589861751152,False,1.0,False,0.0018102089961757883,1.0,False,20ng,20ng-N7951,nli,separate-prop,7951
100,leaf:gun control#t2,The passage is related to gun control.,rewrite,1402,800,602,0,0,1.0,1.0,1.0,400,0.9237875288683602,False,1.0,False,0.00105749999784166,1.0,False,20ng,20ng-N7951,nli,separate-prop,7951
101,union:Middle East affairs|items for sale#u1,This text discusses either Middle East affairs or items for sale.,exact-hit,0,0,0,0,0,1.0,1.0,1.0,800,1.0,False,0.95375,False,5.041001713834703e-06,1.0,False,20ng,20ng-N7951,nli,separate-prop,7951
102,leaf:computer graphics#t3,This article covers the topic of computer graphics.,rewrite,2788,1600,788,400,0,1.0,1.0,1.0,400,0.9236641221374046,False,0.9075,False,0.0015418750044773333,1.0,False,20ng,20ng-N7951,nli,separate-prop,7951
103,leaf:religious debate#t3,This article covers the topic of religious debate.,exact-hit,0,0,0,0,0,1.0,1.0,1.0,351,0.9236842105263158,False,1.0,False,6.374997610691935e-06,1.0,False,20ng,20ng-N7951,nli,separate-prop,7951
104,leaf:atheism#t3,This article covers the topic of atheism.,exact-hit,0,0,0,0,0,1.0,1.0,1.0,400,0.9237875288683602,False,1.0,False,3.792003553826362e-06,1.0,False,20ng,20ng-N7951,nli,separate-prop,7951
105,group:religion#t1,This text discusses religion.,exact-hit,0,0,0,0,0,1.0,1.0,1.0,1151,0.9200639488409272,False,1.0,False,3.2079988159239292e-06,1.0,False,20ng,20ng-N7951,nli,separate-prop,7951
106,union:hockey|items for sale#u0,The document is about hockey or about items for sale.,rewrite,7587,6751,72,764,0,1.0,1.0,1.0,800,1.0,False,0.95375,False,0.0014090419936110266,1.0,False,20ng,20ng-N7951,nli,separate-prop,7951
107,group:motor vehicles#t0,The document is about motor vehicles.,exact-hit,0,0,0,0,0,1.0,1.0,1.0,800,,,,,6.4159976318478584e-06,1.0,,20ng,20ng-N7951,nli,separate-prop,7951
108,union:space exploration|the Microsoft Windows operating system#u1,This text discusses either space exploration or the Microsoft Windows operating system.,rewrite,7951,5951,29,1971,0,1.0,1.0,1.0,800,1.0,False,1.0,False,0.0010993329997290857,1.0,False,20ng,20ng-N7951,nli,separate-prop,7951
109,group:sports#t2,The passage is related to sports.,exact-hit,0,0,0,0,0,1.0,1.0,1.0,800,0.9205983889528193,False,1.0,False,5.041998520027846e-06,1.0,False,20ng,20ng-N7951,nli,separate-prop,7951
110,group:sports#t1,This text discusses sports.,exact-hit,0,0,0,0,0,1.0,1.0,1.0,800,,,,,3.458997525740415e-06,1.0,,20ng,20ng-N7951,nli,separate-prop,7951
111,leaf:atheism#t3,This article covers the topic of atheism.,exact-hit,0,0,0,0,0,1.0,1.0,1.0,400,0.9237875288683602,False,1.0,False,3.5420016502030194e-06,1.0,False,20ng,20ng-N7951,nli,separate-prop,7951
112,leaf:Middle East affairs#t2,The passage is related to Middle East affairs.,rewrite,2980,2351,629,0,0,1.0,1.0,1.0,400,0.9236641221374046,False,0.9075,False,0.0015727089994470589,1.0,False,20ng,20ng-N7951,nli,separate-prop,7951
113,union:Macintosh hardware|motorcycles#u1,This text discusses either Macintosh hardware or motorcycles.,rewrite,1580,1200,380,0,0,1.0,1.0,1.0,800,0.9214975845410628,False,0.95375,False,0.001772124996932689,1.0,False,20ng,20ng-N7951,nli,separate-prop,7951
114,union:political debate|religious debate#u0,The document is about political debate or about religious debate.,rewrite,7590,5600,117,1873,0,1.0,1.0,1.0,751,1.0,False,0.9507323568575233,False,0.0017995410016737878,1.0,False,20ng,20ng-N7951,nli,separate-prop,7951
115,leaf:gun control#t3,This article covers the topic of gun control.,rewrite,1402,800,602,0,0,1.0,1.0,1.0,400,0.9237875288683602,False,1.0,False,0.001203457999508828,1.0,False,20ng,20ng-N7951,nli,separate-prop,7951
116,leaf:medicine#t2,The passage is related to medicine.,rewrite,2442,1200,842,400,0,1.0,1.0,1.0,400,0.9236641221374046,False,0.9075,False,0.0015460419963346794,1.0,False,20ng,20ng-N7951,nli,separate-prop,7951
117,group:politics#t1,This text discusses politics.,exact-hit,0,0,0,0,0,1.0,1.0,1.0,1200,,,,,5.374997272156179e-06,1.0,,20ng,20ng-N7951,nli,separate-prop,7951
118,group:science#t2,The passage is related to science.,exact-hit,0,0,0,0,0,1.0,1.0,1.0,1600,0.9198473282442748,False,0.90375,False,3.2910029403865337e-06,1.0,False,20ng,20ng-N7951,nli,separate-prop,7951
119,group:religion#t0,The document is about religion.,exact-hit,0,0,0,0,0,1.0,1.0,1.0,1151,1.0,False,1.0,False,3.374996595084667e-06,1.0,False,20ng,20ng-N7951,nli,separate-prop,7951
0,group:motor vehicles#t0,The document is about motor vehicles.,cold,7951,7951,0,0,0,1.0,1.0,1.0,800,,,,,0.00022987499687587842,1.0,,20ng,20ng-N7951,nli,fixed-100,7951
1,group:religion#t3,This article covers the topic of religion.,cold,7951,7951,0,0,0,1.0,1.0,1.0,1151,,,,,0.00042604099871823564,1.0,,20ng,20ng-N7951,nli,fixed-100,7951
2,leaf:religious debate#t0,The document is about religious debate.,rewrite,7951,6800,100,1051,0,1.0,1.0,1.0,351,1.0,False,1.0,False,0.0005308330000843853,1.0,False,20ng,20ng-N7951,nli,fixed-100,7951
3,group:politics#t1,This text discusses politics.,cold,7951,7951,0,0,0,1.0,1.0,1.0,1200,,,,,0.00033091600198531523,1.0,,20ng,20ng-N7951,nli,fixed-100,7951
4,union:gun control|medicine#u0,The document is about gun control or about medicine.,cold,7951,7951,0,0,0,1.0,1.0,1.0,800,,,,,0.00025783399905776605,1.0,,20ng,20ng-N7951,nli,fixed-100,7951
5,group:motor vehicles#t0,The document is about motor vehicles.,exact-hit,0,0,0,0,0,1.0,1.0,1.0,800,,,,,4.1249950299970806e-06,1.0,,20ng,20ng-N7951,nli,fixed-100,7951
6,group:politics#t1,This text discusses politics.,exact-hit,0,0,0,0,0,1.0,1.0,1.0,1200,,,,,2.291999408043921e-06,1.0,,20ng,20ng-N7951,nli,fixed-100,7951
7,group:religion#t0,The document is about religion.,rewrite,7951,351,100,7500,0,1.0,1.0,1.0,1151,1.0,False,1.0,False,0.0014922499976819381,1.0,False,20ng,20ng-N7951,nli,fixed-100,7951
8,leaf:political debate#t1,This text discusses political debate.,rewrite,7951,6751,100,1100,0,1.0,1.0,1.0,400,1.0,False,1.0,False,0.007735959006822668,1.0,False,20ng,20ng-N7951,nli,fixed-100,7951
9,group:sports#t1,This text discusses sports.,cold,7951,7951,0,0,0,1.0,1.0,1.0,800,,,,,0.001276208000490442,1.0,,20ng,20ng-N7951,nli,fixed-100,7951
10,group:science#t1,This text discusses science.,cold,7951,7951,0,0,0,1.0,1.0,1.0,1600,,,,,0.0031615830012015067,1.0,,20ng,20ng-N7951,nli,fixed-100,7951
11,leaf:hockey#t1,This text discusses hockey.,rewrite,7951,7151,100,700,0,1.0,1.0,1.0,400,1.0,False,1.0,False,0.0016850829997565597,1.0,False,20ng,20ng-N7951,nli,fixed-100,7951
12,leaf:religious debate#t2,The passage is related to religious debate.,rewrite,7700,800,200,6700,0,1.0,1.0,1.0,351,1.0,False,0.9715099715099715,False,0.0036262079956941307,1.0,False,20ng,20ng-N7951,nli,fixed-100,7951
13,leaf:political debate#t0,The document is about political debate.,rewrite,7651,0,200,7451,0,1.0,1.0,1.0,400,1.0,False,0.97,False,0.0015683329984312877,1.0,False,20ng,20ng-N7951,nli,fixed-100,7951
14,leaf:items for sale#t3,This article covers the topic of items for sale.,rewrite,7951,800,100,7051,0,1.0,1.0,1.0,400,1.0,False,1.0,False,0.001084708004782442,1.0,False,20ng,20ng-N7951,nli,fixed-100,7951
15,leaf:Christianity#t3,This article covers the topic of Christianity.,rewrite,7951,6800,100,1051,0,1.0,1.0,1.0,400,1.0,False,1.0,False,0.0005501670020748861,1.0,False,20ng,20ng-N7951,nli,fixed-100,7951
16,union:electronics|hockey#u0,The document is about electronics or about hockey.,cold,7951,7951,0,0,0,1.0,1.0,1.0,800,,,,,0.0003143330031889491,1.0,,20ng,20ng-N7951,nli,fixed-100,7951
17,group:science#t2,The passage is related to science.,rewrite,6451,0,200,6251,0,1.0,1.0,1.0,1600,1.0,False,0.965,False,0.0018994159981957637,1.0,False,20ng,20ng-N7951,nli,fixed-100,7951
18,group:computers#t1,This text discusses computers.,cold,7951,7951,0,0,0,1.0,1.0,1.0,2000,,,,,0.0004943330059177242,1.0,,20ng,20ng-N7951,nli,fixed-100,7951
19,union:Macintosh hardware|items for sale#u1,This text discusses either Macintosh hardware or items for sale.,rewrite,7651,5551,200,1900,0,1.0,1.0,1.0,800,1.0,False,0.985,False,0.001167334005003795,1.0,False,20ng,20ng-N7951,nli,fixed-100,7951
20,group:motor vehicles#t3,This article covers the topic of motor vehicles.,cold,7951,7951,0,0,0,1.0,1.0,1.0,800,,,,,0.00033145799534395337,1.0,,20ng,20ng-N7951,nli,fixed-100,7951
21,group:sports#t3,This article covers the topic of sports.,rewrite,7651,400,200,7051,0,1.0,1.0,1.0,800,1.0,False,0.985,False,0.0016156249985215254,1.0,False,20ng,20ng-N7951,nli,fixed-100,7951
22,group:motor vehicles#t3,This article covers the topic of motor vehicles.,exact-hit,0,0,0,0,0,1.0,1.0,1.0,800,,,,,7.000002369750291e-06,1.0,,20ng,20ng-N7951,nli,fixed-100,7951
23,group:motor vehicles#t3,This article covers the topic of motor vehicles.,exact-hit,0,0,0,0,0,1.0,1.0,1.0,800,,,,,2.791006409097463e-06,1.0,,20ng,20ng-N7951,nli,fixed-100,7951
24,union:PC hardware|cryptography#u0,The document is about PC hardware or about cryptography.,rewrite,7951,5951,100,1900,0,1.0,1.0,1.0,800,1.0,False,1.0,False,0.0009122080009547062,1.0,False,20ng,20ng-N7951,nli,fixed-100,7951
25,leaf:political debate#t1,This text discusses political debate.,exact-hit,0,0,0,0,0,1.0,1.0,1.0,400,1.0,False,1.0,False,5.458998202811927e-06,1.0,False,20ng,20ng-N7951,nli,fixed-100,7951
26,union:Macintosh hardware|space exploration#u1,This text discusses either Macintosh hardware or space exploration.,rewrite,7951,5951,100,1900,0,1.0,1.0,1.0,800,1.0,False,1.0,False,0.000780709000537172,1.0,False,20ng,20ng-N7951,nli,fixed-100,7951
27,leaf:baseball#t2,The passage is related to baseball.,rewrite,7951,7151,100,700,0,1.0,1.0,1.0,400,1.0,False,1.0,False,0.0005194589975872077,1.0,False,20ng,20ng-N7951,nli,fixed-100,7951
28,group:computers#t0,The document is about computers.,rewrite,7558,2000,100,5458,0,1.0,1.0,1.0,2000,0.9195402298850575,False,1.0,False,0.002641291997861117,1.0,False,20ng,20ng-N7951,nli,fixed-100,7951
29,leaf:baseball#t3,This article covers the topic of baseball.,rewrite,7951,7151,100,700,0,1.0,1.0,1.0,400,1.0,False,1.0,False,0.0006389999980456196,1.0,False,20ng,20ng-N7951,nli,fixed-100,7951
30,leaf:electronics#t0,The document is about electronics.,rewrite,7951,0,100,7851,0,1.0,1.0,1.0,400,1.0,False,1.0,False,0.001976999999897089,1.0,False,20ng,20ng-N7951,nli,fixed-100,7951
31,union:PC hardware|items for sale#u1,This text discusses either PC hardware or items for sale.,rewrite,7651,5151,300,2200,0,1.0,1.0,1.0,800,1.0,False,0.98375,False,0.0015880420032772236,1.0,False,20ng,20ng-N7951,nli,fixed-100,7951
32,union:computer graphics|motorcycles#u0,The document is about computer graphics or about motorcycles.,rewrite,7951,7151,100,700,0,1.0,1.0,1.0,800,1.0,False,1.0,False,0.0007847080050851218,1.0,False,20ng,20ng-N7951,nli,fixed-100,7951
33,union:Macintosh hardware|electronics#u0,The document is about Macintosh hardware or about electronics.,rewrite,7651,5551,200,1900,0,1.0,1.0,1.0,800,1.0,False,0.985,False,0.0012369589967420325,1.0,False,20ng,20ng-N7951,nli,fixed-100,7951
34,group:computers#t1,This text discusses computers.,exact-hit,0,0,0,0,0,1.0,1.0,1.0,2000,,,,,6.332993507385254e-06,1.0,,20ng,20ng-N7951,nli,fixed-100,7951
35,group:religion#t1,This text discusses religion.,rewrite,7951,1151,100,6700,0,1.0,1.0,1.0,1151,1.0,False,1.0,False,0.0015740410017315298,1.0,False,20ng,20ng-N7951,nli,fixed-100,7951
36,group:computers#t0,The document is about computers.,exact-hit,0,0,0,0,0,1.0,1.0,1.0,2000,0.9195402298850575,False,1.0,False,7.124996045604348e-06,1.0,False,20ng,20ng-N7951,nli,fixed-100,7951
37,union:Middle East affairs|items for sale#u1,This text discusses either Middle East affairs or items for sale.,rewrite,7651,5200,300,2151,0,1.0,1.0,1.0,800,1.0,False,0.98375,False,0.0016806670028017834,1.0,False,20ng,20ng-N7951,nli,fixed-100,7951
38,leaf:the Microsoft Windows operating system#t1,This text discusses the Microsoft Windows operating system.,rewrite,7951,5951,100,1900,0,1.0,1.0,1.0,400,1.0,False,1.0,False,0.0006522909970954061,1.0,False,20ng,20ng-N7951,nli,fixed-100,7951
39,group:sports#t2,The passage is related to sports.,rewrite,7951,800,100,7051,0,1.0,1.0,1.0,800,1.0,False,1.0,False,0.0012714580007013865,1.0,False,20ng,20ng-N7951,nli,fixed-100,7951
40,leaf:motorcycles#t0,The document is about motorcycles.,rewrite,7951,7151,100,700,0,1.0,1.0,1.0,400,1.0,False,1.0,False,0.0005891659966437146,1.0,False,20ng,20ng-N7951,nli,fixed-100,7951
41,group:motor vehicles#t0,The document is about motor vehicles.,exact-hit,0,0,0,0,0,1.0,1.0,1.0,800,,,,,4.250003257766366e-06,1.0,,20ng,20ng-N7951,nli,fixed-100,7951
42,union:Christianity|political debate#u1,This text discusses either Christianity or political debate.,rewrite,7651,5600,300,1751,0,1.0,1.0,1.0,800,1.0,False,0.98375,False,0.0015986250000423752,1.0,False,20ng,20ng-N7951,nli,fixed-100,7951
43,group:motor vehicles#t2,The passage is related to motor vehicles.,rewrite,7651,400,200,7051,0,1.0,1.0,1.0,800,1.0,False,0.985,False,0.0017891249954118393,1.0,False,20ng,20ng-N7951,nli,fixed-100,7951
44,leaf:motorcycles#t2,The passage is related to motorcycles.,rewrite,7651,400,200,7051,0,1.0,1.0,1.0,400,1.0,False,0.97,False,0.0019898749960702844,1.0,False,20ng,20ng-N7951,nli,fixed-100,7951
45,group:motor vehicles#t1,This text discusses motor vehicles.,rewrite,7651,400,200,7051,0,1.0,1.0,1.0,800,1.0,False,0.985,False,0.001701583998510614,1.0,False,20ng,20ng-N7951,nli,fixed-100,7951
46,group:religion#t0,The document is about religion.,exact-hit,0,0,0,0,0,1.0,1.0,1.0,1151,1.0,False,1.0,False,5.833004252053797e-06,1.0,False,20ng,20ng-N7951,nli,fixed-100,7951
47,group:sports#t3,This article covers the topic of sports.,exact-hit,0,0,0,0,0,1.0,1.0,1.0,800,1.0,False,0.985,False,4.459005140233785e-06,1.0,False,20ng,20ng-N7951,nli,fixed-100,7951
48,union:Macintosh hardware|cars#u1,This text discusses either Macintosh hardware or cars.,rewrite,7951,7151,100,700,0,1.0,1.0,1.0,800,1.0,False,1.0,False,0.0007821250037522987,1.0,False,20ng,20ng-N7951,nli,fixed-100,7951
49,leaf:computer graphics#t1,This text discusses computer graphics.,rewrite,7951,5951,100,1900,0,1.0,1.0,1.0,400,1.0,False,1.0,False,0.000647749999188818,1.0,False,20ng,20ng-N7951,nli,fixed-100,7951
50,union:atheism|hockey#u1,This text discusses either atheism or hockey.,rewrite,7951,7151,100,700,0,1.0,1.0,1.0,800,1.0,False,1.0,False,0.0007737090054433793,1.0,False,20ng,20ng-N7951,nli,fixed-100,7951
51,leaf:items for sale#t0,The document is about items for sale.,rewrite,7951,400,100,7451,0,1.0,1.0,1.0,400,1.0,False,1.0,False,0.0014839170034974813,1.0,False,20ng,20ng-N7951,nli,fixed-100,7951
52,leaf:baseball#t0,The document is about baseball.,rewrite,7651,400,200,7051,0,1.0,1.0,1.0,400,1.0,False,0.97,False,0.0015032079973025247,1.0,False,20ng,20ng-N7951,nli,fixed-100,7951
53,union:hockey|motorcycles#u0,The document is about hockey or about motorcycles.,rewrite,7951,7151,100,700,0,1.0,1.0,1.0,800,1.0,False,1.0,False,0.0009290830057580024,1.0,False,20ng,20ng-N7951,nli,fixed-100,7951
54,group:politics#t0,The document is about politics.,rewrite,7951,1200,100,6651,0,1.0,1.0,1.0,1200,1.0,False,1.0,False,0.001571667002281174,1.0,False,20ng,20ng-N7951,nli,fixed-100,7951
55,group:motor vehicles#t1,This text discusses motor vehicles.,exact-hit,0,0,0,0,0,1.0,1.0,1.0,800,1.0,False,0.985,False,5.750000127591193e-06,1.0,False,20ng,20ng-N7951,nli,fixed-100,7951
56,leaf:atheism#t3,This article covers the topic of atheism.,rewrite,7951,800,100,7051,0,1.0,1.0,1.0,400,1.0,False,1.0,False,0.0011276670047664084,1.0,False,20ng,20ng-N7951,nli,fixed-100,7951
57,union:atheism|gun control#u1,This text discusses either atheism or gun control.,rewrite,7651,7551,100,0,0,1.0,1.0,1.0,800,1.0,False,0.9875,False,0.0008298329994431697,1.0,False,20ng,20ng-N7951,nli,fixed-100,7951
58,leaf:cars#t2,The passage is related to cars.,rewrite,7651,400,200,7051,0,1.0,1.0,1.0,400,1.0,False,0.97,False,0.0017832919984357432,1.0,False,20ng,20ng-N7951,nli,fixed-100,7951
59,group:sports#t2,The passage is related to sports.,exact-hit,0,0,0,0,0,1.0,1.0,1.0,800,1.0,False,1.0,False,6.87500141793862e-06,1.0,False,20ng,20ng-N7951,nli,fixed-100,7951
60,group:motor vehicles#t2,The passage is related to motor vehicles.,exact-hit,0,0,0,0,0,1.0,1.0,1.0,800,1.0,False,0.985,False,2.8750000637955964e-06,1.0,False,20ng,20ng-N7951,nli,fixed-100,7951
61,group:computers#t0,The document is about computers.,exact-hit,0,0,0,0,0,1.0,1.0,1.0,2000,0.9195402298850575,False,1.0,False,3.5000048228539526e-06,1.0,False,20ng,20ng-N7951,nli,fixed-100,7951
62,union:medicine|the Microsoft Windows operating system#u0,The document is about medicine or about the Microsoft Windows operating system.,rewrite,7951,4351,200,3400,0,1.0,1.0,1.0,800,1.0,False,1.0,False,0.0013375420021475293,1.0,False,20ng,20ng-N7951,nli,fixed-100,7951
63,union:baseball|items for sale#u0,The document is about baseball or about items for sale.,rewrite,7651,6751,200,700,0,1.0,1.0,1.0,800,1.0,False,0.985,False,0.0012800420008716173,1.0,False,20ng,20ng-N7951,nli,fixed-100,7951
64,union:atheism|medicine#u1,This text discusses either atheism or medicine.,rewrite,7651,7551,100,0,0,1.0,1.0,1.0,800,1.0,False,0.9875,False,0.0008537079993402585,1.0,False,20ng,20ng-N7951,nli,fixed-100,7951
65,union:hockey|the X Window System#u1,This text discusses either hockey or the X Window System.,rewrite,7951,4751,300,2900,0,1.0,1.0,1.0,800,1.0,False,1.0,False,0.0015139590032049455,1.0,False,20ng,20ng-N7951,nli,fixed-100,7951
66,leaf:cryptography#t0,The document is about cryptography.,rewrite,7951,800,100,7051,0,1.0,1.0,1.0,400,1.0,False,1.0,False,0.0011636249982984737,1.0,False,20ng,20ng-N7951,nli,fixed-100,7951
67,leaf:motorcycles#t3,This article covers the topic of motorcycles.,rewrite,7651,800,200,6651,0,1.0,1.0,1.0,400,1.0,False,0.97,False,0.0015239170024869964,1.0,False,20ng,20ng-N7951,nli,fixed-100,7951
68,leaf:hockey#t1,This text discusses hockey.,exact-hit,0,0,0,0,0,1.0,1.0,1.0,400,1.0,False,1.0,False,6.000002031214535e-06,1.0,False,20ng,20ng-N7951,nli,fixed-100,7951
69,leaf:baseball#t2,The passage is related to baseball.,exact-hit,0,0,0,0,0,1.0,1.0,1.0,400,1.0,False,1.0,False,3.6670026020146906e-06,1.0,False,20ng,20ng-N7951,nli,fixed-100,7951
70,group:motor vehicles#t0,The document is about motor vehicles.,exact-hit,0,0,0,0,0,1.0,1.0,1.0,800,,,,,3.8330035749822855e-06,1.0,,20ng,20ng-N7951,nli,fixed-100,7951
71,leaf:the Microsoft Windows operating system#t2,The passage is related to the Microsoft Windows operating system.,rewrite,7651,1600,200,5851,0,1.0,1.0,1.0,400,1.0,False,0.97,False,0.0023952500050654635,1.0,False,20ng,20ng-N7951,nli,fixed-100,7951
72,leaf:motorcycles#t2,The passage is related to motorcycles.,exact-hit,0,0,0,0,0,1.0,1.0,1.0,400,1.0,False,0.97,False,7.417002052534372e-06,1.0,False,20ng,20ng-N7951,nli,fixed-100,7951
73,group:sports#t2,The passage is related to sports.,exact-hit,0,0,0,0,0,1.0,1.0,1.0,800,1.0,False,1.0,False,3.6249984987080097e-06,1.0,False,20ng,20ng-N7951,nli,fixed-100,7951
74,union:Macintosh hardware|electronics#u1,This text discusses either Macintosh hardware or electronics.,rewrite,7651,2000,200,5451,0,1.0,1.0,1.0,800,1.0,False,0.985,False,0.0023014580001472495,1.0,False,20ng,20ng-N7951,nli,fixed-100,7951
75,leaf:Christianity#t3,This article covers the topic of Christianity.,exact-hit,0,0,0,0,0,1.0,1.0,1.0,400,1.0,False,1.0,False,7.624999852851033e-06,1.0,False,20ng,20ng-N7951,nli,fixed-100,7951
76,group:sports#t2,The passage is related to sports.,exact-hit,0,0,0,0,0,1.0,1.0,1.0,800,1.0,False,1.0,False,3.749999450519681e-06,1.0,False,20ng,20ng-N7951,nli,fixed-100,7951
77,leaf:religious debate#t3,This article covers the topic of religious debate.,rewrite,7951,1151,200,6600,0,1.0,1.0,1.0,351,1.0,False,1.0,False,0.0016229159955400974,1.0,False,20ng,20ng-N7951,nli,fixed-100,7951
78,union:atheism|baseball#u1,This text discusses either atheism or baseball.,rewrite,7651,6751,200,700,0,1.0,1.0,1.0,800,1.0,False,0.985,False,0.0012674579993472435,1.0,False,20ng,20ng-N7951,nli,fixed-100,7951
79,leaf:items for sale#t2,The passage is related to items for sale.,rewrite,7951,400,100,7451,0,1.0,1.0,1.0,400,1.0,False,1.0,False,0.001556165996589698,1.0,False,20ng,20ng-N7951,nli,fixed-100,7951
80,union:Macintosh hardware|religious debate#u0,The document is about Macintosh hardware or about religious debate.,rewrite,7700,4400,400,2900,0,1.0,1.0,1.0,751,1.0,False,0.9840213049267643,False,0.0019395420022192411,1.0,False,20ng,20ng-N7951,nli,fixed-100,7951
81,group:motor vehicles#t1,This text discusses motor vehicles.,exact-hit,0,0,0,0,0,1.0,1.0,1.0,800,1.0,False,0.985,False,7.2499969974160194e-06,1.0,False,20ng,20ng-N7951,nli,fixed-100,7951
82,leaf:cars#t0,The document is about cars.,rewrite,7651,400,200,7051,0,1.0,1.0,1.0,400,1.0,False,0.97,False,0.0019344579995959066,1.0,False,20ng,20ng-N7951,nli,fixed-100,7951
83,leaf:PC hardware#t0,The document is about PC hardware.,rewrite,7951,2400,100,5451,0,1.0,1.0,1.0,400,1.0,False,1.0,False,0.001673332997597754,1.0,False,20ng,20ng-N7951,nli,fixed-100,7951
84,group:religion#t2,The passage is related to religion.,rewrite,7951,1151,100,6700,0,1.0,1.0,1.0,1151,1.0,False,1.0,False,0.001589749997947365,1.0,False,20ng,20ng-N7951,nli,fixed-100,7951
85,union:Christianity|hockey#u0,The document is about Christianity or about hockey.,rewrite,7651,1951,200,5500,0,1.0,1.0,1.0,800,1.0,False,0.985,False,0.001738292005029507,1.0,False,20ng,20ng-N7951,nli,fixed-100,7951
86,group:religion#t0,The document is about religion.,exact-hit,0,0,0,0,0,1.0,1.0,1.0,1151,1.0,False,1.0,False,5.083005817141384e-06,1.0,False,20ng,20ng-N7951,nli,fixed-100,7951
87,union:atheism|computer graphics#u1,This text discusses either atheism or computer graphics.,rewrite,7351,5551,300,1500,0,1.0,1.0,1.0,800,1.0,False,0.9675,False,0.0016976659971987829,1.0,False,20ng,20ng-N7951,nli,fixed-100,7951
88,union:motorcycles|political debate#u1,This text discusses either motorcycles or political debate.,rewrite,7651,6751,200,700,0,1.0,1.0,1.0,800,1.0,False,0.985,False,0.0013182080001570284,1.0,False,20ng,20ng-N7951,nli,fixed-100,7951
89,group:motor vehicles#t0,The document is about motor vehicles.,exact-hit,0,0,0,0,0,1.0,1.0,1.0,800,,,,,5.250003596302122e-06,1.0,,20ng,20ng-N7951,nli,fixed-100,7951
90,union:PC hardware|political debate#u0,The document is about PC hardware or about political debate.,rewrite,7951,3200,200,4551,0,1.0,1.0,1.0,800,1.0,False,1.0,False,0.0017167499972856604,1.0,False,20ng,20ng-N7951,nli,fixed-100,7951
91,leaf:Macintosh hardware#t0,The document is about Macintosh hardware.,rewrite,7651,2000,200,5451,0,1.0,1.0,1.0,400,1.0,False,0.97,False,0.001851207998697646,1.0,False,20ng,20ng-N7951,nli,fixed-100,7951
92,leaf:items for sale#t1,This text discusses items for sale.,rewrite,7951,400,100,7451,0,1.0,1.0,1.0,400,1.0,False,1.0,False,0.0015502500027650967,1.0,False,20ng,20ng-N7951,nli,fixed-100,7951
93,leaf:the Microsoft Windows operating system#t0,The document is about the Microsoft Windows operating system.,rewrite,7651,1600,200,5851,0,1.0,1.0,1.0,400,1.0,False,0.97,False,0.0018287909988430329,1.0,False,20ng,20ng-N7951,nli,fixed-100,7951
94,leaf:the Microsoft Windows operating system#t1,This text discusses the Microsoft Windows operating system.,exact-hit,0,0,0,0,0,1.0,1.0,1.0,400,1.0,False,1.0,False,5.541995051316917e-06,1.0,False,20ng,20ng-N7951,nli,fixed-100,7951
95,group:computers#t3,This article covers the topic of computers.,rewrite,2500,2400,100,0,0,1.0,1.0,1.0,2000,0.9095043201455207,False,1.0,False,0.002511375001631677,1.0,False,20ng,20ng-N7951,nli,fixed-100,7951
96,leaf:PC hardware#t1,This text discusses PC hardware.,rewrite,7951,2400,100,5451,0,1.0,1.0,1.0,400,1.0,False,1.0,False,0.0017270829994231462,1.0,False,20ng,20ng-N7951,nli,fixed-100,7951
97,leaf:cars#t2,The passage is related to cars.,exact-hit,0,0,0,0,0,1.0,1.0,1.0,400,1.0,False,0.97,False,7.0829992182552814e-06,1.0,False,20ng,20ng-N7951,nli,fixed-100,7951
98,union:Christianity|items for sale#u0,The document is about Christianity or about items for sale.,rewrite,7651,6400,200,1051,0,1.0,1.0,1.0,800,1.0,False,0.985,False,0.0014780830024392344,1.0,False,20ng,20ng-N7951,nli,fixed-100,7951
99,group:politics#t2,The passage is related to politics.,rewrite,7951,1200,100,6651,0,1.0,1.0,1.0,1200,1.0,False,1.0,False,0.0022266249943641014,1.0,False,20ng,20ng-N7951,nli,fixed-100,7951
100,leaf:gun control#t2,The passage is related to gun control.,rewrite,7951,800,100,7051,0,1.0,1.0,1.0,400,1.0,False,1.0,False,0.0012701250016107224,1.0,False,20ng,20ng-N7951,nli,fixed-100,7951
101,union:Middle East affairs|items for sale#u1,This text discusses either Middle East affairs or items for sale.,exact-hit,0,0,0,0,0,1.0,1.0,1.0,800,1.0,False,0.98375,False,5.08299854118377e-06,1.0,False,20ng,20ng-N7951,nli,fixed-100,7951
102,leaf:computer graphics#t3,This article covers the topic of computer graphics.,rewrite,7651,1600,200,5851,0,1.0,1.0,1.0,400,1.0,False,0.97,False,0.0019164589975844137,1.0,False,20ng,20ng-N7951,nli,fixed-100,7951
103,leaf:religious debate#t3,This article covers the topic of religious debate.,exact-hit,0,0,0,0,0,1.0,1.0,1.0,351,1.0,False,1.0,False,6.667003617621958e-06,1.0,False,20ng,20ng-N7951,nli,fixed-100,7951
104,leaf:atheism#t3,This article covers the topic of atheism.,exact-hit,0,0,0,0,0,1.0,1.0,1.0,400,1.0,False,1.0,False,3.916997229680419e-06,1.0,False,20ng,20ng-N7951,nli,fixed-100,7951
105,group:religion#t1,This text discusses religion.,exact-hit,0,0,0,0,0,1.0,1.0,1.0,1151,1.0,False,1.0,False,2.7080022846348584e-06,1.0,False,20ng,20ng-N7951,nli,fixed-100,7951
106,union:hockey|items for sale#u0,The document is about hockey or about items for sale.,rewrite,7651,6751,200,700,0,1.0,1.0,1.0,800,1.0,False,0.985,False,0.001362999995762948,1.0,False,20ng,20ng-N7951,nli,fixed-100,7951
107,group:motor vehicles#t0,The document is about motor vehicles.,exact-hit,0,0,0,0,0,1.0,1.0,1.0,800,,,,,6.542002665810287e-06,1.0,,20ng,20ng-N7951,nli,fixed-100,7951
108,union:space exploration|the Microsoft Windows operating system#u1,This text discusses either space exploration or the Microsoft Windows operating system.,rewrite,7951,5951,100,1900,0,1.0,1.0,1.0,800,1.0,False,1.0,False,0.00100712499988731,1.0,False,20ng,20ng-N7951,nli,fixed-100,7951
109,group:sports#t2,The passage is related to sports.,exact-hit,0,0,0,0,0,1.0,1.0,1.0,800,1.0,False,1.0,False,5.125002644490451e-06,1.0,False,20ng,20ng-N7951,nli,fixed-100,7951
110,group:sports#t1,This text discusses sports.,exact-hit,0,0,0,0,0,1.0,1.0,1.0,800,,,,,3.291999746579677e-06,1.0,,20ng,20ng-N7951,nli,fixed-100,7951
111,leaf:atheism#t3,This article covers the topic of atheism.,exact-hit,0,0,0,0,0,1.0,1.0,1.0,400,1.0,False,1.0,False,3.291999746579677e-06,1.0,False,20ng,20ng-N7951,nli,fixed-100,7951
112,leaf:Middle East affairs#t2,The passage is related to Middle East affairs.,rewrite,7651,2351,200,5100,0,1.0,1.0,1.0,400,1.0,False,0.97,False,0.0015729169972473755,1.0,False,20ng,20ng-N7951,nli,fixed-100,7951
113,union:Macintosh hardware|motorcycles#u1,This text discusses either Macintosh hardware or motorcycles.,rewrite,7651,1200,200,6251,0,1.0,1.0,1.0,800,1.0,False,0.985,False,0.001815249997889623,1.0,False,20ng,20ng-N7951,nli,fixed-100,7951
114,union:political debate|religious debate#u0,The document is about political debate or about religious debate.,rewrite,7651,5600,300,1751,0,1.0,1.0,1.0,751,1.0,False,0.9826897470039947,False,0.0018928749996121041,1.0,False,20ng,20ng-N7951,nli,fixed-100,7951
115,leaf:gun control#t3,This article covers the topic of gun control.,rewrite,7951,800,100,7051,0,1.0,1.0,1.0,400,1.0,False,1.0,False,0.0013127080019330606,1.0,False,20ng,20ng-N7951,nli,fixed-100,7951
116,leaf:medicine#t2,The passage is related to medicine.,rewrite,7651,1200,200,6251,0,1.0,1.0,1.0,400,1.0,False,0.97,False,0.0019280839987914078,1.0,False,20ng,20ng-N7951,nli,fixed-100,7951
117,group:politics#t1,This text discusses politics.,exact-hit,0,0,0,0,0,1.0,1.0,1.0,1200,,,,,5.832996976096183e-06,1.0,,20ng,20ng-N7951,nli,fixed-100,7951
118,group:science#t2,The passage is related to science.,exact-hit,0,0,0,0,0,1.0,1.0,1.0,1600,1.0,False,0.965,False,3.5420016502030194e-06,1.0,False,20ng,20ng-N7951,nli,fixed-100,7951
119,group:religion#t0,The document is about religion.,exact-hit,0,0,0,0,0,1.0,1.0,1.0,1151,1.0,False,1.0,False,3.249995643272996e-06,1.0,False,20ng,20ng-N7951,nli,fixed-100,7951
0,group:motor vehicles#t0,The document is about motor vehicles.,cold,7951,7951,0,0,0,1.0,1.0,1.0,800,,,,,0.00019874999998137355,1.0,,20ng,20ng-N7951,nli,fixed-400,7951
1,group:religion#t3,This article covers the topic of religion.,cold,7951,7951,0,0,0,1.0,1.0,1.0,1151,,,,,0.0004068749985890463,1.0,,20ng,20ng-N7951,nli,fixed-400,7951
2,leaf:religious debate#t0,The document is about religious debate.,rewrite,7951,6800,400,751,0,1.0,1.0,1.0,351,1.0,False,1.0,False,0.0005439999949885532,1.0,False,20ng,20ng-N7951,nli,fixed-400,7951
3,group:politics#t1,This text discusses politics.,cold,7951,7951,0,0,0,1.0,1.0,1.0,1200,,,,,0.0003162080029142089,1.0,,20ng,20ng-N7951,nli,fixed-400,7951
4,union:gun control|medicine#u0,The document is about gun control or about medicine.,cold,7951,7951,0,0,0,1.0,1.0,1.0,800,,,,,0.0069228749998728745,1.0,,20ng,20ng-N7951,nli,fixed-400,7951
5,group:motor vehicles#t0,The document is about motor vehicles.,exact-hit,0,0,0,0,0,1.0,1.0,1.0,800,,,,,2.0749997929669917e-05,1.0,,20ng,20ng-N7951,nli,fixed-400,7951
6,group:politics#t1,This text discusses politics.,exact-hit,0,0,0,0,0,1.0,1.0,1.0,1200,,,,,5.041001713834703e-06,1.0,,20ng,20ng-N7951,nli,fixed-400,7951
7,group:religion#t0,The document is about religion.,rewrite,7951,351,400,7200,0,1.0,1.0,1.0,1151,1.0,False,1.0,False,0.0019078749974141829,1.0,False,20ng,20ng-N7951,nli,fixed-400,7951
8,leaf:political debate#t1,This text discusses political debate.,rewrite,7951,6751,400,800,0,1.0,1.0,1.0,400,1.0,False,1.0,False,0.0006934580014785752,1.0,False,20ng,20ng-N7951,nli,fixed-400,7951
9,group:sports#t1,This text discusses sports.,cold,7951,7951,0,0,0,1.0,1.0,1.0,800,,,,,0.0003280419987277128,1.0,,20ng,20ng-N7951,nli,fixed-400,7951
10,group:science#t1,This text discusses science.,cold,7951,7951,0,0,0,1.0,1.0,1.0,1600,,,,,0.00043733300117310137,1.0,,20ng,20ng-N7951,nli,fixed-400,7951
11,leaf:hockey#t1,This text discusses hockey.,rewrite,7951,7151,400,400,0,1.0,1.0,1.0,400,1.0,False,1.0,False,0.0005877080038771965,1.0,False,20ng,20ng-N7951,nli,fixed-400,7951
12,leaf:religious debate#t2,The passage is related to religious debate.,rewrite,7951,800,400,6751,0,1.0,1.0,1.0,351,1.0,False,1.0,False,0.0012754999988828786,1.0,False,20ng,20ng-N7951,nli,fixed-400,7951
13,leaf:political debate#t0,The document is about political debate.,rewrite,7951,0,400,7551,0,1.0,1.0,1.0,400,1.0,False,1.0,False,0.0011729999969247729,1.0,False,20ng,20ng-N7951,nli,fixed-400,7951
14,leaf:items for sale#t3,This article covers the topic of items for sale.,rewrite,7951,800,400,6751,0,1.0,1.0,1.0,400,1.0,False,1.0,False,0.007659082999452949,1.0,False,20ng,20ng-N7951,nli,fixed-400,7951
15,leaf:Christianity#t3,This article covers the topic of Christianity.,rewrite,7951,6800,400,751,0,1.0,1.0,1.0,400,1.0,False,1.0,False,0.000777583998569753,1.0,False,20ng,20ng-N7951,nli,fixed-400,7951
16,union:electronics|hockey#u0,The document is about electronics or about hockey.,cold,7951,7951,0,0,0,1.0,1.0,1.0,800,,,,,0.00032587500027148053,1.0,,20ng,20ng-N7951,nli,fixed-400,7951
17,group:science#t2,The passage is related to science.,rewrite,800,0,800,0,0,1.0,1.0,1.0,1600,0.9600967351874244,False,0.9925,False,0.0025315000020782463,1.0,False,20ng,20ng-N7951,nli,fixed-400,7951
18,group:computers#t1,This text discusses computers.,cold,7951,7951,0,0,0,1.0,1.0,1.0,2000,,,,,0.0005718750035157427,1.0,,20ng,20ng-N7951,nli,fixed-400,7951
19,union:Macintosh hardware|items for sale#u1,This text discusses either Macintosh hardware or items for sale.,rewrite,7951,5551,400,2000,0,1.0,1.0,1.0,800,1.0,False,1.0,False,0.0009337919982499443,1.0,False,20ng,20ng-N7951,nli,fixed-400,7951
20,group:motor vehicles#t3,This article covers the topic of motor vehicles.,cold,7951,7951,0,0,0,1.0,1.0,1.0,800,,,,,0.000338167003064882,1.0,,20ng,20ng-N7951,nli,fixed-400,7951
21,group:sports#t3,This article covers the topic of sports.,rewrite,1200,400,400,400,0,1.0,1.0,1.0,800,0.9142857142857143,False,1.0,False,0.00220816600631224,1.0,False,20ng,20ng-N7951,nli,fixed-400,7951
22,group:motor vehicles#t3,This article covers the topic of motor vehicles.,exact-hit,0,0,0,0,0,1.0,1.0,1.0,800,,,,,7.708993507549167e-06,1.0,,20ng,20ng-N7951,nli,fixed-400,7951
23,group:motor vehicles#t3,This article covers the topic of motor vehicles.,exact-hit,0,0,0,0,0,1.0,1.0,1.0,800,,,,,3.3750038710422814e-06,1.0,,20ng,20ng-N7951,nli,fixed-400,7951
24,union:PC hardware|cryptography#u0,The document is about PC hardware or about cryptography.,rewrite,7951,5951,400,1600,0,1.0,1.0,1.0,800,1.0,False,1.0,False,0.0008932080017984845,1.0,False,20ng,20ng-N7951,nli,fixed-400,7951
25,leaf:political debate#t1,This text discusses political debate.,exact-hit,0,0,0,0,0,1.0,1.0,1.0,400,1.0,False,1.0,False,5.333000444807112e-06,1.0,False,20ng,20ng-N7951,nli,fixed-400,7951
26,union:Macintosh hardware|space exploration#u1,This text discusses either Macintosh hardware or space exploration.,rewrite,7951,5951,400,1600,0,1.0,1.0,1.0,800,1.0,False,1.0,False,0.0016855419962666929,1.0,False,20ng,20ng-N7951,nli,fixed-400,7951
27,leaf:baseball#t2,The passage is related to baseball.,rewrite,7951,7151,400,400,0,1.0,1.0,1.0,400,1.0,False,1.0,False,0.003664957999717444,1.0,False,20ng,20ng-N7951,nli,fixed-400,7951
28,group:computers#t0,The document is about computers.,rewrite,2400,2000,400,0,0,1.0,1.0,1.0,2000,0.9718172983479106,False,1.0,False,0.0032457499983138405,1.0,False,20ng,20ng-N7951,nli,fixed-400,7951
29,leaf:baseball#t3,This article covers the topic of baseball.,rewrite,7951,7151,400,400,0,1.0,1.0,1.0,400,1.0,False,1.0,False,0.0008326659954036586,1.0,False,20ng,20ng-N7951,nli,fixed-400,7951
30,leaf:electronics#t0,The document is about electronics.,rewrite,7951,0,400,7551,0,1.0,1.0,1.0,400,1.0,False,1.0,False,0.0020473330005188473,1.0,False,20ng,20ng-N7951,nli,fixed-400,7951
31,union:PC hardware|items for sale#u1,This text discusses either PC hardware or items for sale.,rewrite,7951,5151,400,2400,0,1.0,1.0,1.0,800,1.0,False,1.0,False,0.001153124998381827,1.0,False,20ng,20ng-N7951,nli,fixed-400,7951
32,union:computer graphics|motorcycles#u0,The document is about computer graphics or about motorcycles.,rewrite,7951,7151,400,400,0,1.0,1.0,1.0,800,1.0,False,1.0,False,0.0007319170035771094,1.0,False,20ng,20ng-N7951,nli,fixed-400,7951
33,union:Macintosh hardware|electronics#u0,The document is about Macintosh hardware or about electronics.,rewrite,7951,5551,400,2000,0,1.0,1.0,1.0,800,1.0,False,1.0,False,0.002260250003018882,1.0,False,20ng,20ng-N7951,nli,fixed-400,7951
34,group:computers#t1,This text discusses computers.,exact-hit,0,0,0,0,0,1.0,1.0,1.0,2000,,,,,2.191699604736641e-05,1.0,,20ng,20ng-N7951,nli,fixed-400,7951
35,group:religion#t1,This text discusses religion.,rewrite,1551,1151,400,0,0,1.0,1.0,1.0,1151,0.9504541701073493,False,1.0,False,0.007227499998407438,1.0,False,20ng,20ng-N7951,nli,fixed-400,7951
36,group:computers#t0,The document is about computers.,exact-hit,0,0,0,0,0,1.0,1.0,1.0,2000,0.9718172983479106,False,1.0,False,8.041999535635114e-06,1.0,False,20ng,20ng-N7951,nli,fixed-400,7951
37,union:Middle East affairs|items for sale#u1,This text discusses either Middle East affairs or items for sale.,rewrite,7951,5200,800,1951,0,1.0,1.0,1.0,800,1.0,False,1.0,False,0.0013938750053057447,1.0,False,20ng,20ng-N7951,nli,fixed-400,7951
38,leaf:the Microsoft Windows operating system#t1,This text discusses the Microsoft Windows operating system.,rewrite,7951,5951,400,1600,0,1.0,1.0,1.0,400,1.0,False,1.0,False,0.0006094999989727512,1.0,False,20ng,20ng-N7951,nli,fixed-400,7951
39,group:sports#t2,The passage is related to sports.,rewrite,1200,800,400,0,0,1.0,1.0,1.0,800,0.9269988412514485,False,1.0,False,0.0020607080004992895,1.0,False,20ng,20ng-N7951,nli,fixed-400,7951
40,leaf:motorcycles#t0,The document is about motorcycles.,rewrite,7951,7151,400,400,0,1.0,1.0,1.0,400,1.0,False,1.0,False,0.000615082994045224,1.0,False,20ng,20ng-N7951,nli,fixed-400,7951
41,group:motor vehicles#t0,The document is about motor vehicles.,exact-hit,0,0,0,0,0,1.0,1.0,1.0,800,,,,,4.583998816087842e-06,1.0,,20ng,20ng-N7951,nli,fixed-400,7951
42,union:Christianity|political debate#u1,This text discusses either Christianity or political debate.,rewrite,7951,5600,800,1551,0,1.0,1.0,1.0,800,1.0,False,1.0,False,0.0012519580050138757,1.0,False,20ng,20ng-N7951,nli,fixed-400,7951
43,group:motor vehicles#t2,The passage is related to motor vehicles.,rewrite,1200,400,400,400,0,1.0,1.0,1.0,800,0.9142857142857143,False,1.0,False,0.0022052080021239817,1.0,False,20ng,20ng-N7951,nli,fixed-400,7951
44,leaf:motorcycles#t2,The passage is related to motorcycles.,rewrite,7951,400,400,7151,0,1.0,1.0,1.0,400,1.0,False,1.0,False,0.010970750001433771,1.0,False,20ng,20ng-N7951,nli,fixed-400,7951
45,group:motor vehicles#t1,This text discusses motor vehicles.,rewrite,1200,400,400,400,0,1.0,1.0,1.0,800,0.9142857142857143,False,1.0,False,0.01724133300012909,1.0,False,20ng,20ng-N7951,nli,fixed-400,7951
46,group:religion#t0,The document is about religion.,exact-hit,0,0,0,0,0,1.0,1.0,1.0,1151,1.0,False,1.0,False,9.542003681417555e-06,1.0,False,20ng,20ng-N7951,nli,fixed-400,7951
47,group:sports#t3,This article covers the topic of sports.,exact-hit,0,0,0,0,0,1.0,1.0,1.0,800,0.9142857142857143,False,1.0,False,4.958004865329713e-06,1.0,False,20ng,20ng-N7951,nli,fixed-400,7951
48,union:Macintosh hardware|cars#u1,This text discusses either Macintosh hardware or cars.,rewrite,7951,7151,400,400,0,1.0,1.0,1.0,800,1.0,False,1.0,False,0.0010640830005286261,1.0,False,20ng,20ng-N7951,nli,fixed-400,7951
49,leaf:computer graphics#t1,This text discusses computer graphics.,rewrite,7951,5951,400,1600,0,1.0,1.0,1.0,400,1.0,False,1.0,False,0.00076420799450716,1.0,False,20ng,20ng-N7951,nli,fixed-400,7951
50,union:atheism|hockey#u1,This text discusses either atheism or hockey.,rewrite,7951,7151,400,400,0,1.0,1.0,1.0,800,1.0,False,1.0,False,0.0012854589949711226,1.0,False,20ng,20ng-N7951,nli,fixed-400,7951
51,leaf:items for sale#t0,The document is about items for sale.,rewrite,7951,400,400,7151,0,1.0,1.0,1.0,400,1.0,False,1.0,False,0.004233207997458521,1.0,False,20ng,20ng-N7951,nli,fixed-400,7951
52,leaf:baseball#t0,The document is about baseball.,rewrite,7951,400,400,7151,0,1.0,1.0,1.0,400,1.0,False,1.0,False,0.003723417001310736,1.0,False,20ng,20ng-N7951,nli,fixed-400,7951
53,union:hockey|motorcycles#u0,The document is about hockey or about motorcycles.,rewrite,7951,7151,400,400,0,1.0,1.0,1.0,800,1.0,False,1.0,False,0.001661500005866401,1.0,False,20ng,20ng-N7951,nli,fixed-400,7951
54,group:politics#t0,The document is about politics.,rewrite,1600,1200,400,0,0,1.0,1.0,1.0,1200,0.9523809523809523,False,1.0,False,0.00250558400148293,1.0,False,20ng,20ng-N7951,nli,fixed-400,7951
55,group:motor vehicles#t1,This text discusses motor vehicles.,exact-hit,0,0,0,0,0,1.0,1.0,1.0,800,0.9142857142857143,False,1.0,False,7.875001756474376e-06,1.0,False,20ng,20ng-N7951,nli,fixed-400,7951
56,leaf:atheism#t3,This article covers the topic of atheism.,rewrite,7951,800,400,6751,0,1.0,1.0,1.0,400,1.0,False,1.0,False,0.0012825000012526289,1.0,False,20ng,20ng-N7951,nli,fixed-400,7951
57,union:atheism|gun control#u1,This text discusses either atheism or gun control.,rewrite,7951,7551,0,400,0,1.0,1.0,1.0,800,1.0,False,1.0,False,0.0006215419998625293,1.0,False,20ng,20ng-N7951,nli,fixed-400,7951
58,leaf:cars#t2,The passage is related to cars.,rewrite,7951,400,400,7151,0,1.0,1.0,1.0,400,1.0,False,1.0,False,0.0016764590036473237,1.0,False,20ng,20ng-N7951,nli,fixed-400,7951
59,group:sports#t2,The passage is related to sports.,exact-hit,0,0,0,0,0,1.0,1.0,1.0,800,0.9269988412514485,False,1.0,False,7.125003321561962e-06,1.0,False,20ng,20ng-N7951,nli,fixed-400,7951
60,group:motor vehicles#t2,The passage is related to motor vehicles.,exact-hit,0,0,0,0,0,1.0,1.0,1.0,800,0.9142857142857143,False,1.0,False,2.8750000637955964e-06,1.0,False,20ng,20ng-N7951,nli,fixed-400,7951
61,group:computers#t0,The document is about computers.,exact-hit,0,0,0,0,0,1.0,1.0,1.0,2000,0.9718172983479106,False,1.0,False,3.3329997677356005e-06,1.0,False,20ng,20ng-N7951,nli,fixed-400,7951
62,union:medicine|the Microsoft Windows operating system#u0,The document is about medicine or about the Microsoft Windows operating system.,rewrite,7951,4351,800,2800,0,1.0,1.0,1.0,800,1.0,False,1.0,False,0.0014510830005747266,1.0,False,20ng,20ng-N7951,nli,fixed-400,7951
63,union:baseball|items for sale#u0,The document is about baseball or about items for sale.,rewrite,7951,6751,400,800,0,1.0,1.0,1.0,800,1.0,False,1.0,False,0.0010215830043307506,1.0,False,20ng,20ng-N7951,nli,fixed-400,7951
64,union:atheism|medicine#u1,This text discusses either atheism or medicine.,rewrite,7951,7551,0,400,0,1.0,1.0,1.0,800,1.0,False,1.0,False,0.0005922499985899776,1.0,False,20ng,20ng-N7951,nli,fixed-400,7951
65,union:hockey|the X Window System#u1,This text discusses either hockey or the X Window System.,rewrite,7951,4751,800,2400,0,1.0,1.0,1.0,800,1.0,False,1.0,False,0.0014691670003230684,1.0,False,20ng,20ng-N7951,nli,fixed-400,7951
66,leaf:cryptography#t0,The document is about cryptography.,rewrite,7951,800,400,6751,0,1.0,1.0,1.0,400,1.0,False,1.0,False,0.001276167000469286,1.0,False,20ng,20ng-N7951,nli,fixed-400,7951
67,leaf:motorcycles#t3,This article covers the topic of motorcycles.,rewrite,7951,800,400,6751,0,1.0,1.0,1.0,400,1.0,False,1.0,False,0.001293749999604188,1.0,False,20ng,20ng-N7951,nli,fixed-400,7951
68,leaf:hockey#t1,This text discusses hockey.,exact-hit,0,0,0,0,0,1.0,1.0,1.0,400,1.0,False,1.0,False,5.500005499925464e-06,1.0,False,20ng,20ng-N7951,nli,fixed-400,7951
69,leaf:baseball#t2,The passage is related to baseball.,exact-hit,0,0,0,0,0,1.0,1.0,1.0,400,1.0,False,1.0,False,3.3329997677356005e-06,1.0,False,20ng,20ng-N7951,nli,fixed-400,7951
70,group:motor vehicles#t0,The document is about motor vehicles.,exact-hit,0,0,0,0,0,1.0,1.0,1.0,800,,,,,2.9170041671022773e-06,1.0,,20ng,20ng-N7951,nli,fixed-400,7951
71,leaf:the Microsoft Windows operating system#t2,The passage is related to the Microsoft Windows operating system.,rewrite,7951,1600,400,5951,0,1.0,1.0,1.0,400,1.0,False,1.0,False,0.0016583749966230243,1.0,False,20ng,20ng-N7951,nli,fixed-400,7951
72,leaf:motorcycles#t2,The passage is related to motorcycles.,exact-hit,0,0,0,0,0,1.0,1.0,1.0,400,1.0,False,1.0,False,6.95799826644361e-06,1.0,False,20ng,20ng-N7951,nli,fixed-400,7951
73,group:sports#t2,The passage is related to sports.,exact-hit,0,0,0,0,0,1.0,1.0,1.0,800,0.9269988412514485,False,1.0,False,3.416993422433734e-06,1.0,False,20ng,20ng-N7951,nli,fixed-400,7951
74,union:Macintosh hardware|electronics#u1,This text discusses either Macintosh hardware or electronics.,rewrite,2800,2000,400,400,0,1.0,1.0,1.0,800,0.9269988412514485,False,1.0,False,0.002369583999097813,1.0,False,20ng,20ng-N7951,nli,fixed-400,7951
75,leaf:Christianity#t3,This article covers the topic of Christianity.,exact-hit,0,0,0,0,0,1.0,1.0,1.0,400,1.0,False,1.0,False,7.499998901039362e-06,1.0,False,20ng,20ng-N7951,nli,fixed-400,7951
76,group:sports#t2,The passage is related to sports.,exact-hit,0,0,0,0,0,1.0,1.0,1.0,800,0.9269988412514485,False,1.0,False,3.0000010156072676e-06,1.0,False,20ng,20ng-N7951,nli,fixed-400,7951
77,leaf:religious debate#t3,This article covers the topic of religious debate.,rewrite,7951,1151,400,6400,0,1.0,1.0,1.0,351,1.0,False,1.0,False,0.0014496250005322509,1.0,False,20ng,20ng-N7951,nli,fixed-400,7951
78,union:atheism|baseball#u1,This text discusses either atheism or baseball.,rewrite,7951,6751,400,800,0,1.0,1.0,1.0,800,1.0,False,1.0,False,0.0009799999970709905,1.0,False,20ng,20ng-N7951,nli,fixed-400,7951
79,leaf:items for sale#t2,The passage is related to items for sale.,rewrite,7951,400,400,7151,0,1.0,1.0,1.0,400,1.0,False,1.0,False,0.001627791003556922,1.0,False,20ng,20ng-N7951,nli,fixed-400,7951
80,union:Macintosh hardware|religious debate#u0,The document is about Macintosh hardware or about religious debate.,rewrite,7951,4400,800,2751,0,1.0,1.0,1.0,751,1.0,False,1.0,False,0.0016143749962793663,1.0,False,20ng,20ng-N7951,nli,fixed-400,7951
81,group:motor vehicles#t1,This text discusses motor vehicles.,exact-hit,0,0,0,0,0,1.0,1.0,1.0,800,0.9142857142857143,False,1.0,False,7.165996066760272e-06,1.0,False,20ng,20ng-N7951,nli,fixed-400,7951
82,leaf:cars#t0,The document is about cars.,rewrite,7951,400,400,7151,0,1.0,1.0,1.0,400,1.0,False,1.0,False,0.0017791249993024394,1.0,False,20ng,20ng-N7951,nli,fixed-400,7951
83,leaf:PC hardware#t0,The document is about PC hardware.,rewrite,7588,2400,400,4788,0,1.0,1.0,1.0,400,0.9111617312072893,False,1.0,False,0.002122624995536171,1.0,False,20ng,20ng-N7951,nli,fixed-400,7951
84,group:religion#t2,The passage is related to religion.,rewrite,1551,1151,400,0,0,1.0,1.0,1.0,1151,0.9504541701073493,False,1.0,False,0.0023932499971124344,1.0,False,20ng,20ng-N7951,nli,fixed-400,7951
85,union:Christianity|hockey#u0,The document is about Christianity or about hockey.,rewrite,2751,1951,400,400,0,1.0,1.0,1.0,800,0.9324009324009324,False,1.0,False,0.0023481250027543865,1.0,False,20ng,20ng-N7951,nli,fixed-400,7951
86,group:religion#t0,The document is about religion.,exact-hit,0,0,0,0,0,1.0,1.0,1.0,1151,1.0,False,1.0,False,6.042006134521216e-06,1.0,False,20ng,20ng-N7951,nli,fixed-400,7951
87,union:atheism|computer graphics#u1,This text discusses either atheism or computer graphics.,rewrite,7951,5551,400,2000,0,1.0,1.0,1.0,800,1.0,False,1.0,False,0.0013211660043452866,1.0,False,20ng,20ng-N7951,nli,fixed-400,7951
88,union:motorcycles|political debate#u1,This text discusses either motorcycles or political debate.,rewrite,7951,6751,400,800,0,1.0,1.0,1.0,800,1.0,False,1.0,False,0.0011310419940855354,1.0,False,20ng,20ng-N7951,nli,fixed-400,7951
89,group:motor vehicles#t0,The document is about motor vehicles.,exact-hit,0,0,0,0,0,1.0,1.0,1.0,800,,,,,5.750000127591193e-06,1.0,,20ng,20ng-N7951,nli,fixed-400,7951
90,union:PC hardware|political debate#u0,The document is about PC hardware or about political debate.,rewrite,4000,3200,400,400,0,1.0,1.0,1.0,800,0.9467455621301775,False,1.0,False,0.0050765000050887465,1.0,False,20ng,20ng-N7951,nli,fixed-400,7951
91,leaf:Macintosh hardware#t0,The document is about Macintosh hardware.,rewrite,7951,2000,400,5551,0,1.0,1.0,1.0,400,1.0,False,1.0,False,0.004891417003818788,1.0,False,20ng,20ng-N7951,nli,fixed-400,7951
92,leaf:items for sale#t1,This text discusses items for sale.,rewrite,7951,400,400,7151,0,1.0,1.0,1.0,400,1.0,False,1.0,False,0.003133124999294523,1.0,False,20ng,20ng-N7951,nli,fixed-400,7951
93,leaf:the Microsoft Windows operating system#t0,The document is about the Microsoft Windows operating system.,rewrite,7951,1600,400,5951,0,1.0,1.0,1.0,400,1.0,False,1.0,False,0.0018234170056530274,1.0,False,20ng,20ng-N7951,nli,fixed-400,7951
94,leaf:the Microsoft Windows operating system#t1,This text discusses the Microsoft Windows operating system.,exact-hit,0,0,0,0,0,1.0,1.0,1.0,400,1.0,False,1.0,False,5.583999154623598e-06,1.0,False,20ng,20ng-N7951,nli,fixed-400,7951
95,group:computers#t3,This article covers the topic of computers.,rewrite,2800,2400,400,0,0,1.0,1.0,1.0,2000,0.9760858955588092,False,1.0,False,0.0025372910022269934,1.0,False,20ng,20ng-N7951,nli,fixed-400,7951
96,leaf:PC hardware#t1,This text discusses PC hardware.,rewrite,7951,2400,400,5151,0,1.0,1.0,1.0,400,1.0,False,1.0,False,0.0018677499974728562,1.0,False,20ng,20ng-N7951,nli,fixed-400,7951
97,leaf:cars#t2,The passage is related to cars.,exact-hit,0,0,0,0,0,1.0,1.0,1.0,400,1.0,False,1.0,False,5.708003300242126e-06,1.0,False,20ng,20ng-N7951,nli,fixed-400,7951
98,union:Christianity|items for sale#u0,The document is about Christianity or about items for sale.,rewrite,7951,6400,400,1151,0,1.0,1.0,1.0,800,1.0,False,1.0,False,0.001216040996951051,1.0,False,20ng,20ng-N7951,nli,fixed-400,7951
99,group:politics#t2,The passage is related to politics.,rewrite,1600,1200,400,0,0,1.0,1.0,1.0,1200,0.9478672985781991,False,1.0,False,0.0024652920037624426,1.0,False,20ng,20ng-N7951,nli,fixed-400,7951
100,leaf:gun control#t2,The passage is related to gun control.,rewrite,7951,800,400,6751,0,1.0,1.0,1.0,400,1.0,False,1.0,False,0.0013568330032285303,1.0,False,20ng,20ng-N7951,nli,fixed-400,7951
101,union:Middle East affairs|items for sale#u1,This text discusses either Middle East affairs or items for sale.,exact-hit,0,0,0,0,0,1.0,1.0,1.0,800,1.0,False,1.0,False,5.583002348430455e-06,1.0,False,20ng,20ng-N7951,nli,fixed-400,7951
102,leaf:computer graphics#t3,This article covers the topic of computer graphics.,rewrite,7951,1600,400,5951,0,1.0,1.0,1.0,400,1.0,False,1.0,False,0.0017857080019894056,1.0,False,20ng,20ng-N7951,nli,fixed-400,7951
103,leaf:religious debate#t3,This article covers the topic of religious debate.,exact-hit,0,0,0,0,0,1.0,1.0,1.0,351,1.0,False,1.0,False,6.16600300418213e-06,1.0,False,20ng,20ng-N7951,nli,fixed-400,7951
104,leaf:atheism#t3,This article covers the topic of atheism.,exact-hit,0,0,0,0,0,1.0,1.0,1.0,400,1.0,False,1.0,False,4.1249950299970806e-06,1.0,False,20ng,20ng-N7951,nli,fixed-400,7951
105,group:religion#t1,This text discusses religion.,exact-hit,0,0,0,0,0,1.0,1.0,1.0,1151,0.9504541701073493,False,1.0,False,3.083005140069872e-06,1.0,False,20ng,20ng-N7951,nli,fixed-400,7951
106,union:hockey|items for sale#u0,The document is about hockey or about items for sale.,rewrite,7951,6751,400,800,0,1.0,1.0,1.0,800,1.0,False,1.0,False,0.0011264170025242493,1.0,False,20ng,20ng-N7951,nli,fixed-400,7951
107,group:motor vehicles#t0,The document is about motor vehicles.,exact-hit,0,0,0,0,0,1.0,1.0,1.0,800,,,,,5.4159972933121026e-06,1.0,,20ng,20ng-N7951,nli,fixed-400,7951
108,union:space exploration|the Microsoft Windows operating system#u1,This text discusses either space exploration or the Microsoft Windows operating system.,rewrite,7951,5951,400,1600,0,1.0,1.0,1.0,800,1.0,False,1.0,False,0.0009900840013870038,1.0,False,20ng,20ng-N7951,nli,fixed-400,7951
109,group:sports#t2,The passage is related to sports.,exact-hit,0,0,0,0,0,1.0,1.0,1.0,800,0.9269988412514485,False,1.0,False,4.832996637560427e-06,1.0,False,20ng,20ng-N7951,nli,fixed-400,7951
110,group:sports#t1,This text discusses sports.,exact-hit,0,0,0,0,0,1.0,1.0,1.0,800,,,,,3.374996595084667e-06,1.0,,20ng,20ng-N7951,nli,fixed-400,7951
111,leaf:atheism#t3,This article covers the topic of atheism.,exact-hit,0,0,0,0,0,1.0,1.0,1.0,400,1.0,False,1.0,False,2.8750000637955964e-06,1.0,False,20ng,20ng-N7951,nli,fixed-400,7951
112,leaf:Middle East affairs#t2,The passage is related to Middle East affairs.,rewrite,7951,2351,400,5200,0,1.0,1.0,1.0,400,1.0,False,1.0,False,0.0013627499938593246,1.0,False,20ng,20ng-N7951,nli,fixed-400,7951
113,union:Macintosh hardware|motorcycles#u1,This text discusses either Macintosh hardware or motorcycles.,rewrite,2000,1200,400,400,0,1.0,1.0,1.0,800,0.9237875288683602,False,1.0,False,0.002301666005223524,1.0,False,20ng,20ng-N7951,nli,fixed-400,7951
114,union:political debate|religious debate#u0,The document is about political debate or about religious debate.,rewrite,7951,5600,800,1551,0,1.0,1.0,1.0,751,1.0,False,1.0,False,0.0016285830060951412,1.0,False,20ng,20ng-N7951,nli,fixed-400,7951
115,leaf:gun control#t3,This article covers the topic of gun control.,rewrite,7951,800,400,6751,0,1.0,1.0,1.0,400,1.0,False,1.0,False,0.0014569170016329736,1.0,False,20ng,20ng-N7951,nli,fixed-400,7951
116,leaf:medicine#t2,The passage is related to medicine.,rewrite,7951,1200,400,6351,0,1.0,1.0,1.0,400,1.0,False,1.0,False,0.0023607499970239587,1.0,False,20ng,20ng-N7951,nli,fixed-400,7951
117,group:politics#t1,This text discusses politics.,exact-hit,0,0,0,0,0,1.0,1.0,1.0,1200,,,,,5.957997927907854e-06,1.0,,20ng,20ng-N7951,nli,fixed-400,7951
118,group:science#t2,The passage is related to science.,exact-hit,0,0,0,0,0,1.0,1.0,1.0,1600,0.9600967351874244,False,0.9925,False,3.16700607072562e-06,1.0,False,20ng,20ng-N7951,nli,fixed-400,7951
119,group:religion#t0,The document is about religion.,exact-hit,0,0,0,0,0,1.0,1.0,1.0,1151,1.0,False,1.0,False,3.0419978429563344e-06,1.0,False,20ng,20ng-N7951,nli,fixed-400,7951
0,group:motor vehicles#t0,The document is about motor vehicles.,cold,7951,7951,0,0,0,1.0,1.0,1.0,800,,,,,0.00018662500224309042,1.0,,20ng,20ng-N7951,nli,fixed-1600,7951
1,group:religion#t3,This article covers the topic of religion.,cold,7951,7951,0,0,0,1.0,1.0,1.0,1151,,,,,0.0003910829982487485,1.0,,20ng,20ng-N7951,nli,fixed-1600,7951
2,leaf:religious debate#t0,The document is about religious debate.,rewrite,7951,6800,0,1151,0,1.0,1.0,1.0,351,1.0,False,1.0,False,0.00041183400026056916,1.0,False,20ng,20ng-N7951,nli,fixed-1600,7951
3,group:politics#t1,This text discusses politics.,cold,7951,7951,0,0,0,1.0,1.0,1.0,1200,,,,,0.00031591700098942965,1.0,,20ng,20ng-N7951,nli,fixed-1600,7951
4,union:gun control|medicine#u0,The document is about gun control or about medicine.,cold,7951,7951,0,0,0,1.0,1.0,1.0,800,,,,,0.0002553329977672547,1.0,,20ng,20ng-N7951,nli,fixed-1600,7951
5,group:motor vehicles#t0,The document is about motor vehicles.,exact-hit,0,0,0,0,0,1.0,1.0,1.0,800,,,,,3.916997229680419e-06,1.0,,20ng,20ng-N7951,nli,fixed-1600,7951
6,group:politics#t1,This text discusses politics.,exact-hit,0,0,0,0,0,1.0,1.0,1.0,1200,,,,,2.5420013116672635e-06,1.0,,20ng,20ng-N7951,nli,fixed-1600,7951
7,group:religion#t0,The document is about religion.,rewrite,7951,351,1600,6000,0,1.0,1.0,1.0,1151,1.0,False,1.0,False,0.0015397090028272942,1.0,False,20ng,20ng-N7951,nli,fixed-1600,7951
8,leaf:political debate#t1,This text discusses political debate.,rewrite,7951,6751,0,1200,0,1.0,1.0,1.0,400,1.0,False,1.0,False,0.000494084000820294,1.0,False,20ng,20ng-N7951,nli,fixed-1600,7951
9,group:sports#t1,This text discusses sports.,cold,7951,7951,0,0,0,1.0,1.0,1.0,800,,,,,0.0008577920016250573,1.0,,20ng,20ng-N7951,nli,fixed-1600,7951
10,group:science#t1,This text discusses science.,cold,7951,7951,0,0,0,1.0,1.0,1.0,1600,,,,,0.0011077500021201558,1.0,,20ng,20ng-N7951,nli,fixed-1600,7951
11,leaf:hockey#t1,This text discusses hockey.,rewrite,7951,7151,0,800,0,1.0,1.0,1.0,400,1.0,False,1.0,False,0.0011593329982133582,1.0,False,20ng,20ng-N7951,nli,fixed-1600,7951
12,leaf:religious debate#t2,The passage is related to religious debate.,rewrite,2751,800,1600,351,0,1.0,1.0,1.0,351,0.9564032697547684,False,1.0,False,0.005648792001011316,1.0,False,20ng,20ng-N7951,nli,fixed-1600,7951
13,leaf:political debate#t0,The document is about political debate.,rewrite,2000,0,1600,400,0,1.0,1.0,1.0,400,0.9569377990430622,False,1.0,False,0.0021580000029643998,1.0,False,20ng,20ng-N7951,nli,fixed-1600,7951
14,leaf:items for sale#t3,This article covers the topic of items for sale.,rewrite,7951,800,1600,5551,0,1.0,1.0,1.0,400,1.0,False,1.0,False,0.0012647499970626086,1.0,False,20ng,20ng-N7951,nli,fixed-1600,7951
15,leaf:Christianity#t3,This article covers the topic of Christianity.,rewrite,7951,6800,0,1151,0,1.0,1.0,1.0,400,1.0,False,1.0,False,0.0004990000015823171,1.0,False,20ng,20ng-N7951,nli,fixed-1600,7951
16,union:electronics|hockey#u0,The document is about electronics or about hockey.,cold,7951,7951,0,0,0,1.0,1.0,1.0,800,,,,,0.0003102080008829944,1.0,,20ng,20ng-N7951,nli,fixed-1600,7951
17,group:science#t2,The passage is related to science.,rewrite,3200,0,1600,1600,0,1.0,1.0,1.0,1600,0.9907120743034056,False,1.0,False,0.0021976249990984797,1.0,False,20ng,20ng-N7951,nli,fixed-1600,7951
18,group:computers#t1,This text discusses computers.,cold,7951,7951,0,0,0,1.0,1.0,1.0,2000,,,,,0.0005188750001252629,1.0,,20ng,20ng-N7951,nli,fixed-1600,7951
19,union:Macintosh hardware|items for sale#u1,This text discusses either Macintosh hardware or items for sale.,rewrite,7951,5551,1600,800,0,1.0,1.0,1.0,800,1.0,False,1.0,False,0.0009243329986929893,1.0,False,20ng,20ng-N7951,nli,fixed-1600,7951
20,group:motor vehicles#t3,This article covers the topic of motor vehicles.,cold,7951,7951,0,0,0,1.0,1.0,1.0,800,,,,,0.00032987500162562355,1.0,,20ng,20ng-N7951,nli,fixed-1600,7951
21,group:sports#t3,This article covers the topic of sports.,rewrite,2400,400,1600,400,0,1.0,1.0,1.0,800,0.9791921664626683,False,1.0,False,0.0022174999976414256,1.0,False,20ng,20ng-N7951,nli,fixed-1600,7951
22,group:motor vehicles#t3,This article covers the topic of motor vehicles.,exact-hit,0,0,0,0,0,1.0,1.0,1.0,800,,,,,7.333001121878624e-06,1.0,,20ng,20ng-N7951,nli,fixed-1600,7951
23,group:motor vehicles#t3,This article covers the topic of motor vehicles.,exact-hit,0,0,0,0,0,1.0,1.0,1.0,800,,,,,2.791995939332992e-06,1.0,,20ng,20ng-N7951,nli,fixed-1600,7951
24,union:PC hardware|cryptography#u0,The document is about PC hardware or about cryptography.,rewrite,7951,5951,1600,400,0,1.0,1.0,1.0,800,1.0,False,1.0,False,0.0009166669988189824,1.0,False,20ng,20ng-N7951,nli,fixed-1600,7951
25,leaf:political debate#t1,This text discusses political debate.,exact-hit,0,0,0,0,0,1.0,1.0,1.0,400,1.0,False,1.0,False,5.9589947341009974e-06,1.0,False,20ng,20ng-N7951,nli,fixed-1600,7951
26,union:Macintosh hardware|space exploration#u1,This text discusses either Macintosh hardware or space exploration.,rewrite,7951,5951,1600,400,0,1.0,1.0,1.0,800,1.0,False,1.0,False,0.0007766670023556799,1.0,False,20ng,20ng-N7951,nli,fixed-1600,7951
27,leaf:baseball#t2,The passage is related to baseball.,rewrite,7951,7151,0,800,0,1.0,1.0,1.0,400,1.0,False,1.0,False,0.0004305830007069744,1.0,False,20ng,20ng-N7951,nli,fixed-1600,7951
28,group:computers#t0,The document is about computers.,rewrite,3600,2000,1600,0,0,1.0,1.0,1.0,2000,0.9935419771485345,False,1.0,False,0.002352417002839502,1.0,False,20ng,20ng-N7951,nli,fixed-1600,7951
29,leaf:baseball#t3,This article covers the topic of baseball.,rewrite,7951,7151,0,800,0,1.0,1.0,1.0,400,1.0,False,1.0,False,0.0005836670025018975,1.0,False,20ng,20ng-N7951,nli,fixed-1600,7951
30,leaf:electronics#t0,The document is about electronics.,rewrite,6362,0,1600,4762,0,1.0,1.0,1.0,400,0.9569377990430622,False,1.0,False,0.0022915829977137037,1.0,False,20ng,20ng-N7951,nli,fixed-1600,7951
31,union:PC hardware|items for sale#u1,This text discusses either PC hardware or items for sale.,rewrite,7951,5151,1600,1200,0,1.0,1.0,1.0,800,1.0,False,1.0,False,0.001221375001478009,1.0,False,20ng,20ng-N7951,nli,fixed-1600,7951
32,union:computer graphics|motorcycles#u0,The document is about computer graphics or about motorcycles.,rewrite,7951,7151,0,800,0,1.0,1.0,1.0,800,1.0,False,1.0,False,0.0007278330012923107,1.0,False,20ng,20ng-N7951,nli,fixed-1600,7951
33,union:Macintosh hardware|electronics#u0,The document is about Macintosh hardware or about electronics.,rewrite,7951,5551,1600,800,0,1.0,1.0,1.0,800,1.0,False,1.0,False,0.0014232079993234947,1.0,False,20ng,20ng-N7951,nli,fixed-1600,7951
34,group:computers#t1,This text discusses computers.,exact-hit,0,0,0,0,0,1.0,1.0,1.0,2000,,,,,1.0750001820269972e-05,1.0,,20ng,20ng-N7951,nli,fixed-1600,7951
35,group:religion#t1,This text discusses religion.,rewrite,2751,1151,1600,0,0,1.0,1.0,1.0,1151,0.988831615120275,False,1.0,False,0.002668790999450721,1.0,False,20ng,20ng-N7951,nli,fixed-1600,7951
36,group:computers#t0,The document is about computers.,exact-hit,0,0,0,0,0,1.0,1.0,1.0,2000,0.9935419771485345,False,1.0,False,6.707996362820268e-06,1.0,False,20ng,20ng-N7951,nli,fixed-1600,7951
37,union:Middle East affairs|items for sale#u1,This text discusses either Middle East affairs or items for sale.,rewrite,7951,5200,0,2751,0,1.0,1.0,1.0,800,1.0,False,1.0,False,0.0010267499965266325,1.0,False,20ng,20ng-N7951,nli,fixed-1600,7951
38,leaf:the Microsoft Windows operating system#t1,This text discusses the Microsoft Windows operating system.,rewrite,7951,5951,1600,400,0,1.0,1.0,1.0,400,1.0,False,1.0,False,0.0006127910019131377,1.0,False,20ng,20ng-N7951,nli,fixed-1600,7951
39,group:sports#t2,The passage is related to sports.,rewrite,2400,800,1600,0,0,1.0,1.0,1.0,800,0.9828009828009828,False,1.0,False,0.002066458997433074,1.0,False,20ng,20ng-N7951,nli,fixed-1600,7951
40,leaf:motorcycles#t0,The document is about motorcycles.,rewrite,7951,7151,0,800,0,1.0,1.0,1.0,400,1.0,False,1.0,False,0.0005260830002953298,1.0,False,20ng,20ng-N7951,nli,fixed-1600,7951
41,group:motor vehicles#t0,The document is about motor vehicles.,exact-hit,0,0,0,0,0,1.0,1.0,1.0,800,,,,,4.0000013541430235e-06,1.0,,20ng,20ng-N7951,nli,fixed-1600,7951
42,union:Christianity|political debate#u1,This text discusses either Christianity or political debate.,rewrite,7951,5600,0,2351,0,1.0,1.0,1.0,800,1.0,False,1.0,False,0.0009429999990970828,1.0,False,20ng,20ng-N7951,nli,fixed-1600,7951
43,group:motor vehicles#t2,The passage is related to motor vehicles.,rewrite,2400,400,1600,400,0,1.0,1.0,1.0,800,0.9791921664626683,False,1.0,False,0.010637834006047342,1.0,False,20ng,20ng-N7951,nli,fixed-1600,7951
44,leaf:motorcycles#t2,The passage is related to motorcycles.,rewrite,2400,400,1600,400,0,1.0,1.0,1.0,400,0.9569377990430622,False,1.0,False,0.048717165998823475,1.0,False,20ng,20ng-N7951,nli,fixed-1600,7951
45,group:motor vehicles#t1,This text discusses motor vehicles.,rewrite,2400,400,1600,400,0,1.0,1.0,1.0,800,0.9791921664626683,False,1.0,False,0.0026587089960230514,1.0,False,20ng,20ng-N7951,nli,fixed-1600,7951
46,group:religion#t0,The document is about religion.,exact-hit,0,0,0,0,0,1.0,1.0,1.0,1151,1.0,False,1.0,False,7.875001756474376e-06,1.0,False,20ng,20ng-N7951,nli,fixed-1600,7951
47,group:sports#t3,This article covers the topic of sports.,exact-hit,0,0,0,0,0,1.0,1.0,1.0,800,0.9791921664626683,False,1.0,False,4.209003236610442e-06,1.0,False,20ng,20ng-N7951,nli,fixed-1600,7951
48,union:Macintosh hardware|cars#u1,This text discusses either Macintosh hardware or cars.,rewrite,7951,7151,0,800,0,1.0,1.0,1.0,800,1.0,False,1.0,False,0.0007428339959005825,1.0,False,20ng,20ng-N7951,nli,fixed-1600,7951
49,leaf:computer graphics#t1,This text discusses computer graphics.,rewrite,7951,5951,1600,400,0,1.0,1.0,1.0,400,1.0,False,1.0,False,0.0007149170050979592,1.0,False,20ng,20ng-N7951,nli,fixed-1600,7951
50,union:atheism|hockey#u1,This text discusses either atheism or hockey.,rewrite,7951,7151,0,800,0,1.0,1.0,1.0,800,1.0,False,1.0,False,0.0006110419999458827,1.0,False,20ng,20ng-N7951,nli,fixed-1600,7951
51,leaf:items for sale#t0,The document is about items for sale.,rewrite,2000,400,1600,0,0,1.0,1.0,1.0,400,0.9592326139088729,False,1.0,False,0.001980917004402727,1.0,False,20ng,20ng-N7951,nli,fixed-1600,7951
52,leaf:baseball#t0,The document is about baseball.,rewrite,2400,400,1600,400,0,1.0,1.0,1.0,400,0.9592326139088729,False,1.0,False,0.002318291997653432,1.0,False,20ng,20ng-N7951,nli,fixed-1600,7951
53,union:hockey|motorcycles#u0,The document is about hockey or about motorcycles.,rewrite,7951,7151,0,800,0,1.0,1.0,1.0,800,1.0,False,1.0,False,0.000760458002332598,1.0,False,20ng,20ng-N7951,nli,fixed-1600,7951
54,group:politics#t0,The document is about politics.,rewrite,2800,1200,1600,0,0,1.0,1.0,1.0,1200,0.989282769991756,False,1.0,False,0.002314499994099606,1.0,False,20ng,20ng-N7951,nli,fixed-1600,7951
55,group:motor vehicles#t1,This text discusses motor vehicles.,exact-hit,0,0,0,0,0,1.0,1.0,1.0,800,0.9791921664626683,False,1.0,False,8.417002391070127e-06,1.0,False,20ng,20ng-N7951,nli,fixed-1600,7951
56,leaf:atheism#t3,This article covers the topic of atheism.,rewrite,2400,800,1600,0,0,1.0,1.0,1.0,400,0.966183574879227,False,1.0,False,0.0021915420002187602,1.0,False,20ng,20ng-N7951,nli,fixed-1600,7951
57,union:atheism|gun control#u1,This text discusses either atheism or gun control.,rewrite,7951,7551,0,400,0,1.0,1.0,1.0,800,1.0,False,1.0,False,0.0006797090027248487,1.0,False,20ng,20ng-N7951,nli,fixed-1600,7951
58,leaf:cars#t2,The passage is related to cars.,rewrite,2400,400,1600,400,0,1.0,1.0,1.0,400,0.9569377990430622,False,1.0,False,0.002144375001080334,1.0,False,20ng,20ng-N7951,nli,fixed-1600,7951
59,group:sports#t2,The passage is related to sports.,exact-hit,0,0,0,0,0,1.0,1.0,1.0,800,0.9828009828009828,False,1.0,False,7.083006494212896e-06,1.0,False,20ng,20ng-N7951,nli,fixed-1600,7951
60,group:motor vehicles#t2,The passage is related to motor vehicles.,exact-hit,0,0,0,0,0,1.0,1.0,1.0,800,0.9791921664626683,False,1.0,False,3.7089994293637574e-06,1.0,False,20ng,20ng-N7951,nli,fixed-1600,7951
61,group:computers#t0,The document is about computers.,exact-hit,0,0,0,0,0,1.0,1.0,1.0,2000,0.9935419771485345,False,1.0,False,3.7080026231706142e-06,1.0,False,20ng,20ng-N7951,nli,fixed-1600,7951
62,union:medicine|the Microsoft Windows operating system#u0,The document is about medicine or about the Microsoft Windows operating system.,rewrite,7951,4351,1600,2000,0,1.0,1.0,1.0,800,1.0,False,1.0,False,0.0013042919963481836,1.0,False,20ng,20ng-N7951,nli,fixed-1600,7951
63,union:baseball|items for sale#u0,The document is about baseball or about items for sale.,rewrite,7951,6751,0,1200,0,1.0,1.0,1.0,800,1.0,False,1.0,False,0.0008450000023003668,1.0,False,20ng,20ng-N7951,nli,fixed-1600,7951
64,union:atheism|medicine#u1,This text discusses either atheism or medicine.,rewrite,7951,7551,0,400,0,1.0,1.0,1.0,800,1.0,False,1.0,False,0.0006127090018708259,1.0,False,20ng,20ng-N7951,nli,fixed-1600,7951
65,union:hockey|the X Window System#u1,This text discusses either hockey or the X Window System.,rewrite,7951,4751,1600,1600,0,1.0,1.0,1.0,800,1.0,False,1.0,False,0.0012763750055455603,1.0,False,20ng,20ng-N7951,nli,fixed-1600,7951
66,leaf:cryptography#t0,The document is about cryptography.,rewrite,2400,800,1600,0,0,1.0,1.0,1.0,400,0.966183574879227,False,1.0,False,0.0020358750043669716,1.0,False,20ng,20ng-N7951,nli,fixed-1600,7951
67,leaf:motorcycles#t3,This article covers the topic of motorcycles.,rewrite,2800,800,1600,400,0,1.0,1.0,1.0,400,0.9615384615384616,False,1.0,False,0.0020847500054514967,1.0,False,20ng,20ng-N7951,nli,fixed-1600,7951
68,leaf:hockey#t1,This text discusses hockey.,exact-hit,0,0,0,0,0,1.0,1.0,1.0,400,1.0,False,1.0,False,6.041998858563602e-06,1.0,False,20ng,20ng-N7951,nli,fixed-1600,7951
69,leaf:baseball#t2,The passage is related to baseball.,exact-hit,0,0,0,0,0,1.0,1.0,1.0,400,1.0,False,1.0,False,3.875000402331352e-06,1.0,False,20ng,20ng-N7951,nli,fixed-1600,7951
70,group:motor vehicles#t0,The document is about motor vehicles.,exact-hit,0,0,0,0,0,1.0,1.0,1.0,800,,,,,3.2079988159239292e-06,1.0,,20ng,20ng-N7951,nli,fixed-1600,7951
71,leaf:the Microsoft Windows operating system#t2,The passage is related to the Microsoft Windows operating system.,rewrite,3600,1600,1600,400,0,1.0,1.0,1.0,400,0.963855421686747,False,1.0,False,0.002184292003221344,1.0,False,20ng,20ng-N7951,nli,fixed-1600,7951
72,leaf:motorcycles#t2,The passage is related to motorcycles.,exact-hit,0,0,0,0,0,1.0,1.0,1.0,400,0.9569377990430622,False,1.0,False,6.750000466126949e-06,1.0,False,20ng,20ng-N7951,nli,fixed-1600,7951
73,group:sports#t2,The passage is related to sports.,exact-hit,0,0,0,0,0,1.0,1.0,1.0,800,0.9828009828009828,False,1.0,False,3.1249946914613247e-06,1.0,False,20ng,20ng-N7951,nli,fixed-1600,7951
74,union:Macintosh hardware|electronics#u1,This text discusses either Macintosh hardware or electronics.,rewrite,4000,2000,1600,400,0,1.0,1.0,1.0,800,0.9828009828009828,False,1.0,False,0.002271083001687657,1.0,False,20ng,20ng-N7951,nli,fixed-1600,7951
75,leaf:Christianity#t3,This article covers the topic of Christianity.,exact-hit,0,0,0,0,0,1.0,1.0,1.0,400,1.0,False,1.0,False,6.041998858563602e-06,1.0,False,20ng,20ng-N7951,nli,fixed-1600,7951
76,group:sports#t2,The passage is related to sports.,exact-hit,0,0,0,0,0,1.0,1.0,1.0,800,0.9828009828009828,False,1.0,False,2.749999111983925e-06,1.0,False,20ng,20ng-N7951,nli,fixed-1600,7951
77,leaf:religious debate#t3,This article covers the topic of religious debate.,rewrite,3151,1151,1600,400,0,1.0,1.0,1.0,351,0.9590163934426229,False,1.0,False,0.0021169159954297356,1.0,False,20ng,20ng-N7951,nli,fixed-1600,7951
78,union:atheism|baseball#u1,This text discusses either atheism or baseball.,rewrite,7951,6751,0,1200,0,1.0,1.0,1.0,800,1.0,False,1.0,False,0.0008630829979665577,1.0,False,20ng,20ng-N7951,nli,fixed-1600,7951
79,leaf:items for sale#t2,The passage is related to items for sale.,rewrite,2000,400,1600,0,0,1.0,1.0,1.0,400,0.9592326139088729,False,1.0,False,0.0020867080020252615,1.0,False,20ng,20ng-N7951,nli,fixed-1600,7951
80,union:Macintosh hardware|religious debate#u0,The document is about Macintosh hardware or about religious debate.,rewrite,7951,4400,1600,1951,0,1.0,1.0,1.0,751,1.0,False,1.0,False,0.0014928329983376898,1.0,False,20ng,20ng-N7951,nli,fixed-1600,7951
81,group:motor vehicles#t1,This text discusses motor vehicles.,exact-hit,0,0,0,0,0,1.0,1.0,1.0,800,0.9791921664626683,False,1.0,False,6.9160014390945435e-06,1.0,False,20ng,20ng-N7951,nli,fixed-1600,7951
82,leaf:cars#t0,The document is about cars.,rewrite,2400,400,1600,400,0,1.0,1.0,1.0,400,0.9569377990430622,False,1.0,False,0.002147000006516464,1.0,False,20ng,20ng-N7951,nli,fixed-1600,7951
83,leaf:PC hardware#t0,The document is about PC hardware.,rewrite,4000,2400,1600,0,0,1.0,1.0,1.0,400,0.970873786407767,False,1.0,False,0.0021383339990279637,1.0,False,20ng,20ng-N7951,nli,fixed-1600,7951
84,group:religion#t2,The passage is related to religion.,rewrite,2751,1151,1600,0,0,1.0,1.0,1.0,1151,0.988831615120275,False,1.0,False,0.0024514589968021028,1.0,False,20ng,20ng-N7951,nli,fixed-1600,7951
85,union:Christianity|hockey#u0,The document is about Christianity or about hockey.,rewrite,3951,1951,1600,400,0,1.0,1.0,1.0,800,0.984009840098401,False,1.0,False,0.0023284999988391064,1.0,False,20ng,20ng-N7951,nli,fixed-1600,7951
86,group:religion#t0,The document is about religion.,exact-hit,0,0,0,0,0,1.0,1.0,1.0,1151,1.0,False,1.0,False,6.333000783342868e-06,1.0,False,20ng,20ng-N7951,nli,fixed-1600,7951
87,union:atheism|computer graphics#u1,This text discusses either atheism or computer graphics.,rewrite,7951,5551,0,2400,0,1.0,1.0,1.0,800,1.0,False,1.0,False,0.0012142090054112487,1.0,False,20ng,20ng-N7951,nli,fixed-1600,7951
88,union:motorcycles|political debate#u1,This text discusses either motorcycles or political debate.,rewrite,7951,6751,0,1200,0,1.0,1.0,1.0,800,1.0,False,1.0,False,0.0008909169991966337,1.0,False,20ng,20ng-N7951,nli,fixed-1600,7951
89,group:motor vehicles#t0,The document is about motor vehicles.,exact-hit,0,0,0,0,0,1.0,1.0,1.0,800,,,,,4.665998858399689e-06,1.0,,20ng,20ng-N7951,nli,fixed-1600,7951
90,union:PC hardware|political debate#u0,The document is about PC hardware or about political debate.,rewrite,5200,3200,1600,400,0,1.0,1.0,1.0,800,0.9888751545117429,False,1.0,False,0.0022650829996564426,1.0,False,20ng,20ng-N7951,nli,fixed-1600,7951
91,leaf:Macintosh hardware#t0,The document is about Macintosh hardware.,rewrite,4000,2000,1600,400,0,1.0,1.0,1.0,400,0.966183574879227,False,1.0,False,0.0020310409963713028,1.0,False,20ng,20ng-N7951,nli,fixed-1600,7951
92,leaf:items for sale#t1,This text discusses items for sale.,rewrite,2000,400,1600,0,0,1.0,1.0,1.0,400,0.9592326139088729,False,1.0,False,0.002021582993620541,1.0,False,20ng,20ng-N7951,nli,fixed-1600,7951
93,leaf:the Microsoft Windows operating system#t0,The document is about the Microsoft Windows operating system.,rewrite,3600,1600,1600,400,0,1.0,1.0,1.0,400,0.963855421686747,False,1.0,False,0.002170542000385467,1.0,False,20ng,20ng-N7951,nli,fixed-1600,7951
94,leaf:the Microsoft Windows operating system#t1,This text discusses the Microsoft Windows operating system.,exact-hit,0,0,0,0,0,1.0,1.0,1.0,400,1.0,False,1.0,False,5.875001079402864e-06,1.0,False,20ng,20ng-N7951,nli,fixed-1600,7951
95,group:computers#t3,This article covers the topic of computers.,rewrite,4000,2400,1600,0,0,1.0,1.0,1.0,2000,0.9950248756218906,False,1.0,False,0.0024955000044428743,1.0,False,20ng,20ng-N7951,nli,fixed-1600,7951
96,leaf:PC hardware#t1,This text discusses PC hardware.,rewrite,4000,2400,1600,0,0,1.0,1.0,1.0,400,0.970873786407767,False,1.0,False,0.0020662079987232573,1.0,False,20ng,20ng-N7951,nli,fixed-1600,7951
97,leaf:cars#t2,The passage is related to cars.,exact-hit,0,0,0,0,0,1.0,1.0,1.0,400,0.9569377990430622,False,1.0,False,6.666996341664344e-06,1.0,False,20ng,20ng-N7951,nli,fixed-1600,7951
98,union:Christianity|items for sale#u0,The document is about Christianity or about items for sale.,rewrite,7951,6400,0,1551,0,1.0,1.0,1.0,800,1.0,False,1.0,False,0.000964292004937306,1.0,False,20ng,20ng-N7951,nli,fixed-1600,7951
99,group:politics#t2,The passage is related to politics.,rewrite,2800,1200,1600,0,0,1.0,1.0,1.0,1200,0.9876543209876543,False,1.0,False,0.002376832999289036,1.0,False,20ng,20ng-N7951,nli,fixed-1600,7951
100,leaf:gun control#t2,The passage is related to gun control.,rewrite,2400,800,1600,0,0,1.0,1.0,1.0,400,0.966183574879227,False,1.0,False,0.002158417002647184,1.0,False,20ng,20ng-N7951,nli,fixed-1600,7951
101,union:Middle East affairs|items for sale#u1,This text discusses either Middle East affairs or items for sale.,exact-hit,0,0,0,0,0,1.0,1.0,1.0,800,1.0,False,1.0,False,5.666996003128588e-06,1.0,False,20ng,20ng-N7951,nli,fixed-1600,7951
102,leaf:computer graphics#t3,This article covers the topic of computer graphics.,rewrite,3600,1600,1600,400,0,1.0,1.0,1.0,400,0.963855421686747,False,1.0,False,0.002190291997976601,1.0,False,20ng,20ng-N7951,nli,fixed-1600,7951
103,leaf:religious debate#t3,This article covers the topic of religious debate.,exact-hit,0,0,0,0,0,1.0,1.0,1.0,351,0.9590163934426229,False,1.0,False,6.4159976318478584e-06,1.0,False,20ng,20ng-N7951,nli,fixed-1600,7951
104,leaf:atheism#t3,This article covers the topic of atheism.,exact-hit,0,0,0,0,0,1.0,1.0,1.0,400,0.966183574879227,False,1.0,False,3.3329997677356005e-06,1.0,False,20ng,20ng-N7951,nli,fixed-1600,7951
105,group:religion#t1,This text discusses religion.,exact-hit,0,0,0,0,0,1.0,1.0,1.0,1151,0.988831615120275,False,1.0,False,2.916996891144663e-06,1.0,False,20ng,20ng-N7951,nli,fixed-1600,7951
106,union:hockey|items for sale#u0,The document is about hockey or about items for sale.,rewrite,7951,6751,0,1200,0,1.0,1.0,1.0,800,1.0,False,1.0,False,0.0009243339954991825,1.0,False,20ng,20ng-N7951,nli,fixed-1600,7951
107,group:motor vehicles#t0,The document is about motor vehicles.,exact-hit,0,0,0,0,0,1.0,1.0,1.0,800,,,,,5.707996024284512e-06,1.0,,20ng,20ng-N7951,nli,fixed-1600,7951
108,union:space exploration|the Microsoft Windows operating system#u1,This text discusses either space exploration or the Microsoft Windows operating system.,rewrite,7951,5951,1600,400,0,1.0,1.0,1.0,800,1.0,False,1.0,False,0.0010114169999724254,1.0,False,20ng,20ng-N7951,nli,fixed-1600,7951
109,group:sports#t2,The passage is related to sports.,exact-hit,0,0,0,0,0,1.0,1.0,1.0,800,0.9828009828009828,False,1.0,False,5.000001692678779e-06,1.0,False,20ng,20ng-N7951,nli,fixed-1600,7951
110,group:sports#t1,This text discusses sports.,exact-hit,0,0,0,0,0,1.0,1.0,1.0,800,,,,,3.1659947126172483e-06,1.0,,20ng,20ng-N7951,nli,fixed-1600,7951
111,leaf:atheism#t3,This article covers the topic of atheism.,exact-hit,0,0,0,0,0,1.0,1.0,1.0,400,0.966183574879227,False,1.0,False,3.25000291923061e-06,1.0,False,20ng,20ng-N7951,nli,fixed-1600,7951
112,leaf:Middle East affairs#t2,The passage is related to Middle East affairs.,rewrite,4351,2351,1600,400,0,1.0,1.0,1.0,400,0.9732360097323601,False,1.0,False,0.0021638340040226467,1.0,False,20ng,20ng-N7951,nli,fixed-1600,7951
113,union:Macintosh hardware|motorcycles#u1,This text discusses either Macintosh hardware or motorcycles.,rewrite,3200,1200,1600,400,0,1.0,1.0,1.0,800,0.9815950920245399,False,1.0,False,0.002339457998459693,1.0,False,20ng,20ng-N7951,nli,fixed-1600,7951
114,union:political debate|religious debate#u0,The document is about political debate or about religious debate.,rewrite,7951,5600,0,2351,0,1.0,1.0,1.0,751,1.0,False,1.0,False,0.0011827920025098138,1.0,False,20ng,20ng-N7951,nli,fixed-1600,7951
115,leaf:gun control#t3,This article covers the topic of gun control.,rewrite,2400,800,1600,0,0,1.0,1.0,1.0,400,0.966183574879227,False,1.0,False,0.0021476660040207207,1.0,False,20ng,20ng-N7951,nli,fixed-1600,7951
116,leaf:medicine#t2,The passage is related to medicine.,rewrite,3200,1200,1600,400,0,1.0,1.0,1.0,400,0.9615384615384616,False,1.0,False,0.0022417079962906428,1.0,False,20ng,20ng-N7951,nli,fixed-1600,7951
117,group:politics#t1,This text discusses politics.,exact-hit,0,0,0,0,0,1.0,1.0,1.0,1200,,,,,6.124995707068592e-06,1.0,,20ng,20ng-N7951,nli,fixed-1600,7951
118,group:science#t2,The passage is related to science.,exact-hit,0,0,0,0,0,1.0,1.0,1.0,1600,0.9907120743034056,False,1.0,False,3.7909994716756046e-06,1.0,False,20ng,20ng-N7951,nli,fixed-1600,7951
119,group:religion#t0,The document is about religion.,exact-hit,0,0,0,0,0,1.0,1.0,1.0,1151,1.0,False,1.0,False,3.5420016502030194e-06,1.0,False,20ng,20ng-N7951,nli,fixed-1600,7951
0,group:motor vehicles#t0,The document is about motor vehicles.,cold,7951,7951,0,0,0,1.0,1.0,1.0,800,,,,,0.00021745899721281603,1.0,,20ng,20ng-N7951,nli,frac-0.02,7951
1,group:religion#t3,This article covers the topic of religion.,cold,7951,7951,0,0,0,1.0,1.0,1.0,1151,,,,,0.00039783299871487543,1.0,,20ng,20ng-N7951,nli,frac-0.02,7951
2,leaf:religious debate#t0,The document is about religious debate.,rewrite,7951,6800,24,1127,0,1.0,1.0,1.0,351,1.0,False,1.0,False,0.0005194580007810146,1.0,False,20ng,20ng-N7951,nli,frac-0.02,7951
3,group:politics#t1,This text discusses politics.,cold,7951,7951,0,0,0,1.0,1.0,1.0,1200,,,,,0.00032712500251363963,1.0,,20ng,20ng-N7951,nli,frac-0.02,7951
4,union:gun control|medicine#u0,The document is about gun control or about medicine.,cold,7951,7951,0,0,0,1.0,1.0,1.0,800,,,,,0.0002652910043252632,1.0,,20ng,20ng-N7951,nli,frac-0.02,7951
5,group:motor vehicles#t0,The document is about motor vehicles.,exact-hit,0,0,0,0,0,1.0,1.0,1.0,800,,,,,4.3339969124644995e-06,1.0,,20ng,20ng-N7951,nli,frac-0.02,7951
6,group:politics#t1,This text discusses politics.,exact-hit,0,0,0,0,0,1.0,1.0,1.0,1200,,,,,2.624998160172254e-06,1.0,,20ng,20ng-N7951,nli,frac-0.02,7951
7,group:religion#t0,The document is about religion.,rewrite,7951,351,152,7448,0,1.0,1.0,1.0,1151,1.0,False,1.0,False,0.00149983300070744,1.0,False,20ng,20ng-N7951,nli,frac-0.02,7951
8,leaf:political debate#t1,This text discusses political debate.,rewrite,7951,6751,24,1176,0,1.0,1.0,1.0,400,1.0,False,1.0,False,0.00048675000289222226,1.0,False,20ng,20ng-N7951,nli,frac-0.02,7951
9,group:sports#t1,This text discusses sports.,cold,7951,7951,0,0,0,1.0,1.0,1.0,800,,,,,0.00026366700330981985,1.0,,20ng,20ng-N7951,nli,frac-0.02,7951
10,group:science#t1,This text discusses science.,cold,7951,7951,0,0,0,1.0,1.0,1.0,1600,,,,,0.00039483299769926816,1.0,,20ng,20ng-N7951,nli,frac-0.02,7951
11,leaf:hockey#t1,This text discusses hockey.,rewrite,7951,7151,20,780,0,1.0,1.0,1.0,400,1.0,False,1.0,False,0.00047208300384227186,1.0,False,20ng,20ng-N7951,nli,frac-0.02,7951
12,leaf:religious debate#t2,The passage is related to religious debate.,rewrite,7620,800,156,6664,0,1.0,1.0,1.0,351,1.0,False,0.8376068376068376,False,0.0014912919941707514,1.0,False,20ng,20ng-N7951,nli,frac-0.02,7951
13,leaf:political debate#t0,The document is about political debate.,rewrite,7571,0,172,7399,0,1.0,1.0,1.0,400,1.0,False,0.8375,False,0.001422207998984959,1.0,False,20ng,20ng-N7951,nli,frac-0.02,7951
14,leaf:items for sale#t3,This article covers the topic of items for sale.,rewrite,7951,800,144,7007,0,1.0,1.0,1.0,400,1.0,False,1.0,False,0.0011313750001136214,1.0,False,20ng,20ng-N7951,nli,frac-0.02,7951
15,leaf:Christianity#t3,This article covers the topic of Christianity.,rewrite,7951,6800,24,1127,0,1.0,1.0,1.0,400,1.0,False,1.0,False,0.000539791006303858,1.0,False,20ng,20ng-N7951,nli,frac-0.02,7951
16,union:electronics|hockey#u0,The document is about electronics or about hockey.,cold,7951,7951,0,0,0,1.0,1.0,1.0,800,,,,,0.00031399999716086313,1.0,,20ng,20ng-N7951,nli,frac-0.02,7951
17,group:science#t2,The passage is related to science.,rewrite,6383,0,160,6223,0,1.0,1.0,1.0,1600,1.0,False,0.8925,False,0.0019368330031284131,1.0,False,20ng,20ng-N7951,nli,frac-0.02,7951
18,group:computers#t1,This text discusses computers.,cold,7951,7951,0,0,0,1.0,1.0,1.0,2000,,,,,0.0005658750014845282,1.0,,20ng,20ng-N7951,nli,frac-0.02,7951
19,union:Macintosh hardware|items for sale#u1,This text discusses either Macintosh hardware or items for sale.,rewrite,7571,5551,60,1960,0,1.0,1.0,1.0,800,1.0,False,0.91875,False,0.001318916998570785,1.0,False,20ng,20ng-N7951,nli,frac-0.02,7951
20,group:motor vehicles#t3,This article covers the topic of motor vehicles.,cold,7951,7951,0,0,0,1.0,1.0,1.0,800,,,,,0.0003862079975078814,1.0,,20ng,20ng-N7951,nli,frac-0.02,7951
21,group:sports#t3,This article covers the topic of sports.,rewrite,7571,400,164,7007,0,1.0,1.0,1.0,800,1.0,False,0.91875,False,0.0016905840020626783,1.0,False,20ng,20ng-N7951,nli,frac-0.02,7951
22,group:motor vehicles#t3,This article covers the topic of motor vehicles.,exact-hit,0,0,0,0,0,1.0,1.0,1.0,800,,,,,8.167000487446785e-06,1.0,,20ng,20ng-N7951,nli,frac-0.02,7951
23,group:motor vehicles#t3,This article covers the topic of motor vehicles.,exact-hit,0,0,0,0,0,1.0,1.0,1.0,800,,,,,3.125001967418939e-06,1.0,,20ng,20ng-N7951,nli,frac-0.02,7951
24,union:PC hardware|cryptography#u0,The document is about PC hardware or about cryptography.,rewrite,7951,5951,40,1960,0,1.0,1.0,1.0,800,1.0,False,1.0,False,0.0009637920011300594,1.0,False,20ng,20ng-N7951,nli,frac-0.02,7951
25,leaf:political debate#t1,This text discusses political debate.,exact-hit,0,0,0,0,0,1.0,1.0,1.0,400,1.0,False,1.0,False,6.000002031214535e-06,1.0,False,20ng,20ng-N7951,nli,frac-0.02,7951
26,union:Macintosh hardware|space exploration#u1,This text discusses either Macintosh hardware or space exploration.,rewrite,7951,5951,40,1960,0,1.0,1.0,1.0,800,1.0,False,1.0,False,0.0007982500028447248,1.0,False,20ng,20ng-N7951,nli,frac-0.02,7951
27,leaf:baseball#t2,The passage is related to baseball.,rewrite,7951,7151,20,780,0,1.0,1.0,1.0,400,1.0,False,1.0,False,0.000532208003278356,1.0,False,20ng,20ng-N7951,nli,frac-0.02,7951
28,group:computers#t0,The document is about computers.,rewrite,2120,2000,120,0,0,1.0,1.0,1.0,2000,0.9103322712790168,False,1.0,False,0.0023881250017439015,1.0,False,20ng,20ng-N7951,nli,frac-0.02,7951
29,leaf:baseball#t3,This article covers the topic of baseball.,rewrite,7951,7151,20,780,0,1.0,1.0,1.0,400,1.0,False,1.0,False,0.0017901250030263327,1.0,False,20ng,20ng-N7951,nli,frac-0.02,7951
30,leaf:electronics#t0,The document is about electronics.,rewrite,7951,0,160,7791,0,1.0,1.0,1.0,400,1.0,False,1.0,False,0.005628874998365063,1.0,False,20ng,20ng-N7951,nli,frac-0.02,7951
31,union:PC hardware|items for sale#u1,This text discusses either PC hardware or items for sale.,rewrite,7571,5151,80,2340,0,1.0,1.0,1.0,800,1.0,False,0.91,False,0.0024459580017719418,1.0,False,20ng,20ng-N7951,nli,frac-0.02,7951
32,union:computer graphics|motorcycles#u0,The document is about computer graphics or about motorcycles.,rewrite,7951,7151,20,780,0,1.0,1.0,1.0,800,1.0,False,1.0,False,0.0008585420000599697,1.0,False,20ng,20ng-N7951,nli,frac-0.02,7951
33,union:Macintosh hardware|electronics#u0,The document is about Macintosh hardware or about electronics.,rewrite,7571,5551,60,1960,0,1.0,1.0,1.0,800,1.0,False,0.91875,False,0.0013008750029257499,1.0,False,20ng,20ng-N7951,nli,frac-0.02,7951
34,group:computers#t1,This text discusses computers.,exact-hit,0,0,0,0,0,1.0,1.0,1.0,2000,,,,,6.2499966588802636e-06,1.0,,20ng,20ng-N7951,nli,frac-0.02,7951
35,group:religion#t1,This text discusses religion.,rewrite,7951,1151,136,6664,0,1.0,1.0,1.0,1151,1.0,False,1.0,False,0.0017681669996818528,1.0,False,20ng,20ng-N7951,nli,frac-0.02,7951
36,group:computers#t0,The document is about computers.,exact-hit,0,0,0,0,0,1.0,1.0,1.0,2000,0.9103322712790168,False,1.0,False,7.250004273373634e-06,1.0,False,20ng,20ng-N7951,nli,frac-0.02,7951
37,union:Middle East affairs|items for sale#u1,This text discusses either Middle East affairs or items for sale.,rewrite,7571,5200,68,2303,0,1.0,1.0,1.0,800,1.0,False,0.91,False,0.001757167003233917,1.0,False,20ng,20ng-N7951,nli,frac-0.02,7951
38,leaf:the Microsoft Windows operating system#t1,This text discusses the Microsoft Windows operating system.,rewrite,7951,5951,40,1960,0,1.0,1.0,1.0,400,1.0,False,1.0,False,0.0006545420037582517,1.0,False,20ng,20ng-N7951,nli,frac-0.02,7951
39,group:sports#t2,The passage is related to sports.,rewrite,7951,800,144,7007,0,1.0,1.0,1.0,800,1.0,False,1.0,False,0.001352917002805043,1.0,False,20ng,20ng-N7951,nli,frac-0.02,7951
40,leaf:motorcycles#t0,The document is about motorcycles.,rewrite,7951,7151,20,780,0,1.0,1.0,1.0,400,1.0,False,1.0,False,0.0005965410018688999,1.0,False,20ng,20ng-N7951,nli,frac-0.02,7951
41,group:motor vehicles#t0,The document is about motor vehicles.,exact-hit,0,0,0,0,0,1.0,1.0,1.0,800,,,,,4.375004209578037e-06,1.0,,20ng,20ng-N7951,nli,frac-0.02,7951
42,union:Christianity|political debate#u1,This text discusses either Christianity or political debate.,rewrite,7571,5600,64,1907,0,1.0,1.0,1.0,800,1.0,False,0.91,False,0.0015809999968041666,1.0,False,20ng,20ng-N7951,nli,frac-0.02,7951
43,group:motor vehicles#t2,The passage is related to motor vehicles.,rewrite,7571,400,164,7007,0,1.0,1.0,1.0,800,1.0,False,0.91875,False,0.0017077500015147962,1.0,False,20ng,20ng-N7951,nli,frac-0.02,7951
44,leaf:motorcycles#t2,The passage is related to motorcycles.,rewrite,7571,400,164,7007,0,1.0,1.0,1.0,400,1.0,False,0.8375,False,0.0019125420003547333,1.0,False,20ng,20ng-N7951,nli,frac-0.02,7951
45,group:motor vehicles#t1,This text discusses motor vehicles.,rewrite,7571,400,164,7007,0,1.0,1.0,1.0,800,1.0,False,0.91875,False,0.0017094159993575886,1.0,False,20ng,20ng-N7951,nli,frac-0.02,7951
46,group:religion#t0,The document is about religion.,exact-hit,0,0,0,0,0,1.0,1.0,1.0,1151,1.0,False,1.0,False,7.124996045604348e-06,1.0,False,20ng,20ng-N7951,nli,frac-0.02,7951
47,group:sports#t3,This article covers the topic of sports.,exact-hit,0,0,0,0,0,1.0,1.0,1.0,800,1.0,False,0.91875,False,4.540997906588018e-06,1.0,False,20ng,20ng-N7951,nli,frac-0.02,7951
48,union:Macintosh hardware|cars#u1,This text discusses either Macintosh hardware or cars.,rewrite,7951,7151,20,780,0,1.0,1.0,1.0,800,1.0,False,1.0,False,0.0008482499979436398,1.0,False,20ng,20ng-N7951,nli,frac-0.02,7951
49,leaf:computer graphics#t1,This text discusses computer graphics.,rewrite,7951,5951,40,1960,0,1.0,1.0,1.0,400,1.0,False,1.0,False,0.0006718750009895302,1.0,False,20ng,20ng-N7951,nli,frac-0.02,7951
50,union:atheism|hockey#u1,This text discusses either atheism or hockey.,rewrite,7951,7151,20,780,0,1.0,1.0,1.0,800,1.0,False,1.0,False,0.0007520830040448345,1.0,False,20ng,20ng-N7951,nli,frac-0.02,7951
51,leaf:items for sale#t0,The document is about items for sale.,rewrite,7951,400,152,7399,0,1.0,1.0,1.0,400,1.0,False,1.0,False,0.001612708998436574,1.0,False,20ng,20ng-N7951,nli,frac-0.02,7951
52,leaf:baseball#t0,The document is about baseball.,rewrite,7571,400,164,7007,0,1.0,1.0,1.0,400,1.0,False,0.8375,False,0.0014370839999173768,1.0,False,20ng,20ng-N7951,nli,frac-0.02,7951
53,union:hockey|motorcycles#u0,The document is about hockey or about motorcycles.,rewrite,7951,7151,20,780,0,1.0,1.0,1.0,800,1.0,False,1.0,False,0.0008320830020238645,1.0,False,20ng,20ng-N7951,nli,frac-0.02,7951
54,group:politics#t0,The document is about politics.,rewrite,7951,1200,136,6615,0,1.0,1.0,1.0,1200,1.0,False,1.0,False,0.001564582998980768,1.0,False,20ng,20ng-N7951,nli,frac-0.02,7951
55,group:motor vehicles#t1,This text discusses motor vehicles.,exact-hit,0,0,0,0,0,1.0,1.0,1.0,800,1.0,False,0.91875,False,6.624999514315277e-06,1.0,False,20ng,20ng-N7951,nli,frac-0.02,7951
56,leaf:atheism#t3,This article covers the topic of atheism.,rewrite,7951,800,144,7007,0,1.0,1.0,1.0,400,1.0,False,1.0,False,0.0011781249995692633,1.0,False,20ng,20ng-N7951,nli,frac-0.02,7951
57,union:atheism|gun control#u1,This text discusses either atheism or gun control.,rewrite,7571,7551,20,0,0,1.0,1.0,1.0,800,1.0,False,0.9325,False,0.0009075410052901134,1.0,False,20ng,20ng-N7951,nli,frac-0.02,7951
58,leaf:cars#t2,The passage is related to cars.,rewrite,7571,400,164,7007,0,1.0,1.0,1.0,400,1.0,False,0.8375,False,0.001927875004184898,1.0,False,20ng,20ng-N7951,nli,frac-0.02,7951
59,group:sports#t2,The passage is related to sports.,exact-hit,0,0,0,0,0,1.0,1.0,1.0,800,1.0,False,1.0,False,7.2920011007227e-06,1.0,False,20ng,20ng-N7951,nli,frac-0.02,7951
60,group:motor vehicles#t2,The passage is related to motor vehicles.,exact-hit,0,0,0,0,0,1.0,1.0,1.0,800,1.0,False,0.91875,False,3.3329997677356005e-06,1.0,False,20ng,20ng-N7951,nli,frac-0.02,7951
61,group:computers#t0,The document is about computers.,exact-hit,0,0,0,0,0,1.0,1.0,1.0,2000,0.9103322712790168,False,1.0,False,4.207999154459685e-06,1.0,False,20ng,20ng-N7951,nli,frac-0.02,7951
62,union:medicine|the Microsoft Windows operating system#u0,The document is about medicine or about the Microsoft Windows operating system.,rewrite,7951,4351,72,3528,0,1.0,1.0,1.0,800,1.0,False,1.0,False,0.001486792003561277,1.0,False,20ng,20ng-N7951,nli,frac-0.02,7951
63,union:baseball|items for sale#u0,The document is about baseball or about items for sale.,rewrite,7571,6751,40,780,0,1.0,1.0,1.0,800,1.0,False,0.91875,False,0.0017330420014332049,1.0,False,20ng,20ng-N7951,nli,frac-0.02,7951
64,union:atheism|medicine#u1,This text discusses either atheism or medicine.,rewrite,7571,7551,20,0,0,1.0,1.0,1.0,800,1.0,False,0.9325,False,0.0012981659965589643,1.0,False,20ng,20ng-N7951,nli,frac-0.02,7951
65,union:hockey|the X Window System#u1,This text discusses either hockey or the X Window System.,rewrite,7951,4751,80,3120,0,1.0,1.0,1.0,800,1.0,False,1.0,False,0.0017071249967557378,1.0,False,20ng,20ng-N7951,nli,frac-0.02,7951
66,leaf:cryptography#t0,The document is about cryptography.,rewrite,7951,800,144,7007,0,1.0,1.0,1.0,400,1.0,False,1.0,False,0.0013160419985069893,1.0,False,20ng,20ng-N7951,nli,frac-0.02,7951
67,leaf:motorcycles#t3,This article covers the topic of motorcycles.,rewrite,7571,800,156,6615,0,1.0,1.0,1.0,400,1.0,False,0.8375,False,0.0016446250010631047,1.0,False,20ng,20ng-N7951,nli,frac-0.02,7951
68,leaf:hockey#t1,This text discusses hockey.,exact-hit,0,0,0,0,0,1.0,1.0,1.0,400,1.0,False,1.0,False,7.000002369750291e-06,1.0,False,20ng,20ng-N7951,nli,frac-0.02,7951
69,leaf:baseball#t2,The passage is related to baseball.,exact-hit,0,0,0,0,0,1.0,1.0,1.0,400,1.0,False,1.0,False,3.9590013329871e-06,1.0,False,20ng,20ng-N7951,nli,frac-0.02,7951
70,group:motor vehicles#t0,The document is about motor vehicles.,exact-hit,0,0,0,0,0,1.0,1.0,1.0,800,,,,,3.5420016502030194e-06,1.0,,20ng,20ng-N7951,nli,frac-0.02,7951
71,leaf:the Microsoft Windows operating system#t2,The passage is related to the Microsoft Windows operating system.,rewrite,7571,1600,140,5831,0,1.0,1.0,1.0,400,1.0,False,0.8375,False,0.0021132920010131784,1.0,False,20ng,20ng-N7951,nli,frac-0.02,7951
72,leaf:motorcycles#t2,The passage is related to motorcycles.,exact-hit,0,0,0,0,0,1.0,1.0,1.0,400,1.0,False,0.8375,False,8.208000508602709e-06,1.0,False,20ng,20ng-N7951,nli,frac-0.02,7951
73,group:sports#t2,The passage is related to sports.,exact-hit,0,0,0,0,0,1.0,1.0,1.0,800,1.0,False,1.0,False,3.7089994293637574e-06,1.0,False,20ng,20ng-N7951,nli,frac-0.02,7951
74,union:Macintosh hardware|electronics#u1,This text discusses either Macintosh hardware or electronics.,rewrite,7571,2000,132,5439,0,1.0,1.0,1.0,800,1.0,False,0.91875,False,0.018861875003494788,1.0,False,20ng,20ng-N7951,nli,frac-0.02,7951
75,leaf:Christianity#t3,This article covers the topic of Christianity.,exact-hit,0,0,0,0,0,1.0,1.0,1.0,400,1.0,False,1.0,False,2.608299837447703e-05,1.0,False,20ng,20ng-N7951,nli,frac-0.02,7951
76,group:sports#t2,The passage is related to sports.,exact-hit,0,0,0,0,0,1.0,1.0,1.0,800,1.0,False,1.0,False,1.1832999007310718e-05,1.0,False,20ng,20ng-N7951,nli,frac-0.02,7951
77,leaf:religious debate#t3,This article covers the topic of religious debate.,rewrite,7951,1151,148,6652,0,1.0,1.0,1.0,351,1.0,False,1.0,False,0.0036799580047954805,1.0,False,20ng,20ng-N7951,nli,frac-0.02,7951
78,union:atheism|baseball#u1,This text discusses either atheism or baseball.,rewrite,7571,6751,40,780,0,1.0,1.0,1.0,800,1.0,False,0.91875,False,0.001655250001931563,1.0,False,20ng,20ng-N7951,nli,frac-0.02,7951
79,leaf:items for sale#t2,The passage is related to items for sale.,rewrite,7951,400,152,7399,0,1.0,1.0,1.0,400,1.0,False,1.0,False,0.0017270830066991039,1.0,False,20ng,20ng-N7951,nli,frac-0.02,7951
80,union:Macintosh hardware|religious debate#u0,The document is about Macintosh hardware or about religious debate.,rewrite,7620,4400,100,3120,0,1.0,1.0,1.0,751,1.0,False,0.9107856191744341,False,0.0020097499946132302,1.0,False,20ng,20ng-N7951,nli,frac-0.02,7951
81,group:motor vehicles#t1,This text discusses motor vehicles.,exact-hit,0,0,0,0,0,1.0,1.0,1.0,800,1.0,False,0.91875,False,8.583003364037722e-06,1.0,False,20ng,20ng-N7951,nli,frac-0.02,7951
82,leaf:cars#t0,The document is about cars.,rewrite,7571,400,164,7007,0,1.0,1.0,1.0,400,1.0,False,0.8375,False,0.002036249999946449,1.0,False,20ng,20ng-N7951,nli,frac-0.02,7951
83,leaf:PC hardware#t0,The document is about PC hardware.,rewrite,7951,2400,112,5439,0,1.0,1.0,1.0,400,1.0,False,1.0,False,0.0016488749970449135,1.0,False,20ng,20ng-N7951,nli,frac-0.02,7951
84,group:religion#t2,The passage is related to religion.,rewrite,7951,1151,136,6664,0,1.0,1.0,1.0,1151,1.0,False,1.0,False,0.0015467080011148937,1.0,False,20ng,20ng-N7951,nli,frac-0.02,7951
85,union:Christianity|hockey#u0,The document is about Christianity or about hockey.,rewrite,7571,1951,132,5488,0,1.0,1.0,1.0,800,1.0,False,0.91875,False,0.0017366249958286062,1.0,False,20ng,20ng-N7951,nli,frac-0.02,7951
86,group:religion#t0,The document is about religion.,exact-hit,0,0,0,0,0,1.0,1.0,1.0,1151,1.0,False,1.0,False,6.4169944380410016e-06,1.0,False,20ng,20ng-N7951,nli,frac-0.02,7951
87,union:atheism|computer graphics#u1,This text discusses either atheism or computer graphics.,rewrite,7191,5551,72,1568,0,1.0,1.0,1.0,800,1.0,False,0.82,False,0.0018118340012733825,1.0,False,20ng,20ng-N7951,nli,frac-0.02,7951
88,union:motorcycles|political debate#u1,This text discusses either motorcycles or political debate.,rewrite,7571,6751,40,780,0,1.0,1.0,1.0,800,1.0,False,0.91875,False,0.0013043340004514903,1.0,False,20ng,20ng-N7951,nli,frac-0.02,7951
89,group:motor vehicles#t0,The document is about motor vehicles.,exact-hit,0,0,0,0,0,1.0,1.0,1.0,800,,,,,5.4159972933121026e-06,1.0,,20ng,20ng-N7951,nli,frac-0.02,7951
90,union:PC hardware|political debate#u0,The document is about PC hardware or about political debate.,rewrite,7951,3200,108,4643,0,1.0,1.0,1.0,800,1.0,False,1.0,False,0.012068083997291978,1.0,False,20ng,20ng-N7951,nli,frac-0.02,7951
91,leaf:Macintosh hardware#t0,The document is about Macintosh hardware.,rewrite,7571,2000,132,5439,0,1.0,1.0,1.0,400,1.0,False,0.8375,False,0.002252250000310596,1.0,False,20ng,20ng-N7951,nli,frac-0.02,7951
92,leaf:items for sale#t1,This text discusses items for sale.,rewrite,7951,400,152,7399,0,1.0,1.0,1.0,400,1.0,False,1.0,False,0.0018029999991995282,1.0,False,20ng,20ng-N7951,nli,frac-0.02,7951
93,leaf:the Microsoft Windows operating system#t0,The document is about the Microsoft Windows operating system.,rewrite,7571,1600,140,5831,0,1.0,1.0,1.0,400,1.0,False,0.8375,False,0.001938250003149733,1.0,False,20ng,20ng-N7951,nli,frac-0.02,7951
94,leaf:the Microsoft Windows operating system#t1,This text discusses the Microsoft Windows operating system.,exact-hit,0,0,0,0,0,1.0,1.0,1.0,400,1.0,False,1.0,False,6.708003638777882e-06,1.0,False,20ng,20ng-N7951,nli,frac-0.02,7951
95,group:computers#t3,This article covers the topic of computers.,rewrite,2512,2400,112,0,0,1.0,1.0,1.0,2000,0.9182736455463728,False,1.0,False,0.0025012920013978146,1.0,False,20ng,20ng-N7951,nli,frac-0.02,7951
96,leaf:PC hardware#t1,This text discusses PC hardware.,rewrite,7951,2400,112,5439,0,1.0,1.0,1.0,400,1.0,False,1.0,False,0.0017821250003180467,1.0,False,20ng,20ng-N7951,nli,frac-0.02,7951
97,leaf:cars#t2,The passage is related to cars.,exact-hit,0,0,0,0,0,1.0,1.0,1.0,400,1.0,False,0.8375,False,7.458002073690295e-06,1.0,False,20ng,20ng-N7951,nli,frac-0.02,7951
98,union:Christianity|items for sale#u0,The document is about Christianity or about items for sale.,rewrite,7571,6400,44,1127,0,1.0,1.0,1.0,800,1.0,False,0.91875,False,0.001775583004928194,1.0,False,20ng,20ng-N7951,nli,frac-0.02,7951
99,group:politics#t2,The passage is related to politics.,rewrite,7951,1200,136,6615,0,1.0,1.0,1.0,1200,1.0,False,1.0,False,0.0023873329992056824,1.0,False,20ng,20ng-N7951,nli,frac-0.02,7951
100,leaf:gun control#t2,The passage is related to gun control.,rewrite,7951,800,144,7007,0,1.0,1.0,1.0,400,1.0,False,1.0,False,0.0013224580034147948,1.0,False,20ng,20ng-N7951,nli,frac-0.02,7951
101,union:Middle East affairs|items for sale#u1,This text discusses either Middle East affairs or items for sale.,exact-hit,0,0,0,0,0,1.0,1.0,1.0,800,1.0,False,0.91,False,6.166999810375273e-06,1.0,False,20ng,20ng-N7951,nli,frac-0.02,7951
102,leaf:computer graphics#t3,This article covers the topic of computer graphics.,rewrite,7571,1600,140,5831,0,1.0,1.0,1.0,400,1.0,False,0.8375,False,0.002029416005825624,1.0,False,20ng,20ng-N7951,nli,frac-0.02,7951
103,leaf:religious debate#t3,This article covers the topic of religious debate.,exact-hit,0,0,0,0,0,1.0,1.0,1.0,351,1.0,False,1.0,False,6.833004590589553e-06,1.0,False,20ng,20ng-N7951,nli,frac-0.02,7951
104,leaf:atheism#t3,This article covers the topic of atheism.,exact-hit,0,0,0,0,0,1.0,1.0,1.0,400,1.0,False,1.0,False,3.9579972508363426e-06,1.0,False,20ng,20ng-N7951,nli,frac-0.02,7951
105,group:religion#t1,This text discusses religion.,exact-hit,0,0,0,0,0,1.0,1.0,1.0,1151,1.0,False,1.0,False,7.6669966802001e-06,1.0,False,20ng,20ng-N7951,nli,frac-0.02,7951
106,union:hockey|items for sale#u0,The document is about hockey or about items for sale.,rewrite,7571,6751,40,780,0,1.0,1.0,1.0,800,1.0,False,0.91875,False,0.001601958996616304,1.0,False,20ng,20ng-N7951,nli,frac-0.02,7951
107,group:motor vehicles#t0,The document is about motor vehicles.,exact-hit,0,0,0,0,0,1.0,1.0,1.0,800,,,,,7.792004907969385e-06,1.0,,20ng,20ng-N7951,nli,frac-0.02,7951
108,union:space exploration|the Microsoft Windows operating system#u1,This text discusses either space exploration or the Microsoft Windows operating system.,rewrite,7951,5951,40,1960,0,1.0,1.0,1.0,800,1.0,False,1.0,False,0.004377208999358118,1.0,False,20ng,20ng-N7951,nli,frac-0.02,7951
109,group:sports#t2,The passage is related to sports.,exact-hit,0,0,0,0,0,1.0,1.0,1.0,800,1.0,False,1.0,False,8.458002412226051e-06,1.0,False,20ng,20ng-N7951,nli,frac-0.02,7951
110,group:sports#t1,This text discusses sports.,exact-hit,0,0,0,0,0,1.0,1.0,1.0,800,,,,,4.333000106271356e-06,1.0,,20ng,20ng-N7951,nli,frac-0.02,7951
111,leaf:atheism#t3,This article covers the topic of atheism.,exact-hit,0,0,0,0,0,1.0,1.0,1.0,400,1.0,False,1.0,False,4.707995685748756e-06,1.0,False,20ng,20ng-N7951,nli,frac-0.02,7951
112,leaf:Middle East affairs#t2,The passage is related to Middle East affairs.,rewrite,7571,2351,124,5096,0,1.0,1.0,1.0,400,1.0,False,0.8375,False,0.00613020799937658,1.0,False,20ng,20ng-N7951,nli,frac-0.02,7951
113,union:Macintosh hardware|motorcycles#u1,This text discusses either Macintosh hardware or motorcycles.,rewrite,7571,1200,148,6223,0,1.0,1.0,1.0,800,1.0,False,0.91875,False,0.0020503330015344545,1.0,False,20ng,20ng-N7951,nli,frac-0.02,7951
114,union:political debate|religious debate#u0,The document is about political debate or about religious debate.,rewrite,7571,5600,64,1907,0,1.0,1.0,1.0,751,1.0,False,0.9041278295605859,False,0.001787666005839128,1.0,False,20ng,20ng-N7951,nli,frac-0.02,7951
115,leaf:gun control#t3,This article covers the topic of gun control.,rewrite,7951,800,144,7007,0,1.0,1.0,1.0,400,1.0,False,1.0,False,0.0017179579954245128,1.0,False,20ng,20ng-N7951,nli,frac-0.02,7951
116,leaf:medicine#t2,The passage is related to medicine.,rewrite,7571,1200,148,6223,0,1.0,1.0,1.0,400,1.0,False,0.8375,False,0.002085583000734914,1.0,False,20ng,20ng-N7951,nli,frac-0.02,7951
117,group:politics#t1,This text discusses politics.,exact-hit,0,0,0,0,0,1.0,1.0,1.0,1200,,,,,7.624999852851033e-06,1.0,,20ng,20ng-N7951,nli,frac-0.02,7951
118,group:science#t2,The passage is related to science.,exact-hit,0,0,0,0,0,1.0,1.0,1.0,1600,1.0,False,0.8925,False,3.875000402331352e-06,1.0,False,20ng,20ng-N7951,nli,frac-0.02,7951
119,group:religion#t0,The document is about religion.,exact-hit,0,0,0,0,0,1.0,1.0,1.0,1151,1.0,False,1.0,False,3.417000698391348e-06,1.0,False,20ng,20ng-N7951,nli,frac-0.02,7951
0,group:motor vehicles#t0,The document is about motor vehicles.,cold,7951,7951,0,0,0,1.0,1.0,1.0,800,,,,,0.00020662500173784792,1.0,,20ng,20ng-N7951,nli,frac-0.05,7951
1,group:religion#t3,This article covers the topic of religion.,cold,7951,7951,0,0,0,1.0,1.0,1.0,1151,,,,,0.00041191699710907415,1.0,,20ng,20ng-N7951,nli,frac-0.05,7951
2,leaf:religious debate#t0,The document is about religious debate.,rewrite,7951,6800,58,1093,0,1.0,1.0,1.0,351,1.0,False,1.0,False,0.0005351250001695007,1.0,False,20ng,20ng-N7951,nli,frac-0.05,7951
3,group:politics#t1,This text discusses politics.,cold,7951,7951,0,0,0,1.0,1.0,1.0,1200,,,,,0.0003321249969303608,1.0,,20ng,20ng-N7951,nli,frac-0.05,7951
4,union:gun control|medicine#u0,The document is about gun control or about medicine.,cold,7951,7951,0,0,0,1.0,1.0,1.0,800,,,,,0.0002556670006015338,1.0,,20ng,20ng-N7951,nli,frac-0.05,7951
5,group:motor vehicles#t0,The document is about motor vehicles.,exact-hit,0,0,0,0,0,1.0,1.0,1.0,800,,,,,4.04199818149209e-06,1.0,,20ng,20ng-N7951,nli,frac-0.05,7951
6,group:politics#t1,This text discusses politics.,exact-hit,0,0,0,0,0,1.0,1.0,1.0,1200,,,,,2.458000381011516e-06,1.0,,20ng,20ng-N7951,nli,frac-0.05,7951
7,group:religion#t0,The document is about religion.,rewrite,7951,351,380,7220,0,1.0,1.0,1.0,1151,1.0,False,1.0,False,0.0014383750021806918,1.0,False,20ng,20ng-N7951,nli,frac-0.05,7951
8,leaf:political debate#t1,This text discusses political debate.,rewrite,7951,6751,60,1140,0,1.0,1.0,1.0,400,1.0,False,1.0,False,0.00048208400403382257,1.0,False,20ng,20ng-N7951,nli,frac-0.05,7951
9,group:sports#t1,This text discusses sports.,cold,7951,7951,0,0,0,1.0,1.0,1.0,800,,,,,0.0002716659946599975,1.0,,20ng,20ng-N7951,nli,frac-0.05,7951
10,group:science#t1,This text discusses science.,cold,7951,7951,0,0,0,1.0,1.0,1.0,1600,,,,,0.0003917090070899576,1.0,,20ng,20ng-N7951,nli,frac-0.05,7951
11,leaf:hockey#t1,This text discusses hockey.,rewrite,7951,7151,40,760,0,1.0,1.0,1.0,400,1.0,False,1.0,False,0.0004711250003310852,1.0,False,20ng,20ng-N7951,nli,frac-0.05,7951
12,leaf:religious debate#t2,The passage is related to religious debate.,rewrite,7620,800,360,6460,0,1.0,1.0,1.0,351,1.0,False,0.8376068376068376,False,0.0014310420010588132,1.0,False,20ng,20ng-N7951,nli,frac-0.05,7951
13,leaf:political debate#t0,The document is about political debate.,rewrite,7571,0,398,7173,0,1.0,1.0,1.0,400,1.0,False,0.8375,False,0.0012643750014831312,1.0,False,20ng,20ng-N7951,nli,frac-0.05,7951
14,leaf:items for sale#t3,This article covers the topic of items for sale.,rewrite,7951,800,358,6793,0,1.0,1.0,1.0,400,1.0,False,1.0,False,0.0010757919953903183,1.0,False,20ng,20ng-N7951,nli,frac-0.05,7951
15,leaf:Christianity#t3,This article covers the topic of Christianity.,rewrite,7951,6800,58,1093,0,1.0,1.0,1.0,400,1.0,False,1.0,False,0.0005260419929982163,1.0,False,20ng,20ng-N7951,nli,frac-0.05,7951
16,union:electronics|hockey#u0,The document is about electronics or about hockey.,cold,7951,7951,0,0,0,1.0,1.0,1.0,800,,,,,0.0002930830014520325,1.0,,20ng,20ng-N7951,nli,frac-0.05,7951
17,group:science#t2,The passage is related to science.,rewrite,398,0,398,0,0,1.0,1.0,1.0,1600,0.9479553903345725,False,0.95625,False,0.0025803329990594648,1.0,False,20ng,20ng-N7951,nli,frac-0.05,7951
18,group:computers#t1,This text discusses computers.,cold,7951,7951,0,0,0,1.0,1.0,1.0,2000,,,,,0.0005572919981204905,1.0,,20ng,20ng-N7951,nli,frac-0.05,7951
19,union:Macintosh hardware|items for sale#u1,This text discusses either Macintosh hardware or items for sale.,rewrite,7571,5551,120,1900,0,1.0,1.0,1.0,800,1.0,False,0.91875,False,0.0012310419988352805,1.0,False,20ng,20ng-N7951,nli,frac-0.05,7951
20,group:motor vehicles#t3,This article covers the topic of motor vehicles.,cold,7951,7951,0,0,0,1.0,1.0,1.0,800,,,,,0.0003775000004679896,1.0,,20ng,20ng-N7951,nli,frac-0.05,7951
21,group:sports#t3,This article covers the topic of sports.,rewrite,7571,400,378,6793,0,1.0,1.0,1.0,800,1.0,False,0.91875,False,0.0016856250003911555,1.0,False,20ng,20ng-N7951,nli,frac-0.05,7951
22,group:motor vehicles#t3,This article covers the topic of motor vehicles.,exact-hit,0,0,0,0,0,1.0,1.0,1.0,800,,,,,6.916998245287687e-06,1.0,,20ng,20ng-N7951,nli,frac-0.05,7951
23,group:motor vehicles#t3,This article covers the topic of motor vehicles.,exact-hit,0,0,0,0,0,1.0,1.0,1.0,800,,,,,3.0000010156072676e-06,1.0,,20ng,20ng-N7951,nli,frac-0.05,7951
24,union:PC hardware|cryptography#u0,The document is about PC hardware or about cryptography.,rewrite,7951,5951,100,1900,0,1.0,1.0,1.0,800,1.0,False,1.0,False,0.0009796249942155555,1.0,False,20ng,20ng-N7951,nli,frac-0.05,7951
25,leaf:political debate#t1,This text discusses political debate.,exact-hit,0,0,0,0,0,1.0,1.0,1.0,400,1.0,False,1.0,False,5.1249953685328364e-06,1.0,False,20ng,20ng-N7951,nli,frac-0.05,7951
26,union:Macintosh hardware|space exploration#u1,This text discusses either Macintosh hardware or space exploration.,rewrite,7951,5951,100,1900,0,1.0,1.0,1.0,800,1.0,False,1.0,False,0.000756458000978455,1.0,False,20ng,20ng-N7951,nli,frac-0.05,7951
27,leaf:baseball#t2,The passage is related to baseball.,rewrite,7951,7151,40,760,0,1.0,1.0,1.0,400,1.0,False,1.0,False,0.0005397080021793954,1.0,False,20ng,20ng-N7951,nli,frac-0.05,7951
28,group:computers#t0,The document is about computers.,rewrite,2298,2000,298,0,0,1.0,1.0,1.0,2000,0.962000962000962,False,1.0,False,0.0023460829979740083,1.0,False,20ng,20ng-N7951,nli,frac-0.05,7951
29,leaf:baseball#t3,This article covers the topic of baseball.,rewrite,7951,7151,40,760,0,1.0,1.0,1.0,400,1.0,False,1.0,False,0.0006169170010252856,1.0,False,20ng,20ng-N7951,nli,frac-0.05,7951
30,leaf:electronics#t0,The document is about electronics.,rewrite,7951,0,398,7553,0,1.0,1.0,1.0,400,1.0,False,1.0,False,0.0020192500014672987,1.0,False,20ng,20ng-N7951,nli,frac-0.05,7951
31,union:PC hardware|items for sale#u1,This text discusses either PC hardware or items for sale.,rewrite,7571,5151,140,2280,0,1.0,1.0,1.0,800,1.0,False,0.91,False,0.001593332999618724,1.0,False,20ng,20ng-N7951,nli,frac-0.05,7951
32,union:computer graphics|motorcycles#u0,The document is about computer graphics or about motorcycles.,rewrite,7951,7151,40,760,0,1.0,1.0,1.0,800,1.0,False,1.0,False,0.0007526250046794303,1.0,False,20ng,20ng-N7951,nli,frac-0.05,7951
33,union:Macintosh hardware|electronics#u0,The document is about Macintosh hardware or about electronics.,rewrite,7571,5551,120,1900,0,1.0,1.0,1.0,800,1.0,False,0.91875,False,0.0012284580006962642,1.0,False,20ng,20ng-N7951,nli,frac-0.05,7951
34,group:computers#t1,This text discusses computers.,exact-hit,0,0,0,0,0,1.0,1.0,1.0,2000,,,,,5.875001079402864e-06,1.0,,20ng,20ng-N7951,nli,frac-0.05,7951
35,group:religion#t1,This text discusses religion.,rewrite,1491,1151,340,0,0,1.0,1.0,1.0,1151,0.94189852700491,False,1.0,False,0.002223582996521145,1.0,False,20ng,20ng-N7951,nli,frac-0.05,7951
36,group:computers#t0,The document is about computers.,exact-hit,0,0,0,0,0,1.0,1.0,1.0,2000,0.962000962000962,False,1.0,False,7.833004929125309e-06,1.0,False,20ng,20ng-N7951,nli,frac-0.05,7951
37,union:Middle East affairs|items for sale#u1,This text discusses either Middle East affairs or items for sale.,rewrite,7571,5200,138,2233,0,1.0,1.0,1.0,800,1.0,False,0.91,False,0.0017107910025515594,1.0,False,20ng,20ng-N7951,nli,frac-0.05,7951
38,leaf:the Microsoft Windows operating system#t1,This text discusses the Microsoft Windows operating system.,rewrite,7951,5951,100,1900,0,1.0,1.0,1.0,400,1.0,False,1.0,False,0.0006382919964380562,1.0,False,20ng,20ng-N7951,nli,frac-0.05,7951
39,group:sports#t2,The passage is related to sports.,rewrite,1158,800,358,0,0,1.0,1.0,1.0,800,0.9184845005740528,False,1.0,False,0.002080208003462758,1.0,False,20ng,20ng-N7951,nli,frac-0.05,7951
40,leaf:motorcycles#t0,The document is about motorcycles.,rewrite,7951,7151,40,760,0,1.0,1.0,1.0,400,1.0,False,1.0,False,0.0006559160028700717,1.0,False,20ng,20ng-N7951,nli,frac-0.05,7951
41,group:motor vehicles#t0,The document is about motor vehicles.,exact-hit,0,0,0,0,0,1.0,1.0,1.0,800,,,,,4.250003257766366e-06,1.0,,20ng,20ng-N7951,nli,frac-0.05,7951
42,union:Christianity|political debate#u1,This text discusses either Christianity or political debate.,rewrite,7571,5600,118,1853,0,1.0,1.0,1.0,800,1.0,False,0.91,False,0.0016257919996860437,1.0,False,20ng,20ng-N7951,nli,frac-0.05,7951
43,group:motor vehicles#t2,The passage is related to motor vehicles.,rewrite,7571,400,378,6793,0,1.0,1.0,1.0,800,1.0,False,0.91875,False,0.0017960000041057356,1.0,False,20ng,20ng-N7951,nli,frac-0.05,7951
44,leaf:motorcycles#t2,The passage is related to motorcycles.,rewrite,7571,400,378,6793,0,1.0,1.0,1.0,400,1.0,False,0.8375,False,0.001938874993356876,1.0,False,20ng,20ng-N7951,nli,frac-0.05,7951
45,group:motor vehicles#t1,This text discusses motor vehicles.,rewrite,7571,400,378,6793,0,1.0,1.0,1.0,800,1.0,False,0.91875,False,0.0018171249976148829,1.0,False,20ng,20ng-N7951,nli,frac-0.05,7951
46,group:religion#t0,The document is about religion.,exact-hit,0,0,0,0,0,1.0,1.0,1.0,1151,1.0,False,1.0,False,6.374997610691935e-06,1.0,False,20ng,20ng-N7951,nli,frac-0.05,7951
47,group:sports#t3,This article covers the topic of sports.,exact-hit,0,0,0,0,0,1.0,1.0,1.0,800,1.0,False,0.91875,False,4.1669991333037615e-06,1.0,False,20ng,20ng-N7951,nli,frac-0.05,7951
48,union:Macintosh hardware|cars#u1,This text discusses either Macintosh hardware or cars.,rewrite,7951,7151,40,760,0,1.0,1.0,1.0,800,1.0,False,1.0,False,0.0008654999983264133,1.0,False,20ng,20ng-N7951,nli,frac-0.05,7951
49,leaf:computer graphics#t1,This text discusses computer graphics.,rewrite,7951,5951,100,1900,0,1.0,1.0,1.0,400,1.0,False,1.0,False,0.000712875000317581,1.0,False,20ng,20ng-N7951,nli,frac-0.05,7951
50,union:atheism|hockey#u1,This text discusses either atheism or hockey.,rewrite,7951,7151,40,760,0,1.0,1.0,1.0,800,1.0,False,1.0,False,0.0007664170043426566,1.0,False,20ng,20ng-N7951,nli,frac-0.05,7951
51,leaf:items for sale#t0,The document is about items for sale.,rewrite,7951,400,378,7173,0,1.0,1.0,1.0,400,1.0,False,1.0,False,0.0016361250018235296,1.0,False,20ng,20ng-N7951,nli,frac-0.05,7951
52,leaf:baseball#t0,The document is about baseball.,rewrite,7571,400,378,6793,0,1.0,1.0,1.0,400,1.0,False,0.8375,False,0.0015387919993372634,1.0,False,20ng,20ng-N7951,nli,frac-0.05,7951
53,union:hockey|motorcycles#u0,The document is about hockey or about motorcycles.,rewrite,7951,7151,40,760,0,1.0,1.0,1.0,800,1.0,False,1.0,False,0.0008799159986665472,1.0,False,20ng,20ng-N7951,nli,frac-0.05,7951
54,group:politics#t0,The document is about politics.,rewrite,1538,1200,338,0,0,1.0,1.0,1.0,1200,0.9441384736428009,False,1.0,False,0.0023191669970401563,1.0,False,20ng,20ng-N7951,nli,frac-0.05,7951
55,group:motor vehicles#t1,This text discusses motor vehicles.,exact-hit,0,0,0,0,0,1.0,1.0,1.0,800,1.0,False,0.91875,False,6.707996362820268e-06,1.0,False,20ng,20ng-N7951,nli,frac-0.05,7951
56,leaf:atheism#t3,This article covers the topic of atheism.,rewrite,7951,800,358,6793,0,1.0,1.0,1.0,400,1.0,False,1.0,False,0.0013200419998611324,1.0,False,20ng,20ng-N7951,nli,frac-0.05,7951
57,union:atheism|gun control#u1,This text discusses either atheism or gun control.,rewrite,7571,7551,20,0,0,1.0,1.0,1.0,800,1.0,False,0.9325,False,0.000934750001761131,1.0,False,20ng,20ng-N7951,nli,frac-0.05,7951
58,leaf:cars#t2,The passage is related to cars.,rewrite,7571,400,378,6793,0,1.0,1.0,1.0,400,1.0,False,0.8375,False,0.0018973339974763803,1.0,False,20ng,20ng-N7951,nli,frac-0.05,7951
59,group:sports#t2,The passage is related to sports.,exact-hit,0,0,0,0,0,1.0,1.0,1.0,800,0.9184845005740528,False,1.0,False,7.166003342717886e-06,1.0,False,20ng,20ng-N7951,nli,frac-0.05,7951
60,group:motor vehicles#t2,The passage is related to motor vehicles.,exact-hit,0,0,0,0,0,1.0,1.0,1.0,800,1.0,False,0.91875,False,3.9590013329871e-06,1.0,False,20ng,20ng-N7951,nli,frac-0.05,7951
61,group:computers#t0,The document is about computers.,exact-hit,0,0,0,0,0,1.0,1.0,1.0,2000,0.962000962000962,False,1.0,False,4.208995960652828e-06,1.0,False,20ng,20ng-N7951,nli,frac-0.05,7951
62,union:medicine|the Microsoft Windows operating system#u0,The document is about medicine or about the Microsoft Windows operating system.,rewrite,7951,4351,180,3420,0,1.0,1.0,1.0,800,1.0,False,1.0,False,0.001439708001271356,1.0,False,20ng,20ng-N7951,nli,frac-0.05,7951
63,union:baseball|items for sale#u0,The document is about baseball or about items for sale.,rewrite,7571,6751,60,760,0,1.0,1.0,1.0,800,1.0,False,0.91875,False,0.001442541994038038,1.0,False,20ng,20ng-N7951,nli,frac-0.05,7951
64,union:atheism|medicine#u1,This text discusses either atheism or medicine.,rewrite,7571,7551,20,0,0,1.0,1.0,1.0,800,1.0,False,0.9325,False,0.0010068340052384883,1.0,False,20ng,20ng-N7951,nli,frac-0.05,7951
65,union:hockey|the X Window System#u1,This text discusses either hockey or the X Window System.,rewrite,7951,4751,160,3040,0,1.0,1.0,1.0,800,1.0,False,1.0,False,0.0015783339986228384,1.0,False,20ng,20ng-N7951,nli,frac-0.05,7951
66,leaf:cryptography#t0,The document is about cryptography.,rewrite,7951,800,358,6793,0,1.0,1.0,1.0,400,1.0,False,1.0,False,0.0013005420041736215,1.0,False,20ng,20ng-N7951,nli,frac-0.05,7951
67,leaf:motorcycles#t3,This article covers the topic of motorcycles.,rewrite,7571,800,358,6413,0,1.0,1.0,1.0,400,1.0,False,0.8375,False,0.0015243340021697804,1.0,False,20ng,20ng-N7951,nli,frac-0.05,7951
68,leaf:hockey#t1,This text discusses hockey.,exact-hit,0,0,0,0,0,1.0,1.0,1.0,400,1.0,False,1.0,False,5.83400105824694e-06,1.0,False,20ng,20ng-N7951,nli,frac-0.05,7951
69,leaf:baseball#t2,The passage is related to baseball.,exact-hit,0,0,0,0,0,1.0,1.0,1.0,400,1.0,False,1.0,False,3.2079988159239292e-06,1.0,False,20ng,20ng-N7951,nli,frac-0.05,7951
70,group:motor vehicles#t0,The document is about motor vehicles.,exact-hit,0,0,0,0,0,1.0,1.0,1.0,800,,,,,3.0000010156072676e-06,1.0,,20ng,20ng-N7951,nli,frac-0.05,7951
71,leaf:the Microsoft Windows operating system#t2,The passage is related to the Microsoft Windows operating system.,rewrite,7571,1600,318,5653,0,1.0,1.0,1.0,400,1.0,False,0.8375,False,0.0019945000021834858,1.0,False,20ng,20ng-N7951,nli,frac-0.05,7951
72,leaf:motorcycles#t2,The passage is related to motorcycles.,exact-hit,0,0,0,0,0,1.0,1.0,1.0,400,1.0,False,0.8375,False,7.582995749544352e-06,1.0,False,20ng,20ng-N7951,nli,frac-0.05,7951
73,group:sports#t2,The passage is related to sports.,exact-hit,0,0,0,0,0,1.0,1.0,1.0,800,0.9184845005740528,False,1.0,False,3.6249984987080097e-06,1.0,False,20ng,20ng-N7951,nli,frac-0.05,7951
74,union:Macintosh hardware|electronics#u1,This text discusses either Macintosh hardware or electronics.,rewrite,7193,2000,298,4895,0,1.0,1.0,1.0,800,0.906288532675709,False,0.91875,False,0.002739166004175786,1.0,False,20ng,20ng-N7951,nli,frac-0.05,7951
75,leaf:Christianity#t3,This article covers the topic of Christianity.,exact-hit,0,0,0,0,0,1.0,1.0,1.0,400,1.0,False,1.0,False,8.499999239575118e-06,1.0,False,20ng,20ng-N7951,nli,frac-0.05,7951
76,group:sports#t2,The passage is related to sports.,exact-hit,0,0,0,0,0,1.0,1.0,1.0,800,0.9184845005740528,False,1.0,False,3.3750038710422814e-06,1.0,False,20ng,20ng-N7951,nli,frac-0.05,7951
77,leaf:religious debate#t3,This article covers the topic of religious debate.,rewrite,7951,1151,340,6460,0,1.0,1.0,1.0,351,1.0,False,1.0,False,0.0016475000011269003,1.0,False,20ng,20ng-N7951,nli,frac-0.05,7951
78,union:atheism|baseball#u1,This text discusses either atheism or baseball.,rewrite,7571,6751,60,760,0,1.0,1.0,1.0,800,1.0,False,0.91875,False,0.001321458003076259,1.0,False,20ng,20ng-N7951,nli,frac-0.05,7951
79,leaf:items for sale#t2,The passage is related to items for sale.,rewrite,7951,400,378,7173,0,1.0,1.0,1.0,400,1.0,False,1.0,False,0.001783625004463829,1.0,False,20ng,20ng-N7951,nli,frac-0.05,7951
80,union:Macintosh hardware|religious debate#u0,The document is about Macintosh hardware or about religious debate.,rewrite,7620,4400,180,3040,0,1.0,1.0,1.0,751,1.0,False,0.9107856191744341,False,0.002063542000541929,1.0,False,20ng,20ng-N7951,nli,frac-0.05,7951
81,group:motor vehicles#t1,This text discusses motor vehicles.,exact-hit,0,0,0,0,0,1.0,1.0,1.0,800,1.0,False,0.91875,False,1.0083000233862549e-05,1.0,False,20ng,20ng-N7951,nli,frac-0.05,7951
82,leaf:cars#t0,The document is about cars.,rewrite,7571,400,378,6793,0,1.0,1.0,1.0,400,1.0,False,0.8375,False,0.002185166005801875,1.0,False,20ng,20ng-N7951,nli,frac-0.05,7951
83,leaf:PC hardware#t0,The document is about PC hardware.,rewrite,7951,2400,278,5273,0,1.0,1.0,1.0,400,1.0,False,1.0,False,0.0017904170017573051,1.0,False,20ng,20ng-N7951,nli,frac-0.05,7951
84,group:religion#t2,The passage is related to religion.,rewrite,1491,1151,340,0,0,1.0,1.0,1.0,1151,0.94189852700491,False,1.0,False,0.002386166997894179,1.0,False,20ng,20ng-N7951,nli,frac-0.05,7951
85,union:Christianity|hockey#u0,The document is about Christianity or about hockey.,rewrite,7571,1951,300,5320,0,1.0,1.0,1.0,800,1.0,False,0.91875,False,0.0019302920045447536,1.0,False,20ng,20ng-N7951,nli,frac-0.05,7951
86,group:religion#t0,The document is about religion.,exact-hit,0,0,0,0,0,1.0,1.0,1.0,1151,1.0,False,1.0,False,6.458001735154539e-06,1.0,False,20ng,20ng-N7951,nli,frac-0.05,7951
87,union:atheism|computer graphics#u1,This text discusses either atheism or computer graphics.,rewrite,7191,5551,120,1520,0,1.0,1.0,1.0,800,1.0,False,0.82,False,0.001902874995721504,1.0,False,20ng,20ng-N7951,nli,frac-0.05,7951
88,union:motorcycles|political debate#u1,This text discusses either motorcycles or political debate.,rewrite,7571,6751,60,760,0,1.0,1.0,1.0,800,1.0,False,0.91875,False,0.0014549159968737513,1.0,False,20ng,20ng-N7951,nli,frac-0.05,7951
89,group:motor vehicles#t0,The document is about motor vehicles.,exact-hit,0,0,0,0,0,1.0,1.0,1.0,800,,,,,5.875001079402864e-06,1.0,,20ng,20ng-N7951,nli,frac-0.05,7951
90,union:PC hardware|political debate#u0,The document is about PC hardware or about political debate.,rewrite,3818,3200,238,380,0,1.0,1.0,1.0,800,0.9049773755656109,False,1.0,False,0.002420208002149593,1.0,False,20ng,20ng-N7951,nli,frac-0.05,7951
91,leaf:Macintosh hardware#t0,The document is about Macintosh hardware.,rewrite,7571,2000,298,5273,0,1.0,1.0,1.0,400,1.0,False,0.8375,False,0.001901875002658926,1.0,False,20ng,20ng-N7951,nli,frac-0.05,7951
92,leaf:items for sale#t1,This text discusses items for sale.,rewrite,7951,400,378,7173,0,1.0,1.0,1.0,400,1.0,False,1.0,False,0.001711999997496605,1.0,False,20ng,20ng-N7951,nli,frac-0.05,7951
93,leaf:the Microsoft Windows operating system#t0,The document is about the Microsoft Windows operating system.,rewrite,7571,1600,318,5653,0,1.0,1.0,1.0,400,1.0,False,0.8375,False,0.0019375410047359765,1.0,False,20ng,20ng-N7951,nli,frac-0.05,7951
94,leaf:the Microsoft Windows operating system#t1,This text discusses the Microsoft Windows operating system.,exact-hit,0,0,0,0,0,1.0,1.0,1.0,400,1.0,False,1.0,False,5.750000127591193e-06,1.0,False,20ng,20ng-N7951,nli,frac-0.05,7951
95,group:computers#t3,This article covers the topic of computers.,rewrite,2678,2400,278,0,0,1.0,1.0,1.0,2000,0.9657170449058425,False,1.0,False,0.0024161669934983365,1.0,False,20ng,20ng-N7951,nli,frac-0.05,7951
96,leaf:PC hardware#t1,This text discusses PC hardware.,rewrite,7951,2400,278,5273,0,1.0,1.0,1.0,400,1.0,False,1.0,False,0.0016927920005400665,1.0,False,20ng,20ng-N7951,nli,frac-0.05,7951
97,leaf:cars#t2,The passage is related to cars.,exact-hit,0,0,0,0,0,1.0,1.0,1.0,400,1.0,False,0.8375,False,5.7919969549402595e-06,1.0,False,20ng,20ng-N7951,nli,frac-0.05,7951
98,union:Christianity|items for sale#u0,The document is about Christianity or about items for sale.,rewrite,7571,6400,78,1093,0,1.0,1.0,1.0,800,1.0,False,0.91875,False,0.0013235000005806796,1.0,False,20ng,20ng-N7951,nli,frac-0.05,7951
99,group:politics#t2,The passage is related to politics.,rewrite,1538,1200,338,0,0,1.0,1.0,1.0,1200,0.9382329945269742,False,1.0,False,0.002408166001259815,1.0,False,20ng,20ng-N7951,nli,frac-0.05,7951
100,leaf:gun control#t2,The passage is related to gun control.,rewrite,7951,800,358,6793,0,1.0,1.0,1.0,400,1.0,False,1.0,False,0.003419666005356703,1.0,False,20ng,20ng-N7951,nli,frac-0.05,7951
101,union:Middle East affairs|items for sale#u1,This text discusses either Middle East affairs or items for sale.,exact-hit,0,0,0,0,0,1.0,1.0,1.0,800,1.0,False,0.91,False,1.2707998394034803e-05,1.0,False,20ng,20ng-N7951,nli,frac-0.05,7951
102,leaf:computer graphics#t3,This article covers the topic of computer graphics.,rewrite,7571,1600,318,5653,0,1.0,1.0,1.0,400,1.0,False,0.8375,False,0.0027026669995393604,1.0,False,20ng,20ng-N7951,nli,frac-0.05,7951
103,leaf:religious debate#t3,This article covers the topic of religious debate.,exact-hit,0,0,0,0,0,1.0,1.0,1.0,351,1.0,False,1.0,False,1.3791999663226306e-05,1.0,False,20ng,20ng-N7951,nli,frac-0.05,7951
104,leaf:atheism#t3,This article covers the topic of atheism.,exact-hit,0,0,0,0,0,1.0,1.0,1.0,400,1.0,False,1.0,False,4.375004209578037e-06,1.0,False,20ng,20ng-N7951,nli,frac-0.05,7951
105,group:religion#t1,This text discusses religion.,exact-hit,0,0,0,0,0,1.0,1.0,1.0,1151,0.94189852700491,False,1.0,False,3.625005774665624e-06,1.0,False,20ng,20ng-N7951,nli,frac-0.05,7951
106,union:hockey|items for sale#u0,The document is about hockey or about items for sale.,rewrite,7571,6751,60,760,0,1.0,1.0,1.0,800,1.0,False,0.91875,False,0.004560957997455262,1.0,False,20ng,20ng-N7951,nli,frac-0.05,7951
107,group:motor vehicles#t0,The document is about motor vehicles.,exact-hit,0,0,0,0,0,1.0,1.0,1.0,800,,,,,2.7624999347608536e-05,1.0,,20ng,20ng-N7951,nli,frac-0.05,7951
108,union:space exploration|the Microsoft Windows operating system#u1,This text discusses either space exploration or the Microsoft Windows operating system.,rewrite,7951,5951,100,1900,0,1.0,1.0,1.0,800,1.0,False,1.0,False,0.0024164580026990734,1.0,False,20ng,20ng-N7951,nli,frac-0.05,7951
109,group:sports#t2,The passage is related to sports.,exact-hit,0,0,0,0,0,1.0,1.0,1.0,800,0.9184845005740528,False,1.0,False,8.208000508602709e-06,1.0,False,20ng,20ng-N7951,nli,frac-0.05,7951
110,group:sports#t1,This text discusses sports.,exact-hit,0,0,0,0,0,1.0,1.0,1.0,800,,,,,3.749999450519681e-06,1.0,,20ng,20ng-N7951,nli,frac-0.05,7951
111,leaf:atheism#t3,This article covers the topic of atheism.,exact-hit,0,0,0,0,0,1.0,1.0,1.0,400,1.0,False,1.0,False,3.7080026231706142e-06,1.0,False,20ng,20ng-N7951,nli,frac-0.05,7951
112,leaf:Middle East affairs#t2,The passage is related to Middle East affairs.,rewrite,7571,2351,280,4940,0,1.0,1.0,1.0,400,1.0,False,0.8375,False,0.00188033399899723,1.0,False,20ng,20ng-N7951,nli,frac-0.05,7951
113,union:Macintosh hardware|motorcycles#u1,This text discusses either Macintosh hardware or motorcycles.,rewrite,7571,1200,338,6033,0,1.0,1.0,1.0,800,1.0,False,0.91875,False,0.001931042002979666,1.0,False,20ng,20ng-N7951,nli,frac-0.05,7951
114,union:political debate|religious debate#u0,The document is about political debate or about religious debate.,rewrite,7571,5600,118,1853,0,1.0,1.0,1.0,751,1.0,False,0.9041278295605859,False,0.0018900000068242662,1.0,False,20ng,20ng-N7951,nli,frac-0.05,7951
115,leaf:gun control#t3,This article covers the topic of gun control.,rewrite,7951,800,358,6793,0,1.0,1.0,1.0,400,1.0,False,1.0,False,0.0013593330004368909,1.0,False,20ng,20ng-N7951,nli,frac-0.05,7951
116,leaf:medicine#t2,The passage is related to medicine.,rewrite,7571,1200,338,6033,0,1.0,1.0,1.0,400,1.0,False,0.8375,False,0.0020153330042376183,1.0,False,20ng,20ng-N7951,nli,frac-0.05,7951
117,group:politics#t1,This text discusses politics.,exact-hit,0,0,0,0,0,1.0,1.0,1.0,1200,,,,,7.834001735318452e-06,1.0,,20ng,20ng-N7951,nli,frac-0.05,7951
118,group:science#t2,The passage is related to science.,exact-hit,0,0,0,0,0,1.0,1.0,1.0,1600,0.9479553903345725,False,0.95625,False,3.7909994716756046e-06,1.0,False,20ng,20ng-N7951,nli,frac-0.05,7951
119,group:religion#t0,The document is about religion.,exact-hit,0,0,0,0,0,1.0,1.0,1.0,1151,1.0,False,1.0,False,3.917004505638033e-06,1.0,False,20ng,20ng-N7951,nli,frac-0.05,7951
0,group:motor vehicles#t0,The document is about motor vehicles.,cold,7951,7951,0,0,0,1.0,1.0,1.0,800,,,,,0.00030283399973995984,1.0,,20ng,20ng-N7951,nli,frac-0.10,7951
1,group:religion#t3,This article covers the topic of religion.,cold,7951,7951,0,0,0,1.0,1.0,1.0,1151,,,,,0.00045975000102771446,1.0,,20ng,20ng-N7951,nli,frac-0.10,7951
2,leaf:religious debate#t0,The document is about religious debate.,rewrite,7951,6800,116,1035,0,1.0,1.0,1.0,351,1.0,False,1.0,False,0.0005426249990705401,1.0,False,20ng,20ng-N7951,nli,frac-0.10,7951
3,group:politics#t1,This text discusses politics.,cold,7951,7951,0,0,0,1.0,1.0,1.0,1200,,,,,0.0003300000025774352,1.0,,20ng,20ng-N7951,nli,frac-0.10,7951
4,union:gun control|medicine#u0,The document is about gun control or about medicine.,cold,7951,7951,0,0,0,1.0,1.0,1.0,800,,,,,0.000270040996838361,1.0,,20ng,20ng-N7951,nli,frac-0.10,7951
5,group:motor vehicles#t0,The document is about motor vehicles.,exact-hit,0,0,0,0,0,1.0,1.0,1.0,800,,,,,4.207999154459685e-06,1.0,,20ng,20ng-N7951,nli,frac-0.10,7951
6,group:politics#t1,This text discusses politics.,exact-hit,0,0,0,0,0,1.0,1.0,1.0,1200,,,,,2.7080022846348584e-06,1.0,,20ng,20ng-N7951,nli,frac-0.10,7951
7,group:religion#t0,The document is about religion.,rewrite,7951,351,760,6840,0,1.0,1.0,1.0,1151,1.0,False,1.0,False,0.0015257080012816004,1.0,False,20ng,20ng-N7951,nli,frac-0.10,7951
8,leaf:political debate#t1,This text discusses political debate.,rewrite,7951,6751,120,1080,0,1.0,1.0,1.0,400,1.0,False,1.0,False,0.0004974580006091855,1.0,False,20ng,20ng-N7951,nli,frac-0.10,7951
9,group:sports#t1,This text discusses sports.,cold,7951,7951,0,0,0,1.0,1.0,1.0,800,,,,,0.0002584169997135177,1.0,,20ng,20ng-N7951,nli,frac-0.10,7951
10,group:science#t1,This text discusses science.,cold,7951,7951,0,0,0,1.0,1.0,1.0,1600,,,,,0.0003920419985661283,1.0,,20ng,20ng-N7951,nli,frac-0.10,7951
11,leaf:hockey#t1,This text discusses hockey.,rewrite,7951,7151,80,720,0,1.0,1.0,1.0,400,1.0,False,1.0,False,0.00045645900536328554,1.0,False,20ng,20ng-N7951,nli,frac-0.10,7951
12,leaf:religious debate#t2,The passage is related to religious debate.,rewrite,7636,800,716,6120,0,1.0,1.0,1.0,351,1.0,False,0.9088319088319088,False,0.0014192919989000075,1.0,False,20ng,20ng-N7951,nli,frac-0.10,7951
13,leaf:political debate#t0,The document is about political debate.,rewrite,7591,0,796,6795,0,1.0,1.0,1.0,400,1.0,False,0.9175,False,0.0012893329985672608,1.0,False,20ng,20ng-N7951,nli,frac-0.10,7951
14,leaf:items for sale#t3,This article covers the topic of items for sale.,rewrite,7951,800,716,6435,0,1.0,1.0,1.0,400,1.0,False,1.0,False,0.0010683750006137416,1.0,False,20ng,20ng-N7951,nli,frac-0.10,7951
15,leaf:Christianity#t3,This article covers the topic of Christianity.,rewrite,7951,6800,116,1035,0,1.0,1.0,1.0,400,1.0,False,1.0,False,0.0005027910010539927,1.0,False,20ng,20ng-N7951,nli,frac-0.10,7951
16,union:electronics|hockey#u0,The document is about electronics or about hockey.,cold,7951,7951,0,0,0,1.0,1.0,1.0,800,,,,,0.00029150000045774505,1.0,,20ng,20ng-N7951,nli,frac-0.10,7951
17,group:science#t2,The passage is related to science.,rewrite,796,0,796,0,0,1.0,1.0,1.0,1600,0.9744866210329807,False,0.97875,False,0.0024506249974365346,1.0,False,20ng,20ng-N7951,nli,frac-0.10,7951
18,group:computers#t1,This text discusses computers.,cold,7951,7951,0,0,0,1.0,1.0,1.0,2000,,,,,0.0005032079934608191,1.0,,20ng,20ng-N7951,nli,frac-0.10,7951
19,union:Macintosh hardware|items for sale#u1,This text discusses either Macintosh hardware or items for sale.,rewrite,7591,5551,240,1800,0,1.0,1.0,1.0,800,1.0,False,0.95875,False,0.0011589580026338808,1.0,False,20ng,20ng-N7951,nli,frac-0.10,7951
20,group:motor vehicles#t3,This article covers the topic of motor vehicles.,cold,7951,7951,0,0,0,1.0,1.0,1.0,800,,,,,0.00033691600401652977,1.0,,20ng,20ng-N7951,nli,frac-0.10,7951
21,group:sports#t3,This article covers the topic of sports.,rewrite,1156,400,756,0,0,1.0,1.0,1.0,800,0.9492574257425742,False,0.95875,False,0.0024219170009018853,1.0,False,20ng,20ng-N7951,nli,frac-0.10,7951
22,group:motor vehicles#t3,This article covers the topic of motor vehicles.,exact-hit,0,0,0,0,0,1.0,1.0,1.0,800,,,,,6.4589985413476825e-06,1.0,,20ng,20ng-N7951,nli,frac-0.10,7951
23,group:motor vehicles#t3,This article covers the topic of motor vehicles.,exact-hit,0,0,0,0,0,1.0,1.0,1.0,800,,,,,2.749999111983925e-06,1.0,,20ng,20ng-N7951,nli,frac-0.10,7951
24,union:PC hardware|cryptography#u0,The document is about PC hardware or about cryptography.,rewrite,7951,5951,200,1800,0,1.0,1.0,1.0,800,1.0,False,1.0,False,0.0008425420019193552,1.0,False,20ng,20ng-N7951,nli,frac-0.10,7951
25,leaf:political debate#t1,This text discusses political debate.,exact-hit,0,0,0,0,0,1.0,1.0,1.0,400,1.0,False,1.0,False,5.500005499925464e-06,1.0,False,20ng,20ng-N7951,nli,frac-0.10,7951
26,union:Macintosh hardware|space exploration#u1,This text discusses either Macintosh hardware or space exploration.,rewrite,7951,5951,200,1800,0,1.0,1.0,1.0,800,1.0,False,1.0,False,0.0007359579976764508,1.0,False,20ng,20ng-N7951,nli,frac-0.10,7951
27,leaf:baseball#t2,The passage is related to baseball.,rewrite,7951,7151,80,720,0,1.0,1.0,1.0,400,1.0,False,1.0,False,0.0005134590028319508,1.0,False,20ng,20ng-N7951,nli,frac-0.10,7951
28,group:computers#t0,The document is about computers.,rewrite,2596,2000,596,0,0,1.0,1.0,1.0,2000,0.9813542688910697,False,1.0,False,0.002408459004072938,1.0,False,20ng,20ng-N7951,nli,frac-0.10,7951
29,leaf:baseball#t3,This article covers the topic of baseball.,rewrite,7951,7151,80,720,0,1.0,1.0,1.0,400,1.0,False,1.0,False,0.0008165420003933832,1.0,False,20ng,20ng-N7951,nli,frac-0.10,7951
30,leaf:electronics#t0,The document is about electronics.,rewrite,6139,0,796,5343,0,1.0,1.0,1.0,400,0.9029345372460497,False,1.0,False,0.0025185839986079372,1.0,False,20ng,20ng-N7951,nli,frac-0.10,7951
31,union:PC hardware|items for sale#u1,This text discusses either PC hardware or items for sale.,rewrite,7591,5151,280,2160,0,1.0,1.0,1.0,800,1.0,False,0.955,False,0.0018350000027567148,1.0,False,20ng,20ng-N7951,nli,frac-0.10,7951
32,union:computer graphics|motorcycles#u0,The document is about computer graphics or about motorcycles.,rewrite,7951,7151,80,720,0,1.0,1.0,1.0,800,1.0,False,1.0,False,0.0009597079988452606,1.0,False,20ng,20ng-N7951,nli,frac-0.10,7951
33,union:Macintosh hardware|electronics#u0,The document is about Macintosh hardware or about electronics.,rewrite,7591,5551,240,1800,0,1.0,1.0,1.0,800,1.0,False,0.95875,False,0.0014520409968099557,1.0,False,20ng,20ng-N7951,nli,frac-0.10,7951
34,group:computers#t1,This text discusses computers.,exact-hit,0,0,0,0,0,1.0,1.0,1.0,2000,,,,,8.167000487446785e-06,1.0,,20ng,20ng-N7951,nli,frac-0.10,7951
35,group:religion#t1,This text discusses religion.,rewrite,1831,1151,680,0,0,1.0,1.0,1.0,1151,0.9713080168776371,False,1.0,False,0.0025303339934907854,1.0,False,20ng,20ng-N7951,nli,frac-0.10,7951
36,group:computers#t0,The document is about computers.,exact-hit,0,0,0,0,0,1.0,1.0,1.0,2000,0.9813542688910697,False,1.0,False,1.0167001164518297e-05,1.0,False,20ng,20ng-N7951,nli,frac-0.10,7951
37,union:Middle East affairs|items for sale#u1,This text discusses either Middle East affairs or items for sale.,rewrite,7591,5200,276,2115,0,1.0,1.0,1.0,800,1.0,False,0.955,False,0.0018759580052574165,1.0,False,20ng,20ng-N7951,nli,frac-0.10,7951
38,leaf:the Microsoft Windows operating system#t1,This text discusses the Microsoft Windows operating system.,rewrite,7951,5951,200,1800,0,1.0,1.0,1.0,400,1.0,False,1.0,False,0.0008341670036315918,1.0,False,20ng,20ng-N7951,nli,frac-0.10,7951
39,group:sports#t2,The passage is related to sports.,rewrite,1516,800,716,0,0,1.0,1.0,1.0,800,0.9592326139088729,False,1.0,False,0.0021962500031804666,1.0,False,20ng,20ng-N7951,nli,frac-0.10,7951
40,leaf:motorcycles#t0,The document is about motorcycles.,rewrite,7951,7151,80,720,0,1.0,1.0,1.0,400,1.0,False,1.0,False,0.0007491249998565763,1.0,False,20ng,20ng-N7951,nli,frac-0.10,7951
41,group:motor vehicles#t0,The document is about motor vehicles.,exact-hit,0,0,0,0,0,1.0,1.0,1.0,800,,,,,8.000002708286047e-06,1.0,,20ng,20ng-N7951,nli,frac-0.10,7951
42,union:Christianity|political debate#u1,This text discusses either Christianity or political debate.,rewrite,7591,5600,236,1755,0,1.0,1.0,1.0,800,1.0,False,0.955,False,0.012559000002511311,1.0,False,20ng,20ng-N7951,nli,frac-0.10,7951
43,group:motor vehicles#t2,The passage is related to motor vehicles.,rewrite,1156,400,756,0,0,1.0,1.0,1.0,800,0.9492574257425742,False,0.95875,False,0.007068791994242929,1.0,False,20ng,20ng-N7951,nli,frac-0.10,7951
44,leaf:motorcycles#t2,The passage is related to motorcycles.,rewrite,7591,400,756,6435,0,1.0,1.0,1.0,400,1.0,False,0.9175,False,0.017894291995617095,1.0,False,20ng,20ng-N7951,nli,frac-0.10,7951
45,group:motor vehicles#t1,This text discusses motor vehicles.,rewrite,1156,400,756,0,0,1.0,1.0,1.0,800,0.9492574257425742,False,0.95875,False,0.00494204099959461,1.0,False,20ng,20ng-N7951,nli,frac-0.10,7951
46,group:religion#t0,The document is about religion.,exact-hit,0,0,0,0,0,1.0,1.0,1.0,1151,1.0,False,1.0,False,1.0707997716963291e-05,1.0,False,20ng,20ng-N7951,nli,frac-0.10,7951
47,group:sports#t3,This article covers the topic of sports.,exact-hit,0,0,0,0,0,1.0,1.0,1.0,800,0.9492574257425742,False,0.95875,False,4.791996616404504e-06,1.0,False,20ng,20ng-N7951,nli,frac-0.10,7951
48,union:Macintosh hardware|cars#u1,This text discusses either Macintosh hardware or cars.,rewrite,7951,7151,80,720,0,1.0,1.0,1.0,800,1.0,False,1.0,False,0.001015958005154971,1.0,False,20ng,20ng-N7951,nli,frac-0.10,7951
49,leaf:computer graphics#t1,This text discusses computer graphics.,rewrite,7951,5951,200,1800,0,1.0,1.0,1.0,400,1.0,False,1.0,False,0.0007221670020953752,1.0,False,20ng,20ng-N7951,nli,frac-0.10,7951
50,union:atheism|hockey#u1,This text discusses either atheism or hockey.,rewrite,7951,7151,80,720,0,1.0,1.0,1.0,800,1.0,False,1.0,False,0.0007503330052713864,1.0,False,20ng,20ng-N7951,nli,frac-0.10,7951
51,leaf:items for sale#t0,The document is about items for sale.,rewrite,1156,400,756,0,0,1.0,1.0,1.0,400,0.91324200913242,False,1.0,False,0.002011875003518071,1.0,False,20ng,20ng-N7951,nli,frac-0.10,7951
52,leaf:baseball#t0,The document is about baseball.,rewrite,7591,400,756,6435,0,1.0,1.0,1.0,400,1.0,False,0.9175,False,0.0015793329948792234,1.0,False,20ng,20ng-N7951,nli,frac-0.10,7951
53,union:hockey|motorcycles#u0,The document is about hockey or about motorcycles.,rewrite,7951,7151,80,720,0,1.0,1.0,1.0,800,1.0,False,1.0,False,0.0008537909961887635,1.0,False,20ng,20ng-N7951,nli,frac-0.10,7951
54,group:politics#t0,The document is about politics.,rewrite,1876,1200,676,0,0,1.0,1.0,1.0,1200,0.9724473257698542,False,1.0,False,0.002240042005723808,1.0,False,20ng,20ng-N7951,nli,frac-0.10,7951
55,group:motor vehicles#t1,This text discusses motor vehicles.,exact-hit,0,0,0,0,0,1.0,1.0,1.0,800,0.9492574257425742,False,0.95875,False,7.6669966802001e-06,1.0,False,20ng,20ng-N7951,nli,frac-0.10,7951
56,leaf:atheism#t3,This article covers the topic of atheism.,rewrite,1516,800,716,0,0,1.0,1.0,1.0,400,0.9216589861751152,False,1.0,False,0.007310665998375043,1.0,False,20ng,20ng-N7951,nli,frac-0.10,7951
57,union:atheism|gun control#u1,This text discusses either atheism or gun control.,rewrite,7591,7551,40,0,0,1.0,1.0,1.0,800,1.0,False,0.96625,False,0.0019244590002926998,1.0,False,20ng,20ng-N7951,nli,frac-0.10,7951
58,leaf:cars#t2,The passage is related to cars.,rewrite,7243,400,756,6087,0,1.0,1.0,1.0,400,0.9197994987468672,False,0.9175,False,0.005902832999709062,1.0,False,20ng,20ng-N7951,nli,frac-0.10,7951
59,group:sports#t2,The passage is related to sports.,exact-hit,0,0,0,0,0,1.0,1.0,1.0,800,0.9592326139088729,False,1.0,False,9.45899955695495e-06,1.0,False,20ng,20ng-N7951,nli,frac-0.10,7951
60,group:motor vehicles#t2,The passage is related to motor vehicles.,exact-hit,0,0,0,0,0,1.0,1.0,1.0,800,0.9492574257425742,False,0.95875,False,4.334004188422114e-06,1.0,False,20ng,20ng-N7951,nli,frac-0.10,7951
61,group:computers#t0,The document is about computers.,exact-hit,0,0,0,0,0,1.0,1.0,1.0,2000,0.9813542688910697,False,1.0,False,4.6670029405504465e-06,1.0,False,20ng,20ng-N7951,nli,frac-0.10,7951
62,union:medicine|the Microsoft Windows operating system#u0,The document is about medicine or about the Microsoft Windows operating system.,rewrite,7951,4351,360,3240,0,1.0,1.0,1.0,800,1.0,False,1.0,False,0.0015077080024639145,1.0,False,20ng,20ng-N7951,nli,frac-0.10,7951
63,union:baseball|items for sale#u0,The document is about baseball or about items for sale.,rewrite,7591,6751,120,720,0,1.0,1.0,1.0,800,1.0,False,0.95875,False,0.0013139580041752197,1.0,False,20ng,20ng-N7951,nli,frac-0.10,7951
64,union:atheism|medicine#u1,This text discusses either atheism or medicine.,rewrite,7591,7551,40,0,0,1.0,1.0,1.0,800,1.0,False,0.96625,False,0.0008413329996983521,1.0,False,20ng,20ng-N7951,nli,frac-0.10,7951
65,union:hockey|the X Window System#u1,This text discusses either hockey or the X Window System.,rewrite,7951,4751,320,2880,0,1.0,1.0,1.0,800,1.0,False,1.0,False,0.001498541998444125,1.0,False,20ng,20ng-N7951,nli,frac-0.10,7951
66,leaf:cryptography#t0,The document is about cryptography.,rewrite,1516,800,716,0,0,1.0,1.0,1.0,400,0.9216589861751152,False,1.0,False,0.0019009170064236969,1.0,False,20ng,20ng-N7951,nli,frac-0.10,7951
67,leaf:motorcycles#t3,This article covers the topic of motorcycles.,rewrite,7591,800,716,6075,0,1.0,1.0,1.0,400,1.0,False,0.9175,False,0.0015375000002677552,1.0,False,20ng,20ng-N7951,nli,frac-0.10,7951
68,leaf:hockey#t1,This text discusses hockey.,exact-hit,0,0,0,0,0,1.0,1.0,1.0,400,1.0,False,1.0,False,6.791000487282872e-06,1.0,False,20ng,20ng-N7951,nli,frac-0.10,7951
69,leaf:baseball#t2,The passage is related to baseball.,exact-hit,0,0,0,0,0,1.0,1.0,1.0,400,1.0,False,1.0,False,3.3329997677356005e-06,1.0,False,20ng,20ng-N7951,nli,frac-0.10,7951
70,group:motor vehicles#t0,The document is about motor vehicles.,exact-hit,0,0,0,0,0,1.0,1.0,1.0,800,,,,,2.8330032364465296e-06,1.0,,20ng,20ng-N7951,nli,frac-0.10,7951
71,leaf:the Microsoft Windows operating system#t2,The passage is related to the Microsoft Windows operating system.,rewrite,7233,1600,636,4997,0,1.0,1.0,1.0,400,0.9017199017199017,False,0.9175,False,0.0024012499998207204,1.0,False,20ng,20ng-N7951,nli,frac-0.10,7951
72,leaf:motorcycles#t2,The passage is related to motorcycles.,exact-hit,0,0,0,0,0,1.0,1.0,1.0,400,1.0,False,0.9175,False,7.58399983169511e-06,1.0,False,20ng,20ng-N7951,nli,frac-0.10,7951
73,group:sports#t2,The passage is related to sports.,exact-hit,0,0,0,0,0,1.0,1.0,1.0,800,0.9592326139088729,False,1.0,False,3.4580007195472717e-06,1.0,False,20ng,20ng-N7951,nli,frac-0.10,7951
74,union:Macintosh hardware|electronics#u1,This text discusses either Macintosh hardware or electronics.,rewrite,2596,2000,596,0,0,1.0,1.0,1.0,800,0.9445812807881774,False,0.95875,False,0.0024206669986597262,1.0,False,20ng,20ng-N7951,nli,frac-0.10,7951
75,leaf:Christianity#t3,This article covers the topic of Christianity.,exact-hit,0,0,0,0,0,1.0,1.0,1.0,400,1.0,False,1.0,False,6.2920007621869445e-06,1.0,False,20ng,20ng-N7951,nli,frac-0.10,7951
76,group:sports#t2,The passage is related to sports.,exact-hit,0,0,0,0,0,1.0,1.0,1.0,800,0.9592326139088729,False,1.0,False,2.8750000637955964e-06,1.0,False,20ng,20ng-N7951,nli,frac-0.10,7951
77,leaf:religious debate#t3,This article covers the topic of religious debate.,rewrite,7951,1151,680,6120,0,1.0,1.0,1.0,351,1.0,False,1.0,False,0.0014210000008461066,1.0,False,20ng,20ng-N7951,nli,frac-0.10,7951
78,union:atheism|baseball#u1,This text discusses either atheism or baseball.,rewrite,7591,6751,120,720,0,1.0,1.0,1.0,800,1.0,False,0.95875,False,0.0011976660025538877,1.0,False,20ng,20ng-N7951,nli,frac-0.10,7951
79,leaf:items for sale#t2,The passage is related to items for sale.,rewrite,1156,400,756,0,0,1.0,1.0,1.0,400,0.91324200913242,False,1.0,False,0.002038874998106621,1.0,False,20ng,20ng-N7951,nli,frac-0.10,7951
80,union:Macintosh hardware|religious debate#u0,The document is about Macintosh hardware or about religious debate.,rewrite,7636,4400,356,2880,0,1.0,1.0,1.0,751,1.0,False,0.9494007989347537,False,0.001959458000783343,1.0,False,20ng,20ng-N7951,nli,frac-0.10,7951
81,group:motor vehicles#t1,This text discusses motor vehicles.,exact-hit,0,0,0,0,0,1.0,1.0,1.0,800,0.9492574257425742,False,0.95875,False,7.5409989221952856e-06,1.0,False,20ng,20ng-N7951,nli,frac-0.10,7951
82,leaf:cars#t0,The document is about cars.,rewrite,7591,400,756,6435,0,1.0,1.0,1.0,400,1.0,False,0.9175,False,0.0019382089958526194,1.0,False,20ng,20ng-N7951,nli,frac-0.10,7951
83,leaf:PC hardware#t0,The document is about PC hardware.,rewrite,2956,2400,556,0,0,1.0,1.0,1.0,400,0.91324200913242,False,1.0,False,0.01103595900349319,1.0,False,20ng,20ng-N7951,nli,frac-0.10,7951
84,group:religion#t2,The passage is related to religion.,rewrite,1831,1151,680,0,0,1.0,1.0,1.0,1151,0.9713080168776371,False,1.0,False,0.0025414999981876463,1.0,False,20ng,20ng-N7951,nli,frac-0.10,7951
85,union:Christianity|hockey#u0,The document is about Christianity or about hockey.,rewrite,2551,1951,600,0,0,1.0,1.0,1.0,800,0.9492574257425742,False,0.95875,False,0.004845957999350503,1.0,False,20ng,20ng-N7951,nli,frac-0.10,7951
86,group:religion#t0,The document is about religion.,exact-hit,0,0,0,0,0,1.0,1.0,1.0,1151,1.0,False,1.0,False,1.1040996469091624e-05,1.0,False,20ng,20ng-N7951,nli,frac-0.10,7951
87,union:atheism|computer graphics#u1,This text discusses either atheism or computer graphics.,rewrite,7231,5551,240,1440,0,1.0,1.0,1.0,800,1.0,False,0.91,False,0.002023166998696979,1.0,False,20ng,20ng-N7951,nli,frac-0.10,7951
88,union:motorcycles|political debate#u1,This text discusses either motorcycles or political debate.,rewrite,7591,6751,120,720,0,1.0,1.0,1.0,800,1.0,False,0.95875,False,0.0014217920033843257,1.0,False,20ng,20ng-N7951,nli,frac-0.10,7951
89,group:motor vehicles#t0,The document is about motor vehicles.,exact-hit,0,0,0,0,0,1.0,1.0,1.0,800,,,,,6.333000783342868e-06,1.0,,20ng,20ng-N7951,nli,frac-0.10,7951
90,union:PC hardware|political debate#u0,The document is about PC hardware or about political debate.,rewrite,4036,3200,476,360,0,1.0,1.0,1.0,800,0.9512485136741974,False,1.0,False,0.0024376669971388765,1.0,False,20ng,20ng-N7951,nli,frac-0.10,7951
91,leaf:Macintosh hardware#t0,The document is about Macintosh hardware.,rewrite,7591,2000,596,4995,0,1.0,1.0,1.0,400,1.0,False,0.9175,False,0.0019182499963790178,1.0,False,20ng,20ng-N7951,nli,frac-0.10,7951
92,leaf:items for sale#t1,This text discusses items for sale.,rewrite,1156,400,756,0,0,1.0,1.0,1.0,400,0.91324200913242,False,1.0,False,0.00227370900392998,1.0,False,20ng,20ng-N7951,nli,frac-0.10,7951
93,leaf:the Microsoft Windows operating system#t0,The document is about the Microsoft Windows operating system.,rewrite,7236,1600,636,5000,0,1.0,1.0,1.0,400,0.9061728395061729,False,0.9175,False,0.002568999996583443,1.0,False,20ng,20ng-N7951,nli,frac-0.10,7951
94,leaf:the Microsoft Windows operating system#t1,This text discusses the Microsoft Windows operating system.,exact-hit,0,0,0,0,0,1.0,1.0,1.0,400,1.0,False,1.0,False,7.875001756474376e-06,1.0,False,20ng,20ng-N7951,nli,frac-0.10,7951
95,group:computers#t3,This article covers the topic of computers.,rewrite,2956,2400,556,0,0,1.0,1.0,1.0,2000,0.983284169124877,False,1.0,False,0.0027134999982081354,1.0,False,20ng,20ng-N7951,nli,frac-0.10,7951
96,leaf:PC hardware#t1,This text discusses PC hardware.,rewrite,2956,2400,556,0,0,1.0,1.0,1.0,400,0.91324200913242,False,1.0,False,0.00241762500081677,1.0,False,20ng,20ng-N7951,nli,frac-0.10,7951
97,leaf:cars#t2,The passage is related to cars.,exact-hit,0,0,0,0,0,1.0,1.0,1.0,400,0.9197994987468672,False,0.9175,False,8.749993867240846e-06,1.0,False,20ng,20ng-N7951,nli,frac-0.10,7951
98,union:Christianity|items for sale#u0,The document is about Christianity or about items for sale.,rewrite,7591,6400,156,1035,0,1.0,1.0,1.0,800,1.0,False,0.95875,False,0.009328750005806796,1.0,False,20ng,20ng-N7951,nli,frac-0.10,7951
99,group:politics#t2,The passage is related to politics.,rewrite,1876,1200,676,0,0,1.0,1.0,1.0,1200,0.9693053311793215,False,1.0,False,0.0030363749974640086,1.0,False,20ng,20ng-N7951,nli,frac-0.10,7951
100,leaf:gun control#t2,The passage is related to gun control.,rewrite,1516,800,716,0,0,1.0,1.0,1.0,400,0.9216589861751152,False,1.0,False,0.009352042005048133,1.0,False,20ng,20ng-N7951,nli,frac-0.10,7951
101,union:Middle East affairs|items for sale#u1,This text discusses either Middle East affairs or items for sale.,exact-hit,0,0,0,0,0,1.0,1.0,1.0,800,1.0,False,0.955,False,8.999995770864189e-06,1.0,False,20ng,20ng-N7951,nli,frac-0.10,7951
102,leaf:computer graphics#t3,This article covers the topic of computer graphics.,rewrite,7591,1600,636,5355,0,1.0,1.0,1.0,400,1.0,False,0.9175,False,0.017902999999932945,1.0,False,20ng,20ng-N7951,nli,frac-0.10,7951
103,leaf:religious debate#t3,This article covers the topic of religious debate.,exact-hit,0,0,0,0,0,1.0,1.0,1.0,351,1.0,False,1.0,False,2.5166002160403877e-05,1.0,False,20ng,20ng-N7951,nli,frac-0.10,7951
104,leaf:atheism#t3,This article covers the topic of atheism.,exact-hit,0,0,0,0,0,1.0,1.0,1.0,400,0.9216589861751152,False,1.0,False,1.1958996765315533e-05,1.0,False,20ng,20ng-N7951,nli,frac-0.10,7951
105,group:religion#t1,This text discusses religion.,exact-hit,0,0,0,0,0,1.0,1.0,1.0,1151,0.9713080168776371,False,1.0,False,9.791998309083283e-06,1.0,False,20ng,20ng-N7951,nli,frac-0.10,7951
106,union:hockey|items for sale#u0,The document is about hockey or about items for sale.,rewrite,7591,6751,120,720,0,1.0,1.0,1.0,800,1.0,False,0.95875,False,0.0024739580039749853,1.0,False,20ng,20ng-N7951,nli,frac-0.10,7951
107,group:motor vehicles#t0,The document is about motor vehicles.,exact-hit,0,0,0,0,0,1.0,1.0,1.0,800,,,,,1.1750002158805728e-05,1.0,,20ng,20ng-N7951,nli,frac-0.10,7951
108,union:space exploration|the Microsoft Windows operating system#u1,This text discusses either space exploration or the Microsoft Windows operating system.,rewrite,7951,5951,200,1800,0,1.0,1.0,1.0,800,1.0,False,1.0,False,0.0023433749956893735,1.0,False,20ng,20ng-N7951,nli,frac-0.10,7951
109,group:sports#t2,The passage is related to sports.,exact-hit,0,0,0,0,0,1.0,1.0,1.0,800,0.9592326139088729,False,1.0,False,8.70799703989178e-06,1.0,False,20ng,20ng-N7951,nli,frac-0.10,7951
110,group:sports#t1,This text discusses sports.,exact-hit,0,0,0,0,0,1.0,1.0,1.0,800,,,,,4.292000085115433e-06,1.0,,20ng,20ng-N7951,nli,frac-0.10,7951
111,leaf:atheism#t3,This article covers the topic of atheism.,exact-hit,0,0,0,0,0,1.0,1.0,1.0,400,0.9216589861751152,False,1.0,False,4.083005478605628e-06,1.0,False,20ng,20ng-N7951,nli,frac-0.10,7951
112,leaf:Middle East affairs#t2,The passage is related to Middle East affairs.,rewrite,7591,2351,560,4680,0,1.0,1.0,1.0,400,1.0,False,0.9175,False,0.0017898750011227094,1.0,False,20ng,20ng-N7951,nli,frac-0.10,7951
113,union:Macintosh hardware|motorcycles#u1,This text discusses either Macintosh hardware or motorcycles.,rewrite,1876,1200,676,0,0,1.0,1.0,1.0,800,0.9492574257425742,False,0.95875,False,0.0026338750030845404,1.0,False,20ng,20ng-N7951,nli,frac-0.10,7951
114,union:political debate|religious debate#u0,The document is about political debate or about religious debate.,rewrite,7591,5600,236,1755,0,1.0,1.0,1.0,751,1.0,False,0.952063914780293,False,0.0017533749996800907,1.0,False,20ng,20ng-N7951,nli,frac-0.10,7951
115,leaf:gun control#t3,This article covers the topic of gun control.,rewrite,1516,800,716,0,0,1.0,1.0,1.0,400,0.9216589861751152,False,1.0,False,0.008058416002313606,1.0,False,20ng,20ng-N7951,nli,frac-0.10,7951
116,leaf:medicine#t2,The passage is related to medicine.,rewrite,7233,1200,676,5357,0,1.0,1.0,1.0,400,0.9017199017199017,False,0.9175,False,0.002793125000607688,1.0,False,20ng,20ng-N7951,nli,frac-0.10,7951
117,group:politics#t1,This text discusses politics.,exact-hit,0,0,0,0,0,1.0,1.0,1.0,1200,,,,,8.625000191386789e-06,1.0,,20ng,20ng-N7951,nli,frac-0.10,7951
118,group:science#t2,The passage is related to science.,exact-hit,0,0,0,0,0,1.0,1.0,1.0,1600,0.9744866210329807,False,0.97875,False,4.7909998102113605e-06,1.0,False,20ng,20ng-N7951,nli,frac-0.10,7951
119,group:religion#t0,The document is about religion.,exact-hit,0,0,0,0,0,1.0,1.0,1.0,1151,1.0,False,1.0,False,3.6249984987080097e-06,1.0,False,20ng,20ng-N7951,nli,frac-0.10,7951
0,group:motor vehicles#t0,The document is about motor vehicles.,cold,7951,7951,0,0,0,1.0,1.0,1.0,800,,,,,0.00020237499848008156,1.0,,20ng,20ng-N7951,nli,recall-only,7951
1,group:religion#t3,This article covers the topic of religion.,cold,7951,7951,0,0,0,1.0,1.0,1.0,1151,,,,,0.00042729100096039474,1.0,,20ng,20ng-N7951,nli,recall-only,7951
2,leaf:religious debate#t0,The document is about religious debate.,rewrite,6829,6800,29,0,0,0.3087071240105541,1.0,0.4717741935483871,351,1.0,False,,,0.0007322500023292378,1.0,False,20ng,20ng-N7951,nli,recall-only,7951
3,group:politics#t1,This text discusses politics.,cold,7951,7951,0,0,0,1.0,1.0,1.0,1200,,,,,0.0003338750029797666,1.0,,20ng,20ng-N7951,nli,recall-only,7951
4,union:gun control|medicine#u0,The document is about gun control or about medicine.,cold,7951,7951,0,0,0,1.0,1.0,1.0,800,,,,,0.00026825000531971455,1.0,,20ng,20ng-N7951,nli,recall-only,7951
5,group:motor vehicles#t0,The document is about motor vehicles.,exact-hit,0,0,0,0,0,1.0,1.0,1.0,800,,,,,1.933299790835008e-05,1.0,,20ng,20ng-N7951,nli,recall-only,7951
6,group:politics#t1,This text discusses politics.,exact-hit,0,0,0,0,0,1.0,1.0,1.0,1200,,,,,8.208000508602709e-06,1.0,,20ng,20ng-N7951,nli,recall-only,7951
7,group:religion#t0,The document is about religion.,rewrite,1384,1137,247,0,0,1.0,0.9878366637706343,0.993881118881119,1151,0.9199029126213593,False,,,0.011047374995541759,0.9878366637706343,False,20ng,20ng-N7951,nli,recall-only,7951
8,leaf:political debate#t1,This text discusses political debate.,rewrite,6780,6751,29,0,0,0.3372681281618887,1.0,0.5044136191677175,400,1.0,False,,,0.0016009590035537258,1.0,False,20ng,20ng-N7951,nli,recall-only,7951
9,group:sports#t1,This text discusses sports.,cold,7951,7951,0,0,0,1.0,1.0,1.0,800,,,,,0.0004072499941685237,1.0,,20ng,20ng-N7951,nli,recall-only,7951
10,group:science#t1,This text discusses science.,cold,7951,7951,0,0,0,1.0,1.0,1.0,1600,,,,,0.0004271670040907338,1.0,,20ng,20ng-N7951,nli,recall-only,7951
11,leaf:hockey#t1,This text discusses hockey.,rewrite,7180,7151,29,0,0,0.5102040816326531,1.0,0.6756756756756758,400,1.0,False,,,0.0007173749982030131,1.0,False,20ng,20ng-N7951,nli,recall-only,7951
12,leaf:religious debate#t2,The passage is related to religious debate.,rewrite,4050,14,4036,0,0,0.3170731707317073,1.0,0.48148148148148145,351,0.9487179487179487,False,,,0.0023282920010387897,1.0,False,20ng,20ng-N7951,nli,recall-only,7951
13,leaf:political debate#t0,The document is about political debate.,rewrite,1238,0,1238,0,0,0.3436426116838488,1.0,0.5115089514066495,400,0.9264214046822743,False,,,0.0021605829970212653,1.0,False,20ng,20ng-N7951,nli,recall-only,7951
14,leaf:items for sale#t3,This article covers the topic of items for sale.,rewrite,7951,800,0,7151,0,1.0,1.0,1.0,400,1.0,False,,,0.00043074999848613515,1.0,False,20ng,20ng-N7951,nli,recall-only,7951
15,leaf:Christianity#t3,This article covers the topic of Christianity.,rewrite,6829,6800,29,0,0,0.3546099290780142,1.0,0.5235602094240838,400,1.0,False,,,0.0017381249999743886,1.0,False,20ng,20ng-N7951,nli,recall-only,7951
16,union:electronics|hockey#u0,The document is about electronics or about hockey.,cold,7951,7951,0,0,0,1.0,1.0,1.0,800,,,,,0.0029284999982337467,1.0,,20ng,20ng-N7951,nli,recall-only,7951
17,group:science#t2,The passage is related to science.,rewrite,251,0,251,0,0,1.0,1.0,1.0,1600,0.9204328453214513,False,,,0.007036625000182539,1.0,False,20ng,20ng-N7951,nli,recall-only,7951
18,group:computers#t1,This text discusses computers.,cold,7951,7951,0,0,0,1.0,1.0,1.0,2000,,,,,0.005065500001364853,1.0,,20ng,20ng-N7951,nli,recall-only,7951
19,union:Macintosh hardware|items for sale#u1,This text discusses either Macintosh hardware or items for sale.,rewrite,5623,5551,72,0,0,0.33769523005487545,1.0,0.5048911328494793,800,1.0,False,,,0.0016795830015325919,1.0,False,20ng,20ng-N7951,nli,recall-only,7951
20,group:motor vehicles#t3,This article covers the topic of motor vehicles.,cold,7951,7951,0,0,0,1.0,1.0,1.0,800,,,,,0.0005283749997033738,1.0,,20ng,20ng-N7951,nli,recall-only,7951
21,group:sports#t3,This article covers the topic of sports.,rewrite,536,16,520,0,0,1.0,1.0,1.0,800,0.9213197969543148,False,,,0.0026690000013331883,1.0,False,20ng,20ng-N7951,nli,recall-only,7951
22,group:motor vehicles#t3,This article covers the topic of motor vehicles.,exact-hit,0,0,0,0,0,1.0,1.0,1.0,800,,,,,9.875002433545887e-06,1.0,,20ng,20ng-N7951,nli,recall-only,7951
23,group:motor vehicles#t3,This article covers the topic of motor vehicles.,exact-hit,0,0,0,0,0,1.0,1.0,1.0,800,,,,,3.9590013329871e-06,1.0,,20ng,20ng-N7951,nli,recall-only,7951
24,union:PC hardware|cryptography#u0,The document is about PC hardware or about cryptography.,rewrite,5980,5951,29,0,0,0.3367003367003367,1.0,0.5037783375314862,800,1.0,False,,,0.0011672499967971817,1.0,False,20ng,20ng-N7951,nli,recall-only,7951
25,leaf:political debate#t1,This text discusses political debate.,exact-hit,0,0,0,0,0,0.3372681281618887,1.0,0.5044136191677175,400,1.0,False,,,8.082999556791037e-06,1.0,False,20ng,20ng-N7951,nli,recall-only,7951
26,union:Macintosh hardware|space exploration#u1,This text discusses either Macintosh hardware or space exploration.,rewrite,5980,5951,29,0,0,0.33698399326032014,1.0,0.5040957781978576,800,1.0,False,,,0.0009807090027607046,1.0,False,20ng,20ng-N7951,nli,recall-only,7951
27,leaf:baseball#t2,The passage is related to baseball.,rewrite,7180,7151,29,0,0,0.5089058524173028,1.0,0.6745362563237773,400,1.0,False,,,0.000821624998934567,1.0,False,20ng,20ng-N7951,nli,recall-only,7951
28,group:computers#t0,The document is about computers.,rewrite,291,80,211,0,0,1.0,1.0,1.0,2000,0.9199189052204765,False,,,0.003087416000198573,1.0,False,20ng,20ng-N7951,nli,recall-only,7951
29,leaf:baseball#t3,This article covers the topic of baseball.,rewrite,7180,7151,29,0,0,0.5102040816326531,1.0,0.6756756756756758,400,1.0,False,,,0.0008807089980109595,1.0,False,20ng,20ng-N7951,nli,recall-only,7951
30,leaf:electronics#t0,The document is about electronics.,rewrite,7951,0,0,7951,0,1.0,1.0,1.0,400,1.0,False,,,0.0004976660056854598,1.0,False,20ng,20ng-N7951,nli,recall-only,7951
31,union:PC hardware|items for sale#u1,This text discusses either PC hardware or items for sale.,rewrite,5268,5151,117,0,0,0.29336266960029334,1.0,0.4536433229373405,800,1.0,False,,,0.010311624995665625,1.0,False,20ng,20ng-N7951,nli,recall-only,7951
32,union:computer graphics|motorcycles#u0,The document is about computer graphics or about motorcycles.,rewrite,7180,7151,29,0,0,0.676818950930626,1.0,0.8072653884964681,800,1.0,False,,,0.0010442079947097227,1.0,False,20ng,20ng-N7951,nli,recall-only,7951
33,union:Macintosh hardware|electronics#u0,The document is about Macintosh hardware or about electronics.,rewrite,5623,5551,72,0,0,0.33783783783783783,1.0,0.5050505050505051,800,1.0,False,,,0.0013010420007049106,1.0,False,20ng,20ng-N7951,nli,recall-only,7951
34,group:computers#t1,This text discusses computers.,exact-hit,0,0,0,0,0,1.0,1.0,1.0,2000,,,,,1.5208999684546143e-05,1.0,,20ng,20ng-N7951,nli,recall-only,7951
35,group:religion#t1,This text discusses religion.,rewrite,421,67,354,0,0,1.0,1.0,1.0,1151,0.9209138840070299,False,,,0.0031748330002301373,1.0,False,20ng,20ng-N7951,nli,recall-only,7951
36,group:computers#t0,The document is about computers.,exact-hit,0,0,0,0,0,1.0,1.0,1.0,2000,0.9199189052204765,False,,,1.058299676515162e-05,1.0,False,20ng,20ng-N7951,nli,recall-only,7951
37,union:Middle East affairs|items for sale#u1,This text discusses either Middle East affairs or items for sale.,rewrite,5317,5200,117,0,0,0.29784065524944153,1.0,0.4589787722317843,800,1.0,False,,,0.009852208000665996,1.0,False,20ng,20ng-N7951,nli,recall-only,7951
38,leaf:the Microsoft Windows operating system#t1,This text discusses the Microsoft Windows operating system.,rewrite,5980,5951,29,0,0,0.20212228398180898,1.0,0.3362757461118117,400,1.0,False,,,0.007308458996703848,1.0,False,20ng,20ng-N7951,nli,recall-only,7951
39,group:sports#t2,The passage is related to sports.,rewrite,564,46,518,0,0,1.0,1.0,1.0,800,0.9216182048040455,False,,,0.00722091700299643,1.0,False,20ng,20ng-N7951,nli,recall-only,7951
40,leaf:motorcycles#t0,The document is about motorcycles.,rewrite,7180,7151,29,0,0,0.5089058524173028,1.0,0.6745362563237773,400,1.0,False,,,0.001962499998626299,1.0,False,20ng,20ng-N7951,nli,recall-only,7951
41,group:motor vehicles#t0,The document is about motor vehicles.,exact-hit,0,0,0,0,0,1.0,1.0,1.0,800,,,,,2.1041996660642326e-05,1.0,,20ng,20ng-N7951,nli,recall-only,7951
42,union:Christianity|political debate#u1,This text discusses either Christianity or political debate.,rewrite,5692,5600,78,14,0,0.3502626970227671,1.0,0.5188067444876783,800,1.0,False,,,0.0018820830009644851,1.0,False,20ng,20ng-N7951,nli,recall-only,7951
43,group:motor vehicles#t2,The passage is related to motor vehicles.,rewrite,548,29,519,0,0,1.0,1.0,1.0,800,0.9214195183776933,False,,,0.00263762500253506,1.0,False,20ng,20ng-N7951,nli,recall-only,7951
44,leaf:motorcycles#t2,The passage is related to motorcycles.,rewrite,1681,29,1652,0,0,0.5319148936170213,1.0,0.6944444444444444,400,0.9296875,False,,,0.002351582996197976,1.0,False,20ng,20ng-N7951,nli,recall-only,7951
45,group:motor vehicles#t1,This text discusses motor vehicles.,rewrite,566,48,518,0,0,1.0,1.0,1.0,800,0.9216182048040455,False,,,0.002830624995112885,1.0,False,20ng,20ng-N7951,nli,recall-only,7951
46,group:religion#t0,The document is about religion.,exact-hit,0,0,0,0,0,1.0,0.9878366637706343,0.993881118881119,1151,0.9199029126213593,False,,,1.020800118567422e-05,0.9878366637706343,False,20ng,20ng-N7951,nli,recall-only,7951
47,group:sports#t3,This article covers the topic of sports.,exact-hit,0,0,0,0,0,1.0,1.0,1.0,800,0.9213197969543148,False,,,5.709000106435269e-06,1.0,False,20ng,20ng-N7951,nli,recall-only,7951
48,union:Macintosh hardware|cars#u1,This text discusses either Macintosh hardware or cars.,rewrite,7180,7151,29,0,0,0.6756756756756757,1.0,0.8064516129032258,800,1.0,False,,,0.0011403750031604432,1.0,False,20ng,20ng-N7951,nli,recall-only,7951
49,leaf:computer graphics#t1,This text discusses computer graphics.,rewrite,5980,5951,29,0,0,0.20263424518743667,1.0,0.3369839932603201,400,1.0,False,,,0.0009222919979947619,1.0,False,20ng,20ng-N7951,nli,recall-only,7951
50,union:atheism|hockey#u1,This text discusses either atheism or hockey.,rewrite,7180,7151,29,0,0,0.6739679865206403,1.0,0.8052340211373931,800,1.0,False,,,0.0009492500030319206,1.0,False,20ng,20ng-N7951,nli,recall-only,7951
51,leaf:items for sale#t0,The document is about items for sale.,rewrite,1329,400,929,0,0,1.0,1.0,1.0,400,0.9237875288683602,False,,,0.002038416001596488,1.0,False,20ng,20ng-N7951,nli,recall-only,7951
52,leaf:baseball#t0,The document is about baseball.,rewrite,1298,14,1284,0,0,0.5201560468140443,1.0,0.6843455945252352,400,0.9276315789473685,False,,,0.002423792000627145,1.0,False,20ng,20ng-N7951,nli,recall-only,7951
53,union:hockey|motorcycles#u0,The document is about hockey or about motorcycles.,rewrite,7180,7151,29,0,0,0.6745362563237775,1.0,0.8056394763343404,800,1.0,False,,,0.0010149580048164353,1.0,False,20ng,20ng-N7951,nli,recall-only,7951
54,group:politics#t0,The document is about politics.,rewrite,401,62,339,0,0,1.0,1.0,1.0,1200,0.920675105485232,False,,,0.002734708999923896,1.0,False,20ng,20ng-N7951,nli,recall-only,7951
55,group:motor vehicles#t1,This text discusses motor vehicles.,exact-hit,0,0,0,0,0,1.0,1.0,1.0,800,0.9216182048040455,False,,,6.9160014390945435e-06,1.0,False,20ng,20ng-N7951,nli,recall-only,7951
56,leaf:atheism#t3,This article covers the topic of atheism.,rewrite,1887,1187,700,0,0,1.0,1.0,1.0,400,0.9237875288683602,False,,,0.002006459006224759,1.0,False,20ng,20ng-N7951,nli,recall-only,7951
57,union:atheism|gun control#u1,This text discusses either atheism or gun control.,rewrite,7580,7551,29,0,0,1.0,1.0,1.0,800,1.0,False,,,0.000851625001814682,1.0,False,20ng,20ng-N7951,nli,recall-only,7951
58,leaf:cars#t2,The passage is related to cars.,rewrite,2652,16,2636,0,0,0.5263157894736842,1.0,0.6896551724137931,400,0.9367088607594937,False,,,0.002331333002075553,1.0,False,20ng,20ng-N7951,nli,recall-only,7951
59,group:sports#t2,The passage is related to sports.,exact-hit,0,0,0,0,0,1.0,1.0,1.0,800,0.9216182048040455,False,,,6.791997293476015e-06,1.0,False,20ng,20ng-N7951,nli,recall-only,7951
60,group:motor vehicles#t2,The passage is related to motor vehicles.,exact-hit,0,0,0,0,0,1.0,1.0,1.0,800,0.9214195183776933,False,,,3.3329997677356005e-06,1.0,False,20ng,20ng-N7951,nli,recall-only,7951
61,group:computers#t0,The document is about computers.,exact-hit,0,0,0,0,0,1.0,1.0,1.0,2000,0.9199189052204765,False,,,3.082997864112258e-06,1.0,False,20ng,20ng-N7951,nli,recall-only,7951
62,union:medicine|the Microsoft Windows operating system#u0,The document is about medicine or about the Microsoft Windows operating system.,rewrite,4423,4351,72,0,0,0.22554271215111363,1.0,0.3680699332873246,800,1.0,False,,,0.00147958400339121,1.0,False,20ng,20ng-N7951,nli,recall-only,7951
63,union:baseball|items for sale#u0,The document is about baseball or about items for sale.,rewrite,6823,6751,72,0,0,0.6773920406435224,1.0,0.8076728924785461,800,1.0,False,,,0.001359292000415735,1.0,False,20ng,20ng-N7951,nli,recall-only,7951
64,union:atheism|medicine#u1,This text discusses either atheism or medicine.,rewrite,7580,7551,29,0,0,1.0,1.0,1.0,800,1.0,False,,,0.005511625000508502,1.0,False,20ng,20ng-N7951,nli,recall-only,7951
65,union:hockey|the X Window System#u1,This text discusses either hockey or the X Window System.,rewrite,4868,4751,117,0,0,0.2572347266881029,1.0,0.40920716112531963,800,1.0,False,,,0.0015997080045053735,1.0,False,20ng,20ng-N7951,nli,recall-only,7951
66,leaf:cryptography#t0,The document is about cryptography.,rewrite,2953,2376,577,0,0,1.0,1.0,1.0,400,0.9237875288683602,False,,,0.0019220829999540001,1.0,False,20ng,20ng-N7951,nli,recall-only,7951
67,leaf:motorcycles#t3,This article covers the topic of motorcycles.,rewrite,1558,418,1140,0,0,0.5221932114882507,1.0,0.686106346483705,400,0.9261538461538461,False,,,0.002301749998878222,1.0,False,20ng,20ng-N7951,nli,recall-only,7951
68,leaf:hockey#t1,This text discusses hockey.,exact-hit,0,0,0,0,0,0.5102040816326531,1.0,0.6756756756756758,400,1.0,False,,,6.958005542401224e-06,1.0,False,20ng,20ng-N7951,nli,recall-only,7951
69,leaf:baseball#t2,The passage is related to baseball.,exact-hit,0,0,0,0,0,0.5089058524173028,1.0,0.6745362563237773,400,1.0,False,,,3.6249984987080097e-06,1.0,False,20ng,20ng-N7951,nli,recall-only,7951
70,group:motor vehicles#t0,The document is about motor vehicles.,exact-hit,0,0,0,0,0,1.0,1.0,1.0,800,,,,,2.9579969123005867e-06,1.0,,20ng,20ng-N7951,nli,recall-only,7951
71,leaf:the Microsoft Windows operating system#t2,The passage is related to the Microsoft Windows operating system.,rewrite,2059,46,2013,0,0,0.2077922077922078,1.0,0.34408602150537637,400,0.9364161849710982,False,,,0.002414291004242841,1.0,False,20ng,20ng-N7951,nli,recall-only,7951
72,leaf:motorcycles#t2,The passage is related to motorcycles.,exact-hit,0,0,0,0,0,0.5319148936170213,1.0,0.6944444444444444,400,0.9296875,False,,,7.2499969974160194e-06,1.0,False,20ng,20ng-N7951,nli,recall-only,7951
73,group:sports#t2,The passage is related to sports.,exact-hit,0,0,0,0,0,1.0,1.0,1.0,800,0.9216182048040455,False,,,3.249995643272996e-06,1.0,False,20ng,20ng-N7951,nli,recall-only,7951
74,union:Macintosh hardware|electronics#u1,This text discusses either Macintosh hardware or electronics.,rewrite,1030,463,567,0,0,0.3466204506065858,1.0,0.5148005148005148,800,0.9226973684210527,False,,,0.002663666004082188,1.0,False,20ng,20ng-N7951,nli,recall-only,7951
75,leaf:Christianity#t3,This article covers the topic of Christianity.,exact-hit,0,0,0,0,0,0.3546099290780142,1.0,0.5235602094240838,400,1.0,False,,,6.374997610691935e-06,1.0,False,20ng,20ng-N7951,nli,recall-only,7951
76,group:sports#t2,The passage is related to sports.,exact-hit,0,0,0,0,0,1.0,1.0,1.0,800,0.9216182048040455,False,,,2.7909991331398487e-06,1.0,False,20ng,20ng-N7951,nli,recall-only,7951
77,leaf:religious debate#t3,This article covers the topic of religious debate.,rewrite,2227,1189,1038,0,0,0.3147982062780269,1.0,0.4788540245566167,351,0.9264214046822743,False,,,0.0022952080034883693,1.0,False,20ng,20ng-N7951,nli,recall-only,7951
78,union:atheism|baseball#u1,This text discusses either atheism or baseball.,rewrite,6823,6751,72,0,0,0.6756756756756757,1.0,0.8064516129032258,800,1.0,False,,,0.0013134590044501238,1.0,False,20ng,20ng-N7951,nli,recall-only,7951
79,leaf:items for sale#t2,The passage is related to items for sale.,rewrite,1329,400,929,0,0,1.0,1.0,1.0,400,0.9237875288683602,False,,,0.0020938340021530166,1.0,False,20ng,20ng-N7951,nli,recall-only,7951
80,union:Macintosh hardware|religious debate#u0,The document is about Macintosh hardware or about religious debate.,rewrite,4568,4400,168,0,0,0.22023460410557186,1.0,0.3609709204518145,751,1.0,False,,,0.0016939169945544563,1.0,False,20ng,20ng-N7951,nli,recall-only,7951
81,group:motor vehicles#t1,This text discusses motor vehicles.,exact-hit,0,0,0,0,0,1.0,1.0,1.0,800,0.9216182048040455,False,,,6.000002031214535e-06,1.0,False,20ng,20ng-N7951,nli,recall-only,7951
82,leaf:cars#t0,The document is about cars.,rewrite,1305,40,1265,0,0,0.5369127516778524,1.0,0.6986899563318777,400,0.9260355029585798,False,,,0.0023653329990338534,1.0,False,20ng,20ng-N7951,nli,recall-only,7951
83,leaf:PC hardware#t0,The document is about PC hardware.,rewrite,1746,558,1188,0,0,0.21645021645021645,1.0,0.35587188612099646,400,0.9283154121863799,False,,,0.0024205000008805655,1.0,False,20ng,20ng-N7951,nli,recall-only,7951
84,group:religion#t2,The passage is related to religion.,rewrite,491,139,352,0,0,1.0,1.0,1.0,1151,0.9205933682373473,False,,,0.002692916998057626,1.0,False,20ng,20ng-N7951,nli,recall-only,7951
85,union:Christianity|hockey#u0,The document is about Christianity or about hockey.,rewrite,3774,3503,271,0,0,0.6861063464837049,1.0,0.8138351983723295,800,0.9215922798552473,False,,,0.00246754199906718,1.0,False,20ng,20ng-N7951,nli,recall-only,7951
86,group:religion#t0,The document is about religion.,exact-hit,0,0,0,0,0,1.0,0.9878366637706343,0.993881118881119,1151,0.9199029126213593,False,,,5.708003300242126e-06,0.9878366637706343,False,20ng,20ng-N7951,nli,recall-only,7951
87,union:atheism|computer graphics#u1,This text discusses either atheism or computer graphics.,rewrite,5655,5551,78,26,0,0.3412969283276451,1.0,0.5089058524173028,800,1.0,False,,,0.0015952920002746396,1.0,False,20ng,20ng-N7951,nli,recall-only,7951
88,union:motorcycles|political debate#u1,This text discusses either motorcycles or political debate.,rewrite,6037,5965,72,0,0,0.41237113402061853,1.0,0.5839416058394161,800,1.0,False,,,0.0015917080017970875,1.0,False,20ng,20ng-N7951,nli,recall-only,7951
89,group:motor vehicles#t0,The document is about motor vehicles.,exact-hit,0,0,0,0,0,1.0,1.0,1.0,800,,,,,6.458001735154539e-06,1.0,,20ng,20ng-N7951,nli,recall-only,7951
90,union:PC hardware|political debate#u0,The document is about PC hardware or about political debate.,rewrite,2216,1675,541,0,0,0.352112676056338,1.0,0.5208333333333333,800,0.9230769230769231,False,,,0.0027674589946400374,1.0,False,20ng,20ng-N7951,nli,recall-only,7951
91,leaf:Macintosh hardware#t0,The document is about Macintosh hardware.,rewrite,2858,2000,858,0,0,1.0,1.0,1.0,400,0.9260204081632653,False,,,0.0023494580018450506,1.0,False,20ng,20ng-N7951,nli,recall-only,7951
92,leaf:items for sale#t1,This text discusses items for sale.,rewrite,1268,400,868,0,0,1.0,1.0,1.0,400,0.9237875288683602,False,,,0.0020976669984520413,1.0,False,20ng,20ng-N7951,nli,recall-only,7951
93,leaf:the Microsoft Windows operating system#t0,The document is about the Microsoft Windows operating system.,rewrite,1120,75,1045,0,0,0.21052631578947367,1.0,0.34782608695652173,400,0.9269005847953217,False,,,0.0023831660000723787,1.0,False,20ng,20ng-N7951,nli,recall-only,7951
94,leaf:the Microsoft Windows operating system#t1,This text discusses the Microsoft Windows operating system.,exact-hit,0,0,0,0,0,0.20212228398180898,1.0,0.3362757461118117,400,1.0,False,,,5.83400105824694e-06,1.0,False,20ng,20ng-N7951,nli,recall-only,7951
95,group:computers#t3,This article covers the topic of computers.,rewrite,2223,2050,173,0,0,1.0,1.0,1.0,2000,0.9196261682242991,False,,,0.003066249999392312,1.0,False,20ng,20ng-N7951,nli,recall-only,7951
96,leaf:PC hardware#t1,This text discusses PC hardware.,rewrite,2367,653,1714,0,0,0.2284408909194746,1.0,0.3719200371920037,400,0.9319371727748691,False,,,0.0025153329988825135,1.0,False,20ng,20ng-N7951,nli,recall-only,7951
97,leaf:cars#t2,The passage is related to cars.,exact-hit,0,0,0,0,0,0.5263157894736842,1.0,0.6896551724137931,400,0.9367088607594937,False,,,8.082999556791037e-06,1.0,False,20ng,20ng-N7951,nli,recall-only,7951
98,union:Christianity|items for sale#u0,The document is about Christianity or about items for sale.,rewrite,6492,6400,78,14,0,0.5273566249176005,1.0,0.6905481225722917,800,1.0,False,,,0.0016299999988405034,1.0,False,20ng,20ng-N7951,nli,recall-only,7951
99,group:politics#t2,The passage is related to politics.,rewrite,1157,811,346,0,0,1.0,1.0,1.0,1200,0.9201581027667984,False,,,0.0059022909990744665,1.0,False,20ng,20ng-N7951,nli,recall-only,7951
100,leaf:gun control#t2,The passage is related to gun control.,rewrite,1541,800,741,0,0,1.0,1.0,1.0,400,0.9237875288683602,False,,,0.002353250005398877,1.0,False,20ng,20ng-N7951,nli,recall-only,7951
101,union:Middle East affairs|items for sale#u1,This text discusses either Middle East affairs or items for sale.,exact-hit,0,0,0,0,0,0.29784065524944153,1.0,0.4589787722317843,800,1.0,False,,,9.000003046821803e-06,1.0,False,20ng,20ng-N7951,nli,recall-only,7951
102,leaf:computer graphics#t3,This article covers the topic of computer graphics.,rewrite,2634,56,2578,0,0,0.2089864158829676,1.0,0.34572169403630076,400,0.9402985074626866,False,,,0.0028534590019262396,1.0,False,20ng,20ng-N7951,nli,recall-only,7951
103,leaf:religious debate#t3,This article covers the topic of religious debate.,exact-hit,0,0,0,0,0,0.3147982062780269,1.0,0.4788540245566167,351,0.9264214046822743,False,,,8.499999239575118e-06,1.0,False,20ng,20ng-N7951,nli,recall-only,7951
104,leaf:atheism#t3,This article covers the topic of atheism.,exact-hit,0,0,0,0,0,1.0,1.0,1.0,400,0.9237875288683602,False,,,4.540997906588018e-06,1.0,False,20ng,20ng-N7951,nli,recall-only,7951
105,group:religion#t1,This text discusses religion.,exact-hit,0,0,0,0,0,1.0,1.0,1.0,1151,0.9209138840070299,False,,,3.9579972508363426e-06,1.0,False,20ng,20ng-N7951,nli,recall-only,7951
106,union:hockey|items for sale#u0,The document is about hockey or about items for sale.,rewrite,6823,6751,72,0,0,0.6779661016949152,1.0,0.8080808080808081,800,1.0,False,,,0.0017618330020923167,1.0,False,20ng,20ng-N7951,nli,recall-only,7951
107,group:motor vehicles#t0,The document is about motor vehicles.,exact-hit,0,0,0,0,0,1.0,1.0,1.0,800,,,,,8.124996384140104e-06,1.0,,20ng,20ng-N7951,nli,recall-only,7951
108,union:space exploration|the Microsoft Windows operating system#u1,This text discusses either space exploration or the Microsoft Windows operating system.,rewrite,5980,5951,29,0,0,0.33655868742111905,1.0,0.5036197670758578,800,1.0,False,,,0.0012540410025394522,1.0,False,20ng,20ng-N7951,nli,recall-only,7951
109,group:sports#t2,The passage is related to sports.,exact-hit,0,0,0,0,0,1.0,1.0,1.0,800,0.9216182048040455,False,,,9.04199987417087e-06,1.0,False,20ng,20ng-N7951,nli,recall-only,7951
110,group:sports#t1,This text discusses sports.,exact-hit,0,0,0,0,0,1.0,1.0,1.0,800,,,,,5.249996320344508e-06,1.0,,20ng,20ng-N7951,nli,recall-only,7951
111,leaf:atheism#t3,This article covers the topic of atheism.,exact-hit,0,0,0,0,0,1.0,1.0,1.0,400,0.9237875288683602,False,,,4.249995981808752e-06,1.0,False,20ng,20ng-N7951,nli,recall-only,7951
112,leaf:Middle East affairs#t2,The passage is related to Middle East affairs.,rewrite,1740,465,1275,0,0,0.18050541516245489,1.0,0.30581039755351686,400,0.9307359307359307,False,,,0.0028572079972946085,1.0,False,20ng,20ng-N7951,nli,recall-only,7951
113,union:Macintosh hardware|motorcycles#u1,This text discusses either Macintosh hardware or motorcycles.,rewrite,3112,2769,343,0,0,1.0,1.0,1.0,800,0.9214975845410628,False,,,0.0026409999991301447,1.0,False,20ng,20ng-N7951,nli,recall-only,7951
114,union:political debate|religious debate#u0,The document is about political debate or about religious debate.,rewrite,5720,5600,84,36,0,0.33142100617828774,1.0,0.49784554192906855,751,1.0,False,,,0.011010291003913153,1.0,False,20ng,20ng-N7951,nli,recall-only,7951
115,leaf:gun control#t3,This article covers the topic of gun control.,rewrite,1541,800,741,0,0,1.0,1.0,1.0,400,0.9237875288683602,False,,,0.00230708400340518,1.0,False,20ng,20ng-N7951,nli,recall-only,7951
116,leaf:medicine#t2,The passage is related to medicine.,rewrite,2176,1200,976,0,0,1.0,1.0,1.0,400,0.9260204081632653,False,,,0.0025799170034588315,1.0,False,20ng,20ng-N7951,nli,recall-only,7951
117,group:politics#t1,This text discusses politics.,exact-hit,0,0,0,0,0,1.0,1.0,1.0,1200,,,,,7.999995432328433e-06,1.0,,20ng,20ng-N7951,nli,recall-only,7951
118,group:science#t2,The passage is related to science.,exact-hit,0,0,0,0,0,1.0,1.0,1.0,1600,0.9204328453214513,False,,,4.1249950299970806e-06,1.0,False,20ng,20ng-N7951,nli,recall-only,7951
119,group:religion#t0,The document is about religion.,exact-hit,0,0,0,0,0,1.0,0.9878366637706343,0.993881118881119,1151,0.9199029126213593,False,,,3.958994057029486e-06,0.9878366637706343,False,20ng,20ng-N7951,nli,recall-only,7951
0,group:motor vehicles#t0,The document is about motor vehicles.,cold,7951,7951,0,0,0,1.0,1.0,1.0,800,,,,,0.0001985830022022128,1.0,,20ng,20ng-N7951,nli,recall-trust,7951
1,group:religion#t3,This article covers the topic of religion.,cold,7951,7951,0,0,0,1.0,1.0,1.0,1151,,,,,0.00040749999607214704,1.0,,20ng,20ng-N7951,nli,recall-trust,7951
2,leaf:religious debate#t0,The document is about religious debate.,rewrite,6800,6800,0,0,0,0.3049522154648132,1.0,0.4673768308921438,351,1.0,False,,,0.00025062500208150595,1.0,False,20ng,20ng-N7951,nli,recall-trust,7951
3,group:politics#t1,This text discusses politics.,cold,7951,7951,0,0,0,1.0,1.0,1.0,1200,,,,,0.0003146250019199215,1.0,,20ng,20ng-N7951,nli,recall-trust,7951
4,union:gun control|medicine#u0,The document is about gun control or about medicine.,cold,7951,7951,0,0,0,1.0,1.0,1.0,800,,,,,0.0002479999966453761,1.0,,20ng,20ng-N7951,nli,recall-trust,7951
5,group:motor vehicles#t0,The document is about motor vehicles.,exact-hit,0,0,0,0,0,1.0,1.0,1.0,800,,,,,4.0000013541430235e-06,1.0,,20ng,20ng-N7951,nli,recall-trust,7951
6,group:politics#t1,This text discusses politics.,exact-hit,0,0,0,0,0,1.0,1.0,1.0,1200,,,,,2.4170003598555923e-06,1.0,,20ng,20ng-N7951,nli,recall-trust,7951
7,group:religion#t0,The document is about religion.,rewrite,1395,1151,244,0,0,1.0,1.0,1.0,1151,0.9200639488409272,False,,,0.002067207999061793,1.0,False,20ng,20ng-N7951,nli,recall-trust,7951
8,leaf:political debate#t1,This text discusses political debate.,rewrite,6751,6751,0,0,0,0.3333333333333333,1.0,0.5,400,1.0,False,,,0.00024191700504161417,1.0,False,20ng,20ng-N7951,nli,recall-trust,7951
9,group:sports#t1,This text discusses sports.,cold,7951,7951,0,0,0,1.0,1.0,1.0,800,,,,,0.0002612079988466576,1.0,,20ng,20ng-N7951,nli,recall-trust,7951
10,group:science#t1,This text discusses science.,cold,7951,7951,0,0,0,1.0,1.0,1.0,1600,,,,,0.00038454199966508895,1.0,,20ng,20ng-N7951,nli,recall-trust,7951
11,leaf:hockey#t1,This text discusses hockey.,rewrite,7151,7151,0,0,0,0.5,1.0,0.6666666666666666,400,1.0,False,,,0.0002454999994370155,1.0,False,20ng,20ng-N7951,nli,recall-trust,7951
12,leaf:religious debate#t2,The passage is related to religious debate.,rewrite,6800,0,0,6800,0,0.3049522154648132,1.0,0.4673768308921438,351,1.0,False,,,0.0002929170004790649,1.0,False,20ng,20ng-N7951,nli,recall-trust,7951
13,leaf:political debate#t0,The document is about political debate.,rewrite,6751,0,0,6751,0,0.3333333333333333,1.0,0.5,400,1.0,False,,,0.0002795830005197786,1.0,False,20ng,20ng-N7951,nli,recall-trust,7951
14,leaf:items for sale#t3,This article covers the topic of items for sale.,rewrite,7951,800,0,7151,0,1.0,1.0,1.0,400,1.0,False,,,0.00038845800008857623,1.0,False,20ng,20ng-N7951,nli,recall-trust,7951
15,leaf:Christianity#t3,This article covers the topic of Christianity.,rewrite,6800,6800,0,0,0,0.3475238922675934,1.0,0.5157962604771116,400,1.0,False,,,0.00025637499493313953,1.0,False,20ng,20ng-N7951,nli,recall-trust,7951
16,union:electronics|hockey#u0,The document is about electronics or about hockey.,cold,7951,7951,0,0,0,1.0,1.0,1.0,800,,,,,0.00027979099832009524,1.0,,20ng,20ng-N7951,nli,recall-trust,7951
17,group:science#t2,The passage is related to science.,rewrite,6351,0,0,6351,0,1.0,1.0,1.0,1600,1.0,False,,,0.0004732089946628548,1.0,False,20ng,20ng-N7951,nli,recall-trust,7951
18,group:computers#t1,This text discusses computers.,cold,7951,7951,0,0,0,1.0,1.0,1.0,2000,,,,,0.0004450839987839572,1.0,,20ng,20ng-N7951,nli,recall-trust,7951
19,union:Macintosh hardware|items for sale#u1,This text discusses either Macintosh hardware or items for sale.,rewrite,5551,5551,0,0,0,0.3333333333333333,1.0,0.5,800,1.0,False,,,0.00035558299714466557,1.0,False,20ng,20ng-N7951,nli,recall-trust,7951
20,group:motor vehicles#t3,This article covers the topic of motor vehicles.,cold,7951,7951,0,0,0,1.0,1.0,1.0,800,,,,,0.0002930830014520325,1.0,,20ng,20ng-N7951,nli,recall-trust,7951
21,group:sports#t3,This article covers the topic of sports.,rewrite,7151,0,0,7151,0,1.0,1.0,1.0,800,1.0,False,,,0.0003782500061788596,1.0,False,20ng,20ng-N7951,nli,recall-trust,7951
22,group:motor vehicles#t3,This article covers the topic of motor vehicles.,exact-hit,0,0,0,0,0,1.0,1.0,1.0,800,,,,,4.207999154459685e-06,1.0,,20ng,20ng-N7951,nli,recall-trust,7951
23,group:motor vehicles#t3,This article covers the topic of motor vehicles.,exact-hit,0,0,0,0,0,1.0,1.0,1.0,800,,,,,2.24999530473724e-06,1.0,,20ng,20ng-N7951,nli,recall-trust,7951
24,union:PC hardware|cryptography#u0,The document is about PC hardware or about cryptography.,rewrite,5951,5951,0,0,0,0.3333333333333333,1.0,0.5,800,1.0,False,,,0.00033620899921515957,1.0,False,20ng,20ng-N7951,nli,recall-trust,7951
25,leaf:political debate#t1,This text discusses political debate.,exact-hit,0,0,0,0,0,0.3333333333333333,1.0,0.5,400,1.0,False,,,4.624998837243766e-06,1.0,False,20ng,20ng-N7951,nli,recall-trust,7951
26,union:Macintosh hardware|space exploration#u1,This text discusses either Macintosh hardware or space exploration.,rewrite,5951,5951,0,0,0,0.3333333333333333,1.0,0.5,800,1.0,False,,,0.00032699999428587034,1.0,False,20ng,20ng-N7951,nli,recall-trust,7951
27,leaf:baseball#t2,The passage is related to baseball.,rewrite,7151,7151,0,0,0,0.5,1.0,0.6666666666666666,400,1.0,False,,,0.0002817920030793175,1.0,False,20ng,20ng-N7951,nli,recall-trust,7951
28,group:computers#t0,The document is about computers.,rewrite,5951,0,0,5951,0,1.0,1.0,1.0,2000,1.0,False,,,0.000559832995350007,1.0,False,20ng,20ng-N7951,nli,recall-trust,7951
29,leaf:baseball#t3,This article covers the topic of baseball.,rewrite,7151,7151,0,0,0,0.5,1.0,0.6666666666666666,400,1.0,False,,,0.00028200000087963417,1.0,False,20ng,20ng-N7951,nli,recall-trust,7951
30,leaf:electronics#t0,The document is about electronics.,rewrite,7951,0,0,7951,0,1.0,1.0,1.0,400,1.0,False,,,0.0004224169970257208,1.0,False,20ng,20ng-N7951,nli,recall-trust,7951
31,union:PC hardware|items for sale#u1,This text discusses either PC hardware or items for sale.,rewrite,5151,5151,0,0,0,0.2857142857142857,1.0,0.4444444444444445,800,1.0,False,,,0.0003635840039351024,1.0,False,20ng,20ng-N7951,nli,recall-trust,7951
32,union:computer graphics|motorcycles#u0,The document is about computer graphics or about motorcycles.,rewrite,7151,7151,0,0,0,0.6666666666666666,1.0,0.8,800,1.0,False,,,0.00035975000355392694,1.0,False,20ng,20ng-N7951,nli,recall-trust,7951
33,union:Macintosh hardware|electronics#u0,The document is about Macintosh hardware or about electronics.,rewrite,5551,5551,0,0,0,0.3333333333333333,1.0,0.5,800,1.0,False,,,0.0003662919989437796,1.0,False,20ng,20ng-N7951,nli,recall-trust,7951
34,group:computers#t1,This text discusses computers.,exact-hit,0,0,0,0,0,1.0,1.0,1.0,2000,,,,,4.04199818149209e-06,1.0,,20ng,20ng-N7951,nli,recall-trust,7951
35,group:religion#t1,This text discusses religion.,rewrite,6800,0,0,6800,0,1.0,1.0,1.0,1151,1.0,False,,,0.0005018340016249567,1.0,False,20ng,20ng-N7951,nli,recall-trust,7951
36,group:computers#t0,The document is about computers.,exact-hit,0,0,0,0,0,1.0,1.0,1.0,2000,1.0,False,,,4.749999789055437e-06,1.0,False,20ng,20ng-N7951,nli,recall-trust,7951
37,union:Middle East affairs|items for sale#u1,This text discusses either Middle East affairs or items for sale.,rewrite,5200,5200,0,0,0,0.2908033442384587,1.0,0.4505773021684032,800,1.0,False,,,0.00040254200575873256,1.0,False,20ng,20ng-N7951,nli,recall-trust,7951
38,leaf:the Microsoft Windows operating system#t1,This text discusses the Microsoft Windows operating system.,rewrite,5951,5951,0,0,0,0.2,1.0,0.33333333333333337,400,1.0,False,,,0.0003191659998265095,1.0,False,20ng,20ng-N7951,nli,recall-trust,7951
39,group:sports#t2,The passage is related to sports.,rewrite,7151,0,0,7151,0,1.0,1.0,1.0,800,1.0,False,,,0.00043633399764075875,1.0,False,20ng,20ng-N7951,nli,recall-trust,7951
40,leaf:motorcycles#t0,The document is about motorcycles.,rewrite,7151,7151,0,0,0,0.5,1.0,0.6666666666666666,400,1.0,False,,,0.00036225000076228753,1.0,False,20ng,20ng-N7951,nli,recall-trust,7951
41,group:motor vehicles#t0,The document is about motor vehicles.,exact-hit,0,0,0,0,0,1.0,1.0,1.0,800,,,,,4.207999154459685e-06,1.0,,20ng,20ng-N7951,nli,recall-trust,7951
42,union:Christianity|political debate#u1,This text discusses either Christianity or political debate.,rewrite,5600,5600,0,0,0,0.340280731603573,1.0,0.5077753094255792,800,1.0,False,,,0.0005637920039589517,1.0,False,20ng,20ng-N7951,nli,recall-trust,7951
43,group:motor vehicles#t2,The passage is related to motor vehicles.,rewrite,7151,0,0,7151,0,1.0,1.0,1.0,800,1.0,False,,,0.0005915829970035702,1.0,False,20ng,20ng-N7951,nli,recall-trust,7951
44,leaf:motorcycles#t2,The passage is related to motorcycles.,rewrite,7151,0,0,7151,0,0.5,1.0,0.6666666666666666,400,1.0,False,,,0.000546125003893394,1.0,False,20ng,20ng-N7951,nli,recall-trust,7951
45,group:motor vehicles#t1,This text discusses motor vehicles.,rewrite,7151,0,0,7151,0,1.0,1.0,1.0,800,1.0,False,,,0.0005227079964242876,1.0,False,20ng,20ng-N7951,nli,recall-trust,7951
46,group:religion#t0,The document is about religion.,exact-hit,0,0,0,0,0,1.0,1.0,1.0,1151,0.9200639488409272,False,,,6.583002686966211e-06,1.0,False,20ng,20ng-N7951,nli,recall-trust,7951
47,group:sports#t3,This article covers the topic of sports.,exact-hit,0,0,0,0,0,1.0,1.0,1.0,800,1.0,False,,,5.290996341500431e-06,1.0,False,20ng,20ng-N7951,nli,recall-trust,7951
48,union:Macintosh hardware|cars#u1,This text discusses either Macintosh hardware or cars.,rewrite,7151,7151,0,0,0,0.6666666666666666,1.0,0.8,800,1.0,False,,,0.0006520409951917827,1.0,False,20ng,20ng-N7951,nli,recall-trust,7951
49,leaf:computer graphics#t1,This text discusses computer graphics.,rewrite,5951,5951,0,0,0,0.2,1.0,0.33333333333333337,400,1.0,False,,,0.000488290999783203,1.0,False,20ng,20ng-N7951,nli,recall-trust,7951
50,union:atheism|hockey#u1,This text discusses either atheism or hockey.,rewrite,7151,7151,0,0,0,0.6666666666666666,1.0,0.8,800,1.0,False,,,0.0004898749975836836,1.0,False,20ng,20ng-N7951,nli,recall-trust,7951
51,leaf:items for sale#t0,The document is about items for sale.,rewrite,1268,400,868,0,0,1.0,1.0,1.0,400,0.9237875288683602,False,,,0.0022479999970528297,1.0,False,20ng,20ng-N7951,nli,recall-trust,7951
52,leaf:baseball#t0,The document is about baseball.,rewrite,7151,0,0,7151,0,0.5,1.0,0.6666666666666666,400,1.0,False,,,0.0006591659985133447,1.0,False,20ng,20ng-N7951,nli,recall-trust,7951
53,union:hockey|motorcycles#u0,The document is about hockey or about motorcycles.,rewrite,7151,7151,0,0,0,0.6666666666666666,1.0,0.8,800,1.0,False,,,0.0005368749989429489,1.0,False,20ng,20ng-N7951,nli,recall-trust,7951
54,group:politics#t0,The document is about politics.,rewrite,6751,0,0,6751,0,1.0,1.0,1.0,1200,1.0,False,,,0.0005826249980600551,1.0,False,20ng,20ng-N7951,nli,recall-trust,7951
55,group:motor vehicles#t1,This text discusses motor vehicles.,exact-hit,0,0,0,0,0,1.0,1.0,1.0,800,1.0,False,,,6.624999514315277e-06,1.0,False,20ng,20ng-N7951,nli,recall-trust,7951
56,leaf:atheism#t3,This article covers the topic of atheism.,rewrite,1899,1200,699,0,0,1.0,1.0,1.0,400,0.9237875288683602,False,,,0.0021788329977425747,1.0,False,20ng,20ng-N7951,nli,recall-trust,7951
57,union:atheism|gun control#u1,This text discusses either atheism or gun control.,rewrite,7551,7551,0,0,0,1.0,1.0,1.0,800,1.0,False,,,0.0006699580044369213,1.0,False,20ng,20ng-N7951,nli,recall-trust,7951
58,leaf:cars#t2,The passage is related to cars.,rewrite,7151,0,0,7151,0,0.5,1.0,0.6666666666666666,400,1.0,False,,,0.000578125000174623,1.0,False,20ng,20ng-N7951,nli,recall-trust,7951
59,group:sports#t2,The passage is related to sports.,exact-hit,0,0,0,0,0,1.0,1.0,1.0,800,1.0,False,,,5.7919969549402595e-06,1.0,False,20ng,20ng-N7951,nli,recall-trust,7951
60,group:motor vehicles#t2,The passage is related to motor vehicles.,exact-hit,0,0,0,0,0,1.0,1.0,1.0,800,1.0,False,,,3.25000291923061e-06,1.0,False,20ng,20ng-N7951,nli,recall-trust,7951
61,group:computers#t0,The document is about computers.,exact-hit,0,0,0,0,0,1.0,1.0,1.0,2000,1.0,False,,,3.3340038498863578e-06,1.0,False,20ng,20ng-N7951,nli,recall-trust,7951
62,union:medicine|the Microsoft Windows operating system#u0,The document is about medicine or about the Microsoft Windows operating system.,rewrite,4351,4351,0,0,0,0.2222222222222222,1.0,0.3636363636363636,800,1.0,False,,,0.0006017499981680885,1.0,False,20ng,20ng-N7951,nli,recall-trust,7951
63,union:baseball|items for sale#u0,The document is about baseball or about items for sale.,rewrite,6751,6751,0,0,0,0.6666666666666666,1.0,0.8,800,1.0,False,,,0.0005432080070022494,1.0,False,20ng,20ng-N7951,nli,recall-trust,7951
64,union:atheism|medicine#u1,This text discusses either atheism or medicine.,rewrite,7551,7551,0,0,0,1.0,1.0,1.0,800,1.0,False,,,0.0011040830067940988,1.0,False,20ng,20ng-N7951,nli,recall-trust,7951
65,union:hockey|the X Window System#u1,This text discusses either hockey or the X Window System.,rewrite,4751,4751,0,0,0,0.25,1.0,0.4,800,1.0,False,,,0.0005884579950361513,1.0,False,20ng,20ng-N7951,nli,recall-trust,7951
66,leaf:cryptography#t0,The document is about cryptography.,rewrite,2975,2400,575,0,0,1.0,1.0,1.0,400,0.9237875288683602,False,,,0.0068282079955679365,1.0,False,20ng,20ng-N7951,nli,recall-trust,7951
67,leaf:motorcycles#t3,This article covers the topic of motorcycles.,rewrite,7151,400,0,6751,0,0.5,1.0,0.6666666666666666,400,1.0,False,,,0.0008440419987891801,1.0,False,20ng,20ng-N7951,nli,recall-trust,7951
68,leaf:hockey#t1,This text discusses hockey.,exact-hit,0,0,0,0,0,0.5,1.0,0.6666666666666666,400,1.0,False,,,6.832997314631939e-06,1.0,False,20ng,20ng-N7951,nli,recall-trust,7951
69,leaf:baseball#t2,The passage is related to baseball.,exact-hit,0,0,0,0,0,0.5,1.0,0.6666666666666666,400,1.0,False,,,3.707995347213e-06,1.0,False,20ng,20ng-N7951,nli,recall-trust,7951
70,group:motor vehicles#t0,The document is about motor vehicles.,exact-hit,0,0,0,0,0,1.0,1.0,1.0,800,,,,,3.1249946914613247e-06,1.0,,20ng,20ng-N7951,nli,recall-trust,7951
71,leaf:the Microsoft Windows operating system#t2,The passage is related to the Microsoft Windows operating system.,rewrite,5951,0,0,5951,0,0.2,1.0,0.33333333333333337,400,1.0,False,,,0.0006302910041995347,1.0,False,20ng,20ng-N7951,nli,recall-trust,7951
72,leaf:motorcycles#t2,The passage is related to motorcycles.,exact-hit,0,0,0,0,0,0.5,1.0,0.6666666666666666,400,1.0,False,,,7.624999852851033e-06,1.0,False,20ng,20ng-N7951,nli,recall-trust,7951
73,group:sports#t2,The passage is related to sports.,exact-hit,0,0,0,0,0,1.0,1.0,1.0,800,1.0,False,,,3.5420016502030194e-06,1.0,False,20ng,20ng-N7951,nli,recall-trust,7951
74,union:Macintosh hardware|electronics#u1,This text discusses either Macintosh hardware or electronics.,rewrite,1038,400,638,0,0,0.3333333333333333,1.0,0.5,800,0.9237875288683602,False,,,0.009134291001828387,1.0,False,20ng,20ng-N7951,nli,recall-trust,7951
75,leaf:Christianity#t3,This article covers the topic of Christianity.,exact-hit,0,0,0,0,0,0.3475238922675934,1.0,0.5157962604771116,400,1.0,False,,,1.2667005648836493e-05,1.0,False,20ng,20ng-N7951,nli,recall-trust,7951
76,group:sports#t2,The passage is related to sports.,exact-hit,0,0,0,0,0,1.0,1.0,1.0,800,1.0,False,,,4.250003257766366e-06,1.0,False,20ng,20ng-N7951,nli,recall-trust,7951
77,leaf:religious debate#t3,This article covers the topic of religious debate.,rewrite,6800,1200,0,5600,0,0.3049522154648132,1.0,0.4673768308921438,351,1.0,False,,,0.0008748340042075142,1.0,False,20ng,20ng-N7951,nli,recall-trust,7951
78,union:atheism|baseball#u1,This text discusses either atheism or baseball.,rewrite,6751,6751,0,0,0,0.6666666666666666,1.0,0.8,800,1.0,False,,,0.0005362910014810041,1.0,False,20ng,20ng-N7951,nli,recall-trust,7951
79,leaf:items for sale#t2,The passage is related to items for sale.,rewrite,1268,400,868,0,0,1.0,1.0,1.0,400,0.9237875288683602,False,,,0.0022191250027390197,1.0,False,20ng,20ng-N7951,nli,recall-trust,7951
80,union:Macintosh hardware|religious debate#u0,The document is about Macintosh hardware or about religious debate.,rewrite,4400,4400,0,0,0,0.21148972120529427,1.0,0.3491399349139935,751,1.0,False,,,0.0008050420001382008,1.0,False,20ng,20ng-N7951,nli,recall-trust,7951
81,group:motor vehicles#t1,This text discusses motor vehicles.,exact-hit,0,0,0,0,0,1.0,1.0,1.0,800,1.0,False,,,8.458002412226051e-06,1.0,False,20ng,20ng-N7951,nli,recall-trust,7951
82,leaf:cars#t0,The document is about cars.,rewrite,7151,0,0,7151,0,0.5,1.0,0.6666666666666666,400,1.0,False,,,0.000760499999159947,1.0,False,20ng,20ng-N7951,nli,recall-trust,7951
83,leaf:PC hardware#t0,The document is about PC hardware.,rewrite,5951,400,0,5551,0,0.2,1.0,0.33333333333333337,400,1.0,False,,,0.0007229589973576367,1.0,False,20ng,20ng-N7951,nli,recall-trust,7951
84,group:religion#t2,The passage is related to religion.,rewrite,6800,0,0,6800,0,1.0,1.0,1.0,1151,1.0,False,,,0.0009940419986378402,1.0,False,20ng,20ng-N7951,nli,recall-trust,7951
85,union:Christianity|hockey#u0,The document is about Christianity or about hockey.,rewrite,3923,3551,372,0,0,0.6666666666666666,1.0,0.8,800,0.9237875288683602,False,,,0.005610833002720028,1.0,False,20ng,20ng-N7951,nli,recall-trust,7951
86,group:religion#t0,The document is about religion.,exact-hit,0,0,0,0,0,1.0,1.0,1.0,1151,0.9200639488409272,False,,,1.8792001355905086e-05,1.0,False,20ng,20ng-N7951,nli,recall-trust,7951
87,union:atheism|computer graphics#u1,This text discusses either atheism or computer graphics.,rewrite,5551,5551,0,0,0,0.3333333333333333,1.0,0.5,800,1.0,False,,,0.007595291994221043,1.0,False,20ng,20ng-N7951,nli,recall-trust,7951
88,union:motorcycles|political debate#u1,This text discusses either motorcycles or political debate.,rewrite,5951,5951,0,0,0,0.4,1.0,0.5714285714285715,800,1.0,False,,,0.0008127499968395568,1.0,False,20ng,20ng-N7951,nli,recall-trust,7951
89,group:motor vehicles#t0,The document is about motor vehicles.,exact-hit,0,0,0,0,0,1.0,1.0,1.0,800,,,,,6.708003638777882e-06,1.0,,20ng,20ng-N7951,nli,recall-trust,7951
90,union:PC hardware|political debate#u0,The document is about PC hardware or about political debate.,rewrite,2050,1600,450,0,0,0.3333333333333333,1.0,0.5,800,0.9237875288683602,False,,,0.0022078750043874606,1.0,False,20ng,20ng-N7951,nli,recall-trust,7951
91,leaf:Macintosh hardware#t0,The document is about Macintosh hardware.,rewrite,7551,2000,0,5551,0,1.0,1.0,1.0,400,1.0,False,,,0.0006954170021344908,1.0,False,20ng,20ng-N7951,nli,recall-trust,7951
92,leaf:items for sale#t1,This text discusses items for sale.,rewrite,1268,400,868,0,0,1.0,1.0,1.0,400,0.9237875288683602,False,,,0.002116249997925479,1.0,False,20ng,20ng-N7951,nli,recall-trust,7951
93,leaf:the Microsoft Windows operating system#t0,The document is about the Microsoft Windows operating system.,rewrite,5951,0,0,5951,0,0.2,1.0,0.33333333333333337,400,1.0,False,,,0.0005465409994940273,1.0,False,20ng,20ng-N7951,nli,recall-trust,7951
94,leaf:the Microsoft Windows operating system#t1,This text discusses the Microsoft Windows operating system.,exact-hit,0,0,0,0,0,0.2,1.0,0.33333333333333337,400,1.0,False,,,5.625006451737136e-06,1.0,False,20ng,20ng-N7951,nli,recall-trust,7951
95,group:computers#t3,This article covers the topic of computers.,rewrite,2143,2000,143,0,0,1.0,1.0,1.0,2000,0.9200690051753881,False,,,0.002537000000302214,1.0,False,20ng,20ng-N7951,nli,recall-trust,7951
96,leaf:PC hardware#t1,This text discusses PC hardware.,rewrite,5951,400,0,5551,0,0.2,1.0,0.33333333333333337,400,1.0,False,,,0.000786541000707075,1.0,False,20ng,20ng-N7951,nli,recall-trust,7951
97,leaf:cars#t2,The passage is related to cars.,exact-hit,0,0,0,0,0,0.5,1.0,0.6666666666666666,400,1.0,False,,,6.4169944380410016e-06,1.0,False,20ng,20ng-N7951,nli,recall-trust,7951
98,union:Christianity|items for sale#u0,The document is about Christianity or about items for sale.,rewrite,6400,6400,0,0,0,0.5157962604771116,1.0,0.680561463207146,800,1.0,False,,,0.0005844170009368099,1.0,False,20ng,20ng-N7951,nli,recall-trust,7951
99,group:politics#t2,The passage is related to politics.,rewrite,1187,800,387,0,0,1.0,1.0,1.0,1200,0.9216589861751152,False,,,0.002393292001215741,1.0,False,20ng,20ng-N7951,nli,recall-trust,7951
100,leaf:gun control#t2,The passage is related to gun control.,rewrite,1541,800,741,0,0,1.0,1.0,1.0,400,0.9237875288683602,False,,,0.0067498330026865005,1.0,False,20ng,20ng-N7951,nli,recall-trust,7951
101,union:Middle East affairs|items for sale#u1,This text discusses either Middle East affairs or items for sale.,exact-hit,0,0,0,0,0,0.2908033442384587,1.0,0.4505773021684032,800,1.0,False,,,2.0749997929669917e-05,1.0,False,20ng,20ng-N7951,nli,recall-trust,7951
102,leaf:computer graphics#t3,This article covers the topic of computer graphics.,rewrite,5951,0,0,5951,0,0.2,1.0,0.33333333333333337,400,1.0,False,,,0.00205433299561264,1.0,False,20ng,20ng-N7951,nli,recall-trust,7951
103,leaf:religious debate#t3,This article covers the topic of religious debate.,exact-hit,0,0,0,0,0,0.3049522154648132,1.0,0.4673768308921438,351,1.0,False,,,1.8541999452281743e-05,1.0,False,20ng,20ng-N7951,nli,recall-trust,7951
104,leaf:atheism#t3,This article covers the topic of atheism.,exact-hit,0,0,0,0,0,1.0,1.0,1.0,400,0.9237875288683602,False,,,5.207999492995441e-06,1.0,False,20ng,20ng-N7951,nli,recall-trust,7951
105,group:religion#t1,This text discusses religion.,exact-hit,0,0,0,0,0,1.0,1.0,1.0,1151,1.0,False,,,7.041999197099358e-06,1.0,False,20ng,20ng-N7951,nli,recall-trust,7951
106,union:hockey|items for sale#u0,The document is about hockey or about items for sale.,rewrite,6751,6751,0,0,0,0.6666666666666666,1.0,0.8,800,1.0,False,,,0.015078584001457784,1.0,False,20ng,20ng-N7951,nli,recall-trust,7951
107,group:motor vehicles#t0,The document is about motor vehicles.,exact-hit,0,0,0,0,0,1.0,1.0,1.0,800,,,,,1.087499549612403e-05,1.0,,20ng,20ng-N7951,nli,recall-trust,7951
108,union:space exploration|the Microsoft Windows operating system#u1,This text discusses either space exploration or the Microsoft Windows operating system.,rewrite,5951,5951,0,0,0,0.3333333333333333,1.0,0.5,800,1.0,False,,,0.0007989590012584813,1.0,False,20ng,20ng-N7951,nli,recall-trust,7951
109,group:sports#t2,The passage is related to sports.,exact-hit,0,0,0,0,0,1.0,1.0,1.0,800,1.0,False,,,1.0708004992920905e-05,1.0,False,20ng,20ng-N7951,nli,recall-trust,7951
110,group:sports#t1,This text discusses sports.,exact-hit,0,0,0,0,0,1.0,1.0,1.0,800,,,,,3.625005774665624e-06,1.0,,20ng,20ng-N7951,nli,recall-trust,7951
111,leaf:atheism#t3,This article covers the topic of atheism.,exact-hit,0,0,0,0,0,1.0,1.0,1.0,400,0.9237875288683602,False,,,4.5000051613897085e-06,1.0,False,20ng,20ng-N7951,nli,recall-trust,7951
112,leaf:Middle East affairs#t2,The passage is related to Middle East affairs.,rewrite,5600,400,0,5200,0,0.1701403658017865,1.0,0.2908033442384587,400,1.0,False,,,0.0007709160054218955,1.0,False,20ng,20ng-N7951,nli,recall-trust,7951
113,union:Macintosh hardware|motorcycles#u1,This text discusses either Macintosh hardware or motorcycles.,rewrite,3292,2800,492,0,0,1.0,1.0,1.0,800,0.9237875288683602,False,,,0.0022507499961648136,1.0,False,20ng,20ng-N7951,nli,recall-trust,7951
114,union:political debate|religious debate#u0,The document is about political debate or about religious debate.,rewrite,5600,5600,0,0,0,0.3194385367928541,1.0,0.4842037395228885,751,1.0,False,,,0.0006617079998250119,1.0,False,20ng,20ng-N7951,nli,recall-trust,7951
115,leaf:gun control#t3,This article covers the topic of gun control.,rewrite,1541,800,741,0,0,1.0,1.0,1.0,400,0.9237875288683602,False,,,0.01757687499775784,1.0,False,20ng,20ng-N7951,nli,recall-trust,7951
116,leaf:medicine#t2,The passage is related to medicine.,rewrite,7551,1200,0,6351,0,1.0,1.0,1.0,400,1.0,False,,,0.0009164170041913167,1.0,False,20ng,20ng-N7951,nli,recall-trust,7951
117,group:politics#t1,This text discusses politics.,exact-hit,0,0,0,0,0,1.0,1.0,1.0,1200,,,,,7.041999197099358e-06,1.0,,20ng,20ng-N7951,nli,recall-trust,7951
118,group:science#t2,The passage is related to science.,exact-hit,0,0,0,0,0,1.0,1.0,1.0,1600,1.0,False,,,4.0000013541430235e-06,1.0,False,20ng,20ng-N7951,nli,recall-trust,7951
119,group:religion#t0,The document is about religion.,exact-hit,0,0,0,0,0,1.0,1.0,1.0,1151,0.9200639488409272,False,,,3.6249984987080097e-06,1.0,False,20ng,20ng-N7951,nli,recall-trust,7951
0,group:motor vehicles#t0,The document is about motor vehicles.,cold,7951,7951,0,0,0,1.0,1.0,1.0,800,,,,,0.00020983300055377185,1.0,,20ng,20ng-N7951,gt,shipped,7951
1,group:religion#t3,This article covers the topic of religion.,rewrite,7178,7151,27,0,0,1.0,1.0,1.0,1151,0.9200639488409272,False,1.0,False,0.0020188749986118637,1.0,False,20ng,20ng-N7951,gt,shipped,7951
2,leaf:religious debate#t0,The document is about religious debate.,rewrite,1954,1151,803,0,0,1.0,1.0,1.0,351,0.9236842105263158,False,1.0,False,0.0018708749994402751,1.0,False,20ng,20ng-N7951,gt,shipped,7951
3,group:politics#t1,This text discusses politics.,rewrite,6078,6000,78,0,0,1.0,1.0,1.0,1200,0.9202453987730062,False,1.0,False,0.004738249997899402,1.0,False,20ng,20ng-N7951,gt,shipped,7951
4,union:gun control|medicine#u0,The document is about gun control or about medicine.,rewrite,6119,6000,119,0,0,1.0,1.0,1.0,800,0.9216589861751152,False,1.0,False,0.009189917000185233,1.0,False,20ng,20ng-N7951,gt,shipped,7951
5,group:motor vehicles#t0,The document is about motor vehicles.,exact-hit,0,0,0,0,0,1.0,1.0,1.0,800,,,,,2.3790998966433108e-05,1.0,,20ng,20ng-N7951,gt,shipped,7951
6,group:politics#t1,This text discusses politics.,exact-hit,0,0,0,0,0,1.0,1.0,1.0,1200,0.9202453987730062,False,1.0,False,1.0207993909716606e-05,1.0,False,20ng,20ng-N7951,gt,shipped,7951
7,group:religion#t0,The document is about religion.,rewrite,404,0,404,0,0,1.0,1.0,1.0,1151,0.9204946996466431,False,0.9052997393570807,False,0.0034451669998816215,1.0,False,20ng,20ng-N7951,gt,shipped,7951
8,leaf:political debate#t1,This text discusses political debate.,rewrite,1622,800,822,0,0,1.0,1.0,1.0,400,0.9237875288683602,False,1.0,False,0.0018175410004914738,1.0,False,20ng,20ng-N7951,gt,shipped,7951
9,group:sports#t1,This text discusses sports.,rewrite,4637,4400,237,0,0,1.0,1.0,1.0,800,0.9216589861751152,False,1.0,False,0.0019221670008846559,1.0,False,20ng,20ng-N7951,gt,shipped,7951
10,group:science#t1,This text discusses science.,rewrite,4131,4000,131,0,0,1.0,1.0,1.0,1600,0.9200690051753881,False,1.0,False,0.002333167001779657,1.0,False,20ng,20ng-N7951,gt,shipped,7951
11,leaf:hockey#t1,This text discusses hockey.,rewrite,1541,800,741,0,0,1.0,1.0,1.0,400,0.9237875288683602,False,1.0,False,0.0019502499999362044,1.0,False,20ng,20ng-N7951,gt,shipped,7951
12,leaf:religious debate#t2,The passage is related to religious debate.,rewrite,1317,0,1317,0,0,1.0,1.0,1.0,351,0.9273255813953488,False,0.9088319088319088,False,0.002287667004566174,1.0,False,20ng,20ng-N7951,gt,shipped,7951
13,leaf:political debate#t0,The document is about political debate.,rewrite,1060,0,1060,0,0,1.0,1.0,1.0,400,0.9236641221374046,False,0.9075,False,0.002189333004935179,1.0,False,20ng,20ng-N7951,gt,shipped,7951
14,leaf:items for sale#t3,This article covers the topic of items for sale.,rewrite,4219,3600,619,0,0,1.0,1.0,1.0,400,0.9259259259259259,False,1.0,False,0.0018160409963456914,1.0,False,20ng,20ng-N7951,gt,shipped,7951
15,leaf:Christianity#t3,This article covers the topic of Christianity.,rewrite,1622,800,822,0,0,1.0,1.0,1.0,400,0.9237875288683602,False,1.0,False,0.0026513330012676306,1.0,False,20ng,20ng-N7951,gt,shipped,7951
16,union:electronics|hockey#u0,The document is about electronics or about hockey.,rewrite,3970,3600,370,0,0,1.0,1.0,1.0,800,0.9226118500604595,False,0.95375,False,0.002585583002655767,1.0,False,20ng,20ng-N7951,gt,shipped,7951
17,group:science#t2,The passage is related to science.,rewrite,251,0,251,0,0,1.0,1.0,1.0,1600,0.9204328453214513,False,0.90375,False,0.0027911659999517724,1.0,False,20ng,20ng-N7951,gt,shipped,7951
18,group:computers#t1,This text discusses computers.,rewrite,4499,4400,99,0,0,1.0,1.0,1.0,2000,0.9199632014719411,False,1.0,False,0.0024644590012030676,1.0,False,20ng,20ng-N7951,gt,shipped,7951
19,union:Macintosh hardware|items for sale#u1,This text discusses either Macintosh hardware or items for sale.,rewrite,3604,3200,404,0,0,1.0,1.0,1.0,800,0.9226118500604595,False,0.95375,False,0.002421165998384822,1.0,False,20ng,20ng-N7951,gt,shipped,7951
20,group:motor vehicles#t3,This article covers the topic of motor vehicles.,rewrite,521,0,521,0,0,1.0,1.0,1.0,800,0.9211195928753181,False,0.905,False,0.002454875000694301,1.0,False,20ng,20ng-N7951,gt,shipped,7951
21,group:sports#t3,This article covers the topic of sports.,rewrite,568,0,568,0,0,1.0,1.0,1.0,800,0.9213197969543148,False,0.9075,False,0.002816416999849025,1.0,False,20ng,20ng-N7951,gt,shipped,7951
22,group:motor vehicles#t3,This article covers the topic of motor vehicles.,exact-hit,0,0,0,0,0,1.0,1.0,1.0,800,0.9211195928753181,False,0.905,False,6.750000466126949e-06,1.0,False,20ng,20ng-N7951,gt,shipped,7951
23,group:motor vehicles#t3,This article covers the topic of motor vehicles.,exact-hit,0,0,0,0,0,1.0,1.0,1.0,800,0.9211195928753181,False,0.905,False,2.9170041671022773e-06,1.0,False,20ng,20ng-N7951,gt,shipped,7951
24,union:PC hardware|cryptography#u0,The document is about PC hardware or about cryptography.,rewrite,4280,4000,280,0,0,1.0,1.0,1.0,800,0.9216589861751152,False,1.0,False,0.002184083001338877,1.0,False,20ng,20ng-N7951,gt,shipped,7951
25,leaf:political debate#t1,This text discusses political debate.,exact-hit,0,0,0,0,0,1.0,1.0,1.0,400,0.9237875288683602,False,1.0,False,1.375000283587724e-05,1.0,False,20ng,20ng-N7951,gt,shipped,7951
26,union:Macintosh hardware|space exploration#u1,This text discusses either Macintosh hardware or space exploration.,rewrite,4651,4400,251,0,0,1.0,1.0,1.0,800,0.9216589861751152,False,1.0,False,0.0022215839999262244,1.0,False,20ng,20ng-N7951,gt,shipped,7951
27,leaf:baseball#t2,The passage is related to baseball.,rewrite,1268,400,868,0,0,1.0,1.0,1.0,400,0.9237875288683602,False,1.0,False,0.0021472500011441298,1.0,False,20ng,20ng-N7951,gt,shipped,7951
28,group:computers#t0,The document is about computers.,rewrite,197,0,197,0,0,1.0,1.0,1.0,2000,0.920061099796334,False,0.9035,False,0.0030104999968898483,1.0,False,20ng,20ng-N7951,gt,shipped,7951
29,leaf:baseball#t3,This article covers the topic of baseball.,rewrite,1060,0,1060,0,0,1.0,1.0,1.0,400,0.9236641221374046,False,0.9075,False,0.012864209005783778,1.0,False,20ng,20ng-N7951,gt,shipped,7951
30,leaf:electronics#t0,The document is about electronics.,rewrite,1268,400,868,0,0,1.0,1.0,1.0,400,0.9237875288683602,False,1.0,False,0.0030330420049722306,1.0,False,20ng,20ng-N7951,gt,shipped,7951
31,union:PC hardware|items for sale#u1,This text discusses either PC hardware or items for sale.,rewrite,4336,4000,336,0,0,1.0,1.0,1.0,800,0.9226118500604595,False,0.95375,False,0.009854915995674673,1.0,False,20ng,20ng-N7951,gt,shipped,7951
32,union:computer graphics|motorcycles#u0,The document is about computer graphics or about motorcycles.,rewrite,4280,4000,280,0,0,1.0,1.0,1.0,800,0.9216589861751152,False,1.0,False,0.0022434580023400486,1.0,False,20ng,20ng-N7951,gt,shipped,7951
33,union:Macintosh hardware|electronics#u0,The document is about Macintosh hardware or about electronics.,rewrite,3970,3600,370,0,0,1.0,1.0,1.0,800,0.9226118500604595,False,0.95375,False,0.002604375004011672,1.0,False,20ng,20ng-N7951,gt,shipped,7951
34,group:computers#t1,This text discusses computers.,exact-hit,0,0,0,0,0,1.0,1.0,1.0,2000,0.9199632014719411,False,1.0,False,1.1290998372714967e-05,1.0,False,20ng,20ng-N7951,gt,shipped,7951
35,group:religion#t1,This text discusses religion.,rewrite,404,0,404,0,0,1.0,1.0,1.0,1151,0.9204946996466431,False,0.9052997393570807,False,0.0033026669989340007,1.0,False,20ng,20ng-N7951,gt,shipped,7951
36,group:computers#t0,The document is about computers.,exact-hit,0,0,0,0,0,1.0,1.0,1.0,2000,0.920061099796334,False,0.9035,False,9.583993232809007e-06,1.0,False,20ng,20ng-N7951,gt,shipped,7951
37,union:Middle East affairs|items for sale#u1,This text discusses either Middle East affairs or items for sale.,rewrite,3970,3600,370,0,0,1.0,1.0,1.0,800,0.9226118500604595,False,0.95375,False,0.002599999999802094,1.0,False,20ng,20ng-N7951,gt,shipped,7951
38,leaf:the Microsoft Windows operating system#t1,This text discusses the Microsoft Windows operating system.,rewrite,2030,1200,830,0,0,1.0,1.0,1.0,400,0.9237875288683602,False,1.0,False,0.0021348750015022233,1.0,False,20ng,20ng-N7951,gt,shipped,7951
39,group:sports#t2,The passage is related to sports.,rewrite,568,0,568,0,0,1.0,1.0,1.0,800,0.9213197969543148,False,0.9075,False,0.0029845410026609898,1.0,False,20ng,20ng-N7951,gt,shipped,7951
40,leaf:motorcycles#t0,The document is about motorcycles.,rewrite,1268,400,868,0,0,1.0,1.0,1.0,400,0.9237875288683602,False,1.0,False,0.002242499998828862,1.0,False,20ng,20ng-N7951,gt,shipped,7951
41,group:motor vehicles#t0,The document is about motor vehicles.,exact-hit,0,0,0,0,0,1.0,1.0,1.0,800,,,,,7.5409989221952856e-06,1.0,,20ng,20ng-N7951,gt,shipped,7951
42,union:Christianity|political debate#u1,This text discusses either Christianity or political debate.,rewrite,4363,4000,363,0,0,1.0,1.0,1.0,800,0.9224904701397713,False,0.9075,False,0.003104041999904439,1.0,False,20ng,20ng-N7951,gt,shipped,7951
43,group:motor vehicles#t2,The passage is related to motor vehicles.,rewrite,521,0,521,0,0,1.0,1.0,1.0,800,0.9211195928753181,False,0.905,False,0.002741875003266614,1.0,False,20ng,20ng-N7951,gt,shipped,7951
44,leaf:motorcycles#t2,The passage is related to motorcycles.,rewrite,1154,0,1154,0,0,1.0,1.0,1.0,400,0.9260204081632653,False,0.9075,False,0.0025531669962219894,1.0,False,20ng,20ng-N7951,gt,shipped,7951
45,group:motor vehicles#t1,This text discusses motor vehicles.,rewrite,521,0,521,0,0,1.0,1.0,1.0,800,0.9211195928753181,False,0.905,False,0.0026751670011435635,1.0,False,20ng,20ng-N7951,gt,shipped,7951
46,group:religion#t0,The document is about religion.,exact-hit,0,0,0,0,0,1.0,1.0,1.0,1151,0.9204946996466431,False,0.9052997393570807,False,7.834001735318452e-06,1.0,False,20ng,20ng-N7951,gt,shipped,7951
47,group:sports#t3,This article covers the topic of sports.,exact-hit,0,0,0,0,0,1.0,1.0,1.0,800,0.9213197969543148,False,0.9075,False,4.9579975893720984e-06,1.0,False,20ng,20ng-N7951,gt,shipped,7951
48,union:Macintosh hardware|cars#u1,This text discusses either Macintosh hardware or cars.,rewrite,5017,4800,217,0,0,1.0,1.0,1.0,800,0.9216589861751152,False,1.0,False,0.0021465000027092174,1.0,False,20ng,20ng-N7951,gt,shipped,7951
49,leaf:computer graphics#t1,This text discusses computer graphics.,rewrite,1268,400,868,0,0,1.0,1.0,1.0,400,0.9237875288683602,False,1.0,False,0.002244625000457745,1.0,False,20ng,20ng-N7951,gt,shipped,7951
50,union:atheism|hockey#u1,This text discusses either atheism or hockey.,rewrite,4695,4400,295,0,0,1.0,1.0,1.0,800,0.9226118500604595,False,0.95375,False,0.0025437499934923835,1.0,False,20ng,20ng-N7951,gt,shipped,7951
51,leaf:items for sale#t0,The document is about items for sale.,rewrite,1154,0,1154,0,0,1.0,1.0,1.0,400,0.9260204081632653,False,0.9075,False,0.002544625000155065,1.0,False,20ng,20ng-N7951,gt,shipped,7951
52,leaf:baseball#t0,The document is about baseball.,rewrite,1154,0,1154,0,0,1.0,1.0,1.0,400,0.9260204081632653,False,0.9075,False,0.0025289169934694655,1.0,False,20ng,20ng-N7951,gt,shipped,7951
53,union:hockey|motorcycles#u0,The document is about hockey or about motorcycles.,rewrite,4357,4000,357,0,0,1.0,1.0,1.0,800,0.9224904701397713,False,0.9075,False,0.003056875000766013,1.0,False,20ng,20ng-N7951,gt,shipped,7951
54,group:politics#t0,The document is about politics.,rewrite,389,0,389,0,0,1.0,1.0,1.0,1200,0.9203389830508475,False,0.905,False,0.003389165998669341,1.0,False,20ng,20ng-N7951,gt,shipped,7951
55,group:motor vehicles#t1,This text discusses motor vehicles.,exact-hit,0,0,0,0,0,1.0,1.0,1.0,800,0.9211195928753181,False,0.905,False,7.2920011007227e-06,1.0,False,20ng,20ng-N7951,gt,shipped,7951
56,leaf:atheism#t3,This article covers the topic of atheism.,rewrite,1268,400,868,0,0,1.0,1.0,1.0,400,0.9237875288683602,False,1.0,False,0.0022547920016222633,1.0,False,20ng,20ng-N7951,gt,shipped,7951
57,union:atheism|gun control#u1,This text discusses either atheism or gun control.,rewrite,4342,4000,342,0,0,1.0,1.0,1.0,800,0.9226118500604595,False,0.95375,False,0.002752832995611243,1.0,False,20ng,20ng-N7951,gt,shipped,7951
58,leaf:cars#t2,The passage is related to cars.,rewrite,1268,400,868,0,0,1.0,1.0,1.0,400,0.9237875288683602,False,1.0,False,0.002320917003089562,1.0,False,20ng,20ng-N7951,gt,shipped,7951
59,group:sports#t2,The passage is related to sports.,exact-hit,0,0,0,0,0,1.0,1.0,1.0,800,0.9213197969543148,False,0.9075,False,6.583002686966211e-06,1.0,False,20ng,20ng-N7951,gt,shipped,7951
60,group:motor vehicles#t2,The passage is related to motor vehicles.,exact-hit,0,0,0,0,0,1.0,1.0,1.0,800,0.9211195928753181,False,0.905,False,3.749999450519681e-06,1.0,False,20ng,20ng-N7951,gt,shipped,7951
61,group:computers#t0,The document is about computers.,exact-hit,0,0,0,0,0,1.0,1.0,1.0,2000,0.920061099796334,False,0.9035,False,3.9579972508363426e-06,1.0,False,20ng,20ng-N7951,gt,shipped,7951
62,union:medicine|the Microsoft Windows operating system#u0,The document is about medicine or about the Microsoft Windows operating system.,rewrite,4342,4000,342,0,0,1.0,1.0,1.0,800,0.9226118500604595,False,0.95375,False,0.002810291000059806,1.0,False,20ng,20ng-N7951,gt,shipped,7951
63,union:baseball|items for sale#u0,The document is about baseball or about items for sale.,rewrite,3999,3600,399,0,0,1.0,1.0,1.0,800,0.9224904701397713,False,0.9075,False,0.0031411669988301583,1.0,False,20ng,20ng-N7951,gt,shipped,7951
64,union:atheism|medicine#u1,This text discusses either atheism or medicine.,rewrite,3976,3600,376,0,0,1.0,1.0,1.0,800,0.9226118500604595,False,0.95375,False,0.00580320800509071,1.0,False,20ng,20ng-N7951,gt,shipped,7951
65,union:hockey|the X Window System#u1,This text discusses either hockey or the X Window System.,rewrite,4695,4400,295,0,0,1.0,1.0,1.0,800,0.9226118500604595,False,0.95375,False,0.005656916000589263,1.0,False,20ng,20ng-N7951,gt,shipped,7951
66,leaf:cryptography#t0,The document is about cryptography.,rewrite,1268,400,868,0,0,1.0,1.0,1.0,400,0.9237875288683602,False,1.0,False,0.0025535829990985803,1.0,False,20ng,20ng-N7951,gt,shipped,7951
67,leaf:motorcycles#t3,This article covers the topic of motorcycles.,rewrite,1154,0,1154,0,0,1.0,1.0,1.0,400,0.9260204081632653,False,0.9075,False,0.0027652089993353,1.0,False,20ng,20ng-N7951,gt,shipped,7951
68,leaf:hockey#t1,This text discusses hockey.,exact-hit,0,0,0,0,0,1.0,1.0,1.0,400,0.9237875288683602,False,1.0,False,8.417002391070127e-06,1.0,False,20ng,20ng-N7951,gt,shipped,7951
69,leaf:baseball#t2,The passage is related to baseball.,exact-hit,0,0,0,0,0,1.0,1.0,1.0,400,0.9237875288683602,False,1.0,False,3.749999450519681e-06,1.0,False,20ng,20ng-N7951,gt,shipped,7951
70,group:motor vehicles#t0,The document is about motor vehicles.,exact-hit,0,0,0,0,0,1.0,1.0,1.0,800,,,,,3.2079988159239292e-06,1.0,,20ng,20ng-N7951,gt,shipped,7951
71,leaf:the Microsoft Windows operating system#t2,The passage is related to the Microsoft Windows operating system.,rewrite,1154,0,1154,0,0,1.0,1.0,1.0,400,0.9260204081632653,False,0.9075,False,0.0027082920059910975,1.0,False,20ng,20ng-N7951,gt,shipped,7951
72,leaf:motorcycles#t2,The passage is related to motorcycles.,exact-hit,0,0,0,0,0,1.0,1.0,1.0,400,0.9260204081632653,False,0.9075,False,8.791001164354384e-06,1.0,False,20ng,20ng-N7951,gt,shipped,7951
73,group:sports#t2,The passage is related to sports.,exact-hit,0,0,0,0,0,1.0,1.0,1.0,800,0.9213197969543148,False,0.9075,False,3.25000291923061e-06,1.0,False,20ng,20ng-N7951,gt,shipped,7951
74,union:Macintosh hardware|electronics#u1,This text discusses either Macintosh hardware or electronics.,rewrite,521,0,521,0,0,1.0,1.0,1.0,800,0.9211195928753181,False,0.905,False,0.002915542005212046,1.0,False,20ng,20ng-N7951,gt,shipped,7951
75,leaf:Christianity#t3,This article covers the topic of Christianity.,exact-hit,0,0,0,0,0,1.0,1.0,1.0,400,0.9237875288683602,False,1.0,False,9.625000529922545e-06,1.0,False,20ng,20ng-N7951,gt,shipped,7951
76,group:sports#t2,The passage is related to sports.,exact-hit,0,0,0,0,0,1.0,1.0,1.0,800,0.9213197969543148,False,0.9075,False,3.291999746579677e-06,1.0,False,20ng,20ng-N7951,gt,shipped,7951
77,leaf:religious debate#t3,This article covers the topic of religious debate.,rewrite,1209,0,1209,0,0,1.0,1.0,1.0,351,0.9246376811594202,False,0.9088319088319088,False,0.002771958002995234,1.0,False,20ng,20ng-N7951,gt,shipped,7951
78,union:atheism|baseball#u1,This text discusses either atheism or baseball.,rewrite,3999,3600,399,0,0,1.0,1.0,1.0,800,0.9224904701397713,False,0.9075,False,0.003272791000199504,1.0,False,20ng,20ng-N7951,gt,shipped,7951
79,leaf:items for sale#t2,The passage is related to items for sale.,rewrite,1154,0,1154,0,0,1.0,1.0,1.0,400,0.9260204081632653,False,0.9075,False,0.002712708002945874,1.0,False,20ng,20ng-N7951,gt,shipped,7951
80,union:Macintosh hardware|religious debate#u0,The document is about Macintosh hardware or about religious debate.,rewrite,4716,4400,316,0,0,1.0,1.0,1.0,751,0.9229781771501926,False,0.9573901464713716,False,0.002779249996819999,1.0,False,20ng,20ng-N7951,gt,shipped,7951
81,group:motor vehicles#t1,This text discusses motor vehicles.,exact-hit,0,0,0,0,0,1.0,1.0,1.0,800,0.9211195928753181,False,0.905,False,7.041999197099358e-06,1.0,False,20ng,20ng-N7951,gt,shipped,7951
82,leaf:cars#t0,The document is about cars.,rewrite,1154,0,1154,0,0,1.0,1.0,1.0,400,0.9260204081632653,False,0.9075,False,0.0025984579988289624,1.0,False,20ng,20ng-N7951,gt,shipped,7951
83,leaf:PC hardware#t0,The document is about PC hardware.,rewrite,1268,400,868,0,0,1.0,1.0,1.0,400,0.9237875288683602,False,1.0,False,0.0023332500059041195,1.0,False,20ng,20ng-N7951,gt,shipped,7951
84,group:religion#t2,The passage is related to religion.,rewrite,404,0,404,0,0,1.0,1.0,1.0,1151,0.9204946996466431,False,0.9052997393570807,False,0.0034194170002592728,1.0,False,20ng,20ng-N7951,gt,shipped,7951
85,union:Christianity|hockey#u0,The document is about Christianity or about hockey.,rewrite,3635,3200,435,0,0,1.0,1.0,1.0,800,0.9224904701397713,False,0.9075,False,0.0032074580012704246,1.0,False,20ng,20ng-N7951,gt,shipped,7951
86,group:religion#t0,The document is about religion.,exact-hit,0,0,0,0,0,1.0,1.0,1.0,1151,0.9204946996466431,False,0.9052997393570807,False,8.292001439258456e-06,1.0,False,20ng,20ng-N7951,gt,shipped,7951
87,union:atheism|computer graphics#u1,This text discusses either atheism or computer graphics.,rewrite,4363,4000,363,0,0,1.0,1.0,1.0,800,0.9224904701397713,False,0.9075,False,0.003305625003122259,1.0,False,20ng,20ng-N7951,gt,shipped,7951
88,union:motorcycles|political debate#u1,This text discusses either motorcycles or political debate.,rewrite,4363,4000,363,0,0,1.0,1.0,1.0,800,0.9224904701397713,False,0.9075,False,0.0032592499992460944,1.0,False,20ng,20ng-N7951,gt,shipped,7951
89,group:motor vehicles#t0,The document is about motor vehicles.,exact-hit,0,0,0,0,0,1.0,1.0,1.0,800,,,,,7.708003977313638e-06,1.0,,20ng,20ng-N7951,gt,shipped,7951
90,union:PC hardware|political debate#u0,The document is about PC hardware or about political debate.,rewrite,4722,4400,322,0,0,1.0,1.0,1.0,800,0.9224904701397713,False,0.9075,False,0.003260874997067731,1.0,False,20ng,20ng-N7951,gt,shipped,7951
91,leaf:Macintosh hardware#t0,The document is about Macintosh hardware.,rewrite,1268,400,868,0,0,1.0,1.0,1.0,400,0.9237875288683602,False,1.0,False,0.0024820830003591254,1.0,False,20ng,20ng-N7951,gt,shipped,7951
92,leaf:items for sale#t1,This text discusses items for sale.,rewrite,1154,0,1154,0,0,1.0,1.0,1.0,400,0.9260204081632653,False,0.9075,False,0.0028554169985000044,1.0,False,20ng,20ng-N7951,gt,shipped,7951
93,leaf:the Microsoft Windows operating system#t0,The document is about the Microsoft Windows operating system.,rewrite,1060,0,1060,0,0,1.0,1.0,1.0,400,0.9236641221374046,False,0.9075,False,0.0027778329967986792,1.0,False,20ng,20ng-N7951,gt,shipped,7951
94,leaf:the Microsoft Windows operating system#t1,This text discusses the Microsoft Windows operating system.,exact-hit,0,0,0,0,0,1.0,1.0,1.0,400,0.9237875288683602,False,1.0,False,6.624999514315277e-06,1.0,False,20ng,20ng-N7951,gt,shipped,7951
95,group:computers#t3,This article covers the topic of computers.,rewrite,414,0,414,0,0,1.0,1.0,1.0,2000,0.9196563921172309,False,0.91,False,0.005615166999632493,1.0,False,20ng,20ng-N7951,gt,shipped,7951
96,leaf:PC hardware#t1,This text discusses PC hardware.,rewrite,1154,0,1154,0,0,1.0,1.0,1.0,400,0.9260204081632653,False,0.9075,False,0.002950292000605259,1.0,False,20ng,20ng-N7951,gt,shipped,7951
97,leaf:cars#t2,The passage is related to cars.,exact-hit,0,0,0,0,0,1.0,1.0,1.0,400,0.9237875288683602,False,1.0,False,8.167000487446785e-06,1.0,False,20ng,20ng-N7951,gt,shipped,7951
98,union:Christianity|items for sale#u0,The document is about Christianity or about items for sale.,rewrite,3999,3600,399,0,0,1.0,1.0,1.0,800,0.9224904701397713,False,0.9075,False,0.0033747089983080514,1.0,False,20ng,20ng-N7951,gt,shipped,7951
99,group:politics#t2,The passage is related to politics.,rewrite,389,0,389,0,0,1.0,1.0,1.0,1200,0.9203389830508475,False,0.905,False,0.003626874997280538,1.0,False,20ng,20ng-N7951,gt,shipped,7951
100,leaf:gun control#t2,The passage is related to gun control.,rewrite,1268,400,868,0,0,1.0,1.0,1.0,400,0.9237875288683602,False,1.0,False,0.002555125000071712,1.0,False,20ng,20ng-N7951,gt,shipped,7951
101,union:Middle East affairs|items for sale#u1,This text discusses either Middle East affairs or items for sale.,exact-hit,0,0,0,0,0,1.0,1.0,1.0,800,0.9226118500604595,False,0.95375,False,5.916001100558788e-06,1.0,False,20ng,20ng-N7951,gt,shipped,7951
102,leaf:computer graphics#t3,This article covers the topic of computer graphics.,rewrite,1060,0,1060,0,0,1.0,1.0,1.0,400,0.9236641221374046,False,0.9075,False,0.002763958000286948,1.0,False,20ng,20ng-N7951,gt,shipped,7951
103,leaf:religious debate#t3,This article covers the topic of religious debate.,exact-hit,0,0,0,0,0,1.0,1.0,1.0,351,0.9246376811594202,False,0.9088319088319088,False,6.165995728224516e-06,1.0,False,20ng,20ng-N7951,gt,shipped,7951
104,leaf:atheism#t3,This article covers the topic of atheism.,exact-hit,0,0,0,0,0,1.0,1.0,1.0,400,0.9237875288683602,False,1.0,False,3.2080060918815434e-06,1.0,False,20ng,20ng-N7951,gt,shipped,7951
105,group:religion#t1,This text discusses religion.,exact-hit,0,0,0,0,0,1.0,1.0,1.0,1151,0.9204946996466431,False,0.9052997393570807,False,3.249995643272996e-06,1.0,False,20ng,20ng-N7951,gt,shipped,7951
106,union:hockey|items for sale#u0,The document is about hockey or about items for sale.,rewrite,3635,3200,435,0,0,1.0,1.0,1.0,800,0.9224904701397713,False,0.9075,False,0.0033889170008478686,1.0,False,20ng,20ng-N7951,gt,shipped,7951
107,group:motor vehicles#t0,The document is about motor vehicles.,exact-hit,0,0,0,0,0,1.0,1.0,1.0,800,,,,,1.4999997802078724e-05,1.0,,20ng,20ng-N7951,gt,shipped,7951
108,union:space exploration|the Microsoft Windows operating system#u1,This text discusses either space exploration or the Microsoft Windows operating system.,rewrite,5062,4800,262,0,0,1.0,1.0,1.0,800,0.9226118500604595,False,0.95375,False,0.0028411249950295314,1.0,False,20ng,20ng-N7951,gt,shipped,7951
109,group:sports#t2,The passage is related to sports.,exact-hit,0,0,0,0,0,1.0,1.0,1.0,800,0.9213197969543148,False,0.9075,False,7.500006176996976e-06,1.0,False,20ng,20ng-N7951,gt,shipped,7951
110,group:sports#t1,This text discusses sports.,exact-hit,0,0,0,0,0,1.0,1.0,1.0,800,0.9216589861751152,False,1.0,False,3.9579972508363426e-06,1.0,False,20ng,20ng-N7951,gt,shipped,7951
111,leaf:atheism#t3,This article covers the topic of atheism.,exact-hit,0,0,0,0,0,1.0,1.0,1.0,400,0.9237875288683602,False,1.0,False,3.749999450519681e-06,1.0,False,20ng,20ng-N7951,gt,shipped,7951
112,leaf:Middle East affairs#t2,The passage is related to Middle East affairs.,rewrite,1268,400,868,0,0,1.0,1.0,1.0,400,0.9237875288683602,False,1.0,False,0.009042375000717584,1.0,False,20ng,20ng-N7951,gt,shipped,7951
113,union:Macintosh hardware|motorcycles#u1,This text discusses either Macintosh hardware or motorcycles.,rewrite,4722,4400,322,0,0,1.0,1.0,1.0,800,0.9224904701397713,False,0.9075,False,0.004748375002236571,1.0,False,20ng,20ng-N7951,gt,shipped,7951
114,union:political debate|religious debate#u0,The document is about political debate or about religious debate.,rewrite,4742,4400,342,0,0,1.0,1.0,1.0,751,0.9228687415426252,False,0.9081225033288948,False,0.006018332998792175,1.0,False,20ng,20ng-N7951,gt,shipped,7951
115,leaf:gun control#t3,This article covers the topic of gun control.,rewrite,1154,0,1154,0,0,1.0,1.0,1.0,400,0.9260204081632653,False,0.9075,False,0.0033442089988966472,1.0,False,20ng,20ng-N7951,gt,shipped,7951
116,leaf:medicine#t2,The passage is related to medicine.,rewrite,1268,400,868,0,0,1.0,1.0,1.0,400,0.9237875288683602,False,1.0,False,0.0030017919998499565,1.0,False,20ng,20ng-N7951,gt,shipped,7951
117,group:politics#t1,This text discusses politics.,exact-hit,0,0,0,0,0,1.0,1.0,1.0,1200,0.9202453987730062,False,1.0,False,9.499999578110874e-06,1.0,False,20ng,20ng-N7951,gt,shipped,7951
118,group:science#t2,The passage is related to science.,exact-hit,0,0,0,0,0,1.0,1.0,1.0,1600,0.9204328453214513,False,0.90375,False,4.083005478605628e-06,1.0,False,20ng,20ng-N7951,gt,shipped,7951
119,group:religion#t0,The document is about religion.,exact-hit,0,0,0,0,0,1.0,1.0,1.0,1151,0.9204946996466431,False,0.9052997393570807,False,4.415996954776347e-06,1.0,False,20ng,20ng-N7951,gt,shipped,7951
0,group:motor vehicles#t0,The document is about motor vehicles.,cold,7951,7951,0,0,0,1.0,1.0,1.0,800,,,,,0.00023883299581939355,1.0,,20ng,20ng-N7951,gt,separate,7951
1,group:religion#t3,This article covers the topic of religion.,rewrite,7173,7151,22,0,0,1.0,1.0,1.0,1151,0.9200639488409272,False,1.0,False,0.0009794590005185455,1.0,False,20ng,20ng-N7951,gt,separate,7951
2,leaf:religious debate#t0,The document is about religious debate.,rewrite,1803,1151,652,0,0,1.0,1.0,1.0,351,0.9236842105263158,False,1.0,False,0.000864708999870345,1.0,False,20ng,20ng-N7951,gt,separate,7951
3,group:politics#t1,This text discusses politics.,rewrite,6213,6000,213,0,0,1.0,1.0,1.0,1200,0.9244992295839753,False,1.0,False,0.0019483340001897886,1.0,False,20ng,20ng-N7951,gt,separate,7951
4,union:gun control|medicine#u0,The document is about gun control or about medicine.,rewrite,6322,6000,322,0,0,1.0,1.0,1.0,800,0.9269988412514485,False,1.0,False,0.0017942500053322874,1.0,False,20ng,20ng-N7951,gt,separate,7951
5,group:motor vehicles#t0,The document is about motor vehicles.,exact-hit,0,0,0,0,0,1.0,1.0,1.0,800,,,,,8.165996405296028e-06,1.0,,20ng,20ng-N7951,gt,separate,7951
6,group:politics#t1,This text discusses politics.,exact-hit,0,0,0,0,0,1.0,1.0,1.0,1200,0.9244992295839753,False,1.0,False,4.457993782125413e-06,1.0,False,20ng,20ng-N7951,gt,separate,7951
7,group:religion#t0,The document is about religion.,rewrite,353,0,353,0,0,1.0,1.0,1.0,1151,0.9204946996466431,False,0.9052997393570807,False,0.002082125000015367,1.0,False,20ng,20ng-N7951,gt,separate,7951
8,leaf:political debate#t1,This text discusses political debate.,rewrite,1881,800,1081,0,0,1.0,1.0,1.0,400,0.9302325581395349,False,1.0,False,0.0012962079999851994,1.0,False,20ng,20ng-N7951,gt,separate,7951
9,group:sports#t1,This text discusses sports.,rewrite,5493,4400,1093,0,0,1.0,1.0,1.0,800,0.9345794392523364,False,1.0,False,0.02661995800008299,1.0,False,20ng,20ng-N7951,gt,separate,7951
10,group:science#t1,This text discusses science.,rewrite,4614,4000,614,0,0,1.0,1.0,1.0,1600,0.9259259259259259,False,1.0,False,0.0036909170012222603,1.0,False,20ng,20ng-N7951,gt,separate,7951
11,leaf:hockey#t1,This text discusses hockey.,rewrite,1402,800,602,0,0,1.0,1.0,1.0,400,0.9237875288683602,False,1.0,False,0.0009664999961387366,1.0,False,20ng,20ng-N7951,gt,separate,7951
12,leaf:religious debate#t2,The passage is related to religious debate.,rewrite,1928,0,1928,0,0,1.0,1.0,1.0,351,0.9354838709677419,False,0.9088319088319088,False,0.0033602080002310686,1.0,False,20ng,20ng-N7951,gt,separate,7951
13,leaf:political debate#t0,The document is about political debate.,rewrite,898,0,898,0,0,1.0,1.0,1.0,400,0.9236641221374046,False,0.9075,False,0.008235624998633284,1.0,False,20ng,20ng-N7951,gt,separate,7951
14,leaf:items for sale#t3,This article covers the topic of items for sale.,rewrite,6302,3600,1151,1551,0,1.0,1.0,1.0,400,0.9389671361502347,False,1.0,False,0.0019312090007588267,1.0,False,20ng,20ng-N7951,gt,separate,7951
15,leaf:Christianity#t3,This article covers the topic of Christianity.,rewrite,1859,800,1059,0,0,1.0,1.0,1.0,400,0.9280742459396751,False,1.0,False,0.009425124997505918,1.0,False,20ng,20ng-N7951,gt,separate,7951
16,union:electronics|hockey#u0,The document is about electronics or about hockey.,rewrite,5841,3600,2241,0,0,1.0,1.0,1.0,800,0.9466501240694789,False,0.95375,False,0.015622625003743451,1.0,False,20ng,20ng-N7951,gt,separate,7951
17,group:science#t2,The passage is related to science.,rewrite,217,0,217,0,0,1.0,1.0,1.0,1600,0.9198473282442748,False,0.90375,False,0.012511667002399918,1.0,False,20ng,20ng-N7951,gt,separate,7951
18,group:computers#t1,This text discusses computers.,rewrite,5055,4400,655,0,0,1.0,1.0,1.0,2000,0.9276437847866419,False,1.0,False,0.00479812500270782,1.0,False,20ng,20ng-N7951,gt,separate,7951
19,union:Macintosh hardware|items for sale#u1,This text discusses either Macintosh hardware or items for sale.,rewrite,5619,3200,2419,0,0,1.0,1.0,1.0,800,0.9478260869565217,False,0.95375,False,0.0036812920006923378,1.0,False,20ng,20ng-N7951,gt,separate,7951
20,group:motor vehicles#t3,This article covers the topic of motor vehicles.,rewrite,445,0,445,0,0,1.0,1.0,1.0,800,0.9211195928753181,False,0.905,False,0.0013569999937317334,1.0,False,20ng,20ng-N7951,gt,separate,7951
21,group:sports#t3,This article covers the topic of sports.,rewrite,491,0,491,0,0,1.0,1.0,1.0,800,0.9213197969543148,False,0.9075,False,0.001728417002595961,1.0,False,20ng,20ng-N7951,gt,separate,7951
22,group:motor vehicles#t3,This article covers the topic of motor vehicles.,exact-hit,0,0,0,0,0,1.0,1.0,1.0,800,0.9211195928753181,False,0.905,False,7.0829992182552814e-06,1.0,False,20ng,20ng-N7951,gt,separate,7951
23,group:motor vehicles#t3,This article covers the topic of motor vehicles.,exact-hit,0,0,0,0,0,1.0,1.0,1.0,800,0.9211195928753181,False,0.905,False,2.5000044843181968e-06,1.0,False,20ng,20ng-N7951,gt,separate,7951
24,union:PC hardware|cryptography#u0,The document is about PC hardware or about cryptography.,rewrite,5846,4000,1846,0,0,1.0,1.0,1.0,800,0.9445100354191264,False,1.0,False,0.0032878330021048896,1.0,False,20ng,20ng-N7951,gt,separate,7951
25,leaf:political debate#t1,This text discusses political debate.,exact-hit,0,0,0,0,0,1.0,1.0,1.0,400,0.9302325581395349,False,1.0,False,4.6542001655325294e-05,1.0,False,20ng,20ng-N7951,gt,separate,7951
26,union:Macintosh hardware|space exploration#u1,This text discusses either Macintosh hardware or space exploration.,rewrite,6062,4400,1662,0,0,1.0,1.0,1.0,800,0.9422850412249706,False,1.0,False,0.005622958000458311,1.0,False,20ng,20ng-N7951,gt,separate,7951
27,leaf:baseball#t2,The passage is related to baseball.,rewrite,1532,400,1132,0,0,1.0,1.0,1.0,400,0.9302325581395349,False,1.0,False,0.0013613749979413114,1.0,False,20ng,20ng-N7951,gt,separate,7951
28,group:computers#t0,The document is about computers.,rewrite,171,0,171,0,0,1.0,1.0,1.0,2000,0.9195928753180661,False,0.9035,False,0.0017765420052455738,1.0,False,20ng,20ng-N7951,gt,separate,7951
29,leaf:baseball#t3,This article covers the topic of baseball.,rewrite,898,0,898,0,0,1.0,1.0,1.0,400,0.9236641221374046,False,0.9075,False,0.00820762499643024,1.0,False,20ng,20ng-N7951,gt,separate,7951
30,leaf:electronics#t0,The document is about electronics.,rewrite,1754,400,1354,0,0,1.0,1.0,1.0,400,0.9302325581395349,False,1.0,False,0.0017565000016475096,1.0,False,20ng,20ng-N7951,gt,separate,7951
31,union:PC hardware|items for sale#u1,This text discusses either PC hardware or items for sale.,rewrite,6025,4000,2025,0,0,1.0,1.0,1.0,800,0.9478260869565217,False,0.95375,False,0.003919334005331621,1.0,False,20ng,20ng-N7951,gt,separate,7951
32,union:computer graphics|motorcycles#u0,The document is about computer graphics or about motorcycles.,rewrite,5846,4000,1846,0,0,1.0,1.0,1.0,800,0.9445100354191264,False,1.0,False,0.005436250001366716,1.0,False,20ng,20ng-N7951,gt,separate,7951
33,union:Macintosh hardware|electronics#u0,The document is about Macintosh hardware or about electronics.,rewrite,5841,3600,2241,0,0,1.0,1.0,1.0,800,0.9466501240694789,False,0.95375,False,0.0039055000015650876,1.0,False,20ng,20ng-N7951,gt,separate,7951
34,group:computers#t1,This text discusses computers.,exact-hit,0,0,0,0,0,1.0,1.0,1.0,2000,0.9276437847866419,False,1.0,False,1.195799995912239e-05,1.0,False,20ng,20ng-N7951,gt,separate,7951
35,group:religion#t1,This text discusses religion.,rewrite,353,0,353,0,0,1.0,1.0,1.0,1151,0.9204946996466431,False,0.9052997393570807,False,0.0021959160003461875,1.0,False,20ng,20ng-N7951,gt,separate,7951
36,group:computers#t0,The document is about computers.,exact-hit,0,0,0,0,0,1.0,1.0,1.0,2000,0.9195928753180661,False,0.9035,False,0.0012342499976512045,1.0,False,20ng,20ng-N7951,gt,separate,7951
37,union:Middle East affairs|items for sale#u1,This text discusses either Middle East affairs or items for sale.,rewrite,5841,3600,2241,0,0,1.0,1.0,1.0,800,0.9466501240694789,False,0.95375,False,0.022302792000118643,1.0,False,20ng,20ng-N7951,gt,separate,7951
38,leaf:the Microsoft Windows operating system#t1,This text discusses the Microsoft Windows operating system.,rewrite,2775,1200,1575,0,0,1.0,1.0,1.0,400,0.936768149882904,False,1.0,False,0.002555665996624157,1.0,False,20ng,20ng-N7951,gt,separate,7951
39,group:sports#t2,The passage is related to sports.,rewrite,491,0,491,0,0,1.0,1.0,1.0,800,0.9213197969543148,False,0.9075,False,0.0019864999994751997,1.0,False,20ng,20ng-N7951,gt,separate,7951
40,leaf:motorcycles#t0,The document is about motorcycles.,rewrite,1532,400,1132,0,0,1.0,1.0,1.0,400,0.9302325581395349,False,1.0,False,0.0015234579987009056,1.0,False,20ng,20ng-N7951,gt,separate,7951
41,group:motor vehicles#t0,The document is about motor vehicles.,exact-hit,0,0,0,0,0,1.0,1.0,1.0,800,,,,,7.374997949227691e-06,1.0,,20ng,20ng-N7951,gt,separate,7951
42,union:Christianity|political debate#u1,This text discusses either Christianity or political debate.,rewrite,5953,4000,1953,0,0,1.0,1.0,1.0,800,0.9502617801047121,False,0.9075,False,0.004208375001326203,1.0,False,20ng,20ng-N7951,gt,separate,7951
43,group:motor vehicles#t2,The passage is related to motor vehicles.,rewrite,445,0,445,0,0,1.0,1.0,1.0,800,0.9211195928753181,False,0.905,False,0.001944584000739269,1.0,False,20ng,20ng-N7951,gt,separate,7951
44,leaf:motorcycles#t2,The passage is related to motorcycles.,rewrite,1517,0,1517,0,0,1.0,1.0,1.0,400,0.9331619537275064,False,0.9075,False,0.0017665830018813722,1.0,False,20ng,20ng-N7951,gt,separate,7951
45,group:motor vehicles#t1,This text discusses motor vehicles.,rewrite,445,0,445,0,0,1.0,1.0,1.0,800,0.9211195928753181,False,0.905,False,0.0015835000012884848,1.0,False,20ng,20ng-N7951,gt,separate,7951
46,group:religion#t0,The document is about religion.,exact-hit,0,0,0,0,0,1.0,1.0,1.0,1151,0.9204946996466431,False,0.9052997393570807,False,8.292001439258456e-06,1.0,False,20ng,20ng-N7951,gt,separate,7951
47,group:sports#t3,This article covers the topic of sports.,exact-hit,0,0,0,0,0,1.0,1.0,1.0,800,0.9213197969543148,False,0.9075,False,4.7909998102113605e-06,1.0,False,20ng,20ng-N7951,gt,separate,7951
48,union:Macintosh hardware|cars#u1,This text discusses either Macintosh hardware or cars.,rewrite,6021,4800,1221,0,0,1.0,1.0,1.0,800,0.9389671361502347,False,1.0,False,0.0030254580051405355,1.0,False,20ng,20ng-N7951,gt,separate,7951
49,leaf:computer graphics#t1,This text discusses computer graphics.,rewrite,1821,400,1421,0,0,1.0,1.0,1.0,400,0.9280742459396751,False,1.0,False,0.001561333003337495,1.0,False,20ng,20ng-N7951,gt,separate,7951
50,union:atheism|hockey#u1,This text discusses either atheism or hockey.,rewrite,5901,4400,1501,0,0,1.0,1.0,1.0,800,0.9431396786155748,False,0.95375,False,0.003466458001639694,1.0,False,20ng,20ng-N7951,gt,separate,7951
51,leaf:items for sale#t0,The document is about items for sale.,rewrite,1517,0,1517,0,0,1.0,1.0,1.0,400,0.9331619537275064,False,0.9075,False,0.0017226660056621768,1.0,False,20ng,20ng-N7951,gt,separate,7951
52,leaf:baseball#t0,The document is about baseball.,rewrite,1517,0,1517,0,0,1.0,1.0,1.0,400,0.9331619537275064,False,0.9075,False,0.0016975830003502779,1.0,False,20ng,20ng-N7951,gt,separate,7951
53,union:hockey|motorcycles#u0,The document is about hockey or about motorcycles.,rewrite,5627,4000,1627,0,0,1.0,1.0,1.0,800,0.9440832249674902,False,0.9075,False,0.0038337500009220093,1.0,False,20ng,20ng-N7951,gt,separate,7951
54,group:politics#t0,The document is about politics.,rewrite,341,0,341,0,0,1.0,1.0,1.0,1200,0.9203389830508475,False,0.905,False,0.002235332998679951,1.0,False,20ng,20ng-N7951,gt,separate,7951
55,group:motor vehicles#t1,This text discusses motor vehicles.,exact-hit,0,0,0,0,0,1.0,1.0,1.0,800,0.9211195928753181,False,0.905,False,8.958006219472736e-06,1.0,False,20ng,20ng-N7951,gt,separate,7951
56,leaf:atheism#t3,This article covers the topic of atheism.,rewrite,1532,400,1132,0,0,1.0,1.0,1.0,400,0.9302325581395349,False,1.0,False,0.0015874579985393211,1.0,False,20ng,20ng-N7951,gt,separate,7951
57,union:atheism|gun control#u1,This text discusses either atheism or gun control.,rewrite,6391,4000,2391,0,0,1.0,1.0,1.0,800,0.9549436795994993,False,0.95375,False,0.004124125000089407,1.0,False,20ng,20ng-N7951,gt,separate,7951
58,leaf:cars#t2,The passage is related to cars.,rewrite,1532,400,1132,0,0,1.0,1.0,1.0,400,0.9302325581395349,False,1.0,False,0.0015872500007390045,1.0,False,20ng,20ng-N7951,gt,separate,7951
59,group:sports#t2,The passage is related to sports.,exact-hit,0,0,0,0,0,1.0,1.0,1.0,800,0.9213197969543148,False,0.9075,False,5.500005499925464e-06,1.0,False,20ng,20ng-N7951,gt,separate,7951
60,group:motor vehicles#t2,The passage is related to motor vehicles.,exact-hit,0,0,0,0,0,1.0,1.0,1.0,800,0.9211195928753181,False,0.905,False,2.749999111983925e-06,1.0,False,20ng,20ng-N7951,gt,separate,7951
61,group:computers#t0,The document is about computers.,exact-hit,0,0,0,0,0,1.0,1.0,1.0,2000,0.9195928753180661,False,0.9035,False,2.9170041671022773e-06,1.0,False,20ng,20ng-N7951,gt,separate,7951
62,union:medicine|the Microsoft Windows operating system#u0,The document is about medicine or about the Microsoft Windows operating system.,rewrite,6391,4000,2391,0,0,1.0,1.0,1.0,800,0.9549436795994993,False,0.95375,False,0.004032374999951571,1.0,False,20ng,20ng-N7951,gt,separate,7951
63,union:baseball|items for sale#u0,The document is about baseball or about items for sale.,rewrite,5774,3600,2174,0,0,1.0,1.0,1.0,800,0.9477806788511749,False,0.9075,False,0.004272416001185775,1.0,False,20ng,20ng-N7951,gt,separate,7951
64,union:atheism|medicine#u1,This text discusses either atheism or medicine.,rewrite,6231,3600,2631,0,0,1.0,1.0,1.0,800,0.95375,False,0.95375,False,0.004129292006837204,1.0,False,20ng,20ng-N7951,gt,separate,7951
65,union:hockey|the X Window System#u1,This text discusses either hockey or the X Window System.,rewrite,5901,4400,1501,0,0,1.0,1.0,1.0,800,0.9431396786155748,False,0.95375,False,0.0035125419963151217,1.0,False,20ng,20ng-N7951,gt,separate,7951
66,leaf:cryptography#t0,The document is about cryptography.,rewrite,1754,400,1354,0,0,1.0,1.0,1.0,400,0.9302325581395349,False,1.0,False,0.0016796670024632476,1.0,False,20ng,20ng-N7951,gt,separate,7951
67,leaf:motorcycles#t3,This article covers the topic of motorcycles.,rewrite,1517,0,1517,0,0,1.0,1.0,1.0,400,0.9331619537275064,False,0.9075,False,0.0018473329982953146,1.0,False,20ng,20ng-N7951,gt,separate,7951
68,leaf:hockey#t1,This text discusses hockey.,exact-hit,0,0,0,0,0,1.0,1.0,1.0,400,0.9237875288683602,False,1.0,False,7.083006494212896e-06,1.0,False,20ng,20ng-N7951,gt,separate,7951
69,leaf:baseball#t2,The passage is related to baseball.,exact-hit,0,0,0,0,0,1.0,1.0,1.0,400,0.9302325581395349,False,1.0,False,3.25000291923061e-06,1.0,False,20ng,20ng-N7951,gt,separate,7951
70,group:motor vehicles#t0,The document is about motor vehicles.,exact-hit,0,0,0,0,0,1.0,1.0,1.0,800,,,,,3.6249984987080097e-06,1.0,,20ng,20ng-N7951,gt,separate,7951
71,leaf:the Microsoft Windows operating system#t2,The passage is related to the Microsoft Windows operating system.,rewrite,1517,0,1517,0,0,1.0,1.0,1.0,400,0.9331619537275064,False,0.9075,False,0.0018103340044035576,1.0,False,20ng,20ng-N7951,gt,separate,7951
72,leaf:motorcycles#t2,The passage is related to motorcycles.,exact-hit,0,0,0,0,0,1.0,1.0,1.0,400,0.9331619537275064,False,0.9075,False,6.124995707068592e-06,1.0,False,20ng,20ng-N7951,gt,separate,7951
73,group:sports#t2,The passage is related to sports.,exact-hit,0,0,0,0,0,1.0,1.0,1.0,800,0.9213197969543148,False,0.9075,False,2.624998160172254e-06,1.0,False,20ng,20ng-N7951,gt,separate,7951
74,union:Macintosh hardware|electronics#u1,This text discusses either Macintosh hardware or electronics.,rewrite,445,0,445,0,0,1.0,1.0,1.0,800,0.9211195928753181,False,0.905,False,0.0016909580008359626,1.0,False,20ng,20ng-N7951,gt,separate,7951
75,leaf:Christianity#t3,This article covers the topic of Christianity.,exact-hit,0,0,0,0,0,1.0,1.0,1.0,400,0.9280742459396751,False,1.0,False,5.791000148747116e-06,1.0,False,20ng,20ng-N7951,gt,separate,7951
76,group:sports#t2,The passage is related to sports.,exact-hit,0,0,0,0,0,1.0,1.0,1.0,800,0.9213197969543148,False,0.9075,False,3.0000010156072676e-06,1.0,False,20ng,20ng-N7951,gt,separate,7951
77,leaf:religious debate#t3,This article covers the topic of religious debate.,rewrite,1023,0,1023,0,0,1.0,1.0,1.0,351,0.9246376811594202,False,0.9088319088319088,False,0.0016266670063487254,1.0,False,20ng,20ng-N7951,gt,separate,7951
78,union:atheism|baseball#u1,This text discusses either atheism or baseball.,rewrite,5774,3600,2174,0,0,1.0,1.0,1.0,800,0.9477806788511749,False,0.9075,False,0.004255499996361323,1.0,False,20ng,20ng-N7951,gt,separate,7951
79,leaf:items for sale#t2,The passage is related to items for sale.,rewrite,1517,0,1517,0,0,1.0,1.0,1.0,400,0.9331619537275064,False,0.9075,False,0.00953191699954914,1.0,False,20ng,20ng-N7951,gt,separate,7951
80,union:Macintosh hardware|religious debate#u0,The document is about Macintosh hardware or about religious debate.,rewrite,6022,4400,1622,0,0,1.0,1.0,1.0,751,0.9423328964613368,False,0.9573901464713716,False,0.017460916998970788,1.0,False,20ng,20ng-N7951,gt,separate,7951
81,group:motor vehicles#t1,This text discusses motor vehicles.,exact-hit,0,0,0,0,0,1.0,1.0,1.0,800,0.9211195928753181,False,0.905,False,8.041999535635114e-06,1.0,False,20ng,20ng-N7951,gt,separate,7951
82,leaf:cars#t0,The document is about cars.,rewrite,1517,0,1517,0,0,1.0,1.0,1.0,400,0.9331619537275064,False,0.9075,False,0.0019079999983659945,1.0,False,20ng,20ng-N7951,gt,separate,7951
83,leaf:PC hardware#t0,The document is about PC hardware.,rewrite,1532,400,1132,0,0,1.0,1.0,1.0,400,0.9302325581395349,False,1.0,False,0.0016282500000670552,1.0,False,20ng,20ng-N7951,gt,separate,7951
84,group:religion#t2,The passage is related to religion.,rewrite,353,0,353,0,0,1.0,1.0,1.0,1151,0.9204946996466431,False,0.9052997393570807,False,0.0023733749985694885,1.0,False,20ng,20ng-N7951,gt,separate,7951
85,union:Christianity|hockey#u0,The document is about Christianity or about hockey.,rewrite,5604,3200,2404,0,0,1.0,1.0,1.0,800,0.9490196078431372,False,0.9075,False,0.004610500000126194,1.0,False,20ng,20ng-N7951,gt,separate,7951
86,group:religion#t0,The document is about religion.,exact-hit,0,0,0,0,0,1.0,1.0,1.0,1151,0.9204946996466431,False,0.9052997393570807,False,1.245799649041146e-05,1.0,False,20ng,20ng-N7951,gt,separate,7951
87,union:atheism|computer graphics#u1,This text discusses either atheism or computer graphics.,rewrite,5953,4000,1953,0,0,1.0,1.0,1.0,800,0.9502617801047121,False,0.9075,False,0.004530790996795986,1.0,False,20ng,20ng-N7951,gt,separate,7951
88,union:motorcycles|political debate#u1,This text discusses either motorcycles or political debate.,rewrite,5953,4000,1953,0,0,1.0,1.0,1.0,800,0.9502617801047121,False,0.9075,False,0.004588499999954365,1.0,False,20ng,20ng-N7951,gt,separate,7951
89,group:motor vehicles#t0,The document is about motor vehicles.,exact-hit,0,0,0,0,0,1.0,1.0,1.0,800,,,,,1.1542004358489066e-05,1.0,,20ng,20ng-N7951,gt,separate,7951
90,union:PC hardware|political debate#u0,The document is about PC hardware or about political debate.,rewrite,5839,4400,1439,0,0,1.0,1.0,1.0,800,0.9416342412451362,False,0.9075,False,0.0043439170040073805,1.0,False,20ng,20ng-N7951,gt,separate,7951
91,leaf:Macintosh hardware#t0,The document is about Macintosh hardware.,rewrite,1532,400,1132,0,0,1.0,1.0,1.0,400,0.9302325581395349,False,1.0,False,0.0019772919986280613,1.0,False,20ng,20ng-N7951,gt,separate,7951
92,leaf:items for sale#t1,This text discusses items for sale.,rewrite,1517,0,1517,0,0,1.0,1.0,1.0,400,0.9331619537275064,False,0.9075,False,0.0021290419972501695,1.0,False,20ng,20ng-N7951,gt,separate,7951
93,leaf:the Microsoft Windows operating system#t0,The document is about the Microsoft Windows operating system.,rewrite,898,0,898,0,0,1.0,1.0,1.0,400,0.9236641221374046,False,0.9075,False,0.0018276659975526854,1.0,False,20ng,20ng-N7951,gt,separate,7951
94,leaf:the Microsoft Windows operating system#t1,This text discusses the Microsoft Windows operating system.,exact-hit,0,0,0,0,0,1.0,1.0,1.0,400,0.936768149882904,False,1.0,False,6.207999831531197e-06,1.0,False,20ng,20ng-N7951,gt,separate,7951
95,group:computers#t3,This article covers the topic of computers.,rewrite,389,0,389,0,0,1.0,1.0,1.0,2000,0.9196563921172309,False,0.91,False,0.004392834001919255,1.0,False,20ng,20ng-N7951,gt,separate,7951
96,leaf:PC hardware#t1,This text discusses PC hardware.,rewrite,1517,0,1517,0,0,1.0,1.0,1.0,400,0.9331619537275064,False,0.9075,False,0.0019957919939770363,1.0,False,20ng,20ng-N7951,gt,separate,7951
97,leaf:cars#t2,The passage is related to cars.,exact-hit,0,0,0,0,0,1.0,1.0,1.0,400,0.9302325581395349,False,1.0,False,5.250003596302122e-06,1.0,False,20ng,20ng-N7951,gt,separate,7951
98,union:Christianity|items for sale#u0,The document is about Christianity or about items for sale.,rewrite,5774,3600,2174,0,0,1.0,1.0,1.0,800,0.9477806788511749,False,0.9075,False,0.007165499999246094,1.0,False,20ng,20ng-N7951,gt,separate,7951
99,group:politics#t2,The passage is related to politics.,rewrite,341,0,341,0,0,1.0,1.0,1.0,1200,0.9203389830508475,False,0.905,False,0.0025313750011264347,1.0,False,20ng,20ng-N7951,gt,separate,7951
100,leaf:gun control#t2,The passage is related to gun control.,rewrite,1663,400,1263,0,0,1.0,1.0,1.0,400,0.9280742459396751,False,1.0,False,0.0018742079992080107,1.0,False,20ng,20ng-N7951,gt,separate,7951
101,union:Middle East affairs|items for sale#u1,This text discusses either Middle East affairs or items for sale.,exact-hit,0,0,0,0,0,1.0,1.0,1.0,800,0.9466501240694789,False,0.95375,False,7.083996024448425e-06,1.0,False,20ng,20ng-N7951,gt,separate,7951
102,leaf:computer graphics#t3,This article covers the topic of computer graphics.,rewrite,898,0,898,0,0,1.0,1.0,1.0,400,0.9236641221374046,False,0.9075,False,0.001853875000961125,1.0,False,20ng,20ng-N7951,gt,separate,7951
103,leaf:religious debate#t3,This article covers the topic of religious debate.,exact-hit,0,0,0,0,0,1.0,1.0,1.0,351,0.9246376811594202,False,0.9088319088319088,False,6.54099858365953e-06,1.0,False,20ng,20ng-N7951,gt,separate,7951
104,leaf:atheism#t3,This article covers the topic of atheism.,exact-hit,0,0,0,0,0,1.0,1.0,1.0,400,0.9302325581395349,False,1.0,False,4.250003257766366e-06,1.0,False,20ng,20ng-N7951,gt,separate,7951
105,group:religion#t1,This text discusses religion.,exact-hit,0,0,0,0,0,1.0,1.0,1.0,1151,0.9204946996466431,False,0.9052997393570807,False,3.0419978429563344e-06,1.0,False,20ng,20ng-N7951,gt,separate,7951
106,union:hockey|items for sale#u0,The document is about hockey or about items for sale.,rewrite,5604,3200,2404,0,0,1.0,1.0,1.0,800,0.9490196078431372,False,0.9075,False,0.004496624998864718,1.0,False,20ng,20ng-N7951,gt,separate,7951
107,group:motor vehicles#t0,The document is about motor vehicles.,exact-hit,0,0,0,0,0,1.0,1.0,1.0,800,,,,,9.08400397747755e-06,1.0,,20ng,20ng-N7951,gt,separate,7951
108,union:space exploration|the Microsoft Windows operating system#u1,This text discusses either space exploration or the Microsoft Windows operating system.,rewrite,6126,4800,1326,0,0,1.0,1.0,1.0,800,0.9431396786155748,False,0.95375,False,0.015227167001285125,1.0,False,20ng,20ng-N7951,gt,separate,7951
109,group:sports#t2,The passage is related to sports.,exact-hit,0,0,0,0,0,1.0,1.0,1.0,800,0.9213197969543148,False,0.9075,False,1.2958000297658145e-05,1.0,False,20ng,20ng-N7951,gt,separate,7951
110,group:sports#t1,This text discusses sports.,exact-hit,0,0,0,0,0,1.0,1.0,1.0,800,0.9345794392523364,False,1.0,False,4.624998837243766e-06,1.0,False,20ng,20ng-N7951,gt,separate,7951
111,leaf:atheism#t3,This article covers the topic of atheism.,exact-hit,0,0,0,0,0,1.0,1.0,1.0,400,0.9302325581395349,False,1.0,False,4.1669991333037615e-06,1.0,False,20ng,20ng-N7951,gt,separate,7951
112,leaf:Middle East affairs#t2,The passage is related to Middle East affairs.,rewrite,1663,400,1263,0,0,1.0,1.0,1.0,400,0.9280742459396751,False,1.0,False,0.0019404999984544702,1.0,False,20ng,20ng-N7951,gt,separate,7951
113,union:Macintosh hardware|motorcycles#u1,This text discusses either Macintosh hardware or motorcycles.,rewrite,5839,4400,1439,0,0,1.0,1.0,1.0,800,0.9416342412451362,False,0.9075,False,0.004259708999597933,1.0,False,20ng,20ng-N7951,gt,separate,7951
114,union:political debate|religious debate#u0,The document is about political debate or about religious debate.,rewrite,5960,4400,1560,0,0,1.0,1.0,1.0,751,0.9445983379501385,False,0.9081225033288948,False,0.004212416002701502,1.0,False,20ng,20ng-N7951,gt,separate,7951
115,leaf:gun control#t3,This article covers the topic of gun control.,rewrite,1690,0,1690,0,0,1.0,1.0,1.0,400,0.9331619537275064,False,0.9075,False,0.0023095000069588423,1.0,False,20ng,20ng-N7951,gt,separate,7951
116,leaf:medicine#t2,The passage is related to medicine.,rewrite,1532,400,1132,0,0,1.0,1.0,1.0,400,0.9302325581395349,False,1.0,False,0.0020089580066269264,1.0,False,20ng,20ng-N7951,gt,separate,7951
117,group:politics#t1,This text discusses politics.,exact-hit,0,0,0,0,0,1.0,1.0,1.0,1200,0.9244992295839753,False,1.0,False,7.5830030255019665e-06,1.0,False,20ng,20ng-N7951,gt,separate,7951
118,group:science#t2,The passage is related to science.,exact-hit,0,0,0,0,0,1.0,1.0,1.0,1600,0.9198473282442748,False,0.90375,False,3.2089956221170723e-06,1.0,False,20ng,20ng-N7951,gt,separate,7951
119,group:religion#t0,The document is about religion.,exact-hit,0,0,0,0,0,1.0,1.0,1.0,1151,0.9204946996466431,False,0.9052997393570807,False,3.6659985198639333e-06,1.0,False,20ng,20ng-N7951,gt,separate,7951
0,group:motor vehicles#t0,The document is about motor vehicles.,cold,7951,7951,0,0,0,1.0,1.0,1.0,800,,,,,0.0026488329967833124,1.0,,20ng,20ng-N7951,gt,separate-prop,7951
1,group:religion#t3,This article covers the topic of religion.,rewrite,7173,7151,22,0,0,1.0,1.0,1.0,1151,0.9200639488409272,False,1.0,False,0.0021449169944389723,1.0,False,20ng,20ng-N7951,gt,separate-prop,7951
2,leaf:religious debate#t0,The document is about religious debate.,rewrite,1803,1151,652,0,0,1.0,1.0,1.0,351,0.9236842105263158,False,1.0,False,0.0077673330015386455,1.0,False,20ng,20ng-N7951,gt,separate-prop,7951
3,group:politics#t1,This text discusses politics.,rewrite,6219,6000,219,0,0,1.0,1.0,1.0,1200,0.9237875288683602,False,1.0,False,0.0034592920055729337,1.0,False,20ng,20ng-N7951,gt,separate-prop,7951
4,union:gun control|medicine#u0,The document is about gun control or about medicine.,rewrite,6333,6000,333,0,0,1.0,1.0,1.0,800,0.9280742459396751,False,1.0,False,0.0016997919956338592,1.0,False,20ng,20ng-N7951,gt,separate-prop,7951
5,group:motor vehicles#t0,The document is about motor vehicles.,exact-hit,0,0,0,0,0,1.0,1.0,1.0,800,,,,,7.333001121878624e-06,1.0,,20ng,20ng-N7951,gt,separate-prop,7951
6,group:politics#t1,This text discusses politics.,exact-hit,0,0,0,0,0,1.0,1.0,1.0,1200,0.9237875288683602,False,1.0,False,3.3750038710422814e-06,1.0,False,20ng,20ng-N7951,gt,separate-prop,7951
7,group:religion#t0,The document is about religion.,rewrite,353,0,353,0,0,1.0,1.0,1.0,1151,0.9204946996466431,False,0.9052997393570807,False,0.005564167004195042,1.0,False,20ng,20ng-N7951,gt,separate-prop,7951
8,leaf:political debate#t1,This text discusses political debate.,rewrite,1899,800,699,400,0,1.0,1.0,1.0,400,0.9237875288683602,False,1.0,False,0.006605916998523753,1.0,False,20ng,20ng-N7951,gt,separate-prop,7951
9,group:sports#t1,This text discusses sports.,rewrite,5540,4400,1140,0,0,1.0,1.0,1.0,800,0.9345794392523364,False,1.0,False,0.016002749995095655,1.0,False,20ng,20ng-N7951,gt,separate-prop,7951
10,group:science#t1,This text discusses science.,rewrite,4630,4000,630,0,0,1.0,1.0,1.0,1600,0.9259259259259259,False,1.0,False,0.008994832998723723,1.0,False,20ng,20ng-N7951,gt,separate-prop,7951
11,leaf:hockey#t1,This text discusses hockey.,rewrite,1402,800,602,0,0,1.0,1.0,1.0,400,0.9237875288683602,False,1.0,False,0.002139417003490962,1.0,False,20ng,20ng-N7951,gt,separate-prop,7951
12,leaf:religious debate#t2,The passage is related to religious debate.,rewrite,1885,0,1085,800,0,1.0,1.0,1.0,351,0.9246376811594202,False,0.9088319088319088,False,0.0013357499992707744,1.0,False,20ng,20ng-N7951,gt,separate-prop,7951
13,leaf:political debate#t0,The document is about political debate.,rewrite,898,0,898,0,0,1.0,1.0,1.0,400,0.9236641221374046,False,0.9075,False,0.001170542003819719,1.0,False,20ng,20ng-N7951,gt,separate-prop,7951
14,leaf:items for sale#t3,This article covers the topic of items for sale.,rewrite,6312,3600,1161,1551,0,1.0,1.0,1.0,400,0.9389671361502347,False,1.0,False,0.0017225409974344075,1.0,False,20ng,20ng-N7951,gt,separate-prop,7951
15,leaf:Christianity#t3,This article covers the topic of Christianity.,rewrite,1855,800,704,351,0,1.0,1.0,1.0,400,0.9237875288683602,False,1.0,False,0.007857917000364978,1.0,False,20ng,20ng-N7951,gt,separate-prop,7951
16,union:electronics|hockey#u0,The document is about electronics or about hockey.,rewrite,5918,3600,2318,0,0,1.0,1.0,1.0,800,0.9490049751243781,False,0.95375,False,0.003849667002214119,1.0,False,20ng,20ng-N7951,gt,separate-prop,7951
17,group:science#t2,The passage is related to science.,rewrite,217,0,217,0,0,1.0,1.0,1.0,1600,0.9198473282442748,False,0.90375,False,0.002078791003441438,1.0,False,20ng,20ng-N7951,gt,separate-prop,7951
18,group:computers#t1,This text discusses computers.,rewrite,5079,4400,679,0,0,1.0,1.0,1.0,2000,0.9276437847866419,False,1.0,False,0.007246458000736311,1.0,False,20ng,20ng-N7951,gt,separate-prop,7951
19,union:Macintosh hardware|items for sale#u1,This text discusses either Macintosh hardware or items for sale.,rewrite,5567,3200,2016,351,0,1.0,1.0,1.0,800,0.9431396786155748,False,0.95375,False,0.0036319999999250285,1.0,False,20ng,20ng-N7951,gt,separate-prop,7951
20,group:motor vehicles#t3,This article covers the topic of motor vehicles.,rewrite,445,0,445,0,0,1.0,1.0,1.0,800,0.9211195928753181,False,0.905,False,0.00775933400291251,1.0,False,20ng,20ng-N7951,gt,separate-prop,7951
21,group:sports#t3,This article covers the topic of sports.,rewrite,491,0,491,0,0,1.0,1.0,1.0,800,0.9213197969543148,False,0.9075,False,0.002039416001935024,1.0,False,20ng,20ng-N7951,gt,separate-prop,7951
22,group:motor vehicles#t3,This article covers the topic of motor vehicles.,exact-hit,0,0,0,0,0,1.0,1.0,1.0,800,0.9211195928753181,False,0.905,False,8.249997335951775e-06,1.0,False,20ng,20ng-N7951,gt,separate-prop,7951
23,group:motor vehicles#t3,This article covers the topic of motor vehicles.,exact-hit,0,0,0,0,0,1.0,1.0,1.0,800,0.9211195928753181,False,0.905,False,2.749999111983925e-06,1.0,False,20ng,20ng-N7951,gt,separate-prop,7951
24,union:PC hardware|cryptography#u0,The document is about PC hardware or about cryptography.,rewrite,5911,4000,1911,0,0,1.0,1.0,1.0,800,0.9433962264150944,False,1.0,False,0.0033107500057667494,1.0,False,20ng,20ng-N7951,gt,separate-prop,7951
25,leaf:political debate#t1,This text discusses political debate.,exact-hit,0,0,0,0,0,1.0,1.0,1.0,400,0.9237875288683602,False,1.0,False,1.4375000318977982e-05,1.0,False,20ng,20ng-N7951,gt,separate-prop,7951
26,union:Macintosh hardware|space exploration#u1,This text discusses either Macintosh hardware or space exploration.,rewrite,6115,4400,1715,0,0,1.0,1.0,1.0,800,0.9411764705882353,False,1.0,False,0.0033449589973315597,1.0,False,20ng,20ng-N7951,gt,separate-prop,7951
27,leaf:baseball#t2,The passage is related to baseball.,rewrite,1541,400,741,400,0,1.0,1.0,1.0,400,0.9237875288683602,False,1.0,False,0.0012122089974582195,1.0,False,20ng,20ng-N7951,gt,separate-prop,7951
28,group:computers#t0,The document is about computers.,rewrite,171,0,171,0,0,1.0,1.0,1.0,2000,0.9195928753180661,False,0.9035,False,0.001837290998082608,1.0,False,20ng,20ng-N7951,gt,separate-prop,7951
29,leaf:baseball#t3,This article covers the topic of baseball.,rewrite,898,0,898,0,0,1.0,1.0,1.0,400,0.9236641221374046,False,0.9075,False,0.001414166996255517,1.0,False,20ng,20ng-N7951,gt,separate-prop,7951
30,leaf:electronics#t0,The document is about electronics.,rewrite,1964,400,1564,0,0,1.0,1.0,1.0,400,0.9280742459396751,False,1.0,False,0.0014034170017112046,1.0,False,20ng,20ng-N7951,gt,separate-prop,7951
31,union:PC hardware|items for sale#u1,This text discusses either PC hardware or items for sale.,rewrite,6087,4000,2087,0,0,1.0,1.0,1.0,800,0.9466501240694789,False,0.95375,False,0.0037241669997456484,1.0,False,20ng,20ng-N7951,gt,separate-prop,7951
32,union:computer graphics|motorcycles#u0,The document is about computer graphics or about motorcycles.,rewrite,5911,4000,1911,0,0,1.0,1.0,1.0,800,0.9433962264150944,False,1.0,False,0.003380500005732756,1.0,False,20ng,20ng-N7951,gt,separate-prop,7951
33,union:Macintosh hardware|electronics#u0,The document is about Macintosh hardware or about electronics.,rewrite,5918,3600,2318,0,0,1.0,1.0,1.0,800,0.9490049751243781,False,0.95375,False,0.0051198329965700395,1.0,False,20ng,20ng-N7951,gt,separate-prop,7951
34,group:computers#t1,This text discusses computers.,exact-hit,0,0,0,0,0,1.0,1.0,1.0,2000,0.9276437847866419,False,1.0,False,1.7625003238208592e-05,1.0,False,20ng,20ng-N7951,gt,separate-prop,7951
35,group:religion#t1,This text discusses religion.,rewrite,353,0,353,0,0,1.0,1.0,1.0,1151,0.9204946996466431,False,0.9052997393570807,False,0.0024222080028266646,1.0,False,20ng,20ng-N7951,gt,separate-prop,7951
36,group:computers#t0,The document is about computers.,exact-hit,0,0,0,0,0,1.0,1.0,1.0,2000,0.9195928753180661,False,0.9035,False,1.1708005331456661e-05,1.0,False,20ng,20ng-N7951,gt,separate-prop,7951
37,union:Middle East affairs|items for sale#u1,This text discusses either Middle East affairs or items for sale.,rewrite,5918,3600,2318,0,0,1.0,1.0,1.0,800,0.9490049751243781,False,0.95375,False,0.0038579999963985756,1.0,False,20ng,20ng-N7951,gt,separate-prop,7951
38,leaf:the Microsoft Windows operating system#t1,This text discusses the Microsoft Windows operating system.,rewrite,2684,1200,684,800,0,1.0,1.0,1.0,400,0.9237875288683602,False,1.0,False,0.0014411660013138317,1.0,False,20ng,20ng-N7951,gt,separate-prop,7951
39,group:sports#t2,The passage is related to sports.,rewrite,491,0,491,0,0,1.0,1.0,1.0,800,0.9213197969543148,False,0.9075,False,0.0021177080052439123,1.0,False,20ng,20ng-N7951,gt,separate-prop,7951
40,leaf:motorcycles#t0,The document is about motorcycles.,rewrite,1541,400,741,400,0,1.0,1.0,1.0,400,0.9237875288683602,False,1.0,False,0.001312583997787442,1.0,False,20ng,20ng-N7951,gt,separate-prop,7951
41,group:motor vehicles#t0,The document is about motor vehicles.,exact-hit,0,0,0,0,0,1.0,1.0,1.0,800,,,,,5.540998245123774e-06,1.0,,20ng,20ng-N7951,gt,separate-prop,7951
42,union:Christianity|political debate#u1,This text discusses either Christianity or political debate.,rewrite,5995,4000,1995,0,0,1.0,1.0,1.0,800,0.952755905511811,False,0.9075,False,0.004228167003020644,1.0,False,20ng,20ng-N7951,gt,separate-prop,7951
43,group:motor vehicles#t2,The passage is related to motor vehicles.,rewrite,445,0,445,0,0,1.0,1.0,1.0,800,0.9211195928753181,False,0.905,False,0.0017698750016279519,1.0,False,20ng,20ng-N7951,gt,separate-prop,7951
44,leaf:motorcycles#t2,The passage is related to motorcycles.,rewrite,1405,0,1005,400,0,1.0,1.0,1.0,400,0.9236641221374046,False,0.9075,False,0.0016782500024419278,1.0,False,20ng,20ng-N7951,gt,separate-prop,7951
45,group:motor vehicles#t1,This text discusses motor vehicles.,rewrite,445,0,445,0,0,1.0,1.0,1.0,800,0.9211195928753181,False,0.905,False,0.0017144160010502674,1.0,False,20ng,20ng-N7951,gt,separate-prop,7951
46,group:religion#t0,The document is about religion.,exact-hit,0,0,0,0,0,1.0,1.0,1.0,1151,0.9204946996466431,False,0.9052997393570807,False,1.1124997399747372e-05,1.0,False,20ng,20ng-N7951,gt,separate-prop,7951
47,group:sports#t3,This article covers the topic of sports.,exact-hit,0,0,0,0,0,1.0,1.0,1.0,800,0.9213197969543148,False,0.9075,False,8.08399636298418e-06,1.0,False,20ng,20ng-N7951,gt,separate-prop,7951
48,union:Macintosh hardware|cars#u1,This text discusses either Macintosh hardware or cars.,rewrite,6060,4800,1260,0,0,1.0,1.0,1.0,800,0.9378663540445487,False,1.0,False,0.0032138339956873097,1.0,False,20ng,20ng-N7951,gt,separate-prop,7951
49,leaf:computer graphics#t1,This text discusses computer graphics.,rewrite,1964,400,1564,0,0,1.0,1.0,1.0,400,0.9280742459396751,False,1.0,False,0.0016594590051681735,1.0,False,20ng,20ng-N7951,gt,separate-prop,7951
50,union:atheism|hockey#u1,This text discusses either atheism or hockey.,rewrite,5948,4400,1548,0,0,1.0,1.0,1.0,800,0.9419753086419753,False,0.95375,False,0.0035543749982025474,1.0,False,20ng,20ng-N7951,gt,separate-prop,7951
51,leaf:items for sale#t0,The document is about items for sale.,rewrite,1405,0,1005,400,0,1.0,1.0,1.0,400,0.9236641221374046,False,0.9075,False,0.0017277910010307096,1.0,False,20ng,20ng-N7951,gt,separate-prop,7951
52,leaf:baseball#t0,The document is about baseball.,rewrite,1405,0,1005,400,0,1.0,1.0,1.0,400,0.9236641221374046,False,0.9075,False,0.0017885000052046962,1.0,False,20ng,20ng-N7951,gt,separate-prop,7951
53,union:hockey|motorcycles#u0,The document is about hockey or about motorcycles.,rewrite,5674,4000,1674,0,0,1.0,1.0,1.0,800,0.9465449804432855,False,0.9075,False,0.00445291700452799,1.0,False,20ng,20ng-N7951,gt,separate-prop,7951
54,group:politics#t0,The document is about politics.,rewrite,341,0,341,0,0,1.0,1.0,1.0,1200,0.9203389830508475,False,0.905,False,0.0027429170004324988,1.0,False,20ng,20ng-N7951,gt,separate-prop,7951
55,group:motor vehicles#t1,This text discusses motor vehicles.,exact-hit,0,0,0,0,0,1.0,1.0,1.0,800,0.9211195928753181,False,0.905,False,1.6291000065393746e-05,1.0,False,20ng,20ng-N7951,gt,separate-prop,7951
56,leaf:atheism#t3,This article covers the topic of atheism.,rewrite,1541,400,741,400,0,1.0,1.0,1.0,400,0.9237875288683602,False,1.0,False,0.0019938749974244274,1.0,False,20ng,20ng-N7951,gt,separate-prop,7951
57,union:atheism|gun control#u1,This text discusses either atheism or gun control.,rewrite,6436,4000,2436,0,0,1.0,1.0,1.0,800,0.9525593008739076,False,0.95375,False,0.007293125003343448,1.0,False,20ng,20ng-N7951,gt,separate-prop,7951
58,leaf:cars#t2,The passage is related to cars.,rewrite,1541,400,741,400,0,1.0,1.0,1.0,400,0.9237875288683602,False,1.0,False,0.001335000000835862,1.0,False,20ng,20ng-N7951,gt,separate-prop,7951
59,group:sports#t2,The passage is related to sports.,exact-hit,0,0,0,0,0,1.0,1.0,1.0,800,0.9213197969543148,False,0.9075,False,6.542002665810287e-06,1.0,False,20ng,20ng-N7951,gt,separate-prop,7951
60,group:motor vehicles#t2,The passage is related to motor vehicles.,exact-hit,0,0,0,0,0,1.0,1.0,1.0,800,0.9211195928753181,False,0.905,False,3.1669987947680056e-06,1.0,False,20ng,20ng-N7951,gt,separate-prop,7951
61,group:computers#t0,The document is about computers.,exact-hit,0,0,0,0,0,1.0,1.0,1.0,2000,0.9195928753180661,False,0.9035,False,3.3329997677356005e-06,1.0,False,20ng,20ng-N7951,gt,separate-prop,7951
62,union:medicine|the Microsoft Windows operating system#u0,The document is about medicine or about the Microsoft Windows operating system.,rewrite,6436,4000,2436,0,0,1.0,1.0,1.0,800,0.9525593008739076,False,0.95375,False,0.004158833995461464,1.0,False,20ng,20ng-N7951,gt,separate-prop,7951
63,union:baseball|items for sale#u0,The document is about baseball or about items for sale.,rewrite,5840,3600,2240,0,0,1.0,1.0,1.0,800,0.952755905511811,False,0.9075,False,0.004218750000291038,1.0,False,20ng,20ng-N7951,gt,separate-prop,7951
64,union:atheism|medicine#u1,This text discusses either atheism or medicine.,rewrite,6308,3600,2708,0,0,1.0,1.0,1.0,800,0.9549436795994993,False,0.95375,False,0.03477608299726853,1.0,False,20ng,20ng-N7951,gt,separate-prop,7951
65,union:hockey|the X Window System#u1,This text discusses either hockey or the X Window System.,rewrite,5948,4400,1548,0,0,1.0,1.0,1.0,800,0.9419753086419753,False,0.95375,False,0.004270375000487547,1.0,False,20ng,20ng-N7951,gt,separate-prop,7951
66,leaf:cryptography#t0,The document is about cryptography.,rewrite,1964,400,1564,0,0,1.0,1.0,1.0,400,0.9280742459396751,False,1.0,False,0.0016874580032890663,1.0,False,20ng,20ng-N7951,gt,separate-prop,7951
67,leaf:motorcycles#t3,This article covers the topic of motorcycles.,rewrite,1405,0,1005,400,0,1.0,1.0,1.0,400,0.9236641221374046,False,0.9075,False,0.0016287499965983443,1.0,False,20ng,20ng-N7951,gt,separate-prop,7951
68,leaf:hockey#t1,This text discusses hockey.,exact-hit,0,0,0,0,0,1.0,1.0,1.0,400,0.9237875288683602,False,1.0,False,6.791997293476015e-06,1.0,False,20ng,20ng-N7951,gt,separate-prop,7951
69,leaf:baseball#t2,The passage is related to baseball.,exact-hit,0,0,0,0,0,1.0,1.0,1.0,400,0.9237875288683602,False,1.0,False,3.125001967418939e-06,1.0,False,20ng,20ng-N7951,gt,separate-prop,7951
70,group:motor vehicles#t0,The document is about motor vehicles.,exact-hit,0,0,0,0,0,1.0,1.0,1.0,800,,,,,3.0000010156072676e-06,1.0,,20ng,20ng-N7951,gt,separate-prop,7951
71,leaf:the Microsoft Windows operating system#t2,The passage is related to the Microsoft Windows operating system.,rewrite,1405,0,1005,400,0,1.0,1.0,1.0,400,0.9236641221374046,False,0.9075,False,0.0015778340020915493,1.0,False,20ng,20ng-N7951,gt,separate-prop,7951
72,leaf:motorcycles#t2,The passage is related to motorcycles.,exact-hit,0,0,0,0,0,1.0,1.0,1.0,400,0.9236641221374046,False,0.9075,False,6.041002052370459e-06,1.0,False,20ng,20ng-N7951,gt,separate-prop,7951
73,group:sports#t2,The passage is related to sports.,exact-hit,0,0,0,0,0,1.0,1.0,1.0,800,0.9213197969543148,False,0.9075,False,2.8750000637955964e-06,1.0,False,20ng,20ng-N7951,gt,separate-prop,7951
74,union:Macintosh hardware|electronics#u1,This text discusses either Macintosh hardware or electronics.,rewrite,445,0,445,0,0,1.0,1.0,1.0,800,0.9211195928753181,False,0.905,False,0.001675999999861233,1.0,False,20ng,20ng-N7951,gt,separate-prop,7951
75,leaf:Christianity#t3,This article covers the topic of Christianity.,exact-hit,0,0,0,0,0,1.0,1.0,1.0,400,0.9237875288683602,False,1.0,False,5.750000127591193e-06,1.0,False,20ng,20ng-N7951,gt,separate-prop,7951
76,group:sports#t2,The passage is related to sports.,exact-hit,0,0,0,0,0,1.0,1.0,1.0,800,0.9213197969543148,False,0.9075,False,2.540997229516506e-06,1.0,False,20ng,20ng-N7951,gt,separate-prop,7951
77,leaf:religious debate#t3,This article covers the topic of religious debate.,rewrite,1023,0,1023,0,0,1.0,1.0,1.0,351,0.9246376811594202,False,0.9088319088319088,False,0.0015577499943901785,1.0,False,20ng,20ng-N7951,gt,separate-prop,7951
78,union:atheism|baseball#u1,This text discusses either atheism or baseball.,rewrite,5840,3600,2240,0,0,1.0,1.0,1.0,800,0.952755905511811,False,0.9075,False,0.004267790995072573,1.0,False,20ng,20ng-N7951,gt,separate-prop,7951
79,leaf:items for sale#t2,The passage is related to items for sale.,rewrite,1405,0,1005,400,0,1.0,1.0,1.0,400,0.9236641221374046,False,0.9075,False,0.001592833003087435,1.0,False,20ng,20ng-N7951,gt,separate-prop,7951
80,union:Macintosh hardware|religious debate#u0,The document is about Macintosh hardware or about religious debate.,rewrite,6068,4400,1668,0,0,1.0,1.0,1.0,751,0.9448094612352168,False,0.9573901464713716,False,0.003447208000579849,1.0,False,20ng,20ng-N7951,gt,separate-prop,7951
81,group:motor vehicles#t1,This text discusses motor vehicles.,exact-hit,0,0,0,0,0,1.0,1.0,1.0,800,0.9211195928753181,False,0.905,False,7.791000825818628e-06,1.0,False,20ng,20ng-N7951,gt,separate-prop,7951
82,leaf:cars#t0,The document is about cars.,rewrite,1405,0,1005,400,0,1.0,1.0,1.0,400,0.9236641221374046,False,0.9075,False,0.0016411659962614067,1.0,False,20ng,20ng-N7951,gt,separate-prop,7951
83,leaf:PC hardware#t0,The document is about PC hardware.,rewrite,1541,400,741,400,0,1.0,1.0,1.0,400,0.9237875288683602,False,1.0,False,0.0014183339953888208,1.0,False,20ng,20ng-N7951,gt,separate-prop,7951
84,group:religion#t2,The passage is related to religion.,rewrite,353,0,353,0,0,1.0,1.0,1.0,1151,0.9204946996466431,False,0.9052997393570807,False,0.002306624999619089,1.0,False,20ng,20ng-N7951,gt,separate-prop,7951
85,union:Christianity|hockey#u0,The document is about Christianity or about hockey.,rewrite,5685,3200,2485,0,0,1.0,1.0,1.0,800,0.9552631578947368,False,0.9075,False,0.004220832997816615,1.0,False,20ng,20ng-N7951,gt,separate-prop,7951
86,group:religion#t0,The document is about religion.,exact-hit,0,0,0,0,0,1.0,1.0,1.0,1151,0.9204946996466431,False,0.9052997393570807,False,8.875002095010132e-06,1.0,False,20ng,20ng-N7951,gt,separate-prop,7951
87,union:atheism|computer graphics#u1,This text discusses either atheism or computer graphics.,rewrite,5995,4000,1995,0,0,1.0,1.0,1.0,800,0.952755905511811,False,0.9075,False,0.004313874997023959,1.0,False,20ng,20ng-N7951,gt,separate-prop,7951
88,union:motorcycles|political debate#u1,This text discusses either motorcycles or political debate.,rewrite,5995,4000,1995,0,0,1.0,1.0,1.0,800,0.952755905511811,False,0.9075,False,0.0044047089977539144,1.0,False,20ng,20ng-N7951,gt,separate-prop,7951
89,group:motor vehicles#t0,The document is about motor vehicles.,exact-hit,0,0,0,0,0,1.0,1.0,1.0,800,,,,,8.500006515532732e-06,1.0,,20ng,20ng-N7951,gt,separate-prop,7951
90,union:PC hardware|political debate#u0,The document is about PC hardware or about political debate.,rewrite,5870,4400,1470,0,0,1.0,1.0,1.0,800,0.9428571428571428,False,0.9075,False,0.004041166997922119,1.0,False,20ng,20ng-N7951,gt,separate-prop,7951
91,leaf:Macintosh hardware#t0,The document is about Macintosh hardware.,rewrite,1541,400,741,400,0,1.0,1.0,1.0,400,0.9237875288683602,False,1.0,False,0.0014903329938533716,1.0,False,20ng,20ng-N7951,gt,separate-prop,7951
92,leaf:items for sale#t1,This text discusses items for sale.,rewrite,1405,0,1005,400,0,1.0,1.0,1.0,400,0.9236641221374046,False,0.9075,False,0.0017167080004583113,1.0,False,20ng,20ng-N7951,gt,separate-prop,7951
93,leaf:the Microsoft Windows operating system#t0,The document is about the Microsoft Windows operating system.,rewrite,898,0,898,0,0,1.0,1.0,1.0,400,0.9236641221374046,False,0.9075,False,0.0016641250040265732,1.0,False,20ng,20ng-N7951,gt,separate-prop,7951
94,leaf:the Microsoft Windows operating system#t1,This text discusses the Microsoft Windows operating system.,exact-hit,0,0,0,0,0,1.0,1.0,1.0,400,0.9237875288683602,False,1.0,False,5.290996341500431e-06,1.0,False,20ng,20ng-N7951,gt,separate-prop,7951
95,group:computers#t3,This article covers the topic of computers.,rewrite,389,0,389,0,0,1.0,1.0,1.0,2000,0.9196563921172309,False,0.91,False,0.004393583003547974,1.0,False,20ng,20ng-N7951,gt,separate-prop,7951
96,leaf:PC hardware#t1,This text discusses PC hardware.,rewrite,1405,0,1005,400,0,1.0,1.0,1.0,400,0.9236641221374046,False,0.9075,False,0.0017677910000202246,1.0,False,20ng,20ng-N7951,gt,separate-prop,7951
97,leaf:cars#t2,The passage is related to cars.,exact-hit,0,0,0,0,0,1.0,1.0,1.0,400,0.9237875288683602,False,1.0,False,5.250003596302122e-06,1.0,False,20ng,20ng-N7951,gt,separate-prop,7951
98,union:Christianity|items for sale#u0,The document is about Christianity or about items for sale.,rewrite,5840,3600,2240,0,0,1.0,1.0,1.0,800,0.952755905511811,False,0.9075,False,0.006593209000129718,1.0,False,20ng,20ng-N7951,gt,separate-prop,7951
99,group:politics#t2,The passage is related to politics.,rewrite,341,0,341,0,0,1.0,1.0,1.0,1200,0.9203389830508475,False,0.905,False,0.002661999998963438,1.0,False,20ng,20ng-N7951,gt,separate-prop,7951
100,leaf:gun control#t2,The passage is related to gun control.,rewrite,1964,400,1564,0,0,1.0,1.0,1.0,400,0.9324009324009324,False,1.0,False,0.0017770840058801696,1.0,False,20ng,20ng-N7951,gt,separate-prop,7951
101,union:Middle East affairs|items for sale#u1,This text discusses either Middle East affairs or items for sale.,exact-hit,0,0,0,0,0,1.0,1.0,1.0,800,0.9490049751243781,False,0.95375,False,7.125003321561962e-06,1.0,False,20ng,20ng-N7951,gt,separate-prop,7951
102,leaf:computer graphics#t3,This article covers the topic of computer graphics.,rewrite,898,0,898,0,0,1.0,1.0,1.0,400,0.9236641221374046,False,0.9075,False,0.0017326669985777698,1.0,False,20ng,20ng-N7951,gt,separate-prop,7951
103,leaf:religious debate#t3,This article covers the topic of religious debate.,exact-hit,0,0,0,0,0,1.0,1.0,1.0,351,0.9246376811594202,False,0.9088319088319088,False,6.2920007621869445e-06,1.0,False,20ng,20ng-N7951,gt,separate-prop,7951
104,leaf:atheism#t3,This article covers the topic of atheism.,exact-hit,0,0,0,0,0,1.0,1.0,1.0,400,0.9237875288683602,False,1.0,False,3.6669953260570765e-06,1.0,False,20ng,20ng-N7951,gt,separate-prop,7951
105,group:religion#t1,This text discusses religion.,exact-hit,0,0,0,0,0,1.0,1.0,1.0,1151,0.9204946996466431,False,0.9052997393570807,False,3.5000048228539526e-06,1.0,False,20ng,20ng-N7951,gt,separate-prop,7951
106,union:hockey|items for sale#u0,The document is about hockey or about items for sale.,rewrite,5685,3200,2485,0,0,1.0,1.0,1.0,800,0.9552631578947368,False,0.9075,False,0.0043183340021641925,1.0,False,20ng,20ng-N7951,gt,separate-prop,7951
107,group:motor vehicles#t0,The document is about motor vehicles.,exact-hit,0,0,0,0,0,1.0,1.0,1.0,800,,,,,9.916999260894954e-06,1.0,,20ng,20ng-N7951,gt,separate-prop,7951
108,union:space exploration|the Microsoft Windows operating system#u1,This text discusses either space exploration or the Microsoft Windows operating system.,rewrite,6156,4800,1356,0,0,1.0,1.0,1.0,800,0.9443069306930693,False,0.95375,False,0.003815459000179544,1.0,False,20ng,20ng-N7951,gt,separate-prop,7951
109,group:sports#t2,The passage is related to sports.,exact-hit,0,0,0,0,0,1.0,1.0,1.0,800,0.9213197969543148,False,0.9075,False,8.125003660097718e-06,1.0,False,20ng,20ng-N7951,gt,separate-prop,7951
110,group:sports#t1,This text discusses sports.,exact-hit,0,0,0,0,0,1.0,1.0,1.0,800,0.9345794392523364,False,1.0,False,3.792003553826362e-06,1.0,False,20ng,20ng-N7951,gt,separate-prop,7951
111,leaf:atheism#t3,This article covers the topic of atheism.,exact-hit,0,0,0,0,0,1.0,1.0,1.0,400,0.9237875288683602,False,1.0,False,3.082997864112258e-06,1.0,False,20ng,20ng-N7951,gt,separate-prop,7951
112,leaf:Middle East affairs#t2,The passage is related to Middle East affairs.,rewrite,1964,400,1564,0,0,1.0,1.0,1.0,400,0.9324009324009324,False,1.0,False,0.0018054579995805398,1.0,False,20ng,20ng-N7951,gt,separate-prop,7951
113,union:Macintosh hardware|motorcycles#u1,This text discusses either Macintosh hardware or motorcycles.,rewrite,5870,4400,1470,0,0,1.0,1.0,1.0,800,0.9428571428571428,False,0.9075,False,0.004108959001314361,1.0,False,20ng,20ng-N7951,gt,separate-prop,7951
114,union:political debate|religious debate#u0,The document is about political debate or about religious debate.,rewrite,5990,4400,1590,0,0,1.0,1.0,1.0,751,0.9459084604715673,False,0.9081225033288948,False,0.004122375001315959,1.0,False,20ng,20ng-N7951,gt,separate-prop,7951
115,leaf:gun control#t3,This article covers the topic of gun control.,rewrite,1751,0,951,800,0,1.0,1.0,1.0,400,0.9236641221374046,False,0.9075,False,0.0019289999981992878,1.0,False,20ng,20ng-N7951,gt,separate-prop,7951
116,leaf:medicine#t2,The passage is related to medicine.,rewrite,1541,400,741,400,0,1.0,1.0,1.0,400,0.9237875288683602,False,1.0,False,0.0016124999965541065,1.0,False,20ng,20ng-N7951,gt,separate-prop,7951
117,group:politics#t1,This text discusses politics.,exact-hit,0,0,0,0,0,1.0,1.0,1.0,1200,0.9237875288683602,False,1.0,False,5.458998202811927e-06,1.0,False,20ng,20ng-N7951,gt,separate-prop,7951
118,group:science#t2,The passage is related to science.,exact-hit,0,0,0,0,0,1.0,1.0,1.0,1600,0.9198473282442748,False,0.90375,False,2.624998160172254e-06,1.0,False,20ng,20ng-N7951,gt,separate-prop,7951
119,group:religion#t0,The document is about religion.,exact-hit,0,0,0,0,0,1.0,1.0,1.0,1151,0.9204946996466431,False,0.9052997393570807,False,3.6249984987080097e-06,1.0,False,20ng,20ng-N7951,gt,separate-prop,7951
0,group:motor vehicles#t0,The document is about motor vehicles.,cold,7951,7951,0,0,0,1.0,1.0,1.0,800,,,,,0.00019433299894444644,1.0,,20ng,20ng-N7951,gt,fixed-100,7951
1,group:religion#t3,This article covers the topic of religion.,rewrite,7251,7151,100,0,0,1.0,1.0,1.0,1151,0.9770797962648556,False,1.0,False,0.001569041000038851,1.0,False,20ng,20ng-N7951,gt,fixed-100,7951
2,leaf:religious debate#t0,The document is about religious debate.,rewrite,7951,1151,100,6700,0,1.0,1.0,1.0,351,1.0,False,1.0,False,0.0008926660011638887,1.0,False,20ng,20ng-N7951,gt,fixed-100,7951
3,group:politics#t1,This text discusses politics.,rewrite,6100,6000,100,0,0,1.0,1.0,1.0,1200,0.936768149882904,False,1.0,False,0.0016722500004107133,1.0,False,20ng,20ng-N7951,gt,fixed-100,7951
4,union:gun control|medicine#u0,The document is about gun control or about medicine.,rewrite,6100,6000,100,0,0,1.0,1.0,1.0,800,0.9080590238365494,False,1.0,False,0.0015537079962086864,1.0,False,20ng,20ng-N7951,gt,fixed-100,7951
5,group:motor vehicles#t0,The document is about motor vehicles.,exact-hit,0,0,0,0,0,1.0,1.0,1.0,800,,,,,5.542002327274531e-06,1.0,,20ng,20ng-N7951,gt,fixed-100,7951
6,group:politics#t1,This text discusses politics.,exact-hit,0,0,0,0,0,1.0,1.0,1.0,1200,0.936768149882904,False,1.0,False,3.0420051189139485e-06,1.0,False,20ng,20ng-N7951,gt,fixed-100,7951
7,group:religion#t0,The document is about religion.,rewrite,7000,0,300,6700,0,1.0,1.0,1.0,1151,1.0,False,0.9617723718505647,False,0.0019785410040640272,1.0,False,20ng,20ng-N7951,gt,fixed-100,7951
8,leaf:political debate#t1,This text discusses political debate.,rewrite,7951,800,100,7051,0,1.0,1.0,1.0,400,1.0,False,1.0,False,0.0013212919948273338,1.0,False,20ng,20ng-N7951,gt,fixed-100,7951
9,group:sports#t1,This text discusses sports.,rewrite,7951,4400,100,3451,0,1.0,1.0,1.0,800,1.0,False,1.0,False,0.0030511670047417283,1.0,False,20ng,20ng-N7951,gt,fixed-100,7951
10,group:science#t1,This text discusses science.,rewrite,6003,4000,100,1903,0,1.0,1.0,1.0,1600,0.9024252679075014,False,1.0,False,0.003267540996603202,1.0,False,20ng,20ng-N7951,gt,fixed-100,7951
11,leaf:hockey#t1,This text discusses hockey.,rewrite,7951,800,100,7051,0,1.0,1.0,1.0,400,1.0,False,1.0,False,0.0009649170024204068,1.0,False,20ng,20ng-N7951,gt,fixed-100,7951
12,leaf:religious debate#t2,The passage is related to religious debate.,rewrite,7700,0,200,7500,0,1.0,1.0,1.0,351,1.0,False,0.9715099715099715,False,0.0016535830000066198,1.0,False,20ng,20ng-N7951,gt,fixed-100,7951
13,leaf:political debate#t0,The document is about political debate.,rewrite,7651,0,200,7451,0,1.0,1.0,1.0,400,1.0,False,0.97,False,0.0012282919997232966,1.0,False,20ng,20ng-N7951,gt,fixed-100,7951
14,leaf:items for sale#t3,This article covers the topic of items for sale.,rewrite,7951,3600,100,4251,0,1.0,1.0,1.0,400,1.0,False,1.0,False,0.00361233400326455,1.0,False,20ng,20ng-N7951,gt,fixed-100,7951
15,leaf:Christianity#t3,This article covers the topic of Christianity.,rewrite,7951,800,100,7051,0,1.0,1.0,1.0,400,1.0,False,1.0,False,0.001389375000144355,1.0,False,20ng,20ng-N7951,gt,fixed-100,7951
16,union:electronics|hockey#u0,The document is about electronics or about hockey.,rewrite,7651,3600,200,3851,0,1.0,1.0,1.0,800,1.0,False,0.985,False,0.004506666002271231,1.0,False,20ng,20ng-N7951,gt,fixed-100,7951
17,group:science#t2,The passage is related to science.,rewrite,6451,0,200,6251,0,1.0,1.0,1.0,1600,1.0,False,0.965,False,0.0019277500032330863,1.0,False,20ng,20ng-N7951,gt,fixed-100,7951
18,group:computers#t1,This text discusses computers.,rewrite,4500,4400,100,0,0,1.0,1.0,1.0,2000,0.9203865623561897,False,1.0,False,0.0022165420014061965,1.0,False,20ng,20ng-N7951,gt,fixed-100,7951
19,union:Macintosh hardware|items for sale#u1,This text discusses either Macintosh hardware or items for sale.,rewrite,7651,3200,200,4251,0,1.0,1.0,1.0,800,1.0,False,0.985,False,0.004537375003565103,1.0,False,20ng,20ng-N7951,gt,fixed-100,7951
20,group:motor vehicles#t3,This article covers the topic of motor vehicles.,rewrite,7251,0,200,7051,0,1.0,1.0,1.0,800,1.0,False,0.96625,False,0.0015934170005493797,1.0,False,20ng,20ng-N7951,gt,fixed-100,7951
21,group:sports#t3,This article covers the topic of sports.,rewrite,7351,0,300,7051,0,1.0,1.0,1.0,800,1.0,False,0.965,False,0.0018491250011720695,1.0,False,20ng,20ng-N7951,gt,fixed-100,7951
22,group:motor vehicles#t3,This article covers the topic of motor vehicles.,exact-hit,0,0,0,0,0,1.0,1.0,1.0,800,1.0,False,0.96625,False,5.458998202811927e-06,1.0,False,20ng,20ng-N7951,gt,fixed-100,7951
23,group:motor vehicles#t3,This article covers the topic of motor vehicles.,exact-hit,0,0,0,0,0,1.0,1.0,1.0,800,1.0,False,0.96625,False,2.5420013116672635e-06,1.0,False,20ng,20ng-N7951,gt,fixed-100,7951
24,union:PC hardware|cryptography#u0,The document is about PC hardware or about cryptography.,rewrite,7951,4000,100,3851,0,1.0,1.0,1.0,800,1.0,False,1.0,False,0.02288895799574675,1.0,False,20ng,20ng-N7951,gt,fixed-100,7951
25,leaf:political debate#t1,This text discusses political debate.,exact-hit,0,0,0,0,0,1.0,1.0,1.0,400,1.0,False,1.0,False,1.1208001524209976e-05,1.0,False,20ng,20ng-N7951,gt,fixed-100,7951
26,union:Macintosh hardware|space exploration#u1,This text discusses either Macintosh hardware or space exploration.,rewrite,7951,4400,100,3451,0,1.0,1.0,1.0,800,1.0,False,1.0,False,0.020106249998207204,1.0,False,20ng,20ng-N7951,gt,fixed-100,7951
27,leaf:baseball#t2,The passage is related to baseball.,rewrite,7951,400,100,7451,0,1.0,1.0,1.0,400,1.0,False,1.0,False,0.0017106250015785918,1.0,False,20ng,20ng-N7951,gt,fixed-100,7951
28,group:computers#t0,The document is about computers.,rewrite,6051,0,200,5851,0,1.0,1.0,1.0,2000,1.0,False,0.965,False,0.002226790995337069,1.0,False,20ng,20ng-N7951,gt,fixed-100,7951
29,leaf:baseball#t3,This article covers the topic of baseball.,rewrite,7651,0,200,7451,0,1.0,1.0,1.0,400,1.0,False,0.97,False,0.0013852499978384003,1.0,False,20ng,20ng-N7951,gt,fixed-100,7951
30,leaf:electronics#t0,The document is about electronics.,rewrite,7951,400,100,7451,0,1.0,1.0,1.0,400,1.0,False,1.0,False,0.002311165997525677,1.0,False,20ng,20ng-N7951,gt,fixed-100,7951
31,union:PC hardware|items for sale#u1,This text discusses either PC hardware or items for sale.,rewrite,7651,4000,200,3451,0,1.0,1.0,1.0,800,1.0,False,0.985,False,0.00499083300383063,1.0,False,20ng,20ng-N7951,gt,fixed-100,7951
32,union:computer graphics|motorcycles#u0,The document is about computer graphics or about motorcycles.,rewrite,7951,4000,100,3851,0,1.0,1.0,1.0,800,1.0,False,1.0,False,0.004489667000598274,1.0,False,20ng,20ng-N7951,gt,fixed-100,7951
33,union:Macintosh hardware|electronics#u0,The document is about Macintosh hardware or about electronics.,rewrite,7651,3600,200,3851,0,1.0,1.0,1.0,800,1.0,False,0.985,False,0.004743875004351139,1.0,False,20ng,20ng-N7951,gt,fixed-100,7951
34,group:computers#t1,This text discusses computers.,exact-hit,0,0,0,0,0,1.0,1.0,1.0,2000,0.9203865623561897,False,1.0,False,1.208300091093406e-05,1.0,False,20ng,20ng-N7951,gt,fixed-100,7951
35,group:religion#t1,This text discusses religion.,rewrite,7000,0,300,6700,0,1.0,1.0,1.0,1151,1.0,False,0.9617723718505647,False,0.002412583002296742,1.0,False,20ng,20ng-N7951,gt,fixed-100,7951
36,group:computers#t0,The document is about computers.,exact-hit,0,0,0,0,0,1.0,1.0,1.0,2000,1.0,False,0.965,False,8.625000191386789e-06,1.0,False,20ng,20ng-N7951,gt,fixed-100,7951
37,union:Middle East affairs|items for sale#u1,This text discusses either Middle East affairs or items for sale.,rewrite,7651,3600,200,3851,0,1.0,1.0,1.0,800,1.0,False,0.985,False,0.00476316600543214,1.0,False,20ng,20ng-N7951,gt,fixed-100,7951
38,leaf:the Microsoft Windows operating system#t1,This text discusses the Microsoft Windows operating system.,rewrite,7951,1200,100,6651,0,1.0,1.0,1.0,400,1.0,False,1.0,False,0.001942874994711019,1.0,False,20ng,20ng-N7951,gt,fixed-100,7951
39,group:sports#t2,The passage is related to sports.,rewrite,7351,0,300,7051,0,1.0,1.0,1.0,800,1.0,False,0.965,False,0.002059791993815452,1.0,False,20ng,20ng-N7951,gt,fixed-100,7951
40,leaf:motorcycles#t0,The document is about motorcycles.,rewrite,7951,400,100,7451,0,1.0,1.0,1.0,400,1.0,False,1.0,False,0.0017296250007348135,1.0,False,20ng,20ng-N7951,gt,fixed-100,7951
41,group:motor vehicles#t0,The document is about motor vehicles.,exact-hit,0,0,0,0,0,1.0,1.0,1.0,800,,,,,6.166999810375273e-06,1.0,,20ng,20ng-N7951,gt,fixed-100,7951
42,union:Christianity|political debate#u1,This text discusses either Christianity or political debate.,rewrite,7351,4000,300,3051,0,1.0,1.0,1.0,800,1.0,False,0.965,False,0.01573129100142978,1.0,False,20ng,20ng-N7951,gt,fixed-100,7951
43,group:motor vehicles#t2,The passage is related to motor vehicles.,rewrite,7251,0,200,7051,0,1.0,1.0,1.0,800,1.0,False,0.96625,False,0.0018745829947874881,1.0,False,20ng,20ng-N7951,gt,fixed-100,7951
44,leaf:motorcycles#t2,The passage is related to motorcycles.,rewrite,7651,0,200,7451,0,1.0,1.0,1.0,400,1.0,False,0.97,False,0.0019574580001062714,1.0,False,20ng,20ng-N7951,gt,fixed-100,7951
45,group:motor vehicles#t1,This text discusses motor vehicles.,rewrite,7251,0,200,7051,0,1.0,1.0,1.0,800,1.0,False,0.96625,False,0.0017726250007399358,1.0,False,20ng,20ng-N7951,gt,fixed-100,7951
46,group:religion#t0,The document is about religion.,exact-hit,0,0,0,0,0,1.0,1.0,1.0,1151,1.0,False,0.9617723718505647,False,6.87500141793862e-06,1.0,False,20ng,20ng-N7951,gt,fixed-100,7951
47,group:sports#t3,This article covers the topic of sports.,exact-hit,0,0,0,0,0,1.0,1.0,1.0,800,1.0,False,0.965,False,4.04199818149209e-06,1.0,False,20ng,20ng-N7951,gt,fixed-100,7951
48,union:Macintosh hardware|cars#u1,This text discusses either Macintosh hardware or cars.,rewrite,7951,4800,100,3051,0,1.0,1.0,1.0,800,1.0,False,1.0,False,0.0038152080014697276,1.0,False,20ng,20ng-N7951,gt,fixed-100,7951
49,leaf:computer graphics#t1,This text discusses computer graphics.,rewrite,7951,400,100,7451,0,1.0,1.0,1.0,400,1.0,False,1.0,False,0.0017917919976753183,1.0,False,20ng,20ng-N7951,gt,fixed-100,7951
50,union:atheism|hockey#u1,This text discusses either atheism or hockey.,rewrite,7651,4400,200,3051,0,1.0,1.0,1.0,800,1.0,False,0.985,False,0.004168999999819789,1.0,False,20ng,20ng-N7951,gt,fixed-100,7951
51,leaf:items for sale#t0,The document is about items for sale.,rewrite,7651,0,200,7451,0,1.0,1.0,1.0,400,1.0,False,0.97,False,0.0020374169980641454,1.0,False,20ng,20ng-N7951,gt,fixed-100,7951
52,leaf:baseball#t0,The document is about baseball.,rewrite,7651,0,200,7451,0,1.0,1.0,1.0,400,1.0,False,0.97,False,0.002011500000662636,1.0,False,20ng,20ng-N7951,gt,fixed-100,7951
53,union:hockey|motorcycles#u0,The document is about hockey or about motorcycles.,rewrite,7351,4000,300,3051,0,1.0,1.0,1.0,800,1.0,False,0.965,False,0.004597458006173838,1.0,False,20ng,20ng-N7951,gt,fixed-100,7951
54,group:politics#t0,The document is about politics.,rewrite,6951,0,300,6651,0,1.0,1.0,1.0,1200,1.0,False,0.9616666666666667,False,0.002451708998705726,1.0,False,20ng,20ng-N7951,gt,fixed-100,7951
55,group:motor vehicles#t1,This text discusses motor vehicles.,exact-hit,0,0,0,0,0,1.0,1.0,1.0,800,1.0,False,0.96625,False,6.54099858365953e-06,1.0,False,20ng,20ng-N7951,gt,fixed-100,7951
56,leaf:atheism#t3,This article covers the topic of atheism.,rewrite,7951,400,100,7451,0,1.0,1.0,1.0,400,1.0,False,1.0,False,0.001661042006162461,1.0,False,20ng,20ng-N7951,gt,fixed-100,7951
57,union:atheism|gun control#u1,This text discusses either atheism or gun control.,rewrite,7651,4000,200,3451,0,1.0,1.0,1.0,800,1.0,False,0.985,False,0.010149583002203144,1.0,False,20ng,20ng-N7951,gt,fixed-100,7951
58,leaf:cars#t2,The passage is related to cars.,rewrite,7951,400,100,7451,0,1.0,1.0,1.0,400,1.0,False,1.0,False,0.0019882920023519546,1.0,False,20ng,20ng-N7951,gt,fixed-100,7951
59,group:sports#t2,The passage is related to sports.,exact-hit,0,0,0,0,0,1.0,1.0,1.0,800,1.0,False,0.965,False,7.333001121878624e-06,1.0,False,20ng,20ng-N7951,gt,fixed-100,7951
60,group:motor vehicles#t2,The passage is related to motor vehicles.,exact-hit,0,0,0,0,0,1.0,1.0,1.0,800,1.0,False,0.96625,False,3.3329997677356005e-06,1.0,False,20ng,20ng-N7951,gt,fixed-100,7951
61,group:computers#t0,The document is about computers.,exact-hit,0,0,0,0,0,1.0,1.0,1.0,2000,1.0,False,0.965,False,3.3750038710422814e-06,1.0,False,20ng,20ng-N7951,gt,fixed-100,7951
62,union:medicine|the Microsoft Windows operating system#u0,The document is about medicine or about the Microsoft Windows operating system.,rewrite,7651,4000,200,3451,0,1.0,1.0,1.0,800,1.0,False,0.985,False,0.005471708995173685,1.0,False,20ng,20ng-N7951,gt,fixed-100,7951
63,union:baseball|items for sale#u0,The document is about baseball or about items for sale.,rewrite,7351,3600,300,3451,0,1.0,1.0,1.0,800,1.0,False,0.965,False,0.0052715420024469495,1.0,False,20ng,20ng-N7951,gt,fixed-100,7951
64,union:atheism|medicine#u1,This text discusses either atheism or medicine.,rewrite,7651,3600,200,3851,0,1.0,1.0,1.0,800,1.0,False,0.985,False,0.005499624996446073,1.0,False,20ng,20ng-N7951,gt,fixed-100,7951
65,union:hockey|the X Window System#u1,This text discusses either hockey or the X Window System.,rewrite,7651,4400,200,3051,0,1.0,1.0,1.0,800,1.0,False,0.985,False,0.004306125003495254,1.0,False,20ng,20ng-N7951,gt,fixed-100,7951
66,leaf:cryptography#t0,The document is about cryptography.,rewrite,7951,400,100,7451,0,1.0,1.0,1.0,400,1.0,False,1.0,False,0.0018542079997132532,1.0,False,20ng,20ng-N7951,gt,fixed-100,7951
67,leaf:motorcycles#t3,This article covers the topic of motorcycles.,rewrite,7651,0,200,7451,0,1.0,1.0,1.0,400,1.0,False,0.97,False,0.002042166997853201,1.0,False,20ng,20ng-N7951,gt,fixed-100,7951
68,leaf:hockey#t1,This text discusses hockey.,exact-hit,0,0,0,0,0,1.0,1.0,1.0,400,1.0,False,1.0,False,6.624999514315277e-06,1.0,False,20ng,20ng-N7951,gt,fixed-100,7951
69,leaf:baseball#t2,The passage is related to baseball.,exact-hit,0,0,0,0,0,1.0,1.0,1.0,400,1.0,False,1.0,False,3.417000698391348e-06,1.0,False,20ng,20ng-N7951,gt,fixed-100,7951
70,group:motor vehicles#t0,The document is about motor vehicles.,exact-hit,0,0,0,0,0,1.0,1.0,1.0,800,,,,,3.0419978429563344e-06,1.0,,20ng,20ng-N7951,gt,fixed-100,7951
71,leaf:the Microsoft Windows operating system#t2,The passage is related to the Microsoft Windows operating system.,rewrite,7651,0,200,7451,0,1.0,1.0,1.0,400,1.0,False,0.97,False,0.0019884170033037663,1.0,False,20ng,20ng-N7951,gt,fixed-100,7951
72,leaf:motorcycles#t2,The passage is related to motorcycles.,exact-hit,0,0,0,0,0,1.0,1.0,1.0,400,1.0,False,0.97,False,5.49999822396785e-06,1.0,False,20ng,20ng-N7951,gt,fixed-100,7951
73,group:sports#t2,The passage is related to sports.,exact-hit,0,0,0,0,0,1.0,1.0,1.0,800,1.0,False,0.965,False,2.791995939332992e-06,1.0,False,20ng,20ng-N7951,gt,fixed-100,7951
74,union:Macintosh hardware|electronics#u1,This text discusses either Macintosh hardware or electronics.,rewrite,7251,0,200,7051,0,1.0,1.0,1.0,800,1.0,False,0.96625,False,0.0018650830024853349,1.0,False,20ng,20ng-N7951,gt,fixed-100,7951
75,leaf:Christianity#t3,This article covers the topic of Christianity.,exact-hit,0,0,0,0,0,1.0,1.0,1.0,400,1.0,False,1.0,False,5.4159972933121026e-06,1.0,False,20ng,20ng-N7951,gt,fixed-100,7951
76,group:sports#t2,The passage is related to sports.,exact-hit,0,0,0,0,0,1.0,1.0,1.0,800,1.0,False,0.965,False,2.3749962565489113e-06,1.0,False,20ng,20ng-N7951,gt,fixed-100,7951
77,leaf:religious debate#t3,This article covers the topic of religious debate.,rewrite,7700,0,200,7500,0,1.0,1.0,1.0,351,1.0,False,0.9715099715099715,False,0.0016379579974454828,1.0,False,20ng,20ng-N7951,gt,fixed-100,7951
78,union:atheism|baseball#u1,This text discusses either atheism or baseball.,rewrite,7351,3600,300,3451,0,1.0,1.0,1.0,800,1.0,False,0.965,False,0.00522720800654497,1.0,False,20ng,20ng-N7951,gt,fixed-100,7951
79,leaf:items for sale#t2,The passage is related to items for sale.,rewrite,7651,0,200,7451,0,1.0,1.0,1.0,400,1.0,False,0.97,False,0.002129249995050486,1.0,False,20ng,20ng-N7951,gt,fixed-100,7951
80,union:Macintosh hardware|religious debate#u0,The document is about Macintosh hardware or about religious debate.,rewrite,7700,4400,200,3100,0,1.0,1.0,1.0,751,1.0,False,0.9866844207723036,False,0.004407791006087791,1.0,False,20ng,20ng-N7951,gt,fixed-100,7951
81,group:motor vehicles#t1,This text discusses motor vehicles.,exact-hit,0,0,0,0,0,1.0,1.0,1.0,800,1.0,False,0.96625,False,7.750000804662704e-06,1.0,False,20ng,20ng-N7951,gt,fixed-100,7951
82,leaf:cars#t0,The document is about cars.,rewrite,7651,0,200,7451,0,1.0,1.0,1.0,400,1.0,False,0.97,False,0.002100457997585181,1.0,False,20ng,20ng-N7951,gt,fixed-100,7951
83,leaf:PC hardware#t0,The document is about PC hardware.,rewrite,7951,400,100,7451,0,1.0,1.0,1.0,400,1.0,False,1.0,False,0.001858750001701992,1.0,False,20ng,20ng-N7951,gt,fixed-100,7951
84,group:religion#t2,The passage is related to religion.,rewrite,7000,0,300,6700,0,1.0,1.0,1.0,1151,1.0,False,0.9617723718505647,False,0.0025782500015338883,1.0,False,20ng,20ng-N7951,gt,fixed-100,7951
85,union:Christianity|hockey#u0,The document is about Christianity or about hockey.,rewrite,7351,3200,300,3851,0,1.0,1.0,1.0,800,1.0,False,0.965,False,0.005310082997311838,1.0,False,20ng,20ng-N7951,gt,fixed-100,7951
86,group:religion#t0,The document is about religion.,exact-hit,0,0,0,0,0,1.0,1.0,1.0,1151,1.0,False,0.9617723718505647,False,7.582995749544352e-06,1.0,False,20ng,20ng-N7951,gt,fixed-100,7951
87,union:atheism|computer graphics#u1,This text discusses either atheism or computer graphics.,rewrite,7351,4000,300,3051,0,1.0,1.0,1.0,800,1.0,False,0.965,False,0.005244791005679872,1.0,False,20ng,20ng-N7951,gt,fixed-100,7951
88,union:motorcycles|political debate#u1,This text discusses either motorcycles or political debate.,rewrite,7351,4000,300,3051,0,1.0,1.0,1.0,800,1.0,False,0.965,False,0.00539345799916191,1.0,False,20ng,20ng-N7951,gt,fixed-100,7951
89,group:motor vehicles#t0,The document is about motor vehicles.,exact-hit,0,0,0,0,0,1.0,1.0,1.0,800,,,,,8.083006832748652e-06,1.0,,20ng,20ng-N7951,gt,fixed-100,7951
90,union:PC hardware|political debate#u0,The document is about PC hardware or about political debate.,rewrite,7351,4400,300,2651,0,1.0,1.0,1.0,800,1.0,False,0.965,False,0.00502204099757364,1.0,False,20ng,20ng-N7951,gt,fixed-100,7951
91,leaf:Macintosh hardware#t0,The document is about Macintosh hardware.,rewrite,7951,400,100,7451,0,1.0,1.0,1.0,400,1.0,False,1.0,False,0.002213584004493896,1.0,False,20ng,20ng-N7951,gt,fixed-100,7951
92,leaf:items for sale#t1,This text discusses items for sale.,rewrite,7651,0,200,7451,0,1.0,1.0,1.0,400,1.0,False,0.97,False,0.0023940419996506535,1.0,False,20ng,20ng-N7951,gt,fixed-100,7951
93,leaf:the Microsoft Windows operating system#t0,The document is about the Microsoft Windows operating system.,rewrite,7651,0,200,7451,0,1.0,1.0,1.0,400,1.0,False,0.97,False,0.0019696669987752102,1.0,False,20ng,20ng-N7951,gt,fixed-100,7951
94,leaf:the Microsoft Windows operating system#t1,This text discusses the Microsoft Windows operating system.,exact-hit,0,0,0,0,0,1.0,1.0,1.0,400,1.0,False,1.0,False,6.874994141981006e-06,1.0,False,20ng,20ng-N7951,gt,fixed-100,7951
95,group:computers#t3,This article covers the topic of computers.,rewrite,6451,0,600,5851,0,1.0,1.0,1.0,2000,1.0,False,0.9575,False,0.005035542002588045,1.0,False,20ng,20ng-N7951,gt,fixed-100,7951
96,leaf:PC hardware#t1,This text discusses PC hardware.,rewrite,7651,0,200,7451,0,1.0,1.0,1.0,400,1.0,False,0.97,False,0.0166893749992596,1.0,False,20ng,20ng-N7951,gt,fixed-100,7951
97,leaf:cars#t2,The passage is related to cars.,exact-hit,0,0,0,0,0,1.0,1.0,1.0,400,1.0,False,1.0,False,9.915995178744197e-06,1.0,False,20ng,20ng-N7951,gt,fixed-100,7951
98,union:Christianity|items for sale#u0,The document is about Christianity or about items for sale.,rewrite,7351,3600,300,3451,0,1.0,1.0,1.0,800,1.0,False,0.965,False,0.008783375000348315,1.0,False,20ng,20ng-N7951,gt,fixed-100,7951
99,group:politics#t2,The passage is related to politics.,rewrite,6951,0,300,6651,0,1.0,1.0,1.0,1200,1.0,False,0.9616666666666667,False,0.0030616250005550683,1.0,False,20ng,20ng-N7951,gt,fixed-100,7951
100,leaf:gun control#t2,The passage is related to gun control.,rewrite,7951,400,100,7451,0,1.0,1.0,1.0,400,1.0,False,1.0,False,0.002395249997789506,1.0,False,20ng,20ng-N7951,gt,fixed-100,7951
101,union:Middle East affairs|items for sale#u1,This text discusses either Middle East affairs or items for sale.,exact-hit,0,0,0,0,0,1.0,1.0,1.0,800,1.0,False,0.985,False,9.709001460578293e-06,1.0,False,20ng,20ng-N7951,gt,fixed-100,7951
102,leaf:computer graphics#t3,This article covers the topic of computer graphics.,rewrite,7651,0,200,7451,0,1.0,1.0,1.0,400,1.0,False,0.97,False,0.0021528750003199093,1.0,False,20ng,20ng-N7951,gt,fixed-100,7951
103,leaf:religious debate#t3,This article covers the topic of religious debate.,exact-hit,0,0,0,0,0,1.0,1.0,1.0,351,1.0,False,0.9715099715099715,False,8.66700429469347e-06,1.0,False,20ng,20ng-N7951,gt,fixed-100,7951
104,leaf:atheism#t3,This article covers the topic of atheism.,exact-hit,0,0,0,0,0,1.0,1.0,1.0,400,1.0,False,1.0,False,7.791997632011771e-06,1.0,False,20ng,20ng-N7951,gt,fixed-100,7951
105,group:religion#t1,This text discusses religion.,exact-hit,0,0,0,0,0,1.0,1.0,1.0,1151,1.0,False,0.9617723718505647,False,3.707995347213e-06,1.0,False,20ng,20ng-N7951,gt,fixed-100,7951
106,union:hockey|items for sale#u0,The document is about hockey or about items for sale.,rewrite,7351,3200,300,3851,0,1.0,1.0,1.0,800,1.0,False,0.965,False,0.005814417003421113,1.0,False,20ng,20ng-N7951,gt,fixed-100,7951
107,group:motor vehicles#t0,The document is about motor vehicles.,exact-hit,0,0,0,0,0,1.0,1.0,1.0,800,,,,,1.3790995581075549e-05,1.0,,20ng,20ng-N7951,gt,fixed-100,7951
108,union:space exploration|the Microsoft Windows operating system#u1,This text discusses either space exploration or the Microsoft Windows operating system.,rewrite,7651,4800,200,2651,0,1.0,1.0,1.0,800,1.0,False,0.985,False,0.012406875001033768,1.0,False,20ng,20ng-N7951,gt,fixed-100,7951
109,group:sports#t2,The passage is related to sports.,exact-hit,0,0,0,0,0,1.0,1.0,1.0,800,1.0,False,0.965,False,9.458002750761807e-06,1.0,False,20ng,20ng-N7951,gt,fixed-100,7951
110,group:sports#t1,This text discusses sports.,exact-hit,0,0,0,0,0,1.0,1.0,1.0,800,1.0,False,1.0,False,3.4580007195472717e-06,1.0,False,20ng,20ng-N7951,gt,fixed-100,7951
111,leaf:atheism#t3,This article covers the topic of atheism.,exact-hit,0,0,0,0,0,1.0,1.0,1.0,400,1.0,False,1.0,False,3.2090028980746865e-06,1.0,False,20ng,20ng-N7951,gt,fixed-100,7951
112,leaf:Middle East affairs#t2,The passage is related to Middle East affairs.,rewrite,7951,400,100,7451,0,1.0,1.0,1.0,400,1.0,False,1.0,False,0.0021096249984111637,1.0,False,20ng,20ng-N7951,gt,fixed-100,7951
113,union:Macintosh hardware|motorcycles#u1,This text discusses either Macintosh hardware or motorcycles.,rewrite,7351,4400,300,2651,0,1.0,1.0,1.0,800,1.0,False,0.965,False,0.004907624999759719,1.0,False,20ng,20ng-N7951,gt,fixed-100,7951
114,union:political debate|religious debate#u0,The document is about political debate or about religious debate.,rewrite,7400,4400,300,2700,0,1.0,1.0,1.0,751,1.0,False,0.9653794940079894,False,0.005077292000351008,1.0,False,20ng,20ng-N7951,gt,fixed-100,7951
115,leaf:gun control#t3,This article covers the topic of gun control.,rewrite,7651,0,200,7451,0,1.0,1.0,1.0,400,1.0,False,0.97,False,0.00246545800473541,1.0,False,20ng,20ng-N7951,gt,fixed-100,7951
116,leaf:medicine#t2,The passage is related to medicine.,rewrite,7951,400,100,7451,0,1.0,1.0,1.0,400,1.0,False,1.0,False,0.002116583003953565,1.0,False,20ng,20ng-N7951,gt,fixed-100,7951
117,group:politics#t1,This text discusses politics.,exact-hit,0,0,0,0,0,1.0,1.0,1.0,1200,0.936768149882904,False,1.0,False,6.124995707068592e-06,1.0,False,20ng,20ng-N7951,gt,fixed-100,7951
118,group:science#t2,The passage is related to science.,exact-hit,0,0,0,0,0,1.0,1.0,1.0,1600,1.0,False,0.965,False,3.1660019885748625e-06,1.0,False,20ng,20ng-N7951,gt,fixed-100,7951
119,group:religion#t0,The document is about religion.,exact-hit,0,0,0,0,0,1.0,1.0,1.0,1151,1.0,False,0.9617723718505647,False,3.4579934435896575e-06,1.0,False,20ng,20ng-N7951,gt,fixed-100,7951
0,group:motor vehicles#t0,The document is about motor vehicles.,cold,7951,7951,0,0,0,1.0,1.0,1.0,800,,,,,0.00019116699695587158,1.0,,20ng,20ng-N7951,gt,fixed-400,7951
1,group:religion#t3,This article covers the topic of religion.,rewrite,7551,7151,400,0,0,1.0,1.0,1.0,1151,0.995674740484429,False,1.0,False,0.0022890409964020364,1.0,False,20ng,20ng-N7951,gt,fixed-400,7951
2,leaf:religious debate#t0,The document is about religious debate.,rewrite,7951,1151,400,6400,0,1.0,1.0,1.0,351,1.0,False,1.0,False,0.0011812919983640313,1.0,False,20ng,20ng-N7951,gt,fixed-400,7951
3,group:politics#t1,This text discusses politics.,rewrite,6400,6000,400,0,0,1.0,1.0,1.0,1200,0.9852216748768473,False,1.0,False,0.004834749997826293,1.0,False,20ng,20ng-N7951,gt,fixed-400,7951
4,union:gun control|medicine#u0,The document is about gun control or about medicine.,rewrite,6400,6000,400,0,0,1.0,1.0,1.0,800,0.9779951100244498,False,1.0,False,0.006044916997780092,1.0,False,20ng,20ng-N7951,gt,fixed-400,7951
5,group:motor vehicles#t0,The document is about motor vehicles.,exact-hit,0,0,0,0,0,1.0,1.0,1.0,800,,,,,1.2125005014240742e-05,1.0,,20ng,20ng-N7951,gt,fixed-400,7951
6,group:politics#t1,This text discusses politics.,exact-hit,0,0,0,0,0,1.0,1.0,1.0,1200,0.9852216748768473,False,1.0,False,5.16599538968876e-06,1.0,False,20ng,20ng-N7951,gt,fixed-400,7951
7,group:religion#t0,The document is about religion.,rewrite,1151,0,800,351,0,1.0,1.0,1.0,1151,0.9416118421052632,False,0.9947871416159861,False,0.002696458002901636,1.0,False,20ng,20ng-N7951,gt,fixed-400,7951
8,leaf:political debate#t1,This text discusses political debate.,rewrite,7951,800,400,6751,0,1.0,1.0,1.0,400,1.0,False,1.0,False,0.0014593340019928291,1.0,False,20ng,20ng-N7951,gt,fixed-400,7951
9,group:sports#t1,This text discusses sports.,rewrite,4800,4400,400,0,0,1.0,1.0,1.0,800,0.9535160905840286,False,1.0,False,0.001747541995428037,1.0,False,20ng,20ng-N7951,gt,fixed-400,7951
10,group:science#t1,This text discusses science.,rewrite,4400,4000,400,0,0,1.0,1.0,1.0,1600,0.9732360097323601,False,1.0,False,0.0037280410033417866,1.0,False,20ng,20ng-N7951,gt,fixed-400,7951
11,leaf:hockey#t1,This text discusses hockey.,rewrite,7951,800,400,6751,0,1.0,1.0,1.0,400,1.0,False,1.0,False,0.0026869169960264117,1.0,False,20ng,20ng-N7951,gt,fixed-400,7951
12,leaf:religious debate#t2,The passage is related to religious debate.,rewrite,7951,0,400,7551,0,1.0,1.0,1.0,351,1.0,False,1.0,False,0.0038387499953387305,1.0,False,20ng,20ng-N7951,gt,fixed-400,7951
13,leaf:political debate#t0,The document is about political debate.,rewrite,7951,0,400,7551,0,1.0,1.0,1.0,400,1.0,False,1.0,False,0.0012240830037626438,1.0,False,20ng,20ng-N7951,gt,fixed-400,7951
14,leaf:items for sale#t3,This article covers the topic of items for sale.,rewrite,7278,3600,400,3278,0,1.0,1.0,1.0,400,0.9009009009009009,False,1.0,False,0.0038826669988338836,1.0,False,20ng,20ng-N7951,gt,fixed-400,7951
15,leaf:Christianity#t3,This article covers the topic of Christianity.,rewrite,7951,800,400,6751,0,1.0,1.0,1.0,400,1.0,False,1.0,False,0.0014959999971324578,1.0,False,20ng,20ng-N7951,gt,fixed-400,7951
16,union:electronics|hockey#u0,The document is about electronics or about hockey.,rewrite,4400,3600,400,400,0,1.0,1.0,1.0,800,0.9378663540445487,False,1.0,False,0.00203545799740823,1.0,False,20ng,20ng-N7951,gt,fixed-400,7951
17,group:science#t2,The passage is related to science.,rewrite,800,0,800,0,0,1.0,1.0,1.0,1600,0.9600967351874244,False,0.9925,False,0.01752374999341555,1.0,False,20ng,20ng-N7951,gt,fixed-400,7951
18,group:computers#t1,This text discusses computers.,rewrite,4800,4400,400,0,0,1.0,1.0,1.0,2000,0.9794319294809011,False,1.0,False,0.005042290998972021,1.0,False,20ng,20ng-N7951,gt,fixed-400,7951
19,union:Macintosh hardware|items for sale#u1,This text discusses either Macintosh hardware or items for sale.,rewrite,4000,3200,400,400,0,1.0,1.0,1.0,800,0.9313154831199069,False,1.0,False,0.003061250004975591,1.0,False,20ng,20ng-N7951,gt,fixed-400,7951
20,group:motor vehicles#t3,This article covers the topic of motor vehicles.,rewrite,800,0,800,0,0,1.0,1.0,1.0,800,0.9137931034482759,False,0.99375,False,0.0023815419990569353,1.0,False,20ng,20ng-N7951,gt,fixed-400,7951
21,group:sports#t3,This article covers the topic of sports.,rewrite,1200,0,400,800,0,1.0,1.0,1.0,800,0.9142857142857143,False,1.0,False,0.0021770000021206215,1.0,False,20ng,20ng-N7951,gt,fixed-400,7951
22,group:motor vehicles#t3,This article covers the topic of motor vehicles.,exact-hit,0,0,0,0,0,1.0,1.0,1.0,800,0.9137931034482759,False,0.99375,False,6.250003934837878e-06,1.0,False,20ng,20ng-N7951,gt,fixed-400,7951
23,group:motor vehicles#t3,This article covers the topic of motor vehicles.,exact-hit,0,0,0,0,0,1.0,1.0,1.0,800,0.9137931034482759,False,0.99375,False,2.4170003598555923e-06,1.0,False,20ng,20ng-N7951,gt,fixed-400,7951
24,union:PC hardware|cryptography#u0,The document is about PC hardware or about cryptography.,rewrite,4400,4000,400,0,0,1.0,1.0,1.0,800,0.9445100354191264,False,1.0,False,0.0019318749982630834,1.0,False,20ng,20ng-N7951,gt,fixed-400,7951
25,leaf:political debate#t1,This text discusses political debate.,exact-hit,0,0,0,0,0,1.0,1.0,1.0,400,1.0,False,1.0,False,6.583999493159354e-06,1.0,False,20ng,20ng-N7951,gt,fixed-400,7951
26,union:Macintosh hardware|space exploration#u1,This text discusses either Macintosh hardware or space exploration.,rewrite,4800,4400,400,0,0,1.0,1.0,1.0,800,0.9501187648456056,False,1.0,False,0.0017937919983523898,1.0,False,20ng,20ng-N7951,gt,fixed-400,7951
27,leaf:baseball#t2,The passage is related to baseball.,rewrite,7951,400,400,7151,0,1.0,1.0,1.0,400,1.0,False,1.0,False,0.0015076249983394518,1.0,False,20ng,20ng-N7951,gt,fixed-400,7951
28,group:computers#t0,The document is about computers.,rewrite,800,0,800,0,0,1.0,1.0,1.0,2000,0.9696969696969697,False,0.992,False,0.0027541250019567087,1.0,False,20ng,20ng-N7951,gt,fixed-400,7951
29,leaf:baseball#t3,This article covers the topic of baseball.,rewrite,7951,0,400,7551,0,1.0,1.0,1.0,400,1.0,False,1.0,False,0.0012532089967862703,1.0,False,20ng,20ng-N7951,gt,fixed-400,7951
30,leaf:electronics#t0,The document is about electronics.,rewrite,7951,400,400,7151,0,1.0,1.0,1.0,400,1.0,False,1.0,False,0.0016388340009143576,1.0,False,20ng,20ng-N7951,gt,fixed-400,7951
31,union:PC hardware|items for sale#u1,This text discusses either PC hardware or items for sale.,rewrite,4800,4000,400,400,0,1.0,1.0,1.0,800,0.9445100354191264,False,1.0,False,0.002106708001520019,1.0,False,20ng,20ng-N7951,gt,fixed-400,7951
32,union:computer graphics|motorcycles#u0,The document is about computer graphics or about motorcycles.,rewrite,4400,4000,400,0,0,1.0,1.0,1.0,800,0.9445100354191264,False,1.0,False,0.0019955840034526773,1.0,False,20ng,20ng-N7951,gt,fixed-400,7951
33,union:Macintosh hardware|electronics#u0,The document is about Macintosh hardware or about electronics.,rewrite,4400,3600,400,400,0,1.0,1.0,1.0,800,0.9378663540445487,False,1.0,False,0.00213679200533079,1.0,False,20ng,20ng-N7951,gt,fixed-400,7951
34,group:computers#t1,This text discusses computers.,exact-hit,0,0,0,0,0,1.0,1.0,1.0,2000,0.9794319294809011,False,1.0,False,1.0750001820269972e-05,1.0,False,20ng,20ng-N7951,gt,fixed-400,7951
35,group:religion#t1,This text discusses religion.,rewrite,1151,0,800,351,0,1.0,1.0,1.0,1151,0.9416118421052632,False,0.9947871416159861,False,0.0030106660051387735,1.0,False,20ng,20ng-N7951,gt,fixed-400,7951
36,group:computers#t0,The document is about computers.,exact-hit,0,0,0,0,0,1.0,1.0,1.0,2000,0.9696969696969697,False,0.992,False,1.2541000614874065e-05,1.0,False,20ng,20ng-N7951,gt,fixed-400,7951
37,union:Middle East affairs|items for sale#u1,This text discusses either Middle East affairs or items for sale.,rewrite,4400,3600,400,400,0,1.0,1.0,1.0,800,0.9378663540445487,False,1.0,False,0.0024170409960788675,1.0,False,20ng,20ng-N7951,gt,fixed-400,7951
38,leaf:the Microsoft Windows operating system#t1,This text discusses the Microsoft Windows operating system.,rewrite,7951,1200,400,6351,0,1.0,1.0,1.0,400,1.0,False,1.0,False,0.002150208005332388,1.0,False,20ng,20ng-N7951,gt,fixed-400,7951
39,group:sports#t2,The passage is related to sports.,rewrite,1200,0,400,800,0,1.0,1.0,1.0,800,0.9142857142857143,False,1.0,False,0.0024096250053844415,1.0,False,20ng,20ng-N7951,gt,fixed-400,7951
40,leaf:motorcycles#t0,The document is about motorcycles.,rewrite,7951,400,400,7151,0,1.0,1.0,1.0,400,1.0,False,1.0,False,0.0018297920032637194,1.0,False,20ng,20ng-N7951,gt,fixed-400,7951
41,group:motor vehicles#t0,The document is about motor vehicles.,exact-hit,0,0,0,0,0,1.0,1.0,1.0,800,,,,,7.2920011007227e-06,1.0,,20ng,20ng-N7951,gt,fixed-400,7951
42,union:Christianity|political debate#u1,This text discusses either Christianity or political debate.,rewrite,5200,4000,400,800,0,1.0,1.0,1.0,800,0.9501187648456056,False,1.0,False,0.0025037079976755194,1.0,False,20ng,20ng-N7951,gt,fixed-400,7951
43,group:motor vehicles#t2,The passage is related to motor vehicles.,rewrite,800,0,800,0,0,1.0,1.0,1.0,800,0.9137931034482759,False,0.99375,False,0.0027699589991243556,1.0,False,20ng,20ng-N7951,gt,fixed-400,7951
44,leaf:motorcycles#t2,The passage is related to motorcycles.,rewrite,7951,0,400,7551,0,1.0,1.0,1.0,400,1.0,False,1.0,False,0.0019039580001845025,1.0,False,20ng,20ng-N7951,gt,fixed-400,7951
45,group:motor vehicles#t1,This text discusses motor vehicles.,rewrite,800,0,800,0,0,1.0,1.0,1.0,800,0.9137931034482759,False,0.99375,False,0.0026047089995699935,1.0,False,20ng,20ng-N7951,gt,fixed-400,7951
46,group:religion#t0,The document is about religion.,exact-hit,0,0,0,0,0,1.0,1.0,1.0,1151,0.9416118421052632,False,0.9947871416159861,False,1.0374998964834958e-05,1.0,False,20ng,20ng-N7951,gt,fixed-400,7951
47,group:sports#t3,This article covers the topic of sports.,exact-hit,0,0,0,0,0,1.0,1.0,1.0,800,0.9142857142857143,False,1.0,False,5.542002327274531e-06,1.0,False,20ng,20ng-N7951,gt,fixed-400,7951
48,union:Macintosh hardware|cars#u1,This text discusses either Macintosh hardware or cars.,rewrite,5200,4800,400,0,0,1.0,1.0,1.0,800,0.9569377990430622,False,1.0,False,0.002260499997646548,1.0,False,20ng,20ng-N7951,gt,fixed-400,7951
49,leaf:computer graphics#t1,This text discusses computer graphics.,rewrite,7951,400,400,7151,0,1.0,1.0,1.0,400,1.0,False,1.0,False,0.0019722910001291893,1.0,False,20ng,20ng-N7951,gt,fixed-400,7951
50,union:atheism|hockey#u1,This text discusses either atheism or hockey.,rewrite,5200,4400,400,400,0,1.0,1.0,1.0,800,0.9512485136741974,False,1.0,False,0.0024380419999943115,1.0,False,20ng,20ng-N7951,gt,fixed-400,7951
51,leaf:items for sale#t0,The document is about items for sale.,rewrite,7951,0,400,7551,0,1.0,1.0,1.0,400,1.0,False,1.0,False,0.001931458005856257,1.0,False,20ng,20ng-N7951,gt,fixed-400,7951
52,leaf:baseball#t0,The document is about baseball.,rewrite,7951,0,400,7551,0,1.0,1.0,1.0,400,1.0,False,1.0,False,0.0019085829990217462,1.0,False,20ng,20ng-N7951,gt,fixed-400,7951
53,union:hockey|motorcycles#u0,The document is about hockey or about motorcycles.,rewrite,5200,4000,400,800,0,1.0,1.0,1.0,800,0.9512485136741974,False,1.0,False,0.0025859999950625934,1.0,False,20ng,20ng-N7951,gt,fixed-400,7951
54,group:politics#t0,The document is about politics.,rewrite,1200,0,800,400,0,1.0,1.0,1.0,1200,0.9438735177865613,False,0.995,False,0.003202209001756273,1.0,False,20ng,20ng-N7951,gt,fixed-400,7951
55,group:motor vehicles#t1,This text discusses motor vehicles.,exact-hit,0,0,0,0,0,1.0,1.0,1.0,800,0.9137931034482759,False,0.99375,False,1.2917000276502222e-05,1.0,False,20ng,20ng-N7951,gt,fixed-400,7951
56,leaf:atheism#t3,This article covers the topic of atheism.,rewrite,7951,400,400,7151,0,1.0,1.0,1.0,400,1.0,False,1.0,False,0.0019389160006539896,1.0,False,20ng,20ng-N7951,gt,fixed-400,7951
57,union:atheism|gun control#u1,This text discusses either atheism or gun control.,rewrite,4800,4000,400,400,0,1.0,1.0,1.0,800,0.9433962264150944,False,1.0,False,0.00243462499929592,1.0,False,20ng,20ng-N7951,gt,fixed-400,7951
58,leaf:cars#t2,The passage is related to cars.,rewrite,7951,400,400,7151,0,1.0,1.0,1.0,400,1.0,False,1.0,False,0.00406095899961656,1.0,False,20ng,20ng-N7951,gt,fixed-400,7951
59,group:sports#t2,The passage is related to sports.,exact-hit,0,0,0,0,0,1.0,1.0,1.0,800,0.9142857142857143,False,1.0,False,7.208000170066953e-06,1.0,False,20ng,20ng-N7951,gt,fixed-400,7951
60,group:motor vehicles#t2,The passage is related to motor vehicles.,exact-hit,0,0,0,0,0,1.0,1.0,1.0,800,0.9137931034482759,False,0.99375,False,3.707995347213e-06,1.0,False,20ng,20ng-N7951,gt,fixed-400,7951
61,group:computers#t0,The document is about computers.,exact-hit,0,0,0,0,0,1.0,1.0,1.0,2000,0.9696969696969697,False,0.992,False,2.91600008495152e-06,1.0,False,20ng,20ng-N7951,gt,fixed-400,7951
62,union:medicine|the Microsoft Windows operating system#u0,The document is about medicine or about the Microsoft Windows operating system.,rewrite,4800,4000,400,400,0,1.0,1.0,1.0,800,0.9433962264150944,False,1.0,False,0.0023643329986953177,1.0,False,20ng,20ng-N7951,gt,fixed-400,7951
63,union:baseball|items for sale#u0,The document is about baseball or about items for sale.,rewrite,4800,3600,400,800,0,1.0,1.0,1.0,800,0.9445100354191264,False,1.0,False,0.0024456669998471625,1.0,False,20ng,20ng-N7951,gt,fixed-400,7951
64,union:atheism|medicine#u1,This text discusses either atheism or medicine.,rewrite,4400,3600,400,400,0,1.0,1.0,1.0,800,0.936768149882904,False,1.0,False,0.0023251250022440217,1.0,False,20ng,20ng-N7951,gt,fixed-400,7951
65,union:hockey|the X Window System#u1,This text discusses either hockey or the X Window System.,rewrite,5200,4400,400,400,0,1.0,1.0,1.0,800,0.9512485136741974,False,1.0,False,0.0022662079936708324,1.0,False,20ng,20ng-N7951,gt,fixed-400,7951
66,leaf:cryptography#t0,The document is about cryptography.,rewrite,7951,400,400,7151,0,1.0,1.0,1.0,400,1.0,False,1.0,False,0.0018813749993569218,1.0,False,20ng,20ng-N7951,gt,fixed-400,7951
67,leaf:motorcycles#t3,This article covers the topic of motorcycles.,rewrite,7951,0,400,7551,0,1.0,1.0,1.0,400,1.0,False,1.0,False,0.0018745829947874881,1.0,False,20ng,20ng-N7951,gt,fixed-400,7951
68,leaf:hockey#t1,This text discusses hockey.,exact-hit,0,0,0,0,0,1.0,1.0,1.0,400,1.0,False,1.0,False,6.417001713998616e-06,1.0,False,20ng,20ng-N7951,gt,fixed-400,7951
69,leaf:baseball#t2,The passage is related to baseball.,exact-hit,0,0,0,0,0,1.0,1.0,1.0,400,1.0,False,1.0,False,2.91600008495152e-06,1.0,False,20ng,20ng-N7951,gt,fixed-400,7951
70,group:motor vehicles#t0,The document is about motor vehicles.,exact-hit,0,0,0,0,0,1.0,1.0,1.0,800,,,,,3.5410048440098763e-06,1.0,,20ng,20ng-N7951,gt,fixed-400,7951
71,leaf:the Microsoft Windows operating system#t2,The passage is related to the Microsoft Windows operating system.,rewrite,7951,0,400,7551,0,1.0,1.0,1.0,400,1.0,False,1.0,False,0.0017780420021153986,1.0,False,20ng,20ng-N7951,gt,fixed-400,7951
72,leaf:motorcycles#t2,The passage is related to motorcycles.,exact-hit,0,0,0,0,0,1.0,1.0,1.0,400,1.0,False,1.0,False,5.709000106435269e-06,1.0,False,20ng,20ng-N7951,gt,fixed-400,7951
73,group:sports#t2,The passage is related to sports.,exact-hit,0,0,0,0,0,1.0,1.0,1.0,800,0.9142857142857143,False,1.0,False,2.7909991331398487e-06,1.0,False,20ng,20ng-N7951,gt,fixed-400,7951
74,union:Macintosh hardware|electronics#u1,This text discusses either Macintosh hardware or electronics.,rewrite,800,0,800,0,0,1.0,1.0,1.0,800,0.9137931034482759,False,0.99375,False,0.0026720829991973005,1.0,False,20ng,20ng-N7951,gt,fixed-400,7951
75,leaf:Christianity#t3,This article covers the topic of Christianity.,exact-hit,0,0,0,0,0,1.0,1.0,1.0,400,1.0,False,1.0,False,1.766700006555766e-05,1.0,False,20ng,20ng-N7951,gt,fixed-400,7951
76,group:sports#t2,The passage is related to sports.,exact-hit,0,0,0,0,0,1.0,1.0,1.0,800,0.9142857142857143,False,1.0,False,4.583002009894699e-06,1.0,False,20ng,20ng-N7951,gt,fixed-400,7951
77,leaf:religious debate#t3,This article covers the topic of religious debate.,rewrite,7951,0,400,7551,0,1.0,1.0,1.0,351,1.0,False,1.0,False,0.003209458001947496,1.0,False,20ng,20ng-N7951,gt,fixed-400,7951
78,union:atheism|baseball#u1,This text discusses either atheism or baseball.,rewrite,4800,3600,400,800,0,1.0,1.0,1.0,800,0.9445100354191264,False,1.0,False,0.003065208002226427,1.0,False,20ng,20ng-N7951,gt,fixed-400,7951
79,leaf:items for sale#t2,The passage is related to items for sale.,rewrite,7951,0,400,7551,0,1.0,1.0,1.0,400,1.0,False,1.0,False,0.002074292002362199,1.0,False,20ng,20ng-N7951,gt,fixed-400,7951
80,union:Macintosh hardware|religious debate#u0,The document is about Macintosh hardware or about religious debate.,rewrite,5151,4400,400,351,0,1.0,1.0,1.0,751,0.9482323232323232,False,1.0,False,0.0026682499956223182,1.0,False,20ng,20ng-N7951,gt,fixed-400,7951
81,group:motor vehicles#t1,This text discusses motor vehicles.,exact-hit,0,0,0,0,0,1.0,1.0,1.0,800,0.9137931034482759,False,0.99375,False,4.0166996768675745e-05,1.0,False,20ng,20ng-N7951,gt,fixed-400,7951
82,leaf:cars#t0,The document is about cars.,rewrite,7951,0,400,7551,0,1.0,1.0,1.0,400,1.0,False,1.0,False,0.004853332997299731,1.0,False,20ng,20ng-N7951,gt,fixed-400,7951
83,leaf:PC hardware#t0,The document is about PC hardware.,rewrite,7951,400,400,7151,0,1.0,1.0,1.0,400,1.0,False,1.0,False,0.004845167000894435,1.0,False,20ng,20ng-N7951,gt,fixed-400,7951
84,group:religion#t2,The passage is related to religion.,rewrite,1151,0,800,351,0,1.0,1.0,1.0,1151,0.9416118421052632,False,0.9947871416159861,False,0.003145290997053962,1.0,False,20ng,20ng-N7951,gt,fixed-400,7951
85,union:Christianity|hockey#u0,The document is about Christianity or about hockey.,rewrite,4400,3200,400,800,0,1.0,1.0,1.0,800,0.9378663540445487,False,1.0,False,0.0026970410035573877,1.0,False,20ng,20ng-N7951,gt,fixed-400,7951
86,group:religion#t0,The document is about religion.,exact-hit,0,0,0,0,0,1.0,1.0,1.0,1151,0.9416118421052632,False,0.9947871416159861,False,9.417002729605883e-06,1.0,False,20ng,20ng-N7951,gt,fixed-400,7951
87,union:atheism|computer graphics#u1,This text discusses either atheism or computer graphics.,rewrite,5200,4000,400,800,0,1.0,1.0,1.0,800,0.9501187648456056,False,1.0,False,0.002624250002554618,1.0,False,20ng,20ng-N7951,gt,fixed-400,7951
88,union:motorcycles|political debate#u1,This text discusses either motorcycles or political debate.,rewrite,5200,4000,400,800,0,1.0,1.0,1.0,800,0.9501187648456056,False,1.0,False,0.01123891600582283,1.0,False,20ng,20ng-N7951,gt,fixed-400,7951
89,group:motor vehicles#t0,The document is about motor vehicles.,exact-hit,0,0,0,0,0,1.0,1.0,1.0,800,,,,,1.3000004400964826e-05,1.0,,20ng,20ng-N7951,gt,fixed-400,7951
90,union:PC hardware|political debate#u0,The document is about PC hardware or about political debate.,rewrite,5600,4400,400,800,0,1.0,1.0,1.0,800,0.9580838323353293,False,1.0,False,0.0029807499959133565,1.0,False,20ng,20ng-N7951,gt,fixed-400,7951
91,leaf:Macintosh hardware#t0,The document is about Macintosh hardware.,rewrite,7951,400,400,7151,0,1.0,1.0,1.0,400,1.0,False,1.0,False,0.0062644169956911355,1.0,False,20ng,20ng-N7951,gt,fixed-400,7951
92,leaf:items for sale#t1,This text discusses items for sale.,rewrite,7951,0,400,7551,0,1.0,1.0,1.0,400,1.0,False,1.0,False,0.006344665998767596,1.0,False,20ng,20ng-N7951,gt,fixed-400,7951
93,leaf:the Microsoft Windows operating system#t0,The document is about the Microsoft Windows operating system.,rewrite,7951,0,400,7551,0,1.0,1.0,1.0,400,1.0,False,1.0,False,0.009650833999330644,1.0,False,20ng,20ng-N7951,gt,fixed-400,7951
94,leaf:the Microsoft Windows operating system#t1,This text discusses the Microsoft Windows operating system.,exact-hit,0,0,0,0,0,1.0,1.0,1.0,400,1.0,False,1.0,False,1.700000575510785e-05,1.0,False,20ng,20ng-N7951,gt,fixed-400,7951
95,group:computers#t3,This article covers the topic of computers.,rewrite,2400,0,400,2000,0,1.0,1.0,1.0,2000,0.9699321047526673,False,1.0,False,0.007685333002882544,1.0,False,20ng,20ng-N7951,gt,fixed-400,7951
96,leaf:PC hardware#t1,This text discusses PC hardware.,rewrite,7951,0,400,7551,0,1.0,1.0,1.0,400,1.0,False,1.0,False,0.0025163329992210492,1.0,False,20ng,20ng-N7951,gt,fixed-400,7951
97,leaf:cars#t2,The passage is related to cars.,exact-hit,0,0,0,0,0,1.0,1.0,1.0,400,1.0,False,1.0,False,9.916002454701811e-06,1.0,False,20ng,20ng-N7951,gt,fixed-400,7951
98,union:Christianity|items for sale#u0,The document is about Christianity or about items for sale.,rewrite,4800,3600,400,800,0,1.0,1.0,1.0,800,0.9445100354191264,False,1.0,False,0.004524333002336789,1.0,False,20ng,20ng-N7951,gt,fixed-400,7951
99,group:politics#t2,The passage is related to politics.,rewrite,1200,0,800,400,0,1.0,1.0,1.0,1200,0.9438735177865613,False,0.995,False,0.005912541993893683,1.0,False,20ng,20ng-N7951,gt,fixed-400,7951
100,leaf:gun control#t2,The passage is related to gun control.,rewrite,7951,400,400,7151,0,1.0,1.0,1.0,400,1.0,False,1.0,False,0.006685416999971494,1.0,False,20ng,20ng-N7951,gt,fixed-400,7951
101,union:Middle East affairs|items for sale#u1,This text discusses either Middle East affairs or items for sale.,exact-hit,0,0,0,0,0,1.0,1.0,1.0,800,0.9378663540445487,False,1.0,False,9.875002433545887e-06,1.0,False,20ng,20ng-N7951,gt,fixed-400,7951
102,leaf:computer graphics#t3,This article covers the topic of computer graphics.,rewrite,7951,0,400,7551,0,1.0,1.0,1.0,400,1.0,False,1.0,False,0.0019017079976038076,1.0,False,20ng,20ng-N7951,gt,fixed-400,7951
103,leaf:religious debate#t3,This article covers the topic of religious debate.,exact-hit,0,0,0,0,0,1.0,1.0,1.0,351,1.0,False,1.0,False,7.750000804662704e-06,1.0,False,20ng,20ng-N7951,gt,fixed-400,7951
104,leaf:atheism#t3,This article covers the topic of atheism.,exact-hit,0,0,0,0,0,1.0,1.0,1.0,400,1.0,False,1.0,False,3.6670026020146906e-06,1.0,False,20ng,20ng-N7951,gt,fixed-400,7951
105,group:religion#t1,This text discusses religion.,exact-hit,0,0,0,0,0,1.0,1.0,1.0,1151,0.9416118421052632,False,0.9947871416159861,False,3.1669987947680056e-06,1.0,False,20ng,20ng-N7951,gt,fixed-400,7951
106,union:hockey|items for sale#u0,The document is about hockey or about items for sale.,rewrite,4400,3200,400,800,0,1.0,1.0,1.0,800,0.9378663540445487,False,1.0,False,0.008912625002267305,1.0,False,20ng,20ng-N7951,gt,fixed-400,7951
107,group:motor vehicles#t0,The document is about motor vehicles.,exact-hit,0,0,0,0,0,1.0,1.0,1.0,800,,,,,1.2999997125007212e-05,1.0,,20ng,20ng-N7951,gt,fixed-400,7951
108,union:space exploration|the Microsoft Windows operating system#u1,This text discusses either space exploration or the Microsoft Windows operating system.,rewrite,5600,4800,400,400,0,1.0,1.0,1.0,800,0.9580838323353293,False,1.0,False,0.0026320830002077855,1.0,False,20ng,20ng-N7951,gt,fixed-400,7951
109,group:sports#t2,The passage is related to sports.,exact-hit,0,0,0,0,0,1.0,1.0,1.0,800,0.9142857142857143,False,1.0,False,7.791997632011771e-06,1.0,False,20ng,20ng-N7951,gt,fixed-400,7951
110,group:sports#t1,This text discusses sports.,exact-hit,0,0,0,0,0,1.0,1.0,1.0,800,0.9535160905840286,False,1.0,False,3.6669953260570765e-06,1.0,False,20ng,20ng-N7951,gt,fixed-400,7951
111,leaf:atheism#t3,This article covers the topic of atheism.,exact-hit,0,0,0,0,0,1.0,1.0,1.0,400,1.0,False,1.0,False,3.3329997677356005e-06,1.0,False,20ng,20ng-N7951,gt,fixed-400,7951
112,leaf:Middle East affairs#t2,The passage is related to Middle East affairs.,rewrite,7951,400,400,7151,0,1.0,1.0,1.0,400,1.0,False,1.0,False,0.002120291996106971,1.0,False,20ng,20ng-N7951,gt,fixed-400,7951
113,union:Macintosh hardware|motorcycles#u1,This text discusses either Macintosh hardware or motorcycles.,rewrite,5600,4400,400,800,0,1.0,1.0,1.0,800,0.9580838323353293,False,1.0,False,0.0027066670008935034,1.0,False,20ng,20ng-N7951,gt,fixed-400,7951
114,union:political debate|religious debate#u0,The document is about political debate or about religious debate.,rewrite,5551,4400,400,751,0,1.0,1.0,1.0,751,0.9542566709021602,False,1.0,False,0.00522929200087674,1.0,False,20ng,20ng-N7951,gt,fixed-400,7951
115,leaf:gun control#t3,This article covers the topic of gun control.,rewrite,7951,0,400,7551,0,1.0,1.0,1.0,400,1.0,False,1.0,False,0.008749708002142143,1.0,False,20ng,20ng-N7951,gt,fixed-400,7951
116,leaf:medicine#t2,The passage is related to medicine.,rewrite,7951,400,400,7151,0,1.0,1.0,1.0,400,1.0,False,1.0,False,0.003781457999139093,1.0,False,20ng,20ng-N7951,gt,fixed-400,7951
117,group:politics#t1,This text discusses politics.,exact-hit,0,0,0,0,0,1.0,1.0,1.0,1200,0.9852216748768473,False,1.0,False,1.0249998013023287e-05,1.0,False,20ng,20ng-N7951,gt,fixed-400,7951
118,group:science#t2,The passage is related to science.,exact-hit,0,0,0,0,0,1.0,1.0,1.0,1600,0.9600967351874244,False,0.9925,False,5.583002348430455e-06,1.0,False,20ng,20ng-N7951,gt,fixed-400,7951
119,group:religion#t0,The document is about religion.,exact-hit,0,0,0,0,0,1.0,1.0,1.0,1151,0.9416118421052632,False,0.9947871416159861,False,6.166999810375273e-06,1.0,False,20ng,20ng-N7951,gt,fixed-400,7951
0,group:motor vehicles#t0,The document is about motor vehicles.,cold,7951,7951,0,0,0,1.0,1.0,1.0,800,,,,,0.00023954200150910765,1.0,,20ng,20ng-N7951,gt,fixed-1600,7951
1,group:religion#t3,This article covers the topic of religion.,rewrite,7951,7151,0,800,0,1.0,1.0,1.0,1151,1.0,False,1.0,False,0.0005375420005293563,1.0,False,20ng,20ng-N7951,gt,fixed-1600,7951
2,leaf:religious debate#t0,The document is about religious debate.,rewrite,2751,1151,1600,0,0,1.0,1.0,1.0,351,0.9642857142857143,False,1.0,False,0.0020307079976191744,1.0,False,20ng,20ng-N7951,gt,fixed-1600,7951
3,group:politics#t1,This text discusses politics.,rewrite,7600,6000,1600,0,0,1.0,1.0,1.0,1200,0.9983361064891847,False,1.0,False,0.0016737500045564957,1.0,False,20ng,20ng-N7951,gt,fixed-1600,7951
4,union:gun control|medicine#u0,The document is about gun control or about medicine.,rewrite,7600,6000,1600,0,0,1.0,1.0,1.0,800,0.9975062344139651,False,1.0,False,0.003359665999596473,1.0,False,20ng,20ng-N7951,gt,fixed-1600,7951
5,group:motor vehicles#t0,The document is about motor vehicles.,exact-hit,0,0,0,0,0,1.0,1.0,1.0,800,,,,,9.12499672267586e-06,1.0,,20ng,20ng-N7951,gt,fixed-1600,7951
6,group:politics#t1,This text discusses politics.,exact-hit,0,0,0,0,0,1.0,1.0,1.0,1200,0.9983361064891847,False,1.0,False,4.125002305954695e-06,1.0,False,20ng,20ng-N7951,gt,fixed-1600,7951
7,group:religion#t0,The document is about religion.,rewrite,2751,0,1600,1151,0,1.0,1.0,1.0,1151,0.9862896315338475,False,1.0,False,0.0036257090032449923,1.0,False,20ng,20ng-N7951,gt,fixed-1600,7951
8,leaf:political debate#t1,This text discusses political debate.,rewrite,2400,800,1600,0,0,1.0,1.0,1.0,400,0.9615384615384616,False,1.0,False,0.0020027089994982816,1.0,False,20ng,20ng-N7951,gt,fixed-1600,7951
9,group:sports#t1,This text discusses sports.,rewrite,6000,4400,1600,0,0,1.0,1.0,1.0,800,0.9913258983890955,False,1.0,False,0.0019050409973715432,1.0,False,20ng,20ng-N7951,gt,fixed-1600,7951
10,group:science#t1,This text discusses science.,rewrite,5600,4000,1600,0,0,1.0,1.0,1.0,1600,0.9944064636420137,False,1.0,False,0.0021712090019718744,1.0,False,20ng,20ng-N7951,gt,fixed-1600,7951
11,leaf:hockey#t1,This text discusses hockey.,rewrite,2400,800,1600,0,0,1.0,1.0,1.0,400,0.966183574879227,False,1.0,False,0.001969082994037308,1.0,False,20ng,20ng-N7951,gt,fixed-1600,7951
12,leaf:religious debate#t2,The passage is related to religious debate.,rewrite,1951,0,1600,351,0,1.0,1.0,1.0,351,0.9460916442048517,False,1.0,False,0.0019691659981617704,1.0,False,20ng,20ng-N7951,gt,fixed-1600,7951
13,leaf:political debate#t0,The document is about political debate.,rewrite,2000,0,1600,400,0,1.0,1.0,1.0,400,0.9569377990430622,False,1.0,False,0.0020649579964810982,1.0,False,20ng,20ng-N7951,gt,fixed-1600,7951
14,leaf:items for sale#t3,This article covers the topic of items for sale.,rewrite,5200,3600,1600,0,0,1.0,1.0,1.0,400,0.9732360097323601,False,1.0,False,0.0018352909974055365,1.0,False,20ng,20ng-N7951,gt,fixed-1600,7951
15,leaf:Christianity#t3,This article covers the topic of Christianity.,rewrite,2400,800,1600,0,0,1.0,1.0,1.0,400,0.9615384615384616,False,1.0,False,0.001988208998227492,1.0,False,20ng,20ng-N7951,gt,fixed-1600,7951
16,union:electronics|hockey#u0,The document is about electronics or about hockey.,rewrite,5600,3600,1600,400,0,1.0,1.0,1.0,800,0.9864364981504316,False,1.0,False,0.0020912089967168868,1.0,False,20ng,20ng-N7951,gt,fixed-1600,7951
17,group:science#t2,The passage is related to science.,rewrite,3200,0,1600,1600,0,1.0,1.0,1.0,1600,0.9907120743034056,False,1.0,False,0.009765750000951812,1.0,False,20ng,20ng-N7951,gt,fixed-1600,7951
18,group:computers#t1,This text discusses computers.,rewrite,6000,4400,1600,0,0,1.0,1.0,1.0,2000,0.9960159362549801,False,1.0,False,0.0023240409936988726,1.0,False,20ng,20ng-N7951,gt,fixed-1600,7951
19,union:Macintosh hardware|items for sale#u1,This text discusses either Macintosh hardware or items for sale.,rewrite,5200,3200,1600,400,0,1.0,1.0,1.0,800,0.9852216748768473,False,1.0,False,0.0020013329994981177,1.0,False,20ng,20ng-N7951,gt,fixed-1600,7951
20,group:motor vehicles#t3,This article covers the topic of motor vehicles.,rewrite,2400,0,1600,800,0,1.0,1.0,1.0,800,0.9791921664626683,False,1.0,False,0.0020413329984876327,1.0,False,20ng,20ng-N7951,gt,fixed-1600,7951
21,group:sports#t3,This article covers the topic of sports.,rewrite,2400,0,1600,800,0,1.0,1.0,1.0,800,0.9791921664626683,False,1.0,False,0.0021758329967269674,1.0,False,20ng,20ng-N7951,gt,fixed-1600,7951
22,group:motor vehicles#t3,This article covers the topic of motor vehicles.,exact-hit,0,0,0,0,0,1.0,1.0,1.0,800,0.9791921664626683,False,1.0,False,6.958005542401224e-06,1.0,False,20ng,20ng-N7951,gt,fixed-1600,7951
23,group:motor vehicles#t3,This article covers the topic of motor vehicles.,exact-hit,0,0,0,0,0,1.0,1.0,1.0,800,0.9791921664626683,False,1.0,False,2.625005436129868e-06,1.0,False,20ng,20ng-N7951,gt,fixed-1600,7951
24,union:PC hardware|cryptography#u0,The document is about PC hardware or about cryptography.,rewrite,5600,4000,1600,0,0,1.0,1.0,1.0,800,0.9888751545117429,False,1.0,False,0.0019080420024693012,1.0,False,20ng,20ng-N7951,gt,fixed-1600,7951
25,leaf:political debate#t1,This text discusses political debate.,exact-hit,0,0,0,0,0,1.0,1.0,1.0,400,0.9615384615384616,False,1.0,False,9.040995792020112e-06,1.0,False,20ng,20ng-N7951,gt,fixed-1600,7951
26,union:Macintosh hardware|space exploration#u1,This text discusses either Macintosh hardware or space exploration.,rewrite,6000,4400,1600,0,0,1.0,1.0,1.0,800,0.9900990099009901,False,1.0,False,0.0018710419972194359,1.0,False,20ng,20ng-N7951,gt,fixed-1600,7951
27,leaf:baseball#t2,The passage is related to baseball.,rewrite,2000,400,1600,0,0,1.0,1.0,1.0,400,0.9592326139088729,False,1.0,False,0.003329541999846697,1.0,False,20ng,20ng-N7951,gt,fixed-1600,7951
28,group:computers#t0,The document is about computers.,rewrite,3200,0,3200,0,0,1.0,1.0,1.0,2000,0.9935355544505221,False,0.999,False,0.0027340000015101396,1.0,False,20ng,20ng-N7951,gt,fixed-1600,7951
29,leaf:baseball#t3,This article covers the topic of baseball.,rewrite,2000,0,1600,400,0,1.0,1.0,1.0,400,0.9569377990430622,False,1.0,False,0.0020440830048755743,1.0,False,20ng,20ng-N7951,gt,fixed-1600,7951
30,leaf:electronics#t0,The document is about electronics.,rewrite,2000,400,1600,0,0,1.0,1.0,1.0,400,0.9592326139088729,False,1.0,False,0.00195499999972526,1.0,False,20ng,20ng-N7951,gt,fixed-1600,7951
31,union:PC hardware|items for sale#u1,This text discusses either PC hardware or items for sale.,rewrite,6000,4000,1600,400,0,1.0,1.0,1.0,800,0.9888751545117429,False,1.0,False,0.0021231249993434176,1.0,False,20ng,20ng-N7951,gt,fixed-1600,7951
32,union:computer graphics|motorcycles#u0,The document is about computer graphics or about motorcycles.,rewrite,5600,4000,1600,0,0,1.0,1.0,1.0,800,0.9888751545117429,False,1.0,False,0.0019670840047183447,1.0,False,20ng,20ng-N7951,gt,fixed-1600,7951
33,union:Macintosh hardware|electronics#u0,The document is about Macintosh hardware or about electronics.,rewrite,5600,3600,1600,400,0,1.0,1.0,1.0,800,0.9864364981504316,False,1.0,False,0.002073916999506764,1.0,False,20ng,20ng-N7951,gt,fixed-1600,7951
34,group:computers#t1,This text discusses computers.,exact-hit,0,0,0,0,0,1.0,1.0,1.0,2000,0.9960159362549801,False,1.0,False,7.542003004346043e-06,1.0,False,20ng,20ng-N7951,gt,fixed-1600,7951
35,group:religion#t1,This text discusses religion.,rewrite,2751,0,1600,1151,0,1.0,1.0,1.0,1151,0.9862896315338475,False,1.0,False,0.002391417001490481,1.0,False,20ng,20ng-N7951,gt,fixed-1600,7951
36,group:computers#t0,The document is about computers.,exact-hit,0,0,0,0,0,1.0,1.0,1.0,2000,0.9935355544505221,False,0.999,False,8.084003638941795e-06,1.0,False,20ng,20ng-N7951,gt,fixed-1600,7951
37,union:Middle East affairs|items for sale#u1,This text discusses either Middle East affairs or items for sale.,rewrite,5600,3600,1600,400,0,1.0,1.0,1.0,800,0.9864364981504316,False,1.0,False,0.0021712919988203794,1.0,False,20ng,20ng-N7951,gt,fixed-1600,7951
38,leaf:the Microsoft Windows operating system#t1,This text discusses the Microsoft Windows operating system.,rewrite,2800,1200,1600,0,0,1.0,1.0,1.0,400,0.9615384615384616,False,1.0,False,0.002017874998273328,1.0,False,20ng,20ng-N7951,gt,fixed-1600,7951
39,group:sports#t2,The passage is related to sports.,rewrite,2400,0,1600,800,0,1.0,1.0,1.0,800,0.9791921664626683,False,1.0,False,0.0023294169950531796,1.0,False,20ng,20ng-N7951,gt,fixed-1600,7951
40,leaf:motorcycles#t0,The document is about motorcycles.,rewrite,2000,400,1600,0,0,1.0,1.0,1.0,400,0.9592326139088729,False,1.0,False,0.0020124589937040582,1.0,False,20ng,20ng-N7951,gt,fixed-1600,7951
41,group:motor vehicles#t0,The document is about motor vehicles.,exact-hit,0,0,0,0,0,1.0,1.0,1.0,800,,,,,5.708003300242126e-06,1.0,,20ng,20ng-N7951,gt,fixed-1600,7951
42,union:Christianity|political debate#u1,This text discusses either Christianity or political debate.,rewrite,6400,4000,1600,800,0,1.0,1.0,1.0,800,0.9900990099009901,False,1.0,False,0.0023071250034263358,1.0,False,20ng,20ng-N7951,gt,fixed-1600,7951
43,group:motor vehicles#t2,The passage is related to motor vehicles.,rewrite,2400,0,1600,800,0,1.0,1.0,1.0,800,0.9791921664626683,False,1.0,False,0.002269709002575837,1.0,False,20ng,20ng-N7951,gt,fixed-1600,7951
44,leaf:motorcycles#t2,The passage is related to motorcycles.,rewrite,2000,0,1600,400,0,1.0,1.0,1.0,400,0.9523809523809523,False,1.0,False,0.008212250002543442,1.0,False,20ng,20ng-N7951,gt,fixed-1600,7951
45,group:motor vehicles#t1,This text discusses motor vehicles.,rewrite,2400,0,1600,800,0,1.0,1.0,1.0,800,0.9791921664626683,False,1.0,False,0.00243762499303557,1.0,False,20ng,20ng-N7951,gt,fixed-1600,7951
46,group:religion#t0,The document is about religion.,exact-hit,0,0,0,0,0,1.0,1.0,1.0,1151,0.9862896315338475,False,1.0,False,1.1625001206994057e-05,1.0,False,20ng,20ng-N7951,gt,fixed-1600,7951
47,group:sports#t3,This article covers the topic of sports.,exact-hit,0,0,0,0,0,1.0,1.0,1.0,800,0.9791921664626683,False,1.0,False,6.709000444971025e-06,1.0,False,20ng,20ng-N7951,gt,fixed-1600,7951
48,union:Macintosh hardware|cars#u1,This text discusses either Macintosh hardware or cars.,rewrite,6400,4800,1600,0,0,1.0,1.0,1.0,800,0.9925558312655087,False,1.0,False,0.00218716700328514,1.0,False,20ng,20ng-N7951,gt,fixed-1600,7951
49,leaf:computer graphics#t1,This text discusses computer graphics.,rewrite,2000,400,1600,0,0,1.0,1.0,1.0,400,0.9592326139088729,False,1.0,False,0.0022632090040133335,1.0,False,20ng,20ng-N7951,gt,fixed-1600,7951
50,union:atheism|hockey#u1,This text discusses either atheism or hockey.,rewrite,6400,4400,1600,400,0,1.0,1.0,1.0,800,0.9913258983890955,False,1.0,False,0.0024138750013662502,1.0,False,20ng,20ng-N7951,gt,fixed-1600,7951
51,leaf:items for sale#t0,The document is about items for sale.,rewrite,2000,0,1600,400,0,1.0,1.0,1.0,400,0.9523809523809523,False,1.0,False,0.0023048339935485274,1.0,False,20ng,20ng-N7951,gt,fixed-1600,7951
52,leaf:baseball#t0,The document is about baseball.,rewrite,2000,0,1600,400,0,1.0,1.0,1.0,400,0.9523809523809523,False,1.0,False,0.002131041997927241,1.0,False,20ng,20ng-N7951,gt,fixed-1600,7951
53,union:hockey|motorcycles#u0,The document is about hockey or about motorcycles.,rewrite,6400,4000,1600,800,0,1.0,1.0,1.0,800,0.9913258983890955,False,1.0,False,0.0023787919999449514,1.0,False,20ng,20ng-N7951,gt,fixed-1600,7951
54,group:politics#t0,The document is about politics.,rewrite,2800,0,1600,1200,0,1.0,1.0,1.0,1200,0.9868421052631579,False,1.0,False,0.0072422919984092005,1.0,False,20ng,20ng-N7951,gt,fixed-1600,7951
55,group:motor vehicles#t1,This text discusses motor vehicles.,exact-hit,0,0,0,0,0,1.0,1.0,1.0,800,0.9791921664626683,False,1.0,False,8.749993867240846e-06,1.0,False,20ng,20ng-N7951,gt,fixed-1600,7951
56,leaf:atheism#t3,This article covers the topic of atheism.,rewrite,2000,400,1600,0,0,1.0,1.0,1.0,400,0.9592326139088729,False,1.0,False,0.002202083996962756,1.0,False,20ng,20ng-N7951,gt,fixed-1600,7951
57,union:atheism|gun control#u1,This text discusses either atheism or gun control.,rewrite,6000,4000,1600,400,0,1.0,1.0,1.0,800,0.9888751545117429,False,1.0,False,0.002307540999026969,1.0,False,20ng,20ng-N7951,gt,fixed-1600,7951
58,leaf:cars#t2,The passage is related to cars.,rewrite,2000,400,1600,0,0,1.0,1.0,1.0,400,0.9592326139088729,False,1.0,False,0.002120208002452273,1.0,False,20ng,20ng-N7951,gt,fixed-1600,7951
59,group:sports#t2,The passage is related to sports.,exact-hit,0,0,0,0,0,1.0,1.0,1.0,800,0.9791921664626683,False,1.0,False,6.084002961870283e-06,1.0,False,20ng,20ng-N7951,gt,fixed-1600,7951
60,group:motor vehicles#t2,The passage is related to motor vehicles.,exact-hit,0,0,0,0,0,1.0,1.0,1.0,800,0.9791921664626683,False,1.0,False,3.2909956644289196e-06,1.0,False,20ng,20ng-N7951,gt,fixed-1600,7951
61,group:computers#t0,The document is about computers.,exact-hit,0,0,0,0,0,1.0,1.0,1.0,2000,0.9935355544505221,False,0.999,False,3.417000698391348e-06,1.0,False,20ng,20ng-N7951,gt,fixed-1600,7951
62,union:medicine|the Microsoft Windows operating system#u0,The document is about medicine or about the Microsoft Windows operating system.,rewrite,6000,4000,1600,400,0,1.0,1.0,1.0,800,0.9888751545117429,False,1.0,False,0.0022911670021130703,1.0,False,20ng,20ng-N7951,gt,fixed-1600,7951
63,union:baseball|items for sale#u0,The document is about baseball or about items for sale.,rewrite,6000,3600,1600,800,0,1.0,1.0,1.0,800,0.9888751545117429,False,1.0,False,0.002424792000965681,1.0,False,20ng,20ng-N7951,gt,fixed-1600,7951
64,union:atheism|medicine#u1,This text discusses either atheism or medicine.,rewrite,5600,3600,1600,400,0,1.0,1.0,1.0,800,0.9864364981504316,False,1.0,False,0.002293875004397705,1.0,False,20ng,20ng-N7951,gt,fixed-1600,7951
65,union:hockey|the X Window System#u1,This text discusses either hockey or the X Window System.,rewrite,6400,4400,1600,400,0,1.0,1.0,1.0,800,0.9913258983890955,False,1.0,False,0.0022957080000196584,1.0,False,20ng,20ng-N7951,gt,fixed-1600,7951
66,leaf:cryptography#t0,The document is about cryptography.,rewrite,2000,400,1600,0,0,1.0,1.0,1.0,400,0.9592326139088729,False,1.0,False,0.0021635419980157167,1.0,False,20ng,20ng-N7951,gt,fixed-1600,7951
67,leaf:motorcycles#t3,This article covers the topic of motorcycles.,rewrite,2000,0,1600,400,0,1.0,1.0,1.0,400,0.9523809523809523,False,1.0,False,0.002199250004196074,1.0,False,20ng,20ng-N7951,gt,fixed-1600,7951
68,leaf:hockey#t1,This text discusses hockey.,exact-hit,0,0,0,0,0,1.0,1.0,1.0,400,0.966183574879227,False,1.0,False,7.124996045604348e-06,1.0,False,20ng,20ng-N7951,gt,fixed-1600,7951
69,leaf:baseball#t2,The passage is related to baseball.,exact-hit,0,0,0,0,0,1.0,1.0,1.0,400,0.9592326139088729,False,1.0,False,3.2079988159239292e-06,1.0,False,20ng,20ng-N7951,gt,fixed-1600,7951
70,group:motor vehicles#t0,The document is about motor vehicles.,exact-hit,0,0,0,0,0,1.0,1.0,1.0,800,,,,,3.1669987947680056e-06,1.0,,20ng,20ng-N7951,gt,fixed-1600,7951
71,leaf:the Microsoft Windows operating system#t2,The passage is related to the Microsoft Windows operating system.,rewrite,2000,0,1600,400,0,1.0,1.0,1.0,400,0.9523809523809523,False,1.0,False,0.0022404999981517904,1.0,False,20ng,20ng-N7951,gt,fixed-1600,7951
72,leaf:motorcycles#t2,The passage is related to motorcycles.,exact-hit,0,0,0,0,0,1.0,1.0,1.0,400,0.9523809523809523,False,1.0,False,5.7919969549402595e-06,1.0,False,20ng,20ng-N7951,gt,fixed-1600,7951
73,group:sports#t2,The passage is related to sports.,exact-hit,0,0,0,0,0,1.0,1.0,1.0,800,0.9791921664626683,False,1.0,False,2.7909991331398487e-06,1.0,False,20ng,20ng-N7951,gt,fixed-1600,7951
74,union:Macintosh hardware|electronics#u1,This text discusses either Macintosh hardware or electronics.,rewrite,2400,0,1600,800,0,1.0,1.0,1.0,800,0.9791921664626683,False,1.0,False,0.002369166999415029,1.0,False,20ng,20ng-N7951,gt,fixed-1600,7951
75,leaf:Christianity#t3,This article covers the topic of Christianity.,exact-hit,0,0,0,0,0,1.0,1.0,1.0,400,0.9615384615384616,False,1.0,False,5.832996976096183e-06,1.0,False,20ng,20ng-N7951,gt,fixed-1600,7951
76,group:sports#t2,The passage is related to sports.,exact-hit,0,0,0,0,0,1.0,1.0,1.0,800,0.9791921664626683,False,1.0,False,2.5000044843181968e-06,1.0,False,20ng,20ng-N7951,gt,fixed-1600,7951
77,leaf:religious debate#t3,This article covers the topic of religious debate.,rewrite,1951,0,1600,351,0,1.0,1.0,1.0,351,0.9512195121951219,False,1.0,False,0.002273292004247196,1.0,False,20ng,20ng-N7951,gt,fixed-1600,7951
78,union:atheism|baseball#u1,This text discusses either atheism or baseball.,rewrite,6000,3600,1600,800,0,1.0,1.0,1.0,800,0.9888751545117429,False,1.0,False,0.0024259999991045333,1.0,False,20ng,20ng-N7951,gt,fixed-1600,7951
79,leaf:items for sale#t2,The passage is related to items for sale.,rewrite,2000,0,1600,400,0,1.0,1.0,1.0,400,0.9523809523809523,False,1.0,False,0.0021940830047242343,1.0,False,20ng,20ng-N7951,gt,fixed-1600,7951
80,union:Macintosh hardware|religious debate#u0,The document is about Macintosh hardware or about religious debate.,rewrite,6351,4400,1600,351,0,1.0,1.0,1.0,751,0.9894598155467721,False,1.0,False,0.0023359580009127967,1.0,False,20ng,20ng-N7951,gt,fixed-1600,7951
81,group:motor vehicles#t1,This text discusses motor vehicles.,exact-hit,0,0,0,0,0,1.0,1.0,1.0,800,0.9791921664626683,False,1.0,False,8.08399636298418e-06,1.0,False,20ng,20ng-N7951,gt,fixed-1600,7951
82,leaf:cars#t0,The document is about cars.,rewrite,2000,0,1600,400,0,1.0,1.0,1.0,400,0.9523809523809523,False,1.0,False,0.002275207996717654,1.0,False,20ng,20ng-N7951,gt,fixed-1600,7951
83,leaf:PC hardware#t0,The document is about PC hardware.,rewrite,2000,400,1600,0,0,1.0,1.0,1.0,400,0.9592326139088729,False,1.0,False,0.002271042001666501,1.0,False,20ng,20ng-N7951,gt,fixed-1600,7951
84,group:religion#t2,The passage is related to religion.,rewrite,2751,0,1600,1151,0,1.0,1.0,1.0,1151,0.9862896315338475,False,1.0,False,0.0027752919995691627,1.0,False,20ng,20ng-N7951,gt,fixed-1600,7951
85,union:Christianity|hockey#u0,The document is about Christianity or about hockey.,rewrite,5600,3200,1600,800,0,1.0,1.0,1.0,800,0.9864364981504316,False,1.0,False,0.0026208749986835755,1.0,False,20ng,20ng-N7951,gt,fixed-1600,7951
86,group:religion#t0,The document is about religion.,exact-hit,0,0,0,0,0,1.0,1.0,1.0,1151,0.9862896315338475,False,1.0,False,9.666997357271612e-06,1.0,False,20ng,20ng-N7951,gt,fixed-1600,7951
87,union:atheism|computer graphics#u1,This text discusses either atheism or computer graphics.,rewrite,6400,4000,1600,800,0,1.0,1.0,1.0,800,0.9900990099009901,False,1.0,False,0.002651208000315819,1.0,False,20ng,20ng-N7951,gt,fixed-1600,7951
88,union:motorcycles|political debate#u1,This text discusses either motorcycles or political debate.,rewrite,6400,4000,1600,800,0,1.0,1.0,1.0,800,0.9900990099009901,False,1.0,False,0.002712791996600572,1.0,False,20ng,20ng-N7951,gt,fixed-1600,7951
89,group:motor vehicles#t0,The document is about motor vehicles.,exact-hit,0,0,0,0,0,1.0,1.0,1.0,800,,,,,8.000002708286047e-06,1.0,,20ng,20ng-N7951,gt,fixed-1600,7951
90,union:PC hardware|political debate#u0,The document is about PC hardware or about political debate.,rewrite,6800,4400,1600,800,0,1.0,1.0,1.0,800,0.9925558312655087,False,1.0,False,0.023486500002036337,1.0,False,20ng,20ng-N7951,gt,fixed-1600,7951
91,leaf:Macintosh hardware#t0,The document is about Macintosh hardware.,rewrite,2000,400,1600,0,0,1.0,1.0,1.0,400,0.9592326139088729,False,1.0,False,0.004445625003427267,1.0,False,20ng,20ng-N7951,gt,fixed-1600,7951
92,leaf:items for sale#t1,This text discusses items for sale.,rewrite,2000,0,1600,400,0,1.0,1.0,1.0,400,0.9523809523809523,False,1.0,False,0.002765749995887745,1.0,False,20ng,20ng-N7951,gt,fixed-1600,7951
93,leaf:the Microsoft Windows operating system#t0,The document is about the Microsoft Windows operating system.,rewrite,2000,0,1600,400,0,1.0,1.0,1.0,400,0.9569377990430622,False,1.0,False,0.0026838749981834553,1.0,False,20ng,20ng-N7951,gt,fixed-1600,7951
94,leaf:the Microsoft Windows operating system#t1,This text discusses the Microsoft Windows operating system.,exact-hit,0,0,0,0,0,1.0,1.0,1.0,400,0.9615384615384616,False,1.0,False,8.08399636298418e-06,1.0,False,20ng,20ng-N7951,gt,fixed-1600,7951
95,group:computers#t3,This article covers the topic of computers.,rewrite,3600,0,1600,2000,0,1.0,1.0,1.0,2000,0.9935419771485345,False,1.0,False,0.00584395899932133,1.0,False,20ng,20ng-N7951,gt,fixed-1600,7951
96,leaf:PC hardware#t1,This text discusses PC hardware.,rewrite,2000,0,1600,400,0,1.0,1.0,1.0,400,0.9523809523809523,False,1.0,False,0.0074830829980783165,1.0,False,20ng,20ng-N7951,gt,fixed-1600,7951
97,leaf:cars#t2,The passage is related to cars.,exact-hit,0,0,0,0,0,1.0,1.0,1.0,400,0.9592326139088729,False,1.0,False,2.2542000806424767e-05,1.0,False,20ng,20ng-N7951,gt,fixed-1600,7951
98,union:Christianity|items for sale#u0,The document is about Christianity or about items for sale.,rewrite,6000,3600,1600,800,0,1.0,1.0,1.0,800,0.9888751545117429,False,1.0,False,0.003385542004252784,1.0,False,20ng,20ng-N7951,gt,fixed-1600,7951
99,group:politics#t2,The passage is related to politics.,rewrite,2800,0,1600,1200,0,1.0,1.0,1.0,1200,0.9868421052631579,False,1.0,False,0.0028345829996396787,1.0,False,20ng,20ng-N7951,gt,fixed-1600,7951
100,leaf:gun control#t2,The passage is related to gun control.,rewrite,2000,400,1600,0,0,1.0,1.0,1.0,400,0.9592326139088729,False,1.0,False,0.0023779999974067323,1.0,False,20ng,20ng-N7951,gt,fixed-1600,7951
101,union:Middle East affairs|items for sale#u1,This text discusses either Middle East affairs or items for sale.,exact-hit,0,0,0,0,0,1.0,1.0,1.0,800,0.9864364981504316,False,1.0,False,7.541995728388429e-06,1.0,False,20ng,20ng-N7951,gt,fixed-1600,7951
102,leaf:computer graphics#t3,This article covers the topic of computer graphics.,rewrite,2000,0,1600,400,0,1.0,1.0,1.0,400,0.9569377990430622,False,1.0,False,0.002489292004611343,1.0,False,20ng,20ng-N7951,gt,fixed-1600,7951
103,leaf:religious debate#t3,This article covers the topic of religious debate.,exact-hit,0,0,0,0,0,1.0,1.0,1.0,351,0.9512195121951219,False,1.0,False,6.542002665810287e-06,1.0,False,20ng,20ng-N7951,gt,fixed-1600,7951
104,leaf:atheism#t3,This article covers the topic of atheism.,exact-hit,0,0,0,0,0,1.0,1.0,1.0,400,0.9592326139088729,False,1.0,False,3.540997568052262e-06,1.0,False,20ng,20ng-N7951,gt,fixed-1600,7951
105,group:religion#t1,This text discusses religion.,exact-hit,0,0,0,0,0,1.0,1.0,1.0,1151,0.9862896315338475,False,1.0,False,3.0000010156072676e-06,1.0,False,20ng,20ng-N7951,gt,fixed-1600,7951
106,union:hockey|items for sale#u0,The document is about hockey or about items for sale.,rewrite,5600,3200,1600,800,0,1.0,1.0,1.0,800,0.9864364981504316,False,1.0,False,0.0027107499990961514,1.0,False,20ng,20ng-N7951,gt,fixed-1600,7951
107,group:motor vehicles#t0,The document is about motor vehicles.,exact-hit,0,0,0,0,0,1.0,1.0,1.0,800,,,,,8.249997335951775e-06,1.0,,20ng,20ng-N7951,gt,fixed-1600,7951
108,union:space exploration|the Microsoft Windows operating system#u1,This text discusses either space exploration or the Microsoft Windows operating system.,rewrite,6800,4800,1600,400,0,1.0,1.0,1.0,800,0.9925558312655087,False,1.0,False,0.0024437920001219027,1.0,False,20ng,20ng-N7951,gt,fixed-1600,7951
109,group:sports#t2,The passage is related to sports.,exact-hit,0,0,0,0,0,1.0,1.0,1.0,800,0.9791921664626683,False,1.0,False,6.000002031214535e-06,1.0,False,20ng,20ng-N7951,gt,fixed-1600,7951
110,group:sports#t1,This text discusses sports.,exact-hit,0,0,0,0,0,1.0,1.0,1.0,800,0.9913258983890955,False,1.0,False,3.2910029403865337e-06,1.0,False,20ng,20ng-N7951,gt,fixed-1600,7951
111,leaf:atheism#t3,This article covers the topic of atheism.,exact-hit,0,0,0,0,0,1.0,1.0,1.0,400,0.9592326139088729,False,1.0,False,3.3329997677356005e-06,1.0,False,20ng,20ng-N7951,gt,fixed-1600,7951
112,leaf:Middle East affairs#t2,The passage is related to Middle East affairs.,rewrite,2000,400,1600,0,0,1.0,1.0,1.0,400,0.9592326139088729,False,1.0,False,0.0023812499930500053,1.0,False,20ng,20ng-N7951,gt,fixed-1600,7951
113,union:Macintosh hardware|motorcycles#u1,This text discusses either Macintosh hardware or motorcycles.,rewrite,6800,4400,1600,800,0,1.0,1.0,1.0,800,0.9925558312655087,False,1.0,False,0.0025403330000699498,1.0,False,20ng,20ng-N7951,gt,fixed-1600,7951
114,union:political debate|religious debate#u0,The document is about political debate or about religious debate.,rewrite,6751,4400,1600,751,0,1.0,1.0,1.0,751,0.9920739762219286,False,1.0,False,0.0025597909989301115,1.0,False,20ng,20ng-N7951,gt,fixed-1600,7951
115,leaf:gun control#t3,This article covers the topic of gun control.,rewrite,2000,0,1600,400,0,1.0,1.0,1.0,400,0.9523809523809523,False,1.0,False,0.0024437500032945536,1.0,False,20ng,20ng-N7951,gt,fixed-1600,7951
116,leaf:medicine#t2,The passage is related to medicine.,rewrite,2000,400,1600,0,0,1.0,1.0,1.0,400,0.9592326139088729,False,1.0,False,0.002460625000821892,1.0,False,20ng,20ng-N7951,gt,fixed-1600,7951
117,group:politics#t1,This text discusses politics.,exact-hit,0,0,0,0,0,1.0,1.0,1.0,1200,0.9983361064891847,False,1.0,False,6.2499966588802636e-06,1.0,False,20ng,20ng-N7951,gt,fixed-1600,7951
118,group:science#t2,The passage is related to science.,exact-hit,0,0,0,0,0,1.0,1.0,1.0,1600,0.9907120743034056,False,1.0,False,3.0000010156072676e-06,1.0,False,20ng,20ng-N7951,gt,fixed-1600,7951
119,group:religion#t0,The document is about religion.,exact-hit,0,0,0,0,0,1.0,1.0,1.0,1151,0.9862896315338475,False,1.0,False,3.2080060918815434e-06,1.0,False,20ng,20ng-N7951,gt,fixed-1600,7951
0,group:motor vehicles#t0,The document is about motor vehicles.,cold,7951,7951,0,0,0,1.0,1.0,1.0,800,,,,,0.00018962499598274007,1.0,,20ng,20ng-N7951,gt,frac-0.02,7951
1,group:religion#t3,This article covers the topic of religion.,rewrite,7951,7151,20,780,0,1.0,1.0,1.0,1151,1.0,False,1.0,False,0.0010973329990520142,1.0,False,20ng,20ng-N7951,gt,frac-0.02,7951
2,leaf:religious debate#t0,The document is about religious debate.,rewrite,7951,1151,136,6664,0,1.0,1.0,1.0,351,1.0,False,1.0,False,0.0008837080022203736,1.0,False,20ng,20ng-N7951,gt,frac-0.02,7951
3,group:politics#t1,This text discusses politics.,rewrite,7951,6000,40,1911,0,1.0,1.0,1.0,1200,1.0,False,1.0,False,0.0022528330009663478,1.0,False,20ng,20ng-N7951,gt,frac-0.02,7951
4,union:gun control|medicine#u0,The document is about gun control or about medicine.,rewrite,7951,6000,40,1911,0,1.0,1.0,1.0,800,1.0,False,1.0,False,0.0019528749980963767,1.0,False,20ng,20ng-N7951,gt,frac-0.02,7951
5,group:motor vehicles#t0,The document is about motor vehicles.,exact-hit,0,0,0,0,0,1.0,1.0,1.0,800,,,,,7.208000170066953e-06,1.0,,20ng,20ng-N7951,gt,frac-0.02,7951
6,group:politics#t1,This text discusses politics.,exact-hit,0,0,0,0,0,1.0,1.0,1.0,1200,1.0,False,1.0,False,3.0419978429563344e-06,1.0,False,20ng,20ng-N7951,gt,frac-0.02,7951
7,group:religion#t0,The document is about religion.,rewrite,6840,0,176,6664,0,1.0,1.0,1.0,1151,1.0,False,0.8071242397914856,False,0.0020512499977485277,1.0,False,20ng,20ng-N7951,gt,frac-0.02,7951
8,leaf:political debate#t1,This text discusses political debate.,rewrite,7951,800,144,7007,0,1.0,1.0,1.0,400,1.0,False,1.0,False,0.0012933329999214038,1.0,False,20ng,20ng-N7951,gt,frac-0.02,7951
9,group:sports#t1,This text discusses sports.,rewrite,7951,4400,72,3479,0,1.0,1.0,1.0,800,1.0,False,1.0,False,0.0030861250052112155,1.0,False,20ng,20ng-N7951,gt,frac-0.02,7951
10,group:science#t1,This text discusses science.,rewrite,7951,4000,80,3871,0,1.0,1.0,1.0,1600,1.0,False,1.0,False,0.004003042005933821,1.0,False,20ng,20ng-N7951,gt,frac-0.02,7951
11,leaf:hockey#t1,This text discusses hockey.,rewrite,7951,800,144,7007,0,1.0,1.0,1.0,400,1.0,False,1.0,False,0.0009621249992051162,1.0,False,20ng,20ng-N7951,gt,frac-0.02,7951
12,leaf:religious debate#t2,The passage is related to religious debate.,rewrite,7620,0,172,7448,0,1.0,1.0,1.0,351,1.0,False,0.8376068376068376,False,0.0016761669976403937,1.0,False,20ng,20ng-N7951,gt,frac-0.02,7951
13,leaf:political debate#t0,The document is about political debate.,rewrite,7571,0,172,7399,0,1.0,1.0,1.0,400,1.0,False,0.8375,False,0.0012271250016056001,1.0,False,20ng,20ng-N7951,gt,frac-0.02,7951
14,leaf:items for sale#t3,This article covers the topic of items for sale.,rewrite,7951,3600,88,4263,0,1.0,1.0,1.0,400,1.0,False,1.0,False,0.0035371250050957315,1.0,False,20ng,20ng-N7951,gt,frac-0.02,7951
15,leaf:Christianity#t3,This article covers the topic of Christianity.,rewrite,7951,800,144,7007,0,1.0,1.0,1.0,400,1.0,False,1.0,False,0.0013734579988522455,1.0,False,20ng,20ng-N7951,gt,frac-0.02,7951
16,union:electronics|hockey#u0,The document is about electronics or about hockey.,rewrite,7571,3600,100,3871,0,1.0,1.0,1.0,800,1.0,False,0.91875,False,0.004536334003205411,1.0,False,20ng,20ng-N7951,gt,frac-0.02,7951
17,group:science#t2,The passage is related to science.,rewrite,6383,0,160,6223,0,1.0,1.0,1.0,1600,1.0,False,0.8925,False,0.0019576670019887388,1.0,False,20ng,20ng-N7951,gt,frac-0.02,7951
18,group:computers#t1,This text discusses computers.,rewrite,6043,4400,72,1571,0,1.0,1.0,1.0,2000,0.9033423667570009,False,1.0,False,0.003535167001246009,1.0,False,20ng,20ng-N7951,gt,frac-0.02,7951
19,union:Macintosh hardware|items for sale#u1,This text discusses either Macintosh hardware or items for sale.,rewrite,7571,3200,108,4263,0,1.0,1.0,1.0,800,1.0,False,0.91875,False,0.004516332999628503,1.0,False,20ng,20ng-N7951,gt,frac-0.02,7951
20,group:motor vehicles#t3,This article covers the topic of motor vehicles.,rewrite,7171,0,164,7007,0,1.0,1.0,1.0,800,1.0,False,0.83375,False,0.00885408299654955,1.0,False,20ng,20ng-N7951,gt,frac-0.02,7951
21,group:sports#t3,This article covers the topic of sports.,rewrite,7191,0,184,7007,0,1.0,1.0,1.0,800,1.0,False,0.81,False,0.01757916600035969,1.0,False,20ng,20ng-N7951,gt,frac-0.02,7951
22,group:motor vehicles#t3,This article covers the topic of motor vehicles.,exact-hit,0,0,0,0,0,1.0,1.0,1.0,800,1.0,False,0.83375,False,2.25000039790757e-05,1.0,False,20ng,20ng-N7951,gt,frac-0.02,7951
23,group:motor vehicles#t3,This article covers the topic of motor vehicles.,exact-hit,0,0,0,0,0,1.0,1.0,1.0,800,1.0,False,0.83375,False,6.459005817305297e-06,1.0,False,20ng,20ng-N7951,gt,frac-0.02,7951
24,union:PC hardware|cryptography#u0,The document is about PC hardware or about cryptography.,rewrite,7951,4000,80,3871,0,1.0,1.0,1.0,800,1.0,False,1.0,False,0.004680375001044013,1.0,False,20ng,20ng-N7951,gt,frac-0.02,7951
25,leaf:political debate#t1,This text discusses political debate.,exact-hit,0,0,0,0,0,1.0,1.0,1.0,400,1.0,False,1.0,False,2.925000444520265e-05,1.0,False,20ng,20ng-N7951,gt,frac-0.02,7951
26,union:Macintosh hardware|space exploration#u1,This text discusses either Macintosh hardware or space exploration.,rewrite,7951,4400,72,3479,0,1.0,1.0,1.0,800,1.0,False,1.0,False,0.009291832997405436,1.0,False,20ng,20ng-N7951,gt,frac-0.02,7951
27,leaf:baseball#t2,The passage is related to baseball.,rewrite,7951,400,152,7399,0,1.0,1.0,1.0,400,1.0,False,1.0,False,0.0018485420005163178,1.0,False,20ng,20ng-N7951,gt,frac-0.02,7951
28,group:computers#t0,The document is about computers.,rewrite,5991,0,160,5831,0,1.0,1.0,1.0,2000,1.0,False,0.913,False,0.0024267090047942474,1.0,False,20ng,20ng-N7951,gt,frac-0.02,7951
29,leaf:baseball#t3,This article covers the topic of baseball.,rewrite,7571,0,172,7399,0,1.0,1.0,1.0,400,1.0,False,0.8375,False,0.0015660410062992014,1.0,False,20ng,20ng-N7951,gt,frac-0.02,7951
30,leaf:electronics#t0,The document is about electronics.,rewrite,7951,400,152,7399,0,1.0,1.0,1.0,400,1.0,False,1.0,False,0.0017094580034608953,1.0,False,20ng,20ng-N7951,gt,frac-0.02,7951
31,union:PC hardware|items for sale#u1,This text discusses either PC hardware or items for sale.,rewrite,7571,4000,92,3479,0,1.0,1.0,1.0,800,1.0,False,0.91875,False,0.014098249994276557,1.0,False,20ng,20ng-N7951,gt,frac-0.02,7951
32,union:computer graphics|motorcycles#u0,The document is about computer graphics or about motorcycles.,rewrite,7951,4000,80,3871,0,1.0,1.0,1.0,800,1.0,False,1.0,False,0.006625583999266382,1.0,False,20ng,20ng-N7951,gt,frac-0.02,7951
33,union:Macintosh hardware|electronics#u0,The document is about Macintosh hardware or about electronics.,rewrite,7571,3600,100,3871,0,1.0,1.0,1.0,800,1.0,False,0.91875,False,0.0050016669993055984,1.0,False,20ng,20ng-N7951,gt,frac-0.02,7951
34,group:computers#t1,This text discusses computers.,exact-hit,0,0,0,0,0,1.0,1.0,1.0,2000,0.9033423667570009,False,1.0,False,1.2499993317760527e-05,1.0,False,20ng,20ng-N7951,gt,frac-0.02,7951
35,group:religion#t1,This text discusses religion.,rewrite,6840,0,176,6664,0,1.0,1.0,1.0,1151,1.0,False,0.8071242397914856,False,0.0023995419978746213,1.0,False,20ng,20ng-N7951,gt,frac-0.02,7951
36,group:computers#t0,The document is about computers.,exact-hit,0,0,0,0,0,1.0,1.0,1.0,2000,1.0,False,0.913,False,8.499999239575118e-06,1.0,False,20ng,20ng-N7951,gt,frac-0.02,7951
37,union:Middle East affairs|items for sale#u1,This text discusses either Middle East affairs or items for sale.,rewrite,7571,3600,100,3871,0,1.0,1.0,1.0,800,1.0,False,0.91875,False,0.0047203330032061785,1.0,False,20ng,20ng-N7951,gt,frac-0.02,7951
38,leaf:the Microsoft Windows operating system#t1,This text discusses the Microsoft Windows operating system.,rewrite,7951,1200,136,6615,0,1.0,1.0,1.0,400,1.0,False,1.0,False,0.002068125002551824,1.0,False,20ng,20ng-N7951,gt,frac-0.02,7951
39,group:sports#t2,The passage is related to sports.,rewrite,7191,0,184,7007,0,1.0,1.0,1.0,800,1.0,False,0.81,False,0.0020624999961000867,1.0,False,20ng,20ng-N7951,gt,frac-0.02,7951
40,leaf:motorcycles#t0,The document is about motorcycles.,rewrite,7951,400,152,7399,0,1.0,1.0,1.0,400,1.0,False,1.0,False,0.001640417001908645,1.0,False,20ng,20ng-N7951,gt,frac-0.02,7951
41,group:motor vehicles#t0,The document is about motor vehicles.,exact-hit,0,0,0,0,0,1.0,1.0,1.0,800,,,,,6.000002031214535e-06,1.0,,20ng,20ng-N7951,gt,frac-0.02,7951
42,union:Christianity|political debate#u1,This text discusses either Christianity or political debate.,rewrite,7191,4000,104,3087,0,1.0,1.0,1.0,800,1.0,False,0.81,False,0.005067665995738935,1.0,False,20ng,20ng-N7951,gt,frac-0.02,7951
43,group:motor vehicles#t2,The passage is related to motor vehicles.,rewrite,7171,0,164,7007,0,1.0,1.0,1.0,800,1.0,False,0.83375,False,0.001710875003482215,1.0,False,20ng,20ng-N7951,gt,frac-0.02,7951
44,leaf:motorcycles#t2,The passage is related to motorcycles.,rewrite,7571,0,172,7399,0,1.0,1.0,1.0,400,1.0,False,0.8375,False,0.0019295829988550395,1.0,False,20ng,20ng-N7951,gt,frac-0.02,7951
45,group:motor vehicles#t1,This text discusses motor vehicles.,rewrite,7171,0,164,7007,0,1.0,1.0,1.0,800,1.0,False,0.83375,False,0.0016902499992283992,1.0,False,20ng,20ng-N7951,gt,frac-0.02,7951
46,group:religion#t0,The document is about religion.,exact-hit,0,0,0,0,0,1.0,1.0,1.0,1151,1.0,False,0.8071242397914856,False,8.75000114319846e-06,1.0,False,20ng,20ng-N7951,gt,frac-0.02,7951
47,group:sports#t3,This article covers the topic of sports.,exact-hit,0,0,0,0,0,1.0,1.0,1.0,800,1.0,False,0.81,False,3.7919962778687477e-06,1.0,False,20ng,20ng-N7951,gt,frac-0.02,7951
48,union:Macintosh hardware|cars#u1,This text discusses either Macintosh hardware or cars.,rewrite,7951,4800,64,3087,0,1.0,1.0,1.0,800,1.0,False,1.0,False,0.0037344169977586716,1.0,False,20ng,20ng-N7951,gt,frac-0.02,7951
49,leaf:computer graphics#t1,This text discusses computer graphics.,rewrite,7951,400,152,7399,0,1.0,1.0,1.0,400,1.0,False,1.0,False,0.0018535000053816475,1.0,False,20ng,20ng-N7951,gt,frac-0.02,7951
50,union:atheism|hockey#u1,This text discusses either atheism or hockey.,rewrite,7571,4400,84,3087,0,1.0,1.0,1.0,800,1.0,False,0.91875,False,0.004186209000181407,1.0,False,20ng,20ng-N7951,gt,frac-0.02,7951
51,leaf:items for sale#t0,The document is about items for sale.,rewrite,7571,0,172,7399,0,1.0,1.0,1.0,400,1.0,False,0.8375,False,0.001954750005097594,1.0,False,20ng,20ng-N7951,gt,frac-0.02,7951
52,leaf:baseball#t0,The document is about baseball.,rewrite,7571,0,172,7399,0,1.0,1.0,1.0,400,1.0,False,0.8375,False,0.0019229160025133751,1.0,False,20ng,20ng-N7951,gt,frac-0.02,7951
53,union:hockey|motorcycles#u0,The document is about hockey or about motorcycles.,rewrite,7191,4000,104,3087,0,1.0,1.0,1.0,800,1.0,False,0.81,False,0.004619375002221204,1.0,False,20ng,20ng-N7951,gt,frac-0.02,7951
54,group:politics#t0,The document is about politics.,rewrite,6791,0,176,6615,0,1.0,1.0,1.0,1200,1.0,False,0.8075,False,0.0027602499976637773,1.0,False,20ng,20ng-N7951,gt,frac-0.02,7951
55,group:motor vehicles#t1,This text discusses motor vehicles.,exact-hit,0,0,0,0,0,1.0,1.0,1.0,800,1.0,False,0.83375,False,9.083996701519936e-06,1.0,False,20ng,20ng-N7951,gt,frac-0.02,7951
56,leaf:atheism#t3,This article covers the topic of atheism.,rewrite,7951,400,152,7399,0,1.0,1.0,1.0,400,1.0,False,1.0,False,0.0018500000005587935,1.0,False,20ng,20ng-N7951,gt,frac-0.02,7951
57,union:atheism|gun control#u1,This text discusses either atheism or gun control.,rewrite,7571,4000,92,3479,0,1.0,1.0,1.0,800,1.0,False,0.91875,False,0.005388124998717103,1.0,False,20ng,20ng-N7951,gt,frac-0.02,7951
58,leaf:cars#t2,The passage is related to cars.,rewrite,7951,400,152,7399,0,1.0,1.0,1.0,400,1.0,False,1.0,False,0.0018310830055270344,1.0,False,20ng,20ng-N7951,gt,frac-0.02,7951
59,group:sports#t2,The passage is related to sports.,exact-hit,0,0,0,0,0,1.0,1.0,1.0,800,1.0,False,0.81,False,7.0829992182552814e-06,1.0,False,20ng,20ng-N7951,gt,frac-0.02,7951
60,group:motor vehicles#t2,The passage is related to motor vehicles.,exact-hit,0,0,0,0,0,1.0,1.0,1.0,800,1.0,False,0.83375,False,3.3750038710422814e-06,1.0,False,20ng,20ng-N7951,gt,frac-0.02,7951
61,group:computers#t0,The document is about computers.,exact-hit,0,0,0,0,0,1.0,1.0,1.0,2000,1.0,False,0.913,False,3.291999746579677e-06,1.0,False,20ng,20ng-N7951,gt,frac-0.02,7951
62,union:medicine|the Microsoft Windows operating system#u0,The document is about medicine or about the Microsoft Windows operating system.,rewrite,7571,4000,92,3479,0,1.0,1.0,1.0,800,1.0,False,0.91875,False,0.0054868329971213825,1.0,False,20ng,20ng-N7951,gt,frac-0.02,7951
63,union:baseball|items for sale#u0,The document is about baseball or about items for sale.,rewrite,7191,3600,112,3479,0,1.0,1.0,1.0,800,1.0,False,0.81,False,0.00538599999708822,1.0,False,20ng,20ng-N7951,gt,frac-0.02,7951
64,union:atheism|medicine#u1,This text discusses either atheism or medicine.,rewrite,7571,3600,100,3871,0,1.0,1.0,1.0,800,1.0,False,0.91875,False,0.0054503749997820705,1.0,False,20ng,20ng-N7951,gt,frac-0.02,7951
65,union:hockey|the X Window System#u1,This text discusses either hockey or the X Window System.,rewrite,7571,4400,84,3087,0,1.0,1.0,1.0,800,1.0,False,0.91875,False,0.017842499997641426,1.0,False,20ng,20ng-N7951,gt,frac-0.02,7951
66,leaf:cryptography#t0,The document is about cryptography.,rewrite,7951,400,152,7399,0,1.0,1.0,1.0,400,1.0,False,1.0,False,0.0021128340013092384,1.0,False,20ng,20ng-N7951,gt,frac-0.02,7951
67,leaf:motorcycles#t3,This article covers the topic of motorcycles.,rewrite,7571,0,172,7399,0,1.0,1.0,1.0,400,1.0,False,0.8375,False,0.0020823340018978342,1.0,False,20ng,20ng-N7951,gt,frac-0.02,7951
68,leaf:hockey#t1,This text discusses hockey.,exact-hit,0,0,0,0,0,1.0,1.0,1.0,400,1.0,False,1.0,False,7.458002073690295e-06,1.0,False,20ng,20ng-N7951,gt,frac-0.02,7951
69,leaf:baseball#t2,The passage is related to baseball.,exact-hit,0,0,0,0,0,1.0,1.0,1.0,400,1.0,False,1.0,False,3.4580007195472717e-06,1.0,False,20ng,20ng-N7951,gt,frac-0.02,7951
70,group:motor vehicles#t0,The document is about motor vehicles.,exact-hit,0,0,0,0,0,1.0,1.0,1.0,800,,,,,3.249995643272996e-06,1.0,,20ng,20ng-N7951,gt,frac-0.02,7951
71,leaf:the Microsoft Windows operating system#t2,The passage is related to the Microsoft Windows operating system.,rewrite,7571,0,172,7399,0,1.0,1.0,1.0,400,1.0,False,0.8375,False,0.001965374998690095,1.0,False,20ng,20ng-N7951,gt,frac-0.02,7951
72,leaf:motorcycles#t2,The passage is related to motorcycles.,exact-hit,0,0,0,0,0,1.0,1.0,1.0,400,1.0,False,0.8375,False,6.542002665810287e-06,1.0,False,20ng,20ng-N7951,gt,frac-0.02,7951
73,group:sports#t2,The passage is related to sports.,exact-hit,0,0,0,0,0,1.0,1.0,1.0,800,1.0,False,0.81,False,2.9579969123005867e-06,1.0,False,20ng,20ng-N7951,gt,frac-0.02,7951
74,union:Macintosh hardware|electronics#u1,This text discusses either Macintosh hardware or electronics.,rewrite,7171,0,164,7007,0,1.0,1.0,1.0,800,1.0,False,0.83375,False,0.0022871670007589273,1.0,False,20ng,20ng-N7951,gt,frac-0.02,7951
75,leaf:Christianity#t3,This article covers the topic of Christianity.,exact-hit,0,0,0,0,0,1.0,1.0,1.0,400,1.0,False,1.0,False,1.1124997399747372e-05,1.0,False,20ng,20ng-N7951,gt,frac-0.02,7951
76,group:sports#t2,The passage is related to sports.,exact-hit,0,0,0,0,0,1.0,1.0,1.0,800,1.0,False,0.81,False,4.084002284798771e-06,1.0,False,20ng,20ng-N7951,gt,frac-0.02,7951
77,leaf:religious debate#t3,This article covers the topic of religious debate.,rewrite,7620,0,172,7448,0,1.0,1.0,1.0,351,1.0,False,0.8376068376068376,False,0.004672707997087855,1.0,False,20ng,20ng-N7951,gt,frac-0.02,7951
78,union:atheism|baseball#u1,This text discusses either atheism or baseball.,rewrite,7191,3600,112,3479,0,1.0,1.0,1.0,800,1.0,False,0.81,False,0.007923000004666392,1.0,False,20ng,20ng-N7951,gt,frac-0.02,7951
79,leaf:items for sale#t2,The passage is related to items for sale.,rewrite,7571,0,172,7399,0,1.0,1.0,1.0,400,1.0,False,0.8375,False,0.002124208003806416,1.0,False,20ng,20ng-N7951,gt,frac-0.02,7951
80,union:Macintosh hardware|religious debate#u0,The document is about Macintosh hardware or about religious debate.,rewrite,7620,4400,84,3136,0,1.0,1.0,1.0,751,1.0,False,0.9241011984021305,False,0.017574958998011425,1.0,False,20ng,20ng-N7951,gt,frac-0.02,7951
81,group:motor vehicles#t1,This text discusses motor vehicles.,exact-hit,0,0,0,0,0,1.0,1.0,1.0,800,1.0,False,0.83375,False,4.5708999095950276e-05,1.0,False,20ng,20ng-N7951,gt,frac-0.02,7951
82,leaf:cars#t0,The document is about cars.,rewrite,7571,0,172,7399,0,1.0,1.0,1.0,400,1.0,False,0.8375,False,0.006545707998157013,1.0,False,20ng,20ng-N7951,gt,frac-0.02,7951
83,leaf:PC hardware#t0,The document is about PC hardware.,rewrite,7951,400,152,7399,0,1.0,1.0,1.0,400,1.0,False,1.0,False,0.004035582998767495,1.0,False,20ng,20ng-N7951,gt,frac-0.02,7951
84,group:religion#t2,The passage is related to religion.,rewrite,6840,0,176,6664,0,1.0,1.0,1.0,1151,1.0,False,0.8071242397914856,False,0.0026505839996389113,1.0,False,20ng,20ng-N7951,gt,frac-0.02,7951
85,union:Christianity|hockey#u0,The document is about Christianity or about hockey.,rewrite,7191,3200,120,3871,0,1.0,1.0,1.0,800,1.0,False,0.81,False,0.0053745830009575,1.0,False,20ng,20ng-N7951,gt,frac-0.02,7951
86,group:religion#t0,The document is about religion.,exact-hit,0,0,0,0,0,1.0,1.0,1.0,1151,1.0,False,0.8071242397914856,False,1.0707997716963291e-05,1.0,False,20ng,20ng-N7951,gt,frac-0.02,7951
87,union:atheism|computer graphics#u1,This text discusses either atheism or computer graphics.,rewrite,7191,4000,104,3087,0,1.0,1.0,1.0,800,1.0,False,0.81,False,0.005380957998568192,1.0,False,20ng,20ng-N7951,gt,frac-0.02,7951
88,union:motorcycles|political debate#u1,This text discusses either motorcycles or political debate.,rewrite,7191,4000,104,3087,0,1.0,1.0,1.0,800,1.0,False,0.81,False,0.005514249998668674,1.0,False,20ng,20ng-N7951,gt,frac-0.02,7951
89,group:motor vehicles#t0,The document is about motor vehicles.,exact-hit,0,0,0,0,0,1.0,1.0,1.0,800,,,,,9.04199987417087e-06,1.0,,20ng,20ng-N7951,gt,frac-0.02,7951
90,union:PC hardware|political debate#u0,The document is about PC hardware or about political debate.,rewrite,7191,4400,96,2695,0,1.0,1.0,1.0,800,1.0,False,0.81,False,0.0050245829988853075,1.0,False,20ng,20ng-N7951,gt,frac-0.02,7951
91,leaf:Macintosh hardware#t0,The document is about Macintosh hardware.,rewrite,7951,400,152,7399,0,1.0,1.0,1.0,400,1.0,False,1.0,False,0.01318741700379178,1.0,False,20ng,20ng-N7951,gt,frac-0.02,7951
92,leaf:items for sale#t1,This text discusses items for sale.,rewrite,7571,0,172,7399,0,1.0,1.0,1.0,400,1.0,False,0.8375,False,0.002441832999465987,1.0,False,20ng,20ng-N7951,gt,frac-0.02,7951
93,leaf:the Microsoft Windows operating system#t0,The document is about the Microsoft Windows operating system.,rewrite,7571,0,172,7399,0,1.0,1.0,1.0,400,1.0,False,0.8375,False,0.0031904170027701184,1.0,False,20ng,20ng-N7951,gt,frac-0.02,7951
94,leaf:the Microsoft Windows operating system#t1,This text discusses the Microsoft Windows operating system.,exact-hit,0,0,0,0,0,1.0,1.0,1.0,400,1.0,False,1.0,False,7.20900425221771e-06,1.0,False,20ng,20ng-N7951,gt,frac-0.02,7951
95,group:computers#t3,This article covers the topic of computers.,rewrite,6051,0,220,5831,0,1.0,1.0,1.0,2000,1.0,False,0.775,False,0.016812791996926535,1.0,False,20ng,20ng-N7951,gt,frac-0.02,7951
96,leaf:PC hardware#t1,This text discusses PC hardware.,rewrite,7571,0,172,7399,0,1.0,1.0,1.0,400,1.0,False,0.8375,False,0.009058874995389488,1.0,False,20ng,20ng-N7951,gt,frac-0.02,7951
97,leaf:cars#t2,The passage is related to cars.,exact-hit,0,0,0,0,0,1.0,1.0,1.0,400,1.0,False,1.0,False,1.2958997103851289e-05,1.0,False,20ng,20ng-N7951,gt,frac-0.02,7951
98,union:Christianity|items for sale#u0,The document is about Christianity or about items for sale.,rewrite,7191,3600,112,3479,0,1.0,1.0,1.0,800,1.0,False,0.81,False,0.00575620899326168,1.0,False,20ng,20ng-N7951,gt,frac-0.02,7951
99,group:politics#t2,The passage is related to politics.,rewrite,6791,0,176,6615,0,1.0,1.0,1.0,1200,1.0,False,0.8075,False,0.002802458002406638,1.0,False,20ng,20ng-N7951,gt,frac-0.02,7951
100,leaf:gun control#t2,The passage is related to gun control.,rewrite,7951,400,152,7399,0,1.0,1.0,1.0,400,1.0,False,1.0,False,0.004464333003852516,1.0,False,20ng,20ng-N7951,gt,frac-0.02,7951
101,union:Middle East affairs|items for sale#u1,This text discusses either Middle East affairs or items for sale.,exact-hit,0,0,0,0,0,1.0,1.0,1.0,800,1.0,False,0.91875,False,1.0458003089297563e-05,1.0,False,20ng,20ng-N7951,gt,frac-0.02,7951
102,leaf:computer graphics#t3,This article covers the topic of computer graphics.,rewrite,7571,0,172,7399,0,1.0,1.0,1.0,400,1.0,False,0.8375,False,0.002114417002303526,1.0,False,20ng,20ng-N7951,gt,frac-0.02,7951
103,leaf:religious debate#t3,This article covers the topic of religious debate.,exact-hit,0,0,0,0,0,1.0,1.0,1.0,351,1.0,False,0.8376068376068376,False,8.666997018735856e-06,1.0,False,20ng,20ng-N7951,gt,frac-0.02,7951
104,leaf:atheism#t3,This article covers the topic of atheism.,exact-hit,0,0,0,0,0,1.0,1.0,1.0,400,1.0,False,1.0,False,4.082998202648014e-06,1.0,False,20ng,20ng-N7951,gt,frac-0.02,7951
105,group:religion#t1,This text discusses religion.,exact-hit,0,0,0,0,0,1.0,1.0,1.0,1151,1.0,False,0.8071242397914856,False,3.7080026231706142e-06,1.0,False,20ng,20ng-N7951,gt,frac-0.02,7951
106,union:hockey|items for sale#u0,The document is about hockey or about items for sale.,rewrite,7191,3200,120,3871,0,1.0,1.0,1.0,800,1.0,False,0.81,False,0.006121708000137005,1.0,False,20ng,20ng-N7951,gt,frac-0.02,7951
107,group:motor vehicles#t0,The document is about motor vehicles.,exact-hit,0,0,0,0,0,1.0,1.0,1.0,800,,,,,1.5083998732734472e-05,1.0,,20ng,20ng-N7951,gt,frac-0.02,7951
108,union:space exploration|the Microsoft Windows operating system#u1,This text discusses either space exploration or the Microsoft Windows operating system.,rewrite,7571,4800,76,2695,0,1.0,1.0,1.0,800,1.0,False,0.91875,False,0.0048794169997563586,1.0,False,20ng,20ng-N7951,gt,frac-0.02,7951
109,group:sports#t2,The passage is related to sports.,exact-hit,0,0,0,0,0,1.0,1.0,1.0,800,1.0,False,0.81,False,1.3165998097974807e-05,1.0,False,20ng,20ng-N7951,gt,frac-0.02,7951
110,group:sports#t1,This text discusses sports.,exact-hit,0,0,0,0,0,1.0,1.0,1.0,800,1.0,False,1.0,False,5.666996003128588e-06,1.0,False,20ng,20ng-N7951,gt,frac-0.02,7951
111,leaf:atheism#t3,This article covers the topic of atheism.,exact-hit,0,0,0,0,0,1.0,1.0,1.0,400,1.0,False,1.0,False,4.916000762023032e-06,1.0,False,20ng,20ng-N7951,gt,frac-0.02,7951
112,leaf:Middle East affairs#t2,The passage is related to Middle East affairs.,rewrite,7951,400,152,7399,0,1.0,1.0,1.0,400,1.0,False,1.0,False,0.002457624999806285,1.0,False,20ng,20ng-N7951,gt,frac-0.02,7951
113,union:Macintosh hardware|motorcycles#u1,This text discusses either Macintosh hardware or motorcycles.,rewrite,7191,4400,96,2695,0,1.0,1.0,1.0,800,1.0,False,0.81,False,0.005432834004750475,1.0,False,20ng,20ng-N7951,gt,frac-0.02,7951
114,union:political debate|religious debate#u0,The document is about political debate or about religious debate.,rewrite,7240,4400,96,2744,0,1.0,1.0,1.0,751,1.0,False,0.8095872170439414,False,0.005182957997021731,1.0,False,20ng,20ng-N7951,gt,frac-0.02,7951
115,leaf:gun control#t3,This article covers the topic of gun control.,rewrite,7571,0,172,7399,0,1.0,1.0,1.0,400,1.0,False,0.8375,False,0.0023261660026037134,1.0,False,20ng,20ng-N7951,gt,frac-0.02,7951
116,leaf:medicine#t2,The passage is related to medicine.,rewrite,7951,400,152,7399,0,1.0,1.0,1.0,400,1.0,False,1.0,False,0.002027583002927713,1.0,False,20ng,20ng-N7951,gt,frac-0.02,7951
117,group:politics#t1,This text discusses politics.,exact-hit,0,0,0,0,0,1.0,1.0,1.0,1200,1.0,False,1.0,False,6.209003913681954e-06,1.0,False,20ng,20ng-N7951,gt,frac-0.02,7951
118,group:science#t2,The passage is related to science.,exact-hit,0,0,0,0,0,1.0,1.0,1.0,1600,1.0,False,0.8925,False,2.749999111983925e-06,1.0,False,20ng,20ng-N7951,gt,frac-0.02,7951
119,group:religion#t0,The document is about religion.,exact-hit,0,0,0,0,0,1.0,1.0,1.0,1151,1.0,False,0.8071242397914856,False,3.540997568052262e-06,1.0,False,20ng,20ng-N7951,gt,frac-0.02,7951
0,group:motor vehicles#t0,The document is about motor vehicles.,cold,7951,7951,0,0,0,1.0,1.0,1.0,800,,,,,0.00019249999604653567,1.0,,20ng,20ng-N7951,gt,frac-0.05,7951
1,group:religion#t3,This article covers the topic of religion.,rewrite,7191,7151,40,0,0,1.0,1.0,1.0,1151,0.9442165709598032,False,1.0,False,0.0015022090010461397,1.0,False,20ng,20ng-N7951,gt,frac-0.05,7951
2,leaf:religious debate#t0,The document is about religious debate.,rewrite,7951,1151,340,6460,0,1.0,1.0,1.0,351,1.0,False,1.0,False,0.0008935420046327636,1.0,False,20ng,20ng-N7951,gt,frac-0.05,7951
3,group:politics#t1,This text discusses politics.,rewrite,6098,6000,98,0,0,1.0,1.0,1.0,1200,0.9353078721745908,False,1.0,False,0.0016627500008326024,1.0,False,20ng,20ng-N7951,gt,frac-0.05,7951
4,union:gun control|medicine#u0,The document is about gun control or about medicine.,rewrite,6098,6000,98,0,0,1.0,1.0,1.0,800,0.9060022650056625,False,1.0,False,0.0015294159966288134,1.0,False,20ng,20ng-N7951,gt,frac-0.05,7951
5,group:motor vehicles#t0,The document is about motor vehicles.,exact-hit,0,0,0,0,0,1.0,1.0,1.0,800,,,,,5.709000106435269e-06,1.0,,20ng,20ng-N7951,gt,frac-0.05,7951
6,group:politics#t1,This text discusses politics.,exact-hit,0,0,0,0,0,1.0,1.0,1.0,1200,0.9353078721745908,False,1.0,False,2.792003215290606e-06,1.0,False,20ng,20ng-N7951,gt,frac-0.05,7951
7,group:religion#t0,The document is about religion.,rewrite,400,0,400,0,0,1.0,1.0,1.0,1151,0.9227941176470589,False,0.8722849695916595,False,0.002615833996969741,1.0,False,20ng,20ng-N7951,gt,frac-0.05,7951
8,leaf:political debate#t1,This text discusses political debate.,rewrite,7951,800,358,6793,0,1.0,1.0,1.0,400,1.0,False,1.0,False,0.0013114169996697456,1.0,False,20ng,20ng-N7951,gt,frac-0.05,7951
9,group:sports#t1,This text discusses sports.,rewrite,5678,4400,178,1100,0,1.0,1.0,1.0,800,0.9029345372460497,False,1.0,False,0.0045011250040261075,1.0,False,20ng,20ng-N7951,gt,frac-0.05,7951
10,group:science#t1,This text discusses science.,rewrite,4198,4000,198,0,0,1.0,1.0,1.0,1600,0.9456264775413712,False,1.0,False,0.002148666993889492,1.0,False,20ng,20ng-N7951,gt,frac-0.05,7951
11,leaf:hockey#t1,This text discusses hockey.,rewrite,7951,800,358,6793,0,1.0,1.0,1.0,400,1.0,False,1.0,False,0.0010217079980066046,1.0,False,20ng,20ng-N7951,gt,frac-0.05,7951
12,leaf:religious debate#t2,The passage is related to religious debate.,rewrite,7620,0,400,7220,0,1.0,1.0,1.0,351,1.0,False,0.8376068376068376,False,0.001732500000798609,1.0,False,20ng,20ng-N7951,gt,frac-0.05,7951
13,leaf:political debate#t0,The document is about political debate.,rewrite,7571,0,398,7173,0,1.0,1.0,1.0,400,1.0,False,0.8375,False,0.0012181249985587783,1.0,False,20ng,20ng-N7951,gt,frac-0.05,7951
14,leaf:items for sale#t3,This article covers the topic of items for sale.,rewrite,7951,3600,218,4133,0,1.0,1.0,1.0,400,1.0,False,1.0,False,0.00355400000262307,1.0,False,20ng,20ng-N7951,gt,frac-0.05,7951
15,leaf:Christianity#t3,This article covers the topic of Christianity.,rewrite,7951,800,358,6793,0,1.0,1.0,1.0,400,1.0,False,1.0,False,0.0013980829971842468,1.0,False,20ng,20ng-N7951,gt,frac-0.05,7951
16,union:electronics|hockey#u0,The document is about electronics or about hockey.,rewrite,7242,3600,218,3424,0,1.0,1.0,1.0,800,0.9040590405904059,False,0.91875,False,0.005031499997130595,1.0,False,20ng,20ng-N7951,gt,frac-0.05,7951
17,group:science#t2,The passage is related to science.,rewrite,398,0,398,0,0,1.0,1.0,1.0,1600,0.9479553903345725,False,0.95625,False,0.0025683749991003424,1.0,False,20ng,20ng-N7951,gt,frac-0.05,7951
18,group:computers#t1,This text discusses computers.,rewrite,4578,4400,178,0,0,1.0,1.0,1.0,2000,0.9537434430138293,False,1.0,False,0.002239083005406428,1.0,False,20ng,20ng-N7951,gt,frac-0.05,7951
19,union:Macintosh hardware|items for sale#u1,This text discusses either Macintosh hardware or items for sale.,rewrite,7571,3200,238,4133,0,1.0,1.0,1.0,800,1.0,False,0.91875,False,0.0045865420033806,1.0,False,20ng,20ng-N7951,gt,frac-0.05,7951
20,group:motor vehicles#t3,This article covers the topic of motor vehicles.,rewrite,7191,0,398,6793,0,1.0,1.0,1.0,800,1.0,False,0.915,False,0.0017479579983046278,1.0,False,20ng,20ng-N7951,gt,frac-0.05,7951
21,group:sports#t3,This article covers the topic of sports.,rewrite,7191,0,398,6793,0,1.0,1.0,1.0,800,1.0,False,0.81,False,0.0021414170041680336,1.0,False,20ng,20ng-N7951,gt,frac-0.05,7951
22,group:motor vehicles#t3,This article covers the topic of motor vehicles.,exact-hit,0,0,0,0,0,1.0,1.0,1.0,800,1.0,False,0.915,False,9.540999599266797e-06,1.0,False,20ng,20ng-N7951,gt,frac-0.05,7951
23,group:motor vehicles#t3,This article covers the topic of motor vehicles.,exact-hit,0,0,0,0,0,1.0,1.0,1.0,800,1.0,False,0.915,False,3.6659985198639333e-06,1.0,False,20ng,20ng-N7951,gt,frac-0.05,7951
24,union:PC hardware|cryptography#u0,The document is about PC hardware or about cryptography.,rewrite,7617,4000,198,3419,0,1.0,1.0,1.0,800,0.9009009009009009,False,1.0,False,0.004927374997350853,1.0,False,20ng,20ng-N7951,gt,frac-0.05,7951
25,leaf:political debate#t1,This text discusses political debate.,exact-hit,0,0,0,0,0,1.0,1.0,1.0,400,1.0,False,1.0,False,9.165996743831784e-06,1.0,False,20ng,20ng-N7951,gt,frac-0.05,7951
26,union:Macintosh hardware|space exploration#u1,This text discusses either Macintosh hardware or space exploration.,rewrite,7620,4400,178,3042,0,1.0,1.0,1.0,800,0.91324200913242,False,1.0,False,0.004621540996595286,1.0,False,20ng,20ng-N7951,gt,frac-0.05,7951
27,leaf:baseball#t2,The passage is related to baseball.,rewrite,7951,400,378,7173,0,1.0,1.0,1.0,400,1.0,False,1.0,False,0.0015328749941545539,1.0,False,20ng,20ng-N7951,gt,frac-0.05,7951
28,group:computers#t0,The document is about computers.,rewrite,398,0,398,0,0,1.0,1.0,1.0,2000,0.958291956305859,False,0.965,False,0.00269154100533342,1.0,False,20ng,20ng-N7951,gt,frac-0.05,7951
29,leaf:baseball#t3,This article covers the topic of baseball.,rewrite,7571,0,398,7173,0,1.0,1.0,1.0,400,1.0,False,0.8375,False,0.0013872499985154718,1.0,False,20ng,20ng-N7951,gt,frac-0.05,7951
30,leaf:electronics#t0,The document is about electronics.,rewrite,7951,400,378,7173,0,1.0,1.0,1.0,400,1.0,False,1.0,False,0.0015867500042077154,1.0,False,20ng,20ng-N7951,gt,frac-0.05,7951
31,union:PC hardware|items for sale#u1,This text discusses either PC hardware or items for sale.,rewrite,7571,4000,198,3373,0,1.0,1.0,1.0,800,1.0,False,0.91875,False,0.004621333995601162,1.0,False,20ng,20ng-N7951,gt,frac-0.05,7951
32,union:computer graphics|motorcycles#u0,The document is about computer graphics or about motorcycles.,rewrite,7244,4000,198,3046,0,1.0,1.0,1.0,800,0.9101251422070534,False,1.0,False,0.004359500002465211,1.0,False,20ng,20ng-N7951,gt,frac-0.05,7951
33,union:Macintosh hardware|electronics#u0,The document is about Macintosh hardware or about electronics.,rewrite,7571,3600,218,3753,0,1.0,1.0,1.0,800,1.0,False,0.91875,False,0.004584166999848094,1.0,False,20ng,20ng-N7951,gt,frac-0.05,7951
34,group:computers#t1,This text discusses computers.,exact-hit,0,0,0,0,0,1.0,1.0,1.0,2000,0.9537434430138293,False,1.0,False,1.45840022014454e-05,1.0,False,20ng,20ng-N7951,gt,frac-0.05,7951
35,group:religion#t1,This text discusses religion.,rewrite,400,0,400,0,0,1.0,1.0,1.0,1151,0.9227941176470589,False,0.8722849695916595,False,0.002848333002475556,1.0,False,20ng,20ng-N7951,gt,frac-0.05,7951
36,group:computers#t0,The document is about computers.,exact-hit,0,0,0,0,0,1.0,1.0,1.0,2000,0.958291956305859,False,0.965,False,7.665999874006957e-06,1.0,False,20ng,20ng-N7951,gt,frac-0.05,7951
37,union:Middle East affairs|items for sale#u1,This text discusses either Middle East affairs or items for sale.,rewrite,7571,3600,218,3753,0,1.0,1.0,1.0,800,1.0,False,0.91875,False,0.004570999997667968,1.0,False,20ng,20ng-N7951,gt,frac-0.05,7951
38,leaf:the Microsoft Windows operating system#t1,This text discusses the Microsoft Windows operating system.,rewrite,7951,1200,338,6413,0,1.0,1.0,1.0,400,1.0,False,1.0,False,0.0019709999978658743,1.0,False,20ng,20ng-N7951,gt,frac-0.05,7951
39,group:sports#t2,The passage is related to sports.,rewrite,7191,0,398,6793,0,1.0,1.0,1.0,800,1.0,False,0.81,False,0.002066209002805408,1.0,False,20ng,20ng-N7951,gt,frac-0.05,7951
40,leaf:motorcycles#t0,The document is about motorcycles.,rewrite,7951,400,378,7173,0,1.0,1.0,1.0,400,1.0,False,1.0,False,0.0016169580048881471,1.0,False,20ng,20ng-N7951,gt,frac-0.05,7951
41,group:motor vehicles#t0,The document is about motor vehicles.,exact-hit,0,0,0,0,0,1.0,1.0,1.0,800,,,,,5.542002327274531e-06,1.0,,20ng,20ng-N7951,gt,frac-0.05,7951
42,union:Christianity|political debate#u1,This text discusses either Christianity or political debate.,rewrite,7191,4000,198,2993,0,1.0,1.0,1.0,800,1.0,False,0.81,False,0.00503450000542216,1.0,False,20ng,20ng-N7951,gt,frac-0.05,7951
43,group:motor vehicles#t2,The passage is related to motor vehicles.,rewrite,7191,0,398,6793,0,1.0,1.0,1.0,800,1.0,False,0.915,False,0.0016922080030781217,1.0,False,20ng,20ng-N7951,gt,frac-0.05,7951
44,leaf:motorcycles#t2,The passage is related to motorcycles.,rewrite,7571,0,398,7173,0,1.0,1.0,1.0,400,1.0,False,0.8375,False,0.0019007919981959276,1.0,False,20ng,20ng-N7951,gt,frac-0.05,7951
45,group:motor vehicles#t1,This text discusses motor vehicles.,rewrite,7191,0,398,6793,0,1.0,1.0,1.0,800,1.0,False,0.915,False,0.0033262090000789613,1.0,False,20ng,20ng-N7951,gt,frac-0.05,7951
46,group:religion#t0,The document is about religion.,exact-hit,0,0,0,0,0,1.0,1.0,1.0,1151,0.9227941176470589,False,0.8722849695916595,False,1.3958997442387044e-05,1.0,False,20ng,20ng-N7951,gt,frac-0.05,7951
47,group:sports#t3,This article covers the topic of sports.,exact-hit,0,0,0,0,0,1.0,1.0,1.0,800,1.0,False,0.81,False,6.417001713998616e-06,1.0,False,20ng,20ng-N7951,gt,frac-0.05,7951
48,union:Macintosh hardware|cars#u1,This text discusses either Macintosh hardware or cars.,rewrite,7951,4800,158,2993,0,1.0,1.0,1.0,800,1.0,False,1.0,False,0.004123167003854178,1.0,False,20ng,20ng-N7951,gt,frac-0.05,7951
49,leaf:computer graphics#t1,This text discusses computer graphics.,rewrite,7951,400,378,7173,0,1.0,1.0,1.0,400,1.0,False,1.0,False,0.001980249995540362,1.0,False,20ng,20ng-N7951,gt,frac-0.05,7951
50,union:atheism|hockey#u1,This text discusses either atheism or hockey.,rewrite,7571,4400,178,2993,0,1.0,1.0,1.0,800,1.0,False,0.91875,False,0.0045182920002844185,1.0,False,20ng,20ng-N7951,gt,frac-0.05,7951
51,leaf:items for sale#t0,The document is about items for sale.,rewrite,7571,0,398,7173,0,1.0,1.0,1.0,400,1.0,False,0.8375,False,0.002182708994951099,1.0,False,20ng,20ng-N7951,gt,frac-0.05,7951
52,leaf:baseball#t0,The document is about baseball.,rewrite,7571,0,398,7173,0,1.0,1.0,1.0,400,1.0,False,0.8375,False,0.0022206659996300004,1.0,False,20ng,20ng-N7951,gt,frac-0.05,7951
53,union:hockey|motorcycles#u0,The document is about hockey or about motorcycles.,rewrite,7191,4000,198,2993,0,1.0,1.0,1.0,800,1.0,False,0.81,False,0.005179625004529953,1.0,False,20ng,20ng-N7951,gt,frac-0.05,7951
54,group:politics#t0,The document is about politics.,rewrite,398,0,398,0,0,1.0,1.0,1.0,1200,0.925531914893617,False,0.87,False,0.0031823329991311766,1.0,False,20ng,20ng-N7951,gt,frac-0.05,7951
55,group:motor vehicles#t1,This text discusses motor vehicles.,exact-hit,0,0,0,0,0,1.0,1.0,1.0,800,1.0,False,0.915,False,1.237499964190647e-05,1.0,False,20ng,20ng-N7951,gt,frac-0.05,7951
56,leaf:atheism#t3,This article covers the topic of atheism.,rewrite,7951,400,378,7173,0,1.0,1.0,1.0,400,1.0,False,1.0,False,0.002020707994233817,1.0,False,20ng,20ng-N7951,gt,frac-0.05,7951
57,union:atheism|gun control#u1,This text discusses either atheism or gun control.,rewrite,7571,4000,198,3373,0,1.0,1.0,1.0,800,1.0,False,0.91875,False,0.012398375001794193,1.0,False,20ng,20ng-N7951,gt,frac-0.05,7951
58,leaf:cars#t2,The passage is related to cars.,rewrite,7951,400,378,7173,0,1.0,1.0,1.0,400,1.0,False,1.0,False,0.0020441250017029233,1.0,False,20ng,20ng-N7951,gt,frac-0.05,7951
59,group:sports#t2,The passage is related to sports.,exact-hit,0,0,0,0,0,1.0,1.0,1.0,800,1.0,False,0.81,False,6.999995093792677e-06,1.0,False,20ng,20ng-N7951,gt,frac-0.05,7951
60,group:motor vehicles#t2,The passage is related to motor vehicles.,exact-hit,0,0,0,0,0,1.0,1.0,1.0,800,1.0,False,0.915,False,3.6249984987080097e-06,1.0,False,20ng,20ng-N7951,gt,frac-0.05,7951
61,group:computers#t0,The document is about computers.,exact-hit,0,0,0,0,0,1.0,1.0,1.0,2000,0.958291956305859,False,0.965,False,3.6670026020146906e-06,1.0,False,20ng,20ng-N7951,gt,frac-0.05,7951
62,union:medicine|the Microsoft Windows operating system#u0,The document is about medicine or about the Microsoft Windows operating system.,rewrite,7571,4000,198,3373,0,1.0,1.0,1.0,800,1.0,False,0.91875,False,0.005464125002617948,1.0,False,20ng,20ng-N7951,gt,frac-0.05,7951
63,union:baseball|items for sale#u0,The document is about baseball or about items for sale.,rewrite,7191,3600,218,3373,0,1.0,1.0,1.0,800,1.0,False,0.81,False,0.005379333000746556,1.0,False,20ng,20ng-N7951,gt,frac-0.05,7951
64,union:atheism|medicine#u1,This text discusses either atheism or medicine.,rewrite,7571,3600,218,3753,0,1.0,1.0,1.0,800,1.0,False,0.91875,False,0.005468540999572724,1.0,False,20ng,20ng-N7951,gt,frac-0.05,7951
65,union:hockey|the X Window System#u1,This text discusses either hockey or the X Window System.,rewrite,7571,4400,178,2993,0,1.0,1.0,1.0,800,1.0,False,0.91875,False,0.0043376660032663494,1.0,False,20ng,20ng-N7951,gt,frac-0.05,7951
66,leaf:cryptography#t0,The document is about cryptography.,rewrite,7951,400,378,7173,0,1.0,1.0,1.0,400,1.0,False,1.0,False,0.0019647920053103007,1.0,False,20ng,20ng-N7951,gt,frac-0.05,7951
67,leaf:motorcycles#t3,This article covers the topic of motorcycles.,rewrite,7571,0,398,7173,0,1.0,1.0,1.0,400,1.0,False,0.8375,False,0.0021318329963833094,1.0,False,20ng,20ng-N7951,gt,frac-0.05,7951
68,leaf:hockey#t1,This text discusses hockey.,exact-hit,0,0,0,0,0,1.0,1.0,1.0,400,1.0,False,1.0,False,7.2499969974160194e-06,1.0,False,20ng,20ng-N7951,gt,frac-0.05,7951
69,leaf:baseball#t2,The passage is related to baseball.,exact-hit,0,0,0,0,0,1.0,1.0,1.0,400,1.0,False,1.0,False,3.6249984987080097e-06,1.0,False,20ng,20ng-N7951,gt,frac-0.05,7951
70,group:motor vehicles#t0,The document is about motor vehicles.,exact-hit,0,0,0,0,0,1.0,1.0,1.0,800,,,,,3.3339965739287436e-06,1.0,,20ng,20ng-N7951,gt,frac-0.05,7951
71,leaf:the Microsoft Windows operating system#t2,The passage is related to the Microsoft Windows operating system.,rewrite,7571,0,398,7173,0,1.0,1.0,1.0,400,1.0,False,0.8375,False,0.0021943329993519,1.0,False,20ng,20ng-N7951,gt,frac-0.05,7951
72,leaf:motorcycles#t2,The passage is related to motorcycles.,exact-hit,0,0,0,0,0,1.0,1.0,1.0,400,1.0,False,0.8375,False,9.333001798950136e-06,1.0,False,20ng,20ng-N7951,gt,frac-0.05,7951
73,group:sports#t2,The passage is related to sports.,exact-hit,0,0,0,0,0,1.0,1.0,1.0,800,1.0,False,0.81,False,3.8330035749822855e-06,1.0,False,20ng,20ng-N7951,gt,frac-0.05,7951
74,union:Macintosh hardware|electronics#u1,This text discusses either Macintosh hardware or electronics.,rewrite,7191,0,398,6793,0,1.0,1.0,1.0,800,1.0,False,0.915,False,0.002298207997228019,1.0,False,20ng,20ng-N7951,gt,frac-0.05,7951
75,leaf:Christianity#t3,This article covers the topic of Christianity.,exact-hit,0,0,0,0,0,1.0,1.0,1.0,400,1.0,False,1.0,False,9.04199987417087e-06,1.0,False,20ng,20ng-N7951,gt,frac-0.05,7951
76,group:sports#t2,The passage is related to sports.,exact-hit,0,0,0,0,0,1.0,1.0,1.0,800,1.0,False,0.81,False,3.749999450519681e-06,1.0,False,20ng,20ng-N7951,gt,frac-0.05,7951
77,leaf:religious debate#t3,This article covers the topic of religious debate.,rewrite,7620,0,400,7220,0,1.0,1.0,1.0,351,1.0,False,0.8376068376068376,False,0.0020417920022737235,1.0,False,20ng,20ng-N7951,gt,frac-0.05,7951
78,union:atheism|baseball#u1,This text discusses either atheism or baseball.,rewrite,7191,3600,218,3373,0,1.0,1.0,1.0,800,1.0,False,0.81,False,0.0057692920017871074,1.0,False,20ng,20ng-N7951,gt,frac-0.05,7951
79,leaf:items for sale#t2,The passage is related to items for sale.,rewrite,7571,0,398,7173,0,1.0,1.0,1.0,400,1.0,False,0.8375,False,0.0022295419985312037,1.0,False,20ng,20ng-N7951,gt,frac-0.05,7951
80,union:Macintosh hardware|religious debate#u0,The document is about Macintosh hardware or about religious debate.,rewrite,7620,4400,180,3040,0,1.0,1.0,1.0,751,1.0,False,0.9241011984021305,False,0.0069197080010781065,1.0,False,20ng,20ng-N7951,gt,frac-0.05,7951
81,group:motor vehicles#t1,This text discusses motor vehicles.,exact-hit,0,0,0,0,0,1.0,1.0,1.0,800,1.0,False,0.915,False,3.341700357850641e-05,1.0,False,20ng,20ng-N7951,gt,frac-0.05,7951
82,leaf:cars#t0,The document is about cars.,rewrite,7571,0,398,7173,0,1.0,1.0,1.0,400,1.0,False,0.8375,False,0.008422083003097214,1.0,False,20ng,20ng-N7951,gt,frac-0.05,7951
83,leaf:PC hardware#t0,The document is about PC hardware.,rewrite,7951,400,378,7173,0,1.0,1.0,1.0,400,1.0,False,1.0,False,0.004639416001737118,1.0,False,20ng,20ng-N7951,gt,frac-0.05,7951
84,group:religion#t2,The passage is related to religion.,rewrite,400,0,400,0,0,1.0,1.0,1.0,1151,0.9227941176470589,False,0.8722849695916595,False,0.003292583998700138,1.0,False,20ng,20ng-N7951,gt,frac-0.05,7951
85,union:Christianity|hockey#u0,The document is about Christianity or about hockey.,rewrite,7191,3200,238,3753,0,1.0,1.0,1.0,800,1.0,False,0.81,False,0.005494249999173917,1.0,False,20ng,20ng-N7951,gt,frac-0.05,7951
86,group:religion#t0,The document is about religion.,exact-hit,0,0,0,0,0,1.0,1.0,1.0,1151,0.9227941176470589,False,0.8722849695916595,False,1.1208001524209976e-05,1.0,False,20ng,20ng-N7951,gt,frac-0.05,7951
87,union:atheism|computer graphics#u1,This text discusses either atheism or computer graphics.,rewrite,7191,4000,198,2993,0,1.0,1.0,1.0,800,1.0,False,0.81,False,0.005453249999845866,1.0,False,20ng,20ng-N7951,gt,frac-0.05,7951
88,union:motorcycles|political debate#u1,This text discusses either motorcycles or political debate.,rewrite,6865,4000,198,2667,0,1.0,1.0,1.0,800,0.9037656903765691,False,0.81,False,0.006032874996890314,1.0,False,20ng,20ng-N7951,gt,frac-0.05,7951
89,group:motor vehicles#t0,The document is about motor vehicles.,exact-hit,0,0,0,0,0,1.0,1.0,1.0,800,,,,,9.250004950445145e-06,1.0,,20ng,20ng-N7951,gt,frac-0.05,7951
90,union:PC hardware|political debate#u0,The document is about PC hardware or about political debate.,rewrite,7191,4400,178,2613,0,1.0,1.0,1.0,800,1.0,False,0.81,False,0.004992084002878983,1.0,False,20ng,20ng-N7951,gt,frac-0.05,7951
91,leaf:Macintosh hardware#t0,The document is about Macintosh hardware.,rewrite,7951,400,378,7173,0,1.0,1.0,1.0,400,1.0,False,1.0,False,0.0022688329991069622,1.0,False,20ng,20ng-N7951,gt,frac-0.05,7951
92,leaf:items for sale#t1,This text discusses items for sale.,rewrite,7571,0,398,7173,0,1.0,1.0,1.0,400,1.0,False,0.8375,False,0.003505166001559701,1.0,False,20ng,20ng-N7951,gt,frac-0.05,7951
93,leaf:the Microsoft Windows operating system#t0,The document is about the Microsoft Windows operating system.,rewrite,7571,0,398,7173,0,1.0,1.0,1.0,400,1.0,False,0.8375,False,0.003817542004981078,1.0,False,20ng,20ng-N7951,gt,frac-0.05,7951
94,leaf:the Microsoft Windows operating system#t1,This text discusses the Microsoft Windows operating system.,exact-hit,0,0,0,0,0,1.0,1.0,1.0,400,1.0,False,1.0,False,7.333001121878624e-06,1.0,False,20ng,20ng-N7951,gt,frac-0.05,7951
95,group:computers#t3,This article covers the topic of computers.,rewrite,398,0,398,0,0,1.0,1.0,1.0,2000,0.9485924112607099,False,0.775,False,0.005434083999716677,1.0,False,20ng,20ng-N7951,gt,frac-0.05,7951
96,leaf:PC hardware#t1,This text discusses PC hardware.,rewrite,7571,0,398,7173,0,1.0,1.0,1.0,400,1.0,False,0.8375,False,0.0022620000017923303,1.0,False,20ng,20ng-N7951,gt,frac-0.05,7951
97,leaf:cars#t2,The passage is related to cars.,exact-hit,0,0,0,0,0,1.0,1.0,1.0,400,1.0,False,1.0,False,6.583999493159354e-06,1.0,False,20ng,20ng-N7951,gt,frac-0.05,7951
98,union:Christianity|items for sale#u0,The document is about Christianity or about items for sale.,rewrite,7191,3600,218,3373,0,1.0,1.0,1.0,800,1.0,False,0.81,False,0.005503459004103206,1.0,False,20ng,20ng-N7951,gt,frac-0.05,7951
99,group:politics#t2,The passage is related to politics.,rewrite,398,0,398,0,0,1.0,1.0,1.0,1200,0.925531914893617,False,0.87,False,0.0033453340001869947,1.0,False,20ng,20ng-N7951,gt,frac-0.05,7951
100,leaf:gun control#t2,The passage is related to gun control.,rewrite,7951,400,378,7173,0,1.0,1.0,1.0,400,1.0,False,1.0,False,0.0020624160024453886,1.0,False,20ng,20ng-N7951,gt,frac-0.05,7951
101,union:Middle East affairs|items for sale#u1,This text discusses either Middle East affairs or items for sale.,exact-hit,0,0,0,0,0,1.0,1.0,1.0,800,1.0,False,0.91875,False,6.333000783342868e-06,1.0,False,20ng,20ng-N7951,gt,frac-0.05,7951
102,leaf:computer graphics#t3,This article covers the topic of computer graphics.,rewrite,7571,0,398,7173,0,1.0,1.0,1.0,400,1.0,False,0.8375,False,0.001812540998798795,1.0,False,20ng,20ng-N7951,gt,frac-0.05,7951
103,leaf:religious debate#t3,This article covers the topic of religious debate.,exact-hit,0,0,0,0,0,1.0,1.0,1.0,351,1.0,False,0.8376068376068376,False,5.458998202811927e-06,1.0,False,20ng,20ng-N7951,gt,frac-0.05,7951
104,leaf:atheism#t3,This article covers the topic of atheism.,exact-hit,0,0,0,0,0,1.0,1.0,1.0,400,1.0,False,1.0,False,3.2080060918815434e-06,1.0,False,20ng,20ng-N7951,gt,frac-0.05,7951
105,group:religion#t1,This text discusses religion.,exact-hit,0,0,0,0,0,1.0,1.0,1.0,1151,0.9227941176470589,False,0.8722849695916595,False,3.0000010156072676e-06,1.0,False,20ng,20ng-N7951,gt,frac-0.05,7951
106,union:hockey|items for sale#u0,The document is about hockey or about items for sale.,rewrite,7191,3200,238,3753,0,1.0,1.0,1.0,800,1.0,False,0.81,False,0.005518416997801978,1.0,False,20ng,20ng-N7951,gt,frac-0.05,7951
107,group:motor vehicles#t0,The document is about motor vehicles.,exact-hit,0,0,0,0,0,1.0,1.0,1.0,800,,,,,8.708004315849394e-06,1.0,,20ng,20ng-N7951,gt,frac-0.05,7951
108,union:space exploration|the Microsoft Windows operating system#u1,This text discusses either space exploration or the Microsoft Windows operating system.,rewrite,7571,4800,158,2613,0,1.0,1.0,1.0,800,1.0,False,0.91875,False,0.0044909159987582825,1.0,False,20ng,20ng-N7951,gt,frac-0.05,7951
109,group:sports#t2,The passage is related to sports.,exact-hit,0,0,0,0,0,1.0,1.0,1.0,800,1.0,False,0.81,False,7.499998901039362e-06,1.0,False,20ng,20ng-N7951,gt,frac-0.05,7951
110,group:sports#t1,This text discusses sports.,exact-hit,0,0,0,0,0,1.0,1.0,1.0,800,0.9029345372460497,False,1.0,False,3.374996595084667e-06,1.0,False,20ng,20ng-N7951,gt,frac-0.05,7951
111,leaf:atheism#t3,This article covers the topic of atheism.,exact-hit,0,0,0,0,0,1.0,1.0,1.0,400,1.0,False,1.0,False,2.8750000637955964e-06,1.0,False,20ng,20ng-N7951,gt,frac-0.05,7951
112,leaf:Middle East affairs#t2,The passage is related to Middle East affairs.,rewrite,7951,400,378,7173,0,1.0,1.0,1.0,400,1.0,False,1.0,False,0.0020413329984876327,1.0,False,20ng,20ng-N7951,gt,frac-0.05,7951
113,union:Macintosh hardware|motorcycles#u1,This text discusses either Macintosh hardware or motorcycles.,rewrite,7191,4400,178,2613,0,1.0,1.0,1.0,800,1.0,False,0.81,False,0.005206709000049159,1.0,False,20ng,20ng-N7951,gt,frac-0.05,7951
114,union:political debate|religious debate#u0,The document is about political debate or about religious debate.,rewrite,7240,4400,180,2660,0,1.0,1.0,1.0,751,1.0,False,0.8095872170439414,False,0.005211124997003935,1.0,False,20ng,20ng-N7951,gt,frac-0.05,7951
115,leaf:gun control#t3,This article covers the topic of gun control.,rewrite,7571,0,398,7173,0,1.0,1.0,1.0,400,1.0,False,0.8375,False,0.0025005409988807514,1.0,False,20ng,20ng-N7951,gt,frac-0.05,7951
116,leaf:medicine#t2,The passage is related to medicine.,rewrite,7951,400,378,7173,0,1.0,1.0,1.0,400,1.0,False,1.0,False,0.0020702080000774004,1.0,False,20ng,20ng-N7951,gt,frac-0.05,7951
117,group:politics#t1,This text discusses politics.,exact-hit,0,0,0,0,0,1.0,1.0,1.0,1200,0.9353078721745908,False,1.0,False,6.707996362820268e-06,1.0,False,20ng,20ng-N7951,gt,frac-0.05,7951
118,group:science#t2,The passage is related to science.,exact-hit,0,0,0,0,0,1.0,1.0,1.0,1600,0.9479553903345725,False,0.95625,False,3.415996616240591e-06,1.0,False,20ng,20ng-N7951,gt,frac-0.05,7951
119,group:religion#t0,The document is about religion.,exact-hit,0,0,0,0,0,1.0,1.0,1.0,1151,0.9227941176470589,False,0.8722849695916595,False,4.749999789055437e-06,1.0,False,20ng,20ng-N7951,gt,frac-0.05,7951
0,group:motor vehicles#t0,The document is about motor vehicles.,cold,7951,7951,0,0,0,1.0,1.0,1.0,800,,,,,0.000189124999451451,1.0,,20ng,20ng-N7951,gt,frac-0.10,7951
1,group:religion#t3,This article covers the topic of religion.,rewrite,7231,7151,80,0,0,1.0,1.0,1.0,1151,0.9713080168776371,False,1.0,False,0.0015862919972278178,1.0,False,20ng,20ng-N7951,gt,frac-0.10,7951
2,leaf:religious debate#t0,The document is about religious debate.,rewrite,1831,1151,680,0,0,1.0,1.0,1.0,351,0.9116883116883117,False,1.0,False,0.0017601660001673736,1.0,False,20ng,20ng-N7951,gt,frac-0.10,7951
3,group:politics#t1,This text discusses politics.,rewrite,6196,6000,196,0,0,1.0,1.0,1.0,1200,0.967741935483871,False,1.0,False,0.0015871659998083487,1.0,False,20ng,20ng-N7951,gt,frac-0.10,7951
4,union:gun control|medicine#u0,The document is about gun control or about medicine.,rewrite,6196,6000,196,0,0,1.0,1.0,1.0,800,0.9523809523809523,False,1.0,False,0.0014388750059879385,1.0,False,20ng,20ng-N7951,gt,frac-0.10,7951
5,group:motor vehicles#t0,The document is about motor vehicles.,exact-hit,0,0,0,0,0,1.0,1.0,1.0,800,,,,,5.707996024284512e-06,1.0,,20ng,20ng-N7951,gt,frac-0.10,7951
6,group:politics#t1,This text discusses politics.,exact-hit,0,0,0,0,0,1.0,1.0,1.0,1200,0.967741935483871,False,1.0,False,2.5000044843181968e-06,1.0,False,20ng,20ng-N7951,gt,frac-0.10,7951
7,group:religion#t0,The document is about religion.,rewrite,796,0,796,0,0,1.0,1.0,1.0,1151,0.9631956912028725,False,0.9322328410078193,False,0.002628667003591545,1.0,False,20ng,20ng-N7951,gt,frac-0.10,7951
8,leaf:political debate#t1,This text discusses political debate.,rewrite,1516,800,716,0,0,1.0,1.0,1.0,400,0.91324200913242,False,1.0,False,0.0018215420059277676,1.0,False,20ng,20ng-N7951,gt,frac-0.10,7951
9,group:sports#t1,This text discusses sports.,rewrite,4756,4400,356,0,0,1.0,1.0,1.0,800,0.9467455621301775,False,1.0,False,0.0018038330017589033,1.0,False,20ng,20ng-N7951,gt,frac-0.10,7951
10,group:science#t1,This text discusses science.,rewrite,4396,4000,396,0,0,1.0,1.0,1.0,1600,0.9726443768996961,False,1.0,False,0.003987249998317566,1.0,False,20ng,20ng-N7951,gt,frac-0.10,7951
11,leaf:hockey#t1,This text discusses hockey.,rewrite,1516,800,716,0,0,1.0,1.0,1.0,400,0.9216589861751152,False,1.0,False,0.0018535420022089966,1.0,False,20ng,20ng-N7951,gt,frac-0.10,7951
12,leaf:religious debate#t2,The passage is related to religious debate.,rewrite,7636,0,796,6840,0,1.0,1.0,1.0,351,1.0,False,0.9088319088319088,False,0.0018090840021613985,1.0,False,20ng,20ng-N7951,gt,frac-0.10,7951
13,leaf:political debate#t0,The document is about political debate.,rewrite,7591,0,796,6795,0,1.0,1.0,1.0,400,1.0,False,0.9175,False,0.0012879999994765967,1.0,False,20ng,20ng-N7951,gt,frac-0.10,7951
14,leaf:items for sale#t3,This article covers the topic of items for sale.,rewrite,7637,3600,436,3601,0,1.0,1.0,1.0,400,0.9049773755656109,False,1.0,False,0.004186874997685663,1.0,False,20ng,20ng-N7951,gt,frac-0.10,7951
15,leaf:Christianity#t3,This article covers the topic of Christianity.,rewrite,1516,800,716,0,0,1.0,1.0,1.0,400,0.91324200913242,False,1.0,False,0.001973625003302004,1.0,False,20ng,20ng-N7951,gt,frac-0.10,7951
16,union:electronics|hockey#u0,The document is about electronics or about hockey.,rewrite,4036,3600,436,0,0,1.0,1.0,1.0,800,0.9342265529841657,False,0.95875,False,0.0024066670011961833,1.0,False,20ng,20ng-N7951,gt,frac-0.10,7951
17,group:science#t2,The passage is related to science.,rewrite,796,0,796,0,0,1.0,1.0,1.0,1600,0.9744866210329807,False,0.97875,False,0.0028424579941201955,1.0,False,20ng,20ng-N7951,gt,frac-0.10,7951
18,group:computers#t1,This text discusses computers.,rewrite,4756,4400,356,0,0,1.0,1.0,1.0,2000,0.9770395701025891,False,1.0,False,0.0025606670023989864,1.0,False,20ng,20ng-N7951,gt,frac-0.10,7951
19,union:Macintosh hardware|items for sale#u1,This text discusses either Macintosh hardware or items for sale.,rewrite,3676,3200,476,0,0,1.0,1.0,1.0,800,0.9342265529841657,False,0.95875,False,0.002611542004160583,1.0,False,20ng,20ng-N7951,gt,frac-0.10,7951
20,group:motor vehicles#t3,This article covers the topic of motor vehicles.,rewrite,796,0,796,0,0,1.0,1.0,1.0,800,0.9491945477075588,False,0.9575,False,0.0025414159972569905,1.0,False,20ng,20ng-N7951,gt,frac-0.10,7951
21,group:sports#t3,This article covers the topic of sports.,rewrite,796,0,796,0,0,1.0,1.0,1.0,800,0.9462647444298821,False,0.9025,False,0.00286091700399993,1.0,False,20ng,20ng-N7951,gt,frac-0.10,7951
22,group:motor vehicles#t3,This article covers the topic of motor vehicles.,exact-hit,0,0,0,0,0,1.0,1.0,1.0,800,0.9491945477075588,False,0.9575,False,1.1999996786471456e-05,1.0,False,20ng,20ng-N7951,gt,frac-0.10,7951
23,group:motor vehicles#t3,This article covers the topic of motor vehicles.,exact-hit,0,0,0,0,0,1.0,1.0,1.0,800,0.9491945477075588,False,0.9575,False,4.9579975893720984e-06,1.0,False,20ng,20ng-N7951,gt,frac-0.10,7951
24,union:PC hardware|cryptography#u0,The document is about PC hardware or about cryptography.,rewrite,4396,4000,396,0,0,1.0,1.0,1.0,800,0.9445100354191264,False,1.0,False,0.002237041997432243,1.0,False,20ng,20ng-N7951,gt,frac-0.10,7951
25,leaf:political debate#t1,This text discusses political debate.,exact-hit,0,0,0,0,0,1.0,1.0,1.0,400,0.91324200913242,False,1.0,False,1.4583994925487787e-05,1.0,False,20ng,20ng-N7951,gt,frac-0.10,7951
26,union:Macintosh hardware|space exploration#u1,This text discusses either Macintosh hardware or space exploration.,rewrite,4756,4400,356,0,0,1.0,1.0,1.0,800,0.9445100354191264,False,1.0,False,0.0021112910035299137,1.0,False,20ng,20ng-N7951,gt,frac-0.10,7951
27,leaf:baseball#t2,The passage is related to baseball.,rewrite,1156,400,756,0,0,1.0,1.0,1.0,400,0.91324200913242,False,1.0,False,0.002223624993348494,1.0,False,20ng,20ng-N7951,gt,frac-0.10,7951
28,group:computers#t0,The document is about computers.,rewrite,796,0,796,0,0,1.0,1.0,1.0,2000,0.979571499750872,False,0.983,False,0.0038528750010300428,1.0,False,20ng,20ng-N7951,gt,frac-0.10,7951
29,leaf:baseball#t3,This article covers the topic of baseball.,rewrite,7591,0,796,6795,0,1.0,1.0,1.0,400,1.0,False,0.9175,False,0.003854542002954986,1.0,False,20ng,20ng-N7951,gt,frac-0.10,7951
30,leaf:electronics#t0,The document is about electronics.,rewrite,1156,400,756,0,0,1.0,1.0,1.0,400,0.91324200913242,False,1.0,False,0.0077534160009236075,1.0,False,20ng,20ng-N7951,gt,frac-0.10,7951
31,union:PC hardware|items for sale#u1,This text discusses either PC hardware or items for sale.,rewrite,4396,4000,396,0,0,1.0,1.0,1.0,800,0.9342265529841657,False,0.95875,False,0.0025327909970656037,1.0,False,20ng,20ng-N7951,gt,frac-0.10,7951
32,union:computer graphics|motorcycles#u0,The document is about computer graphics or about motorcycles.,rewrite,4396,4000,396,0,0,1.0,1.0,1.0,800,0.9445100354191264,False,1.0,False,0.002079792000586167,1.0,False,20ng,20ng-N7951,gt,frac-0.10,7951
33,union:Macintosh hardware|electronics#u0,The document is about Macintosh hardware or about electronics.,rewrite,4036,3600,436,0,0,1.0,1.0,1.0,800,0.9342265529841657,False,0.95875,False,0.0024617919989395887,1.0,False,20ng,20ng-N7951,gt,frac-0.10,7951
34,group:computers#t1,This text discusses computers.,exact-hit,0,0,0,0,0,1.0,1.0,1.0,2000,0.9770395701025891,False,1.0,False,1.1415999324526638e-05,1.0,False,20ng,20ng-N7951,gt,frac-0.10,7951
35,group:religion#t1,This text discusses religion.,rewrite,796,0,796,0,0,1.0,1.0,1.0,1151,0.9631956912028725,False,0.9322328410078193,False,0.004607791997841559,1.0,False,20ng,20ng-N7951,gt,frac-0.10,7951
36,group:computers#t0,The document is about computers.,exact-hit,0,0,0,0,0,1.0,1.0,1.0,2000,0.979571499750872,False,0.983,False,2.837499778252095e-05,1.0,False,20ng,20ng-N7951,gt,frac-0.10,7951
37,union:Middle East affairs|items for sale#u1,This text discusses either Middle East affairs or items for sale.,rewrite,4036,3600,436,0,0,1.0,1.0,1.0,800,0.9342265529841657,False,0.95875,False,0.00402662499982398,1.0,False,20ng,20ng-N7951,gt,frac-0.10,7951
38,leaf:the Microsoft Windows operating system#t1,This text discusses the Microsoft Windows operating system.,rewrite,1876,1200,676,0,0,1.0,1.0,1.0,400,0.9070294784580499,False,1.0,False,0.002008541996474378,1.0,False,20ng,20ng-N7951,gt,frac-0.10,7951
39,group:sports#t2,The passage is related to sports.,rewrite,796,0,796,0,0,1.0,1.0,1.0,800,0.9462647444298821,False,0.9025,False,0.002798916000756435,1.0,False,20ng,20ng-N7951,gt,frac-0.10,7951
40,leaf:motorcycles#t0,The document is about motorcycles.,rewrite,1156,400,756,0,0,1.0,1.0,1.0,400,0.91324200913242,False,1.0,False,0.0021290829972713254,1.0,False,20ng,20ng-N7951,gt,frac-0.10,7951
41,group:motor vehicles#t0,The document is about motor vehicles.,exact-hit,0,0,0,0,0,1.0,1.0,1.0,800,,,,,7.041999197099358e-06,1.0,,20ng,20ng-N7951,gt,frac-0.10,7951
42,union:Christianity|political debate#u1,This text discusses either Christianity or political debate.,rewrite,4396,4000,396,0,0,1.0,1.0,1.0,800,0.9304123711340206,False,0.9025,False,0.002891083000577055,1.0,False,20ng,20ng-N7951,gt,frac-0.10,7951
43,group:motor vehicles#t2,The passage is related to motor vehicles.,rewrite,796,0,796,0,0,1.0,1.0,1.0,800,0.9491945477075588,False,0.9575,False,0.0025157909985864535,1.0,False,20ng,20ng-N7951,gt,frac-0.10,7951
44,leaf:motorcycles#t2,The passage is related to motorcycles.,rewrite,7241,0,796,6445,0,1.0,1.0,1.0,400,0.9152119700748129,False,0.9175,False,0.00274912500026403,1.0,False,20ng,20ng-N7951,gt,frac-0.10,7951
45,group:motor vehicles#t1,This text discusses motor vehicles.,rewrite,796,0,796,0,0,1.0,1.0,1.0,800,0.9491945477075588,False,0.9575,False,0.00257483399764169,1.0,False,20ng,20ng-N7951,gt,frac-0.10,7951
46,group:religion#t0,The document is about religion.,exact-hit,0,0,0,0,0,1.0,1.0,1.0,1151,0.9631956912028725,False,0.9322328410078193,False,8.542003342881799e-06,1.0,False,20ng,20ng-N7951,gt,frac-0.10,7951
47,group:sports#t3,This article covers the topic of sports.,exact-hit,0,0,0,0,0,1.0,1.0,1.0,800,0.9462647444298821,False,0.9025,False,4.665998858399689e-06,1.0,False,20ng,20ng-N7951,gt,frac-0.10,7951
48,union:Macintosh hardware|cars#u1,This text discusses either Macintosh hardware or cars.,rewrite,5116,4800,316,0,0,1.0,1.0,1.0,800,0.9456264775413712,False,1.0,False,0.0020404999959282577,1.0,False,20ng,20ng-N7951,gt,frac-0.10,7951
49,leaf:computer graphics#t1,This text discusses computer graphics.,rewrite,1156,400,756,0,0,1.0,1.0,1.0,400,0.91324200913242,False,1.0,False,0.0022135409963084385,1.0,False,20ng,20ng-N7951,gt,frac-0.10,7951
50,union:atheism|hockey#u1,This text discusses either atheism or hockey.,rewrite,4756,4400,356,0,0,1.0,1.0,1.0,800,0.9365079365079365,False,0.95875,False,0.002425165999738965,1.0,False,20ng,20ng-N7951,gt,frac-0.10,7951
51,leaf:items for sale#t0,The document is about items for sale.,rewrite,7234,0,796,6438,0,1.0,1.0,1.0,400,0.9039408866995073,False,0.9175,False,0.0025064999936148524,1.0,False,20ng,20ng-N7951,gt,frac-0.10,7951
52,leaf:baseball#t0,The document is about baseball.,rewrite,7241,0,796,6445,0,1.0,1.0,1.0,400,0.9152119700748129,False,0.9175,False,0.002438625000650063,1.0,False,20ng,20ng-N7951,gt,frac-0.10,7951
53,union:hockey|motorcycles#u0,The document is about hockey or about motorcycles.,rewrite,4396,4000,396,0,0,1.0,1.0,1.0,800,0.9328165374677002,False,0.9025,False,0.002901416999520734,1.0,False,20ng,20ng-N7951,gt,frac-0.10,7951
54,group:politics#t0,The document is about politics.,rewrite,796,0,796,0,0,1.0,1.0,1.0,1200,0.9647160068846816,False,0.9341666666666667,False,0.0033542500023031607,1.0,False,20ng,20ng-N7951,gt,frac-0.10,7951
55,group:motor vehicles#t1,This text discusses motor vehicles.,exact-hit,0,0,0,0,0,1.0,1.0,1.0,800,0.9491945477075588,False,0.9575,False,4.21659933635965e-05,1.0,False,20ng,20ng-N7951,gt,frac-0.10,7951
56,leaf:atheism#t3,This article covers the topic of atheism.,rewrite,1156,400,756,0,0,1.0,1.0,1.0,400,0.91324200913242,False,1.0,False,0.002847417003067676,1.0,False,20ng,20ng-N7951,gt,frac-0.10,7951
57,union:atheism|gun control#u1,This text discusses either atheism or gun control.,rewrite,4396,4000,396,0,0,1.0,1.0,1.0,800,0.9330900243309003,False,0.95875,False,0.0025662089974503033,1.0,False,20ng,20ng-N7951,gt,frac-0.10,7951
58,leaf:cars#t2,The passage is related to cars.,rewrite,1156,400,756,0,0,1.0,1.0,1.0,400,0.91324200913242,False,1.0,False,0.002197041001636535,1.0,False,20ng,20ng-N7951,gt,frac-0.10,7951
59,group:sports#t2,The passage is related to sports.,exact-hit,0,0,0,0,0,1.0,1.0,1.0,800,0.9462647444298821,False,0.9025,False,5.916997906751931e-06,1.0,False,20ng,20ng-N7951,gt,frac-0.10,7951
60,group:motor vehicles#t2,The passage is related to motor vehicles.,exact-hit,0,0,0,0,0,1.0,1.0,1.0,800,0.9491945477075588,False,0.9575,False,3.3329997677356005e-06,1.0,False,20ng,20ng-N7951,gt,frac-0.10,7951
61,group:computers#t0,The document is about computers.,exact-hit,0,0,0,0,0,1.0,1.0,1.0,2000,0.979571499750872,False,0.983,False,3.25000291923061e-06,1.0,False,20ng,20ng-N7951,gt,frac-0.10,7951
62,union:medicine|the Microsoft Windows operating system#u0,The document is about medicine or about the Microsoft Windows operating system.,rewrite,4396,4000,396,0,0,1.0,1.0,1.0,800,0.9330900243309003,False,0.95875,False,0.0026037909992737696,1.0,False,20ng,20ng-N7951,gt,frac-0.10,7951
63,union:baseball|items for sale#u0,The document is about baseball or about items for sale.,rewrite,4036,3600,436,0,0,1.0,1.0,1.0,800,0.9304123711340206,False,0.9025,False,0.004844791998039,1.0,False,20ng,20ng-N7951,gt,frac-0.10,7951
64,union:atheism|medicine#u1,This text discusses either atheism or medicine.,rewrite,4036,3600,436,0,0,1.0,1.0,1.0,800,0.9330900243309003,False,0.95875,False,0.002637583005707711,1.0,False,20ng,20ng-N7951,gt,frac-0.10,7951
65,union:hockey|the X Window System#u1,This text discusses either hockey or the X Window System.,rewrite,4756,4400,356,0,0,1.0,1.0,1.0,800,0.9365079365079365,False,0.95875,False,0.002440165997541044,1.0,False,20ng,20ng-N7951,gt,frac-0.10,7951
66,leaf:cryptography#t0,The document is about cryptography.,rewrite,1156,400,756,0,0,1.0,1.0,1.0,400,0.91324200913242,False,1.0,False,0.002220832997409161,1.0,False,20ng,20ng-N7951,gt,frac-0.10,7951
67,leaf:motorcycles#t3,This article covers the topic of motorcycles.,rewrite,7591,0,796,6795,0,1.0,1.0,1.0,400,1.0,False,0.9175,False,0.0020547500025713816,1.0,False,20ng,20ng-N7951,gt,frac-0.10,7951
68,leaf:hockey#t1,This text discusses hockey.,exact-hit,0,0,0,0,0,1.0,1.0,1.0,400,0.9216589861751152,False,1.0,False,6.2920007621869445e-06,1.0,False,20ng,20ng-N7951,gt,frac-0.10,7951
69,leaf:baseball#t2,The passage is related to baseball.,exact-hit,0,0,0,0,0,1.0,1.0,1.0,400,0.91324200913242,False,1.0,False,3.416003892198205e-06,1.0,False,20ng,20ng-N7951,gt,frac-0.10,7951
70,group:motor vehicles#t0,The document is about motor vehicles.,exact-hit,0,0,0,0,0,1.0,1.0,1.0,800,,,,,2.958004188258201e-06,1.0,,20ng,20ng-N7951,gt,frac-0.10,7951
71,leaf:the Microsoft Windows operating system#t2,The passage is related to the Microsoft Windows operating system.,rewrite,7236,0,796,6440,0,1.0,1.0,1.0,400,0.9061728395061729,False,0.9175,False,0.002427542000077665,1.0,False,20ng,20ng-N7951,gt,frac-0.10,7951
72,leaf:motorcycles#t2,The passage is related to motorcycles.,exact-hit,0,0,0,0,0,1.0,1.0,1.0,400,0.9152119700748129,False,0.9175,False,5.4580013966187835e-06,1.0,False,20ng,20ng-N7951,gt,frac-0.10,7951
73,group:sports#t2,The passage is related to sports.,exact-hit,0,0,0,0,0,1.0,1.0,1.0,800,0.9462647444298821,False,0.9025,False,3.1669987947680056e-06,1.0,False,20ng,20ng-N7951,gt,frac-0.10,7951
74,union:Macintosh hardware|electronics#u1,This text discusses either Macintosh hardware or electronics.,rewrite,796,0,796,0,0,1.0,1.0,1.0,800,0.9491945477075588,False,0.9575,False,0.0026495830024941824,1.0,False,20ng,20ng-N7951,gt,frac-0.10,7951
75,leaf:Christianity#t3,This article covers the topic of Christianity.,exact-hit,0,0,0,0,0,1.0,1.0,1.0,400,0.91324200913242,False,1.0,False,7.000002369750291e-06,1.0,False,20ng,20ng-N7951,gt,frac-0.10,7951
76,group:sports#t2,The passage is related to sports.,exact-hit,0,0,0,0,0,1.0,1.0,1.0,800,0.9462647444298821,False,0.9025,False,2.458000381011516e-06,1.0,False,20ng,20ng-N7951,gt,frac-0.10,7951
77,leaf:religious debate#t3,This article covers the topic of religious debate.,rewrite,7636,0,796,6840,0,1.0,1.0,1.0,351,1.0,False,0.9088319088319088,False,0.00173004199314164,1.0,False,20ng,20ng-N7951,gt,frac-0.10,7951
78,union:atheism|baseball#u1,This text discusses either atheism or baseball.,rewrite,4036,3600,436,0,0,1.0,1.0,1.0,800,0.9304123711340206,False,0.9025,False,0.0031119159975787625,1.0,False,20ng,20ng-N7951,gt,frac-0.10,7951
79,leaf:items for sale#t2,The passage is related to items for sale.,rewrite,7243,0,796,6447,0,1.0,1.0,1.0,400,0.9197994987468672,False,0.9175,False,0.003841958001430612,1.0,False,20ng,20ng-N7951,gt,frac-0.10,7951
80,union:Macintosh hardware|religious debate#u0,The document is about Macintosh hardware or about religious debate.,rewrite,4756,4400,356,0,0,1.0,1.0,1.0,751,0.9313471502590673,False,0.9573901464713716,False,0.00864983400242636,1.0,False,20ng,20ng-N7951,gt,frac-0.10,7951
81,group:motor vehicles#t1,This text discusses motor vehicles.,exact-hit,0,0,0,0,0,1.0,1.0,1.0,800,0.9491945477075588,False,0.9575,False,1.3709002814721316e-05,1.0,False,20ng,20ng-N7951,gt,frac-0.10,7951
82,leaf:cars#t0,The document is about cars.,rewrite,7591,0,796,6795,0,1.0,1.0,1.0,400,1.0,False,0.9175,False,0.0023162500001490116,1.0,False,20ng,20ng-N7951,gt,frac-0.10,7951
83,leaf:PC hardware#t0,The document is about PC hardware.,rewrite,1156,400,756,0,0,1.0,1.0,1.0,400,0.91324200913242,False,1.0,False,0.013085250000585802,1.0,False,20ng,20ng-N7951,gt,frac-0.10,7951
84,group:religion#t2,The passage is related to religion.,rewrite,796,0,796,0,0,1.0,1.0,1.0,1151,0.9631956912028725,False,0.9322328410078193,False,0.003546957996150013,1.0,False,20ng,20ng-N7951,gt,frac-0.10,7951
85,union:Christianity|hockey#u0,The document is about Christianity or about hockey.,rewrite,3676,3200,476,0,0,1.0,1.0,1.0,800,0.9304123711340206,False,0.9025,False,0.0032210409990511835,1.0,False,20ng,20ng-N7951,gt,frac-0.10,7951
86,group:religion#t0,The document is about religion.,exact-hit,0,0,0,0,0,1.0,1.0,1.0,1151,0.9631956912028725,False,0.9322328410078193,False,1.195799995912239e-05,1.0,False,20ng,20ng-N7951,gt,frac-0.10,7951
87,union:atheism|computer graphics#u1,This text discusses either atheism or computer graphics.,rewrite,4396,4000,396,0,0,1.0,1.0,1.0,800,0.9304123711340206,False,0.9025,False,0.014938209002139047,1.0,False,20ng,20ng-N7951,gt,frac-0.10,7951
88,union:motorcycles|political debate#u1,This text discusses either motorcycles or political debate.,rewrite,4396,4000,396,0,0,1.0,1.0,1.0,800,0.9304123711340206,False,0.9025,False,0.02913345800334355,1.0,False,20ng,20ng-N7951,gt,frac-0.10,7951
89,group:motor vehicles#t0,The document is about motor vehicles.,exact-hit,0,0,0,0,0,1.0,1.0,1.0,800,,,,,2.1832995116710663e-05,1.0,,20ng,20ng-N7951,gt,frac-0.10,7951
90,union:PC hardware|political debate#u0,The document is about PC hardware or about political debate.,rewrite,4756,4400,356,0,0,1.0,1.0,1.0,800,0.9328165374677002,False,0.9025,False,0.0032994170032907277,1.0,False,20ng,20ng-N7951,gt,frac-0.10,7951
91,leaf:Macintosh hardware#t0,The document is about Macintosh hardware.,rewrite,1156,400,756,0,0,1.0,1.0,1.0,400,0.91324200913242,False,1.0,False,0.0025706659944262356,1.0,False,20ng,20ng-N7951,gt,frac-0.10,7951
92,leaf:items for sale#t1,This text discusses items for sale.,rewrite,7591,0,796,6795,0,1.0,1.0,1.0,400,1.0,False,0.9175,False,0.0023984170038602315,1.0,False,20ng,20ng-N7951,gt,frac-0.10,7951
93,leaf:the Microsoft Windows operating system#t0,The document is about the Microsoft Windows operating system.,rewrite,7591,0,796,6795,0,1.0,1.0,1.0,400,1.0,False,0.9175,False,0.0018530000015744008,1.0,False,20ng,20ng-N7951,gt,frac-0.10,7951
94,leaf:the Microsoft Windows operating system#t1,This text discusses the Microsoft Windows operating system.,exact-hit,0,0,0,0,0,1.0,1.0,1.0,400,0.9070294784580499,False,1.0,False,6.87500141793862e-06,1.0,False,20ng,20ng-N7951,gt,frac-0.10,7951
95,group:computers#t3,This article covers the topic of computers.,rewrite,796,0,796,0,0,1.0,1.0,1.0,2000,0.9772978959025471,False,0.8825,False,0.005271832997095771,1.0,False,20ng,20ng-N7951,gt,frac-0.10,7951
96,leaf:PC hardware#t1,This text discusses PC hardware.,rewrite,7591,0,796,6795,0,1.0,1.0,1.0,400,1.0,False,0.9175,False,0.002392375005001668,1.0,False,20ng,20ng-N7951,gt,frac-0.10,7951
97,leaf:cars#t2,The passage is related to cars.,exact-hit,0,0,0,0,0,1.0,1.0,1.0,400,0.91324200913242,False,1.0,False,7.208996976260096e-06,1.0,False,20ng,20ng-N7951,gt,frac-0.10,7951
98,union:Christianity|items for sale#u0,The document is about Christianity or about items for sale.,rewrite,4036,3600,436,0,0,1.0,1.0,1.0,800,0.9304123711340206,False,0.9025,False,0.0032880419967113994,1.0,False,20ng,20ng-N7951,gt,frac-0.10,7951
99,group:politics#t2,The passage is related to politics.,rewrite,796,0,796,0,0,1.0,1.0,1.0,1200,0.9647160068846816,False,0.9341666666666667,False,0.0076976670025032945,1.0,False,20ng,20ng-N7951,gt,frac-0.10,7951
100,leaf:gun control#t2,The passage is related to gun control.,rewrite,1156,400,756,0,0,1.0,1.0,1.0,400,0.91324200913242,False,1.0,False,0.0026798749968293123,1.0,False,20ng,20ng-N7951,gt,frac-0.10,7951
101,union:Middle East affairs|items for sale#u1,This text discusses either Middle East affairs or items for sale.,exact-hit,0,0,0,0,0,1.0,1.0,1.0,800,0.9342265529841657,False,0.95875,False,7.875001756474376e-06,1.0,False,20ng,20ng-N7951,gt,frac-0.10,7951
102,leaf:computer graphics#t3,This article covers the topic of computer graphics.,rewrite,7591,0,796,6795,0,1.0,1.0,1.0,400,1.0,False,0.9175,False,0.0019404170016059652,1.0,False,20ng,20ng-N7951,gt,frac-0.10,7951
103,leaf:religious debate#t3,This article covers the topic of religious debate.,exact-hit,0,0,0,0,0,1.0,1.0,1.0,351,1.0,False,0.9088319088319088,False,6.50000583846122e-06,1.0,False,20ng,20ng-N7951,gt,frac-0.10,7951
104,leaf:atheism#t3,This article covers the topic of atheism.,exact-hit,0,0,0,0,0,1.0,1.0,1.0,400,0.91324200913242,False,1.0,False,3.374996595084667e-06,1.0,False,20ng,20ng-N7951,gt,frac-0.10,7951
105,group:religion#t1,This text discusses religion.,exact-hit,0,0,0,0,0,1.0,1.0,1.0,1151,0.9631956912028725,False,0.9322328410078193,False,3.874993126373738e-06,1.0,False,20ng,20ng-N7951,gt,frac-0.10,7951
106,union:hockey|items for sale#u0,The document is about hockey or about items for sale.,rewrite,3676,3200,476,0,0,1.0,1.0,1.0,800,0.9304123711340206,False,0.9025,False,0.013099499999952968,1.0,False,20ng,20ng-N7951,gt,frac-0.10,7951
107,group:motor vehicles#t0,The document is about motor vehicles.,exact-hit,0,0,0,0,0,1.0,1.0,1.0,800,,,,,1.3999997463542968e-05,1.0,,20ng,20ng-N7951,gt,frac-0.10,7951
108,union:space exploration|the Microsoft Windows operating system#u1,This text discusses either space exploration or the Microsoft Windows operating system.,rewrite,5116,4800,316,0,0,1.0,1.0,1.0,800,0.9365079365079365,False,0.95875,False,0.0035664160022861324,1.0,False,20ng,20ng-N7951,gt,frac-0.10,7951
109,group:sports#t2,The passage is related to sports.,exact-hit,0,0,0,0,0,1.0,1.0,1.0,800,0.9462647444298821,False,0.9025,False,8.458999218419194e-06,1.0,False,20ng,20ng-N7951,gt,frac-0.10,7951
110,group:sports#t1,This text discusses sports.,exact-hit,0,0,0,0,0,1.0,1.0,1.0,800,0.9467455621301775,False,1.0,False,3.875000402331352e-06,1.0,False,20ng,20ng-N7951,gt,frac-0.10,7951
111,leaf:atheism#t3,This article covers the topic of atheism.,exact-hit,0,0,0,0,0,1.0,1.0,1.0,400,0.91324200913242,False,1.0,False,3.417000698391348e-06,1.0,False,20ng,20ng-N7951,gt,frac-0.10,7951
112,leaf:Middle East affairs#t2,The passage is related to Middle East affairs.,rewrite,1156,400,756,0,0,1.0,1.0,1.0,400,0.91324200913242,False,1.0,False,0.0027043750014854595,1.0,False,20ng,20ng-N7951,gt,frac-0.10,7951
113,union:Macintosh hardware|motorcycles#u1,This text discusses either Macintosh hardware or motorcycles.,rewrite,4756,4400,356,0,0,1.0,1.0,1.0,800,0.9328165374677002,False,0.9025,False,0.0035942500035162084,1.0,False,20ng,20ng-N7951,gt,frac-0.10,7951
114,union:political debate|religious debate#u0,The document is about political debate or about religious debate.,rewrite,4756,4400,356,0,0,1.0,1.0,1.0,751,0.928374655647383,False,0.8974700399467377,False,0.013876833996619098,1.0,False,20ng,20ng-N7951,gt,frac-0.10,7951
115,leaf:gun control#t3,This article covers the topic of gun control.,rewrite,7591,0,796,6795,0,1.0,1.0,1.0,400,1.0,False,0.9175,False,0.0030350419983733445,1.0,False,20ng,20ng-N7951,gt,frac-0.10,7951
116,leaf:medicine#t2,The passage is related to medicine.,rewrite,1156,400,756,0,0,1.0,1.0,1.0,400,0.91324200913242,False,1.0,False,0.002898083002946805,1.0,False,20ng,20ng-N7951,gt,frac-0.10,7951
117,group:politics#t1,This text discusses politics.,exact-hit,0,0,0,0,0,1.0,1.0,1.0,1200,0.967741935483871,False,1.0,False,1.0457995813339949e-05,1.0,False,20ng,20ng-N7951,gt,frac-0.10,7951
118,group:science#t2,The passage is related to science.,exact-hit,0,0,0,0,0,1.0,1.0,1.0,1600,0.9744866210329807,False,0.97875,False,5.4580013966187835e-06,1.0,False,20ng,20ng-N7951,gt,frac-0.10,7951
119,group:religion#t0,The document is about religion.,exact-hit,0,0,0,0,0,1.0,1.0,1.0,1151,0.9631956912028725,False,0.9322328410078193,False,5.708003300242126e-06,1.0,False,20ng,20ng-N7951,gt,frac-0.10,7951
0,group:motor vehicles#t0,The document is about motor vehicles.,cold,7951,7951,0,0,0,1.0,1.0,1.0,800,,,,,0.0002490420010872185,1.0,,20ng,20ng-N7951,gt,recall-only,7951
1,group:religion#t3,This article covers the topic of religion.,rewrite,7178,7151,27,0,0,1.0,1.0,1.0,1151,0.9200639488409272,False,,,0.006156125004054047,1.0,False,20ng,20ng-N7951,gt,recall-only,7951
2,leaf:religious debate#t0,The document is about religious debate.,rewrite,1954,1151,803,0,0,1.0,1.0,1.0,351,0.9236842105263158,False,,,0.0018895000030170195,1.0,False,20ng,20ng-N7951,gt,recall-only,7951
3,group:politics#t1,This text discusses politics.,rewrite,6078,6000,78,0,0,1.0,1.0,1.0,1200,0.9202453987730062,False,,,0.001746499998262152,1.0,False,20ng,20ng-N7951,gt,recall-only,7951
4,union:gun control|medicine#u0,The document is about gun control or about medicine.,rewrite,6119,6000,119,0,0,1.0,1.0,1.0,800,0.9216589861751152,False,,,0.0016449999966425821,1.0,False,20ng,20ng-N7951,gt,recall-only,7951
5,group:motor vehicles#t0,The document is about motor vehicles.,exact-hit,0,0,0,0,0,1.0,1.0,1.0,800,,,,,6.95799826644361e-06,1.0,,20ng,20ng-N7951,gt,recall-only,7951
6,group:politics#t1,This text discusses politics.,exact-hit,0,0,0,0,0,1.0,1.0,1.0,1200,0.9202453987730062,False,,,3.583998477552086e-06,1.0,False,20ng,20ng-N7951,gt,recall-only,7951
7,group:religion#t0,The document is about religion.,rewrite,404,0,404,0,0,1.0,1.0,1.0,1151,0.9204946996466431,False,,,0.011895041003299411,1.0,False,20ng,20ng-N7951,gt,recall-only,7951
8,leaf:political debate#t1,This text discusses political debate.,rewrite,1622,800,822,0,0,1.0,1.0,1.0,400,0.9237875288683602,False,,,0.009279958001570776,1.0,False,20ng,20ng-N7951,gt,recall-only,7951
9,group:sports#t1,This text discusses sports.,rewrite,4637,4400,237,0,0,1.0,1.0,1.0,800,0.9216589861751152,False,,,0.0019190829989383928,1.0,False,20ng,20ng-N7951,gt,recall-only,7951
10,group:science#t1,This text discusses science.,rewrite,4131,4000,131,0,0,1.0,1.0,1.0,1600,0.9200690051753881,False,,,0.002123750004102476,1.0,False,20ng,20ng-N7951,gt,recall-only,7951
11,leaf:hockey#t1,This text discusses hockey.,rewrite,1541,800,741,0,0,1.0,1.0,1.0,400,0.9237875288683602,False,,,0.001888457998575177,1.0,False,20ng,20ng-N7951,gt,recall-only,7951
12,leaf:religious debate#t2,The passage is related to religious debate.,rewrite,1317,0,1317,0,0,1.0,1.0,1.0,351,0.9273255813953488,False,,,0.00512449999951059,1.0,False,20ng,20ng-N7951,gt,recall-only,7951
13,leaf:political debate#t0,The document is about political debate.,rewrite,1060,0,1060,0,0,1.0,1.0,1.0,400,0.9236641221374046,False,,,0.008547249999537598,1.0,False,20ng,20ng-N7951,gt,recall-only,7951
14,leaf:items for sale#t3,This article covers the topic of items for sale.,rewrite,4219,3600,619,0,0,1.0,1.0,1.0,400,0.9259259259259259,False,,,0.009448165998037439,1.0,False,20ng,20ng-N7951,gt,recall-only,7951
15,leaf:Christianity#t3,This article covers the topic of Christianity.,rewrite,1622,800,822,0,0,1.0,1.0,1.0,400,0.9237875288683602,False,,,0.0018738750004558824,1.0,False,20ng,20ng-N7951,gt,recall-only,7951
16,union:electronics|hockey#u0,The document is about electronics or about hockey.,rewrite,3970,3600,370,0,0,1.0,1.0,1.0,800,0.9226118500604595,False,,,0.002344792002986651,1.0,False,20ng,20ng-N7951,gt,recall-only,7951
17,group:science#t2,The passage is related to science.,rewrite,251,0,251,0,0,1.0,1.0,1.0,1600,0.9204328453214513,False,,,0.002516458000172861,1.0,False,20ng,20ng-N7951,gt,recall-only,7951
18,group:computers#t1,This text discusses computers.,rewrite,4499,4400,99,0,0,1.0,1.0,1.0,2000,0.9199632014719411,False,,,0.0021566670038737357,1.0,False,20ng,20ng-N7951,gt,recall-only,7951
19,union:Macintosh hardware|items for sale#u1,This text discusses either Macintosh hardware or items for sale.,rewrite,3604,3200,404,0,0,1.0,1.0,1.0,800,0.9226118500604595,False,,,0.0023235829939949326,1.0,False,20ng,20ng-N7951,gt,recall-only,7951
20,group:motor vehicles#t3,This article covers the topic of motor vehicles.,rewrite,521,0,521,0,0,1.0,1.0,1.0,800,0.9211195928753181,False,,,0.0023187910046544857,1.0,False,20ng,20ng-N7951,gt,recall-only,7951
21,group:sports#t3,This article covers the topic of sports.,rewrite,568,0,568,0,0,1.0,1.0,1.0,800,0.9213197969543148,False,,,0.0026840420032385737,1.0,False,20ng,20ng-N7951,gt,recall-only,7951
22,group:motor vehicles#t3,This article covers the topic of motor vehicles.,exact-hit,0,0,0,0,0,1.0,1.0,1.0,800,0.9211195928753181,False,,,7.74999352870509e-06,1.0,False,20ng,20ng-N7951,gt,recall-only,7951
23,group:motor vehicles#t3,This article covers the topic of motor vehicles.,exact-hit,0,0,0,0,0,1.0,1.0,1.0,800,0.9211195928753181,False,,,2.792003215290606e-06,1.0,False,20ng,20ng-N7951,gt,recall-only,7951
24,union:PC hardware|cryptography#u0,The document is about PC hardware or about cryptography.,rewrite,4280,4000,280,0,0,1.0,1.0,1.0,800,0.9216589861751152,False,,,0.0019799169967882335,1.0,False,20ng,20ng-N7951,gt,recall-only,7951
25,leaf:political debate#t1,This text discusses political debate.,exact-hit,0,0,0,0,0,1.0,1.0,1.0,400,0.9237875288683602,False,,,8.875002095010132e-06,1.0,False,20ng,20ng-N7951,gt,recall-only,7951
26,union:Macintosh hardware|space exploration#u1,This text discusses either Macintosh hardware or space exploration.,rewrite,4651,4400,251,0,0,1.0,1.0,1.0,800,0.9216589861751152,False,,,0.0018794580028043129,1.0,False,20ng,20ng-N7951,gt,recall-only,7951
27,leaf:baseball#t2,The passage is related to baseball.,rewrite,1268,400,868,0,0,1.0,1.0,1.0,400,0.9237875288683602,False,,,0.0019107499974779785,1.0,False,20ng,20ng-N7951,gt,recall-only,7951
28,group:computers#t0,The document is about computers.,rewrite,197,0,197,0,0,1.0,1.0,1.0,2000,0.920061099796334,False,,,0.002573457997641526,1.0,False,20ng,20ng-N7951,gt,recall-only,7951
29,leaf:baseball#t3,This article covers the topic of baseball.,rewrite,1060,0,1060,0,0,1.0,1.0,1.0,400,0.9236641221374046,False,,,0.0051333329975022934,1.0,False,20ng,20ng-N7951,gt,recall-only,7951
30,leaf:electronics#t0,The document is about electronics.,rewrite,1268,400,868,0,0,1.0,1.0,1.0,400,0.9237875288683602,False,,,0.002129790998878889,1.0,False,20ng,20ng-N7951,gt,recall-only,7951
31,union:PC hardware|items for sale#u1,This text discusses either PC hardware or items for sale.,rewrite,4336,4000,336,0,0,1.0,1.0,1.0,800,0.9226118500604595,False,,,0.002458957998896949,1.0,False,20ng,20ng-N7951,gt,recall-only,7951
32,union:computer graphics|motorcycles#u0,The document is about computer graphics or about motorcycles.,rewrite,4280,4000,280,0,0,1.0,1.0,1.0,800,0.9216589861751152,False,,,0.0020001250013592653,1.0,False,20ng,20ng-N7951,gt,recall-only,7951
33,union:Macintosh hardware|electronics#u0,The document is about Macintosh hardware or about electronics.,rewrite,3970,3600,370,0,0,1.0,1.0,1.0,800,0.9226118500604595,False,,,0.002965542000310961,1.0,False,20ng,20ng-N7951,gt,recall-only,7951
34,group:computers#t1,This text discusses computers.,exact-hit,0,0,0,0,0,1.0,1.0,1.0,2000,0.9199632014719411,False,,,1.774999691406265e-05,1.0,False,20ng,20ng-N7951,gt,recall-only,7951
35,group:religion#t1,This text discusses religion.,rewrite,404,0,404,0,0,1.0,1.0,1.0,1151,0.9204946996466431,False,,,0.004539749999821652,1.0,False,20ng,20ng-N7951,gt,recall-only,7951
36,group:computers#t0,The document is about computers.,exact-hit,0,0,0,0,0,1.0,1.0,1.0,2000,0.920061099796334,False,,,1.1791998986154795e-05,1.0,False,20ng,20ng-N7951,gt,recall-only,7951
37,union:Middle East affairs|items for sale#u1,This text discusses either Middle East affairs or items for sale.,rewrite,3970,3600,370,0,0,1.0,1.0,1.0,800,0.9226118500604595,False,,,0.0025927089955075644,1.0,False,20ng,20ng-N7951,gt,recall-only,7951
38,leaf:the Microsoft Windows operating system#t1,This text discusses the Microsoft Windows operating system.,rewrite,2030,1200,830,0,0,1.0,1.0,1.0,400,0.9237875288683602,False,,,0.0042560419969959185,1.0,False,20ng,20ng-N7951,gt,recall-only,7951
39,group:sports#t2,The passage is related to sports.,rewrite,568,0,568,0,0,1.0,1.0,1.0,800,0.9213197969543148,False,,,0.0029818329931003973,1.0,False,20ng,20ng-N7951,gt,recall-only,7951
40,leaf:motorcycles#t0,The document is about motorcycles.,rewrite,1268,400,868,0,0,1.0,1.0,1.0,400,0.9237875288683602,False,,,0.002209042002505157,1.0,False,20ng,20ng-N7951,gt,recall-only,7951
41,group:motor vehicles#t0,The document is about motor vehicles.,exact-hit,0,0,0,0,0,1.0,1.0,1.0,800,,,,,9.417002729605883e-06,1.0,,20ng,20ng-N7951,gt,recall-only,7951
42,union:Christianity|political debate#u1,This text discusses either Christianity or political debate.,rewrite,4363,4000,363,0,0,1.0,1.0,1.0,800,0.9224904701397713,False,,,0.006297874999290798,1.0,False,20ng,20ng-N7951,gt,recall-only,7951
43,group:motor vehicles#t2,The passage is related to motor vehicles.,rewrite,521,0,521,0,0,1.0,1.0,1.0,800,0.9211195928753181,False,,,0.002608041002531536,1.0,False,20ng,20ng-N7951,gt,recall-only,7951
44,leaf:motorcycles#t2,The passage is related to motorcycles.,rewrite,1154,0,1154,0,0,1.0,1.0,1.0,400,0.9260204081632653,False,,,0.0024658330003148876,1.0,False,20ng,20ng-N7951,gt,recall-only,7951
45,group:motor vehicles#t1,This text discusses motor vehicles.,rewrite,521,0,521,0,0,1.0,1.0,1.0,800,0.9211195928753181,False,,,0.0025369169961777516,1.0,False,20ng,20ng-N7951,gt,recall-only,7951
46,group:religion#t0,The document is about religion.,exact-hit,0,0,0,0,0,1.0,1.0,1.0,1151,0.9204946996466431,False,,,1.316699490416795e-05,1.0,False,20ng,20ng-N7951,gt,recall-only,7951
47,group:sports#t3,This article covers the topic of sports.,exact-hit,0,0,0,0,0,1.0,1.0,1.0,800,0.9213197969543148,False,,,4.875000740867108e-06,1.0,False,20ng,20ng-N7951,gt,recall-only,7951
48,union:Macintosh hardware|cars#u1,This text discusses either Macintosh hardware or cars.,rewrite,5017,4800,217,0,0,1.0,1.0,1.0,800,0.9216589861751152,False,,,0.0021964170009596273,1.0,False,20ng,20ng-N7951,gt,recall-only,7951
49,leaf:computer graphics#t1,This text discusses computer graphics.,rewrite,1268,400,868,0,0,1.0,1.0,1.0,400,0.9237875288683602,False,,,0.002977333999297116,1.0,False,20ng,20ng-N7951,gt,recall-only,7951
50,union:atheism|hockey#u1,This text discusses either atheism or hockey.,rewrite,4695,4400,295,0,0,1.0,1.0,1.0,800,0.9226118500604595,False,,,0.002501167000446003,1.0,False,20ng,20ng-N7951,gt,recall-only,7951
51,leaf:items for sale#t0,The document is about items for sale.,rewrite,1154,0,1154,0,0,1.0,1.0,1.0,400,0.9260204081632653,False,,,0.004095249998499639,1.0,False,20ng,20ng-N7951,gt,recall-only,7951
52,leaf:baseball#t0,The document is about baseball.,rewrite,1154,0,1154,0,0,1.0,1.0,1.0,400,0.9260204081632653,False,,,0.0026052079992950894,1.0,False,20ng,20ng-N7951,gt,recall-only,7951
53,union:hockey|motorcycles#u0,The document is about hockey or about motorcycles.,rewrite,4357,4000,357,0,0,1.0,1.0,1.0,800,0.9224904701397713,False,,,0.005965917000139598,1.0,False,20ng,20ng-N7951,gt,recall-only,7951
54,group:politics#t0,The document is about politics.,rewrite,389,0,389,0,0,1.0,1.0,1.0,1200,0.9203389830508475,False,,,0.008701958002347965,1.0,False,20ng,20ng-N7951,gt,recall-only,7951
55,group:motor vehicles#t1,This text discusses motor vehicles.,exact-hit,0,0,0,0,0,1.0,1.0,1.0,800,0.9211195928753181,False,,,1.1374999303370714e-05,1.0,False,20ng,20ng-N7951,gt,recall-only,7951
56,leaf:atheism#t3,This article covers the topic of atheism.,rewrite,1268,400,868,0,0,1.0,1.0,1.0,400,0.9237875288683602,False,,,0.0026706670032581314,1.0,False,20ng,20ng-N7951,gt,recall-only,7951
57,union:atheism|gun control#u1,This text discusses either atheism or gun control.,rewrite,4342,4000,342,0,0,1.0,1.0,1.0,800,0.9226118500604595,False,,,0.0026622500008670613,1.0,False,20ng,20ng-N7951,gt,recall-only,7951
58,leaf:cars#t2,The passage is related to cars.,rewrite,1268,400,868,0,0,1.0,1.0,1.0,400,0.9237875288683602,False,,,0.0022498329999507405,1.0,False,20ng,20ng-N7951,gt,recall-only,7951
59,group:sports#t2,The passage is related to sports.,exact-hit,0,0,0,0,0,1.0,1.0,1.0,800,0.9213197969543148,False,,,6.624999514315277e-06,1.0,False,20ng,20ng-N7951,gt,recall-only,7951
60,group:motor vehicles#t2,The passage is related to motor vehicles.,exact-hit,0,0,0,0,0,1.0,1.0,1.0,800,0.9211195928753181,False,,,3.6249984987080097e-06,1.0,False,20ng,20ng-N7951,gt,recall-only,7951
61,group:computers#t0,The document is about computers.,exact-hit,0,0,0,0,0,1.0,1.0,1.0,2000,0.920061099796334,False,,,3.0000010156072676e-06,1.0,False,20ng,20ng-N7951,gt,recall-only,7951
62,union:medicine|the Microsoft Windows operating system#u0,The document is about medicine or about the Microsoft Windows operating system.,rewrite,4342,4000,342,0,0,1.0,1.0,1.0,800,0.9226118500604595,False,,,0.0026577919998089783,1.0,False,20ng,20ng-N7951,gt,recall-only,7951
63,union:baseball|items for sale#u0,The document is about baseball or about items for sale.,rewrite,3999,3600,399,0,0,1.0,1.0,1.0,800,0.9224904701397713,False,,,0.003029874998901505,1.0,False,20ng,20ng-N7951,gt,recall-only,7951
64,union:atheism|medicine#u1,This text discusses either atheism or medicine.,rewrite,3976,3600,376,0,0,1.0,1.0,1.0,800,0.9226118500604595,False,,,0.005293375004839618,1.0,False,20ng,20ng-N7951,gt,recall-only,7951
65,union:hockey|the X Window System#u1,This text discusses either hockey or the X Window System.,rewrite,4695,4400,295,0,0,1.0,1.0,1.0,800,0.9226118500604595,False,,,0.007571041998744477,1.0,False,20ng,20ng-N7951,gt,recall-only,7951
66,leaf:cryptography#t0,The document is about cryptography.,rewrite,1268,400,868,0,0,1.0,1.0,1.0,400,0.9237875288683602,False,,,0.017487708006228786,1.0,False,20ng,20ng-N7951,gt,recall-only,7951
67,leaf:motorcycles#t3,This article covers the topic of motorcycles.,rewrite,1154,0,1154,0,0,1.0,1.0,1.0,400,0.9260204081632653,False,,,0.010204790996795055,1.0,False,20ng,20ng-N7951,gt,recall-only,7951
68,leaf:hockey#t1,This text discusses hockey.,exact-hit,0,0,0,0,0,1.0,1.0,1.0,400,0.9237875288683602,False,,,1.0166004358325154e-05,1.0,False,20ng,20ng-N7951,gt,recall-only,7951
69,leaf:baseball#t2,The passage is related to baseball.,exact-hit,0,0,0,0,0,1.0,1.0,1.0,400,0.9237875288683602,False,,,3.7080026231706142e-06,1.0,False,20ng,20ng-N7951,gt,recall-only,7951
70,group:motor vehicles#t0,The document is about motor vehicles.,exact-hit,0,0,0,0,0,1.0,1.0,1.0,800,,,,,3.792003553826362e-06,1.0,,20ng,20ng-N7951,gt,recall-only,7951
71,leaf:the Microsoft Windows operating system#t2,The passage is related to the Microsoft Windows operating system.,rewrite,1154,0,1154,0,0,1.0,1.0,1.0,400,0.9260204081632653,False,,,0.00982812500296859,1.0,False,20ng,20ng-N7951,gt,recall-only,7951
72,leaf:motorcycles#t2,The passage is related to motorcycles.,exact-hit,0,0,0,0,0,1.0,1.0,1.0,400,0.9260204081632653,False,,,1.4375000318977982e-05,1.0,False,20ng,20ng-N7951,gt,recall-only,7951
73,group:sports#t2,The passage is related to sports.,exact-hit,0,0,0,0,0,1.0,1.0,1.0,800,0.9213197969543148,False,,,4.708999767899513e-06,1.0,False,20ng,20ng-N7951,gt,recall-only,7951
74,union:Macintosh hardware|electronics#u1,This text discusses either Macintosh hardware or electronics.,rewrite,521,0,521,0,0,1.0,1.0,1.0,800,0.9211195928753181,False,,,0.01341333299933467,1.0,False,20ng,20ng-N7951,gt,recall-only,7951
75,leaf:Christianity#t3,This article covers the topic of Christianity.,exact-hit,0,0,0,0,0,1.0,1.0,1.0,400,0.9237875288683602,False,,,2.7833004423882812e-05,1.0,False,20ng,20ng-N7951,gt,recall-only,7951
76,group:sports#t2,The passage is related to sports.,exact-hit,0,0,0,0,0,1.0,1.0,1.0,800,0.9213197969543148,False,,,1.3084005331620574e-05,1.0,False,20ng,20ng-N7951,gt,recall-only,7951
77,leaf:religious debate#t3,This article covers the topic of religious debate.,rewrite,1209,0,1209,0,0,1.0,1.0,1.0,351,0.9246376811594202,False,,,0.018679583998164162,1.0,False,20ng,20ng-N7951,gt,recall-only,7951
78,union:atheism|baseball#u1,This text discusses either atheism or baseball.,rewrite,3999,3600,399,0,0,1.0,1.0,1.0,800,0.9224904701397713,False,,,0.003281957993749529,1.0,False,20ng,20ng-N7951,gt,recall-only,7951
79,leaf:items for sale#t2,The passage is related to items for sale.,rewrite,1154,0,1154,0,0,1.0,1.0,1.0,400,0.9260204081632653,False,,,0.012413958000252023,1.0,False,20ng,20ng-N7951,gt,recall-only,7951
80,union:Macintosh hardware|religious debate#u0,The document is about Macintosh hardware or about religious debate.,rewrite,4716,4400,316,0,0,1.0,1.0,1.0,751,0.9229781771501926,False,,,0.008960583996667992,1.0,False,20ng,20ng-N7951,gt,recall-only,7951
81,group:motor vehicles#t1,This text discusses motor vehicles.,exact-hit,0,0,0,0,0,1.0,1.0,1.0,800,0.9211195928753181,False,,,1.1916999937966466e-05,1.0,False,20ng,20ng-N7951,gt,recall-only,7951
82,leaf:cars#t0,The document is about cars.,rewrite,1154,0,1154,0,0,1.0,1.0,1.0,400,0.9260204081632653,False,,,0.01566195900522871,1.0,False,20ng,20ng-N7951,gt,recall-only,7951
83,leaf:PC hardware#t0,The document is about PC hardware.,rewrite,1268,400,868,0,0,1.0,1.0,1.0,400,0.9237875288683602,False,,,0.011611334004555829,1.0,False,20ng,20ng-N7951,gt,recall-only,7951
84,group:religion#t2,The passage is related to religion.,rewrite,404,0,404,0,0,1.0,1.0,1.0,1151,0.9204946996466431,False,,,0.007607957995787729,1.0,False,20ng,20ng-N7951,gt,recall-only,7951
85,union:Christianity|hockey#u0,The document is about Christianity or about hockey.,rewrite,3635,3200,435,0,0,1.0,1.0,1.0,800,0.9224904701397713,False,,,0.01668325000355253,1.0,False,20ng,20ng-N7951,gt,recall-only,7951
86,group:religion#t0,The document is about religion.,exact-hit,0,0,0,0,0,1.0,1.0,1.0,1151,0.9204946996466431,False,,,1.308399805566296e-05,1.0,False,20ng,20ng-N7951,gt,recall-only,7951
87,union:atheism|computer graphics#u1,This text discusses either atheism or computer graphics.,rewrite,4363,4000,363,0,0,1.0,1.0,1.0,800,0.9224904701397713,False,,,0.01046791700355243,1.0,False,20ng,20ng-N7951,gt,recall-only,7951
88,union:motorcycles|political debate#u1,This text discusses either motorcycles or political debate.,rewrite,4363,4000,363,0,0,1.0,1.0,1.0,800,0.9224904701397713,False,,,0.0031985419991542585,1.0,False,20ng,20ng-N7951,gt,recall-only,7951
89,group:motor vehicles#t0,The document is about motor vehicles.,exact-hit,0,0,0,0,0,1.0,1.0,1.0,800,,,,,1.0084004316013306e-05,1.0,,20ng,20ng-N7951,gt,recall-only,7951
90,union:PC hardware|political debate#u0,The document is about PC hardware or about political debate.,rewrite,4722,4400,322,0,0,1.0,1.0,1.0,800,0.9224904701397713,False,,,0.0031967500035534613,1.0,False,20ng,20ng-N7951,gt,recall-only,7951
91,leaf:Macintosh hardware#t0,The document is about Macintosh hardware.,rewrite,1268,400,868,0,0,1.0,1.0,1.0,400,0.9237875288683602,False,,,0.006231457999092527,1.0,False,20ng,20ng-N7951,gt,recall-only,7951
92,leaf:items for sale#t1,This text discusses items for sale.,rewrite,1154,0,1154,0,0,1.0,1.0,1.0,400,0.9260204081632653,False,,,0.002925917004176881,1.0,False,20ng,20ng-N7951,gt,recall-only,7951
93,leaf:the Microsoft Windows operating system#t0,The document is about the Microsoft Windows operating system.,rewrite,1060,0,1060,0,0,1.0,1.0,1.0,400,0.9236641221374046,False,,,0.002663792001840193,1.0,False,20ng,20ng-N7951,gt,recall-only,7951
94,leaf:the Microsoft Windows operating system#t1,This text discusses the Microsoft Windows operating system.,exact-hit,0,0,0,0,0,1.0,1.0,1.0,400,0.9237875288683602,False,,,6.207999831531197e-06,1.0,False,20ng,20ng-N7951,gt,recall-only,7951
95,group:computers#t3,This article covers the topic of computers.,rewrite,414,0,414,0,0,1.0,1.0,1.0,2000,0.9196563921172309,False,,,0.012481457997637335,1.0,False,20ng,20ng-N7951,gt,recall-only,7951
96,leaf:PC hardware#t1,This text discusses PC hardware.,rewrite,1154,0,1154,0,0,1.0,1.0,1.0,400,0.9260204081632653,False,,,0.0037900829993304797,1.0,False,20ng,20ng-N7951,gt,recall-only,7951
97,leaf:cars#t2,The passage is related to cars.,exact-hit,0,0,0,0,0,1.0,1.0,1.0,400,0.9237875288683602,False,,,1.1292002454865724e-05,1.0,False,20ng,20ng-N7951,gt,recall-only,7951
98,union:Christianity|items for sale#u0,The document is about Christianity or about items for sale.,rewrite,3999,3600,399,0,0,1.0,1.0,1.0,800,0.9224904701397713,False,,,0.0035857089969795197,1.0,False,20ng,20ng-N7951,gt,recall-only,7951
99,group:politics#t2,The passage is related to politics.,rewrite,389,0,389,0,0,1.0,1.0,1.0,1200,0.9203389830508475,False,,,0.003674792002129834,1.0,False,20ng,20ng-N7951,gt,recall-only,7951
100,leaf:gun control#t2,The passage is related to gun control.,rewrite,1268,400,868,0,0,1.0,1.0,1.0,400,0.9237875288683602,False,,,0.0025301659989054315,1.0,False,20ng,20ng-N7951,gt,recall-only,7951
101,union:Middle East affairs|items for sale#u1,This text discusses either Middle East affairs or items for sale.,exact-hit,0,0,0,0,0,1.0,1.0,1.0,800,0.9226118500604595,False,,,7.250004273373634e-06,1.0,False,20ng,20ng-N7951,gt,recall-only,7951
102,leaf:computer graphics#t3,This article covers the topic of computer graphics.,rewrite,1060,0,1060,0,0,1.0,1.0,1.0,400,0.9236641221374046,False,,,0.002764874996501021,1.0,False,20ng,20ng-N7951,gt,recall-only,7951
103,leaf:religious debate#t3,This article covers the topic of religious debate.,exact-hit,0,0,0,0,0,1.0,1.0,1.0,351,0.9246376811594202,False,,,6.624999514315277e-06,1.0,False,20ng,20ng-N7951,gt,recall-only,7951
104,leaf:atheism#t3,This article covers the topic of atheism.,exact-hit,0,0,0,0,0,1.0,1.0,1.0,400,0.9237875288683602,False,,,2.8750000637955964e-06,1.0,False,20ng,20ng-N7951,gt,recall-only,7951
105,group:religion#t1,This text discusses religion.,exact-hit,0,0,0,0,0,1.0,1.0,1.0,1151,0.9204946996466431,False,,,3.16700607072562e-06,1.0,False,20ng,20ng-N7951,gt,recall-only,7951
106,union:hockey|items for sale#u0,The document is about hockey or about items for sale.,rewrite,3635,3200,435,0,0,1.0,1.0,1.0,800,0.9224904701397713,False,,,0.003260208002757281,1.0,False,20ng,20ng-N7951,gt,recall-only,7951
107,group:motor vehicles#t0,The document is about motor vehicles.,exact-hit,0,0,0,0,0,1.0,1.0,1.0,800,,,,,1.0749994544312358e-05,1.0,,20ng,20ng-N7951,gt,recall-only,7951
108,union:space exploration|the Microsoft Windows operating system#u1,This text discusses either space exploration or the Microsoft Windows operating system.,rewrite,5062,4800,262,0,0,1.0,1.0,1.0,800,0.9226118500604595,False,,,0.002809666999382898,1.0,False,20ng,20ng-N7951,gt,recall-only,7951
109,group:sports#t2,The passage is related to sports.,exact-hit,0,0,0,0,0,1.0,1.0,1.0,800,0.9213197969543148,False,,,8.999995770864189e-06,1.0,False,20ng,20ng-N7951,gt,recall-only,7951
110,group:sports#t1,This text discusses sports.,exact-hit,0,0,0,0,0,1.0,1.0,1.0,800,0.9216589861751152,False,,,3.4999975468963385e-06,1.0,False,20ng,20ng-N7951,gt,recall-only,7951
111,leaf:atheism#t3,This article covers the topic of atheism.,exact-hit,0,0,0,0,0,1.0,1.0,1.0,400,0.9237875288683602,False,,,3.374996595084667e-06,1.0,False,20ng,20ng-N7951,gt,recall-only,7951
112,leaf:Middle East affairs#t2,The passage is related to Middle East affairs.,rewrite,1268,400,868,0,0,1.0,1.0,1.0,400,0.9237875288683602,False,,,0.002554958002292551,1.0,False,20ng,20ng-N7951,gt,recall-only,7951
113,union:Macintosh hardware|motorcycles#u1,This text discusses either Macintosh hardware or motorcycles.,rewrite,4722,4400,322,0,0,1.0,1.0,1.0,800,0.9224904701397713,False,,,0.003205499997420702,1.0,False,20ng,20ng-N7951,gt,recall-only,7951
114,union:political debate|religious debate#u0,The document is about political debate or about religious debate.,rewrite,4742,4400,342,0,0,1.0,1.0,1.0,751,0.9228687415426252,False,,,0.003505542001221329,1.0,False,20ng,20ng-N7951,gt,recall-only,7951
115,leaf:gun control#t3,This article covers the topic of gun control.,rewrite,1154,0,1154,0,0,1.0,1.0,1.0,400,0.9260204081632653,False,,,0.002968834000057541,1.0,False,20ng,20ng-N7951,gt,recall-only,7951
116,leaf:medicine#t2,The passage is related to medicine.,rewrite,1268,400,868,0,0,1.0,1.0,1.0,400,0.9237875288683602,False,,,0.0025588330026948825,1.0,False,20ng,20ng-N7951,gt,recall-only,7951
117,group:politics#t1,This text discusses politics.,exact-hit,0,0,0,0,0,1.0,1.0,1.0,1200,0.9202453987730062,False,,,7.208996976260096e-06,1.0,False,20ng,20ng-N7951,gt,recall-only,7951
118,group:science#t2,The passage is related to science.,exact-hit,0,0,0,0,0,1.0,1.0,1.0,1600,0.9204328453214513,False,,,3.458997525740415e-06,1.0,False,20ng,20ng-N7951,gt,recall-only,7951
119,group:religion#t0,The document is about religion.,exact-hit,0,0,0,0,0,1.0,1.0,1.0,1151,0.9204946996466431,False,,,3.25000291923061e-06,1.0,False,20ng,20ng-N7951,gt,recall-only,7951
0,group:motor vehicles#t0,The document is about motor vehicles.,cold,7951,7951,0,0,0,1.0,1.0,1.0,800,,,,,0.00023675000556977466,1.0,,20ng,20ng-N7951,gt,recall-trust,7951
1,group:religion#t3,This article covers the topic of religion.,rewrite,7178,7151,27,0,0,1.0,1.0,1.0,1151,0.9200639488409272,False,,,0.0016552920060348697,1.0,False,20ng,20ng-N7951,gt,recall-trust,7951
2,leaf:religious debate#t0,The document is about religious debate.,rewrite,1954,1151,803,0,0,1.0,1.0,1.0,351,0.9236842105263158,False,,,0.0017727079975884408,1.0,False,20ng,20ng-N7951,gt,recall-trust,7951
3,group:politics#t1,This text discusses politics.,rewrite,6078,6000,78,0,0,1.0,1.0,1.0,1200,0.9202453987730062,False,,,0.00175366600160487,1.0,False,20ng,20ng-N7951,gt,recall-trust,7951
4,union:gun control|medicine#u0,The document is about gun control or about medicine.,rewrite,6119,6000,119,0,0,1.0,1.0,1.0,800,0.9216589861751152,False,,,0.015576625002722722,1.0,False,20ng,20ng-N7951,gt,recall-trust,7951
5,group:motor vehicles#t0,The document is about motor vehicles.,exact-hit,0,0,0,0,0,1.0,1.0,1.0,800,,,,,9.249997674487531e-06,1.0,,20ng,20ng-N7951,gt,recall-trust,7951
6,group:politics#t1,This text discusses politics.,exact-hit,0,0,0,0,0,1.0,1.0,1.0,1200,0.9202453987730062,False,,,3.8330035749822855e-06,1.0,False,20ng,20ng-N7951,gt,recall-trust,7951
7,group:religion#t0,The document is about religion.,rewrite,6800,0,0,6800,0,1.0,1.0,1.0,1151,1.0,False,,,0.0004255839958204888,1.0,False,20ng,20ng-N7951,gt,recall-trust,7951
8,leaf:political debate#t1,This text discusses political debate.,rewrite,1622,800,822,0,0,1.0,1.0,1.0,400,0.9237875288683602,False,,,0.0017646670021349564,1.0,False,20ng,20ng-N7951,gt,recall-trust,7951
9,group:sports#t1,This text discusses sports.,rewrite,4637,4400,237,0,0,1.0,1.0,1.0,800,0.9216589861751152,False,,,0.0017985000013140962,1.0,False,20ng,20ng-N7951,gt,recall-trust,7951
10,group:science#t1,This text discusses science.,rewrite,4131,4000,131,0,0,1.0,1.0,1.0,1600,0.9200690051753881,False,,,0.002057249999779742,1.0,False,20ng,20ng-N7951,gt,recall-trust,7951
11,leaf:hockey#t1,This text discusses hockey.,rewrite,1541,800,741,0,0,1.0,1.0,1.0,400,0.9237875288683602,False,,,0.0018410839984426275,1.0,False,20ng,20ng-N7951,gt,recall-trust,7951
12,leaf:religious debate#t2,The passage is related to religious debate.,rewrite,7600,0,0,7600,0,1.0,1.0,1.0,351,1.0,False,,,0.0022391669990611263,1.0,False,20ng,20ng-N7951,gt,recall-trust,7951
13,leaf:political debate#t0,The document is about political debate.,rewrite,7551,0,0,7551,0,1.0,1.0,1.0,400,1.0,False,,,0.00037483299820451066,1.0,False,20ng,20ng-N7951,gt,recall-trust,7951
14,leaf:items for sale#t3,This article covers the topic of items for sale.,rewrite,4219,3600,619,0,0,1.0,1.0,1.0,400,0.9259259259259259,False,,,0.001895917004731018,1.0,False,20ng,20ng-N7951,gt,recall-trust,7951
15,leaf:Christianity#t3,This article covers the topic of Christianity.,rewrite,1622,800,822,0,0,1.0,1.0,1.0,400,0.9237875288683602,False,,,0.0018110839955625124,1.0,False,20ng,20ng-N7951,gt,recall-trust,7951
16,union:electronics|hockey#u0,The document is about electronics or about hockey.,rewrite,4162,3600,562,0,0,1.0,1.0,1.0,800,0.9259259259259259,False,,,0.0018326249992242083,1.0,False,20ng,20ng-N7951,gt,recall-trust,7951
17,group:science#t2,The passage is related to science.,rewrite,6351,0,0,6351,0,1.0,1.0,1.0,1600,1.0,False,,,0.0005691670012311079,1.0,False,20ng,20ng-N7951,gt,recall-trust,7951
18,group:computers#t1,This text discusses computers.,rewrite,4499,4400,99,0,0,1.0,1.0,1.0,2000,0.9199632014719411,False,,,0.002212416999100242,1.0,False,20ng,20ng-N7951,gt,recall-trust,7951
19,union:Macintosh hardware|items for sale#u1,This text discusses either Macintosh hardware or items for sale.,rewrite,3819,3200,619,0,0,1.0,1.0,1.0,800,0.9259259259259259,False,,,0.0019395839990465902,1.0,False,20ng,20ng-N7951,gt,recall-trust,7951
20,group:motor vehicles#t3,This article covers the topic of motor vehicles.,rewrite,7151,0,0,7151,0,1.0,1.0,1.0,800,1.0,False,,,0.0004779579976457171,1.0,False,20ng,20ng-N7951,gt,recall-trust,7951
21,group:sports#t3,This article covers the topic of sports.,rewrite,7151,0,0,7151,0,1.0,1.0,1.0,800,1.0,False,,,0.00044508299470180646,1.0,False,20ng,20ng-N7951,gt,recall-trust,7951
22,group:motor vehicles#t3,This article covers the topic of motor vehicles.,exact-hit,0,0,0,0,0,1.0,1.0,1.0,800,1.0,False,,,5.959002010058612e-06,1.0,False,20ng,20ng-N7951,gt,recall-trust,7951
23,group:motor vehicles#t3,This article covers the topic of motor vehicles.,exact-hit,0,0,0,0,0,1.0,1.0,1.0,800,1.0,False,,,2.4170003598555923e-06,1.0,False,20ng,20ng-N7951,gt,recall-trust,7951
24,union:PC hardware|cryptography#u0,The document is about PC hardware or about cryptography.,rewrite,4280,4000,280,0,0,1.0,1.0,1.0,800,0.9216589861751152,False,,,0.001999041000090074,1.0,False,20ng,20ng-N7951,gt,recall-trust,7951
25,leaf:political debate#t1,This text discusses political debate.,exact-hit,0,0,0,0,0,1.0,1.0,1.0,400,0.9237875288683602,False,,,8.874994819052517e-06,1.0,False,20ng,20ng-N7951,gt,recall-trust,7951
26,union:Macintosh hardware|space exploration#u1,This text discusses either Macintosh hardware or space exploration.,rewrite,4651,4400,251,0,0,1.0,1.0,1.0,800,0.9216589861751152,False,,,0.0019568749994505197,1.0,False,20ng,20ng-N7951,gt,recall-trust,7951
27,leaf:baseball#t2,The passage is related to baseball.,rewrite,1268,400,868,0,0,1.0,1.0,1.0,400,0.9237875288683602,False,,,0.002020457999606151,1.0,False,20ng,20ng-N7951,gt,recall-trust,7951
28,group:computers#t0,The document is about computers.,rewrite,5951,0,0,5951,0,1.0,1.0,1.0,2000,1.0,False,,,0.0006846670003142208,1.0,False,20ng,20ng-N7951,gt,recall-trust,7951
29,leaf:baseball#t3,This article covers the topic of baseball.,rewrite,7551,0,0,7551,0,1.0,1.0,1.0,400,1.0,False,,,0.0004331250020186417,1.0,False,20ng,20ng-N7951,gt,recall-trust,7951
30,leaf:electronics#t0,The document is about electronics.,rewrite,1268,400,868,0,0,1.0,1.0,1.0,400,0.9237875288683602,False,,,0.0020177499973215163,1.0,False,20ng,20ng-N7951,gt,recall-trust,7951
31,union:PC hardware|items for sale#u1,This text discusses either PC hardware or items for sale.,rewrite,4505,4000,505,0,0,1.0,1.0,1.0,800,0.9259259259259259,False,,,0.0019057500030612573,1.0,False,20ng,20ng-N7951,gt,recall-trust,7951
32,union:computer graphics|motorcycles#u0,The document is about computer graphics or about motorcycles.,rewrite,4280,4000,280,0,0,1.0,1.0,1.0,800,0.9216589861751152,False,,,0.002029541996307671,1.0,False,20ng,20ng-N7951,gt,recall-trust,7951
33,union:Macintosh hardware|electronics#u0,The document is about Macintosh hardware or about electronics.,rewrite,4162,3600,562,0,0,1.0,1.0,1.0,800,0.9259259259259259,False,,,0.0019645420034066774,1.0,False,20ng,20ng-N7951,gt,recall-trust,7951
34,group:computers#t1,This text discusses computers.,exact-hit,0,0,0,0,0,1.0,1.0,1.0,2000,0.9199632014719411,False,,,9.12499672267586e-06,1.0,False,20ng,20ng-N7951,gt,recall-trust,7951
35,group:religion#t1,This text discusses religion.,rewrite,6800,0,0,6800,0,1.0,1.0,1.0,1151,1.0,False,,,0.0006574579965672456,1.0,False,20ng,20ng-N7951,gt,recall-trust,7951
36,group:computers#t0,The document is about computers.,exact-hit,0,0,0,0,0,1.0,1.0,1.0,2000,1.0,False,,,3.5790995752904564e-05,1.0,False,20ng,20ng-N7951,gt,recall-trust,7951
37,union:Middle East affairs|items for sale#u1,This text discusses either Middle East affairs or items for sale.,rewrite,4162,3600,562,0,0,1.0,1.0,1.0,800,0.9259259259259259,False,,,0.002210500002547633,1.0,False,20ng,20ng-N7951,gt,recall-trust,7951
38,leaf:the Microsoft Windows operating system#t1,This text discusses the Microsoft Windows operating system.,rewrite,2030,1200,830,0,0,1.0,1.0,1.0,400,0.9237875288683602,False,,,0.002055000004475005,1.0,False,20ng,20ng-N7951,gt,recall-trust,7951
39,group:sports#t2,The passage is related to sports.,rewrite,7151,0,0,7151,0,1.0,1.0,1.0,800,1.0,False,,,0.0006084999986342154,1.0,False,20ng,20ng-N7951,gt,recall-trust,7951
40,leaf:motorcycles#t0,The document is about motorcycles.,rewrite,1268,400,868,0,0,1.0,1.0,1.0,400,0.9237875288683602,False,,,0.002140417003829498,1.0,False,20ng,20ng-N7951,gt,recall-trust,7951
41,group:motor vehicles#t0,The document is about motor vehicles.,exact-hit,0,0,0,0,0,1.0,1.0,1.0,800,,,,,7.4590061558410525e-06,1.0,,20ng,20ng-N7951,gt,recall-trust,7951
42,union:Christianity|political debate#u1,This text discusses either Christianity or political debate.,rewrite,7151,4000,0,3151,0,1.0,1.0,1.0,800,1.0,False,,,0.0008312920035677962,1.0,False,20ng,20ng-N7951,gt,recall-trust,7951
43,group:motor vehicles#t2,The passage is related to motor vehicles.,rewrite,7151,0,0,7151,0,1.0,1.0,1.0,800,1.0,False,,,0.000610875002166722,1.0,False,20ng,20ng-N7951,gt,recall-trust,7951
44,leaf:motorcycles#t2,The passage is related to motorcycles.,rewrite,7551,0,0,7551,0,1.0,1.0,1.0,400,1.0,False,,,0.000567832998058293,1.0,False,20ng,20ng-N7951,gt,recall-trust,7951
45,group:motor vehicles#t1,This text discusses motor vehicles.,rewrite,7151,0,0,7151,0,1.0,1.0,1.0,800,1.0,False,,,0.0006061669992050156,1.0,False,20ng,20ng-N7951,gt,recall-trust,7951
46,group:religion#t0,The document is about religion.,exact-hit,0,0,0,0,0,1.0,1.0,1.0,1151,1.0,False,,,5.957997927907854e-06,1.0,False,20ng,20ng-N7951,gt,recall-trust,7951
47,group:sports#t3,This article covers the topic of sports.,exact-hit,0,0,0,0,0,1.0,1.0,1.0,800,1.0,False,,,3.749999450519681e-06,1.0,False,20ng,20ng-N7951,gt,recall-trust,7951
48,union:Macintosh hardware|cars#u1,This text discusses either Macintosh hardware or cars.,rewrite,5017,4800,217,0,0,1.0,1.0,1.0,800,0.9216589861751152,False,,,0.002008750001550652,1.0,False,20ng,20ng-N7951,gt,recall-trust,7951
49,leaf:computer graphics#t1,This text discusses computer graphics.,rewrite,1268,400,868,0,0,1.0,1.0,1.0,400,0.9237875288683602,False,,,0.002141292003216222,1.0,False,20ng,20ng-N7951,gt,recall-trust,7951
50,union:atheism|hockey#u1,This text discusses either atheism or hockey.,rewrite,4836,4400,436,0,0,1.0,1.0,1.0,800,0.9259259259259259,False,,,0.00201379200007068,1.0,False,20ng,20ng-N7951,gt,recall-trust,7951
51,leaf:items for sale#t0,The document is about items for sale.,rewrite,7551,0,0,7551,0,1.0,1.0,1.0,400,1.0,False,,,0.0006518330046674237,1.0,False,20ng,20ng-N7951,gt,recall-trust,7951
52,leaf:baseball#t0,The document is about baseball.,rewrite,7551,0,0,7551,0,1.0,1.0,1.0,400,1.0,False,,,0.0006247499986784533,1.0,False,20ng,20ng-N7951,gt,recall-trust,7951
53,union:hockey|motorcycles#u0,The document is about hockey or about motorcycles.,rewrite,7151,4000,0,3151,0,1.0,1.0,1.0,800,1.0,False,,,0.0008520420014974661,1.0,False,20ng,20ng-N7951,gt,recall-trust,7951
54,group:politics#t0,The document is about politics.,rewrite,6751,0,0,6751,0,1.0,1.0,1.0,1200,1.0,False,,,0.0007451249985024333,1.0,False,20ng,20ng-N7951,gt,recall-trust,7951
55,group:motor vehicles#t1,This text discusses motor vehicles.,exact-hit,0,0,0,0,0,1.0,1.0,1.0,800,1.0,False,,,6.54099858365953e-06,1.0,False,20ng,20ng-N7951,gt,recall-trust,7951
56,leaf:atheism#t3,This article covers the topic of atheism.,rewrite,1268,400,868,0,0,1.0,1.0,1.0,400,0.9237875288683602,False,,,0.0022367089986801147,1.0,False,20ng,20ng-N7951,gt,recall-trust,7951
57,union:atheism|gun control#u1,This text discusses either atheism or gun control.,rewrite,4517,4000,517,0,0,1.0,1.0,1.0,800,0.9259259259259259,False,,,0.002057375000731554,1.0,False,20ng,20ng-N7951,gt,recall-trust,7951
58,leaf:cars#t2,The passage is related to cars.,rewrite,1268,400,868,0,0,1.0,1.0,1.0,400,0.9237875288683602,False,,,0.0022364169999491423,1.0,False,20ng,20ng-N7951,gt,recall-trust,7951
59,group:sports#t2,The passage is related to sports.,exact-hit,0,0,0,0,0,1.0,1.0,1.0,800,1.0,False,,,6.541995389852673e-06,1.0,False,20ng,20ng-N7951,gt,recall-trust,7951
60,group:motor vehicles#t2,The passage is related to motor vehicles.,exact-hit,0,0,0,0,0,1.0,1.0,1.0,800,1.0,False,,,3.916000423487276e-06,1.0,False,20ng,20ng-N7951,gt,recall-trust,7951
61,group:computers#t0,The document is about computers.,exact-hit,0,0,0,0,0,1.0,1.0,1.0,2000,1.0,False,,,3.3329997677356005e-06,1.0,False,20ng,20ng-N7951,gt,recall-trust,7951
62,union:medicine|the Microsoft Windows operating system#u0,The document is about medicine or about the Microsoft Windows operating system.,rewrite,4517,4000,517,0,0,1.0,1.0,1.0,800,0.9259259259259259,False,,,0.002189457998611033,1.0,False,20ng,20ng-N7951,gt,recall-trust,7951
63,union:baseball|items for sale#u0,The document is about baseball or about items for sale.,rewrite,7151,3600,0,3551,0,1.0,1.0,1.0,800,1.0,False,,,0.0009582499988027848,1.0,False,20ng,20ng-N7951,gt,recall-trust,7951
64,union:atheism|medicine#u1,This text discusses either atheism or medicine.,rewrite,4175,3600,575,0,0,1.0,1.0,1.0,800,0.9259259259259259,False,,,0.002122833000612445,1.0,False,20ng,20ng-N7951,gt,recall-trust,7951
65,union:hockey|the X Window System#u1,This text discusses either hockey or the X Window System.,rewrite,4836,4400,436,0,0,1.0,1.0,1.0,800,0.9259259259259259,False,,,0.00234558400552487,1.0,False,20ng,20ng-N7951,gt,recall-trust,7951
66,leaf:cryptography#t0,The document is about cryptography.,rewrite,1268,400,868,0,0,1.0,1.0,1.0,400,0.9237875288683602,False,,,0.0023890829979791306,1.0,False,20ng,20ng-N7951,gt,recall-trust,7951
67,leaf:motorcycles#t3,This article covers the topic of motorcycles.,rewrite,7551,0,0,7551,0,1.0,1.0,1.0,400,1.0,False,,,0.0008202089957194403,1.0,False,20ng,20ng-N7951,gt,recall-trust,7951
68,leaf:hockey#t1,This text discusses hockey.,exact-hit,0,0,0,0,0,1.0,1.0,1.0,400,0.9237875288683602,False,,,6.250003934837878e-06,1.0,False,20ng,20ng-N7951,gt,recall-trust,7951
69,leaf:baseball#t2,The passage is related to baseball.,exact-hit,0,0,0,0,0,1.0,1.0,1.0,400,0.9237875288683602,False,,,3.25000291923061e-06,1.0,False,20ng,20ng-N7951,gt,recall-trust,7951
70,group:motor vehicles#t0,The document is about motor vehicles.,exact-hit,0,0,0,0,0,1.0,1.0,1.0,800,,,,,2.6670022634789348e-06,1.0,,20ng,20ng-N7951,gt,recall-trust,7951
71,leaf:the Microsoft Windows operating system#t2,The passage is related to the Microsoft Windows operating system.,rewrite,7551,0,0,7551,0,1.0,1.0,1.0,400,1.0,False,,,0.0007377910005743615,1.0,False,20ng,20ng-N7951,gt,recall-trust,7951
72,leaf:motorcycles#t2,The passage is related to motorcycles.,exact-hit,0,0,0,0,0,1.0,1.0,1.0,400,1.0,False,,,4.9579975893720984e-06,1.0,False,20ng,20ng-N7951,gt,recall-trust,7951
73,group:sports#t2,The passage is related to sports.,exact-hit,0,0,0,0,0,1.0,1.0,1.0,800,1.0,False,,,2.6670022634789348e-06,1.0,False,20ng,20ng-N7951,gt,recall-trust,7951
74,union:Macintosh hardware|electronics#u1,This text discusses either Macintosh hardware or electronics.,rewrite,7151,0,0,7151,0,1.0,1.0,1.0,800,1.0,False,,,0.0007616669972776435,1.0,False,20ng,20ng-N7951,gt,recall-trust,7951
75,leaf:Christianity#t3,This article covers the topic of Christianity.,exact-hit,0,0,0,0,0,1.0,1.0,1.0,400,0.9237875288683602,False,,,5.166002665646374e-06,1.0,False,20ng,20ng-N7951,gt,recall-trust,7951
76,group:sports#t2,The passage is related to sports.,exact-hit,0,0,0,0,0,1.0,1.0,1.0,800,1.0,False,,,2.2500025806948543e-06,1.0,False,20ng,20ng-N7951,gt,recall-trust,7951
77,leaf:religious debate#t3,This article covers the topic of religious debate.,rewrite,7600,0,0,7600,0,1.0,1.0,1.0,351,1.0,False,,,0.0007390829996438697,1.0,False,20ng,20ng-N7951,gt,recall-trust,7951
78,union:atheism|baseball#u1,This text discusses either atheism or baseball.,rewrite,7151,3600,0,3551,0,1.0,1.0,1.0,800,1.0,False,,,0.003917583999282215,1.0,False,20ng,20ng-N7951,gt,recall-trust,7951
79,leaf:items for sale#t2,The passage is related to items for sale.,rewrite,7551,0,0,7551,0,1.0,1.0,1.0,400,1.0,False,,,0.0008855839987518266,1.0,False,20ng,20ng-N7951,gt,recall-trust,7951
80,union:Macintosh hardware|religious debate#u0,The document is about Macintosh hardware or about religious debate.,rewrite,4843,4400,443,0,0,1.0,1.0,1.0,751,0.9259259259259259,False,,,0.0022991250007180497,1.0,False,20ng,20ng-N7951,gt,recall-trust,7951
81,group:motor vehicles#t1,This text discusses motor vehicles.,exact-hit,0,0,0,0,0,1.0,1.0,1.0,800,1.0,False,,,9.082999895326793e-06,1.0,False,20ng,20ng-N7951,gt,recall-trust,7951
82,leaf:cars#t0,The document is about cars.,rewrite,7551,0,0,7551,0,1.0,1.0,1.0,400,1.0,False,,,0.0008008329969015904,1.0,False,20ng,20ng-N7951,gt,recall-trust,7951
83,leaf:PC hardware#t0,The document is about PC hardware.,rewrite,1268,400,868,0,0,1.0,1.0,1.0,400,0.9237875288683602,False,,,0.002353832998778671,1.0,False,20ng,20ng-N7951,gt,recall-trust,7951
84,group:religion#t2,The passage is related to religion.,rewrite,6800,0,0,6800,0,1.0,1.0,1.0,1151,1.0,False,,,0.0009547090012347326,1.0,False,20ng,20ng-N7951,gt,recall-trust,7951
85,union:Christianity|hockey#u0,The document is about Christianity or about hockey.,rewrite,7151,3200,0,3951,0,1.0,1.0,1.0,800,1.0,False,,,0.0010259579939884134,1.0,False,20ng,20ng-N7951,gt,recall-trust,7951
86,group:religion#t0,The document is about religion.,exact-hit,0,0,0,0,0,1.0,1.0,1.0,1151,1.0,False,,,6.87500141793862e-06,1.0,False,20ng,20ng-N7951,gt,recall-trust,7951
87,union:atheism|computer graphics#u1,This text discusses either atheism or computer graphics.,rewrite,7151,4000,0,3151,0,1.0,1.0,1.0,800,1.0,False,,,0.0010279999987687916,1.0,False,20ng,20ng-N7951,gt,recall-trust,7951
88,union:motorcycles|political debate#u1,This text discusses either motorcycles or political debate.,rewrite,7151,4000,0,3151,0,1.0,1.0,1.0,800,1.0,False,,,0.0010599169982015155,1.0,False,20ng,20ng-N7951,gt,recall-trust,7951
89,group:motor vehicles#t0,The document is about motor vehicles.,exact-hit,0,0,0,0,0,1.0,1.0,1.0,800,,,,,7.750000804662704e-06,1.0,,20ng,20ng-N7951,gt,recall-trust,7951
90,union:PC hardware|political debate#u0,The document is about PC hardware or about political debate.,rewrite,7151,4400,0,2751,0,1.0,1.0,1.0,800,1.0,False,,,0.001052958999935072,1.0,False,20ng,20ng-N7951,gt,recall-trust,7951
91,leaf:Macintosh hardware#t0,The document is about Macintosh hardware.,rewrite,1268,400,868,0,0,1.0,1.0,1.0,400,0.9237875288683602,False,,,0.0024469999989378266,1.0,False,20ng,20ng-N7951,gt,recall-trust,7951
92,leaf:items for sale#t1,This text discusses items for sale.,rewrite,7551,0,0,7551,0,1.0,1.0,1.0,400,1.0,False,,,0.0008831670056679286,1.0,False,20ng,20ng-N7951,gt,recall-trust,7951
93,leaf:the Microsoft Windows operating system#t0,The document is about the Microsoft Windows operating system.,rewrite,7551,0,0,7551,0,1.0,1.0,1.0,400,1.0,False,,,0.0008381250008824281,1.0,False,20ng,20ng-N7951,gt,recall-trust,7951
94,leaf:the Microsoft Windows operating system#t1,This text discusses the Microsoft Windows operating system.,exact-hit,0,0,0,0,0,1.0,1.0,1.0,400,0.9237875288683602,False,,,5.125002644490451e-06,1.0,False,20ng,20ng-N7951,gt,recall-trust,7951
95,group:computers#t3,This article covers the topic of computers.,rewrite,5951,0,0,5951,0,1.0,1.0,1.0,2000,1.0,False,,,0.001105082999856677,1.0,False,20ng,20ng-N7951,gt,recall-trust,7951
96,leaf:PC hardware#t1,This text discusses PC hardware.,rewrite,7551,0,0,7551,0,1.0,1.0,1.0,400,1.0,False,,,0.0008882499969331548,1.0,False,20ng,20ng-N7951,gt,recall-trust,7951
97,leaf:cars#t2,The passage is related to cars.,exact-hit,0,0,0,0,0,1.0,1.0,1.0,400,0.9237875288683602,False,,,4.665998858399689e-06,1.0,False,20ng,20ng-N7951,gt,recall-trust,7951
98,union:Christianity|items for sale#u0,The document is about Christianity or about items for sale.,rewrite,7151,3600,0,3551,0,1.0,1.0,1.0,800,1.0,False,,,0.001101499998185318,1.0,False,20ng,20ng-N7951,gt,recall-trust,7951
99,group:politics#t2,The passage is related to politics.,rewrite,6751,0,0,6751,0,1.0,1.0,1.0,1200,1.0,False,,,0.000989541003946215,1.0,False,20ng,20ng-N7951,gt,recall-trust,7951
100,leaf:gun control#t2,The passage is related to gun control.,rewrite,1268,400,868,0,0,1.0,1.0,1.0,400,0.9237875288683602,False,,,0.002501584000128787,1.0,False,20ng,20ng-N7951,gt,recall-trust,7951
101,union:Middle East affairs|items for sale#u1,This text discusses either Middle East affairs or items for sale.,exact-hit,0,0,0,0,0,1.0,1.0,1.0,800,0.9259259259259259,False,,,5.667003279086202e-06,1.0,False,20ng,20ng-N7951,gt,recall-trust,7951
102,leaf:computer graphics#t3,This article covers the topic of computer graphics.,rewrite,7551,0,0,7551,0,1.0,1.0,1.0,400,1.0,False,,,0.0009252920062863268,1.0,False,20ng,20ng-N7951,gt,recall-trust,7951
103,leaf:religious debate#t3,This article covers the topic of religious debate.,exact-hit,0,0,0,0,0,1.0,1.0,1.0,351,1.0,False,,,4.624998837243766e-06,1.0,False,20ng,20ng-N7951,gt,recall-trust,7951
104,leaf:atheism#t3,This article covers the topic of atheism.,exact-hit,0,0,0,0,0,1.0,1.0,1.0,400,0.9237875288683602,False,,,3.082997864112258e-06,1.0,False,20ng,20ng-N7951,gt,recall-trust,7951
105,group:religion#t1,This text discusses religion.,exact-hit,0,0,0,0,0,1.0,1.0,1.0,1151,1.0,False,,,3.1669987947680056e-06,1.0,False,20ng,20ng-N7951,gt,recall-trust,7951
106,union:hockey|items for sale#u0,The document is about hockey or about items for sale.,rewrite,7151,3200,0,3951,0,1.0,1.0,1.0,800,1.0,False,,,0.0011412499952712096,1.0,False,20ng,20ng-N7951,gt,recall-trust,7951
107,group:motor vehicles#t0,The document is about motor vehicles.,exact-hit,0,0,0,0,0,1.0,1.0,1.0,800,,,,,6.0829988797195256e-06,1.0,,20ng,20ng-N7951,gt,recall-trust,7951
108,union:space exploration|the Microsoft Windows operating system#u1,This text discusses either space exploration or the Microsoft Windows operating system.,rewrite,5180,4800,380,0,0,1.0,1.0,1.0,800,0.9237875288683602,False,,,0.0023421670048264787,1.0,False,20ng,20ng-N7951,gt,recall-trust,7951
109,group:sports#t2,The passage is related to sports.,exact-hit,0,0,0,0,0,1.0,1.0,1.0,800,1.0,False,,,7.665999874006957e-06,1.0,False,20ng,20ng-N7951,gt,recall-trust,7951
110,group:sports#t1,This text discusses sports.,exact-hit,0,0,0,0,0,1.0,1.0,1.0,800,0.9216589861751152,False,,,3.5410048440098763e-06,1.0,False,20ng,20ng-N7951,gt,recall-trust,7951
111,leaf:atheism#t3,This article covers the topic of atheism.,exact-hit,0,0,0,0,0,1.0,1.0,1.0,400,0.9237875288683602,False,,,3.0000010156072676e-06,1.0,False,20ng,20ng-N7951,gt,recall-trust,7951
112,leaf:Middle East affairs#t2,The passage is related to Middle East affairs.,rewrite,1268,400,868,0,0,1.0,1.0,1.0,400,0.9237875288683602,False,,,0.0025197909999405965,1.0,False,20ng,20ng-N7951,gt,recall-trust,7951
113,union:Macintosh hardware|motorcycles#u1,This text discusses either Macintosh hardware or motorcycles.,rewrite,7151,4400,0,2751,0,1.0,1.0,1.0,800,1.0,False,,,0.001181458996143192,1.0,False,20ng,20ng-N7951,gt,recall-trust,7951
114,union:political debate|religious debate#u0,The document is about political debate or about religious debate.,rewrite,7200,4400,0,2800,0,1.0,1.0,1.0,751,1.0,False,,,0.0012065419941791333,1.0,False,20ng,20ng-N7951,gt,recall-trust,7951
115,leaf:gun control#t3,This article covers the topic of gun control.,rewrite,7551,0,0,7551,0,1.0,1.0,1.0,400,1.0,False,,,0.0010014169965870678,1.0,False,20ng,20ng-N7951,gt,recall-trust,7951
116,leaf:medicine#t2,The passage is related to medicine.,rewrite,1268,400,868,0,0,1.0,1.0,1.0,400,0.9237875288683602,False,,,0.0025713330032886006,1.0,False,20ng,20ng-N7951,gt,recall-trust,7951
117,group:politics#t1,This text discusses politics.,exact-hit,0,0,0,0,0,1.0,1.0,1.0,1200,0.9202453987730062,False,,,5.7919969549402595e-06,1.0,False,20ng,20ng-N7951,gt,recall-trust,7951
118,group:science#t2,The passage is related to science.,exact-hit,0,0,0,0,0,1.0,1.0,1.0,1600,1.0,False,,,2.0709005184471607e-05,1.0,False,20ng,20ng-N7951,gt,recall-trust,7951
119,group:religion#t0,The document is about religion.,exact-hit,0,0,0,0,0,1.0,1.0,1.0,1151,1.0,False,,,2.2416999854613096e-05,1.0,False,20ng,20ng-N7951,gt,recall-trust,7951
