query_index,predicate_name,predicate_text,reuse_kind,oracle_calls,candidate_calls,audit_calls,escalation_calls,nli_pair_scores,precision,recall,f1,n_true_pos_rows,recall_bound,bound_violated,precision_bound,precision_bound_violated,latency_s,recall_oracle,bound_violated_oracle,setting,label,reasoner,design,n_rows
0,log:A1,The post asks for technical help with computer hardware.,cold,2000,2000,0,0,0,1.0,1.0,1.0,149,,,,,0.00015145799261517823,1.0,,real,real-qwen2.5-N2000,nli,shipped,2000
1,log:A2,The post asks for technical help with a personal computer's hardware.,rewrite,2000,1851,29,120,2,1.0,1.0,1.0,111,1.0,False,1.0,False,1.145699542001239,1.0,False,real,real-qwen2.5-N2000,nli,shipped,2000
2,log:A3,The post is a request for technical assistance concerning computer hardware.,rewrite,1927,43,807,1077,4,0.96875,1.0,0.9841269841269841,155,0.9801324503311258,False,0.925,False,1.4403274590004003,1.0,False,real,real-qwen2.5-N2000,nli,shipped,2000
3,log:A4,The post asks for help with Macintosh hardware.,rewrite,2000,1836,36,128,6,1.0,1.0,1.0,32,1.0,False,1.0,False,1.0499926249904092,1.0,False,real,real-qwen2.5-N2000,nli,shipped,2000
4,log:A5,The post describes a hardware problem the author is experiencing.,cold,2000,2000,0,0,8,1.0,1.0,1.0,70,,,,,1.1703817499947036,1.0,,real,real-qwen2.5-N2000,nli,shipped,2000
5,log:B1,The post offers an item for sale.,cold,2000,2000,0,0,10,1.0,1.0,1.0,80,,,,,1.5148338750004768,1.0,,real,real-qwen2.5-N2000,nli,shipped,2000
6,log:B2,The post offers a computer or a computer part for sale.,rewrite,2000,1920,29,51,12,1.0,1.0,1.0,22,1.0,False,1.0,False,1.2834882090101019,1.0,False,real,real-qwen2.5-N2000,nli,shipped,2000
7,log:B3,The post mentions a specific price in dollars.,cold,2000,2000,0,0,14,1.0,1.0,1.0,140,,,,,1.1276350409898441,1.0,,real,real-qwen2.5-N2000,nli,shipped,2000
8,log:B4,The post is an advertisement.,rewrite,2000,0,0,2000,16,1.0,1.0,1.0,87,1.0,False,1.0,False,1.2160783750005066,1.0,False,real,real-qwen2.5-N2000,nli,shipped,2000
9,log:B5,The post is looking to buy something rather than to sell something.,rewrite,2000,11,0,1989,18,1.0,1.0,1.0,56,1.0,False,1.0,False,1.2328049170027953,1.0,False,real,real-qwen2.5-N2000,nli,shipped,2000
10,log:C1,The post discusses a professional sports team.,cold,2000,2000,0,0,20,1.0,1.0,1.0,143,,,,,0.9600677499984158,1.0,,real,real-qwen2.5-N2000,nli,shipped,2000
11,log:C2,The post discusses a professional baseball team.,rewrite,1306,223,1083,0,22,1.0,1.0,1.0,69,0.9324324324324325,False,1.0,False,0.9469854579947423,1.0,False,real,real-qwen2.5-N2000,nli,shipped,2000
12,log:C3,The post mentions a player's statistics.,rewrite,2000,80,0,1920,24,1.0,1.0,1.0,30,1.0,False,1.0,False,1.0975744580064202,1.0,False,real,real-qwen2.5-N2000,nli,shipped,2000
13,log:C4,The post is about a sporting event that has already taken place.,cold,2000,2000,0,0,26,1.0,1.0,1.0,38,,,,,1.1349833749991376,1.0,,real,real-qwen2.5-N2000,nli,shipped,2000
14,log:C5,The post is about sports.,rewrite,2000,13,0,1987,28,1.0,1.0,1.0,188,1.0,False,1.0,False,1.4104260839958442,1.0,False,real,real-qwen2.5-N2000,nli,shipped,2000
15,log:D1,The post argues about politics.,cold,2000,2000,0,0,30,1.0,1.0,1.0,200,,,,,1.381468291991041,1.0,,real,real-qwen2.5-N2000,nli,shipped,2000
16,log:D2,The post argues about gun control policy.,cold,2000,2000,0,0,32,1.0,1.0,1.0,34,,,,,1.5318518330022926,1.0,,real,real-qwen2.5-N2000,nli,shipped,2000
17,log:D3,The post expresses a religious belief.,rewrite,2000,1913,29,58,34,1.0,1.0,1.0,92,1.0,False,1.0,False,1.4618072919984115,1.0,False,real,real-qwen2.5-N2000,nli,shipped,2000
18,log:D4,The post argues about religion.,cold,2000,2000,0,0,36,1.0,1.0,1.0,205,,,,,1.3193974580062786,1.0,,real,real-qwen2.5-N2000,nli,shipped,2000
19,log:D5,The post discusses the Middle East.,rewrite,1979,312,1667,0,38,1.0,0.9795918367346939,0.9896907216494846,49,0.9795918367346939,False,1.0,False,1.3432083329971647,0.9795918367346939,False,real,real-qwen2.5-N2000,nli,shipped,2000
20,log:D6,The post criticizes a government or a government policy.,cold,2000,2000,0,0,40,1.0,1.0,1.0,157,,,,,1.223520583997015,1.0,,real,real-qwen2.5-N2000,nli,shipped,2000
21,log:E1,The author of the post is frustrated or angry.,cold,2000,2000,0,0,42,1.0,1.0,1.0,552,,,,,1.106368458000361,1.0,,real,real-qwen2.5-N2000,nli,shipped,2000
22,log:E2,The post contains a question.,rewrite,2000,0,0,2000,44,1.0,1.0,1.0,799,1.0,False,1.0,False,1.209454084004392,1.0,False,real,real-qwen2.5-N2000,nli,shipped,2000
23,log:E3,The post quotes another message.,rewrite,2000,0,0,2000,46,1.0,1.0,1.0,198,1.0,False,1.0,False,1.3186524170014309,1.0,False,real,real-qwen2.5-N2000,nli,shipped,2000
24,log:E4,The post uses technical jargon.,cold,2000,2000,0,0,48,1.0,1.0,1.0,611,,,,,1.424977333008428,1.0,,real,real-qwen2.5-N2000,nli,shipped,2000
25,log:E5,The post makes a factual claim that could be checked.,rewrite,2000,0,0,2000,50,1.0,1.0,1.0,600,1.0,False,1.0,False,0.965291291999165,1.0,False,real,real-qwen2.5-N2000,nli,shipped,2000
26,log:F1,The post discusses medicine or health.,rewrite,2000,774,72,1154,52,1.0,1.0,1.0,99,1.0,False,1.0,False,1.3107471250114031,1.0,False,real,real-qwen2.5-N2000,nli,shipped,2000
27,log:F2,The post discusses a specific disease or medical condition.,rewrite,2000,774,72,1154,54,1.0,1.0,1.0,36,1.0,False,1.0,False,1.4199545419978676,1.0,False,real,real-qwen2.5-N2000,nli,shipped,2000
28,log:F3,The post discusses space or astronomy.,rewrite,2000,1201,29,770,56,1.0,1.0,1.0,64,1.0,False,1.0,False,1.6974907090043416,1.0,False,real,real-qwen2.5-N2000,nli,shipped,2000
29,log:F4,The post discusses cryptography or encryption.,rewrite,2000,1201,29,770,58,1.0,1.0,1.0,55,1.0,False,1.0,False,1.6546143329906045,1.0,False,real,real-qwen2.5-N2000,nli,shipped,2000
30,log:F5,The post discusses computer security.,rewrite,2000,774,72,1154,60,1.0,1.0,1.0,48,1.0,False,1.0,False,1.641419457999291,1.0,False,real,real-qwen2.5-N2000,nli,shipped,2000
31,log:F6,The post discusses science.,rewrite,1987,1226,275,486,62,1.0,0.9657142857142857,0.9825581395348837,175,0.9285714285714286,False,1.0,False,1.784844082998461,0.9657142857142857,False,real,real-qwen2.5-N2000,nli,shipped,2000
32,log:G1,The post mentions an operating system.,rewrite,2000,308,0,1692,64,1.0,1.0,1.0,175,1.0,False,1.0,False,2.13818775000982,1.0,False,real,real-qwen2.5-N2000,nli,shipped,2000
33,log:G2,The post mentions Microsoft Windows.,rewrite,1557,496,1048,13,66,1.0,0.9861111111111112,0.993006993006993,72,0.9466666666666667,False,1.0,False,2.0422662909986684,0.9861111111111112,False,real,real-qwen2.5-N2000,nli,shipped,2000
34,log:G3,The post mentions the X Window System.,rewrite,2000,308,0,1692,68,1.0,1.0,1.0,78,1.0,False,1.0,False,1.6303242499998305,1.0,False,real,real-qwen2.5-N2000,nli,shipped,2000
35,log:G4,The post discusses software rather than hardware.,rewrite,2000,3,0,1997,70,1.0,1.0,1.0,269,1.0,False,1.0,False,1.7869603750004899,1.0,False,real,real-qwen2.5-N2000,nli,shipped,2000
36,log:G5,The post recommends a product or a service.,rewrite,2000,0,0,2000,72,1.0,1.0,1.0,70,1.0,False,1.0,False,2.1374623750016326,1.0,False,real,real-qwen2.5-N2000,nli,shipped,2000
37,log:H1,The post asks for technical help with computer hardware.,exact-hit,0,0,0,0,0,1.0,1.0,1.0,149,,,,,8.624992915429175e-06,1.0,,real,real-qwen2.5-N2000,nli,shipped,2000
38,log:H2,The post is selling something.,rewrite,1463,612,831,20,74,1.0,0.9878048780487805,0.9938650306748467,82,0.9529411764705882,False,1.0,False,2.151239709011861,0.9878048780487805,False,real,real-qwen2.5-N2000,nli,shipped,2000
39,log:H3,The post is about a motor vehicle.,rewrite,2000,1118,72,810,76,1.0,1.0,1.0,152,1.0,False,1.0,False,2.5112633340031607,1.0,False,real,real-qwen2.5-N2000,nli,shipped,2000
40,log:H4,The post is about a car or a motorcycle.,rewrite,1400,944,378,78,78,1.0,0.9921875,0.996078431372549,128,0.9407407407407408,False,1.0,False,3.867015875002835,0.9921875,False,real,real-qwen2.5-N2000,nli,shipped,2000
41,log:H5,The post gives advice about maintaining a vehicle.,rewrite,2000,732,0,1268,80,1.0,1.0,1.0,8,1.0,False,1.0,False,4.485463417004212,1.0,False,real,real-qwen2.5-N2000,nli,shipped,2000
42,log:H6,The tone of the post is angry or annoyed.,rewrite,2000,33,0,1967,82,1.0,1.0,1.0,290,1.0,False,1.0,False,4.0147698749933625,1.0,False,real,real-qwen2.5-N2000,nli,shipped,2000
43,log:H7,The post is about a computer operating system.,rewrite,1355,945,410,0,84,1.0,0.9915966386554622,0.9957805907172996,119,0.9365079365079365,False,1.0,False,4.249888833001023,0.9915966386554622,False,real,real-qwen2.5-N2000,nli,shipped,2000
44,log:H8,The post is a for-sale advertisement.,rewrite,1328,70,1237,21,86,1.0,1.0,1.0,76,0.95,False,1.0,False,4.122002874995815,1.0,False,real,real-qwen2.5-N2000,nli,shipped,2000
45,log:H9,The post discusses encryption algorithms or key management.,rewrite,2000,1165,78,757,88,1.0,1.0,1.0,38,1.0,False,1.0,False,4.2685081669915235,1.0,False,real,real-qwen2.5-N2000,nli,shipped,2000
46,log:H10,The post asks a question about computer hardware.,rewrite,1997,799,424,774,90,1.0,0.9937106918238994,0.9968454258675079,159,0.9813664596273292,False,1.0,False,4.50759341599769,0.9937106918238994,False,real,real-qwen2.5-N2000,nli,shipped,2000
0,log:A1,The post asks for technical help with computer hardware.,cold,2000,2000,0,0,0,1.0,1.0,1.0,149,,,,,7.395799912046641e-05,1.0,,real,real-qwen2.5-N2000,nli,separate,2000
1,log:A2,The post asks for technical help with a personal computer's hardware.,rewrite,2000,1851,29,120,0,1.0,1.0,1.0,111,1.0,False,1.0,False,0.0003647499979706481,1.0,False,real,real-qwen2.5-N2000,nli,separate,2000
2,log:A3,The post is a request for technical assistance concerning computer hardware.,rewrite,1930,43,740,1147,0,0.96875,1.0,0.9841269841269841,155,1.0,False,0.925,False,0.0010117920028278604,1.0,False,real,real-qwen2.5-N2000,nli,separate,2000
3,log:A4,The post asks for help with Macintosh hardware.,rewrite,2000,1836,36,128,0,1.0,1.0,1.0,32,1.0,False,1.0,False,0.00024054099048953503,1.0,False,real,real-qwen2.5-N2000,nli,separate,2000
4,log:A5,The post describes a hardware problem the author is experiencing.,cold,2000,2000,0,0,0,1.0,1.0,1.0,70,,,,,0.0005201660096645355,1.0,,real,real-qwen2.5-N2000,nli,separate,2000
5,log:B1,The post offers an item for sale.,cold,2000,2000,0,0,0,1.0,1.0,1.0,80,,,,,0.0001711670047370717,1.0,,real,real-qwen2.5-N2000,nli,separate,2000
6,log:B2,The post offers a computer or a computer part for sale.,rewrite,2000,1920,29,51,0,1.0,1.0,1.0,22,1.0,False,1.0,False,0.0002859579981304705,1.0,False,real,real-qwen2.5-N2000,nli,separate,2000
7,log:B3,The post mentions a specific price in dollars.,cold,2000,2000,0,0,0,1.0,1.0,1.0,140,,,,,0.0001361659960821271,1.0,,real,real-qwen2.5-N2000,nli,separate,2000
8,log:B4,The post is an advertisement.,rewrite,2000,0,0,2000,0,1.0,1.0,1.0,87,1.0,False,1.0,False,0.00023629199131391943,1.0,False,real,real-qwen2.5-N2000,nli,separate,2000
9,log:B5,The post is looking to buy something rather than to sell something.,rewrite,2000,11,0,1989,0,1.0,1.0,1.0,56,1.0,False,1.0,False,0.00022991599689703435,1.0,False,real,real-qwen2.5-N2000,nli,separate,2000
10,log:C1,The post discusses a professional sports team.,cold,2000,2000,0,0,0,1.0,1.0,1.0,143,,,,,0.00013979100913275033,1.0,,real,real-qwen2.5-N2000,nli,separate,2000
11,log:C2,The post discusses a professional baseball team.,rewrite,1103,223,880,0,0,1.0,1.0,1.0,69,0.92,False,1.0,False,0.0006699160003336146,1.0,False,real,real-qwen2.5-N2000,nli,separate,2000
12,log:C3,The post mentions a player's statistics.,rewrite,2000,80,0,1920,0,1.0,1.0,1.0,30,1.0,False,1.0,False,0.00020391600264701992,1.0,False,real,real-qwen2.5-N2000,nli,separate,2000
13,log:C4,The post is about a sporting event that has already taken place.,cold,2000,2000,0,0,0,1.0,1.0,1.0,38,,,,,0.00014400000509340316,1.0,,real,real-qwen2.5-N2000,nli,separate,2000
14,log:C5,The post is about sports.,rewrite,2000,13,0,1987,0,1.0,1.0,1.0,188,1.0,False,1.0,False,0.0002259170141769573,1.0,False,real,real-qwen2.5-N2000,nli,separate,2000
15,log:D1,The post argues about politics.,cold,2000,2000,0,0,0,1.0,1.0,1.0,200,,,,,0.00015370899927802384,1.0,,real,real-qwen2.5-N2000,nli,separate,2000
16,log:D2,The post argues about gun control policy.,cold,2000,2000,0,0,0,1.0,1.0,1.0,34,,,,,0.00014783300866838545,1.0,,real,real-qwen2.5-N2000,nli,separate,2000
17,log:D3,The post expresses a religious belief.,rewrite,2000,1913,29,58,0,1.0,1.0,1.0,92,1.0,False,1.0,False,0.00023645799956284463,1.0,False,real,real-qwen2.5-N2000,nli,separate,2000
18,log:D4,The post argues about religion.,cold,2000,2000,0,0,0,1.0,1.0,1.0,205,,,,,0.00015549999079667032,1.0,,real,real-qwen2.5-N2000,nli,separate,2000
19,log:D5,The post discusses the Middle East.,rewrite,1666,312,1354,0,0,1.0,0.9591836734693877,0.9791666666666666,49,0.9215686274509803,False,1.0,False,0.0006132499984232709,0.9591836734693877,False,real,real-qwen2.5-N2000,nli,separate,2000
20,log:D6,The post criticizes a government or a government policy.,cold,2000,2000,0,0,0,1.0,1.0,1.0,157,,,,,0.0001784999913070351,1.0,,real,real-qwen2.5-N2000,nli,separate,2000
21,log:E1,The author of the post is frustrated or angry.,cold,2000,2000,0,0,0,1.0,1.0,1.0,552,,,,,0.00018045799515675753,1.0,,real,real-qwen2.5-N2000,nli,separate,2000
22,log:E2,The post contains a question.,rewrite,2000,0,0,2000,0,1.0,1.0,1.0,799,1.0,False,1.0,False,0.00032129199826158583,1.0,False,real,real-qwen2.5-N2000,nli,separate,2000
23,log:E3,The post quotes another message.,rewrite,2000,0,0,2000,0,1.0,1.0,1.0,198,1.0,False,1.0,False,0.00026162499852944165,1.0,False,real,real-qwen2.5-N2000,nli,separate,2000
24,log:E4,The post uses technical jargon.,cold,2000,2000,0,0,0,1.0,1.0,1.0,611,,,,,0.0001794580020941794,1.0,,real,real-qwen2.5-N2000,nli,separate,2000
25,log:E5,The post makes a factual claim that could be checked.,rewrite,2000,0,0,2000,0,1.0,1.0,1.0,600,1.0,False,1.0,False,0.0003037919959751889,1.0,False,real,real-qwen2.5-N2000,nli,separate,2000
26,log:F1,The post discusses medicine or health.,rewrite,2000,774,72,1154,0,1.0,1.0,1.0,99,1.0,False,1.0,False,0.00039879199175629765,1.0,False,real,real-qwen2.5-N2000,nli,separate,2000
27,log:F2,The post discusses a specific disease or medical condition.,rewrite,2000,774,72,1154,0,1.0,1.0,1.0,36,1.0,False,1.0,False,0.0003735000063898042,1.0,False,real,real-qwen2.5-N2000,nli,separate,2000
28,log:F3,The post discusses space or astronomy.,rewrite,2000,1201,29,770,0,1.0,1.0,1.0,64,1.0,False,1.0,False,0.00030816700018476695,1.0,False,real,real-qwen2.5-N2000,nli,separate,2000
29,log:F4,The post discusses cryptography or encryption.,rewrite,2000,1201,29,770,0,1.0,1.0,1.0,55,1.0,False,1.0,False,0.0003036249981960282,1.0,False,real,real-qwen2.5-N2000,nli,separate,2000
30,log:F5,The post discusses computer security.,rewrite,2000,774,72,1154,0,1.0,1.0,1.0,48,1.0,False,1.0,False,0.0003676250053104013,1.0,False,real,real-qwen2.5-N2000,nli,separate,2000
31,log:F6,The post discusses science.,rewrite,2000,1226,239,535,0,1.0,1.0,1.0,175,1.0,False,1.0,False,0.0006980829930398613,1.0,False,real,real-qwen2.5-N2000,nli,separate,2000
32,log:G1,The post mentions an operating system.,rewrite,2000,308,0,1692,0,1.0,1.0,1.0,175,1.0,False,1.0,False,0.00031883298652246594,1.0,False,real,real-qwen2.5-N2000,nli,separate,2000
33,log:G2,The post mentions Microsoft Windows.,rewrite,1392,496,883,13,0,1.0,1.0,1.0,72,0.9113924050632911,False,1.0,False,0.0007062090007821098,1.0,False,real,real-qwen2.5-N2000,nli,separate,2000
34,log:G3,The post mentions the X Window System.,rewrite,2000,308,0,1692,0,1.0,1.0,1.0,78,1.0,False,1.0,False,0.00030891699134372175,1.0,False,real,real-qwen2.5-N2000,nli,separate,2000
35,log:G4,The post discusses software rather than hardware.,rewrite,2000,3,0,1997,0,1.0,1.0,1.0,269,1.0,False,1.0,False,0.00031554199813399464,1.0,False,real,real-qwen2.5-N2000,nli,separate,2000
36,log:G5,The post recommends a product or a service.,rewrite,2000,0,0,2000,0,1.0,1.0,1.0,70,1.0,False,1.0,False,0.0003085409989580512,1.0,False,real,real-qwen2.5-N2000,nli,separate,2000
37,log:H1,The post asks for technical help with computer hardware.,exact-hit,0,0,0,0,0,1.0,1.0,1.0,149,,,,,5.249996320344508e-06,1.0,,real,real-qwen2.5-N2000,nli,separate,2000
38,log:H2,The post is selling something.,rewrite,1332,612,700,20,0,1.0,1.0,1.0,82,0.9213483146067416,False,1.0,False,0.0006825419986853376,1.0,False,real,real-qwen2.5-N2000,nli,separate,2000
39,log:H3,The post is about a motor vehicle.,rewrite,2000,1118,72,810,0,1.0,1.0,1.0,152,1.0,False,1.0,False,0.0003954999992856756,1.0,False,real,real-qwen2.5-N2000,nli,separate,2000
40,log:H4,The post is about a car or a motorcycle.,rewrite,1340,944,318,78,0,1.0,1.0,1.0,128,0.9078014184397163,False,1.0,False,0.0007442079950124025,1.0,False,real,real-qwen2.5-N2000,nli,separate,2000
41,log:H5,The post gives advice about maintaining a vehicle.,rewrite,2000,732,0,1268,0,1.0,1.0,1.0,8,1.0,False,1.0,False,0.00032387500687036663,1.0,False,real,real-qwen2.5-N2000,nli,separate,2000
42,log:H6,The tone of the post is angry or annoyed.,rewrite,2000,33,0,1967,0,1.0,1.0,1.0,290,1.0,False,1.0,False,0.00032729200029280037,1.0,False,real,real-qwen2.5-N2000,nli,separate,2000
43,log:H7,The post is about a computer operating system.,rewrite,1315,945,369,1,0,1.0,1.0,1.0,119,0.9083969465648855,False,1.0,False,0.0006671249866485596,1.0,False,real,real-qwen2.5-N2000,nli,separate,2000
44,log:H8,The post is a for-sale advertisement.,rewrite,1132,70,1041,21,0,1.0,1.0,1.0,76,0.95,False,1.0,False,0.0006978330056881532,1.0,False,real,real-qwen2.5-N2000,nli,separate,2000
45,log:H9,The post discusses encryption algorithms or key management.,rewrite,2000,1165,78,757,0,1.0,1.0,1.0,38,1.0,False,1.0,False,0.0004310420044930652,1.0,False,real,real-qwen2.5-N2000,nli,separate,2000
46,log:H10,The post asks a question about computer hardware.,rewrite,2000,799,403,798,0,1.0,1.0,1.0,159,1.0,False,1.0,False,0.0007388329977402464,1.0,False,real,real-qwen2.5-N2000,nli,separate,2000
0,log:A1,The post asks for technical help with computer hardware.,cold,2000,2000,0,0,0,1.0,1.0,1.0,149,,,,,3.566600207705051e-05,1.0,,real,real-qwen2.5-N2000,nli,separate-prop,2000
1,log:A2,The post asks for technical help with a personal computer's hardware.,rewrite,2000,1851,29,120,0,1.0,1.0,1.0,111,1.0,False,1.0,False,0.0002260830078739673,1.0,False,real,real-qwen2.5-N2000,nli,separate-prop,2000
2,log:A3,The post is a request for technical assistance concerning computer hardware.,rewrite,1930,43,740,1147,0,0.96875,1.0,0.9841269841269841,155,1.0,False,0.925,False,0.0008434159972239286,1.0,False,real,real-qwen2.5-N2000,nli,separate-prop,2000
3,log:A4,The post asks for help with Macintosh hardware.,rewrite,2000,1836,36,128,0,1.0,1.0,1.0,32,1.0,False,1.0,False,0.00019200000679120421,1.0,False,real,real-qwen2.5-N2000,nli,separate-prop,2000
4,log:A5,The post describes a hardware problem the author is experiencing.,cold,2000,2000,0,0,0,1.0,1.0,1.0,70,,,,,0.0006461670127464458,1.0,,real,real-qwen2.5-N2000,nli,separate-prop,2000
5,log:B1,The post offers an item for sale.,cold,2000,2000,0,0,0,1.0,1.0,1.0,80,,,,,0.0004172080080024898,1.0,,real,real-qwen2.5-N2000,nli,separate-prop,2000
6,log:B2,The post offers a computer or a computer part for sale.,rewrite,2000,1920,29,51,0,1.0,1.0,1.0,22,1.0,False,1.0,False,0.0005242500046733767,1.0,False,real,real-qwen2.5-N2000,nli,separate-prop,2000
7,log:B3,The post mentions a specific price in dollars.,cold,2000,2000,0,0,0,1.0,1.0,1.0,140,,,,,0.0002765419922070578,1.0,,real,real-qwen2.5-N2000,nli,separate-prop,2000
8,log:B4,The post is an advertisement.,rewrite,2000,0,0,2000,0,1.0,1.0,1.0,87,1.0,False,1.0,False,0.0004469580017030239,1.0,False,real,real-qwen2.5-N2000,nli,separate-prop,2000
9,log:B5,The post is looking to buy something rather than to sell something.,rewrite,2000,11,0,1989,0,1.0,1.0,1.0,56,1.0,False,1.0,False,0.00048358300409745425,1.0,False,real,real-qwen2.5-N2000,nli,separate-prop,2000
10,log:C1,The post discusses a professional sports team.,cold,2000,2000,0,0,0,1.0,1.0,1.0,143,,,,,0.0002849160082405433,1.0,,real,real-qwen2.5-N2000,nli,separate-prop,2000
11,log:C2,The post discusses a professional baseball team.,rewrite,1103,223,880,0,0,1.0,1.0,1.0,69,0.92,False,1.0,False,0.0013997920032124966,1.0,False,real,real-qwen2.5-N2000,nli,separate-prop,2000
12,log:C3,The post mentions a player's statistics.,rewrite,2000,80,0,1920,0,1.0,1.0,1.0,30,1.0,False,1.0,False,0.00043362499854993075,1.0,False,real,real-qwen2.5-N2000,nli,separate-prop,2000
13,log:C4,The post is about a sporting event that has already taken place.,cold,2000,2000,0,0,0,1.0,1.0,1.0,38,,,,,0.00031291700724978,1.0,,real,real-qwen2.5-N2000,nli,separate-prop,2000
14,log:C5,The post is about sports.,rewrite,2000,13,0,1987,0,1.0,1.0,1.0,188,1.0,False,1.0,False,0.00047170800098683685,1.0,False,real,real-qwen2.5-N2000,nli,separate-prop,2000
15,log:D1,The post argues about politics.,cold,2000,2000,0,0,0,1.0,1.0,1.0,200,,,,,0.00032449999707750976,1.0,,real,real-qwen2.5-N2000,nli,separate-prop,2000
16,log:D2,The post argues about gun control policy.,cold,2000,2000,0,0,0,1.0,1.0,1.0,34,,,,,0.0003104579955106601,1.0,,real,real-qwen2.5-N2000,nli,separate-prop,2000
17,log:D3,The post expresses a religious belief.,rewrite,2000,1913,29,58,0,1.0,1.0,1.0,92,1.0,False,1.0,False,0.0008884999988367781,1.0,False,real,real-qwen2.5-N2000,nli,separate-prop,2000
18,log:D4,The post argues about religion.,cold,2000,2000,0,0,0,1.0,1.0,1.0,205,,,,,0.009314583003288135,1.0,,real,real-qwen2.5-N2000,nli,separate-prop,2000
19,log:D5,The post discusses the Middle East.,rewrite,1666,312,1354,0,0,1.0,0.9591836734693877,0.9791666666666666,49,0.9215686274509803,False,1.0,False,0.00796033299411647,0.9591836734693877,False,real,real-qwen2.5-N2000,nli,separate-prop,2000
20,log:D6,The post criticizes a government or a government policy.,cold,2000,2000,0,0,0,1.0,1.0,1.0,157,,,,,0.00041658300324343145,1.0,,real,real-qwen2.5-N2000,nli,separate-prop,2000
21,log:E1,The author of the post is frustrated or angry.,cold,2000,2000,0,0,0,1.0,1.0,1.0,552,,,,,0.000211750011658296,1.0,,real,real-qwen2.5-N2000,nli,separate-prop,2000
22,log:E2,The post contains a question.,rewrite,2000,0,0,2000,0,1.0,1.0,1.0,799,1.0,False,1.0,False,0.0003811670030700043,1.0,False,real,real-qwen2.5-N2000,nli,separate-prop,2000
23,log:E3,The post quotes another message.,rewrite,2000,0,0,2000,0,1.0,1.0,1.0,198,1.0,False,1.0,False,0.00029620899294968694,1.0,False,real,real-qwen2.5-N2000,nli,separate-prop,2000
24,log:E4,The post uses technical jargon.,cold,2000,2000,0,0,0,1.0,1.0,1.0,611,,,,,0.00019879199680872262,1.0,,real,real-qwen2.5-N2000,nli,separate-prop,2000
25,log:E5,The post makes a factual claim that could be checked.,rewrite,2000,0,0,2000,0,1.0,1.0,1.0,600,1.0,False,1.0,False,0.00032045799889601767,1.0,False,real,real-qwen2.5-N2000,nli,separate-prop,2000
26,log:F1,The post discusses medicine or health.,rewrite,2000,774,72,1154,0,1.0,1.0,1.0,99,1.0,False,1.0,False,0.0004416250012582168,1.0,False,real,real-qwen2.5-N2000,nli,separate-prop,2000
27,log:F2,The post discusses a specific disease or medical condition.,rewrite,2000,774,72,1154,0,1.0,1.0,1.0,36,1.0,False,1.0,False,0.0003947500081267208,1.0,False,real,real-qwen2.5-N2000,nli,separate-prop,2000
28,log:F3,The post discusses space or astronomy.,rewrite,2000,1201,29,770,0,1.0,1.0,1.0,64,1.0,False,1.0,False,0.0003335410001454875,1.0,False,real,real-qwen2.5-N2000,nli,separate-prop,2000
29,log:F4,The post discusses cryptography or encryption.,rewrite,2000,1201,29,770,0,1.0,1.0,1.0,55,1.0,False,1.0,False,0.0003349579928908497,1.0,False,real,real-qwen2.5-N2000,nli,separate-prop,2000
30,log:F5,The post discusses computer security.,rewrite,2000,774,72,1154,0,1.0,1.0,1.0,48,1.0,False,1.0,False,0.00040424999315291643,1.0,False,real,real-qwen2.5-N2000,nli,separate-prop,2000
31,log:F6,The post discusses science.,rewrite,2000,1226,239,535,0,1.0,1.0,1.0,175,1.0,False,1.0,False,0.0008062919951044023,1.0,False,real,real-qwen2.5-N2000,nli,separate-prop,2000
32,log:G1,The post mentions an operating system.,rewrite,2000,308,0,1692,0,1.0,1.0,1.0,175,1.0,False,1.0,False,0.0003573750000214204,1.0,False,real,real-qwen2.5-N2000,nli,separate-prop,2000
33,log:G2,The post mentions Microsoft Windows.,rewrite,1392,496,883,13,0,1.0,1.0,1.0,72,0.9113924050632911,False,1.0,False,0.0007790829986333847,1.0,False,real,real-qwen2.5-N2000,nli,separate-prop,2000
34,log:G3,The post mentions the X Window System.,rewrite,2000,308,0,1692,0,1.0,1.0,1.0,78,1.0,False,1.0,False,0.0003356669913046062,1.0,False,real,real-qwen2.5-N2000,nli,separate-prop,2000
35,log:G4,The post discusses software rather than hardware.,rewrite,2000,3,0,1997,0,1.0,1.0,1.0,269,1.0,False,1.0,False,0.0003399579873075709,1.0,False,real,real-qwen2.5-N2000,nli,separate-prop,2000
36,log:G5,The post recommends a product or a service.,rewrite,2000,0,0,2000,0,1.0,1.0,1.0,70,1.0,False,1.0,False,0.00033533301029819995,1.0,False,real,real-qwen2.5-N2000,nli,separate-prop,2000
37,log:H1,The post asks for technical help with computer hardware.,exact-hit,0,0,0,0,0,1.0,1.0,1.0,149,,,,,5.6249991757795215e-06,1.0,,real,real-qwen2.5-N2000,nli,separate-prop,2000
38,log:H2,The post is selling something.,rewrite,1332,612,700,20,0,1.0,1.0,1.0,82,0.9213483146067416,False,1.0,False,0.0007147919968701899,1.0,False,real,real-qwen2.5-N2000,nli,separate-prop,2000
39,log:H3,The post is about a motor vehicle.,rewrite,2000,1118,72,810,0,1.0,1.0,1.0,152,1.0,False,1.0,False,0.0004209999897284433,1.0,False,real,real-qwen2.5-N2000,nli,separate-prop,2000
40,log:H4,The post is about a car or a motorcycle.,rewrite,1340,944,318,78,0,1.0,1.0,1.0,128,0.9078014184397163,False,1.0,False,0.0007577079959446564,1.0,False,real,real-qwen2.5-N2000,nli,separate-prop,2000
41,log:H5,The post gives advice about maintaining a vehicle.,rewrite,2000,732,0,1268,0,1.0,1.0,1.0,8,1.0,False,1.0,False,0.0003411250072531402,1.0,False,real,real-qwen2.5-N2000,nli,separate-prop,2000
42,log:H6,The tone of the post is angry or annoyed.,rewrite,2000,33,0,1967,0,1.0,1.0,1.0,290,1.0,False,1.0,False,0.00043129100231453776,1.0,False,real,real-qwen2.5-N2000,nli,separate-prop,2000
43,log:H7,The post is about a computer operating system.,rewrite,1315,945,369,1,0,1.0,1.0,1.0,119,0.9083969465648855,False,1.0,False,0.0007127080025384203,1.0,False,real,real-qwen2.5-N2000,nli,separate-prop,2000
44,log:H8,The post is a for-sale advertisement.,rewrite,1132,70,1041,21,0,1.0,1.0,1.0,76,0.95,False,1.0,False,0.0007323749887291342,1.0,False,real,real-qwen2.5-N2000,nli,separate-prop,2000
45,log:H9,The post discusses encryption algorithms or key management.,rewrite,2000,1165,78,757,0,1.0,1.0,1.0,38,1.0,False,1.0,False,0.00044329199590720236,1.0,False,real,real-qwen2.5-N2000,nli,separate-prop,2000
46,log:H10,The post asks a question about computer hardware.,rewrite,2000,799,403,798,0,1.0,1.0,1.0,159,1.0,False,1.0,False,0.0007619170064572245,1.0,False,real,real-qwen2.5-N2000,nli,separate-prop,2000
0,log:A1,The post asks for technical help with computer hardware.,cold,2000,2000,0,0,0,1.0,1.0,1.0,149,,,,,3.529198875185102e-05,1.0,,real,real-qwen2.5-N2000,nli,fixed-100,2000
1,log:A2,The post asks for technical help with a personal computer's hardware.,rewrite,2000,1851,100,49,0,1.0,1.0,1.0,111,1.0,False,1.0,False,0.00022287500905804336,1.0,False,real,real-qwen2.5-N2000,nli,fixed-100,2000
2,log:A3,The post is a request for technical assistance concerning computer hardware.,rewrite,1990,43,200,1747,0,1.0,0.9870967741935484,0.9935064935064934,155,0.9741935483870968,False,0.9869281045751634,False,0.0009817499958444387,0.9870967741935484,False,real,real-qwen2.5-N2000,nli,fixed-100,2000
3,log:A4,The post asks for help with Macintosh hardware.,rewrite,2000,1836,100,64,0,1.0,1.0,1.0,32,1.0,False,1.0,False,0.00022120900393929332,1.0,False,real,real-qwen2.5-N2000,nli,fixed-100,2000
4,log:A5,The post describes a hardware problem the author is experiencing.,cold,2000,2000,0,0,0,1.0,1.0,1.0,70,,,,,0.00011729200195986778,1.0,,real,real-qwen2.5-N2000,nli,fixed-100,2000
5,log:B1,The post offers an item for sale.,cold,2000,2000,0,0,0,1.0,1.0,1.0,80,,,,,0.00011616700794547796,1.0,,real,real-qwen2.5-N2000,nli,fixed-100,2000
6,log:B2,The post offers a computer or a computer part for sale.,rewrite,2000,1920,0,80,0,1.0,1.0,1.0,22,1.0,False,1.0,False,0.00016516698815394193,1.0,False,real,real-qwen2.5-N2000,nli,fixed-100,2000
7,log:B3,The post mentions a specific price in dollars.,cold,2000,2000,0,0,0,1.0,1.0,1.0,140,,,,,0.00012020900612697005,1.0,,real,real-qwen2.5-N2000,nli,fixed-100,2000
8,log:B4,The post is an advertisement.,rewrite,2000,0,100,1900,0,1.0,1.0,1.0,87,1.0,False,1.0,False,0.0007617499941261485,1.0,False,real,real-qwen2.5-N2000,nli,fixed-100,2000
9,log:B5,The post is looking to buy something rather than to sell something.,rewrite,2000,11,100,1889,0,1.0,1.0,1.0,56,1.0,False,1.0,False,0.0012093749974155799,1.0,False,real,real-qwen2.5-N2000,nli,fixed-100,2000
10,log:C1,The post discusses a professional sports team.,cold,2000,2000,0,0,0,1.0,1.0,1.0,143,,,,,0.00013912499707657844,1.0,,real,real-qwen2.5-N2000,nli,fixed-100,2000
11,log:C2,The post discusses a professional baseball team.,rewrite,2000,223,100,1677,0,1.0,1.0,1.0,69,1.0,False,1.0,False,0.0006367500027408823,1.0,False,real,real-qwen2.5-N2000,nli,fixed-100,2000
12,log:C3,The post mentions a player's statistics.,rewrite,2000,80,100,1820,0,1.0,1.0,1.0,30,1.0,False,1.0,False,0.0006355829973472282,1.0,False,real,real-qwen2.5-N2000,nli,fixed-100,2000
13,log:C4,The post is about a sporting event that has already taken place.,cold,2000,2000,0,0,0,1.0,1.0,1.0,38,,,,,0.00015666699619032443,1.0,,real,real-qwen2.5-N2000,nli,fixed-100,2000
14,log:C5,The post is about sports.,rewrite,2000,13,100,1887,0,1.0,1.0,1.0,188,1.0,False,1.0,False,0.00078433399903588,1.0,False,real,real-qwen2.5-N2000,nli,fixed-100,2000
15,log:D1,The post argues about politics.,cold,2000,2000,0,0,0,1.0,1.0,1.0,200,,,,,0.00016145799600053579,1.0,,real,real-qwen2.5-N2000,nli,fixed-100,2000
16,log:D2,The post argues about gun control policy.,cold,2000,2000,0,0,0,1.0,1.0,1.0,34,,,,,0.0001507499982835725,1.0,,real,real-qwen2.5-N2000,nli,fixed-100,2000
17,log:D3,The post expresses a religious belief.,rewrite,2000,1913,0,87,0,1.0,1.0,1.0,92,1.0,False,1.0,False,0.00021212499996181577,1.0,False,real,real-qwen2.5-N2000,nli,fixed-100,2000
18,log:D4,The post argues about religion.,cold,2000,2000,0,0,0,1.0,1.0,1.0,205,,,,,0.00015900000289548188,1.0,,real,real-qwen2.5-N2000,nli,fixed-100,2000
19,log:D5,The post discusses the Middle East.,rewrite,2000,312,100,1588,0,1.0,1.0,1.0,49,1.0,False,1.0,False,0.000686957995640114,1.0,False,real,real-qwen2.5-N2000,nli,fixed-100,2000
20,log:D6,The post criticizes a government or a government policy.,cold,2000,2000,0,0,0,1.0,1.0,1.0,157,,,,,0.00018445799651090056,1.0,,real,real-qwen2.5-N2000,nli,fixed-100,2000
21,log:E1,The author of the post is frustrated or angry.,cold,2000,2000,0,0,0,1.0,1.0,1.0,552,,,,,0.00016683399735484272,1.0,,real,real-qwen2.5-N2000,nli,fixed-100,2000
22,log:E2,The post contains a question.,rewrite,1971,0,100,1871,0,1.0,0.967459324155194,0.9834605597964376,799,0.9638403990024937,False,1.0,False,0.0008929580071708187,0.967459324155194,False,real,real-qwen2.5-N2000,nli,fixed-100,2000
23,log:E3,The post quotes another message.,rewrite,1999,0,100,1899,0,1.0,1.0,1.0,198,0.9949748743718593,False,1.0,False,0.0011119999981019646,1.0,False,real,real-qwen2.5-N2000,nli,fixed-100,2000
24,log:E4,The post uses technical jargon.,cold,2000,2000,0,0,0,1.0,1.0,1.0,611,,,,,0.0002023330016527325,1.0,,real,real-qwen2.5-N2000,nli,fixed-100,2000
25,log:E5,The post makes a factual claim that could be checked.,rewrite,1973,0,100,1873,0,1.0,0.9833333333333333,0.9915966386554621,600,0.9577922077922078,False,1.0,False,0.0013559579965658486,0.9833333333333333,False,real,real-qwen2.5-N2000,nli,fixed-100,2000
26,log:F1,The post discusses medicine or health.,rewrite,2000,795,200,1005,0,1.0,1.0,1.0,99,1.0,False,1.0,False,0.000389290988096036,1.0,False,real,real-qwen2.5-N2000,nli,fixed-100,2000
27,log:F2,The post discusses a specific disease or medical condition.,rewrite,2000,795,200,1005,0,1.0,1.0,1.0,36,1.0,False,1.0,False,0.00037133399746380746,1.0,False,real,real-qwen2.5-N2000,nli,fixed-100,2000
28,log:F3,The post discusses space or astronomy.,rewrite,2000,1227,100,673,0,1.0,1.0,1.0,64,1.0,False,1.0,False,0.00031541699718218297,1.0,False,real,real-qwen2.5-N2000,nli,fixed-100,2000
29,log:F4,The post discusses cryptography or encryption.,rewrite,2000,1227,100,673,0,1.0,1.0,1.0,55,1.0,False,1.0,False,0.00030899999546818435,1.0,False,real,real-qwen2.5-N2000,nli,fixed-100,2000
30,log:F5,The post discusses computer security.,rewrite,2000,795,200,1005,0,1.0,1.0,1.0,48,1.0,False,1.0,False,0.0003777089877985418,1.0,False,real,real-qwen2.5-N2000,nli,fixed-100,2000
31,log:F6,The post discusses science.,rewrite,2000,1205,100,695,0,1.0,1.0,1.0,175,1.0,False,1.0,False,0.0007845840009395033,1.0,False,real,real-qwen2.5-N2000,nli,fixed-100,2000
32,log:G1,The post mentions an operating system.,rewrite,2000,308,100,1592,0,1.0,1.0,1.0,175,1.0,False,1.0,False,0.0007790000090608373,1.0,False,real,real-qwen2.5-N2000,nli,fixed-100,2000
33,log:G2,The post mentions Microsoft Windows.,rewrite,2000,496,100,1404,0,1.0,1.0,1.0,72,1.0,False,1.0,False,0.0010348340001655743,1.0,False,real,real-qwen2.5-N2000,nli,fixed-100,2000
34,log:G3,The post mentions the X Window System.,rewrite,2000,308,100,1592,0,1.0,1.0,1.0,78,1.0,False,1.0,False,0.0021971250098431483,1.0,False,real,real-qwen2.5-N2000,nli,fixed-100,2000
35,log:G4,The post discusses software rather than hardware.,rewrite,1998,3,100,1895,0,1.0,0.9962825278810409,0.9981378026070763,269,0.9925925925925926,False,1.0,False,0.002774291002424434,0.9962825278810409,False,real,real-qwen2.5-N2000,nli,fixed-100,2000
36,log:G5,The post recommends a product or a service.,rewrite,2000,0,100,1900,0,1.0,1.0,1.0,70,1.0,False,1.0,False,0.0023368340043816715,1.0,False,real,real-qwen2.5-N2000,nli,fixed-100,2000
37,log:H1,The post asks for technical help with computer hardware.,exact-hit,0,0,0,0,0,1.0,1.0,1.0,149,,,,,1.2584001524373889e-05,1.0,,real,real-qwen2.5-N2000,nli,fixed-100,2000
38,log:H2,The post is selling something.,rewrite,2000,602,100,1298,0,1.0,1.0,1.0,82,1.0,False,1.0,False,0.0020314160065026954,1.0,False,real,real-qwen2.5-N2000,nli,fixed-100,2000
39,log:H3,The post is about a motor vehicle.,rewrite,2000,1144,100,756,0,1.0,1.0,1.0,152,1.0,False,1.0,False,0.0009334579954156652,1.0,False,real,real-qwen2.5-N2000,nli,fixed-100,2000
40,log:H4,The post is about a car or a motorcycle.,rewrite,2000,922,100,978,0,1.0,1.0,1.0,128,1.0,False,1.0,False,0.0011049169988837093,1.0,False,real,real-qwen2.5-N2000,nli,fixed-100,2000
41,log:H5,The post gives advice about maintaining a vehicle.,rewrite,2000,722,100,1178,0,1.0,1.0,1.0,8,1.0,False,1.0,False,0.0010150000016437843,1.0,False,real,real-qwen2.5-N2000,nli,fixed-100,2000
42,log:H6,The tone of the post is angry or annoyed.,rewrite,2000,33,100,1867,0,1.0,1.0,1.0,290,1.0,False,1.0,False,0.0012756249925587326,1.0,False,real,real-qwen2.5-N2000,nli,fixed-100,2000
43,log:H7,The post is about a computer operating system.,rewrite,1998,923,100,975,0,1.0,0.9915966386554622,0.9957805907172996,119,0.9833333333333333,False,1.0,False,0.0009256670018658042,0.9915966386554622,False,real,real-qwen2.5-N2000,nli,fixed-100,2000
44,log:H8,The post is a for-sale advertisement.,rewrite,2000,70,100,1830,0,1.0,1.0,1.0,76,1.0,False,1.0,False,0.000839749991428107,1.0,False,real,real-qwen2.5-N2000,nli,fixed-100,2000
45,log:H9,The post discusses encryption algorithms or key management.,rewrite,2000,1191,100,709,0,1.0,1.0,1.0,38,1.0,False,1.0,False,0.0004851660050917417,1.0,False,real,real-qwen2.5-N2000,nli,fixed-100,2000
46,log:H10,The post asks a question about computer hardware.,rewrite,1988,773,100,1115,0,1.0,0.9308176100628931,0.9641693811074918,159,0.925,False,1.0,False,0.0010667909955373034,0.9308176100628931,False,real,real-qwen2.5-N2000,nli,fixed-100,2000
0,log:A1,The post asks for technical help with computer hardware.,cold,2000,2000,0,0,0,1.0,1.0,1.0,149,,,,,4.4333995901979506e-05,1.0,,real,real-qwen2.5-N2000,nli,fixed-400,2000
1,log:A2,The post asks for technical help with a personal computer's hardware.,rewrite,2000,1851,0,149,0,1.0,1.0,1.0,111,1.0,False,1.0,False,0.0002398750075371936,1.0,False,real,real-qwen2.5-N2000,nli,fixed-400,2000
2,log:A3,The post is a request for technical assistance concerning computer hardware.,rewrite,1998,43,400,1555,0,1.0,1.0,1.0,155,0.9872611464968153,False,1.0,False,0.0008799579954938963,1.0,False,real,real-qwen2.5-N2000,nli,fixed-400,2000
3,log:A4,The post asks for help with Macintosh hardware.,rewrite,2000,1836,0,164,0,1.0,1.0,1.0,32,1.0,False,1.0,False,0.00023212499218061566,1.0,False,real,real-qwen2.5-N2000,nli,fixed-400,2000
4,log:A5,The post describes a hardware problem the author is experiencing.,cold,2000,2000,0,0,0,1.0,1.0,1.0,70,,,,,0.00012395800149533898,1.0,,real,real-qwen2.5-N2000,nli,fixed-400,2000
5,log:B1,The post offers an item for sale.,cold,2000,2000,0,0,0,1.0,1.0,1.0,80,,,,,0.00012420899292919785,1.0,,real,real-qwen2.5-N2000,nli,fixed-400,2000
6,log:B2,The post offers a computer or a computer part for sale.,rewrite,2000,1920,0,80,0,1.0,1.0,1.0,22,1.0,False,1.0,False,0.00018441700376570225,1.0,False,real,real-qwen2.5-N2000,nli,fixed-400,2000
7,log:B3,The post mentions a specific price in dollars.,cold,2000,2000,0,0,0,1.0,1.0,1.0,140,,,,,0.00013583300460595638,1.0,,real,real-qwen2.5-N2000,nli,fixed-400,2000
8,log:B4,The post is an advertisement.,rewrite,2000,0,400,1600,0,1.0,1.0,1.0,87,1.0,False,1.0,False,0.0008510000043315813,1.0,False,real,real-qwen2.5-N2000,nli,fixed-400,2000
9,log:B5,The post is looking to buy something rather than to sell something.,rewrite,2000,11,400,1589,0,1.0,1.0,1.0,56,1.0,False,1.0,False,0.0013041249912930652,1.0,False,real,real-qwen2.5-N2000,nli,fixed-400,2000
10,log:C1,The post discusses a professional sports team.,cold,2000,2000,0,0,0,1.0,1.0,1.0,143,,,,,0.00016545900143682957,1.0,,real,real-qwen2.5-N2000,nli,fixed-400,2000
11,log:C2,The post discusses a professional baseball team.,rewrite,2000,223,400,1377,0,1.0,1.0,1.0,69,1.0,False,1.0,False,0.0006990830006543547,1.0,False,real,real-qwen2.5-N2000,nli,fixed-400,2000
12,log:C3,The post mentions a player's statistics.,rewrite,2000,80,400,1520,0,1.0,1.0,1.0,30,1.0,False,1.0,False,0.0006584579969057813,1.0,False,real,real-qwen2.5-N2000,nli,fixed-400,2000
13,log:C4,The post is about a sporting event that has already taken place.,cold,2000,2000,0,0,0,1.0,1.0,1.0,38,,,,,0.00016345801122952253,1.0,,real,real-qwen2.5-N2000,nli,fixed-400,2000
14,log:C5,The post is about sports.,rewrite,2000,13,400,1587,0,1.0,1.0,1.0,188,1.0,False,1.0,False,0.0008184999896911904,1.0,False,real,real-qwen2.5-N2000,nli,fixed-400,2000
15,log:D1,The post argues about politics.,cold,2000,2000,0,0,0,1.0,1.0,1.0,200,,,,,0.00017237498832400888,1.0,,real,real-qwen2.5-N2000,nli,fixed-400,2000
16,log:D2,The post argues about gun control policy.,cold,2000,2000,0,0,0,1.0,1.0,1.0,34,,,,,0.00016162500833161175,1.0,,real,real-qwen2.5-N2000,nli,fixed-400,2000
17,log:D3,The post expresses a religious belief.,rewrite,2000,1913,0,87,0,1.0,1.0,1.0,92,1.0,False,1.0,False,0.0002253339916933328,1.0,False,real,real-qwen2.5-N2000,nli,fixed-400,2000
18,log:D4,The post argues about religion.,cold,2000,2000,0,0,0,1.0,1.0,1.0,205,,,,,0.00017600000137463212,1.0,,real,real-qwen2.5-N2000,nli,fixed-400,2000
19,log:D5,The post discusses the Middle East.,rewrite,2000,312,400,1288,0,1.0,1.0,1.0,49,1.0,False,1.0,False,0.0007259999983943999,1.0,False,real,real-qwen2.5-N2000,nli,fixed-400,2000
20,log:D6,The post criticizes a government or a government policy.,cold,2000,2000,0,0,0,1.0,1.0,1.0,157,,,,,0.00019220799731556326,1.0,,real,real-qwen2.5-N2000,nli,fixed-400,2000
21,log:E1,The author of the post is frustrated or angry.,cold,2000,2000,0,0,0,1.0,1.0,1.0,552,,,,,0.00018445799651090056,1.0,,real,real-qwen2.5-N2000,nli,fixed-400,2000
22,log:E2,The post contains a question.,rewrite,1978,0,400,1578,0,1.0,0.9737171464330413,0.9866835764109068,799,0.9725,False,1.0,False,0.0010099579958477989,0.9737171464330413,False,real,real-qwen2.5-N2000,nli,fixed-400,2000
23,log:E3,The post quotes another message.,rewrite,1999,0,400,1599,0,1.0,1.0,1.0,198,0.9949748743718593,False,1.0,False,0.0012036249972879887,1.0,False,real,real-qwen2.5-N2000,nli,fixed-400,2000
24,log:E4,The post uses technical jargon.,cold,2000,2000,0,0,0,1.0,1.0,1.0,611,,,,,0.00021600000036414713,1.0,,real,real-qwen2.5-N2000,nli,fixed-400,2000
25,log:E5,The post makes a factual claim that could be checked.,rewrite,1976,0,400,1576,0,1.0,0.985,0.9924433249370278,600,0.967266775777414,False,1.0,False,0.0013868340029148385,0.985,False,real,real-qwen2.5-N2000,nli,fixed-400,2000
26,log:F1,The post discusses medicine or health.,rewrite,2000,791,800,409,0,1.0,1.0,1.0,99,1.0,False,1.0,False,0.0004514579923124984,1.0,False,real,real-qwen2.5-N2000,nli,fixed-400,2000
27,log:F2,The post discusses a specific disease or medical condition.,rewrite,2000,791,800,409,0,1.0,1.0,1.0,36,1.0,False,1.0,False,0.000406666993512772,1.0,False,real,real-qwen2.5-N2000,nli,fixed-400,2000
28,log:F3,The post discusses space or astronomy.,rewrite,2000,1222,400,378,0,1.0,1.0,1.0,64,1.0,False,1.0,False,0.00033808300213422626,1.0,False,real,real-qwen2.5-N2000,nli,fixed-400,2000
29,log:F4,The post discusses cryptography or encryption.,rewrite,2000,1222,400,378,0,1.0,1.0,1.0,55,1.0,False,1.0,False,0.000339165999321267,1.0,False,real,real-qwen2.5-N2000,nli,fixed-400,2000
30,log:F5,The post discusses computer security.,rewrite,2000,791,800,409,0,1.0,1.0,1.0,48,1.0,False,1.0,False,0.00041074999899137765,1.0,False,real,real-qwen2.5-N2000,nli,fixed-400,2000
31,log:F6,The post discusses science.,rewrite,1988,1209,400,379,0,1.0,0.9714285714285714,0.9855072463768115,175,0.9340659340659341,False,1.0,False,0.0008494999929098412,0.9714285714285714,False,real,real-qwen2.5-N2000,nli,fixed-400,2000
32,log:G1,The post mentions an operating system.,rewrite,2000,308,400,1292,0,1.0,1.0,1.0,175,1.0,False,1.0,False,0.0008086669986369088,1.0,False,real,real-qwen2.5-N2000,nli,fixed-400,2000
33,log:G2,The post mentions Microsoft Windows.,rewrite,2000,496,400,1104,0,1.0,1.0,1.0,72,1.0,False,1.0,False,0.0007617920055054128,1.0,False,real,real-qwen2.5-N2000,nli,fixed-400,2000
34,log:G3,The post mentions the X Window System.,rewrite,2000,308,400,1292,0,1.0,1.0,1.0,78,1.0,False,1.0,False,0.0007468749972758815,1.0,False,real,real-qwen2.5-N2000,nli,fixed-400,2000
35,log:G4,The post discusses software rather than hardware.,rewrite,1999,3,400,1596,0,1.0,1.0,1.0,269,0.9962962962962963,False,1.0,False,0.0011436249915277585,1.0,False,real,real-qwen2.5-N2000,nli,fixed-400,2000
36,log:G5,The post recommends a product or a service.,rewrite,2000,0,400,1600,0,1.0,1.0,1.0,70,1.0,False,1.0,False,0.0010007090022554621,1.0,False,real,real-qwen2.5-N2000,nli,fixed-400,2000
37,log:H1,The post asks for technical help with computer hardware.,exact-hit,0,0,0,0,0,1.0,1.0,1.0,149,,,,,5.49999822396785e-06,1.0,,real,real-qwen2.5-N2000,nli,fixed-400,2000
38,log:H2,The post is selling something.,rewrite,2000,603,400,997,0,1.0,1.0,1.0,82,1.0,False,1.0,False,0.0007795830024406314,1.0,False,real,real-qwen2.5-N2000,nli,fixed-400,2000
39,log:H3,The post is about a motor vehicle.,rewrite,2000,1139,400,461,0,1.0,1.0,1.0,152,1.0,False,1.0,False,0.0004209159960737452,1.0,False,real,real-qwen2.5-N2000,nli,fixed-400,2000
40,log:H4,The post is about a car or a motorcycle.,rewrite,1403,927,400,76,0,1.0,1.0,1.0,128,0.920863309352518,False,1.0,False,0.0013616659998660907,1.0,False,real,real-qwen2.5-N2000,nli,fixed-400,2000
41,log:H5,The post gives advice about maintaining a vehicle.,rewrite,2000,723,400,877,0,1.0,1.0,1.0,8,1.0,False,1.0,False,0.0009188749972963706,1.0,False,real,real-qwen2.5-N2000,nli,fixed-400,2000
42,log:H6,The tone of the post is angry or annoyed.,rewrite,1976,33,400,1543,0,1.0,0.9620689655172414,0.9806678383128296,290,0.93,False,1.0,False,0.004473458000575192,0.9620689655172414,False,real,real-qwen2.5-N2000,nli,fixed-400,2000
43,log:H7,The post is about a computer operating system.,rewrite,1329,929,400,0,0,1.0,0.9831932773109243,0.9915254237288135,119,0.936,False,1.0,False,0.00850654199894052,0.9831932773109243,False,real,real-qwen2.5-N2000,nli,fixed-400,2000
44,log:H8,The post is a for-sale advertisement.,rewrite,2000,70,400,1530,0,1.0,1.0,1.0,76,1.0,False,1.0,False,0.0023266670032171533,1.0,False,real,real-qwen2.5-N2000,nli,fixed-400,2000
45,log:H9,The post discusses encryption algorithms or key management.,rewrite,2000,1186,400,414,0,1.0,1.0,1.0,38,1.0,False,1.0,False,0.0006940000021131709,1.0,False,real,real-qwen2.5-N2000,nli,fixed-400,2000
46,log:H10,The post asks a question about computer hardware.,rewrite,1985,778,400,807,0,1.0,0.9119496855345912,0.9539473684210527,159,0.90625,False,1.0,False,0.0010409579990664497,0.9119496855345912,False,real,real-qwen2.5-N2000,nli,fixed-400,2000
0,log:A1,The post asks for technical help with computer hardware.,cold,2000,2000,0,0,0,1.0,1.0,1.0,149,,,,,4.062500374857336e-05,1.0,,real,real-qwen2.5-N2000,nli,fixed-1600,2000
1,log:A2,The post asks for technical help with a personal computer's hardware.,rewrite,2000,1851,0,149,0,1.0,1.0,1.0,111,1.0,False,1.0,False,0.00022658299712929875,1.0,False,real,real-qwen2.5-N2000,nli,fixed-1600,2000
2,log:A3,The post is a request for technical assistance concerning computer hardware.,rewrite,1749,43,1600,106,0,1.0,0.9870967741935484,0.9935064935064934,155,0.9503105590062112,False,1.0,False,0.0012314159976085648,0.9870967741935484,False,real,real-qwen2.5-N2000,nli,fixed-1600,2000
3,log:A4,The post asks for help with Macintosh hardware.,rewrite,2000,1837,0,163,0,1.0,1.0,1.0,32,1.0,False,1.0,False,0.0002161250013159588,1.0,False,real,real-qwen2.5-N2000,nli,fixed-1600,2000
4,log:A5,The post describes a hardware problem the author is experiencing.,cold,2000,2000,0,0,0,1.0,1.0,1.0,70,,,,,0.00011941700358875096,1.0,,real,real-qwen2.5-N2000,nli,fixed-1600,2000
5,log:B1,The post offers an item for sale.,cold,2000,2000,0,0,0,1.0,1.0,1.0,80,,,,,0.00011666701175272465,1.0,,real,real-qwen2.5-N2000,nli,fixed-1600,2000
6,log:B2,The post offers a computer or a computer part for sale.,rewrite,2000,1920,0,80,0,1.0,1.0,1.0,22,1.0,False,1.0,False,0.00016999999934341758,1.0,False,real,real-qwen2.5-N2000,nli,fixed-1600,2000
7,log:B3,The post mentions a specific price in dollars.,cold,2000,2000,0,0,0,1.0,1.0,1.0,140,,,,,0.000127417006297037,1.0,,real,real-qwen2.5-N2000,nli,fixed-1600,2000
8,log:B4,The post is an advertisement.,rewrite,1998,0,1600,398,0,1.0,0.9770114942528736,0.9883720930232558,87,0.9770114942528736,False,1.0,False,0.0008557919936720282,0.9770114942528736,False,real,real-qwen2.5-N2000,nli,fixed-1600,2000
9,log:B5,The post is looking to buy something rather than to sell something.,rewrite,1997,11,1600,386,0,1.0,1.0,1.0,56,0.9491525423728814,False,1.0,False,0.001250875007826835,1.0,False,real,real-qwen2.5-N2000,nli,fixed-1600,2000
10,log:C1,The post discusses a professional sports team.,cold,2000,2000,0,0,0,1.0,1.0,1.0,143,,,,,0.00014937500236555934,1.0,,real,real-qwen2.5-N2000,nli,fixed-1600,2000
11,log:C2,The post discusses a professional baseball team.,rewrite,1823,223,1600,0,0,1.0,1.0,1.0,69,0.971830985915493,False,1.0,False,0.0010697499965317547,1.0,False,real,real-qwen2.5-N2000,nli,fixed-1600,2000
12,log:C3,The post mentions a player's statistics.,rewrite,2000,80,1600,320,0,1.0,1.0,1.0,30,1.0,False,1.0,False,0.0005905829893890768,1.0,False,real,real-qwen2.5-N2000,nli,fixed-1600,2000
13,log:C4,The post is about a sporting event that has already taken place.,cold,2000,2000,0,0,0,1.0,1.0,1.0,38,,,,,0.00015654200979042798,1.0,,real,real-qwen2.5-N2000,nli,fixed-1600,2000
14,log:C5,The post is about sports.,rewrite,1992,13,1600,379,0,1.0,0.9574468085106383,0.9782608695652174,188,0.9574468085106383,False,1.0,False,0.0008974579977802932,0.9574468085106383,False,real,real-qwen2.5-N2000,nli,fixed-1600,2000
15,log:D1,The post argues about politics.,cold,2000,2000,0,0,0,1.0,1.0,1.0,200,,,,,0.00016024999786168337,1.0,,real,real-qwen2.5-N2000,nli,fixed-1600,2000
16,log:D2,The post argues about gun control policy.,cold,2000,2000,0,0,0,1.0,1.0,1.0,34,,,,,0.0001561660028528422,1.0,,real,real-qwen2.5-N2000,nli,fixed-1600,2000
17,log:D3,The post expresses a religious belief.,rewrite,2000,1915,0,85,0,1.0,1.0,1.0,92,1.0,False,1.0,False,0.00021716600167565048,1.0,False,real,real-qwen2.5-N2000,nli,fixed-1600,2000
18,log:D4,The post argues about religion.,cold,2000,2000,0,0,0,1.0,1.0,1.0,205,,,,,0.00016495799354743212,1.0,,real,real-qwen2.5-N2000,nli,fixed-1600,2000
19,log:D5,The post discusses the Middle East.,rewrite,1912,312,1600,0,0,1.0,1.0,1.0,49,0.9607843137254902,False,1.0,False,0.0010054580052383244,1.0,False,real,real-qwen2.5-N2000,nli,fixed-1600,2000
20,log:D6,The post criticizes a government or a government policy.,cold,2000,2000,0,0,0,1.0,1.0,1.0,157,,,,,0.0001789170055417344,1.0,,real,real-qwen2.5-N2000,nli,fixed-1600,2000
21,log:E1,The author of the post is frustrated or angry.,cold,2000,2000,0,0,0,1.0,1.0,1.0,552,,,,,0.00017483301053289324,1.0,,real,real-qwen2.5-N2000,nli,fixed-1600,2000
22,log:E2,The post contains a question.,rewrite,1996,0,1600,396,0,1.0,0.9949937421777222,0.9974905897114178,799,0.9949937421777222,False,1.0,False,0.0008951659983722493,0.9949937421777222,False,real,real-qwen2.5-N2000,nli,fixed-1600,2000
23,log:E3,The post quotes another message.,rewrite,1957,0,1600,357,0,1.0,0.9949494949494949,0.9974683544303797,198,0.9563106796116505,False,1.0,False,0.0013898329925723374,0.9949494949494949,False,real,real-qwen2.5-N2000,nli,fixed-1600,2000
24,log:E4,The post uses technical jargon.,cold,2000,2000,0,0,0,1.0,1.0,1.0,611,,,,,0.00018966700008604676,1.0,,real,real-qwen2.5-N2000,nli,fixed-1600,2000
25,log:E5,The post makes a factual claim that could be checked.,rewrite,1994,0,1600,394,0,1.0,0.9966666666666667,0.9983305509181971,600,0.9917081260364843,False,1.0,False,0.0011507500021252781,0.9966666666666667,False,real,real-qwen2.5-N2000,nli,fixed-1600,2000
26,log:F1,The post discusses medicine or health.,rewrite,2000,779,0,1221,0,1.0,1.0,1.0,99,1.0,False,1.0,False,0.0003668749995995313,1.0,False,real,real-qwen2.5-N2000,nli,fixed-1600,2000
27,log:F2,The post discusses a specific disease or medical condition.,rewrite,2000,779,0,1221,0,1.0,1.0,1.0,36,1.0,False,1.0,False,0.0003513330011628568,1.0,False,real,real-qwen2.5-N2000,nli,fixed-1600,2000
28,log:F3,The post discusses space or astronomy.,rewrite,2000,1205,0,795,0,1.0,1.0,1.0,64,1.0,False,1.0,False,0.000298790997476317,1.0,False,real,real-qwen2.5-N2000,nli,fixed-1600,2000
29,log:F4,The post discusses cryptography or encryption.,rewrite,2000,1205,0,795,0,1.0,1.0,1.0,55,1.0,False,1.0,False,0.00030574999982491136,1.0,False,real,real-qwen2.5-N2000,nli,fixed-1600,2000
30,log:F5,The post discusses computer security.,rewrite,2000,779,0,1221,0,1.0,1.0,1.0,48,1.0,False,1.0,False,0.00034929100365843624,1.0,False,real,real-qwen2.5-N2000,nli,fixed-1600,2000
31,log:F6,The post discusses science.,rewrite,2000,1221,0,779,0,1.0,1.0,1.0,175,1.0,False,1.0,False,0.00030004199652466923,1.0,False,real,real-qwen2.5-N2000,nli,fixed-1600,2000
32,log:G1,The post mentions an operating system.,rewrite,1909,305,1600,4,0,1.0,0.9428571428571428,0.9705882352941176,175,0.9166666666666666,False,1.0,False,0.024933249995228834,0.9428571428571428,False,real,real-qwen2.5-N2000,nli,fixed-1600,2000
33,log:G2,The post mentions Microsoft Windows.,rewrite,2000,485,0,1515,0,1.0,1.0,1.0,72,1.0,False,1.0,False,0.0047620840050512925,1.0,False,real,real-qwen2.5-N2000,nli,fixed-1600,2000
34,log:G3,The post mentions the X Window System.,rewrite,2000,305,1600,95,0,1.0,1.0,1.0,78,1.0,False,1.0,False,0.002130207998561673,1.0,False,real,real-qwen2.5-N2000,nli,fixed-1600,2000
35,log:G4,The post discusses software rather than hardware.,rewrite,1980,3,1600,377,0,1.0,0.9442379182156134,0.9713193116634798,269,0.9338235294117647,False,1.0,False,0.0013259580009616911,0.9442379182156134,False,real,real-qwen2.5-N2000,nli,fixed-1600,2000
36,log:G5,The post recommends a product or a service.,rewrite,1997,0,1600,397,0,1.0,0.9857142857142858,0.9928057553956835,70,0.9583333333333334,False,1.0,False,0.0008949580078478903,0.9857142857142858,False,real,real-qwen2.5-N2000,nli,fixed-1600,2000
37,log:H1,The post asks for technical help with computer hardware.,exact-hit,0,0,0,0,0,1.0,1.0,1.0,149,,,,,5.249996320344508e-06,1.0,,real,real-qwen2.5-N2000,nli,fixed-1600,2000
38,log:H2,The post is selling something.,rewrite,2000,612,0,1388,0,1.0,1.0,1.0,82,1.0,False,1.0,False,0.0003353329957462847,1.0,False,real,real-qwen2.5-N2000,nli,fixed-1600,2000
39,log:H3,The post is about a motor vehicle.,rewrite,2000,1123,0,877,0,1.0,1.0,1.0,152,1.0,False,1.0,False,0.0003788330068346113,1.0,False,real,real-qwen2.5-N2000,nli,fixed-1600,2000
40,log:H4,The post is about a car or a motorcycle.,rewrite,2000,939,0,1061,0,1.0,1.0,1.0,128,1.0,False,1.0,False,0.0003665420081233606,1.0,False,real,real-qwen2.5-N2000,nli,fixed-1600,2000
41,log:H5,The post gives advice about maintaining a vehicle.,rewrite,2000,730,0,1270,0,1.0,1.0,1.0,8,1.0,False,1.0,False,0.00032500000088475645,1.0,False,real,real-qwen2.5-N2000,nli,fixed-1600,2000
42,log:H6,The tone of the post is angry or annoyed.,rewrite,1990,33,1600,357,0,1.0,0.9793103448275862,0.9895470383275261,290,0.9726027397260274,False,1.0,False,0.0014059170061955228,0.9793103448275862,False,real,real-qwen2.5-N2000,nli,fixed-1600,2000
43,log:H7,The post is about a computer operating system.,rewrite,2000,940,0,1060,0,1.0,1.0,1.0,119,1.0,False,1.0,False,0.00034100000630132854,1.0,False,real,real-qwen2.5-N2000,nli,fixed-1600,2000
44,log:H8,The post is a for-sale advertisement.,rewrite,1691,70,1600,21,0,1.0,1.0,1.0,76,0.9743589743589743,False,1.0,False,0.00125833299534861,1.0,False,real,real-qwen2.5-N2000,nli,fixed-1600,2000
45,log:H9,The post discusses encryption algorithms or key management.,rewrite,2000,1169,0,831,0,1.0,1.0,1.0,38,1.0,False,1.0,False,0.0004047090042149648,1.0,False,real,real-qwen2.5-N2000,nli,fixed-1600,2000
46,log:H10,The post asks a question about computer hardware.,rewrite,2000,795,0,1205,0,1.0,1.0,1.0,159,1.0,False,1.0,False,0.00038729100197087973,1.0,False,real,real-qwen2.5-N2000,nli,fixed-1600,2000
0,log:A1,The post asks for technical help with computer hardware.,cold,2000,2000,0,0,0,1.0,1.0,1.0,149,,,,,3.633300366345793e-05,1.0,,real,real-qwen2.5-N2000,nli,frac-0.02,2000
1,log:A2,The post asks for technical help with a personal computer's hardware.,rewrite,2000,1851,20,129,0,1.0,1.0,1.0,111,1.0,False,1.0,False,0.00023749998945277184,1.0,False,real,real-qwen2.5-N2000,nli,frac-0.02,2000
2,log:A3,The post is a request for technical assistance concerning computer hardware.,rewrite,1995,43,58,1894,0,1.0,0.9870967741935484,0.9935064935064934,155,0.9683544303797469,False,1.0,False,0.0008027079893508926,0.9870967741935484,False,real,real-qwen2.5-N2000,nli,frac-0.02,2000
3,log:A4,The post asks for help with Macintosh hardware.,rewrite,2000,1836,20,144,0,1.0,1.0,1.0,32,1.0,False,1.0,False,0.000217166991205886,1.0,False,real,real-qwen2.5-N2000,nli,frac-0.02,2000
4,log:A5,The post describes a hardware problem the author is experiencing.,cold,2000,2000,0,0,0,1.0,1.0,1.0,70,,,,,0.0001143749977927655,1.0,,real,real-qwen2.5-N2000,nli,frac-0.02,2000
5,log:B1,The post offers an item for sale.,cold,2000,2000,0,0,0,1.0,1.0,1.0,80,,,,,0.00011212499521207064,1.0,,real,real-qwen2.5-N2000,nli,frac-0.02,2000
6,log:B2,The post offers a computer or a computer part for sale.,rewrite,2000,1920,20,60,0,1.0,1.0,1.0,22,1.0,False,1.0,False,0.0001720409927656874,1.0,False,real,real-qwen2.5-N2000,nli,frac-0.02,2000
7,log:B3,The post mentions a specific price in dollars.,cold,2000,2000,0,0,0,1.0,1.0,1.0,140,,,,,0.00012075000267941505,1.0,,real,real-qwen2.5-N2000,nli,frac-0.02,2000
8,log:B4,The post is an advertisement.,rewrite,2000,0,40,1960,0,1.0,1.0,1.0,87,1.0,False,1.0,False,0.0007336249982472509,1.0,False,real,real-qwen2.5-N2000,nli,frac-0.02,2000
9,log:B5,The post is looking to buy something rather than to sell something.,rewrite,2000,11,40,1949,0,1.0,1.0,1.0,56,1.0,False,1.0,False,0.0010381250031059608,1.0,False,real,real-qwen2.5-N2000,nli,frac-0.02,2000
10,log:C1,The post discusses a professional sports team.,cold,2000,2000,0,0,0,1.0,1.0,1.0,143,,,,,0.00013954201131127775,1.0,,real,real-qwen2.5-N2000,nli,frac-0.02,2000
11,log:C2,The post discusses a professional baseball team.,rewrite,2000,223,36,1741,0,1.0,1.0,1.0,69,1.0,False,1.0,False,0.0006362080021062866,1.0,False,real,real-qwen2.5-N2000,nli,frac-0.02,2000
12,log:C3,The post mentions a player's statistics.,rewrite,2000,80,39,1881,0,1.0,1.0,1.0,30,1.0,False,1.0,False,0.000626958004431799,1.0,False,real,real-qwen2.5-N2000,nli,frac-0.02,2000
13,log:C4,The post is about a sporting event that has already taken place.,cold,2000,2000,0,0,0,1.0,1.0,1.0,38,,,,,0.00014758401084691286,1.0,,real,real-qwen2.5-N2000,nli,frac-0.02,2000
14,log:C5,The post is about sports.,rewrite,2000,13,40,1947,0,1.0,1.0,1.0,188,1.0,False,1.0,False,0.0007686669996473938,1.0,False,real,real-qwen2.5-N2000,nli,frac-0.02,2000
15,log:D1,The post argues about politics.,cold,2000,2000,0,0,0,1.0,1.0,1.0,200,,,,,0.00015899998834356666,1.0,,real,real-qwen2.5-N2000,nli,frac-0.02,2000
16,log:D2,The post argues about gun control policy.,cold,2000,2000,0,0,0,1.0,1.0,1.0,34,,,,,0.00015270800213329494,1.0,,real,real-qwen2.5-N2000,nli,frac-0.02,2000
17,log:D3,The post expresses a religious belief.,rewrite,2000,1913,20,67,0,1.0,1.0,1.0,92,1.0,False,1.0,False,0.00022816700220573694,1.0,False,real,real-qwen2.5-N2000,nli,frac-0.02,2000
18,log:D4,The post argues about religion.,cold,2000,2000,0,0,0,1.0,1.0,1.0,205,,,,,0.0001609169994480908,1.0,,real,real-qwen2.5-N2000,nli,frac-0.02,2000
19,log:D5,The post discusses the Middle East.,rewrite,2000,312,34,1654,0,1.0,1.0,1.0,49,1.0,False,1.0,False,0.0006629999988945201,1.0,False,real,real-qwen2.5-N2000,nli,frac-0.02,2000
20,log:D6,The post criticizes a government or a government policy.,cold,2000,2000,0,0,0,1.0,1.0,1.0,157,,,,,0.00018008300685323775,1.0,,real,real-qwen2.5-N2000,nli,frac-0.02,2000
21,log:E1,The author of the post is frustrated or angry.,cold,2000,2000,0,0,0,1.0,1.0,1.0,552,,,,,0.0001687500043772161,1.0,,real,real-qwen2.5-N2000,nli,frac-0.02,2000
22,log:E2,The post contains a question.,rewrite,1968,0,40,1928,0,1.0,0.9637046307884856,0.981516889738687,799,0.9600997506234414,False,1.0,False,0.0008680419996380806,0.9637046307884856,False,real,real-qwen2.5-N2000,nli,frac-0.02,2000
23,log:E3,The post quotes another message.,rewrite,1999,0,40,1959,0,1.0,1.0,1.0,198,0.9949748743718593,False,1.0,False,0.0010662499989848584,1.0,False,real,real-qwen2.5-N2000,nli,frac-0.02,2000
24,log:E4,The post uses technical jargon.,cold,2000,2000,0,0,0,1.0,1.0,1.0,611,,,,,0.0001882920041680336,1.0,,real,real-qwen2.5-N2000,nli,frac-0.02,2000
25,log:E5,The post makes a factual claim that could be checked.,rewrite,1971,0,40,1931,0,1.0,0.9816666666666667,0.990748528174937,600,0.9530744336569579,False,1.0,False,0.0008893749909475446,0.9816666666666667,False,real,real-qwen2.5-N2000,nli,frac-0.02,2000
26,log:F1,The post discusses medicine or health.,rewrite,2000,796,40,1164,0,1.0,1.0,1.0,99,1.0,False,1.0,False,0.0003799580008490011,1.0,False,real,real-qwen2.5-N2000,nli,frac-0.02,2000
27,log:F2,The post discusses a specific disease or medical condition.,rewrite,2000,796,40,1164,0,1.0,1.0,1.0,36,1.0,False,1.0,False,0.000363416998879984,1.0,False,real,real-qwen2.5-N2000,nli,frac-0.02,2000
28,log:F3,The post discusses space or astronomy.,rewrite,2000,1230,20,750,0,1.0,1.0,1.0,64,1.0,False,1.0,False,0.00031383399618789554,1.0,False,real,real-qwen2.5-N2000,nli,frac-0.02,2000
29,log:F4,The post discusses cryptography or encryption.,rewrite,2000,1230,20,750,0,1.0,1.0,1.0,55,1.0,False,1.0,False,0.00029733299743384123,1.0,False,real,real-qwen2.5-N2000,nli,frac-0.02,2000
30,log:F5,The post discusses computer security.,rewrite,2000,796,40,1164,0,1.0,1.0,1.0,48,1.0,False,1.0,False,0.00036429100146051496,1.0,False,real,real-qwen2.5-N2000,nli,frac-0.02,2000
31,log:F6,The post discusses science.,rewrite,2000,1204,20,776,0,1.0,1.0,1.0,175,1.0,False,1.0,False,0.0007079999923007563,1.0,False,real,real-qwen2.5-N2000,nli,frac-0.02,2000
32,log:G1,The post mentions an operating system.,rewrite,2000,308,34,1658,0,1.0,1.0,1.0,175,1.0,False,1.0,False,0.0007233750075101852,1.0,False,real,real-qwen2.5-N2000,nli,frac-0.02,2000
33,log:G2,The post mentions Microsoft Windows.,rewrite,2000,496,30,1474,0,1.0,1.0,1.0,72,1.0,False,1.0,False,0.0007410830003209412,1.0,False,real,real-qwen2.5-N2000,nli,frac-0.02,2000
34,log:G3,The post mentions the X Window System.,rewrite,2000,308,34,1658,0,1.0,1.0,1.0,78,1.0,False,1.0,False,0.0006901250017108396,1.0,False,real,real-qwen2.5-N2000,nli,frac-0.02,2000
35,log:G4,The post discusses software rather than hardware.,rewrite,1999,3,40,1956,0,1.0,1.0,1.0,269,0.9962962962962963,False,1.0,False,0.0009004580060718581,1.0,False,real,real-qwen2.5-N2000,nli,frac-0.02,2000
36,log:G5,The post recommends a product or a service.,rewrite,2000,0,40,1960,0,1.0,1.0,1.0,70,1.0,False,1.0,False,0.012677165999775752,1.0,False,real,real-qwen2.5-N2000,nli,frac-0.02,2000
37,log:H1,The post asks for technical help with computer hardware.,exact-hit,0,0,0,0,0,1.0,1.0,1.0,149,,,,,7.957991329021752e-06,1.0,,real,real-qwen2.5-N2000,nli,frac-0.02,2000
38,log:H2,The post is selling something.,rewrite,2000,601,28,1371,0,1.0,1.0,1.0,82,1.0,False,1.0,False,0.000983332996838726,1.0,False,real,real-qwen2.5-N2000,nli,frac-0.02,2000
39,log:H3,The post is about a motor vehicle.,rewrite,2000,1147,40,813,0,1.0,1.0,1.0,152,1.0,False,1.0,False,0.0004636249941540882,1.0,False,real,real-qwen2.5-N2000,nli,frac-0.02,2000
40,log:H4,The post is about a car or a motorcycle.,rewrite,1994,919,81,994,0,1.0,1.0,1.0,128,1.0,False,0.96875,False,0.0009386659949086607,1.0,False,real,real-qwen2.5-N2000,nli,frac-0.02,2000
41,log:H5,The post gives advice about maintaining a vehicle.,rewrite,2000,721,26,1253,0,1.0,1.0,1.0,8,1.0,False,1.0,False,0.000855125006637536,1.0,False,real,real-qwen2.5-N2000,nli,frac-0.02,2000
42,log:H6,The tone of the post is angry or annoyed.,rewrite,2000,33,40,1927,0,1.0,1.0,1.0,290,1.0,False,1.0,False,0.0012062919995514676,1.0,False,real,real-qwen2.5-N2000,nli,frac-0.02,2000
43,log:H7,The post is about a computer operating system.,rewrite,1999,921,22,1056,0,1.0,1.0,1.0,119,0.9916666666666667,False,1.0,False,0.000881208005012013,1.0,False,real,real-qwen2.5-N2000,nli,frac-0.02,2000
44,log:H8,The post is a for-sale advertisement.,rewrite,2000,70,39,1891,0,1.0,1.0,1.0,76,1.0,False,1.0,False,0.006999000004725531,1.0,False,real,real-qwen2.5-N2000,nli,frac-0.02,2000
45,log:H9,The post discusses encryption algorithms or key management.,rewrite,2000,1194,40,766,0,1.0,1.0,1.0,38,1.0,False,1.0,False,0.000728458006051369,1.0,False,real,real-qwen2.5-N2000,nli,frac-0.02,2000
46,log:H10,The post asks a question about computer hardware.,rewrite,1987,770,25,1192,0,1.0,0.9308176100628931,0.9641693811074918,159,0.9192546583850931,False,1.0,False,0.023636832993361168,0.9308176100628931,False,real,real-qwen2.5-N2000,nli,frac-0.02,2000
0,log:A1,The post asks for technical help with computer hardware.,cold,2000,2000,0,0,0,1.0,1.0,1.0,149,,,,,4.895799793303013e-05,1.0,,real,real-qwen2.5-N2000,nli,frac-0.05,2000
1,log:A2,The post asks for technical help with a personal computer's hardware.,rewrite,2000,1851,20,129,0,1.0,1.0,1.0,111,1.0,False,1.0,False,0.0003345000004628673,1.0,False,real,real-qwen2.5-N2000,nli,frac-0.05,2000
2,log:A3,The post is a request for technical assistance concerning computer hardware.,rewrite,1995,43,113,1839,0,1.0,0.9870967741935484,0.9935064935064934,155,0.9683544303797469,False,1.0,False,0.0008594999962951988,0.9870967741935484,False,real,real-qwen2.5-N2000,nli,frac-0.05,2000
3,log:A4,The post asks for help with Macintosh hardware.,rewrite,2000,1836,20,144,0,1.0,1.0,1.0,32,1.0,False,1.0,False,0.00024504101020283997,1.0,False,real,real-qwen2.5-N2000,nli,frac-0.05,2000
4,log:A5,The post describes a hardware problem the author is experiencing.,cold,2000,2000,0,0,0,1.0,1.0,1.0,70,,,,,0.0001210409973282367,1.0,,real,real-qwen2.5-N2000,nli,frac-0.05,2000
5,log:B1,The post offers an item for sale.,cold,2000,2000,0,0,0,1.0,1.0,1.0,80,,,,,0.00011791600263677537,1.0,,real,real-qwen2.5-N2000,nli,frac-0.05,2000
6,log:B2,The post offers a computer or a computer part for sale.,rewrite,2000,1920,20,60,0,1.0,1.0,1.0,22,1.0,False,1.0,False,0.0001794580020941794,1.0,False,real,real-qwen2.5-N2000,nli,frac-0.05,2000
7,log:B3,The post mentions a specific price in dollars.,cold,2000,2000,0,0,0,1.0,1.0,1.0,140,,,,,0.0001254579983651638,1.0,,real,real-qwen2.5-N2000,nli,frac-0.05,2000
8,log:B4,The post is an advertisement.,rewrite,2000,0,100,1900,0,1.0,1.0,1.0,87,1.0,False,1.0,False,0.000758166002924554,1.0,False,real,real-qwen2.5-N2000,nli,frac-0.05,2000
9,log:B5,The post is looking to buy something rather than to sell something.,rewrite,2000,11,100,1889,0,1.0,1.0,1.0,56,1.0,False,1.0,False,0.0012412499927449971,1.0,False,real,real-qwen2.5-N2000,nli,frac-0.05,2000
10,log:C1,The post discusses a professional sports team.,cold,2000,2000,0,0,0,1.0,1.0,1.0,143,,,,,0.0001428340037818998,1.0,,real,real-qwen2.5-N2000,nli,frac-0.05,2000
11,log:C2,The post discusses a professional baseball team.,rewrite,2000,223,89,1688,0,1.0,1.0,1.0,69,1.0,False,1.0,False,0.0006321670080069453,1.0,False,real,real-qwen2.5-N2000,nli,frac-0.05,2000
12,log:C3,The post mentions a player's statistics.,rewrite,2000,80,96,1824,0,1.0,1.0,1.0,30,1.0,False,1.0,False,0.0006406250031432137,1.0,False,real,real-qwen2.5-N2000,nli,frac-0.05,2000
13,log:C4,The post is about a sporting event that has already taken place.,cold,2000,2000,0,0,0,1.0,1.0,1.0,38,,,,,0.00015129199891816825,1.0,,real,real-qwen2.5-N2000,nli,frac-0.05,2000
14,log:C5,The post is about sports.,rewrite,2000,13,100,1887,0,1.0,1.0,1.0,188,1.0,False,1.0,False,0.0007689170015510172,1.0,False,real,real-qwen2.5-N2000,nli,frac-0.05,2000
15,log:D1,The post argues about politics.,cold,2000,2000,0,0,0,1.0,1.0,1.0,200,,,,,0.0001639589900150895,1.0,,real,real-qwen2.5-N2000,nli,frac-0.05,2000
16,log:D2,The post argues about gun control policy.,cold,2000,2000,0,0,0,1.0,1.0,1.0,34,,,,,0.0006709169974783435,1.0,,real,real-qwen2.5-N2000,nli,frac-0.05,2000
17,log:D3,The post expresses a religious belief.,rewrite,2000,1913,20,67,0,1.0,1.0,1.0,92,1.0,False,1.0,False,0.00041162500565405935,1.0,False,real,real-qwen2.5-N2000,nli,frac-0.05,2000
18,log:D4,The post argues about religion.,cold,2000,2000,0,0,0,1.0,1.0,1.0,205,,,,,0.020444583002245054,1.0,,real,real-qwen2.5-N2000,nli,frac-0.05,2000
19,log:D5,The post discusses the Middle East.,rewrite,2000,312,85,1603,0,1.0,1.0,1.0,49,1.0,False,1.0,False,0.0008005830022739246,1.0,False,real,real-qwen2.5-N2000,nli,frac-0.05,2000
20,log:D6,The post criticizes a government or a government policy.,cold,2000,2000,0,0,0,1.0,1.0,1.0,157,,,,,0.00018295799964107573,1.0,,real,real-qwen2.5-N2000,nli,frac-0.05,2000
21,log:E1,The author of the post is frustrated or angry.,cold,2000,2000,0,0,0,1.0,1.0,1.0,552,,,,,0.00017116600065492094,1.0,,real,real-qwen2.5-N2000,nli,frac-0.05,2000
22,log:E2,The post contains a question.,rewrite,1974,0,100,1874,0,1.0,0.9712140175219024,0.9853968253968254,799,0.9675810473815462,False,1.0,False,0.0009266670094802976,0.9712140175219024,False,real,real-qwen2.5-N2000,nli,frac-0.05,2000
23,log:E3,The post quotes another message.,rewrite,1999,0,100,1899,0,1.0,1.0,1.0,198,0.9949748743718593,False,1.0,False,0.0011402499949326739,1.0,False,real,real-qwen2.5-N2000,nli,frac-0.05,2000
24,log:E4,The post uses technical jargon.,cold,2000,2000,0,0,0,1.0,1.0,1.0,611,,,,,0.0002137080009561032,1.0,,real,real-qwen2.5-N2000,nli,frac-0.05,2000
25,log:E5,The post makes a factual claim that could be checked.,rewrite,1971,0,100,1871,0,1.0,0.9816666666666667,0.990748528174937,600,0.9530744336569579,False,1.0,False,0.0009070829983102158,0.9816666666666667,False,real,real-qwen2.5-N2000,nli,frac-0.05,2000
26,log:F1,The post discusses medicine or health.,rewrite,2000,792,61,1147,0,1.0,1.0,1.0,99,1.0,False,1.0,False,0.0003998750034952536,1.0,False,real,real-qwen2.5-N2000,nli,frac-0.05,2000
27,log:F2,The post discusses a specific disease or medical condition.,rewrite,2000,792,61,1147,0,1.0,1.0,1.0,36,1.0,False,1.0,False,0.0003624579985626042,1.0,False,real,real-qwen2.5-N2000,nli,frac-0.05,2000
28,log:F3,The post discusses space or astronomy.,rewrite,2000,1224,39,737,0,1.0,1.0,1.0,64,1.0,False,1.0,False,0.014573042004485615,1.0,False,real,real-qwen2.5-N2000,nli,frac-0.05,2000
29,log:F4,The post discusses cryptography or encryption.,rewrite,2000,1224,39,737,0,1.0,1.0,1.0,55,1.0,False,1.0,False,0.0004362500039860606,1.0,False,real,real-qwen2.5-N2000,nli,frac-0.05,2000
30,log:F5,The post discusses computer security.,rewrite,2000,792,61,1147,0,1.0,1.0,1.0,48,1.0,False,1.0,False,0.0004124160041101277,1.0,False,real,real-qwen2.5-N2000,nli,frac-0.05,2000
31,log:F6,The post discusses science.,rewrite,2000,1208,40,752,0,1.0,1.0,1.0,175,1.0,False,1.0,False,0.0008412500028498471,1.0,False,real,real-qwen2.5-N2000,nli,frac-0.05,2000
32,log:G1,The post mentions an operating system.,rewrite,2000,308,85,1607,0,1.0,1.0,1.0,175,1.0,False,1.0,False,0.0007610000029671937,1.0,False,real,real-qwen2.5-N2000,nli,frac-0.05,2000
33,log:G2,The post mentions Microsoft Windows.,rewrite,2000,496,75,1429,0,1.0,1.0,1.0,72,1.0,False,1.0,False,0.000720458003343083,1.0,False,real,real-qwen2.5-N2000,nli,frac-0.05,2000
34,log:G3,The post mentions the X Window System.,rewrite,2000,308,85,1607,0,1.0,1.0,1.0,78,1.0,False,1.0,False,0.04539954099163879,1.0,False,real,real-qwen2.5-N2000,nli,frac-0.05,2000
35,log:G4,The post discusses software rather than hardware.,rewrite,1998,3,100,1895,0,1.0,0.9962825278810409,0.9981378026070763,269,0.9925925925925926,False,1.0,False,0.002865957998437807,0.9962825278810409,False,real,real-qwen2.5-N2000,nli,frac-0.05,2000
36,log:G5,The post recommends a product or a service.,rewrite,2000,0,100,1900,0,1.0,1.0,1.0,70,1.0,False,1.0,False,0.002280332992086187,1.0,False,real,real-qwen2.5-N2000,nli,frac-0.05,2000
37,log:H1,The post asks for technical help with computer hardware.,exact-hit,0,0,0,0,0,1.0,1.0,1.0,149,,,,,1.1500000255182385e-05,1.0,,real,real-qwen2.5-N2000,nli,frac-0.05,2000
38,log:H2,The post is selling something.,rewrite,2000,601,69,1330,0,1.0,1.0,1.0,82,1.0,False,1.0,False,0.0017389999993611127,1.0,False,real,real-qwen2.5-N2000,nli,frac-0.05,2000
39,log:H3,The post is about a motor vehicle.,rewrite,2000,1141,59,800,0,1.0,1.0,1.0,152,1.0,False,1.0,False,0.0008097079989966005,1.0,False,real,real-qwen2.5-N2000,nli,frac-0.05,2000
40,log:H4,The post is about a car or a motorcycle.,rewrite,1994,925,110,959,0,0.9922480620155039,1.0,0.9961089494163424,128,1.0,False,0.9767441860465116,False,0.008488291990943253,1.0,False,real,real-qwen2.5-N2000,nli,frac-0.05,2000
41,log:H5,The post gives advice about maintaining a vehicle.,rewrite,2000,721,64,1215,0,1.0,1.0,1.0,8,1.0,False,1.0,False,0.007141125010093674,1.0,False,real,real-qwen2.5-N2000,nli,frac-0.05,2000
42,log:H6,The tone of the post is angry or annoyed.,rewrite,1969,33,99,1837,0,1.0,0.9448275862068966,0.9716312056737589,290,0.9163879598662207,False,1.0,False,0.0018974159902427346,0.9448275862068966,False,real,real-qwen2.5-N2000,nli,frac-0.05,2000
43,log:H7,The post is about a computer operating system.,rewrite,1998,926,54,1018,0,1.0,0.9915966386554622,0.9957805907172996,119,0.9833333333333333,False,1.0,False,0.000928082998143509,0.9915966386554622,False,real,real-qwen2.5-N2000,nli,frac-0.05,2000
44,log:H8,The post is a for-sale advertisement.,rewrite,2000,70,96,1834,0,1.0,1.0,1.0,76,1.0,False,1.0,False,0.0008116250101011246,1.0,False,real,real-qwen2.5-N2000,nli,frac-0.05,2000
45,log:H9,The post discusses encryption algorithms or key management.,rewrite,2000,1188,58,754,0,1.0,1.0,1.0,38,1.0,False,1.0,False,0.00045599999430123717,1.0,False,real,real-qwen2.5-N2000,nli,frac-0.05,2000
46,log:H10,The post asks a question about computer hardware.,rewrite,1987,776,62,1149,0,1.0,0.9308176100628931,0.9641693811074918,159,0.9192546583850931,False,1.0,False,0.0009525829955236986,0.9308176100628931,False,real,real-qwen2.5-N2000,nli,frac-0.05,2000
0,log:A1,The post asks for technical help with computer hardware.,cold,2000,2000,0,0,0,1.0,1.0,1.0,149,,,,,4.620799154508859e-05,1.0,,real,real-qwen2.5-N2000,nli,frac-0.10,2000
1,log:A2,The post asks for technical help with a personal computer's hardware.,rewrite,2000,1851,20,129,0,1.0,1.0,1.0,111,1.0,False,1.0,False,0.00027554199914447963,1.0,False,real,real-qwen2.5-N2000,nli,frac-0.10,2000
2,log:A3,The post is a request for technical assistance concerning computer hardware.,rewrite,1996,43,206,1747,0,1.0,0.9870967741935484,0.9935064935064934,155,0.9745222929936306,False,1.0,False,0.0008949170005507767,0.9870967741935484,False,real,real-qwen2.5-N2000,nli,frac-0.10,2000
3,log:A4,The post asks for help with Macintosh hardware.,rewrite,2000,1836,20,144,0,1.0,1.0,1.0,32,1.0,False,1.0,False,0.00023845800023991615,1.0,False,real,real-qwen2.5-N2000,nli,frac-0.10,2000
4,log:A5,The post describes a hardware problem the author is experiencing.,cold,2000,2000,0,0,0,1.0,1.0,1.0,70,,,,,0.00011675000132527202,1.0,,real,real-qwen2.5-N2000,nli,frac-0.10,2000
5,log:B1,The post offers an item for sale.,cold,2000,2000,0,0,0,1.0,1.0,1.0,80,,,,,0.00011591700604185462,1.0,,real,real-qwen2.5-N2000,nli,frac-0.10,2000
6,log:B2,The post offers a computer or a computer part for sale.,rewrite,2000,1920,20,60,0,1.0,1.0,1.0,22,1.0,False,1.0,False,0.00018145900685340166,1.0,False,real,real-qwen2.5-N2000,nli,frac-0.10,2000
7,log:B3,The post mentions a specific price in dollars.,cold,2000,2000,0,0,0,1.0,1.0,1.0,140,,,,,0.00012324999261181802,1.0,,real,real-qwen2.5-N2000,nli,frac-0.10,2000
8,log:B4,The post is an advertisement.,rewrite,2000,0,200,1800,0,1.0,1.0,1.0,87,1.0,False,1.0,False,0.0007721669971942902,1.0,False,real,real-qwen2.5-N2000,nli,frac-0.10,2000
9,log:B5,The post is looking to buy something rather than to sell something.,rewrite,2000,11,199,1790,0,1.0,1.0,1.0,56,1.0,False,1.0,False,0.0012737919896608219,1.0,False,real,real-qwen2.5-N2000,nli,frac-0.10,2000
10,log:C1,The post discusses a professional sports team.,cold,2000,2000,0,0,0,1.0,1.0,1.0,143,,,,,0.00016095800674520433,1.0,,real,real-qwen2.5-N2000,nli,frac-0.10,2000
11,log:C2,The post discusses a professional baseball team.,rewrite,2000,223,178,1599,0,1.0,1.0,1.0,69,1.0,False,1.0,False,0.0006216250039869919,1.0,False,real,real-qwen2.5-N2000,nli,frac-0.10,2000
12,log:C3,The post mentions a player's statistics.,rewrite,2000,80,192,1728,0,1.0,1.0,1.0,30,1.0,False,1.0,False,0.0006480829906649888,1.0,False,real,real-qwen2.5-N2000,nli,frac-0.10,2000
13,log:C4,The post is about a sporting event that has already taken place.,cold,2000,2000,0,0,0,1.0,1.0,1.0,38,,,,,0.00015137500304263085,1.0,,real,real-qwen2.5-N2000,nli,frac-0.10,2000
14,log:C5,The post is about sports.,rewrite,2000,13,199,1788,0,1.0,1.0,1.0,188,1.0,False,1.0,False,0.0007929999992484227,1.0,False,real,real-qwen2.5-N2000,nli,frac-0.10,2000
15,log:D1,The post argues about politics.,cold,2000,2000,0,0,0,1.0,1.0,1.0,200,,,,,0.0001624590076971799,1.0,,real,real-qwen2.5-N2000,nli,frac-0.10,2000
16,log:D2,The post argues about gun control policy.,cold,2000,2000,0,0,0,1.0,1.0,1.0,34,,,,,0.0001551669993204996,1.0,,real,real-qwen2.5-N2000,nli,frac-0.10,2000
17,log:D3,The post expresses a religious belief.,rewrite,2000,1913,20,67,0,1.0,1.0,1.0,92,1.0,False,1.0,False,0.0002306669921381399,1.0,False,real,real-qwen2.5-N2000,nli,frac-0.10,2000
18,log:D4,The post argues about religion.,cold,2000,2000,0,0,0,1.0,1.0,1.0,205,,,,,0.00016216599033214152,1.0,,real,real-qwen2.5-N2000,nli,frac-0.10,2000
19,log:D5,The post discusses the Middle East.,rewrite,2000,312,169,1519,0,1.0,1.0,1.0,49,1.0,False,1.0,False,0.0006799169932492077,1.0,False,real,real-qwen2.5-N2000,nli,frac-0.10,2000
20,log:D6,The post criticizes a government or a government policy.,cold,2000,2000,0,0,0,1.0,1.0,1.0,157,,,,,0.0001817920128814876,1.0,,real,real-qwen2.5-N2000,nli,frac-0.10,2000
21,log:E1,The author of the post is frustrated or angry.,cold,2000,2000,0,0,0,1.0,1.0,1.0,552,,,,,0.00017204199684783816,1.0,,real,real-qwen2.5-N2000,nli,frac-0.10,2000
22,log:E2,The post contains a question.,rewrite,1972,0,200,1772,0,1.0,0.9687108886107635,0.9841068022886206,799,0.9650872817955112,False,1.0,False,0.0009034999966388568,0.9687108886107635,False,real,real-qwen2.5-N2000,nli,frac-0.10,2000
23,log:E3,The post quotes another message.,rewrite,1999,0,200,1799,0,1.0,1.0,1.0,198,0.9949748743718593,False,1.0,False,0.02942383299523499,1.0,False,real,real-qwen2.5-N2000,nli,frac-0.10,2000
24,log:E4,The post uses technical jargon.,cold,2000,2000,0,0,0,1.0,1.0,1.0,611,,,,,0.0007372079999186099,1.0,,real,real-qwen2.5-N2000,nli,frac-0.10,2000
25,log:E5,The post makes a factual claim that could be checked.,rewrite,1972,0,200,1772,0,1.0,0.9816666666666667,0.990748528174937,600,0.9592833876221498,False,1.0,False,0.0032332920090993866,0.9816666666666667,False,real,real-qwen2.5-N2000,nli,frac-0.10,2000
26,log:F1,The post discusses medicine or health.,rewrite,2000,794,122,1084,0,1.0,1.0,1.0,99,1.0,False,1.0,False,0.0012175000010756776,1.0,False,real,real-qwen2.5-N2000,nli,frac-0.10,2000
27,log:F2,The post discusses a specific disease or medical condition.,rewrite,2000,794,122,1084,0,1.0,1.0,1.0,36,1.0,False,1.0,False,0.0011760830093408003,1.0,False,real,real-qwen2.5-N2000,nli,frac-0.10,2000
28,log:F3,The post discusses space or astronomy.,rewrite,2000,1226,78,696,0,1.0,1.0,1.0,64,1.0,False,1.0,False,0.00215445899812039,1.0,False,real,real-qwen2.5-N2000,nli,frac-0.10,2000
29,log:F4,The post discusses cryptography or encryption.,rewrite,2000,1226,78,696,0,1.0,1.0,1.0,55,1.0,False,1.0,False,0.0007408749952446669,1.0,False,real,real-qwen2.5-N2000,nli,frac-0.10,2000
30,log:F5,The post discusses computer security.,rewrite,2000,794,122,1084,0,1.0,1.0,1.0,48,1.0,False,1.0,False,0.0004843749920837581,1.0,False,real,real-qwen2.5-N2000,nli,frac-0.10,2000
31,log:F6,The post discusses science.,rewrite,2000,1206,80,714,0,1.0,1.0,1.0,175,1.0,False,1.0,False,0.0008632919925730675,1.0,False,real,real-qwen2.5-N2000,nli,frac-0.10,2000
32,log:G1,The post mentions an operating system.,rewrite,2000,308,169,1523,0,1.0,1.0,1.0,175,1.0,False,1.0,False,0.0008244580094469711,1.0,False,real,real-qwen2.5-N2000,nli,frac-0.10,2000
33,log:G2,The post mentions Microsoft Windows.,rewrite,2000,496,150,1354,0,1.0,1.0,1.0,72,1.0,False,1.0,False,0.0008118339901557192,1.0,False,real,real-qwen2.5-N2000,nli,frac-0.10,2000
34,log:G3,The post mentions the X Window System.,rewrite,2000,308,169,1523,0,1.0,1.0,1.0,78,1.0,False,1.0,False,0.0007738330023130402,1.0,False,real,real-qwen2.5-N2000,nli,frac-0.10,2000
35,log:G4,The post discusses software rather than hardware.,rewrite,1998,3,200,1795,0,1.0,0.9962825278810409,0.9981378026070763,269,0.9925925925925926,False,1.0,False,0.0009569580142851919,0.9962825278810409,False,real,real-qwen2.5-N2000,nli,frac-0.10,2000
36,log:G5,The post recommends a product or a service.,rewrite,2000,0,200,1800,0,1.0,1.0,1.0,70,1.0,False,1.0,False,0.0008186670020222664,1.0,False,real,real-qwen2.5-N2000,nli,frac-0.10,2000
37,log:H1,The post asks for technical help with computer hardware.,exact-hit,0,0,0,0,0,1.0,1.0,1.0,149,,,,,5.9580052038654685e-06,1.0,,real,real-qwen2.5-N2000,nli,frac-0.10,2000
38,log:H2,The post is selling something.,rewrite,2000,601,138,1261,0,1.0,1.0,1.0,82,1.0,False,1.0,False,0.0007502079970436171,1.0,False,real,real-qwen2.5-N2000,nli,frac-0.10,2000
39,log:H3,The post is about a motor vehicle.,rewrite,2000,1143,98,759,0,1.0,1.0,1.0,152,1.0,False,1.0,False,0.00041887500265147537,1.0,False,real,real-qwen2.5-N2000,nli,frac-0.10,2000
40,log:H4,The post is about a car or a motorcycle.,rewrite,1994,923,161,910,0,1.0,1.0,1.0,128,1.0,False,0.96875,False,0.0009502909961156547,1.0,False,real,real-qwen2.5-N2000,nli,frac-0.10,2000
41,log:H5,The post gives advice about maintaining a vehicle.,rewrite,2000,721,128,1151,0,1.0,1.0,1.0,8,1.0,False,1.0,False,0.0008974160009529442,1.0,False,real,real-qwen2.5-N2000,nli,frac-0.10,2000
42,log:H6,The tone of the post is angry or annoyed.,rewrite,2000,33,197,1770,0,1.0,1.0,1.0,290,1.0,False,1.0,False,0.0012380420084809884,1.0,False,real,real-qwen2.5-N2000,nli,frac-0.10,2000
43,log:H7,The post is about a computer operating system.,rewrite,1998,924,108,966,0,1.0,0.9915966386554622,0.9957805907172996,119,0.9833333333333333,False,1.0,False,0.0008553750085411593,0.9915966386554622,False,real,real-qwen2.5-N2000,nli,frac-0.10,2000
44,log:H8,The post is a for-sale advertisement.,rewrite,2000,70,191,1739,0,1.0,1.0,1.0,76,1.0,False,1.0,False,0.005601458004093729,1.0,False,real,real-qwen2.5-N2000,nli,frac-0.10,2000
45,log:H9,The post discusses encryption algorithms or key management.,rewrite,2000,1190,95,715,0,1.0,1.0,1.0,38,1.0,False,1.0,False,0.0007492919976357371,1.0,False,real,real-qwen2.5-N2000,nli,frac-0.10,2000
46,log:H10,The post asks a question about computer hardware.,rewrite,1992,774,123,1095,0,1.0,0.9622641509433962,0.9807692307692307,159,0.9503105590062112,False,1.0,False,0.0011038329976145178,0.9622641509433962,False,real,real-qwen2.5-N2000,nli,frac-0.10,2000
0,log:A1,The post asks for technical help with computer hardware.,cold,2000,2000,0,0,0,1.0,1.0,1.0,149,,,,,5.9541998780332506e-05,1.0,,real,real-qwen2.5-N2000,nli,recall-only,2000
1,log:A2,The post asks for technical help with a personal computer's hardware.,rewrite,1880,1851,29,0,0,0.7655172413793103,1.0,0.8671875,111,1.0,False,,,0.0005558330012718216,1.0,False,real,real-qwen2.5-N2000,nli,recall-only,2000
2,log:A3,The post is a request for technical assistance concerning computer hardware.,rewrite,1894,9,825,1060,0,0.9333333333333333,0.9935483870967742,0.9625000000000001,155,0.9863013698630136,False,,,0.05611491700983606,0.9935483870967742,False,real,real-qwen2.5-N2000,nli,recall-only,2000
3,log:A4,The post asks for help with Macintosh hardware.,rewrite,1871,1829,36,6,0,0.23357664233576642,1.0,0.378698224852071,32,1.0,False,,,0.0006930000090505928,1.0,False,real,real-qwen2.5-N2000,nli,recall-only,2000
4,log:A5,The post describes a hardware problem the author is experiencing.,cold,2000,2000,0,0,0,1.0,1.0,1.0,70,,,,,0.00016116700135171413,1.0,,real,real-qwen2.5-N2000,nli,recall-only,2000
5,log:B1,The post offers an item for sale.,cold,2000,2000,0,0,0,1.0,1.0,1.0,80,,,,,0.00012883299496024847,1.0,,real,real-qwen2.5-N2000,nli,recall-only,2000
6,log:B2,The post offers a computer or a computer part for sale.,rewrite,1949,1920,29,0,0,0.3548387096774194,1.0,0.5238095238095238,22,1.0,False,,,0.0003995000006398186,1.0,False,real,real-qwen2.5-N2000,nli,recall-only,2000
7,log:B3,The post mentions a specific price in dollars.,cold,2000,2000,0,0,0,1.0,1.0,1.0,140,,,,,0.00013524999667424709,1.0,,real,real-qwen2.5-N2000,nli,recall-only,2000
8,log:B4,The post is an advertisement.,rewrite,2000,0,0,2000,0,1.0,1.0,1.0,87,1.0,False,,,0.0002539589913794771,1.0,False,real,real-qwen2.5-N2000,nli,recall-only,2000
9,log:B5,The post is looking to buy something rather than to sell something.,rewrite,2000,43,0,1957,0,1.0,1.0,1.0,56,1.0,False,,,0.00024754100013524294,1.0,False,real,real-qwen2.5-N2000,nli,recall-only,2000
10,log:C1,The post discusses a professional sports team.,cold,2000,2000,0,0,0,1.0,1.0,1.0,143,,,,,0.00014637499407399446,1.0,,real,real-qwen2.5-N2000,nli,recall-only,2000
11,log:C2,The post discusses a professional baseball team.,rewrite,1306,223,1083,0,0,1.0,1.0,1.0,69,0.9324324324324325,False,,,0.03358233399922028,1.0,False,real,real-qwen2.5-N2000,nli,recall-only,2000
12,log:C3,The post mentions a player's statistics.,rewrite,2000,80,0,1920,0,1.0,1.0,1.0,30,1.0,False,,,0.009294250005041249,1.0,False,real,real-qwen2.5-N2000,nli,recall-only,2000
13,log:C4,The post is about a sporting event that has already taken place.,cold,2000,2000,0,0,0,1.0,1.0,1.0,38,,,,,0.00047374999849125743,1.0,,real,real-qwen2.5-N2000,nli,recall-only,2000
14,log:C5,The post is about sports.,rewrite,2000,13,0,1987,0,1.0,1.0,1.0,188,1.0,False,,,0.00046108300739433616,1.0,False,real,real-qwen2.5-N2000,nli,recall-only,2000
15,log:D1,The post argues about politics.,cold,2000,2000,0,0,0,1.0,1.0,1.0,200,,,,,0.0002836659987224266,1.0,,real,real-qwen2.5-N2000,nli,recall-only,2000
16,log:D2,The post argues about gun control policy.,cold,2000,2000,0,0,0,1.0,1.0,1.0,34,,,,,0.00018524999904911965,1.0,,real,real-qwen2.5-N2000,nli,recall-only,2000
17,log:D3,The post expresses a religious belief.,rewrite,1942,1913,29,0,0,0.6133333333333333,1.0,0.7603305785123966,92,1.0,False,,,0.0002974579983856529,1.0,False,real,real-qwen2.5-N2000,nli,recall-only,2000
18,log:D4,The post argues about religion.,cold,2000,2000,0,0,0,1.0,1.0,1.0,205,,,,,0.00017425000260118395,1.0,,real,real-qwen2.5-N2000,nli,recall-only,2000
19,log:D5,The post discusses the Middle East.,rewrite,1993,324,36,1633,0,0.875,1.0,0.9333333333333333,49,1.0,False,,,0.00030620799225289375,1.0,False,real,real-qwen2.5-N2000,nli,recall-only,2000
20,log:D6,The post criticizes a government or a government policy.,cold,2000,2000,0,0,0,1.0,1.0,1.0,157,,,,,0.00017549999756738544,1.0,,real,real-qwen2.5-N2000,nli,recall-only,2000
21,log:E1,The author of the post is frustrated or angry.,cold,2000,2000,0,0,0,1.0,1.0,1.0,552,,,,,0.00016908299585338682,1.0,,real,real-qwen2.5-N2000,nli,recall-only,2000
22,log:E2,The post contains a question.,rewrite,2000,0,0,2000,0,1.0,1.0,1.0,799,1.0,False,,,0.0003627920086728409,1.0,False,real,real-qwen2.5-N2000,nli,recall-only,2000
23,log:E3,The post quotes another message.,rewrite,2000,0,0,2000,0,1.0,1.0,1.0,198,1.0,False,,,0.00027800000680144876,1.0,False,real,real-qwen2.5-N2000,nli,recall-only,2000
24,log:E4,The post uses technical jargon.,cold,2000,2000,0,0,0,1.0,1.0,1.0,611,,,,,0.000182791001861915,1.0,,real,real-qwen2.5-N2000,nli,recall-only,2000
25,log:E5,The post makes a factual claim that could be checked.,rewrite,2000,0,0,2000,0,1.0,1.0,1.0,600,1.0,False,,,0.0003052079991903156,1.0,False,real,real-qwen2.5-N2000,nli,recall-only,2000
26,log:F1,The post discusses medicine or health.,rewrite,846,774,72,0,0,0.08236272878535773,1.0,0.15219062259800153,99,1.0,False,,,0.0006230839935597032,1.0,False,real,real-qwen2.5-N2000,nli,recall-only,2000
27,log:F2,The post discusses a specific disease or medical condition.,rewrite,846,774,72,0,0,0.030848329048843187,1.0,0.0598503740648379,36,1.0,False,,,0.0003247499989811331,1.0,False,real,real-qwen2.5-N2000,nli,recall-only,2000
28,log:F3,The post discusses space or astronomy.,rewrite,1230,1201,29,0,0,0.0784313725490196,1.0,0.14545454545454545,64,1.0,False,,,0.0005655410059262067,1.0,False,real,real-qwen2.5-N2000,nli,recall-only,2000
29,log:F4,The post discusses cryptography or encryption.,rewrite,1230,1201,29,0,0,0.0686641697877653,1.0,0.12850467289719628,55,1.0,False,,,0.0002649999951245263,1.0,False,real,real-qwen2.5-N2000,nli,recall-only,2000
30,log:F5,The post discusses computer security.,rewrite,846,774,72,0,0,0.04092071611253197,1.0,0.07862407862407862,48,1.0,False,,,0.00030041699938010424,1.0,False,real,real-qwen2.5-N2000,nli,recall-only,2000
31,log:F6,The post discusses science.,rewrite,1889,1091,362,436,0,0.6339622641509434,0.96,0.7636363636363637,175,0.9378531073446328,False,,,0.013105541991535574,0.96,False,real,real-qwen2.5-N2000,nli,recall-only,2000
32,log:G1,The post mentions an operating system.,rewrite,2000,403,0,1597,0,1.0,1.0,1.0,175,1.0,False,,,0.0006029159994795918,1.0,False,real,real-qwen2.5-N2000,nli,recall-only,2000
33,log:G2,The post mentions Microsoft Windows.,rewrite,1557,496,1048,13,0,1.0,1.0,1.0,72,0.935064935064935,False,,,0.0015309580048779026,1.0,False,real,real-qwen2.5-N2000,nli,recall-only,2000
34,log:G3,The post mentions the X Window System.,rewrite,2000,403,0,1597,0,1.0,1.0,1.0,78,1.0,False,,,0.0003722500114236027,1.0,False,real,real-qwen2.5-N2000,nli,recall-only,2000
35,log:G4,The post discusses software rather than hardware.,rewrite,2000,3,0,1997,0,1.0,1.0,1.0,269,1.0,False,,,0.0003515840071486309,1.0,False,real,real-qwen2.5-N2000,nli,recall-only,2000
36,log:G5,The post recommends a product or a service.,rewrite,2000,0,0,2000,0,1.0,1.0,1.0,70,1.0,False,,,0.00033516700204927474,1.0,False,real,real-qwen2.5-N2000,nli,recall-only,2000
37,log:H1,The post asks for technical help with computer hardware.,exact-hit,0,0,0,0,0,1.0,1.0,1.0,149,,,,,6.54099858365953e-06,1.0,,real,real-qwen2.5-N2000,nli,recall-only,2000
38,log:H2,The post is selling something.,rewrite,1463,575,831,57,0,1.0,1.0,1.0,82,0.9318181818181818,False,,,0.0014411669981200248,1.0,False,real,real-qwen2.5-N2000,nli,recall-only,2000
39,log:H3,The post is about a motor vehicle.,rewrite,1190,1118,72,0,0,0.1668496158068057,1.0,0.28598306679209784,152,1.0,False,,,0.0008635829872218892,1.0,False,real,real-qwen2.5-N2000,nli,recall-only,2000
40,log:H4,The post is about a car or a motorcycle.,rewrite,1403,942,449,12,0,0.8581081081081081,0.9921875,0.9202898550724637,128,0.9365079365079365,False,,,0.0015598750032950193,0.9921875,False,real,real-qwen2.5-N2000,nli,recall-only,2000
41,log:H5,The post gives advice about maintaining a vehicle.,rewrite,2000,1300,0,700,0,1.0,1.0,1.0,8,1.0,False,,,0.00036533299135044217,1.0,False,real,real-qwen2.5-N2000,nli,recall-only,2000
42,log:H6,The tone of the post is angry or annoyed.,rewrite,2000,33,0,1967,0,1.0,1.0,1.0,290,1.0,False,,,0.00038150000909809023,1.0,False,real,real-qwen2.5-N2000,nli,recall-only,2000
43,log:H7,The post is about a computer operating system.,rewrite,1355,945,410,0,0,1.0,1.0,1.0,119,0.9153846153846154,False,,,0.0013822920009260997,1.0,False,real,real-qwen2.5-N2000,nli,recall-only,2000
44,log:H8,The post is a for-sale advertisement.,rewrite,1313,30,1279,4,0,0.9620253164556962,1.0,0.9806451612903226,76,0.95,False,,,0.001659250003285706,1.0,False,real,real-qwen2.5-N2000,nli,recall-only,2000
45,log:H9,The post discusses encryption algorithms or key management.,rewrite,891,784,78,29,0,0.034203420342034205,1.0,0.06614447345517842,38,1.0,False,,,0.0007131659949664026,1.0,False,real,real-qwen2.5-N2000,nli,recall-only,2000
46,log:H10,The post asks a question about computer hardware.,rewrite,1994,799,441,754,0,1.0,0.9811320754716981,0.9904761904761905,159,0.9629629629629629,False,,,0.0009621659992262721,0.9811320754716981,False,real,real-qwen2.5-N2000,nli,recall-only,2000
0,log:A1,The post asks for technical help with computer hardware.,cold,2000,2000,0,0,0,1.0,1.0,1.0,149,,,,,4.4917003833688796e-05,1.0,,real,real-qwen2.5-N2000,nli,recall-trust,2000
1,log:A2,The post asks for technical help with a personal computer's hardware.,rewrite,1851,1851,0,0,0,0.7207792207792207,1.0,0.8377358490566037,111,1.0,False,,,0.00020383299852255732,1.0,False,real,real-qwen2.5-N2000,nli,recall-trust,2000
2,log:A3,The post is a request for technical assistance concerning computer hardware.,rewrite,1851,0,0,1851,0,0.9226190476190477,1.0,0.9597523219814241,155,1.0,False,,,0.00019608301226980984,1.0,False,real,real-qwen2.5-N2000,nli,recall-trust,2000
3,log:A4,The post asks for help with Macintosh hardware.,rewrite,1829,1829,0,0,0,0.18604651162790697,1.0,0.3137254901960785,32,1.0,False,,,0.00014495899085886776,1.0,False,real,real-qwen2.5-N2000,nli,recall-trust,2000
4,log:A5,The post describes a hardware problem the author is experiencing.,cold,2000,2000,0,0,0,1.0,1.0,1.0,70,,,,,0.00011612499656621367,1.0,,real,real-qwen2.5-N2000,nli,recall-trust,2000
5,log:B1,The post offers an item for sale.,cold,2000,2000,0,0,0,1.0,1.0,1.0,80,,,,,0.00011475000064820051,1.0,,real,real-qwen2.5-N2000,nli,recall-trust,2000
6,log:B2,The post offers a computer or a computer part for sale.,rewrite,1920,1920,0,0,0,0.2716049382716049,1.0,0.4271844660194175,22,1.0,False,,,0.0001429999974789098,1.0,False,real,real-qwen2.5-N2000,nli,recall-trust,2000
7,log:B3,The post mentions a specific price in dollars.,cold,2000,2000,0,0,0,1.0,1.0,1.0,140,,,,,0.00012674999015871435,1.0,,real,real-qwen2.5-N2000,nli,recall-trust,2000
8,log:B4,The post is an advertisement.,rewrite,2000,0,0,2000,0,1.0,1.0,1.0,87,1.0,False,,,0.00021195800218265504,1.0,False,real,real-qwen2.5-N2000,nli,recall-trust,2000
9,log:B5,The post is looking to buy something rather than to sell something.,rewrite,2000,50,0,1950,0,1.0,1.0,1.0,56,1.0,False,,,0.0002321250067325309,1.0,False,real,real-qwen2.5-N2000,nli,recall-trust,2000
10,log:C1,The post discusses a professional sports team.,cold,2000,2000,0,0,0,1.0,1.0,1.0,143,,,,,0.00014458299847319722,1.0,,real,real-qwen2.5-N2000,nli,recall-trust,2000
11,log:C2,The post discusses a professional baseball team.,rewrite,1306,223,1083,0,0,1.0,1.0,1.0,69,0.9324324324324325,False,,,0.0013502090005204082,1.0,False,real,real-qwen2.5-N2000,nli,recall-trust,2000
12,log:C3,The post mentions a player's statistics.,rewrite,2000,80,0,1920,0,1.0,1.0,1.0,30,1.0,False,,,0.00022166701091919094,1.0,False,real,real-qwen2.5-N2000,nli,recall-trust,2000
13,log:C4,The post is about a sporting event that has already taken place.,cold,2000,2000,0,0,0,1.0,1.0,1.0,38,,,,,0.0001500000071246177,1.0,,real,real-qwen2.5-N2000,nli,recall-trust,2000
14,log:C5,The post is about sports.,rewrite,2000,13,0,1987,0,1.0,1.0,1.0,188,1.0,False,,,0.00024429100449196994,1.0,False,real,real-qwen2.5-N2000,nli,recall-trust,2000
15,log:D1,The post argues about politics.,cold,2000,2000,0,0,0,1.0,1.0,1.0,200,,,,,0.00015837499813642353,1.0,,real,real-qwen2.5-N2000,nli,recall-trust,2000
16,log:D2,The post argues about gun control policy.,cold,2000,2000,0,0,0,1.0,1.0,1.0,34,,,,,0.0001595419889781624,1.0,,real,real-qwen2.5-N2000,nli,recall-trust,2000
17,log:D3,The post expresses a religious belief.,rewrite,1913,1913,0,0,0,0.5139664804469274,1.0,0.6789667896678966,92,1.0,False,,,0.00018483299936633557,1.0,False,real,real-qwen2.5-N2000,nli,recall-trust,2000
18,log:D4,The post argues about religion.,cold,2000,2000,0,0,0,1.0,1.0,1.0,205,,,,,0.00016558400238864124,1.0,,real,real-qwen2.5-N2000,nli,recall-trust,2000
19,log:D5,The post discusses the Middle East.,rewrite,1902,304,1598,0,0,0.3888888888888889,1.0,0.56,49,0.98,False,,,0.0008546669996576384,1.0,False,real,real-qwen2.5-N2000,nli,recall-trust,2000
20,log:D6,The post criticizes a government or a government policy.,cold,2000,2000,0,0,0,1.0,1.0,1.0,157,,,,,0.0001817500015022233,1.0,,real,real-qwen2.5-N2000,nli,recall-trust,2000
21,log:E1,The author of the post is frustrated or angry.,cold,2000,2000,0,0,0,1.0,1.0,1.0,552,,,,,0.0001747920032357797,1.0,,real,real-qwen2.5-N2000,nli,recall-trust,2000
22,log:E2,The post contains a question.,rewrite,2000,0,0,2000,0,1.0,1.0,1.0,799,1.0,False,,,0.00033637500018812716,1.0,False,real,real-qwen2.5-N2000,nli,recall-trust,2000
23,log:E3,The post quotes another message.,rewrite,2000,0,0,2000,0,1.0,1.0,1.0,198,1.0,False,,,0.00027799999224953353,1.0,False,real,real-qwen2.5-N2000,nli,recall-trust,2000
24,log:E4,The post uses technical jargon.,cold,2000,2000,0,0,0,1.0,1.0,1.0,611,,,,,0.00019075001182500273,1.0,,real,real-qwen2.5-N2000,nli,recall-trust,2000
25,log:E5,The post makes a factual claim that could be checked.,rewrite,2000,0,0,2000,0,1.0,1.0,1.0,600,1.0,False,,,0.0003190420102328062,1.0,False,real,real-qwen2.5-N2000,nli,recall-trust,2000
26,log:F1,The post discusses medicine or health.,rewrite,774,774,0,0,0,0.07795275590551182,1.0,0.1446311176040906,99,1.0,False,,,0.00022466600057668984,1.0,False,real,real-qwen2.5-N2000,nli,recall-trust,2000
27,log:F2,The post discusses a specific disease or medical condition.,rewrite,774,774,0,0,0,0.029079159935379646,1.0,0.0565149136577708,36,1.0,False,,,0.0002274169964948669,1.0,False,real,real-qwen2.5-N2000,nli,recall-trust,2000
28,log:F3,The post discusses space or astronomy.,rewrite,1201,1201,0,0,0,0.07582938388625593,1.0,0.14096916299559473,64,1.0,False,,,0.00022566699772141874,1.0,False,real,real-qwen2.5-N2000,nli,recall-trust,2000
29,log:F4,The post discusses cryptography or encryption.,rewrite,1201,1201,0,0,0,0.06626506024096386,1.0,0.12429378531073448,55,1.0,False,,,0.00022912501299288124,1.0,False,real,real-qwen2.5-N2000,nli,recall-trust,2000
30,log:F5,The post discusses computer security.,rewrite,774,774,0,0,0,0.03855421686746988,1.0,0.07424593967517401,48,1.0,False,,,0.00023687499924562871,1.0,False,real,real-qwen2.5-N2000,nli,recall-trust,2000
31,log:F6,The post discusses science.,rewrite,1839,1083,286,470,0,0.5445544554455446,0.9428571428571428,0.690376569037657,175,0.903954802259887,False,,,0.0013367080100579187,0.9428571428571428,False,real,real-qwen2.5-N2000,nli,recall-trust,2000
32,log:G1,The post mentions an operating system.,rewrite,1989,434,1092,463,0,0.9510869565217391,1.0,0.9749303621169916,175,1.0,False,,,0.0007527499983552843,1.0,False,real,real-qwen2.5-N2000,nli,recall-trust,2000
33,log:G2,The post mentions Microsoft Windows.,rewrite,1379,496,883,0,0,0.8452380952380952,0.9861111111111112,0.9102564102564102,72,0.9342105263157895,False,,,0.0013657920062541962,0.9861111111111112,False,real,real-qwen2.5-N2000,nli,recall-trust,2000
34,log:G3,The post mentions the X Window System.,rewrite,1989,434,0,1555,0,0.8764044943820225,1.0,0.9341317365269461,78,1.0,False,,,0.0003501250030240044,1.0,False,real,real-qwen2.5-N2000,nli,recall-trust,2000
35,log:G4,The post discusses software rather than hardware.,rewrite,2000,4,0,1996,0,1.0,1.0,1.0,269,1.0,False,,,0.0003364160074852407,1.0,False,real,real-qwen2.5-N2000,nli,recall-trust,2000
36,log:G5,The post recommends a product or a service.,rewrite,2000,0,0,2000,0,1.0,1.0,1.0,70,1.0,False,,,0.0003192919975845143,1.0,False,real,real-qwen2.5-N2000,nli,recall-trust,2000
37,log:H1,The post asks for technical help with computer hardware.,exact-hit,0,0,0,0,0,1.0,1.0,1.0,149,,,,,5.0000089686363935e-06,1.0,,real,real-qwen2.5-N2000,nli,recall-trust,2000
38,log:H2,The post is selling something.,rewrite,1924,556,0,1368,0,0.9879518072289156,1.0,0.993939393939394,82,1.0,False,,,0.000319792001391761,1.0,False,real,real-qwen2.5-N2000,nli,recall-trust,2000
39,log:H3,The post is about a motor vehicle.,rewrite,1118,1118,0,0,0,0.15605749486652978,1.0,0.2699822380106572,152,1.0,False,,,0.013638582997373305,1.0,False,real,real-qwen2.5-N2000,nli,recall-trust,2000
40,log:H4,The post is about a car or a motorcycle.,rewrite,1325,940,385,0,0,0.6274509803921569,1.0,0.7710843373493976,128,0.9122807017543859,False,,,0.0014887500001350418,1.0,False,real,real-qwen2.5-N2000,nli,recall-trust,2000
41,log:H5,The post gives advice about maintaining a vehicle.,rewrite,2000,1331,0,669,0,1.0,1.0,1.0,8,1.0,False,,,0.0003601669886847958,1.0,False,real,real-qwen2.5-N2000,nli,recall-trust,2000
42,log:H6,The tone of the post is angry or annoyed.,rewrite,2000,33,0,1967,0,1.0,1.0,1.0,290,1.0,False,,,0.0003668749995995313,1.0,False,real,real-qwen2.5-N2000,nli,recall-trust,2000
43,log:H7,The post is about a computer operating system.,rewrite,1355,945,410,0,0,0.9915966386554622,0.9915966386554622,0.9915966386554622,119,0.9365079365079365,False,,,0.0014479999954346567,0.9915966386554622,False,real,real-qwen2.5-N2000,nli,recall-trust,2000
44,log:H8,The post is a for-sale advertisement.,rewrite,1920,11,0,1909,0,0.9382716049382716,1.0,0.9681528662420382,76,1.0,False,,,0.000331375005771406,1.0,False,real,real-qwen2.5-N2000,nli,recall-trust,2000
45,log:H9,The post discusses encryption algorithms or key management.,rewrite,748,748,0,0,0,0.03035143769968051,1.0,0.05891472868217054,38,1.0,False,,,0.00029320800967980176,1.0,False,real,real-qwen2.5-N2000,nli,recall-trust,2000
46,log:H10,The post asks a question about computer hardware.,rewrite,1991,798,458,735,0,1.0,0.9811320754716981,0.9904761904761905,159,0.950920245398773,False,,,0.0011806660040747374,0.9811320754716981,False,real,real-qwen2.5-N2000,nli,recall-trust,2000
0,log:A1,The post asks for technical help with computer hardware.,cold,2000,2000,0,0,0,1.0,1.0,1.0,149,,,,,3.462500171735883e-05,1.0,,real,real-qwen2.5-N2000,gt,shipped,2000
1,log:A2,The post asks for technical help with a personal computer's hardware.,cold,2000,2000,0,0,0,1.0,1.0,1.0,111,,,,,4.066700057592243e-05,1.0,,real,real-qwen2.5-N2000,gt,shipped,2000
2,log:A3,The post is a request for technical assistance concerning computer hardware.,cold,2000,2000,0,0,0,1.0,1.0,1.0,155,,,,,3.941699105780572e-05,1.0,,real,real-qwen2.5-N2000,gt,shipped,2000
3,log:A4,The post asks for help with Macintosh hardware.,cold,2000,2000,0,0,0,1.0,1.0,1.0,32,,,,,4.062500374857336e-05,1.0,,real,real-qwen2.5-N2000,gt,shipped,2000
4,log:A5,The post describes a hardware problem the author is experiencing.,cold,2000,2000,0,0,0,1.0,1.0,1.0,70,,,,,4.3916996219195426e-05,1.0,,real,real-qwen2.5-N2000,gt,shipped,2000
5,log:B1,The post offers an item for sale.,rewrite,1936,1809,127,0,0,1.0,1.0,1.0,80,0.9523809523809523,False,1.0,False,0.0008850419981172308,1.0,False,real,real-qwen2.5-N2000,gt,shipped,2000
6,log:B2,The post offers a computer or a computer part for sale.,rewrite,2000,1809,0,191,0,1.0,1.0,1.0,22,1.0,False,1.0,False,0.00014858299982734025,1.0,False,real,real-qwen2.5-N2000,gt,shipped,2000
7,log:B3,The post mentions a specific price in dollars.,cold,2000,2000,0,0,0,1.0,1.0,1.0,140,,,,,6.262499664444476e-05,1.0,,real,real-qwen2.5-N2000,gt,shipped,2000
8,log:B4,The post is an advertisement.,rewrite,1925,1809,116,0,0,1.0,1.0,1.0,87,0.9456521739130435,False,1.0,False,0.0008724169892957434,1.0,False,real,real-qwen2.5-N2000,gt,shipped,2000
9,log:B5,The post is looking to buy something rather than to sell something.,rewrite,1982,1909,73,0,0,1.0,1.0,1.0,56,0.9655172413793104,False,1.0,False,0.0006587919924641028,1.0,False,real,real-qwen2.5-N2000,gt,shipped,2000
10,log:C1,The post discusses a professional sports team.,rewrite,1829,1718,111,0,0,1.0,1.0,1.0,143,0.9407894736842105,False,1.0,False,0.0010848340025404468,1.0,False,real,real-qwen2.5-N2000,gt,shipped,2000
11,log:C2,The post discusses a professional baseball team.,rewrite,1417,140,1277,0,0,1.0,0.9855072463768116,0.9927007299270074,69,0.9444444444444444,False,1.0,False,0.00123741700372193,0.9855072463768116,False,real,real-qwen2.5-N2000,gt,shipped,2000
12,log:C3,The post mentions a player's statistics.,rewrite,2000,1718,0,282,0,1.0,1.0,1.0,30,1.0,False,1.0,False,0.00019862499902956188,1.0,False,real,real-qwen2.5-N2000,gt,shipped,2000
13,log:C4,The post is about a sporting event that has already taken place.,rewrite,2000,1762,0,238,0,1.0,1.0,1.0,38,1.0,False,1.0,False,0.0001934589963639155,1.0,False,real,real-qwen2.5-N2000,gt,shipped,2000
14,log:C5,The post is about sports.,rewrite,1832,1762,70,0,0,1.0,1.0,1.0,188,0.9306930693069307,False,1.0,False,0.0010972500022035092,1.0,False,real,real-qwen2.5-N2000,gt,shipped,2000
15,log:D1,The post argues about politics.,rewrite,1698,1574,124,0,0,1.0,0.99,0.9949748743718593,200,0.9339622641509434,False,1.0,False,0.0011462920083431527,0.99,False,real,real-qwen2.5-N2000,gt,shipped,2000
16,log:D2,The post argues about gun control policy.,rewrite,2000,1621,0,379,0,1.0,1.0,1.0,34,1.0,False,1.0,False,0.00026649999199435115,1.0,False,real,real-qwen2.5-N2000,gt,shipped,2000
17,log:D3,The post expresses a religious belief.,rewrite,1862,1628,234,0,0,1.0,1.0,1.0,92,0.9484536082474226,False,1.0,False,0.015600458005792461,1.0,False,real,real-qwen2.5-N2000,gt,shipped,2000
18,log:D4,The post argues about religion.,rewrite,1732,1628,104,0,0,1.0,1.0,1.0,205,0.9318181818181818,False,1.0,False,0.019244625000283122,1.0,False,real,real-qwen2.5-N2000,gt,shipped,2000
19,log:D5,The post discusses the Middle East.,rewrite,2000,1628,0,372,0,1.0,1.0,1.0,49,1.0,False,1.0,False,0.00031429200316779315,1.0,False,real,real-qwen2.5-N2000,gt,shipped,2000
20,log:D6,The post criticizes a government or a government policy.,rewrite,1730,1569,161,0,0,1.0,0.9872611464968153,0.9935897435897436,157,0.9171597633136095,False,1.0,False,0.0011855420016217977,0.9872611464968153,False,real,real-qwen2.5-N2000,gt,shipped,2000
21,log:E1,The author of the post is frustrated or angry.,rewrite,1929,1909,20,0,0,1.0,1.0,1.0,552,0.9735449735449735,False,1.0,False,0.0008830000006128103,1.0,False,real,real-qwen2.5-N2000,gt,shipped,2000
22,log:E2,The post contains a question.,cold,2000,2000,0,0,0,1.0,1.0,1.0,799,,,,,0.00014212500536814332,1.0,,real,real-qwen2.5-N2000,gt,shipped,2000
23,log:E3,The post quotes another message.,rewrite,1902,1872,30,0,0,1.0,0.9949494949494949,0.9974683544303797,198,0.9292452830188679,False,1.0,False,0.0008787910046521574,0.9949494949494949,False,real,real-qwen2.5-N2000,gt,shipped,2000
24,log:E4,The post uses technical jargon.,rewrite,1861,1652,28,181,0,1.0,0.9983633387888707,0.9991809991809992,611,0.9256449165402124,False,1.0,False,0.0013024590007262304,0.9983633387888707,False,real,real-qwen2.5-N2000,gt,shipped,2000
25,log:E5,The post makes a factual claim that could be checked.,cold,2000,2000,0,0,0,1.0,1.0,1.0,600,,,,,0.0001549159933347255,1.0,,real,real-qwen2.5-N2000,gt,shipped,2000
26,log:F1,The post discusses medicine or health.,rewrite,1783,1467,316,0,0,1.0,1.0,1.0,99,0.9339622641509434,False,1.0,False,0.0011538749968167394,1.0,False,real,real-qwen2.5-N2000,gt,shipped,2000
27,log:F2,The post discusses a specific disease or medical condition.,rewrite,2000,1532,0,468,0,1.0,1.0,1.0,36,1.0,False,1.0,False,0.0002835409977706149,1.0,False,real,real-qwen2.5-N2000,gt,shipped,2000
28,log:F3,The post discusses space or astronomy.,rewrite,1944,1384,560,0,0,1.0,1.0,1.0,64,0.9696969696969697,False,1.0,False,0.0010016669984906912,1.0,False,real,real-qwen2.5-N2000,gt,shipped,2000
29,log:F4,The post discusses cryptography or encryption.,rewrite,2000,1337,0,663,0,1.0,1.0,1.0,55,1.0,False,1.0,False,0.0002921249979408458,1.0,False,real,real-qwen2.5-N2000,gt,shipped,2000
30,log:F5,The post discusses computer security.,rewrite,2000,1337,0,663,0,1.0,1.0,1.0,48,1.0,False,1.0,False,0.0002792080049403012,1.0,False,real,real-qwen2.5-N2000,gt,shipped,2000
31,log:F6,The post discusses science.,rewrite,1732,1599,133,0,0,1.0,0.9942857142857143,0.9971346704871061,175,0.9354838709677419,False,1.0,False,0.0011425419943407178,0.9942857142857143,False,real,real-qwen2.5-N2000,gt,shipped,2000
32,log:G1,The post mentions an operating system.,rewrite,1518,1273,245,0,0,1.0,0.9828571428571429,0.9913544668587896,175,0.9347826086956522,False,1.0,False,0.001257915995665826,0.9828571428571429,False,real,real-qwen2.5-N2000,gt,shipped,2000
33,log:G2,The post mentions Microsoft Windows.,rewrite,1878,1362,516,0,0,1.0,1.0,1.0,72,0.96,False,1.0,False,0.0010910409910138696,1.0,False,real,real-qwen2.5-N2000,gt,shipped,2000
34,log:G3,The post mentions the X Window System.,rewrite,1621,440,1181,0,0,1.0,0.9871794871794872,0.9935483870967742,78,0.9625,False,1.0,False,0.0013376669958233833,0.9871794871794872,False,real,real-qwen2.5-N2000,gt,shipped,2000
35,log:G4,The post discusses software rather than hardware.,rewrite,1426,1263,163,0,0,1.0,0.9739776951672863,0.9868173258003766,269,0.903448275862069,False,1.0,False,0.0012934580008732155,0.9739776951672863,False,real,real-qwen2.5-N2000,gt,shipped,2000
36,log:G5,The post recommends a product or a service.,rewrite,1898,1349,549,0,0,1.0,1.0,1.0,70,0.958904109589041,False,1.0,False,0.0010579170048004016,1.0,False,real,real-qwen2.5-N2000,gt,shipped,2000
37,log:H1,The post asks for technical help with computer hardware.,exact-hit,0,0,0,0,0,1.0,1.0,1.0,149,,,,,5.9580052038654685e-06,1.0,,real,real-qwen2.5-N2000,gt,shipped,2000
38,log:H2,The post is selling something.,rewrite,1891,1396,473,22,0,1.0,1.0,1.0,82,0.9534883720930233,False,1.0,False,0.0011866249988088384,1.0,False,real,real-qwen2.5-N2000,gt,shipped,2000
39,log:H3,The post is about a motor vehicle.,rewrite,1605,1353,252,0,0,1.0,0.9868421052631579,0.9933774834437086,152,0.9146341463414634,False,1.0,False,0.0013710000057471916,0.9868421052631579,False,real,real-qwen2.5-N2000,gt,shipped,2000
40,log:H4,The post is about a car or a motorcycle.,rewrite,1998,148,735,1115,0,1.0,1.0,1.0,128,0.9846153846153847,False,1.0,False,0.0009415420063305646,1.0,False,real,real-qwen2.5-N2000,gt,shipped,2000
41,log:H5,The post gives advice about maintaining a vehicle.,rewrite,2000,315,0,1685,0,1.0,1.0,1.0,8,1.0,False,1.0,False,0.0003868329949909821,1.0,False,real,real-qwen2.5-N2000,gt,shipped,2000
42,log:H6,The tone of the post is angry or annoyed.,rewrite,807,534,273,0,0,1.0,0.993103448275862,0.9965397923875432,290,0.9,False,1.0,False,0.0014921670081093907,0.993103448275862,False,real,real-qwen2.5-N2000,gt,shipped,2000
43,log:H7,The post is about a computer operating system.,rewrite,1713,1436,277,0,0,1.0,1.0,1.0,119,0.9224806201550387,False,1.0,False,0.001286334008909762,1.0,False,real,real-qwen2.5-N2000,gt,shipped,2000
44,log:H8,The post is a for-sale advertisement.,rewrite,1520,57,1442,21,0,1.0,1.0,1.0,76,0.9620253164556962,False,1.0,False,0.0014296670124167576,1.0,False,real,real-qwen2.5-N2000,gt,shipped,2000
45,log:H9,The post discusses encryption algorithms or key management.,rewrite,2000,55,0,1945,0,1.0,1.0,1.0,38,1.0,False,1.0,False,0.0003332089981995523,1.0,False,real,real-qwen2.5-N2000,gt,shipped,2000
46,log:H10,The post asks a question about computer hardware.,rewrite,1578,1337,241,0,0,1.0,1.0,1.0,159,0.9352941176470588,False,1.0,False,0.001378125001792796,1.0,False,real,real-qwen2.5-N2000,gt,shipped,2000
0,log:A1,The post asks for technical help with computer hardware.,cold,2000,2000,0,0,0,1.0,1.0,1.0,149,,,,,3.729200398083776e-05,1.0,,real,real-qwen2.5-N2000,gt,separate,2000
1,log:A2,The post asks for technical help with a personal computer's hardware.,cold,2000,2000,0,0,0,1.0,1.0,1.0,111,,,,,3.491700044833124e-05,1.0,,real,real-qwen2.5-N2000,gt,separate,2000
2,log:A3,The post is a request for technical assistance concerning computer hardware.,cold,2000,2000,0,0,0,1.0,1.0,1.0,155,,,,,3.574999573174864e-05,1.0,,real,real-qwen2.5-N2000,gt,separate,2000
3,log:A4,The post asks for help with Macintosh hardware.,cold,2000,2000,0,0,0,1.0,1.0,1.0,32,,,,,3.845800529234111e-05,1.0,,real,real-qwen2.5-N2000,gt,separate,2000
4,log:A5,The post describes a hardware problem the author is experiencing.,cold,2000,2000,0,0,0,1.0,1.0,1.0,70,,,,,4.2042011045850813e-05,1.0,,real,real-qwen2.5-N2000,gt,separate,2000
5,log:B1,The post offers an item for sale.,rewrite,2000,1809,0,191,0,1.0,1.0,1.0,80,1.0,False,1.0,False,0.0001432919962098822,1.0,False,real,real-qwen2.5-N2000,gt,separate,2000
6,log:B2,The post offers a computer or a computer part for sale.,rewrite,2000,1809,0,191,0,1.0,1.0,1.0,22,1.0,False,1.0,False,0.00013508299889508635,1.0,False,real,real-qwen2.5-N2000,gt,separate,2000
7,log:B3,The post mentions a specific price in dollars.,cold,2000,2000,0,0,0,1.0,1.0,1.0,140,,,,,6.108400702942163e-05,1.0,,real,real-qwen2.5-N2000,gt,separate,2000
8,log:B4,The post is an advertisement.,rewrite,2000,1809,0,191,0,1.0,1.0,1.0,87,1.0,False,1.0,False,0.00013658399984706193,1.0,False,real,real-qwen2.5-N2000,gt,separate,2000
9,log:B5,The post is looking to buy something rather than to sell something.,rewrite,1976,1909,63,4,0,1.0,1.0,1.0,56,0.9655172413793104,False,1.0,False,0.00035566599399317056,1.0,False,real,real-qwen2.5-N2000,gt,separate,2000
10,log:C1,The post discusses a professional sports team.,rewrite,2000,1718,0,282,0,1.0,1.0,1.0,143,1.0,False,1.0,False,0.00017629200010560453,1.0,False,real,real-qwen2.5-N2000,gt,separate,2000
11,log:C2,The post discusses a professional baseball team.,rewrite,1292,140,1149,3,0,1.0,1.0,1.0,69,0.9324324324324325,False,1.0,False,0.0005312499997671694,1.0,False,real,real-qwen2.5-N2000,gt,separate,2000
12,log:C3,The post mentions a player's statistics.,rewrite,2000,1718,0,282,0,1.0,1.0,1.0,30,1.0,False,1.0,False,0.00018012500368058681,1.0,False,real,real-qwen2.5-N2000,gt,separate,2000
13,log:C4,The post is about a sporting event that has already taken place.,rewrite,2000,1762,0,238,0,1.0,1.0,1.0,38,1.0,False,1.0,False,0.00018058301066048443,1.0,False,real,real-qwen2.5-N2000,gt,separate,2000
14,log:C5,The post is about sports.,rewrite,1913,1762,34,117,0,1.0,1.0,1.0,188,0.9306930693069307,False,1.0,False,0.0004657499957829714,1.0,False,real,real-qwen2.5-N2000,gt,separate,2000
15,log:D1,The post argues about politics.,rewrite,2000,1574,0,426,0,1.0,1.0,1.0,200,1.0,False,1.0,False,0.0002146660117432475,1.0,False,real,real-qwen2.5-N2000,gt,separate,2000
16,log:D2,The post argues about gun control policy.,rewrite,2000,1621,0,379,0,1.0,1.0,1.0,34,1.0,False,1.0,False,0.00020191700605209917,1.0,False,real,real-qwen2.5-N2000,gt,separate,2000
17,log:D3,The post expresses a religious belief.,rewrite,2000,1628,0,372,0,1.0,1.0,1.0,92,1.0,False,1.0,False,0.00020583299919962883,1.0,False,real,real-qwen2.5-N2000,gt,separate,2000
18,log:D4,The post argues about religion.,rewrite,2000,1628,0,372,0,1.0,1.0,1.0,205,1.0,False,1.0,False,0.00021374999778345227,1.0,False,real,real-qwen2.5-N2000,gt,separate,2000
19,log:D5,The post discusses the Middle East.,rewrite,2000,1628,0,372,0,1.0,1.0,1.0,49,1.0,False,1.0,False,0.0002136670082109049,1.0,False,real,real-qwen2.5-N2000,gt,separate,2000
20,log:D6,The post criticizes a government or a government policy.,rewrite,2000,1569,0,431,0,1.0,1.0,1.0,157,1.0,False,1.0,False,0.00023095800133887678,1.0,False,real,real-qwen2.5-N2000,gt,separate,2000
21,log:E1,The author of the post is frustrated or angry.,rewrite,1933,1909,20,4,0,1.0,1.0,1.0,552,0.9787234042553191,False,1.0,False,0.0004266250034561381,1.0,False,real,real-qwen2.5-N2000,gt,separate,2000
22,log:E2,The post contains a question.,cold,2000,2000,0,0,0,1.0,1.0,1.0,799,,,,,0.00014062499394640326,1.0,,real,real-qwen2.5-N2000,gt,separate,2000
23,log:E3,The post quotes another message.,rewrite,1928,1872,52,4,0,1.0,0.9949494949494949,0.9974683544303797,198,0.9425837320574163,False,1.0,False,0.0006002500012982637,0.9949494949494949,False,real,real-qwen2.5-N2000,gt,separate,2000
24,log:E4,The post uses technical jargon.,rewrite,1739,1652,73,14,0,1.0,0.9934533551554828,0.9967159277504105,611,0.9281345565749235,False,1.0,False,0.0009034160029841587,0.9934533551554828,False,real,real-qwen2.5-N2000,gt,separate,2000
25,log:E5,The post makes a factual claim that could be checked.,cold,2000,2000,0,0,0,1.0,1.0,1.0,600,,,,,0.00015845899179112166,1.0,,real,real-qwen2.5-N2000,gt,separate,2000
26,log:F1,The post discusses medicine or health.,rewrite,2000,1467,0,533,0,1.0,1.0,1.0,99,1.0,False,1.0,False,0.00026866600092034787,1.0,False,real,real-qwen2.5-N2000,gt,separate,2000
27,log:F2,The post discusses a specific disease or medical condition.,rewrite,2000,1531,0,469,0,1.0,1.0,1.0,36,1.0,False,1.0,False,0.00026074999186675996,1.0,False,real,real-qwen2.5-N2000,gt,separate,2000
28,log:F3,The post discusses space or astronomy.,rewrite,2000,1383,0,617,0,1.0,1.0,1.0,64,1.0,False,1.0,False,0.0002728749968810007,1.0,False,real,real-qwen2.5-N2000,gt,separate,2000
29,log:F4,The post discusses cryptography or encryption.,rewrite,2000,1336,0,664,0,1.0,1.0,1.0,55,1.0,False,1.0,False,0.00027195799339096993,1.0,False,real,real-qwen2.5-N2000,gt,separate,2000
30,log:F5,The post discusses computer security.,rewrite,2000,1336,0,664,0,1.0,1.0,1.0,48,1.0,False,1.0,False,0.0002757079928414896,1.0,False,real,real-qwen2.5-N2000,gt,separate,2000
31,log:F6,The post discusses science.,rewrite,2000,1599,0,401,0,1.0,1.0,1.0,175,1.0,False,1.0,False,0.00028912500420119613,1.0,False,real,real-qwen2.5-N2000,gt,separate,2000
32,log:G1,The post mentions an operating system.,rewrite,2000,1271,0,729,0,1.0,1.0,1.0,175,1.0,False,1.0,False,0.00029883299430366606,1.0,False,real,real-qwen2.5-N2000,gt,separate,2000
33,log:G2,The post mentions Microsoft Windows.,rewrite,2000,1360,0,640,0,1.0,1.0,1.0,72,1.0,False,1.0,False,0.00029395800083875656,1.0,False,real,real-qwen2.5-N2000,gt,separate,2000
34,log:G3,The post mentions the X Window System.,rewrite,2000,441,0,1559,0,1.0,1.0,1.0,78,1.0,False,1.0,False,0.00030866700399201363,1.0,False,real,real-qwen2.5-N2000,gt,separate,2000
35,log:G4,The post discusses software rather than hardware.,rewrite,2000,1261,0,739,0,1.0,1.0,1.0,269,1.0,False,1.0,False,0.00031554199813399464,1.0,False,real,real-qwen2.5-N2000,gt,separate,2000
36,log:G5,The post recommends a product or a service.,rewrite,2000,1348,0,652,0,1.0,1.0,1.0,70,1.0,False,1.0,False,0.0003115419967798516,1.0,False,real,real-qwen2.5-N2000,gt,separate,2000
37,log:H1,The post asks for technical help with computer hardware.,exact-hit,0,0,0,0,0,1.0,1.0,1.0,149,,,,,5.0000089686363935e-06,1.0,,real,real-qwen2.5-N2000,gt,separate,2000
38,log:H2,The post is selling something.,rewrite,2000,1395,0,605,0,1.0,1.0,1.0,82,1.0,False,1.0,False,0.00033066699688788503,1.0,False,real,real-qwen2.5-N2000,gt,separate,2000
39,log:H3,The post is about a motor vehicle.,rewrite,2000,1351,0,649,0,1.0,1.0,1.0,152,1.0,False,1.0,False,0.000327207992086187,1.0,False,real,real-qwen2.5-N2000,gt,separate,2000
40,log:H4,The post is about a car or a motorcycle.,rewrite,837,148,685,4,0,1.0,0.9921875,0.996078431372549,128,0.9136690647482014,False,1.0,False,0.0007712919905316085,0.9921875,False,real,real-qwen2.5-N2000,gt,separate,2000
41,log:H5,The post gives advice about maintaining a vehicle.,rewrite,2000,313,0,1687,0,1.0,1.0,1.0,8,1.0,False,1.0,False,0.00034170800063293427,1.0,False,real,real-qwen2.5-N2000,gt,separate,2000
42,log:H6,The tone of the post is angry or annoyed.,rewrite,812,534,260,18,0,1.0,0.996551724137931,0.9982728842832469,290,0.9262820512820513,False,1.0,False,0.0007238749967655167,0.996551724137931,False,real,real-qwen2.5-N2000,gt,separate,2000
43,log:H7,The post is about a computer operating system.,rewrite,2000,1435,0,565,0,1.0,1.0,1.0,119,1.0,False,1.0,False,0.00034958300238940865,1.0,False,real,real-qwen2.5-N2000,gt,separate,2000
44,log:H8,The post is a for-sale advertisement.,rewrite,1439,57,1357,25,0,1.0,1.0,1.0,76,0.9620253164556962,False,1.0,False,0.0007100829971022904,1.0,False,real,real-qwen2.5-N2000,gt,separate,2000
45,log:H9,The post discusses encryption algorithms or key management.,rewrite,1779,55,1724,0,0,1.0,1.0,1.0,38,0.9743589743589743,False,1.0,False,0.0006338749954011291,1.0,False,real,real-qwen2.5-N2000,gt,separate,2000
46,log:H10,The post asks a question about computer hardware.,rewrite,2000,1337,0,663,0,1.0,1.0,1.0,159,1.0,False,1.0,False,0.08715000000665896,1.0,False,real,real-qwen2.5-N2000,gt,separate,2000
0,log:A1,The post asks for technical help with computer hardware.,cold,2000,2000,0,0,0,1.0,1.0,1.0,149,,,,,0.00013370798842515796,1.0,,real,real-qwen2.5-N2000,gt,separate-prop,2000
1,log:A2,The post asks for technical help with a personal computer's hardware.,cold,2000,2000,0,0,0,1.0,1.0,1.0,111,,,,,5.608299397863448e-05,1.0,,real,real-qwen2.5-N2000,gt,separate-prop,2000
2,log:A3,The post is a request for technical assistance concerning computer hardware.,cold,2000,2000,0,0,0,1.0,1.0,1.0,155,,,,,3.762501000892371e-05,1.0,,real,real-qwen2.5-N2000,gt,separate-prop,2000
3,log:A4,The post asks for help with Macintosh hardware.,cold,2000,2000,0,0,0,1.0,1.0,1.0,32,,,,,3.8291997043415904e-05,1.0,,real,real-qwen2.5-N2000,gt,separate-prop,2000
4,log:A5,The post describes a hardware problem the author is experiencing.,cold,2000,2000,0,0,0,1.0,1.0,1.0,70,,,,,4.15419926866889e-05,1.0,,real,real-qwen2.5-N2000,gt,separate-prop,2000
5,log:B1,The post offers an item for sale.,rewrite,2000,1809,0,191,0,1.0,1.0,1.0,80,1.0,False,1.0,False,0.00019604100089054555,1.0,False,real,real-qwen2.5-N2000,gt,separate-prop,2000
6,log:B2,The post offers a computer or a computer part for sale.,rewrite,2000,1809,0,191,0,1.0,1.0,1.0,22,1.0,False,1.0,False,0.00013600000238511711,1.0,False,real,real-qwen2.5-N2000,gt,separate-prop,2000
7,log:B3,The post mentions a specific price in dollars.,cold,2000,2000,0,0,0,1.0,1.0,1.0,140,,,,,6.133399438112974e-05,1.0,,real,real-qwen2.5-N2000,gt,separate-prop,2000
8,log:B4,The post is an advertisement.,rewrite,1949,1809,70,70,0,1.0,1.0,1.0,87,0.9456521739130435,False,1.0,False,0.0004920840001432225,1.0,False,real,real-qwen2.5-N2000,gt,separate-prop,2000
9,log:B5,The post is looking to buy something rather than to sell something.,rewrite,1976,1909,63,4,0,1.0,1.0,1.0,56,0.9655172413793104,False,1.0,False,0.00035254200338386,1.0,False,real,real-qwen2.5-N2000,gt,separate-prop,2000
10,log:C1,The post discusses a professional sports team.,rewrite,1924,1718,45,161,0,1.0,1.0,1.0,143,0.934640522875817,False,1.0,False,0.00042304200178477913,1.0,False,real,real-qwen2.5-N2000,gt,separate-prop,2000
11,log:C2,The post discusses a professional baseball team.,rewrite,1292,140,1149,3,0,1.0,0.9855072463768116,0.9927007299270074,69,0.9577464788732394,False,1.0,False,0.0005766659887740389,0.9855072463768116,False,real,real-qwen2.5-N2000,gt,separate-prop,2000
12,log:C3,The post mentions a player's statistics.,rewrite,2000,1718,0,282,0,1.0,1.0,1.0,30,1.0,False,1.0,False,0.00018354201165493578,1.0,False,real,real-qwen2.5-N2000,gt,separate-prop,2000
13,log:C4,The post is about a sporting event that has already taken place.,rewrite,2000,1762,0,238,0,1.0,1.0,1.0,38,1.0,False,1.0,False,0.0001849999971454963,1.0,False,real,real-qwen2.5-N2000,gt,separate-prop,2000
14,log:C5,The post is about sports.,rewrite,1913,1762,34,117,0,1.0,1.0,1.0,188,0.9306930693069307,False,1.0,False,0.00045758399937767535,1.0,False,real,real-qwen2.5-N2000,gt,separate-prop,2000
15,log:D1,The post argues about politics.,rewrite,1912,1575,33,304,0,1.0,1.0,1.0,200,0.9345794392523364,False,1.0,False,0.0004903749941149727,1.0,False,real,real-qwen2.5-N2000,gt,separate-prop,2000
16,log:D2,The post argues about gun control policy.,rewrite,2000,1622,0,378,0,1.0,1.0,1.0,34,1.0,False,1.0,False,0.0002069589972961694,1.0,False,real,real-qwen2.5-N2000,gt,separate-prop,2000
17,log:D3,The post expresses a religious belief.,rewrite,2000,1629,0,371,0,1.0,1.0,1.0,92,1.0,False,1.0,False,0.00020704099733848125,1.0,False,real,real-qwen2.5-N2000,gt,separate-prop,2000
18,log:D4,The post argues about religion.,rewrite,1911,1629,32,250,0,1.0,1.0,1.0,205,0.9318181818181818,False,1.0,False,0.0004932079900754616,1.0,False,real,real-qwen2.5-N2000,gt,separate-prop,2000
19,log:D5,The post discusses the Middle East.,rewrite,2000,1629,0,371,0,1.0,1.0,1.0,49,1.0,False,1.0,False,0.00021879099949728698,1.0,False,real,real-qwen2.5-N2000,gt,separate-prop,2000
20,log:D6,The post criticizes a government or a government policy.,rewrite,2000,1570,0,430,0,1.0,1.0,1.0,157,1.0,False,1.0,False,0.0002296250022482127,1.0,False,real,real-qwen2.5-N2000,gt,separate-prop,2000
21,log:E1,The author of the post is frustrated or angry.,rewrite,1933,1909,20,4,0,1.0,1.0,1.0,552,0.9787234042553191,False,1.0,False,0.00041620800038799644,1.0,False,real,real-qwen2.5-N2000,gt,separate-prop,2000
22,log:E2,The post contains a question.,cold,2000,2000,0,0,0,1.0,1.0,1.0,799,,,,,0.00013862500782124698,1.0,,real,real-qwen2.5-N2000,gt,separate-prop,2000
23,log:E3,The post quotes another message.,rewrite,1930,1872,54,4,0,1.0,0.9949494949494949,0.9974683544303797,198,0.9425837320574163,False,1.0,False,0.0005590830114670098,0.9949494949494949,False,real,real-qwen2.5-N2000,gt,separate-prop,2000
24,log:E4,The post uses technical jargon.,rewrite,1742,1653,75,14,0,1.0,0.9934533551554828,0.9967159277504105,611,0.9253048780487805,False,1.0,False,0.0008596250117989257,0.9934533551554828,False,real,real-qwen2.5-N2000,gt,separate-prop,2000
25,log:E5,The post makes a factual claim that could be checked.,cold,2000,2000,0,0,0,1.0,1.0,1.0,600,,,,,0.00015483400784432888,1.0,,real,real-qwen2.5-N2000,gt,separate-prop,2000
26,log:F1,The post discusses medicine or health.,rewrite,2000,1468,0,532,0,1.0,1.0,1.0,99,1.0,False,1.0,False,0.0002672909904504195,1.0,False,real,real-qwen2.5-N2000,gt,separate-prop,2000
27,log:F2,The post discusses a specific disease or medical condition.,rewrite,2000,1532,0,468,0,1.0,1.0,1.0,36,1.0,False,1.0,False,0.00025195800117217004,1.0,False,real,real-qwen2.5-N2000,gt,separate-prop,2000
28,log:F3,The post discusses space or astronomy.,rewrite,2000,1384,0,616,0,1.0,1.0,1.0,64,1.0,False,1.0,False,0.00025599999935366213,1.0,False,real,real-qwen2.5-N2000,gt,separate-prop,2000
29,log:F4,The post discusses cryptography or encryption.,rewrite,2000,1337,0,663,0,1.0,1.0,1.0,55,1.0,False,1.0,False,0.000257709005381912,1.0,False,real,real-qwen2.5-N2000,gt,separate-prop,2000
30,log:F5,The post discusses computer security.,rewrite,2000,1337,0,663,0,1.0,1.0,1.0,48,1.0,False,1.0,False,0.0002626670029712841,1.0,False,real,real-qwen2.5-N2000,gt,separate-prop,2000
31,log:F6,The post discusses science.,rewrite,1909,1600,42,267,0,1.0,0.9942857142857143,0.9971346704871061,175,0.9354838709677419,False,1.0,False,0.0005461249966174364,0.9942857142857143,False,real,real-qwen2.5-N2000,gt,separate-prop,2000
32,log:G1,The post mentions an operating system.,rewrite,2000,1272,0,728,0,1.0,1.0,1.0,175,1.0,False,1.0,False,0.0003173340082867071,1.0,False,real,real-qwen2.5-N2000,gt,separate-prop,2000
33,log:G2,The post mentions Microsoft Windows.,rewrite,2000,1362,0,638,0,1.0,1.0,1.0,72,1.0,False,1.0,False,0.0002996250113938004,1.0,False,real,real-qwen2.5-N2000,gt,separate-prop,2000
34,log:G3,The post mentions the X Window System.,rewrite,1611,441,1004,166,0,1.0,1.0,1.0,78,0.9629629629629629,False,1.0,False,0.0006389170011971146,1.0,False,real,real-qwen2.5-N2000,gt,separate-prop,2000
35,log:G4,The post discusses software rather than hardware.,rewrite,1791,1262,156,373,0,1.0,0.9925650557620818,0.9962686567164178,269,0.9270833333333334,False,1.0,False,0.0878788749978412,0.9925650557620818,False,real,real-qwen2.5-N2000,gt,separate-prop,2000
36,log:G5,The post recommends a product or a service.,rewrite,2000,1349,0,651,0,1.0,1.0,1.0,70,1.0,False,1.0,False,0.0004228750040056184,1.0,False,real,real-qwen2.5-N2000,gt,separate-prop,2000
37,log:H1,The post asks for technical help with computer hardware.,exact-hit,0,0,0,0,0,1.0,1.0,1.0,149,,,,,6.08300615567714e-06,1.0,,real,real-qwen2.5-N2000,gt,separate-prop,2000
38,log:H2,The post is selling something.,rewrite,2000,1396,0,604,0,1.0,1.0,1.0,82,1.0,False,1.0,False,0.0003475419944152236,1.0,False,real,real-qwen2.5-N2000,gt,separate-prop,2000
39,log:H3,The post is about a motor vehicle.,rewrite,2000,1353,0,647,0,1.0,1.0,1.0,152,1.0,False,1.0,False,0.0007513330056099221,1.0,False,real,real-qwen2.5-N2000,gt,separate-prop,2000
40,log:H4,The post is about a car or a motorcycle.,rewrite,837,148,685,4,0,1.0,0.984375,0.9921259842519685,128,0.9402985074626866,False,1.0,False,0.003503250001813285,0.984375,False,real,real-qwen2.5-N2000,gt,separate-prop,2000
41,log:H5,The post gives advice about maintaining a vehicle.,rewrite,2000,313,0,1687,0,1.0,1.0,1.0,8,1.0,False,1.0,False,0.0003925829951185733,1.0,False,real,real-qwen2.5-N2000,gt,separate-prop,2000
42,log:H6,The tone of the post is angry or annoyed.,rewrite,812,534,260,18,0,1.0,0.996551724137931,0.9982728842832469,290,0.9262820512820513,False,1.0,False,0.039590124986716546,0.996551724137931,False,real,real-qwen2.5-N2000,gt,separate-prop,2000
43,log:H7,The post is about a computer operating system.,rewrite,2000,1438,0,562,0,1.0,1.0,1.0,119,1.0,False,1.0,False,0.023086959001375362,1.0,False,real,real-qwen2.5-N2000,gt,separate-prop,2000
44,log:H8,The post is a for-sale advertisement.,rewrite,1439,57,1357,25,0,1.0,1.0,1.0,76,0.9620253164556962,False,1.0,False,0.007126167009118944,1.0,False,real,real-qwen2.5-N2000,gt,separate-prop,2000
45,log:H9,The post discusses encryption algorithms or key management.,rewrite,1779,55,1724,0,0,1.0,1.0,1.0,38,0.9743589743589743,False,1.0,False,0.001037833993905224,1.0,False,real,real-qwen2.5-N2000,gt,separate-prop,2000
46,log:H10,The post asks a question about computer hardware.,rewrite,2000,1339,0,661,0,1.0,1.0,1.0,159,1.0,False,1.0,False,0.00041141601104754955,1.0,False,real,real-qwen2.5-N2000,gt,separate-prop,2000
0,log:A1,The post asks for technical help with computer hardware.,cold,2000,2000,0,0,0,1.0,1.0,1.0,149,,,,,7.770900265313685e-05,1.0,,real,real-qwen2.5-N2000,gt,fixed-100,2000
1,log:A2,The post asks for technical help with a personal computer's hardware.,cold,2000,2000,0,0,0,1.0,1.0,1.0,111,,,,,4.541700764093548e-05,1.0,,real,real-qwen2.5-N2000,gt,fixed-100,2000
2,log:A3,The post is a request for technical assistance concerning computer hardware.,cold,2000,2000,0,0,0,1.0,1.0,1.0,155,,,,,3.7959005567245185e-05,1.0,,real,real-qwen2.5-N2000,gt,fixed-100,2000
3,log:A4,The post asks for help with Macintosh hardware.,cold,2000,2000,0,0,0,1.0,1.0,1.0,32,,,,,4.054199962411076e-05,1.0,,real,real-qwen2.5-N2000,gt,fixed-100,2000
4,log:A5,The post describes a hardware problem the author is experiencing.,cold,2000,2000,0,0,0,1.0,1.0,1.0,70,,,,,4.420900950208306e-05,1.0,,real,real-qwen2.5-N2000,gt,fixed-100,2000
5,log:B1,The post offers an item for sale.,rewrite,1909,1809,100,0,0,1.0,1.0,1.0,80,0.9302325581395349,False,1.0,False,0.001093416998628527,1.0,False,real,real-qwen2.5-N2000,gt,fixed-100,2000
6,log:B2,The post offers a computer or a computer part for sale.,rewrite,2000,1809,100,91,0,1.0,1.0,1.0,22,1.0,False,1.0,False,0.0011222500033909455,1.0,False,real,real-qwen2.5-N2000,gt,fixed-100,2000
7,log:B3,The post mentions a specific price in dollars.,cold,2000,2000,0,0,0,1.0,1.0,1.0,140,,,,,6.804100121371448e-05,1.0,,real,real-qwen2.5-N2000,gt,fixed-100,2000
8,log:B4,The post is an advertisement.,rewrite,1909,1809,100,0,0,1.0,1.0,1.0,87,0.9354838709677419,False,1.0,False,0.0009530419920338318,1.0,False,real,real-qwen2.5-N2000,gt,fixed-100,2000
9,log:B5,The post is looking to buy something rather than to sell something.,rewrite,2000,1909,0,91,0,1.0,1.0,1.0,56,1.0,False,1.0,False,0.00015391600027214736,1.0,False,real,real-qwen2.5-N2000,gt,fixed-100,2000
10,log:C1,The post discusses a professional sports team.,rewrite,1818,1718,100,0,0,1.0,1.0,1.0,143,0.9285714285714286,False,1.0,False,0.0010124999971594661,1.0,False,real,real-qwen2.5-N2000,gt,fixed-100,2000
11,log:C2,The post discusses a professional baseball team.,rewrite,1998,140,100,1758,0,1.0,0.9855072463768116,0.9927007299270074,69,0.9714285714285714,False,1.0,False,0.0008211659878725186,0.9855072463768116,False,real,real-qwen2.5-N2000,gt,fixed-100,2000
12,log:C3,The post mentions a player's statistics.,rewrite,1999,1718,100,181,0,1.0,1.0,1.0,30,0.967741935483871,False,1.0,False,0.001581917007570155,1.0,False,real,real-qwen2.5-N2000,gt,fixed-100,2000
13,log:C4,The post is about a sporting event that has already taken place.,rewrite,1999,1762,100,137,0,1.0,1.0,1.0,38,0.9743589743589743,False,1.0,False,0.001761708001140505,1.0,False,real,real-qwen2.5-N2000,gt,fixed-100,2000
14,log:C5,The post is about sports.,rewrite,1862,1762,100,0,0,1.0,1.0,1.0,188,0.9543147208121827,False,1.0,False,0.015268083006958477,1.0,False,real,real-qwen2.5-N2000,gt,fixed-100,2000
15,log:D1,The post argues about politics.,rewrite,1933,1574,100,259,0,1.0,1.0,1.0,200,0.9090909090909091,False,1.0,False,0.0022864580096211284,1.0,False,real,real-qwen2.5-N2000,gt,fixed-100,2000
16,log:D2,The post argues about gun control policy.,rewrite,2000,1621,100,279,0,1.0,1.0,1.0,34,1.0,False,1.0,False,0.0022691670019412413,1.0,False,real,real-qwen2.5-N2000,gt,fixed-100,2000
17,log:D3,The post expresses a religious belief.,rewrite,1990,1628,100,262,0,1.0,1.0,1.0,92,0.92,False,1.0,False,0.0025308330077677965,1.0,False,real,real-qwen2.5-N2000,gt,fixed-100,2000
18,log:D4,The post argues about religion.,rewrite,1728,1628,100,0,0,1.0,1.0,1.0,205,0.9276018099547512,False,1.0,False,0.0011917499941773713,1.0,False,real,real-qwen2.5-N2000,gt,fixed-100,2000
19,log:D5,The post discusses the Middle East.,rewrite,2000,1628,100,272,0,1.0,1.0,1.0,49,1.0,False,1.0,False,0.0022223330015549436,1.0,False,real,real-qwen2.5-N2000,gt,fixed-100,2000
20,log:D6,The post criticizes a government or a government policy.,rewrite,1835,1569,100,166,0,1.0,0.9872611464968153,0.9935897435897436,157,0.9011627906976745,False,1.0,False,0.001636792003409937,0.9872611464968153,False,real,real-qwen2.5-N2000,gt,fixed-100,2000
21,log:E1,The author of the post is frustrated or angry.,rewrite,2000,1909,0,91,0,1.0,1.0,1.0,552,1.0,False,1.0,False,0.0001924579992191866,1.0,False,real,real-qwen2.5-N2000,gt,fixed-100,2000
22,log:E2,The post contains a question.,cold,2000,2000,0,0,0,1.0,1.0,1.0,799,,,,,0.00013716700777877122,1.0,,real,real-qwen2.5-N2000,gt,fixed-100,2000
23,log:E3,The post quotes another message.,rewrite,1972,1872,100,0,0,1.0,1.0,1.0,198,0.9850746268656716,False,1.0,False,0.0007873750000726432,1.0,False,real,real-qwen2.5-N2000,gt,fixed-100,2000
24,log:E4,The post uses technical jargon.,rewrite,1752,1652,100,0,0,1.0,0.9950900163666121,0.9975389663658737,611,0.9635499207606973,False,1.0,False,0.001071083010174334,0.9950900163666121,False,real,real-qwen2.5-N2000,gt,fixed-100,2000
25,log:E5,The post makes a factual claim that could be checked.,cold,2000,2000,0,0,0,1.0,1.0,1.0,600,,,,,0.0001576670038048178,1.0,,real,real-qwen2.5-N2000,gt,fixed-100,2000
26,log:F1,The post discusses medicine or health.,rewrite,2000,1467,100,433,0,1.0,1.0,1.0,99,1.0,False,1.0,False,0.002263749993289821,1.0,False,real,real-qwen2.5-N2000,gt,fixed-100,2000
27,log:F2,The post discusses a specific disease or medical condition.,rewrite,2000,1531,100,369,0,1.0,1.0,1.0,36,1.0,False,1.0,False,0.0022676670050714165,1.0,False,real,real-qwen2.5-N2000,gt,fixed-100,2000
28,log:F3,The post discusses space or astronomy.,rewrite,2000,1384,100,516,0,1.0,1.0,1.0,64,1.0,False,1.0,False,0.0022685830044792965,1.0,False,real,real-qwen2.5-N2000,gt,fixed-100,2000
29,log:F4,The post discusses cryptography or encryption.,rewrite,2000,1337,100,563,0,1.0,1.0,1.0,55,1.0,False,1.0,False,0.002481415998772718,1.0,False,real,real-qwen2.5-N2000,gt,fixed-100,2000
30,log:F5,The post discusses computer security.,rewrite,2000,1337,100,563,0,1.0,1.0,1.0,48,1.0,False,1.0,False,0.0029242910095490515,1.0,False,real,real-qwen2.5-N2000,gt,fixed-100,2000
31,log:F6,The post discusses science.,rewrite,1699,1599,100,0,0,1.0,0.9942857142857143,0.9971346704871061,175,0.9109947643979057,False,1.0,False,0.0012417499965522438,0.9942857142857143,False,real,real-qwen2.5-N2000,gt,fixed-100,2000
32,log:G1,The post mentions an operating system.,rewrite,2000,1272,100,628,0,1.0,1.0,1.0,175,1.0,False,1.0,False,0.0026440419896971434,1.0,False,real,real-qwen2.5-N2000,gt,fixed-100,2000
33,log:G2,The post mentions Microsoft Windows.,rewrite,2000,1362,100,538,0,1.0,1.0,1.0,72,1.0,False,1.0,False,0.002521250004065223,1.0,False,real,real-qwen2.5-N2000,gt,fixed-100,2000
34,log:G3,The post mentions the X Window System.,rewrite,1995,441,100,1454,0,1.0,1.0,1.0,78,0.9397590361445783,False,1.0,False,0.0016325000033248216,1.0,False,real,real-qwen2.5-N2000,gt,fixed-100,2000
35,log:G4,The post discusses software rather than hardware.,rewrite,1787,1262,100,425,0,1.0,0.9925650557620818,0.9962686567164178,269,0.9050847457627119,False,1.0,False,0.0021665419917553663,0.9925650557620818,False,real,real-qwen2.5-N2000,gt,fixed-100,2000
36,log:G5,The post recommends a product or a service.,rewrite,2000,1348,100,552,0,1.0,1.0,1.0,70,1.0,False,1.0,False,0.0025170000008074567,1.0,False,real,real-qwen2.5-N2000,gt,fixed-100,2000
37,log:H1,The post asks for technical help with computer hardware.,exact-hit,0,0,0,0,0,1.0,1.0,1.0,149,,,,,5.49999822396785e-06,1.0,,real,real-qwen2.5-N2000,gt,fixed-100,2000
38,log:H2,The post is selling something.,rewrite,2000,1397,100,503,0,1.0,1.0,1.0,82,1.0,False,1.0,False,0.013377583003602922,1.0,False,real,real-qwen2.5-N2000,gt,fixed-100,2000
39,log:H3,The post is about a motor vehicle.,rewrite,1974,1353,100,521,0,1.0,1.0,1.0,152,0.9047619047619048,False,1.0,False,0.003040583003894426,1.0,False,real,real-qwen2.5-N2000,gt,fixed-100,2000
40,log:H4,The post is about a car or a motorcycle.,rewrite,1996,148,100,1748,0,1.0,0.984375,0.9921259842519685,128,0.9692307692307692,False,1.0,False,0.0008722499915165827,0.984375,False,real,real-qwen2.5-N2000,gt,fixed-100,2000
41,log:H5,The post gives advice about maintaining a vehicle.,rewrite,2000,313,100,1587,0,1.0,1.0,1.0,8,1.0,False,1.0,False,0.008140040998114273,1.0,False,real,real-qwen2.5-N2000,gt,fixed-100,2000
42,log:H6,The tone of the post is angry or annoyed.,rewrite,1982,534,100,1348,0,1.0,0.993103448275862,0.9965397923875432,290,0.9411764705882353,False,1.0,False,0.0009839580015977845,0.993103448275862,False,real,real-qwen2.5-N2000,gt,fixed-100,2000
43,log:H7,The post is about a computer operating system.,rewrite,2000,1436,100,464,0,1.0,1.0,1.0,119,1.0,False,1.0,False,0.06966391600144561,1.0,False,real,real-qwen2.5-N2000,gt,fixed-100,2000
44,log:H8,The post is a for-sale advertisement.,rewrite,1996,58,100,1838,0,1.0,1.0,1.0,76,0.95,False,1.0,False,0.017273082994506694,1.0,False,real,real-qwen2.5-N2000,gt,fixed-100,2000
45,log:H9,The post discusses encryption algorithms or key management.,rewrite,2000,55,100,1845,0,1.0,1.0,1.0,38,1.0,False,1.0,False,0.005974041996523738,1.0,False,real,real-qwen2.5-N2000,gt,fixed-100,2000
46,log:H10,The post asks a question about computer hardware.,rewrite,2000,1337,100,563,0,1.0,1.0,1.0,159,1.0,False,1.0,False,0.0027967499918304384,1.0,False,real,real-qwen2.5-N2000,gt,fixed-100,2000
0,log:A1,The post asks for technical help with computer hardware.,cold,2000,2000,0,0,0,1.0,1.0,1.0,149,,,,,0.0001386660005664453,1.0,,real,real-qwen2.5-N2000,gt,fixed-400,2000
1,log:A2,The post asks for technical help with a personal computer's hardware.,cold,2000,2000,0,0,0,1.0,1.0,1.0,111,,,,,9.741699614096433e-05,1.0,,real,real-qwen2.5-N2000,gt,fixed-400,2000
2,log:A3,The post is a request for technical assistance concerning computer hardware.,cold,2000,2000,0,0,0,1.0,1.0,1.0,155,,,,,7.516599725931883e-05,1.0,,real,real-qwen2.5-N2000,gt,fixed-400,2000
3,log:A4,The post asks for help with Macintosh hardware.,cold,2000,2000,0,0,0,1.0,1.0,1.0,32,,,,,8.29579948913306e-05,1.0,,real,real-qwen2.5-N2000,gt,fixed-400,2000
4,log:A5,The post describes a hardware problem the author is experiencing.,cold,2000,2000,0,0,0,1.0,1.0,1.0,70,,,,,9.108299855142832e-05,1.0,,real,real-qwen2.5-N2000,gt,fixed-400,2000
5,log:B1,The post offers an item for sale.,rewrite,2000,1809,0,191,0,1.0,1.0,1.0,80,1.0,False,1.0,False,0.0003950829996028915,1.0,False,real,real-qwen2.5-N2000,gt,fixed-400,2000
6,log:B2,The post offers a computer or a computer part for sale.,rewrite,2000,1809,0,191,0,1.0,1.0,1.0,22,1.0,False,1.0,False,0.0005088749894639477,1.0,False,real,real-qwen2.5-N2000,gt,fixed-400,2000
7,log:B3,The post mentions a specific price in dollars.,cold,2000,2000,0,0,0,1.0,1.0,1.0,140,,,,,0.00018979200103785843,1.0,,real,real-qwen2.5-N2000,gt,fixed-400,2000
8,log:B4,The post is an advertisement.,rewrite,2000,1809,0,191,0,1.0,1.0,1.0,87,1.0,False,1.0,False,0.0003789589973166585,1.0,False,real,real-qwen2.5-N2000,gt,fixed-400,2000
9,log:B5,The post is looking to buy something rather than to sell something.,rewrite,2000,1909,0,91,0,1.0,1.0,1.0,56,1.0,False,1.0,False,0.0003099579917034134,1.0,False,real,real-qwen2.5-N2000,gt,fixed-400,2000
10,log:C1,The post discusses a professional sports team.,rewrite,2000,1718,0,282,0,1.0,1.0,1.0,143,1.0,False,1.0,False,0.0004384579951874912,1.0,False,real,real-qwen2.5-N2000,gt,fixed-400,2000
11,log:C2,The post discusses a professional baseball team.,rewrite,1998,140,400,1458,0,1.0,1.0,1.0,69,0.971830985915493,False,1.0,False,0.0015562500047963113,1.0,False,real,real-qwen2.5-N2000,gt,fixed-400,2000
12,log:C3,The post mentions a player's statistics.,rewrite,2000,1718,0,282,0,1.0,1.0,1.0,30,1.0,False,1.0,False,0.0002500409900676459,1.0,False,real,real-qwen2.5-N2000,gt,fixed-400,2000
13,log:C4,The post is about a sporting event that has already taken place.,rewrite,2000,1762,0,238,0,1.0,1.0,1.0,38,1.0,False,1.0,False,0.00019691699708346277,1.0,False,real,real-qwen2.5-N2000,gt,fixed-400,2000
14,log:C5,The post is about sports.,rewrite,2000,1762,0,238,0,1.0,1.0,1.0,188,1.0,False,1.0,False,0.00018775000353343785,1.0,False,real,real-qwen2.5-N2000,gt,fixed-400,2000
15,log:D1,The post argues about politics.,rewrite,1974,1574,400,0,0,1.0,1.0,1.0,200,0.9900990099009901,False,1.0,False,0.0008849169971654192,1.0,False,real,real-qwen2.5-N2000,gt,fixed-400,2000
16,log:D2,The post argues about gun control policy.,rewrite,2000,1621,0,379,0,1.0,1.0,1.0,34,1.0,False,1.0,False,0.0002224589989054948,1.0,False,real,real-qwen2.5-N2000,gt,fixed-400,2000
17,log:D3,The post expresses a religious belief.,rewrite,2000,1628,0,372,0,1.0,1.0,1.0,92,1.0,False,1.0,False,0.00021204100630711764,1.0,False,real,real-qwen2.5-N2000,gt,fixed-400,2000
18,log:D4,The post argues about religion.,rewrite,2000,1628,0,372,0,1.0,1.0,1.0,205,1.0,False,1.0,False,0.00021674999152310193,1.0,False,real,real-qwen2.5-N2000,gt,fixed-400,2000
19,log:D5,The post discusses the Middle East.,rewrite,2000,1628,0,372,0,1.0,1.0,1.0,49,1.0,False,1.0,False,0.00022066700330469757,1.0,False,real,real-qwen2.5-N2000,gt,fixed-400,2000
20,log:D6,The post criticizes a government or a government policy.,rewrite,1969,1569,400,0,0,1.0,1.0,1.0,157,0.98125,False,1.0,False,0.0008699999889358878,1.0,False,real,real-qwen2.5-N2000,gt,fixed-400,2000
21,log:E1,The author of the post is frustrated or angry.,rewrite,2000,1909,0,91,0,1.0,1.0,1.0,552,1.0,False,1.0,False,0.0001857919996837154,1.0,False,real,real-qwen2.5-N2000,gt,fixed-400,2000
22,log:E2,The post contains a question.,cold,2000,2000,0,0,0,1.0,1.0,1.0,799,,,,,0.00013595800555776805,1.0,,real,real-qwen2.5-N2000,gt,fixed-400,2000
23,log:E3,The post quotes another message.,rewrite,2000,1872,0,128,0,1.0,1.0,1.0,198,1.0,False,1.0,False,0.00019808400247711688,1.0,False,real,real-qwen2.5-N2000,gt,fixed-400,2000
24,log:E4,The post uses technical jargon.,rewrite,2000,1652,0,348,0,1.0,1.0,1.0,611,1.0,False,1.0,False,0.00022175000049173832,1.0,False,real,real-qwen2.5-N2000,gt,fixed-400,2000
25,log:E5,The post makes a factual claim that could be checked.,cold,2000,2000,0,0,0,1.0,1.0,1.0,600,,,,,0.00015120899479370564,1.0,,real,real-qwen2.5-N2000,gt,fixed-400,2000
26,log:F1,The post discusses medicine or health.,rewrite,1867,1467,400,0,0,1.0,1.0,1.0,99,0.9611650485436893,False,1.0,False,0.0010939589992631227,1.0,False,real,real-qwen2.5-N2000,gt,fixed-400,2000
27,log:F2,The post discusses a specific disease or medical condition.,rewrite,1931,1531,400,0,0,1.0,1.0,1.0,36,0.9473684210526315,False,1.0,False,0.0009800000116229057,1.0,False,real,real-qwen2.5-N2000,gt,fixed-400,2000
28,log:F3,The post discusses space or astronomy.,rewrite,1783,1383,400,0,0,1.0,1.0,1.0,64,0.9411764705882353,False,1.0,False,0.001186125009553507,1.0,False,real,real-qwen2.5-N2000,gt,fixed-400,2000
29,log:F4,The post discusses cryptography or encryption.,rewrite,1736,1336,400,0,0,1.0,1.0,1.0,55,0.9166666666666666,False,1.0,False,0.001196625002194196,1.0,False,real,real-qwen2.5-N2000,gt,fixed-400,2000
30,log:F5,The post discusses computer security.,rewrite,1736,1336,400,0,0,1.0,1.0,1.0,48,0.9056603773584906,False,1.0,False,0.0011928750027436763,1.0,False,real,real-qwen2.5-N2000,gt,fixed-400,2000
31,log:F6,The post discusses science.,rewrite,1999,1599,400,0,0,1.0,1.0,1.0,175,1.0,False,1.0,False,0.0005831670132465661,1.0,False,real,real-qwen2.5-N2000,gt,fixed-400,2000
32,log:G1,The post mentions an operating system.,rewrite,1671,1271,400,0,0,1.0,0.9942857142857143,0.9971346704871061,175,0.9456521739130435,False,1.0,False,0.0012387090100673959,0.9942857142857143,False,real,real-qwen2.5-N2000,gt,fixed-400,2000
33,log:G2,The post mentions Microsoft Windows.,rewrite,1760,1360,400,0,0,1.0,1.0,1.0,72,0.935064935064935,False,1.0,False,0.0011987089965259656,1.0,False,real,real-qwen2.5-N2000,gt,fixed-400,2000
34,log:G3,The post mentions the X Window System.,rewrite,1996,441,400,1155,0,1.0,1.0,1.0,78,0.9512195121951219,False,1.0,False,0.0019298750121379271,1.0,False,real,real-qwen2.5-N2000,gt,fixed-400,2000
35,log:G4,The post discusses software rather than hardware.,rewrite,1661,1261,400,0,0,1.0,0.9814126394052045,0.9906191369606004,269,0.9565217391304348,False,1.0,False,0.0012555839930428192,0.9814126394052045,False,real,real-qwen2.5-N2000,gt,fixed-400,2000
36,log:G5,The post recommends a product or a service.,rewrite,1747,1347,400,0,0,1.0,1.0,1.0,70,0.9090909090909091,False,1.0,False,0.0012346250005066395,1.0,False,real,real-qwen2.5-N2000,gt,fixed-400,2000
37,log:H1,The post asks for technical help with computer hardware.,exact-hit,0,0,0,0,0,1.0,1.0,1.0,149,,,,,7.167007424868643e-06,1.0,,real,real-qwen2.5-N2000,gt,fixed-400,2000
38,log:H2,The post is selling something.,rewrite,1817,1396,400,21,0,1.0,1.0,1.0,82,0.9318181818181818,False,1.0,False,0.001245750012458302,1.0,False,real,real-qwen2.5-N2000,gt,fixed-400,2000
39,log:H3,The post is about a motor vehicle.,rewrite,1751,1351,400,0,0,1.0,0.993421052631579,0.9966996699669968,152,0.949685534591195,False,1.0,False,0.0012390000047162175,0.993421052631579,False,real,real-qwen2.5-N2000,gt,fixed-400,2000
40,log:H4,The post is about a car or a motorcycle.,rewrite,1997,148,400,1449,0,1.0,0.984375,0.9921259842519685,128,0.9767441860465116,False,1.0,False,0.0008779170020716265,0.984375,False,real,real-qwen2.5-N2000,gt,fixed-400,2000
41,log:H5,The post gives advice about maintaining a vehicle.,rewrite,2000,314,400,1286,0,1.0,1.0,1.0,8,1.0,False,1.0,False,0.0021668749977834523,1.0,False,real,real-qwen2.5-N2000,gt,fixed-400,2000
42,log:H6,The tone of the post is angry or annoyed.,rewrite,934,534,400,0,0,1.0,0.993103448275862,0.9965397923875432,290,0.935064935064935,False,1.0,False,0.0014762909995624796,0.993103448275862,False,real,real-qwen2.5-N2000,gt,fixed-400,2000
43,log:H7,The post is about a computer operating system.,rewrite,1834,1434,400,0,0,1.0,0.9915966386554622,0.9957805907172996,119,0.9672131147540983,False,1.0,False,0.0012445419997675344,0.9915966386554622,False,real,real-qwen2.5-N2000,gt,fixed-400,2000
44,log:H8,The post is a for-sale advertisement.,rewrite,1996,58,400,1538,0,1.0,1.0,1.0,76,0.95,False,1.0,False,0.0008971250063041225,1.0,False,real,real-qwen2.5-N2000,gt,fixed-400,2000
45,log:H9,The post discusses encryption algorithms or key management.,rewrite,2000,55,400,1545,0,1.0,1.0,1.0,38,1.0,False,1.0,False,0.000731167005142197,1.0,False,real,real-qwen2.5-N2000,gt,fixed-400,2000
46,log:H10,The post asks a question about computer hardware.,rewrite,1737,1337,400,0,0,1.0,1.0,1.0,159,0.9695121951219512,False,1.0,False,0.001243082995642908,1.0,False,real,real-qwen2.5-N2000,gt,fixed-400,2000
0,log:A1,The post asks for technical help with computer hardware.,cold,2000,2000,0,0,0,1.0,1.0,1.0,149,,,,,3.89159977203235e-05,1.0,,real,real-qwen2.5-N2000,gt,fixed-1600,2000
1,log:A2,The post asks for technical help with a personal computer's hardware.,cold,2000,2000,0,0,0,1.0,1.0,1.0,111,,,,,3.416699473746121e-05,1.0,,real,real-qwen2.5-N2000,gt,fixed-1600,2000
2,log:A3,The post is a request for technical assistance concerning computer hardware.,cold,2000,2000,0,0,0,1.0,1.0,1.0,155,,,,,3.4500000765547156e-05,1.0,,real,real-qwen2.5-N2000,gt,fixed-1600,2000
3,log:A4,The post asks for help with Macintosh hardware.,cold,2000,2000,0,0,0,1.0,1.0,1.0,32,,,,,3.674998879432678e-05,1.0,,real,real-qwen2.5-N2000,gt,fixed-1600,2000
4,log:A5,The post describes a hardware problem the author is experiencing.,cold,2000,2000,0,0,0,1.0,1.0,1.0,70,,,,,4.041699867229909e-05,1.0,,real,real-qwen2.5-N2000,gt,fixed-1600,2000
5,log:B1,The post offers an item for sale.,rewrite,2000,1809,0,191,0,1.0,1.0,1.0,80,1.0,False,1.0,False,0.00013566699635703117,1.0,False,real,real-qwen2.5-N2000,gt,fixed-1600,2000
6,log:B2,The post offers a computer or a computer part for sale.,rewrite,2000,1809,0,191,0,1.0,1.0,1.0,22,1.0,False,1.0,False,0.00013041700003668666,1.0,False,real,real-qwen2.5-N2000,gt,fixed-1600,2000
7,log:B3,The post mentions a specific price in dollars.,cold,2000,2000,0,0,0,1.0,1.0,1.0,140,,,,,5.9833997511304915e-05,1.0,,real,real-qwen2.5-N2000,gt,fixed-1600,2000
8,log:B4,The post is an advertisement.,rewrite,2000,1809,0,191,0,1.0,1.0,1.0,87,1.0,False,1.0,False,0.00013470799603965133,1.0,False,real,real-qwen2.5-N2000,gt,fixed-1600,2000
9,log:B5,The post is looking to buy something rather than to sell something.,rewrite,2000,1909,0,91,0,1.0,1.0,1.0,56,1.0,False,1.0,False,0.00011537499085534364,1.0,False,real,real-qwen2.5-N2000,gt,fixed-1600,2000
10,log:C1,The post discusses a professional sports team.,rewrite,2000,1718,0,282,0,1.0,1.0,1.0,143,1.0,False,1.0,False,0.00017337499593850225,1.0,False,real,real-qwen2.5-N2000,gt,fixed-1600,2000
11,log:C2,The post discusses a professional baseball team.,rewrite,1740,140,1600,0,0,1.0,0.9855072463768116,0.9927007299270074,69,0.9714285714285714,False,1.0,False,0.001154167010099627,0.9855072463768116,False,real,real-qwen2.5-N2000,gt,fixed-1600,2000
12,log:C3,The post mentions a player's statistics.,rewrite,2000,1718,0,282,0,1.0,1.0,1.0,30,1.0,False,1.0,False,0.00018975000421050936,1.0,False,real,real-qwen2.5-N2000,gt,fixed-1600,2000
13,log:C4,The post is about a sporting event that has already taken place.,rewrite,2000,1762,0,238,0,1.0,1.0,1.0,38,1.0,False,1.0,False,0.00018529199587646872,1.0,False,real,real-qwen2.5-N2000,gt,fixed-1600,2000
14,log:C5,The post is about sports.,rewrite,2000,1762,0,238,0,1.0,1.0,1.0,188,1.0,False,1.0,False,0.00018487501074559987,1.0,False,real,real-qwen2.5-N2000,gt,fixed-1600,2000
15,log:D1,The post argues about politics.,rewrite,2000,1574,0,426,0,1.0,1.0,1.0,200,1.0,False,1.0,False,0.00021454200032167137,1.0,False,real,real-qwen2.5-N2000,gt,fixed-1600,2000
16,log:D2,The post argues about gun control policy.,rewrite,2000,1621,0,379,0,1.0,1.0,1.0,34,1.0,False,1.0,False,0.00020645800395868719,1.0,False,real,real-qwen2.5-N2000,gt,fixed-1600,2000
17,log:D3,The post expresses a religious belief.,rewrite,2000,1628,0,372,0,1.0,1.0,1.0,92,1.0,False,1.0,False,0.00020804199448321015,1.0,False,real,real-qwen2.5-N2000,gt,fixed-1600,2000
18,log:D4,The post argues about religion.,rewrite,2000,1628,0,372,0,1.0,1.0,1.0,205,1.0,False,1.0,False,0.0002086669992422685,1.0,False,real,real-qwen2.5-N2000,gt,fixed-1600,2000
19,log:D5,The post discusses the Middle East.,rewrite,2000,1628,0,372,0,1.0,1.0,1.0,49,1.0,False,1.0,False,0.00022183300461620092,1.0,False,real,real-qwen2.5-N2000,gt,fixed-1600,2000
20,log:D6,The post criticizes a government or a government policy.,rewrite,2000,1569,0,431,0,1.0,1.0,1.0,157,1.0,False,1.0,False,0.0002349580026930198,1.0,False,real,real-qwen2.5-N2000,gt,fixed-1600,2000
21,log:E1,The author of the post is frustrated or angry.,rewrite,2000,1909,0,91,0,1.0,1.0,1.0,552,1.0,False,1.0,False,0.00017370899149682373,1.0,False,real,real-qwen2.5-N2000,gt,fixed-1600,2000
22,log:E2,The post contains a question.,cold,2000,2000,0,0,0,1.0,1.0,1.0,799,,,,,0.00013254099758341908,1.0,,real,real-qwen2.5-N2000,gt,fixed-1600,2000
23,log:E3,The post quotes another message.,rewrite,2000,1872,0,128,0,1.0,1.0,1.0,198,1.0,False,1.0,False,0.00019041600171476603,1.0,False,real,real-qwen2.5-N2000,gt,fixed-1600,2000
24,log:E4,The post uses technical jargon.,rewrite,2000,1652,0,348,0,1.0,1.0,1.0,611,1.0,False,1.0,False,0.00021395800285972655,1.0,False,real,real-qwen2.5-N2000,gt,fixed-1600,2000
25,log:E5,The post makes a factual claim that could be checked.,cold,2000,2000,0,0,0,1.0,1.0,1.0,600,,,,,0.0001479579950682819,1.0,,real,real-qwen2.5-N2000,gt,fixed-1600,2000
26,log:F1,The post discusses medicine or health.,rewrite,2000,1467,0,533,0,1.0,1.0,1.0,99,1.0,False,1.0,False,0.0002701659977901727,1.0,False,real,real-qwen2.5-N2000,gt,fixed-1600,2000
27,log:F2,The post discusses a specific disease or medical condition.,rewrite,2000,1531,0,469,0,1.0,1.0,1.0,36,1.0,False,1.0,False,0.0002619580045575276,1.0,False,real,real-qwen2.5-N2000,gt,fixed-1600,2000
28,log:F3,The post discusses space or astronomy.,rewrite,2000,1384,0,616,0,1.0,1.0,1.0,64,1.0,False,1.0,False,0.0002657910081325099,1.0,False,real,real-qwen2.5-N2000,gt,fixed-1600,2000
29,log:F4,The post discusses cryptography or encryption.,rewrite,2000,1337,0,663,0,1.0,1.0,1.0,55,1.0,False,1.0,False,0.00027562500326894224,1.0,False,real,real-qwen2.5-N2000,gt,fixed-1600,2000
30,log:F5,The post discusses computer security.,rewrite,2000,1337,0,663,0,1.0,1.0,1.0,48,1.0,False,1.0,False,0.00027829200553242117,1.0,False,real,real-qwen2.5-N2000,gt,fixed-1600,2000
31,log:F6,The post discusses science.,rewrite,2000,1599,0,401,0,1.0,1.0,1.0,175,1.0,False,1.0,False,0.0002807499986374751,1.0,False,real,real-qwen2.5-N2000,gt,fixed-1600,2000
32,log:G1,The post mentions an operating system.,rewrite,2000,1272,0,728,0,1.0,1.0,1.0,175,1.0,False,1.0,False,0.0002961670106742531,1.0,False,real,real-qwen2.5-N2000,gt,fixed-1600,2000
33,log:G2,The post mentions Microsoft Windows.,rewrite,2000,1361,0,639,0,1.0,1.0,1.0,72,1.0,False,1.0,False,0.00029395800083875656,1.0,False,real,real-qwen2.5-N2000,gt,fixed-1600,2000
34,log:G3,The post mentions the X Window System.,rewrite,2000,441,0,1559,0,1.0,1.0,1.0,78,1.0,False,1.0,False,0.00032087499857880175,1.0,False,real,real-qwen2.5-N2000,gt,fixed-1600,2000
35,log:G4,The post discusses software rather than hardware.,rewrite,2000,1262,0,738,0,1.0,1.0,1.0,269,1.0,False,1.0,False,0.00032049999572336674,1.0,False,real,real-qwen2.5-N2000,gt,fixed-1600,2000
36,log:G5,The post recommends a product or a service.,rewrite,2000,1348,0,652,0,1.0,1.0,1.0,70,1.0,False,1.0,False,0.0003147919924231246,1.0,False,real,real-qwen2.5-N2000,gt,fixed-1600,2000
37,log:H1,The post asks for technical help with computer hardware.,exact-hit,0,0,0,0,0,1.0,1.0,1.0,149,,,,,4.832996637560427e-06,1.0,,real,real-qwen2.5-N2000,gt,fixed-1600,2000
38,log:H2,The post is selling something.,rewrite,2000,1397,0,603,0,1.0,1.0,1.0,82,1.0,False,1.0,False,0.00034487499215174466,1.0,False,real,real-qwen2.5-N2000,gt,fixed-1600,2000
39,log:H3,The post is about a motor vehicle.,rewrite,2000,1352,0,648,0,1.0,1.0,1.0,152,1.0,False,1.0,False,0.0003205840039299801,1.0,False,real,real-qwen2.5-N2000,gt,fixed-1600,2000
40,log:H4,The post is about a car or a motorcycle.,rewrite,1748,148,1600,0,0,1.0,1.0,1.0,128,0.9696969696969697,False,1.0,False,0.001315292000072077,1.0,False,real,real-qwen2.5-N2000,gt,fixed-1600,2000
41,log:H5,The post gives advice about maintaining a vehicle.,rewrite,2000,313,1600,87,0,1.0,1.0,1.0,8,1.0,False,1.0,False,0.001585041987709701,1.0,False,real,real-qwen2.5-N2000,gt,fixed-1600,2000
42,log:H6,The tone of the post is angry or annoyed.,rewrite,2000,534,0,1466,0,1.0,1.0,1.0,290,1.0,False,1.0,False,0.00035491600283421576,1.0,False,real,real-qwen2.5-N2000,gt,fixed-1600,2000
43,log:H7,The post is about a computer operating system.,rewrite,2000,1435,0,565,0,1.0,1.0,1.0,119,1.0,False,1.0,False,0.0003596250026021153,1.0,False,real,real-qwen2.5-N2000,gt,fixed-1600,2000
44,log:H8,The post is a for-sale advertisement.,rewrite,1678,58,1600,20,0,1.0,1.0,1.0,76,0.9743589743589743,False,1.0,False,0.0013520830107154325,1.0,False,real,real-qwen2.5-N2000,gt,fixed-1600,2000
45,log:H9,The post discusses encryption algorithms or key management.,rewrite,1655,55,1600,0,0,1.0,1.0,1.0,38,0.95,False,1.0,False,0.0012984170025447384,1.0,False,real,real-qwen2.5-N2000,gt,fixed-1600,2000
46,log:H10,The post asks a question about computer hardware.,rewrite,2000,1337,0,663,0,1.0,1.0,1.0,159,1.0,False,1.0,False,0.00038487499114125967,1.0,False,real,real-qwen2.5-N2000,gt,fixed-1600,2000
0,log:A1,The post asks for technical help with computer hardware.,cold,2000,2000,0,0,0,1.0,1.0,1.0,149,,,,,0.00016379100270569324,1.0,,real,real-qwen2.5-N2000,gt,frac-0.02,2000
1,log:A2,The post asks for technical help with a personal computer's hardware.,cold,2000,2000,0,0,0,1.0,1.0,1.0,111,,,,,0.0010051669960375875,1.0,,real,real-qwen2.5-N2000,gt,frac-0.02,2000
2,log:A3,The post is a request for technical assistance concerning computer hardware.,cold,2000,2000,0,0,0,1.0,1.0,1.0,155,,,,,0.00012766700820066035,1.0,,real,real-qwen2.5-N2000,gt,frac-0.02,2000
3,log:A4,The post asks for help with Macintosh hardware.,cold,2000,2000,0,0,0,1.0,1.0,1.0,32,,,,,9.466600022278726e-05,1.0,,real,real-qwen2.5-N2000,gt,frac-0.02,2000
4,log:A5,The post describes a hardware problem the author is experiencing.,cold,2000,2000,0,0,0,1.0,1.0,1.0,70,,,,,9.766699804458767e-05,1.0,,real,real-qwen2.5-N2000,gt,frac-0.02,2000
5,log:B1,The post offers an item for sale.,rewrite,1998,1809,20,169,0,1.0,1.0,1.0,80,0.975609756097561,False,1.0,False,0.0026982499985024333,1.0,False,real,real-qwen2.5-N2000,gt,frac-0.02,2000
6,log:B2,The post offers a computer or a computer part for sale.,rewrite,1998,1809,20,169,0,1.0,1.0,1.0,22,0.9166666666666666,False,1.0,False,0.0024014170048758388,1.0,False,real,real-qwen2.5-N2000,gt,frac-0.02,2000
7,log:B3,The post mentions a specific price in dollars.,cold,2000,2000,0,0,0,1.0,1.0,1.0,140,,,,,0.00017629200010560453,1.0,,real,real-qwen2.5-N2000,gt,frac-0.02,2000
8,log:B4,The post is an advertisement.,rewrite,1998,1809,20,169,0,1.0,1.0,1.0,87,0.9775280898876404,False,1.0,False,0.031206915999064222,1.0,False,real,real-qwen2.5-N2000,gt,frac-0.02,2000
9,log:B5,The post is looking to buy something rather than to sell something.,rewrite,1997,1909,20,68,0,1.0,1.0,1.0,56,0.9491525423728814,False,1.0,False,0.0006367909954860806,1.0,False,real,real-qwen2.5-N2000,gt,frac-0.02,2000
10,log:C1,The post discusses a professional sports team.,rewrite,1994,1718,20,256,0,1.0,1.0,1.0,143,0.959731543624161,False,1.0,False,0.0012583339994307607,1.0,False,real,real-qwen2.5-N2000,gt,frac-0.02,2000
11,log:C2,The post discusses a professional baseball team.,rewrite,1997,140,38,1819,0,1.0,0.9855072463768116,0.9927007299270074,69,0.9577464788732394,False,1.0,False,0.0007294170063687488,0.9855072463768116,False,real,real-qwen2.5-N2000,gt,frac-0.02,2000
12,log:C3,The post mentions a player's statistics.,rewrite,1998,1718,20,260,0,1.0,1.0,1.0,30,0.9375,False,1.0,False,0.001607291997061111,1.0,False,real,real-qwen2.5-N2000,gt,frac-0.02,2000
13,log:C4,The post is about a sporting event that has already taken place.,rewrite,1998,1762,20,216,0,1.0,1.0,1.0,38,0.95,False,1.0,False,0.0018544159975135699,1.0,False,real,real-qwen2.5-N2000,gt,frac-0.02,2000
14,log:C5,The post is about sports.,rewrite,1982,1762,20,200,0,1.0,1.0,1.0,188,0.912621359223301,False,1.0,False,0.0016703750006854534,1.0,False,real,real-qwen2.5-N2000,gt,frac-0.02,2000
15,log:D1,The post argues about politics.,rewrite,1973,1574,20,379,0,1.0,1.0,1.0,200,0.91324200913242,False,1.0,False,0.021022333996370435,1.0,False,real,real-qwen2.5-N2000,gt,frac-0.02,2000
16,log:D2,The post argues about gun control policy.,rewrite,2000,1621,20,359,0,1.0,1.0,1.0,34,1.0,False,1.0,False,0.002153791007003747,1.0,False,real,real-qwen2.5-N2000,gt,frac-0.02,2000
17,log:D3,The post expresses a religious belief.,rewrite,2000,1628,20,352,0,1.0,1.0,1.0,92,1.0,False,1.0,False,0.002108333006617613,1.0,False,real,real-qwen2.5-N2000,gt,frac-0.02,2000
18,log:D4,The post argues about religion.,rewrite,1986,1628,20,338,0,1.0,1.0,1.0,205,0.9360730593607306,False,1.0,False,0.0021389589965110645,1.0,False,real,real-qwen2.5-N2000,gt,frac-0.02,2000
19,log:D5,The post discusses the Middle East.,rewrite,2000,1628,20,352,0,1.0,1.0,1.0,49,1.0,False,1.0,False,0.0019050830014748499,1.0,False,real,real-qwen2.5-N2000,gt,frac-0.02,2000
20,log:D6,The post criticizes a government or a government policy.,rewrite,1987,1569,20,398,0,1.0,1.0,1.0,157,0.9235294117647059,False,1.0,False,0.0022664999996777624,1.0,False,real,real-qwen2.5-N2000,gt,frac-0.02,2000
21,log:E1,The author of the post is frustrated or angry.,rewrite,1929,1909,20,0,0,1.0,1.0,1.0,552,0.9735449735449735,False,1.0,False,0.0008712090057088062,1.0,False,real,real-qwen2.5-N2000,gt,frac-0.02,2000
22,log:E2,The post contains a question.,cold,2000,2000,0,0,0,1.0,1.0,1.0,799,,,,,0.00014408299466595054,1.0,,real,real-qwen2.5-N2000,gt,frac-0.02,2000
23,log:E3,The post quotes another message.,rewrite,1996,1872,20,104,0,1.0,1.0,1.0,198,0.9801980198019802,False,1.0,False,0.0008504159923177212,1.0,False,real,real-qwen2.5-N2000,gt,frac-0.02,2000
24,log:E4,The post uses technical jargon.,rewrite,1861,1652,20,189,0,1.0,0.9983633387888707,0.9991809991809992,611,0.9145427286356822,False,1.0,False,0.0013655829970957711,0.9983633387888707,False,real,real-qwen2.5-N2000,gt,frac-0.02,2000
25,log:E5,The post makes a factual claim that could be checked.,cold,2000,2000,0,0,0,1.0,1.0,1.0,600,,,,,0.00016716700338292867,1.0,,real,real-qwen2.5-N2000,gt,frac-0.02,2000
26,log:F1,The post discusses medicine or health.,rewrite,2000,1467,20,513,0,1.0,1.0,1.0,99,1.0,False,1.0,False,0.0021419999975478277,1.0,False,real,real-qwen2.5-N2000,gt,frac-0.02,2000
27,log:F2,The post discusses a specific disease or medical condition.,rewrite,2000,1531,20,449,0,1.0,1.0,1.0,36,1.0,False,1.0,False,0.0021766669960925356,1.0,False,real,real-qwen2.5-N2000,gt,frac-0.02,2000
28,log:F3,The post discusses space or astronomy.,rewrite,2000,1384,20,596,0,1.0,1.0,1.0,64,1.0,False,1.0,False,0.0021290419972501695,1.0,False,real,real-qwen2.5-N2000,gt,frac-0.02,2000
29,log:F4,The post discusses cryptography or encryption.,rewrite,2000,1337,20,643,0,1.0,1.0,1.0,55,1.0,False,1.0,False,0.002525457995943725,1.0,False,real,real-qwen2.5-N2000,gt,frac-0.02,2000
30,log:F5,The post discusses computer security.,rewrite,2000,1337,20,643,0,1.0,1.0,1.0,48,1.0,False,1.0,False,0.002654584008269012,1.0,False,real,real-qwen2.5-N2000,gt,frac-0.02,2000
31,log:F6,The post discusses science.,rewrite,1981,1599,20,362,0,1.0,1.0,1.0,175,0.9020618556701031,False,1.0,False,0.0021842499991180375,1.0,False,real,real-qwen2.5-N2000,gt,frac-0.02,2000
32,log:G1,The post mentions an operating system.,rewrite,2000,1272,20,708,0,1.0,1.0,1.0,175,1.0,False,1.0,False,0.045279832993401214,1.0,False,real,real-qwen2.5-N2000,gt,frac-0.02,2000
33,log:G2,The post mentions Microsoft Windows.,rewrite,2000,1361,20,619,0,1.0,1.0,1.0,72,1.0,False,1.0,False,0.018328291989746504,1.0,False,real,real-qwen2.5-N2000,gt,frac-0.02,2000
34,log:G3,The post mentions the X Window System.,rewrite,1995,440,32,1523,0,1.0,1.0,1.0,78,0.9397590361445783,False,1.0,False,0.18499341700226068,1.0,False,real,real-qwen2.5-N2000,gt,frac-0.02,2000
35,log:G4,The post discusses software rather than hardware.,rewrite,1981,1262,20,699,0,1.0,0.9962825278810409,0.9981378026070763,269,0.9337979094076655,False,1.0,False,0.0026755830040201545,0.9962825278810409,False,real,real-qwen2.5-N2000,gt,frac-0.02,2000
36,log:G5,The post recommends a product or a service.,rewrite,2000,1348,20,632,0,1.0,1.0,1.0,70,1.0,False,1.0,False,0.0027236250025453046,1.0,False,real,real-qwen2.5-N2000,gt,frac-0.02,2000
37,log:H1,The post asks for technical help with computer hardware.,exact-hit,0,0,0,0,0,1.0,1.0,1.0,149,,,,,8.457995136268437e-06,1.0,,real,real-qwen2.5-N2000,gt,frac-0.02,2000
38,log:H2,The post is selling something.,rewrite,1999,1397,40,562,0,1.0,1.0,1.0,82,1.0,False,0.9878048780487805,False,0.06182270900171716,1.0,False,real,real-qwen2.5-N2000,gt,frac-0.02,2000
39,log:H3,The post is about a motor vehicle.,rewrite,2000,1352,20,628,0,1.0,1.0,1.0,152,1.0,False,1.0,False,0.0023811250139260665,1.0,False,real,real-qwen2.5-N2000,gt,frac-0.02,2000
40,log:H4,The post is about a car or a motorcycle.,rewrite,1996,148,38,1810,0,1.0,0.984375,0.9921259842519685,128,0.9692307692307692,False,1.0,False,0.0008915830112528056,0.984375,False,real,real-qwen2.5-N2000,gt,frac-0.02,2000
41,log:H5,The post gives advice about maintaining a vehicle.,rewrite,2000,312,34,1654,0,1.0,1.0,1.0,8,1.0,False,1.0,False,0.0018147500086342916,1.0,False,real,real-qwen2.5-N2000,gt,frac-0.02,2000
42,log:H6,The tone of the post is angry or annoyed.,rewrite,1982,534,30,1418,0,1.0,0.993103448275862,0.9965397923875432,290,0.9411764705882353,False,1.0,False,0.0008698750025359914,0.993103448275862,False,real,real-qwen2.5-N2000,gt,frac-0.02,2000
43,log:H7,The post is about a computer operating system.,rewrite,2000,1435,20,545,0,1.0,1.0,1.0,119,1.0,False,1.0,False,0.0360696249990724,1.0,False,real,real-qwen2.5-N2000,gt,frac-0.02,2000
44,log:H8,The post is a for-sale advertisement.,rewrite,1996,58,39,1899,0,1.0,1.0,1.0,76,0.95,False,1.0,False,0.0010365839989390224,1.0,False,real,real-qwen2.5-N2000,gt,frac-0.02,2000
45,log:H9,The post discusses encryption algorithms or key management.,rewrite,2000,55,39,1906,0,1.0,1.0,1.0,38,1.0,False,1.0,False,0.0017004580004140735,1.0,False,real,real-qwen2.5-N2000,gt,frac-0.02,2000
46,log:H10,The post asks a question about computer hardware.,rewrite,2000,1337,20,643,0,1.0,1.0,1.0,159,1.0,False,1.0,False,0.0021707079868065193,1.0,False,real,real-qwen2.5-N2000,gt,frac-0.02,2000
0,log:A1,The post asks for technical help with computer hardware.,cold,2000,2000,0,0,0,1.0,1.0,1.0,149,,,,,5.237500590737909e-05,1.0,,real,real-qwen2.5-N2000,gt,frac-0.05,2000
1,log:A2,The post asks for technical help with a personal computer's hardware.,cold,2000,2000,0,0,0,1.0,1.0,1.0,111,,,,,3.8291997043415904e-05,1.0,,real,real-qwen2.5-N2000,gt,frac-0.05,2000
2,log:A3,The post is a request for technical assistance concerning computer hardware.,cold,2000,2000,0,0,0,1.0,1.0,1.0,155,,,,,3.579199255909771e-05,1.0,,real,real-qwen2.5-N2000,gt,frac-0.05,2000
3,log:A4,The post asks for help with Macintosh hardware.,cold,2000,2000,0,0,0,1.0,1.0,1.0,32,,,,,3.749999450519681e-05,1.0,,real,real-qwen2.5-N2000,gt,frac-0.05,2000
4,log:A5,The post describes a hardware problem the author is experiencing.,cold,2000,2000,0,0,0,1.0,1.0,1.0,70,,,,,4.2041996493935585e-05,1.0,,real,real-qwen2.5-N2000,gt,frac-0.05,2000
5,log:B1,The post offers an item for sale.,rewrite,1998,1809,20,169,0,1.0,1.0,1.0,80,0.975609756097561,False,1.0,False,0.0011972909996984527,1.0,False,real,real-qwen2.5-N2000,gt,frac-0.05,2000
6,log:B2,The post offers a computer or a computer part for sale.,rewrite,1998,1809,20,169,0,1.0,1.0,1.0,22,0.9166666666666666,False,1.0,False,0.003770042007090524,1.0,False,real,real-qwen2.5-N2000,gt,frac-0.05,2000
7,log:B3,The post mentions a specific price in dollars.,cold,2000,2000,0,0,0,1.0,1.0,1.0,140,,,,,0.00023091699404176325,1.0,,real,real-qwen2.5-N2000,gt,frac-0.05,2000
8,log:B4,The post is an advertisement.,rewrite,1998,1809,20,169,0,1.0,1.0,1.0,87,0.9775280898876404,False,1.0,False,0.0527479169977596,1.0,False,real,real-qwen2.5-N2000,gt,frac-0.05,2000
9,log:B5,The post is looking to buy something rather than to sell something.,rewrite,1997,1909,20,68,0,1.0,1.0,1.0,56,0.9491525423728814,False,1.0,False,0.0008817080088192597,1.0,False,real,real-qwen2.5-N2000,gt,frac-0.05,2000
10,log:C1,The post discusses a professional sports team.,rewrite,1994,1718,20,256,0,1.0,1.0,1.0,143,0.959731543624161,False,1.0,False,0.0030418749956879765,1.0,False,real,real-qwen2.5-N2000,gt,frac-0.05,2000
11,log:C2,The post discusses a professional baseball team.,rewrite,1997,140,93,1764,0,1.0,0.9855072463768116,0.9927007299270074,69,0.9577464788732394,False,1.0,False,0.014285124998423271,0.9855072463768116,False,real,real-qwen2.5-N2000,gt,frac-0.05,2000
12,log:C3,The post mentions a player's statistics.,rewrite,1998,1718,20,260,0,1.0,1.0,1.0,30,0.9375,False,1.0,False,0.0016712499927962199,1.0,False,real,real-qwen2.5-N2000,gt,frac-0.05,2000
13,log:C4,The post is about a sporting event that has already taken place.,rewrite,1998,1762,20,216,0,1.0,1.0,1.0,38,0.95,False,1.0,False,0.0018575420108390972,1.0,False,real,real-qwen2.5-N2000,gt,frac-0.05,2000
14,log:C5,The post is about sports.,rewrite,1968,1762,20,186,0,1.0,1.0,1.0,188,0.9038461538461539,False,1.0,False,0.001921125003718771,1.0,False,real,real-qwen2.5-N2000,gt,frac-0.05,2000
15,log:D1,The post argues about politics.,rewrite,1985,1574,22,389,0,1.0,1.0,1.0,200,0.9302325581395349,False,1.0,False,0.0019656249933177605,1.0,False,real,real-qwen2.5-N2000,gt,frac-0.05,2000
16,log:D2,The post argues about gun control policy.,rewrite,2000,1621,20,359,0,1.0,1.0,1.0,34,1.0,False,1.0,False,0.0019849579985020682,1.0,False,real,real-qwen2.5-N2000,gt,frac-0.05,2000
17,log:D3,The post expresses a religious belief.,rewrite,2000,1628,20,352,0,1.0,1.0,1.0,92,1.0,False,1.0,False,0.0016128749994095415,1.0,False,real,real-qwen2.5-N2000,gt,frac-0.05,2000
18,log:D4,The post argues about religion.,rewrite,1974,1628,20,326,0,1.0,1.0,1.0,205,0.9276018099547512,False,1.0,False,0.0024225840024882928,1.0,False,real,real-qwen2.5-N2000,gt,frac-0.05,2000
19,log:D5,The post discusses the Middle East.,rewrite,2000,1628,20,352,0,1.0,1.0,1.0,49,1.0,False,1.0,False,0.0017624579922994599,1.0,False,real,real-qwen2.5-N2000,gt,frac-0.05,2000
20,log:D6,The post criticizes a government or a government policy.,rewrite,1987,1569,22,396,0,1.0,1.0,1.0,157,0.9235294117647059,False,1.0,False,0.027288541008601896,1.0,False,real,real-qwen2.5-N2000,gt,frac-0.05,2000
21,log:E1,The author of the post is frustrated or angry.,rewrite,1929,1909,20,0,0,1.0,1.0,1.0,552,0.9735449735449735,False,1.0,False,0.0009547920053591952,1.0,False,real,real-qwen2.5-N2000,gt,frac-0.05,2000
22,log:E2,The post contains a question.,cold,2000,2000,0,0,0,1.0,1.0,1.0,799,,,,,0.00014341699716169387,1.0,,real,real-qwen2.5-N2000,gt,frac-0.05,2000
23,log:E3,The post quotes another message.,rewrite,1967,1872,20,75,0,1.0,1.0,1.0,198,0.9295774647887324,False,1.0,False,0.0011578749981708825,1.0,False,real,real-qwen2.5-N2000,gt,frac-0.05,2000
24,log:E4,The post uses technical jargon.,rewrite,1863,1652,20,191,0,1.0,0.9983633387888707,0.9991809991809992,611,0.9270516717325228,False,1.0,False,0.0012936670100316405,0.9983633387888707,False,real,real-qwen2.5-N2000,gt,frac-0.05,2000
25,log:E5,The post makes a factual claim that could be checked.,cold,2000,2000,0,0,0,1.0,1.0,1.0,600,,,,,0.00016583300021011382,1.0,,real,real-qwen2.5-N2000,gt,frac-0.05,2000
26,log:F1,The post discusses medicine or health.,rewrite,2000,1467,27,506,0,1.0,1.0,1.0,99,1.0,False,1.0,False,0.0022428749944083393,1.0,False,real,real-qwen2.5-N2000,gt,frac-0.05,2000
27,log:F2,The post discusses a specific disease or medical condition.,rewrite,2000,1531,24,445,0,1.0,1.0,1.0,36,1.0,False,1.0,False,0.0019163750112056732,1.0,False,real,real-qwen2.5-N2000,gt,frac-0.05,2000
28,log:F3,The post discusses space or astronomy.,rewrite,2000,1384,31,585,0,1.0,1.0,1.0,64,1.0,False,1.0,False,0.0023876669874880463,1.0,False,real,real-qwen2.5-N2000,gt,frac-0.05,2000
29,log:F4,The post discusses cryptography or encryption.,rewrite,2000,1337,34,629,0,1.0,1.0,1.0,55,1.0,False,1.0,False,0.0027489159983815625,1.0,False,real,real-qwen2.5-N2000,gt,frac-0.05,2000
30,log:F5,The post discusses computer security.,rewrite,2000,1337,34,629,0,1.0,1.0,1.0,48,1.0,False,1.0,False,0.011165709001943469,1.0,False,real,real-qwen2.5-N2000,gt,frac-0.05,2000
31,log:F6,The post discusses science.,rewrite,1981,1599,21,361,0,1.0,1.0,1.0,175,0.9020618556701031,False,1.0,False,0.004798082998604514,1.0,False,real,real-qwen2.5-N2000,gt,frac-0.05,2000
32,log:G1,The post mentions an operating system.,rewrite,2000,1272,37,691,0,1.0,1.0,1.0,175,1.0,False,1.0,False,0.006500292001874186,1.0,False,real,real-qwen2.5-N2000,gt,frac-0.05,2000
33,log:G2,The post mentions Microsoft Windows.,rewrite,2000,1361,32,607,0,1.0,1.0,1.0,72,1.0,False,1.0,False,0.01730387499264907,1.0,False,real,real-qwen2.5-N2000,gt,frac-0.05,2000
34,log:G3,The post mentions the X Window System.,rewrite,1995,440,78,1477,0,1.0,1.0,1.0,78,0.9397590361445783,False,1.0,False,0.030915750001440756,1.0,False,real,real-qwen2.5-N2000,gt,frac-0.05,2000
35,log:G4,The post discusses software rather than hardware.,rewrite,1981,1262,37,682,0,1.0,0.9962825278810409,0.9981378026070763,269,0.9337979094076655,False,1.0,False,0.002557708998210728,0.9962825278810409,False,real,real-qwen2.5-N2000,gt,frac-0.05,2000
36,log:G5,The post recommends a product or a service.,rewrite,2000,1348,33,619,0,1.0,1.0,1.0,70,1.0,False,1.0,False,0.07598387499456294,1.0,False,real,real-qwen2.5-N2000,gt,frac-0.05,2000
37,log:H1,The post asks for technical help with computer hardware.,exact-hit,0,0,0,0,0,1.0,1.0,1.0,149,,,,,9.29099041968584e-06,1.0,,real,real-qwen2.5-N2000,gt,frac-0.05,2000
38,log:H2,The post is selling something.,rewrite,1999,1397,50,552,0,1.0,1.0,1.0,82,1.0,False,0.9878048780487805,False,0.0026331669942010194,1.0,False,real,real-qwen2.5-N2000,gt,frac-0.05,2000
39,log:H3,The post is about a motor vehicle.,rewrite,2000,1352,33,615,0,1.0,1.0,1.0,152,1.0,False,1.0,False,0.002510541002266109,1.0,False,real,real-qwen2.5-N2000,gt,frac-0.05,2000
40,log:H4,The post is about a car or a motorcycle.,rewrite,1996,148,93,1755,0,1.0,0.984375,0.9921259842519685,128,0.9692307692307692,False,1.0,False,0.0008737089956412092,0.984375,False,real,real-qwen2.5-N2000,gt,frac-0.05,2000
41,log:H5,The post gives advice about maintaining a vehicle.,rewrite,2000,312,85,1603,0,1.0,1.0,1.0,8,1.0,False,1.0,False,0.0021794579952256754,1.0,False,real,real-qwen2.5-N2000,gt,frac-0.05,2000
42,log:H6,The tone of the post is angry or annoyed.,rewrite,1982,534,74,1374,0,1.0,0.993103448275862,0.9965397923875432,290,0.9411764705882353,False,1.0,False,0.014604500000132248,0.993103448275862,False,real,real-qwen2.5-N2000,gt,frac-0.05,2000
43,log:H7,The post is about a computer operating system.,rewrite,2000,1435,29,536,0,1.0,1.0,1.0,119,1.0,False,1.0,False,0.02563629198994022,1.0,False,real,real-qwen2.5-N2000,gt,frac-0.05,2000
44,log:H8,The post is a for-sale advertisement.,rewrite,1996,58,97,1841,0,1.0,1.0,1.0,76,0.95,False,1.0,False,0.0009565829968778417,1.0,False,real,real-qwen2.5-N2000,gt,frac-0.05,2000
45,log:H9,The post discusses encryption algorithms or key management.,rewrite,2000,55,98,1847,0,1.0,1.0,1.0,38,1.0,False,1.0,False,0.0007670420018257573,1.0,False,real,real-qwen2.5-N2000,gt,frac-0.05,2000
46,log:H10,The post asks a question about computer hardware.,rewrite,2000,1337,34,629,0,1.0,1.0,1.0,159,1.0,False,1.0,False,0.0026411250000819564,1.0,False,real,real-qwen2.5-N2000,gt,frac-0.05,2000
0,log:A1,The post asks for technical help with computer hardware.,cold,2000,2000,0,0,0,1.0,1.0,1.0,149,,,,,4.416699812281877e-05,1.0,,real,real-qwen2.5-N2000,gt,frac-0.10,2000
1,log:A2,The post asks for technical help with a personal computer's hardware.,cold,2000,2000,0,0,0,1.0,1.0,1.0,111,,,,,3.6833007470704615e-05,1.0,,real,real-qwen2.5-N2000,gt,frac-0.10,2000
2,log:A3,The post is a request for technical assistance concerning computer hardware.,cold,2000,2000,0,0,0,1.0,1.0,1.0,155,,,,,3.504200140014291e-05,1.0,,real,real-qwen2.5-N2000,gt,frac-0.10,2000
3,log:A4,The post asks for help with Macintosh hardware.,cold,2000,2000,0,0,0,1.0,1.0,1.0,32,,,,,3.825000021606684e-05,1.0,,real,real-qwen2.5-N2000,gt,frac-0.10,2000
4,log:A5,The post describes a hardware problem the author is experiencing.,cold,2000,2000,0,0,0,1.0,1.0,1.0,70,,,,,4.15419926866889e-05,1.0,,real,real-qwen2.5-N2000,gt,frac-0.10,2000
5,log:B1,The post offers an item for sale.,rewrite,1998,1809,20,169,0,1.0,1.0,1.0,80,0.975609756097561,False,1.0,False,0.0011588330089580268,1.0,False,real,real-qwen2.5-N2000,gt,frac-0.10,2000
6,log:B2,The post offers a computer or a computer part for sale.,rewrite,1998,1809,20,169,0,1.0,1.0,1.0,22,0.9166666666666666,False,1.0,False,0.0010377500002505258,1.0,False,real,real-qwen2.5-N2000,gt,frac-0.10,2000
7,log:B3,The post mentions a specific price in dollars.,cold,2000,2000,0,0,0,1.0,1.0,1.0,140,,,,,6.500000017695129e-05,1.0,,real,real-qwen2.5-N2000,gt,frac-0.10,2000
8,log:B4,The post is an advertisement.,rewrite,1998,1809,20,169,0,1.0,1.0,1.0,87,0.9775280898876404,False,1.0,False,0.0010555830085650086,1.0,False,real,real-qwen2.5-N2000,gt,frac-0.10,2000
9,log:B5,The post is looking to buy something rather than to sell something.,rewrite,1997,1909,20,68,0,1.0,1.0,1.0,56,0.9491525423728814,False,1.0,False,0.0005290830013109371,1.0,False,real,real-qwen2.5-N2000,gt,frac-0.10,2000
10,log:C1,The post discusses a professional sports team.,rewrite,1994,1718,29,247,0,1.0,1.0,1.0,143,0.959731543624161,False,1.0,False,0.0013714170054299757,1.0,False,real,real-qwen2.5-N2000,gt,frac-0.10,2000
11,log:C2,The post discusses a professional baseball team.,rewrite,1997,140,186,1671,0,1.0,0.9855072463768116,0.9927007299270074,69,0.9577464788732394,False,1.0,False,0.0007186250004451722,0.9855072463768116,False,real,real-qwen2.5-N2000,gt,frac-0.10,2000
12,log:C3,The post mentions a player's statistics.,rewrite,1998,1718,29,251,0,1.0,1.0,1.0,30,0.9375,False,1.0,False,0.001542166995932348,1.0,False,real,real-qwen2.5-N2000,gt,frac-0.10,2000
13,log:C4,The post is about a sporting event that has already taken place.,rewrite,1998,1762,24,212,0,1.0,1.0,1.0,38,0.95,False,1.0,False,0.0017062910046661273,1.0,False,real,real-qwen2.5-N2000,gt,frac-0.10,2000
14,log:C5,The post is about sports.,rewrite,1983,1762,24,197,0,1.0,1.0,1.0,188,0.9215686274509803,False,1.0,False,0.001966666997759603,1.0,False,real,real-qwen2.5-N2000,gt,frac-0.10,2000
15,log:D1,The post argues about politics.,rewrite,1985,1574,43,368,0,1.0,1.0,1.0,200,0.9302325581395349,False,1.0,False,0.0020565830054692924,1.0,False,real,real-qwen2.5-N2000,gt,frac-0.10,2000
16,log:D2,The post argues about gun control policy.,rewrite,2000,1621,38,341,0,1.0,1.0,1.0,34,1.0,False,1.0,False,0.0020859579963143915,1.0,False,real,real-qwen2.5-N2000,gt,frac-0.10,2000
17,log:D3,The post expresses a religious belief.,rewrite,2000,1628,38,334,0,1.0,1.0,1.0,92,1.0,False,1.0,False,0.0020733749988721684,1.0,False,real,real-qwen2.5-N2000,gt,frac-0.10,2000
18,log:D4,The post argues about religion.,rewrite,1985,1628,38,319,0,1.0,1.0,1.0,205,0.9318181818181818,False,1.0,False,0.0018242920050397515,1.0,False,real,real-qwen2.5-N2000,gt,frac-0.10,2000
19,log:D5,The post discusses the Middle East.,rewrite,2000,1628,38,334,0,1.0,1.0,1.0,49,1.0,False,1.0,False,0.002071333001367748,1.0,False,real,real-qwen2.5-N2000,gt,frac-0.10,2000
20,log:D6,The post criticizes a government or a government policy.,rewrite,1987,1569,44,374,0,1.0,1.0,1.0,157,0.9235294117647059,False,1.0,False,0.002229709003586322,1.0,False,real,real-qwen2.5-N2000,gt,frac-0.10,2000
21,log:E1,The author of the post is frustrated or angry.,rewrite,1929,1909,20,0,0,1.0,1.0,1.0,552,0.9735449735449735,False,1.0,False,0.06212458299705759,1.0,False,real,real-qwen2.5-N2000,gt,frac-0.10,2000
22,log:E2,The post contains a question.,cold,2000,2000,0,0,0,1.0,1.0,1.0,799,,,,,0.00020162500732112676,1.0,,real,real-qwen2.5-N2000,gt,frac-0.10,2000
23,log:E3,The post quotes another message.,rewrite,1966,1872,20,74,0,1.0,1.0,1.0,198,0.9209302325581395,False,1.0,False,0.0012062499881722033,1.0,False,real,real-qwen2.5-N2000,gt,frac-0.10,2000
24,log:E4,The post uses technical jargon.,rewrite,1687,1652,35,0,0,1.0,0.9918166939443536,0.9958915365653246,611,0.9380804953560371,False,1.0,False,0.001140041000326164,0.9918166939443536,False,real,real-qwen2.5-N2000,gt,frac-0.10,2000
25,log:E5,The post makes a factual claim that could be checked.,cold,2000,2000,0,0,0,1.0,1.0,1.0,600,,,,,0.00017929098976310343,1.0,,real,real-qwen2.5-N2000,gt,frac-0.10,2000
26,log:F1,The post discusses medicine or health.,rewrite,2000,1467,54,479,0,1.0,1.0,1.0,99,1.0,False,1.0,False,0.0023495409986935556,1.0,False,real,real-qwen2.5-N2000,gt,frac-0.10,2000
27,log:F2,The post discusses a specific disease or medical condition.,rewrite,2000,1531,47,422,0,1.0,1.0,1.0,36,1.0,False,1.0,False,0.0022850000095786527,1.0,False,real,real-qwen2.5-N2000,gt,frac-0.10,2000
28,log:F3,The post discusses space or astronomy.,rewrite,2000,1384,62,554,0,1.0,1.0,1.0,64,1.0,False,1.0,False,0.002417083000182174,1.0,False,real,real-qwen2.5-N2000,gt,frac-0.10,2000
29,log:F4,The post discusses cryptography or encryption.,rewrite,2000,1337,67,596,0,1.0,1.0,1.0,55,1.0,False,1.0,False,0.002626792003866285,1.0,False,real,real-qwen2.5-N2000,gt,frac-0.10,2000
30,log:F5,The post discusses computer security.,rewrite,2000,1337,67,596,0,1.0,1.0,1.0,48,1.0,False,1.0,False,0.0026497090002521873,1.0,False,real,real-qwen2.5-N2000,gt,frac-0.10,2000
31,log:F6,The post discusses science.,rewrite,1984,1599,41,344,0,1.0,1.0,1.0,175,0.9308510638297872,False,1.0,False,0.002531584003008902,1.0,False,real,real-qwen2.5-N2000,gt,frac-0.10,2000
32,log:G1,The post mentions an operating system.,rewrite,1972,1272,73,627,0,1.0,1.0,1.0,175,0.9067357512953368,False,1.0,False,0.00305633399693761,1.0,False,real,real-qwen2.5-N2000,gt,frac-0.10,2000
33,log:G2,The post mentions Microsoft Windows.,rewrite,2000,1361,64,575,0,1.0,1.0,1.0,72,1.0,False,1.0,False,0.0026782909990288317,1.0,False,real,real-qwen2.5-N2000,gt,frac-0.10,2000
34,log:G3,The post mentions the X Window System.,rewrite,1997,440,156,1401,0,1.0,1.0,1.0,78,0.9629629629629629,False,1.0,False,0.001959792003617622,1.0,False,real,real-qwen2.5-N2000,gt,frac-0.10,2000
35,log:G4,The post discusses software rather than hardware.,rewrite,1928,1262,74,592,0,1.0,0.9962825278810409,0.9981378026070763,269,0.9178082191780822,False,1.0,False,0.002628583009936847,0.9962825278810409,False,real,real-qwen2.5-N2000,gt,frac-0.10,2000
36,log:G5,The post recommends a product or a service.,rewrite,2000,1348,66,586,0,1.0,1.0,1.0,70,1.0,False,1.0,False,0.002647374989464879,1.0,False,real,real-qwen2.5-N2000,gt,frac-0.10,2000
37,log:H1,The post asks for technical help with computer hardware.,exact-hit,0,0,0,0,0,1.0,1.0,1.0,149,,,,,6.95799826644361e-06,1.0,,real,real-qwen2.5-N2000,gt,frac-0.10,2000
38,log:H2,The post is selling something.,rewrite,1999,1397,79,523,0,1.0,1.0,1.0,82,1.0,False,0.9878048780487805,False,0.002621999999973923,1.0,False,real,real-qwen2.5-N2000,gt,frac-0.10,2000
39,log:H3,The post is about a motor vehicle.,rewrite,2000,1352,65,583,0,1.0,1.0,1.0,152,1.0,False,1.0,False,0.0026282079925294966,1.0,False,real,real-qwen2.5-N2000,gt,frac-0.10,2000
40,log:H4,The post is about a car or a motorcycle.,rewrite,1996,148,186,1662,0,1.0,0.984375,0.9921259842519685,128,0.9692307692307692,False,1.0,False,0.0008569589990656823,0.984375,False,real,real-qwen2.5-N2000,gt,frac-0.10,2000
41,log:H5,The post gives advice about maintaining a vehicle.,rewrite,2000,312,169,1519,0,1.0,1.0,1.0,8,1.0,False,1.0,False,0.0018520829908084124,1.0,False,real,real-qwen2.5-N2000,gt,frac-0.10,2000
42,log:H6,The tone of the post is angry or annoyed.,rewrite,1985,534,147,1304,0,1.0,0.993103448275862,0.9965397923875432,290,0.9568106312292359,False,1.0,False,0.0012520419986685738,0.993103448275862,False,real,real-qwen2.5-N2000,gt,frac-0.10,2000
43,log:H7,The post is about a computer operating system.,rewrite,2000,1435,57,508,0,1.0,1.0,1.0,119,1.0,False,1.0,False,0.0023673339892411605,1.0,False,real,real-qwen2.5-N2000,gt,frac-0.10,2000
44,log:H8,The post is a for-sale advertisement.,rewrite,1997,58,193,1746,0,1.0,1.0,1.0,76,0.9620253164556962,False,1.0,False,0.000989832988125272,1.0,False,real,real-qwen2.5-N2000,gt,frac-0.10,2000
45,log:H9,The post discusses encryption algorithms or key management.,rewrite,2000,55,195,1750,0,1.0,1.0,1.0,38,1.0,False,1.0,False,0.0007433340069837868,1.0,False,real,real-qwen2.5-N2000,gt,frac-0.10,2000
46,log:H10,The post asks a question about computer hardware.,rewrite,2000,1337,67,596,0,1.0,1.0,1.0,159,1.0,False,1.0,False,0.0025510830018902197,1.0,False,real,real-qwen2.5-N2000,gt,frac-0.10,2000
0,log:A1,The post asks for technical help with computer hardware.,cold,2000,2000,0,0,0,1.0,1.0,1.0,149,,,,,3.804100560955703e-05,1.0,,real,real-qwen2.5-N2000,gt,recall-only,2000
1,log:A2,The post asks for technical help with a personal computer's hardware.,cold,2000,2000,0,0,0,1.0,1.0,1.0,111,,,,,3.416699473746121e-05,1.0,,real,real-qwen2.5-N2000,gt,recall-only,2000
2,log:A3,The post is a request for technical assistance concerning computer hardware.,cold,2000,2000,0,0,0,1.0,1.0,1.0,155,,,,,3.541700425557792e-05,1.0,,real,real-qwen2.5-N2000,gt,recall-only,2000
3,log:A4,The post asks for help with Macintosh hardware.,cold,2000,2000,0,0,0,1.0,1.0,1.0,32,,,,,4.212500061839819e-05,1.0,,real,real-qwen2.5-N2000,gt,recall-only,2000
4,log:A5,The post describes a hardware problem the author is experiencing.,cold,2000,2000,0,0,0,1.0,1.0,1.0,70,,,,,4.229099431540817e-05,1.0,,real,real-qwen2.5-N2000,gt,recall-only,2000
5,log:B1,The post offers an item for sale.,rewrite,1936,1809,127,0,0,1.0,1.0,1.0,80,0.9523809523809523,False,,,0.0008579580025980249,1.0,False,real,real-qwen2.5-N2000,gt,recall-only,2000
6,log:B2,The post offers a computer or a computer part for sale.,rewrite,2000,1809,0,191,0,1.0,1.0,1.0,22,1.0,False,,,0.00014341699716169387,1.0,False,real,real-qwen2.5-N2000,gt,recall-only,2000
7,log:B3,The post mentions a specific price in dollars.,cold,2000,2000,0,0,0,1.0,1.0,1.0,140,,,,,6.079100421629846e-05,1.0,,real,real-qwen2.5-N2000,gt,recall-only,2000
8,log:B4,The post is an advertisement.,rewrite,1925,1809,116,0,0,1.0,1.0,1.0,87,0.9456521739130435,False,,,0.09065924999595154,1.0,False,real,real-qwen2.5-N2000,gt,recall-only,2000
9,log:B5,The post is looking to buy something rather than to sell something.,rewrite,1982,1909,73,0,0,1.0,1.0,1.0,56,0.9655172413793104,False,,,0.0008007080032257363,1.0,False,real,real-qwen2.5-N2000,gt,recall-only,2000
10,log:C1,The post discusses a professional sports team.,rewrite,1829,1718,111,0,0,1.0,1.0,1.0,143,0.9407894736842105,False,,,0.0010812920081662014,1.0,False,real,real-qwen2.5-N2000,gt,recall-only,2000
11,log:C2,The post discusses a professional baseball team.,rewrite,1417,140,1277,0,0,1.0,0.9855072463768116,0.9927007299270074,69,0.9444444444444444,False,,,0.0012414999946486205,0.9855072463768116,False,real,real-qwen2.5-N2000,gt,recall-only,2000
12,log:C3,The post mentions a player's statistics.,rewrite,2000,1718,0,282,0,1.0,1.0,1.0,30,1.0,False,,,0.00019995900220237672,1.0,False,real,real-qwen2.5-N2000,gt,recall-only,2000
13,log:C4,The post is about a sporting event that has already taken place.,rewrite,2000,1762,0,238,0,1.0,1.0,1.0,38,1.0,False,,,0.00019591700402088463,1.0,False,real,real-qwen2.5-N2000,gt,recall-only,2000
14,log:C5,The post is about sports.,rewrite,1832,1762,70,0,0,1.0,1.0,1.0,188,0.9306930693069307,False,,,0.0010405409993836656,1.0,False,real,real-qwen2.5-N2000,gt,recall-only,2000
15,log:D1,The post argues about politics.,rewrite,1698,1574,124,0,0,1.0,0.99,0.9949748743718593,200,0.9339622641509434,False,,,0.0010756660049082711,0.99,False,real,real-qwen2.5-N2000,gt,recall-only,2000
16,log:D2,The post argues about gun control policy.,rewrite,2000,1621,0,379,0,1.0,1.0,1.0,34,1.0,False,,,0.00022329200874082744,1.0,False,real,real-qwen2.5-N2000,gt,recall-only,2000
17,log:D3,The post expresses a religious belief.,rewrite,1862,1628,234,0,0,1.0,1.0,1.0,92,0.9484536082474226,False,,,0.000990000000456348,1.0,False,real,real-qwen2.5-N2000,gt,recall-only,2000
18,log:D4,The post argues about religion.,rewrite,1732,1628,104,0,0,1.0,1.0,1.0,205,0.9318181818181818,False,,,0.0010729579953476787,1.0,False,real,real-qwen2.5-N2000,gt,recall-only,2000
19,log:D5,The post discusses the Middle East.,rewrite,2000,1628,0,372,0,1.0,1.0,1.0,49,1.0,False,,,0.0002279170003021136,1.0,False,real,real-qwen2.5-N2000,gt,recall-only,2000
20,log:D6,The post criticizes a government or a government policy.,rewrite,1730,1569,161,0,0,1.0,0.9872611464968153,0.9935897435897436,157,0.9171597633136095,False,,,0.0011015000054612756,0.9872611464968153,False,real,real-qwen2.5-N2000,gt,recall-only,2000
21,log:E1,The author of the post is frustrated or angry.,rewrite,1929,1909,20,0,0,1.0,1.0,1.0,552,0.9735449735449735,False,,,0.0008505419973516837,1.0,False,real,real-qwen2.5-N2000,gt,recall-only,2000
22,log:E2,The post contains a question.,cold,2000,2000,0,0,0,1.0,1.0,1.0,799,,,,,0.00013912499707657844,1.0,,real,real-qwen2.5-N2000,gt,recall-only,2000
23,log:E3,The post quotes another message.,rewrite,1902,1872,30,0,0,1.0,0.9949494949494949,0.9974683544303797,198,0.9292452830188679,False,,,0.000862000000779517,0.9949494949494949,False,real,real-qwen2.5-N2000,gt,recall-only,2000
24,log:E4,The post uses technical jargon.,rewrite,1861,1652,28,181,0,1.0,0.9983633387888707,0.9991809991809992,611,0.9256449165402124,False,,,0.0012873749947175384,0.9983633387888707,False,real,real-qwen2.5-N2000,gt,recall-only,2000
25,log:E5,The post makes a factual claim that could be checked.,cold,2000,2000,0,0,0,1.0,1.0,1.0,600,,,,,0.00015729200094938278,1.0,,real,real-qwen2.5-N2000,gt,recall-only,2000
26,log:F1,The post discusses medicine or health.,rewrite,1783,1467,316,0,0,1.0,1.0,1.0,99,0.9339622641509434,False,,,0.1270603329903679,1.0,False,real,real-qwen2.5-N2000,gt,recall-only,2000
27,log:F2,The post discusses a specific disease or medical condition.,rewrite,2000,1532,0,468,0,1.0,1.0,1.0,36,1.0,False,,,0.014623750001192093,1.0,False,real,real-qwen2.5-N2000,gt,recall-only,2000
28,log:F3,The post discusses space or astronomy.,rewrite,1944,1384,560,0,0,1.0,1.0,1.0,64,0.9696969696969697,False,,,0.0011946250015171245,1.0,False,real,real-qwen2.5-N2000,gt,recall-only,2000
29,log:F4,The post discusses cryptography or encryption.,rewrite,2000,1337,0,663,0,1.0,1.0,1.0,55,1.0,False,,,0.0003144590009469539,1.0,False,real,real-qwen2.5-N2000,gt,recall-only,2000
30,log:F5,The post discusses computer security.,rewrite,2000,1337,0,663,0,1.0,1.0,1.0,48,1.0,False,,,0.0002884999994421378,1.0,False,real,real-qwen2.5-N2000,gt,recall-only,2000
31,log:F6,The post discusses science.,rewrite,1732,1599,133,0,0,1.0,0.9942857142857143,0.9971346704871061,175,0.9354838709677419,False,,,0.0011934579961234704,0.9942857142857143,False,real,real-qwen2.5-N2000,gt,recall-only,2000
32,log:G1,The post mentions an operating system.,rewrite,1518,1273,245,0,0,1.0,0.9828571428571429,0.9913544668587896,175,0.9347826086956522,False,,,0.0012996250006835908,0.9828571428571429,False,real,real-qwen2.5-N2000,gt,recall-only,2000
33,log:G2,The post mentions Microsoft Windows.,rewrite,1878,1362,516,0,0,1.0,1.0,1.0,72,0.96,False,,,0.001272583001991734,1.0,False,real,real-qwen2.5-N2000,gt,recall-only,2000
34,log:G3,The post mentions the X Window System.,rewrite,1621,440,1181,0,0,1.0,0.9871794871794872,0.9935483870967742,78,0.9625,False,,,0.0014188749919412658,0.9871794871794872,False,real,real-qwen2.5-N2000,gt,recall-only,2000
35,log:G4,The post discusses software rather than hardware.,rewrite,1426,1263,163,0,0,1.0,0.9739776951672863,0.9868173258003766,269,0.903448275862069,False,,,0.0013403330085566267,0.9739776951672863,False,real,real-qwen2.5-N2000,gt,recall-only,2000
36,log:G5,The post recommends a product or a service.,rewrite,1898,1349,549,0,0,1.0,1.0,1.0,70,0.958904109589041,False,,,0.0010693340009311214,1.0,False,real,real-qwen2.5-N2000,gt,recall-only,2000
37,log:H1,The post asks for technical help with computer hardware.,exact-hit,0,0,0,0,0,1.0,1.0,1.0,149,,,,,6.08300615567714e-06,1.0,,real,real-qwen2.5-N2000,gt,recall-only,2000
38,log:H2,The post is selling something.,rewrite,1891,1396,473,22,0,1.0,1.0,1.0,82,0.9534883720930233,False,,,0.0011535840021679178,1.0,False,real,real-qwen2.5-N2000,gt,recall-only,2000
39,log:H3,The post is about a motor vehicle.,rewrite,1605,1353,252,0,0,1.0,0.9868421052631579,0.9933774834437086,152,0.9146341463414634,False,,,0.0013034579897066578,0.9868421052631579,False,real,real-qwen2.5-N2000,gt,recall-only,2000
40,log:H4,The post is about a car or a motorcycle.,rewrite,1998,148,735,1115,0,1.0,1.0,1.0,128,0.9846153846153847,False,,,0.0008837089990265667,1.0,False,real,real-qwen2.5-N2000,gt,recall-only,2000
41,log:H5,The post gives advice about maintaining a vehicle.,rewrite,2000,315,0,1685,0,1.0,1.0,1.0,8,1.0,False,,,0.00036945901229046285,1.0,False,real,real-qwen2.5-N2000,gt,recall-only,2000
42,log:H6,The tone of the post is angry or annoyed.,rewrite,807,534,273,0,0,1.0,0.993103448275862,0.9965397923875432,290,0.9,False,,,0.001406875002430752,0.993103448275862,False,real,real-qwen2.5-N2000,gt,recall-only,2000
43,log:H7,The post is about a computer operating system.,rewrite,1713,1436,277,0,0,1.0,1.0,1.0,119,0.9224806201550387,False,,,0.09600174998922739,1.0,False,real,real-qwen2.5-N2000,gt,recall-only,2000
44,log:H8,The post is a for-sale advertisement.,rewrite,1520,57,1442,21,0,1.0,1.0,1.0,76,0.9620253164556962,False,,,0.0015042080049170181,1.0,False,real,real-qwen2.5-N2000,gt,recall-only,2000
45,log:H9,The post discusses encryption algorithms or key management.,rewrite,2000,55,0,1945,0,1.0,1.0,1.0,38,1.0,False,,,0.00034287499147467315,1.0,False,real,real-qwen2.5-N2000,gt,recall-only,2000
46,log:H10,The post asks a question about computer hardware.,rewrite,1578,1337,241,0,0,1.0,1.0,1.0,159,0.9352941176470588,False,,,0.001360666996333748,1.0,False,real,real-qwen2.5-N2000,gt,recall-only,2000
0,log:A1,The post asks for technical help with computer hardware.,cold,2000,2000,0,0,0,1.0,1.0,1.0,149,,,,,0.000131207998492755,1.0,,real,real-qwen2.5-N2000,gt,recall-trust,2000
1,log:A2,The post asks for technical help with a personal computer's hardware.,cold,2000,2000,0,0,0,1.0,1.0,1.0,111,,,,,7.916700269561261e-05,1.0,,real,real-qwen2.5-N2000,gt,recall-trust,2000
2,log:A3,The post is a request for technical assistance concerning computer hardware.,cold,2000,2000,0,0,0,1.0,1.0,1.0,155,,,,,7.199999527074397e-05,1.0,,real,real-qwen2.5-N2000,gt,recall-trust,2000
3,log:A4,The post asks for help with Macintosh hardware.,cold,2000,2000,0,0,0,1.0,1.0,1.0,32,,,,,7.904099766165018e-05,1.0,,real,real-qwen2.5-N2000,gt,recall-trust,2000
4,log:A5,The post describes a hardware problem the author is experiencing.,cold,2000,2000,0,0,0,1.0,1.0,1.0,70,,,,,8.845800766721368e-05,1.0,,real,real-qwen2.5-N2000,gt,recall-trust,2000
5,log:B1,The post offers an item for sale.,rewrite,1936,1809,127,0,0,1.0,1.0,1.0,80,0.9523809523809523,False,,,0.00819720899744425,1.0,False,real,real-qwen2.5-N2000,gt,recall-trust,2000
6,log:B2,The post offers a computer or a computer part for sale.,rewrite,2000,1809,0,191,0,1.0,1.0,1.0,22,1.0,False,,,0.0002406249986961484,1.0,False,real,real-qwen2.5-N2000,gt,recall-trust,2000
7,log:B3,The post mentions a specific price in dollars.,cold,2000,2000,0,0,0,1.0,1.0,1.0,140,,,,,7.129200093913823e-05,1.0,,real,real-qwen2.5-N2000,gt,recall-trust,2000
8,log:B4,The post is an advertisement.,rewrite,1925,1809,116,0,0,1.0,1.0,1.0,87,0.9456521739130435,False,,,0.0009308750013587996,1.0,False,real,real-qwen2.5-N2000,gt,recall-trust,2000
9,log:B5,The post is looking to buy something rather than to sell something.,rewrite,1982,1909,73,0,0,1.0,1.0,1.0,56,0.9655172413793104,False,,,0.0006711669993819669,1.0,False,real,real-qwen2.5-N2000,gt,recall-trust,2000
10,log:C1,The post discusses a professional sports team.,rewrite,1829,1718,111,0,0,1.0,1.0,1.0,143,0.9407894736842105,False,,,0.0011028329900000244,1.0,False,real,real-qwen2.5-N2000,gt,recall-trust,2000
11,log:C2,The post discusses a professional baseball team.,rewrite,1417,140,1277,0,0,1.0,0.9855072463768116,0.9927007299270074,69,0.9444444444444444,False,,,0.001260083998204209,0.9855072463768116,False,real,real-qwen2.5-N2000,gt,recall-trust,2000
12,log:C3,The post mentions a player's statistics.,rewrite,2000,1718,0,282,0,1.0,1.0,1.0,30,1.0,False,,,0.00020904200209770352,1.0,False,real,real-qwen2.5-N2000,gt,recall-trust,2000
13,log:C4,The post is about a sporting event that has already taken place.,rewrite,2000,1762,0,238,0,1.0,1.0,1.0,38,1.0,False,,,0.00019908399553969502,1.0,False,real,real-qwen2.5-N2000,gt,recall-trust,2000
14,log:C5,The post is about sports.,rewrite,1832,1762,70,0,0,1.0,1.0,1.0,188,0.9306930693069307,False,,,0.001080874993931502,1.0,False,real,real-qwen2.5-N2000,gt,recall-trust,2000
15,log:D1,The post argues about politics.,rewrite,1698,1574,124,0,0,1.0,0.99,0.9949748743718593,200,0.9339622641509434,False,,,0.0011217499995836988,0.99,False,real,real-qwen2.5-N2000,gt,recall-trust,2000
16,log:D2,The post argues about gun control policy.,rewrite,2000,1621,0,379,0,1.0,1.0,1.0,34,1.0,False,,,0.00022924999939277768,1.0,False,real,real-qwen2.5-N2000,gt,recall-trust,2000
17,log:D3,The post expresses a religious belief.,rewrite,1862,1628,234,0,0,1.0,1.0,1.0,92,0.9484536082474226,False,,,0.0010425000073155388,1.0,False,real,real-qwen2.5-N2000,gt,recall-trust,2000
18,log:D4,The post argues about religion.,rewrite,1732,1628,104,0,0,1.0,1.0,1.0,205,0.9318181818181818,False,,,0.001147874994785525,1.0,False,real,real-qwen2.5-N2000,gt,recall-trust,2000
19,log:D5,The post discusses the Middle East.,rewrite,2000,1628,0,372,0,1.0,1.0,1.0,49,1.0,False,,,0.0002463330019963905,1.0,False,real,real-qwen2.5-N2000,gt,recall-trust,2000
20,log:D6,The post criticizes a government or a government policy.,rewrite,1730,1569,161,0,0,1.0,0.9872611464968153,0.9935897435897436,157,0.9171597633136095,False,,,0.0011632919922703877,0.9872611464968153,False,real,real-qwen2.5-N2000,gt,recall-trust,2000
21,log:E1,The author of the post is frustrated or angry.,rewrite,1929,1909,20,0,0,1.0,1.0,1.0,552,0.9735449735449735,False,,,0.0008853329927660525,1.0,False,real,real-qwen2.5-N2000,gt,recall-trust,2000
22,log:E2,The post contains a question.,cold,2000,2000,0,0,0,1.0,1.0,1.0,799,,,,,0.00014437500794883817,1.0,,real,real-qwen2.5-N2000,gt,recall-trust,2000
23,log:E3,The post quotes another message.,rewrite,1902,1872,30,0,0,1.0,0.9949494949494949,0.9974683544303797,198,0.9292452830188679,False,,,0.000891707997652702,0.9949494949494949,False,real,real-qwen2.5-N2000,gt,recall-trust,2000
24,log:E4,The post uses technical jargon.,rewrite,1861,1652,28,181,0,1.0,0.9983633387888707,0.9991809991809992,611,0.9256449165402124,False,,,0.0013574999902630225,0.9983633387888707,False,real,real-qwen2.5-N2000,gt,recall-trust,2000
25,log:E5,The post makes a factual claim that could be checked.,cold,2000,2000,0,0,0,1.0,1.0,1.0,600,,,,,0.00016000001050997525,1.0,,real,real-qwen2.5-N2000,gt,recall-trust,2000
26,log:F1,The post discusses medicine or health.,rewrite,1783,1467,316,0,0,1.0,1.0,1.0,99,0.9339622641509434,False,,,0.0011992500076303259,1.0,False,real,real-qwen2.5-N2000,gt,recall-trust,2000
27,log:F2,The post discusses a specific disease or medical condition.,rewrite,2000,1532,0,468,0,1.0,1.0,1.0,36,1.0,False,,,0.0002909579925471917,1.0,False,real,real-qwen2.5-N2000,gt,recall-trust,2000
28,log:F3,The post discusses space or astronomy.,rewrite,1944,1384,560,0,0,1.0,1.0,1.0,64,0.9696969696969697,False,,,0.0010194579954259098,1.0,False,real,real-qwen2.5-N2000,gt,recall-trust,2000
29,log:F4,The post discusses cryptography or encryption.,rewrite,2000,1337,0,663,0,1.0,1.0,1.0,55,1.0,False,,,0.0002987500047311187,1.0,False,real,real-qwen2.5-N2000,gt,recall-trust,2000
30,log:F5,The post discusses computer security.,rewrite,2000,1337,0,663,0,1.0,1.0,1.0,48,1.0,False,,,0.00028745799500029534,1.0,False,real,real-qwen2.5-N2000,gt,recall-trust,2000
31,log:F6,The post discusses science.,rewrite,1732,1599,133,0,0,1.0,0.9942857142857143,0.9971346704871061,175,0.9354838709677419,False,,,0.001179791011963971,0.9942857142857143,False,real,real-qwen2.5-N2000,gt,recall-trust,2000
32,log:G1,The post mentions an operating system.,rewrite,1518,1273,245,0,0,1.0,0.9828571428571429,0.9913544668587896,175,0.9347826086956522,False,,,0.0013087499974062666,0.9828571428571429,False,real,real-qwen2.5-N2000,gt,recall-trust,2000
33,log:G2,The post mentions Microsoft Windows.,rewrite,1878,1362,516,0,0,1.0,1.0,1.0,72,0.96,False,,,0.0011266670044278726,1.0,False,real,real-qwen2.5-N2000,gt,recall-trust,2000
34,log:G3,The post mentions the X Window System.,rewrite,1621,440,1181,0,0,1.0,0.9871794871794872,0.9935483870967742,78,0.9625,False,,,0.0013823330082232133,0.9871794871794872,False,real,real-qwen2.5-N2000,gt,recall-trust,2000
35,log:G4,The post discusses software rather than hardware.,rewrite,1426,1263,163,0,0,1.0,0.9739776951672863,0.9868173258003766,269,0.903448275862069,False,,,0.0013225000002421439,0.9739776951672863,False,real,real-qwen2.5-N2000,gt,recall-trust,2000
36,log:G5,The post recommends a product or a service.,rewrite,1898,1349,549,0,0,1.0,1.0,1.0,70,0.958904109589041,False,,,0.0010575830092420802,1.0,False,real,real-qwen2.5-N2000,gt,recall-trust,2000
37,log:H1,The post asks for technical help with computer hardware.,exact-hit,0,0,0,0,0,1.0,1.0,1.0,149,,,,,5.3340045269578695e-06,1.0,,real,real-qwen2.5-N2000,gt,recall-trust,2000
38,log:H2,The post is selling something.,rewrite,1970,1396,574,0,0,1.0,1.0,1.0,82,0.9836065573770492,False,,,0.0008076249941950664,1.0,False,real,real-qwen2.5-N2000,gt,recall-trust,2000
39,log:H3,The post is about a motor vehicle.,rewrite,1687,1353,252,82,0,1.0,1.0,1.0,152,0.9382716049382716,False,,,0.001593374996446073,1.0,False,real,real-qwen2.5-N2000,gt,recall-trust,2000
40,log:H4,The post is about a car or a motorcycle.,rewrite,1998,148,735,1115,0,1.0,1.0,1.0,128,0.9846153846153847,False,,,0.0008736669988138601,1.0,False,real,real-qwen2.5-N2000,gt,recall-trust,2000
41,log:H5,The post gives advice about maintaining a vehicle.,rewrite,2000,315,0,1685,0,1.0,1.0,1.0,8,1.0,False,,,0.0003674159961519763,1.0,False,real,real-qwen2.5-N2000,gt,recall-trust,2000
42,log:H6,The tone of the post is angry or annoyed.,rewrite,807,534,273,0,0,1.0,0.9896551724137931,0.9948006932409013,290,0.9258064516129032,False,,,0.001459416002035141,0.9896551724137931,False,real,real-qwen2.5-N2000,gt,recall-trust,2000
43,log:H7,The post is about a computer operating system.,rewrite,1713,1436,277,0,0,1.0,0.9915966386554622,0.9957805907172996,119,0.944,False,,,0.0013470419944496825,0.9915966386554622,False,real,real-qwen2.5-N2000,gt,recall-trust,2000
44,log:H8,The post is a for-sale advertisement.,rewrite,1778,57,1721,0,0,1.0,1.0,1.0,76,0.9821428571428571,False,,,0.0013082910008961335,1.0,False,real,real-qwen2.5-N2000,gt,recall-trust,2000
45,log:H9,The post discusses encryption algorithms or key management.,rewrite,2000,55,0,1945,0,1.0,1.0,1.0,38,1.0,False,,,0.0003282919933553785,1.0,False,real,real-qwen2.5-N2000,gt,recall-trust,2000
46,log:H10,The post asks a question about computer hardware.,rewrite,1578,1337,241,0,0,1.0,1.0,1.0,159,0.9352941176470588,False,,,0.010900749999564141,1.0,False,real,real-qwen2.5-N2000,gt,recall-trust,2000
