query_index,predicate_name,predicate_text,reuse_kind,oracle_calls,candidate_calls,audit_calls,escalation_calls,nli_pair_scores,precision,recall,f1,n_true_pos_rows,recall_bound,bound_violated,precision_bound,precision_bound_violated,latency_s,recall_oracle,bound_violated_oracle,method,corpus,n_rows,overlap,seed
0,group:motor vehicles#t0,The document is about motor vehicles.,cold,7951,7951,0,0,0,0.6772486772486772,0.96,0.7942088934850051,800,,,,,0.0003755409852601588,1.0,,cold,20ng-sub7951,7951,0.8,0
1,group:religion#t3,This article covers the topic of religion.,cold,7951,7951,0,0,0,0.7718926553672316,0.9496090356211989,0.8515777171795871,1151,,,,,0.00027954200049862266,1.0,,cold,20ng-sub7951,7951,0.8,0
2,leaf:religious debate#t0,The document is about religious debate.,cold,7951,7951,0,0,0,0.45850914205344584,0.9287749287749287,0.6139359698681733,351,,,,,0.00013433300773613155,1.0,,cold,20ng-sub7951,7951,0.8,0
3,group:politics#t1,This text discusses politics.,cold,7951,7951,0,0,0,0.7585513078470825,0.9425,0.8405797101449275,1200,,,,,0.0002672499977052212,1.0,,cold,20ng-sub7951,7951,0.8,0
4,union:gun control|medicine#u0,The document is about gun control or about medicine.,cold,7951,7951,0,0,0,0.6878980891719745,0.945,0.7962085308056872,800,,,,,0.00021320799714885652,1.0,,cold,20ng-sub7951,7951,0.8,0
5,group:motor vehicles#t0,The document is about motor vehicles.,cold,7951,7951,0,0,0,0.6772486772486772,0.96,0.7942088934850051,800,,,,,0.00019599997904151678,1.0,,cold,20ng-sub7951,7951,0.8,0
6,group:politics#t1,This text discusses politics.,cold,7951,7951,0,0,0,0.7585513078470825,0.9425,0.8405797101449275,1200,,,,,0.0002674169954843819,1.0,,cold,20ng-sub7951,7951,0.8,0
7,group:religion#t0,The document is about religion.,cold,7951,7951,0,0,0,0.75625,0.946133796698523,0.8406020841373988,1151,,,,,0.0002517910033930093,1.0,,cold,20ng-sub7951,7951,0.8,0
8,leaf:political debate#t1,This text discusses political debate.,cold,7951,7951,0,0,0,0.5013157894736842,0.9525,0.6568965517241379,400,,,,,0.00012629202683456242,1.0,,cold,20ng-sub7951,7951,0.8,0
9,group:sports#t1,This text discusses sports.,cold,7951,7951,0,0,0,0.675022381378693,0.9425,0.7866458007303078,800,,,,,0.00020320899784564972,1.0,,cold,20ng-sub7951,7951,0.8,0
10,group:science#t1,This text discusses science.,cold,7951,7951,0,0,0,0.8225806451612904,0.95625,0.8843930635838151,1600,,,,,0.0003299999807495624,1.0,,cold,20ng-sub7951,7951,0.8,0
11,leaf:hockey#t1,This text discusses hockey.,cold,7951,7951,0,0,0,0.5191256830601093,0.95,0.6713780918727915,400,,,,,0.0001203330175485462,1.0,,cold,20ng-sub7951,7951,0.8,0
12,leaf:religious debate#t2,The passage is related to religious debate.,cold,7951,7951,0,0,0,0.4575799721835883,0.9373219373219374,0.6149532710280374,351,,,,,0.00012066701310686767,1.0,,cold,20ng-sub7951,7951,0.8,0
13,leaf:political debate#t0,The document is about political debate.,cold,7951,7951,0,0,0,0.5006553079947575,0.955,0.6569217540842649,400,,,,,0.00012283300748094916,1.0,,cold,20ng-sub7951,7951,0.8,0
14,leaf:items for sale#t3,This article covers the topic of items for sale.,cold,7951,7951,0,0,0,0.5302197802197802,0.965,0.6843971631205673,400,,,,,0.00011795901809819043,1.0,,cold,20ng-sub7951,7951,0.8,0
15,leaf:Christianity#t3,This article covers the topic of Christianity.,cold,7951,7951,0,0,0,0.4961636828644501,0.97,0.6565143824027072,400,,,,,0.00012249997234903276,1.0,,cold,20ng-sub7951,7951,0.8,0
16,union:electronics|hockey#u0,The document is about electronics or about hockey.,cold,7951,7951,0,0,0,0.6773049645390071,0.955,0.7925311203319502,800,,,,,0.00019137500203214586,1.0,,cold,20ng-sub7951,7951,0.8,0
17,group:science#t2,The passage is related to science.,cold,7951,7951,0,0,0,0.8351769911504425,0.94375,0.8861502347417841,1600,,,,,0.0003318329981993884,1.0,,cold,20ng-sub7951,7951,0.8,0
18,group:computers#t1,This text discusses computers.,cold,7951,7951,0,0,0,0.8632865550022635,0.9535,0.9061534806367308,2000,,,,,0.00041799998143687844,1.0,,cold,20ng-sub7951,7951,0.8,0
19,union:Macintosh hardware|items for sale#u1,This text discusses either Macintosh hardware or items for sale.,cold,7951,7951,0,0,0,0.6820652173913043,0.94125,0.7909663865546218,800,,,,,0.00021691599977202713,1.0,,cold,20ng-sub7951,7951,0.8,0
20,group:motor vehicles#t3,This article covers the topic of motor vehicles.,cold,7951,7951,0,0,0,0.6746666666666666,0.94875,0.7885714285714286,800,,,,,0.00020791601855307817,1.0,,cold,20ng-sub7951,7951,0.8,0
21,group:sports#t3,This article covers the topic of sports.,cold,7951,7951,0,0,0,0.6850533807829181,0.9625,0.8004158004158003,800,,,,,0.0001937079941853881,1.0,,cold,20ng-sub7951,7951,0.8,0
22,group:motor vehicles#t3,This article covers the topic of motor vehicles.,cold,7951,7951,0,0,0,0.6746666666666666,0.94875,0.7885714285714286,800,,,,,0.00019533399608917534,1.0,,cold,20ng-sub7951,7951,0.8,0
23,group:motor vehicles#t3,This article covers the topic of motor vehicles.,cold,7951,7951,0,0,0,0.6746666666666666,0.94875,0.7885714285714286,800,,,,,0.00018895798712037504,1.0,,cold,20ng-sub7951,7951,0.8,0
24,union:PC hardware|cryptography#u0,The document is about PC hardware or about cryptography.,cold,7951,7951,0,0,0,0.6822262118491921,0.95,0.7941483803552768,800,,,,,0.00019904100918211043,1.0,,cold,20ng-sub7951,7951,0.8,0
25,leaf:political debate#t1,This text discusses political debate.,cold,7951,7951,0,0,0,0.5013157894736842,0.9525,0.6568965517241379,400,,,,,0.00012700000661425292,1.0,,cold,20ng-sub7951,7951,0.8,0
26,union:Macintosh hardware|space exploration#u1,This text discusses either Macintosh hardware or space exploration.,cold,7951,7951,0,0,0,0.6817359855334539,0.9425,0.7911857292759705,800,,,,,0.0001785829954314977,1.0,,cold,20ng-sub7951,7951,0.8,0
27,leaf:baseball#t2,The passage is related to baseball.,cold,7951,7951,0,0,0,0.5045992115637319,0.96,0.661498708010336,400,,,,,0.0001244169834535569,1.0,,cold,20ng-sub7951,7951,0.8,0
28,group:computers#t0,The document is about computers.,cold,7951,7951,0,0,0,0.8617700729927007,0.9445,0.9012404580152671,2000,,,,,0.00037716602673754096,1.0,,cold,20ng-sub7951,7951,0.8,0
29,leaf:baseball#t3,This article covers the topic of baseball.,cold,7951,7951,0,0,0,0.5192307692307693,0.945,0.6702127659574468,400,,,,,0.00012383400462567806,1.0,,cold,20ng-sub7951,7951,0.8,0
30,leaf:electronics#t0,The document is about electronics.,cold,7951,7951,0,0,0,0.4980340760157274,0.95,0.653482373172829,400,,,,,0.00013066598330624402,1.0,,cold,20ng-sub7951,7951,0.8,0
31,union:PC hardware|items for sale#u1,This text discusses either PC hardware or items for sale.,cold,7951,7951,0,0,0,0.6787658802177858,0.935,0.786540483701367,800,,,,,0.00018991701654158533,1.0,,cold,20ng-sub7951,7951,0.8,0
32,union:computer graphics|motorcycles#u0,The document is about computer graphics or about motorcycles.,cold,7951,7951,0,0,0,0.6859205776173285,0.95,0.7966457023060796,800,,,,,0.00019695798982866108,1.0,,cold,20ng-sub7951,7951,0.8,0
33,union:Macintosh hardware|electronics#u0,The document is about Macintosh hardware or about electronics.,cold,7951,7951,0,0,0,0.6783154121863799,0.94625,0.7901878914405011,800,,,,,0.00018737500067800283,1.0,,cold,20ng-sub7951,7951,0.8,0
34,group:computers#t1,This text discusses computers.,cold,7951,7951,0,0,0,0.8632865550022635,0.9535,0.9061534806367308,2000,,,,,0.00037633298779837787,1.0,,cold,20ng-sub7951,7951,0.8,0
35,group:religion#t1,This text discusses religion.,cold,7951,7951,0,0,0,0.7639275766016713,0.9530842745438749,0.848086586780054,1151,,,,,0.00024654099252074957,1.0,,cold,20ng-sub7951,7951,0.8,0
36,group:computers#t0,The document is about computers.,cold,7951,7951,0,0,0,0.8617700729927007,0.9445,0.9012404580152671,2000,,,,,0.00037720799446105957,1.0,,cold,20ng-sub7951,7951,0.8,0
37,union:Middle East affairs|items for sale#u1,This text discusses either Middle East affairs or items for sale.,cold,7951,7951,0,0,0,0.6862745098039216,0.9625,0.801248699271592,800,,,,,0.00018462497973814607,1.0,,cold,20ng-sub7951,7951,0.8,0
38,leaf:the Microsoft Windows operating system#t1,This text discusses the Microsoft Windows operating system.,cold,7951,7951,0,0,0,0.5213793103448275,0.945,0.6719999999999999,400,,,,,0.00011208298383280635,1.0,,cold,20ng-sub7951,7951,0.8,0
39,group:sports#t2,The passage is related to sports.,cold,7951,7951,0,0,0,0.6605101143359718,0.93875,0.7754259163655136,800,,,,,0.00018004202865995467,1.0,,cold,20ng-sub7951,7951,0.8,0
40,leaf:motorcycles#t0,The document is about motorcycles.,cold,7951,7951,0,0,0,0.5104712041884817,0.975,0.6701030927835051,400,,,,,0.00013079101336188614,1.0,,cold,20ng-sub7951,7951,0.8,0
41,group:motor vehicles#t0,The document is about motor vehicles.,cold,7951,7951,0,0,0,0.6772486772486772,0.96,0.7942088934850051,800,,,,,0.0001837919990066439,1.0,,cold,20ng-sub7951,7951,0.8,0
42,union:Christianity|political debate#u1,This text discusses either Christianity or political debate.,cold,7951,7951,0,0,0,0.6819407008086253,0.94875,0.7935180345007842,800,,,,,0.00018283401732333004,1.0,,cold,20ng-sub7951,7951,0.8,0
43,group:motor vehicles#t2,The passage is related to motor vehicles.,cold,7951,7951,0,0,0,0.67825311942959,0.95125,0.7918834547346514,800,,,,,0.00018470798386260867,1.0,,cold,20ng-sub7951,7951,0.8,0
44,leaf:motorcycles#t2,The passage is related to motorcycles.,cold,7951,7951,0,0,0,0.5013192612137203,0.95,0.6563039723661485,400,,,,,0.00012691598385572433,1.0,,cold,20ng-sub7951,7951,0.8,0
45,group:motor vehicles#t1,This text discusses motor vehicles.,cold,7951,7951,0,0,0,0.6865008880994672,0.96625,0.8026998961578402,800,,,,,0.00019108399283140898,1.0,,cold,20ng-sub7951,7951,0.8,0
46,group:religion#t0,The document is about religion.,cold,7951,7951,0,0,0,0.75625,0.946133796698523,0.8406020841373988,1151,,,,,0.00024520899751223624,1.0,,cold,20ng-sub7951,7951,0.8,0
47,group:sports#t3,This article covers the topic of sports.,cold,7951,7951,0,0,0,0.6850533807829181,0.9625,0.8004158004158003,800,,,,,0.00018224999075755477,1.0,,cold,20ng-sub7951,7951,0.8,0
48,union:Macintosh hardware|cars#u1,This text discusses either Macintosh hardware or cars.,cold,7951,7951,0,0,0,0.6620087336244541,0.9475,0.7794344473007713,800,,,,,0.00019154101028107107,1.0,,cold,20ng-sub7951,7951,0.8,0
49,leaf:computer graphics#t1,This text discusses computer graphics.,cold,7951,7951,0,0,0,0.5,0.96,0.6575342465753424,400,,,,,0.0001254579983651638,1.0,,cold,20ng-sub7951,7951,0.8,0
50,union:atheism|hockey#u1,This text discusses either atheism or hockey.,cold,7951,7951,0,0,0,0.6812891674127126,0.95125,0.7939488784559208,800,,,,,0.00017454198678024113,1.0,,cold,20ng-sub7951,7951,0.8,0
51,leaf:items for sale#t0,The document is about items for sale.,cold,7951,7951,0,0,0,0.5093582887700535,0.9525,0.6637630662020907,400,,,,,0.00011475000064820051,1.0,,cold,20ng-sub7951,7951,0.8,0
52,leaf:baseball#t0,The document is about baseball.,cold,7951,7951,0,0,0,0.47167487684729065,0.9575,0.632013201320132,400,,,,,0.00012079201405867934,1.0,,cold,20ng-sub7951,7951,0.8,0
53,union:hockey|motorcycles#u0,The document is about hockey or about motorcycles.,cold,7951,7951,0,0,0,0.6937842778793418,0.94875,0.8014783526927138,800,,,,,0.0001897919864859432,1.0,,cold,20ng-sub7951,7951,0.8,0
54,group:politics#t0,The document is about politics.,cold,7951,7951,0,0,0,0.7853223593964335,0.9541666666666667,0.8615500376222724,1200,,,,,0.0002553329977672547,1.0,,cold,20ng-sub7951,7951,0.8,0
55,group:motor vehicles#t1,This text discusses motor vehicles.,cold,7951,7951,0,0,0,0.6865008880994672,0.96625,0.8026998961578402,800,,,,,0.0001837919990066439,1.0,,cold,20ng-sub7951,7951,0.8,0
56,leaf:atheism#t3,This article covers the topic of atheism.,cold,7951,7951,0,0,0,0.4914361001317523,0.9325,0.6436583261432269,400,,,,,0.00011225001071579754,1.0,,cold,20ng-sub7951,7951,0.8,0
57,union:atheism|gun control#u1,This text discusses either atheism or gun control.,cold,7951,7951,0,0,0,0.6836827711941659,0.9375,0.790722192936215,800,,,,,0.00018850000924430788,1.0,,cold,20ng-sub7951,7951,0.8,0
58,leaf:cars#t2,The passage is related to cars.,cold,7951,7951,0,0,0,0.5006622516556292,0.945,0.6545454545454544,400,,,,,0.00011162497685290873,1.0,,cold,20ng-sub7951,7951,0.8,0
59,group:sports#t2,The passage is related to sports.,cold,7951,7951,0,0,0,0.6605101143359718,0.93875,0.7754259163655136,800,,,,,0.00017754200962372124,1.0,,cold,20ng-sub7951,7951,0.8,0
60,group:motor vehicles#t2,The passage is related to motor vehicles.,cold,7951,7951,0,0,0,0.67825311942959,0.95125,0.7918834547346514,800,,,,,0.00018645901582203805,1.0,,cold,20ng-sub7951,7951,0.8,0
61,group:computers#t0,The document is about computers.,cold,7951,7951,0,0,0,0.8617700729927007,0.9445,0.9012404580152671,2000,,,,,0.00037762499414384365,1.0,,cold,20ng-sub7951,7951,0.8,0
62,union:medicine|the Microsoft Windows operating system#u0,The document is about medicine or about the Microsoft Windows operating system.,cold,7951,7951,0,0,0,0.6821428571428572,0.955,0.7958333333333334,800,,,,,0.00018079197616316378,1.0,,cold,20ng-sub7951,7951,0.8,0
63,union:baseball|items for sale#u0,The document is about baseball or about items for sale.,cold,7951,7951,0,0,0,0.6909254267744834,0.96125,0.8039728175640356,800,,,,,0.0001781670143827796,1.0,,cold,20ng-sub7951,7951,0.8,0
64,union:atheism|medicine#u1,This text discusses either atheism or medicine.,cold,7951,7951,0,0,0,0.6711229946524064,0.94125,0.7835587929240375,800,,,,,0.0001790420210454613,1.0,,cold,20ng-sub7951,7951,0.8,0
65,union:hockey|the X Window System#u1,This text discusses either hockey or the X Window System.,cold,7951,7951,0,0,0,0.6822682268226823,0.9475,0.793301936159079,800,,,,,0.00017725001089274883,1.0,,cold,20ng-sub7951,7951,0.8,0
66,leaf:cryptography#t0,The document is about cryptography.,cold,7951,7951,0,0,0,0.5291666666666667,0.9525,0.6803571428571429,400,,,,,0.00012049998622387648,1.0,,cold,20ng-sub7951,7951,0.8,0
67,leaf:motorcycles#t3,This article covers the topic of motorcycles.,cold,7951,7951,0,0,0,0.500651890482399,0.96,0.6580976863753214,400,,,,,0.0001303750032093376,1.0,,cold,20ng-sub7951,7951,0.8,0
68,leaf:hockey#t1,This text discusses hockey.,cold,7951,7951,0,0,0,0.5191256830601093,0.95,0.6713780918727915,400,,,,,0.00011158399865962565,1.0,,cold,20ng-sub7951,7951,0.8,0
69,leaf:baseball#t2,The passage is related to baseball.,cold,7951,7951,0,0,0,0.5045992115637319,0.96,0.661498708010336,400,,,,,0.0001206250162795186,1.0,,cold,20ng-sub7951,7951,0.8,0
70,group:motor vehicles#t0,The document is about motor vehicles.,cold,7951,7951,0,0,0,0.6772486772486772,0.96,0.7942088934850051,800,,,,,0.00018391699995845556,1.0,,cold,20ng-sub7951,7951,0.8,0
71,leaf:the Microsoft Windows operating system#t2,The passage is related to the Microsoft Windows operating system.,cold,7951,7951,0,0,0,0.4922077922077922,0.9475,0.6478632478632479,400,,,,,0.00010900001507252455,1.0,,cold,20ng-sub7951,7951,0.8,0
72,leaf:motorcycles#t2,The passage is related to motorcycles.,cold,7951,7951,0,0,0,0.5013192612137203,0.95,0.6563039723661485,400,,,,,0.00012437498662620783,1.0,,cold,20ng-sub7951,7951,0.8,0
73,group:sports#t2,The passage is related to sports.,cold,7951,7951,0,0,0,0.6605101143359718,0.93875,0.7754259163655136,800,,,,,0.00017920800019055605,1.0,,cold,20ng-sub7951,7951,0.8,0
74,union:Macintosh hardware|electronics#u1,This text discusses either Macintosh hardware or electronics.,cold,7951,7951,0,0,0,0.6890909090909091,0.9475,0.7978947368421053,800,,,,,0.0001855420123320073,1.0,,cold,20ng-sub7951,7951,0.8,0
75,leaf:Christianity#t3,This article covers the topic of Christianity.,cold,7951,7951,0,0,0,0.4961636828644501,0.97,0.6565143824027072,400,,,,,0.00011637501302175224,1.0,,cold,20ng-sub7951,7951,0.8,0
76,group:sports#t2,The passage is related to sports.,cold,7951,7951,0,0,0,0.6605101143359718,0.93875,0.7754259163655136,800,,,,,0.000175916007719934,1.0,,cold,20ng-sub7951,7951,0.8,0
77,leaf:religious debate#t3,This article covers the topic of religious debate.,cold,7951,7951,0,0,0,0.4715909090909091,0.9458689458689459,0.6293838862559242,351,,,,,0.00011875000200234354,1.0,,cold,20ng-sub7951,7951,0.8,0
78,union:atheism|baseball#u1,This text discusses either atheism or baseball.,cold,7951,7951,0,0,0,0.6781609195402298,0.95875,0.7944070429829103,800,,,,,0.0001819159951992333,1.0,,cold,20ng-sub7951,7951,0.8,0
79,leaf:items for sale#t2,The passage is related to items for sale.,cold,7951,7951,0,0,0,0.5013297872340425,0.9425,0.654513888888889,400,,,,,0.000112209003418684,1.0,,cold,20ng-sub7951,7951,0.8,0
80,union:Macintosh hardware|religious debate#u0,The document is about Macintosh hardware or about religious debate.,cold,7951,7951,0,0,0,0.6745956232159848,0.9440745672436751,0.7869034406215316,751,,,,,0.00017566699534654617,1.0,,cold,20ng-sub7951,7951,0.8,0
81,group:motor vehicles#t1,This text discusses motor vehicles.,cold,7951,7951,0,0,0,0.6865008880994672,0.96625,0.8026998961578402,800,,,,,0.00018737500067800283,1.0,,cold,20ng-sub7951,7951,0.8,0
82,leaf:cars#t0,The document is about cars.,cold,7951,7951,0,0,0,0.49868766404199477,0.95,0.6540447504302925,400,,,,,0.00011100000119768083,1.0,,cold,20ng-sub7951,7951,0.8,0
83,leaf:PC hardware#t0,The document is about PC hardware.,cold,7951,7951,0,0,0,0.5006587615283268,0.95,0.6557377049180327,400,,,,,0.00012845898163504899,1.0,,cold,20ng-sub7951,7951,0.8,0
84,group:religion#t2,The passage is related to religion.,cold,7951,7951,0,0,0,0.7679830747531735,0.946133796698523,0.8478007006617361,1151,,,,,0.0002464159915689379,1.0,,cold,20ng-sub7951,7951,0.8,0
85,union:Christianity|hockey#u0,The document is about Christianity or about hockey.,cold,7951,7951,0,0,0,0.6785079928952042,0.955,0.7933541017653168,800,,,,,0.00018279202049598098,1.0,,cold,20ng-sub7951,7951,0.8,0
86,group:religion#t0,The document is about religion.,cold,7951,7951,0,0,0,0.75625,0.946133796698523,0.8406020841373988,1151,,,,,0.00024595801369287074,1.0,,cold,20ng-sub7951,7951,0.8,0
87,union:atheism|computer graphics#u1,This text discusses either atheism or computer graphics.,cold,7951,7951,0,0,0,0.6651982378854625,0.94375,0.7803617571059431,800,,,,,0.0001767089997883886,1.0,,cold,20ng-sub7951,7951,0.8,0
88,union:motorcycles|political debate#u1,This text discusses either motorcycles or political debate.,cold,7951,7951,0,0,0,0.6916058394160584,0.9475,0.79957805907173,800,,,,,0.0001939169887918979,1.0,,cold,20ng-sub7951,7951,0.8,0
89,group:motor vehicles#t0,The document is about motor vehicles.,cold,7951,7951,0,0,0,0.6772486772486772,0.96,0.7942088934850051,800,,,,,0.00026987501769326627,1.0,,cold,20ng-sub7951,7951,0.8,0
90,union:PC hardware|political debate#u0,The document is about PC hardware or about political debate.,cold,7951,7951,0,0,0,0.6888686131386861,0.94375,0.7964135021097046,800,,,,,0.00021525000920519233,1.0,,cold,20ng-sub7951,7951,0.8,0
91,leaf:Macintosh hardware#t0,The document is about Macintosh hardware.,cold,7951,7951,0,0,0,0.513550135501355,0.9475,0.6660808435852372,400,,,,,0.00012058301945216954,1.0,,cold,20ng-sub7951,7951,0.8,0
92,leaf:items for sale#t1,This text discusses items for sale.,cold,7951,7951,0,0,0,0.49742268041237114,0.965,0.6564625850340137,400,,,,,0.00012208300177007914,1.0,,cold,20ng-sub7951,7951,0.8,0
93,leaf:the Microsoft Windows operating system#t0,The document is about the Microsoft Windows operating system.,cold,7951,7951,0,0,0,0.48623853211009177,0.9275,0.6380051590713672,400,,,,,0.00011608400382101536,1.0,,cold,20ng-sub7951,7951,0.8,0
94,leaf:the Microsoft Windows operating system#t1,This text discusses the Microsoft Windows operating system.,cold,7951,7951,0,0,0,0.5213793103448275,0.945,0.6719999999999999,400,,,,,0.00011679201270453632,1.0,,cold,20ng-sub7951,7951,0.8,0
95,group:computers#t3,This article covers the topic of computers.,cold,7951,7951,0,0,0,0.875344986200552,0.9515,0.911835170100623,2000,,,,,0.00038633300573565066,1.0,,cold,20ng-sub7951,7951,0.8,0
96,leaf:PC hardware#t1,This text discusses PC hardware.,cold,7951,7951,0,0,0,0.5013157894736842,0.9525,0.6568965517241379,400,,,,,0.00013666599988937378,1.0,,cold,20ng-sub7951,7951,0.8,0
97,leaf:cars#t2,The passage is related to cars.,cold,7951,7951,0,0,0,0.5006622516556292,0.945,0.6545454545454544,400,,,,,0.00011575000826269388,1.0,,cold,20ng-sub7951,7951,0.8,0
98,union:Christianity|items for sale#u0,The document is about Christianity or about items for sale.,cold,7951,7951,0,0,0,0.6783154121863799,0.94625,0.7901878914405011,800,,,,,0.00019033299759030342,1.0,,cold,20ng-sub7951,7951,0.8,0
99,group:politics#t2,The passage is related to politics.,cold,7951,7951,0,0,0,0.766260162601626,0.9425,0.8452914798206278,1200,,,,,0.00026283299666829407,1.0,,cold,20ng-sub7951,7951,0.8,0
100,leaf:gun control#t2,The passage is related to gun control.,cold,7951,7951,0,0,0,0.5109289617486339,0.935,0.6607773851590106,400,,,,,0.00012745801359415054,1.0,,cold,20ng-sub7951,7951,0.8,0
101,union:Middle East affairs|items for sale#u1,This text discusses either Middle East affairs or items for sale.,cold,7951,7951,0,0,0,0.6862745098039216,0.9625,0.801248699271592,800,,,,,0.00018179099424742162,1.0,,cold,20ng-sub7951,7951,0.8,0
102,leaf:computer graphics#t3,This article covers the topic of computer graphics.,cold,7951,7951,0,0,0,0.49933949801849403,0.945,0.6534140017286084,400,,,,,0.00012087498907931149,1.0,,cold,20ng-sub7951,7951,0.8,0
103,leaf:religious debate#t3,This article covers the topic of religious debate.,cold,7951,7951,0,0,0,0.4715909090909091,0.9458689458689459,0.6293838862559242,351,,,,,0.00011895800707861781,1.0,,cold,20ng-sub7951,7951,0.8,0
104,leaf:atheism#t3,This article covers the topic of atheism.,cold,7951,7951,0,0,0,0.4914361001317523,0.9325,0.6436583261432269,400,,,,,0.0001161250111181289,1.0,,cold,20ng-sub7951,7951,0.8,0
105,group:religion#t1,This text discusses religion.,cold,7951,7951,0,0,0,0.7639275766016713,0.9530842745438749,0.848086586780054,1151,,,,,0.00024458402185700834,1.0,,cold,20ng-sub7951,7951,0.8,0
106,union:hockey|items for sale#u0,The document is about hockey or about items for sale.,cold,7951,7951,0,0,0,0.6779359430604982,0.9525,0.7920997920997921,800,,,,,0.00017970797489397228,1.0,,cold,20ng-sub7951,7951,0.8,0
107,group:motor vehicles#t0,The document is about motor vehicles.,cold,7951,7951,0,0,0,0.6772486772486772,0.96,0.7942088934850051,800,,,,,0.0001928750134538859,1.0,,cold,20ng-sub7951,7951,0.8,0
108,union:space exploration|the Microsoft Windows operating system#u1,This text discusses either space exploration or the Microsoft Windows operating system.,cold,7951,7951,0,0,0,0.6792792792792792,0.9425,0.7895287958115182,800,,,,,0.0001818329910747707,1.0,,cold,20ng-sub7951,7951,0.8,0
109,group:sports#t2,The passage is related to sports.,cold,7951,7951,0,0,0,0.6605101143359718,0.93875,0.7754259163655136,800,,,,,0.00018695899052545428,1.0,,cold,20ng-sub7951,7951,0.8,0
110,group:sports#t1,This text discusses sports.,cold,7951,7951,0,0,0,0.675022381378693,0.9425,0.7866458007303078,800,,,,,0.00018166701192967594,1.0,,cold,20ng-sub7951,7951,0.8,0
111,leaf:atheism#t3,This article covers the topic of atheism.,cold,7951,7951,0,0,0,0.4914361001317523,0.9325,0.6436583261432269,400,,,,,0.00011804199311882257,1.0,,cold,20ng-sub7951,7951,0.8,0
112,leaf:Middle East affairs#t2,The passage is related to Middle East affairs.,cold,7951,7951,0,0,0,0.4961139896373057,0.9575,0.6535836177474402,400,,,,,0.00011829100549221039,1.0,,cold,20ng-sub7951,7951,0.8,0
113,union:Macintosh hardware|motorcycles#u1,This text discusses either Macintosh hardware or motorcycles.,cold,7951,7951,0,0,0,0.6681695220919748,0.92625,0.7763226820324777,800,,,,,0.0001897919864859432,1.0,,cold,20ng-sub7951,7951,0.8,0
114,union:political debate|religious debate#u0,The document is about political debate or about religious debate.,cold,7951,7951,0,0,0,0.6824196597353497,0.9613848202396804,0.7982310668877832,751,,,,,0.0001846670056693256,1.0,,cold,20ng-sub7951,7951,0.8,0
115,leaf:gun control#t3,This article covers the topic of gun control.,cold,7951,7951,0,0,0,0.5134408602150538,0.955,0.6678321678321678,400,,,,,0.000130290980450809,1.0,,cold,20ng-sub7951,7951,0.8,0
116,leaf:medicine#t2,The passage is related to medicine.,cold,7951,7951,0,0,0,0.5203252032520326,0.96,0.6748681898066784,400,,,,,0.000122333993203938,1.0,,cold,20ng-sub7951,7951,0.8,0
117,group:politics#t1,This text discusses politics.,cold,7951,7951,0,0,0,0.7585513078470825,0.9425,0.8405797101449275,1200,,,,,0.00026862500817514956,1.0,,cold,20ng-sub7951,7951,0.8,0
118,group:science#t2,The passage is related to science.,cold,7951,7951,0,0,0,0.8351769911504425,0.94375,0.8861502347417841,1600,,,,,0.00033245899248868227,1.0,,cold,20ng-sub7951,7951,0.8,0
119,group:religion#t0,The document is about religion.,cold,7951,7951,0,0,0,0.75625,0.946133796698523,0.8406020841373988,1151,,,,,0.00025725000887177885,1.0,,cold,20ng-sub7951,7951,0.8,0
0,group:motor vehicles#t0,The document is about motor vehicles.,cold,7951,7951,0,0,0,0.6772486772486772,0.96,0.7942088934850051,800,,,,,0.0002423750120215118,1.0,,exact,20ng-sub7951,7951,0.8,0
1,group:religion#t3,This article covers the topic of religion.,cold,7951,7951,0,0,0,0.7718926553672316,0.9496090356211989,0.8515777171795871,1151,,,,,0.00027404201682657003,1.0,,exact,20ng-sub7951,7951,0.8,0
2,leaf:religious debate#t0,The document is about religious debate.,cold,7951,7951,0,0,0,0.45850914205344584,0.9287749287749287,0.6139359698681733,351,,,,,0.00014241697499528527,1.0,,exact,20ng-sub7951,7951,0.8,0
3,group:politics#t1,This text discusses politics.,cold,7951,7951,0,0,0,0.7585513078470825,0.9425,0.8405797101449275,1200,,,,,0.000283041998045519,1.0,,exact,20ng-sub7951,7951,0.8,0
4,union:gun control|medicine#u0,The document is about gun control or about medicine.,cold,7951,7951,0,0,0,0.6878980891719745,0.945,0.7962085308056872,800,,,,,0.0002229579840786755,1.0,,exact,20ng-sub7951,7951,0.8,0
5,group:motor vehicles#t0,The document is about motor vehicles.,exact-hit,0,0,0,0,0,0.6772486772486772,0.96,0.7942088934850051,800,,,,,5.208014044910669e-06,1.0,,exact,20ng-sub7951,7951,0.8,0
6,group:politics#t1,This text discusses politics.,exact-hit,0,0,0,0,0,0.7585513078470825,0.9425,0.8405797101449275,1200,,,,,4.1669991333037615e-06,1.0,,exact,20ng-sub7951,7951,0.8,0
7,group:religion#t0,The document is about religion.,cold,7951,7951,0,0,0,0.75625,0.946133796698523,0.8406020841373988,1151,,,,,0.0002717500028666109,1.0,,exact,20ng-sub7951,7951,0.8,0
8,leaf:political debate#t1,This text discusses political debate.,cold,7951,7951,0,0,0,0.5013157894736842,0.9525,0.6568965517241379,400,,,,,0.00013933298760093749,1.0,,exact,20ng-sub7951,7951,0.8,0
9,group:sports#t1,This text discusses sports.,cold,7951,7951,0,0,0,0.675022381378693,0.9425,0.7866458007303078,800,,,,,0.00018945799092762172,1.0,,exact,20ng-sub7951,7951,0.8,0
10,group:science#t1,This text discusses science.,cold,7951,7951,0,0,0,0.8225806451612904,0.95625,0.8843930635838151,1600,,,,,0.00033974999678321183,1.0,,exact,20ng-sub7951,7951,0.8,0
11,leaf:hockey#t1,This text discusses hockey.,cold,7951,7951,0,0,0,0.5191256830601093,0.95,0.6713780918727915,400,,,,,0.00013208301970735192,1.0,,exact,20ng-sub7951,7951,0.8,0
12,leaf:religious debate#t2,The passage is related to religious debate.,cold,7951,7951,0,0,0,0.4575799721835883,0.9373219373219374,0.6149532710280374,351,,,,,0.00013270799536257982,1.0,,exact,20ng-sub7951,7951,0.8,0
13,leaf:political debate#t0,The document is about political debate.,cold,7951,7951,0,0,0,0.5006553079947575,0.955,0.6569217540842649,400,,,,,0.0001321669842582196,1.0,,exact,20ng-sub7951,7951,0.8,0
14,leaf:items for sale#t3,This article covers the topic of items for sale.,cold,7951,7951,0,0,0,0.5302197802197802,0.965,0.6843971631205673,400,,,,,0.0001247500185854733,1.0,,exact,20ng-sub7951,7951,0.8,0
15,leaf:Christianity#t3,This article covers the topic of Christianity.,cold,7951,7951,0,0,0,0.4961636828644501,0.97,0.6565143824027072,400,,,,,0.00012895799591206014,1.0,,exact,20ng-sub7951,7951,0.8,0
16,union:electronics|hockey#u0,The document is about electronics or about hockey.,cold,7951,7951,0,0,0,0.6773049645390071,0.955,0.7925311203319502,800,,,,,0.00019379198784008622,1.0,,exact,20ng-sub7951,7951,0.8,0
17,group:science#t2,The passage is related to science.,cold,7951,7951,0,0,0,0.8351769911504425,0.94375,0.8861502347417841,1600,,,,,0.0003385829913895577,1.0,,exact,20ng-sub7951,7951,0.8,0
18,group:computers#t1,This text discusses computers.,cold,7951,7951,0,0,0,0.8632865550022635,0.9535,0.9061534806367308,2000,,,,,0.0003931670216843486,1.0,,exact,20ng-sub7951,7951,0.8,0
19,union:Macintosh hardware|items for sale#u1,This text discusses either Macintosh hardware or items for sale.,cold,7951,7951,0,0,0,0.6820652173913043,0.94125,0.7909663865546218,800,,,,,0.00019395901472307742,1.0,,exact,20ng-sub7951,7951,0.8,0
20,group:motor vehicles#t3,This article covers the topic of motor vehicles.,cold,7951,7951,0,0,0,0.6746666666666666,0.94875,0.7885714285714286,800,,,,,0.00019887500093318522,1.0,,exact,20ng-sub7951,7951,0.8,0
21,group:sports#t3,This article covers the topic of sports.,cold,7951,7951,0,0,0,0.6850533807829181,0.9625,0.8004158004158003,800,,,,,0.00019225000869482756,1.0,,exact,20ng-sub7951,7951,0.8,0
22,group:motor vehicles#t3,This article covers the topic of motor vehicles.,exact-hit,0,0,0,0,0,0.6746666666666666,0.94875,0.7885714285714286,800,,,,,3.416003892198205e-06,1.0,,exact,20ng-sub7951,7951,0.8,0
23,group:motor vehicles#t3,This article covers the topic of motor vehicles.,exact-hit,0,0,0,0,0,0.6746666666666666,0.94875,0.7885714285714286,800,,,,,2.667016815394163e-06,1.0,,exact,20ng-sub7951,7951,0.8,0
24,union:PC hardware|cryptography#u0,The document is about PC hardware or about cryptography.,cold,7951,7951,0,0,0,0.6822262118491921,0.95,0.7941483803552768,800,,,,,0.00021641701459884644,1.0,,exact,20ng-sub7951,7951,0.8,0
25,leaf:political debate#t1,This text discusses political debate.,exact-hit,0,0,0,0,0,0.5013157894736842,0.9525,0.6568965517241379,400,,,,,1.0249990737065673e-05,1.0,,exact,20ng-sub7951,7951,0.8,0
26,union:Macintosh hardware|space exploration#u1,This text discusses either Macintosh hardware or space exploration.,cold,7951,7951,0,0,0,0.6817359855334539,0.9425,0.7911857292759705,800,,,,,0.00022879199241288006,1.0,,exact,20ng-sub7951,7951,0.8,0
27,leaf:baseball#t2,The passage is related to baseball.,cold,7951,7951,0,0,0,0.5045992115637319,0.96,0.661498708010336,400,,,,,0.0001415410079061985,1.0,,exact,20ng-sub7951,7951,0.8,0
28,group:computers#t0,The document is about computers.,cold,7951,7951,0,0,0,0.8617700729927007,0.9445,0.9012404580152671,2000,,,,,0.0003880829899571836,1.0,,exact,20ng-sub7951,7951,0.8,0
29,leaf:baseball#t3,This article covers the topic of baseball.,cold,7951,7951,0,0,0,0.5192307692307693,0.945,0.6702127659574468,400,,,,,0.0001289580250158906,1.0,,exact,20ng-sub7951,7951,0.8,0
30,leaf:electronics#t0,The document is about electronics.,cold,7951,7951,0,0,0,0.4980340760157274,0.95,0.653482373172829,400,,,,,0.0001404999929945916,1.0,,exact,20ng-sub7951,7951,0.8,0
31,union:PC hardware|items for sale#u1,This text discusses either PC hardware or items for sale.,cold,7951,7951,0,0,0,0.6787658802177858,0.935,0.786540483701367,800,,,,,0.00019595798221416771,1.0,,exact,20ng-sub7951,7951,0.8,0
32,union:computer graphics|motorcycles#u0,The document is about computer graphics or about motorcycles.,cold,7951,7951,0,0,0,0.6859205776173285,0.95,0.7966457023060796,800,,,,,0.0002036660152953118,1.0,,exact,20ng-sub7951,7951,0.8,0
33,union:Macintosh hardware|electronics#u0,The document is about Macintosh hardware or about electronics.,cold,7951,7951,0,0,0,0.6783154121863799,0.94625,0.7901878914405011,800,,,,,0.0001990000018849969,1.0,,exact,20ng-sub7951,7951,0.8,0
34,group:computers#t1,This text discusses computers.,exact-hit,0,0,0,0,0,0.8632865550022635,0.9535,0.9061534806367308,2000,,,,,3.3329997677356005e-06,1.0,,exact,20ng-sub7951,7951,0.8,0
35,group:religion#t1,This text discusses religion.,cold,7951,7951,0,0,0,0.7639275766016713,0.9530842745438749,0.848086586780054,1151,,,,,0.0002831250021699816,1.0,,exact,20ng-sub7951,7951,0.8,0
36,group:computers#t0,The document is about computers.,exact-hit,0,0,0,0,0,0.8617700729927007,0.9445,0.9012404580152671,2000,,,,,3.1250237952917814e-06,1.0,,exact,20ng-sub7951,7951,0.8,0
37,union:Middle East affairs|items for sale#u1,This text discusses either Middle East affairs or items for sale.,cold,7951,7951,0,0,0,0.6862745098039216,0.9625,0.801248699271592,800,,,,,0.00019166700076311827,1.0,,exact,20ng-sub7951,7951,0.8,0
38,leaf:the Microsoft Windows operating system#t1,This text discusses the Microsoft Windows operating system.,cold,7951,7951,0,0,0,0.5213793103448275,0.945,0.6719999999999999,400,,,,,0.00011712498962879181,1.0,,exact,20ng-sub7951,7951,0.8,0
39,group:sports#t2,The passage is related to sports.,cold,7951,7951,0,0,0,0.6605101143359718,0.93875,0.7754259163655136,800,,,,,0.00018766699940897524,1.0,,exact,20ng-sub7951,7951,0.8,0
40,leaf:motorcycles#t0,The document is about motorcycles.,cold,7951,7951,0,0,0,0.5104712041884817,0.975,0.6701030927835051,400,,,,,0.00013679199037142098,1.0,,exact,20ng-sub7951,7951,0.8,0
41,group:motor vehicles#t0,The document is about motor vehicles.,exact-hit,0,0,0,0,0,0.6772486772486772,0.96,0.7942088934850051,800,,,,,3.374996595084667e-06,1.0,,exact,20ng-sub7951,7951,0.8,0
42,union:Christianity|political debate#u1,This text discusses either Christianity or political debate.,cold,7951,7951,0,0,0,0.6819407008086253,0.94875,0.7935180345007842,800,,,,,0.0001977079955395311,1.0,,exact,20ng-sub7951,7951,0.8,0
43,group:motor vehicles#t2,The passage is related to motor vehicles.,cold,7951,7951,0,0,0,0.67825311942959,0.95125,0.7918834547346514,800,,,,,0.00020404200768098235,1.0,,exact,20ng-sub7951,7951,0.8,0
44,leaf:motorcycles#t2,The passage is related to motorcycles.,cold,7951,7951,0,0,0,0.5013192612137203,0.95,0.6563039723661485,400,,,,,0.0001340000017080456,1.0,,exact,20ng-sub7951,7951,0.8,0
45,group:motor vehicles#t1,This text discusses motor vehicles.,cold,7951,7951,0,0,0,0.6865008880994672,0.96625,0.8026998961578402,800,,,,,0.0001934999891091138,1.0,,exact,20ng-sub7951,7951,0.8,0
46,group:religion#t0,The document is about religion.,exact-hit,0,0,0,0,0,0.75625,0.946133796698523,0.8406020841373988,1151,,,,,3.249995643272996e-06,1.0,,exact,20ng-sub7951,7951,0.8,0
47,group:sports#t3,This article covers the topic of sports.,exact-hit,0,0,0,0,0,0.6850533807829181,0.9625,0.8004158004158003,800,,,,,3.541994374245405e-06,1.0,,exact,20ng-sub7951,7951,0.8,0
48,union:Macintosh hardware|cars#u1,This text discusses either Macintosh hardware or cars.,cold,7951,7951,0,0,0,0.6620087336244541,0.9475,0.7794344473007713,800,,,,,0.00018245901446789503,1.0,,exact,20ng-sub7951,7951,0.8,0
49,leaf:computer graphics#t1,This text discusses computer graphics.,cold,7951,7951,0,0,0,0.5,0.96,0.6575342465753424,400,,,,,0.00012570800026878715,1.0,,exact,20ng-sub7951,7951,0.8,0
50,union:atheism|hockey#u1,This text discusses either atheism or hockey.,cold,7951,7951,0,0,0,0.6812891674127126,0.95125,0.7939488784559208,800,,,,,0.000181332987267524,1.0,,exact,20ng-sub7951,7951,0.8,0
51,leaf:items for sale#t0,The document is about items for sale.,cold,7951,7951,0,0,0,0.5093582887700535,0.9525,0.6637630662020907,400,,,,,0.00012687500566244125,1.0,,exact,20ng-sub7951,7951,0.8,0
52,leaf:baseball#t0,The document is about baseball.,cold,7951,7951,0,0,0,0.47167487684729065,0.9575,0.632013201320132,400,,,,,0.0001280000142287463,1.0,,exact,20ng-sub7951,7951,0.8,0
53,union:hockey|motorcycles#u0,The document is about hockey or about motorcycles.,cold,7951,7951,0,0,0,0.6937842778793418,0.94875,0.8014783526927138,800,,,,,0.00019995798356831074,1.0,,exact,20ng-sub7951,7951,0.8,0
54,group:politics#t0,The document is about politics.,cold,7951,7951,0,0,0,0.7853223593964335,0.9541666666666667,0.8615500376222724,1200,,,,,0.00026408402482047677,1.0,,exact,20ng-sub7951,7951,0.8,0
55,group:motor vehicles#t1,This text discusses motor vehicles.,exact-hit,0,0,0,0,0,0.6865008880994672,0.96625,0.8026998961578402,800,,,,,2.874992787837982e-06,1.0,,exact,20ng-sub7951,7951,0.8,0
56,leaf:atheism#t3,This article covers the topic of atheism.,cold,7951,7951,0,0,0,0.4914361001317523,0.9325,0.6436583261432269,400,,,,,0.00012283300748094916,1.0,,exact,20ng-sub7951,7951,0.8,0
57,union:atheism|gun control#u1,This text discusses either atheism or gun control.,cold,7951,7951,0,0,0,0.6836827711941659,0.9375,0.790722192936215,800,,,,,0.0002018329978454858,1.0,,exact,20ng-sub7951,7951,0.8,0
58,leaf:cars#t2,The passage is related to cars.,cold,7951,7951,0,0,0,0.5006622516556292,0.945,0.6545454545454544,400,,,,,0.00012495898408815265,1.0,,exact,20ng-sub7951,7951,0.8,0
59,group:sports#t2,The passage is related to sports.,exact-hit,0,0,0,0,0,0.6605101143359718,0.93875,0.7754259163655136,800,,,,,3.374996595084667e-06,1.0,,exact,20ng-sub7951,7951,0.8,0
60,group:motor vehicles#t2,The passage is related to motor vehicles.,exact-hit,0,0,0,0,0,0.67825311942959,0.95125,0.7918834547346514,800,,,,,3.374996595084667e-06,1.0,,exact,20ng-sub7951,7951,0.8,0
61,group:computers#t0,The document is about computers.,exact-hit,0,0,0,0,0,0.8617700729927007,0.9445,0.9012404580152671,2000,,,,,3.749999450519681e-06,1.0,,exact,20ng-sub7951,7951,0.8,0
62,union:medicine|the Microsoft Windows operating system#u0,The document is about medicine or about the Microsoft Windows operating system.,cold,7951,7951,0,0,0,0.6821428571428572,0.955,0.7958333333333334,800,,,,,0.00019458399037830532,1.0,,exact,20ng-sub7951,7951,0.8,0
63,union:baseball|items for sale#u0,The document is about baseball or about items for sale.,cold,7951,7951,0,0,0,0.6909254267744834,0.96125,0.8039728175640356,800,,,,,0.00018670898862183094,1.0,,exact,20ng-sub7951,7951,0.8,0
64,union:atheism|medicine#u1,This text discusses either atheism or medicine.,cold,7951,7951,0,0,0,0.6711229946524064,0.94125,0.7835587929240375,800,,,,,0.00019374999101273715,1.0,,exact,20ng-sub7951,7951,0.8,0
65,union:hockey|the X Window System#u1,This text discusses either hockey or the X Window System.,cold,7951,7951,0,0,0,0.6822682268226823,0.9475,0.793301936159079,800,,,,,0.00019129199790768325,1.0,,exact,20ng-sub7951,7951,0.8,0
66,leaf:cryptography#t0,The document is about cryptography.,cold,7951,7951,0,0,0,0.5291666666666667,0.9525,0.6803571428571429,400,,,,,0.00012933398829773068,1.0,,exact,20ng-sub7951,7951,0.8,0
67,leaf:motorcycles#t3,This article covers the topic of motorcycles.,cold,7951,7951,0,0,0,0.500651890482399,0.96,0.6580976863753214,400,,,,,0.00013883400242775679,1.0,,exact,20ng-sub7951,7951,0.8,0
68,leaf:hockey#t1,This text discusses hockey.,exact-hit,0,0,0,0,0,0.5191256830601093,0.95,0.6713780918727915,400,,,,,3.790977643802762e-06,1.0,,exact,20ng-sub7951,7951,0.8,0
69,leaf:baseball#t2,The passage is related to baseball.,exact-hit,0,0,0,0,0,0.5045992115637319,0.96,0.661498708010336,400,,,,,3.1249946914613247e-06,1.0,,exact,20ng-sub7951,7951,0.8,0
70,group:motor vehicles#t0,The document is about motor vehicles.,exact-hit,0,0,0,0,0,0.6772486772486772,0.96,0.7942088934850051,800,,,,,3.416003892198205e-06,1.0,,exact,20ng-sub7951,7951,0.8,0
71,leaf:the Microsoft Windows operating system#t2,The passage is related to the Microsoft Windows operating system.,cold,7951,7951,0,0,0,0.4922077922077922,0.9475,0.6478632478632479,400,,,,,0.0001247919863089919,1.0,,exact,20ng-sub7951,7951,0.8,0
72,leaf:motorcycles#t2,The passage is related to motorcycles.,exact-hit,0,0,0,0,0,0.5013192612137203,0.95,0.6563039723661485,400,,,,,3.583001671358943e-06,1.0,,exact,20ng-sub7951,7951,0.8,0
73,group:sports#t2,The passage is related to sports.,exact-hit,0,0,0,0,0,0.6605101143359718,0.93875,0.7754259163655136,800,,,,,2.9579969123005867e-06,1.0,,exact,20ng-sub7951,7951,0.8,0
74,union:Macintosh hardware|electronics#u1,This text discusses either Macintosh hardware or electronics.,cold,7951,7951,0,0,0,0.6890909090909091,0.9475,0.7978947368421053,800,,,,,0.0002067500026896596,1.0,,exact,20ng-sub7951,7951,0.8,0
75,leaf:Christianity#t3,This article covers the topic of Christianity.,exact-hit,0,0,0,0,0,0.4961636828644501,0.97,0.6565143824027072,400,,,,,3.7919962778687477e-06,1.0,,exact,20ng-sub7951,7951,0.8,0
76,group:sports#t2,The passage is related to sports.,exact-hit,0,0,0,0,0,0.6605101143359718,0.93875,0.7754259163655136,800,,,,,2.167013008147478e-06,1.0,,exact,20ng-sub7951,7951,0.8,0
77,leaf:religious debate#t3,This article covers the topic of religious debate.,cold,7951,7951,0,0,0,0.4715909090909091,0.9458689458689459,0.6293838862559242,351,,,,,0.00013025000225752592,1.0,,exact,20ng-sub7951,7951,0.8,0
78,union:atheism|baseball#u1,This text discusses either atheism or baseball.,cold,7951,7951,0,0,0,0.6781609195402298,0.95875,0.7944070429829103,800,,,,,0.00019295798847451806,1.0,,exact,20ng-sub7951,7951,0.8,0
79,leaf:items for sale#t2,The passage is related to items for sale.,cold,7951,7951,0,0,0,0.5013297872340425,0.9425,0.654513888888889,400,,,,,0.00012250000145286322,1.0,,exact,20ng-sub7951,7951,0.8,0
80,union:Macintosh hardware|religious debate#u0,The document is about Macintosh hardware or about religious debate.,cold,7951,7951,0,0,0,0.6745956232159848,0.9440745672436751,0.7869034406215316,751,,,,,0.0001851250126492232,1.0,,exact,20ng-sub7951,7951,0.8,0
81,group:motor vehicles#t1,This text discusses motor vehicles.,exact-hit,0,0,0,0,0,0.6865008880994672,0.96625,0.8026998961578402,800,,,,,3.0410010367631912e-06,1.0,,exact,20ng-sub7951,7951,0.8,0
82,leaf:cars#t0,The document is about cars.,cold,7951,7951,0,0,0,0.49868766404199477,0.95,0.6540447504302925,400,,,,,0.00011925000580959022,1.0,,exact,20ng-sub7951,7951,0.8,0
83,leaf:PC hardware#t0,The document is about PC hardware.,cold,7951,7951,0,0,0,0.5006587615283268,0.95,0.6557377049180327,400,,,,,0.0001360829919576645,1.0,,exact,20ng-sub7951,7951,0.8,0
84,group:religion#t2,The passage is related to religion.,cold,7951,7951,0,0,0,0.7679830747531735,0.946133796698523,0.8478007006617361,1151,,,,,0.0002511249913368374,1.0,,exact,20ng-sub7951,7951,0.8,0
85,union:Christianity|hockey#u0,The document is about Christianity or about hockey.,cold,7951,7951,0,0,0,0.6785079928952042,0.955,0.7933541017653168,800,,,,,0.00025866602663882077,1.0,,exact,20ng-sub7951,7951,0.8,0
86,group:religion#t0,The document is about religion.,exact-hit,0,0,0,0,0,0.75625,0.946133796698523,0.8406020841373988,1151,,,,,5.250010872259736e-06,1.0,,exact,20ng-sub7951,7951,0.8,0
87,union:atheism|computer graphics#u1,This text discusses either atheism or computer graphics.,cold,7951,7951,0,0,0,0.6651982378854625,0.94375,0.7803617571059431,800,,,,,0.0002017499937210232,1.0,,exact,20ng-sub7951,7951,0.8,0
88,union:motorcycles|political debate#u1,This text discusses either motorcycles or political debate.,cold,7951,7951,0,0,0,0.6916058394160584,0.9475,0.79957805907173,800,,,,,0.00021070800721645355,1.0,,exact,20ng-sub7951,7951,0.8,0
89,group:motor vehicles#t0,The document is about motor vehicles.,exact-hit,0,0,0,0,0,0.6772486772486772,0.96,0.7942088934850051,800,,,,,3.6660057958215475e-06,1.0,,exact,20ng-sub7951,7951,0.8,0
90,union:PC hardware|political debate#u0,The document is about PC hardware or about political debate.,cold,7951,7951,0,0,0,0.6888686131386861,0.94375,0.7964135021097046,800,,,,,0.00019874999998137355,1.0,,exact,20ng-sub7951,7951,0.8,0
91,leaf:Macintosh hardware#t0,The document is about Macintosh hardware.,cold,7951,7951,0,0,0,0.513550135501355,0.9475,0.6660808435852372,400,,,,,0.00012179199256934226,1.0,,exact,20ng-sub7951,7951,0.8,0
92,leaf:items for sale#t1,This text discusses items for sale.,cold,7951,7951,0,0,0,0.49742268041237114,0.965,0.6564625850340137,400,,,,,0.00012079201405867934,1.0,,exact,20ng-sub7951,7951,0.8,0
93,leaf:the Microsoft Windows operating system#t0,The document is about the Microsoft Windows operating system.,cold,7951,7951,0,0,0,0.48623853211009177,0.9275,0.6380051590713672,400,,,,,0.00012454198440536857,1.0,,exact,20ng-sub7951,7951,0.8,0
94,leaf:the Microsoft Windows operating system#t1,This text discusses the Microsoft Windows operating system.,exact-hit,0,0,0,0,0,0.5213793103448275,0.945,0.6719999999999999,400,,,,,3.374996595084667e-06,1.0,,exact,20ng-sub7951,7951,0.8,0
95,group:computers#t3,This article covers the topic of computers.,cold,7951,7951,0,0,0,0.875344986200552,0.9515,0.911835170100623,2000,,,,,0.0003802090068347752,1.0,,exact,20ng-sub7951,7951,0.8,0
96,leaf:PC hardware#t1,This text discusses PC hardware.,cold,7951,7951,0,0,0,0.5013157894736842,0.9525,0.6568965517241379,400,,,,,0.0001340000017080456,1.0,,exact,20ng-sub7951,7951,0.8,0
97,leaf:cars#t2,The passage is related to cars.,exact-hit,0,0,0,0,0,0.5006622516556292,0.945,0.6545454545454544,400,,,,,3.6249984987080097e-06,1.0,,exact,20ng-sub7951,7951,0.8,0
98,union:Christianity|items for sale#u0,The document is about Christianity or about items for sale.,cold,7951,7951,0,0,0,0.6783154121863799,0.94625,0.7901878914405011,800,,,,,0.00018520900630392134,1.0,,exact,20ng-sub7951,7951,0.8,0
99,group:politics#t2,The passage is related to politics.,cold,7951,7951,0,0,0,0.766260162601626,0.9425,0.8452914798206278,1200,,,,,0.0002616249839775264,1.0,,exact,20ng-sub7951,7951,0.8,0
100,leaf:gun control#t2,The passage is related to gun control.,cold,7951,7951,0,0,0,0.5109289617486339,0.935,0.6607773851590106,400,,,,,0.00014291598927229643,1.0,,exact,20ng-sub7951,7951,0.8,0
101,union:Middle East affairs|items for sale#u1,This text discusses either Middle East affairs or items for sale.,exact-hit,0,0,0,0,0,0.6862745098039216,0.9625,0.801248699271592,800,,,,,3.4999975468963385e-06,1.0,,exact,20ng-sub7951,7951,0.8,0
102,leaf:computer graphics#t3,This article covers the topic of computer graphics.,cold,7951,7951,0,0,0,0.49933949801849403,0.945,0.6534140017286084,400,,,,,0.00012491599773056805,1.0,,exact,20ng-sub7951,7951,0.8,0
103,leaf:religious debate#t3,This article covers the topic of religious debate.,exact-hit,0,0,0,0,0,0.4715909090909091,0.9458689458689459,0.6293838862559242,351,,,,,2.9999937396496534e-06,1.0,,exact,20ng-sub7951,7951,0.8,0
104,leaf:atheism#t3,This article covers the topic of atheism.,exact-hit,0,0,0,0,0,0.4914361001317523,0.9325,0.6436583261432269,400,,,,,3.082997864112258e-06,1.0,,exact,20ng-sub7951,7951,0.8,0
105,group:religion#t1,This text discusses religion.,exact-hit,0,0,0,0,0,0.7639275766016713,0.9530842745438749,0.848086586780054,1151,,,,,2.7920177672058344e-06,1.0,,exact,20ng-sub7951,7951,0.8,0
106,union:hockey|items for sale#u0,The document is about hockey or about items for sale.,cold,7951,7951,0,0,0,0.6779359430604982,0.9525,0.7920997920997921,800,,,,,0.00018087498028762639,1.0,,exact,20ng-sub7951,7951,0.8,0
107,group:motor vehicles#t0,The document is about motor vehicles.,exact-hit,0,0,0,0,0,0.6772486772486772,0.96,0.7942088934850051,800,,,,,2.542015863582492e-06,1.0,,exact,20ng-sub7951,7951,0.8,0
108,union:space exploration|the Microsoft Windows operating system#u1,This text discusses either space exploration or the Microsoft Windows operating system.,cold,7951,7951,0,0,0,0.6792792792792792,0.9425,0.7895287958115182,800,,,,,0.0001892919826786965,1.0,,exact,20ng-sub7951,7951,0.8,0
109,group:sports#t2,The passage is related to sports.,exact-hit,0,0,0,0,0,0.6605101143359718,0.93875,0.7754259163655136,800,,,,,2.916989615187049e-06,1.0,,exact,20ng-sub7951,7951,0.8,0
110,group:sports#t1,This text discusses sports.,exact-hit,0,0,0,0,0,0.675022381378693,0.9425,0.7866458007303078,800,,,,,2.6249908842146397e-06,1.0,,exact,20ng-sub7951,7951,0.8,0
111,leaf:atheism#t3,This article covers the topic of atheism.,exact-hit,0,0,0,0,0,0.4914361001317523,0.9325,0.6436583261432269,400,,,,,2.415996277704835e-06,1.0,,exact,20ng-sub7951,7951,0.8,0
112,leaf:Middle East affairs#t2,The passage is related to Middle East affairs.,cold,7951,7951,0,0,0,0.4961139896373057,0.9575,0.6535836177474402,400,,,,,0.000122333993203938,1.0,,exact,20ng-sub7951,7951,0.8,0
113,union:Macintosh hardware|motorcycles#u1,This text discusses either Macintosh hardware or motorcycles.,cold,7951,7951,0,0,0,0.6681695220919748,0.92625,0.7763226820324777,800,,,,,0.00020004200632683933,1.0,,exact,20ng-sub7951,7951,0.8,0
114,union:political debate|religious debate#u0,The document is about political debate or about religious debate.,cold,7951,7951,0,0,0,0.6824196597353497,0.9613848202396804,0.7982310668877832,751,,,,,0.00019175000488758087,1.0,,exact,20ng-sub7951,7951,0.8,0
115,leaf:gun control#t3,This article covers the topic of gun control.,cold,7951,7951,0,0,0,0.5134408602150538,0.955,0.6678321678321678,400,,,,,0.0001385000068694353,1.0,,exact,20ng-sub7951,7951,0.8,0
116,leaf:medicine#t2,The passage is related to medicine.,cold,7951,7951,0,0,0,0.5203252032520326,0.96,0.6748681898066784,400,,,,,0.00012916699051856995,1.0,,exact,20ng-sub7951,7951,0.8,0
117,group:politics#t1,This text discusses politics.,exact-hit,0,0,0,0,0,0.7585513078470825,0.9425,0.8405797101449275,1200,,,,,2.9579969123005867e-06,1.0,,exact,20ng-sub7951,7951,0.8,0
118,group:science#t2,The passage is related to science.,exact-hit,0,0,0,0,0,0.8351769911504425,0.94375,0.8861502347417841,1600,,,,,3.4580007195472717e-06,1.0,,exact,20ng-sub7951,7951,0.8,0
119,group:religion#t0,The document is about religion.,exact-hit,0,0,0,0,0,0.75625,0.946133796698523,0.8406020841373988,1151,,,,,2.4999899324029684e-06,1.0,,exact,20ng-sub7951,7951,0.8,0
0,group:motor vehicles#t0,The document is about motor vehicles.,cold,7951,7951,0,0,0,0.6772486772486772,0.96,0.7942088934850051,800,,,,,0.03763466700911522,1.0,,embed@0.8,20ng-sub7951,7951,0.8,0
1,group:religion#t3,This article covers the topic of religion.,cold,7951,7951,0,0,0,0.7718926553672316,0.9496090356211989,0.8515777171795871,1151,,,,,0.029150707996450365,1.0,,embed@0.8,20ng-sub7951,7951,0.8,0
2,leaf:religious debate#t0,The document is about religious debate.,cold,7951,7951,0,0,0,0.45850914205344584,0.9287749287749287,0.6139359698681733,351,,,,,0.031498458003625274,1.0,,embed@0.8,20ng-sub7951,7951,0.8,0
3,group:politics#t1,This text discusses politics.,cold,7951,7951,0,0,0,0.7585513078470825,0.9425,0.8405797101449275,1200,,,,,0.07060279199504294,1.0,,embed@0.8,20ng-sub7951,7951,0.8,0
4,union:gun control|medicine#u0,The document is about gun control or about medicine.,cold,7951,7951,0,0,0,0.6878980891719745,0.945,0.7962085308056872,800,,,,,0.02861700000357814,1.0,,embed@0.8,20ng-sub7951,7951,0.8,0
5,group:motor vehicles#t0,The document is about motor vehicles.,embed-hit@1.00,0,0,0,0,0,0.6772486772486772,0.96,0.7942088934850051,800,,,,,4.891701973974705e-05,1.0,,embed@0.8,20ng-sub7951,7951,0.8,0
6,group:politics#t1,This text discusses politics.,embed-hit@1.00,0,0,0,0,0,0.7585513078470825,0.9425,0.8405797101449275,1200,,,,,4.141699173487723e-05,1.0,,embed@0.8,20ng-sub7951,7951,0.8,0
7,group:religion#t0,The document is about religion.,embed-hit@0.89,0,0,0,0,0,0.5119549929676512,0.31624674196351,0.39097744360902253,1151,,,,,0.040837125008692965,0.24583333333333332,,embed@0.8,20ng-sub7951,7951,0.8,0
8,leaf:political debate#t1,This text discusses political debate.,embed-hit@0.87,0,0,0,0,0,0.25687458081824277,0.9575,0.405076679005817,400,,,,,0.04182870901422575,0.5421052631578948,,embed@0.8,20ng-sub7951,7951,0.8,0
9,group:sports#t1,This text discusses sports.,cold,7951,7951,0,0,0,0.675022381378693,0.9425,0.7866458007303078,800,,,,,0.040411541995126754,1.0,,embed@0.8,20ng-sub7951,7951,0.8,0
10,group:science#t1,This text discusses science.,cold,7951,7951,0,0,0,0.8225806451612904,0.95625,0.8843930635838151,1600,,,,,0.01872370799537748,1.0,,embed@0.8,20ng-sub7951,7951,0.8,0
11,leaf:hockey#t1,This text discusses hockey.,embed-hit@0.81,0,0,0,0,0,0.341987466427932,0.955,0.5036255767963085,400,,,,,0.009282541985157877,0.5396174863387978,,embed@0.8,20ng-sub7951,7951,0.8,0
12,leaf:religious debate#t2,The passage is related to religious debate.,cold,7951,7951,0,0,0,0.4575799721835883,0.9373219373219374,0.6149532710280374,351,,,,,0.00964433400076814,1.0,,embed@0.8,20ng-sub7951,7951,0.8,0
13,leaf:political debate#t0,The document is about political debate.,cold,7951,7951,0,0,0,0.5006553079947575,0.955,0.6569217540842649,400,,,,,0.012949458003276959,1.0,,embed@0.8,20ng-sub7951,7951,0.8,0
14,leaf:items for sale#t3,This article covers the topic of items for sale.,cold,7951,7951,0,0,0,0.5302197802197802,0.965,0.6843971631205673,400,,,,,0.012280417024157941,1.0,,embed@0.8,20ng-sub7951,7951,0.8,0
15,leaf:Christianity#t3,This article covers the topic of Christianity.,embed-hit@0.83,0,0,0,0,0,0.268361581920904,0.95,0.41850220264317184,400,,,,,0.011611750000156462,0.5562659846547314,,embed@0.8,20ng-sub7951,7951,0.8,0
16,union:electronics|hockey#u0,The document is about electronics or about hockey.,cold,7951,7951,0,0,0,0.6773049645390071,0.955,0.7925311203319502,800,,,,,0.027577958011534065,1.0,,embed@0.8,20ng-sub7951,7951,0.8,0
17,group:science#t2,The passage is related to science.,cold,7951,7951,0,0,0,0.8351769911504425,0.94375,0.8861502347417841,1600,,,,,0.01125783400493674,1.0,,embed@0.8,20ng-sub7951,7951,0.8,0
18,group:computers#t1,This text discusses computers.,cold,7951,7951,0,0,0,0.8632865550022635,0.9535,0.9061534806367308,2000,,,,,0.01086583299911581,1.0,,embed@0.8,20ng-sub7951,7951,0.8,0
19,union:Macintosh hardware|items for sale#u1,This text discusses either Macintosh hardware or items for sale.,cold,7951,7951,0,0,0,0.6820652173913043,0.94125,0.7909663865546218,800,,,,,0.0318447090103291,1.0,,embed@0.8,20ng-sub7951,7951,0.8,0
20,group:motor vehicles#t3,This article covers the topic of motor vehicles.,cold,7951,7951,0,0,0,0.6746666666666666,0.94875,0.7885714285714286,800,,,,,0.010019500012276694,1.0,,embed@0.8,20ng-sub7951,7951,0.8,0
21,group:sports#t3,This article covers the topic of sports.,embed-hit@0.80,0,0,0,0,0,0.675022381378693,0.9425,0.7866458007303078,800,,,,,0.0121948329906445,0.6601423487544484,,embed@0.8,20ng-sub7951,7951,0.8,0
22,group:motor vehicles#t3,This article covers the topic of motor vehicles.,embed-hit@1.00,0,0,0,0,0,0.6746666666666666,0.94875,0.7885714285714286,800,,,,,5.4625008488073945e-05,1.0,,embed@0.8,20ng-sub7951,7951,0.8,0
23,group:motor vehicles#t3,This article covers the topic of motor vehicles.,embed-hit@1.00,0,0,0,0,0,0.6746666666666666,0.94875,0.7885714285714286,800,,,,,4.854099825024605e-05,1.0,,embed@0.8,20ng-sub7951,7951,0.8,0
24,union:PC hardware|cryptography#u0,The document is about PC hardware or about cryptography.,cold,7951,7951,0,0,0,0.6822262118491921,0.95,0.7941483803552768,800,,,,,0.011204375012312084,1.0,,embed@0.8,20ng-sub7951,7951,0.8,0
25,leaf:political debate#t1,This text discusses political debate.,embed-hit@0.87,0,0,0,0,0,0.25687458081824277,0.9575,0.405076679005817,400,,,,,6.695801857858896e-05,0.5421052631578948,,embed@0.8,20ng-sub7951,7951,0.8,0
26,union:Macintosh hardware|space exploration#u1,This text discusses either Macintosh hardware or space exploration.,cold,7951,7951,0,0,0,0.6817359855334539,0.9425,0.7911857292759705,800,,,,,0.01104004099033773,1.0,,embed@0.8,20ng-sub7951,7951,0.8,0
27,leaf:baseball#t2,The passage is related to baseball.,cold,7951,7951,0,0,0,0.5045992115637319,0.96,0.661498708010336,400,,,,,0.014279208990046754,1.0,,embed@0.8,20ng-sub7951,7951,0.8,0
28,group:computers#t0,The document is about computers.,embed-hit@0.81,0,0,0,0,0,0.8632865550022635,0.9535,0.9061534806367308,2000,,,,,0.0145479159837123,0.8289233576642335,,embed@0.8,20ng-sub7951,7951,0.8,0
29,leaf:baseball#t3,This article covers the topic of baseball.,cold,7951,7951,0,0,0,0.5192307692307693,0.945,0.6702127659574468,400,,,,,0.00900487499893643,1.0,,embed@0.8,20ng-sub7951,7951,0.8,0
30,leaf:electronics#t0,The document is about electronics.,cold,7951,7951,0,0,0,0.4980340760157274,0.95,0.653482373172829,400,,,,,0.014887166995322332,1.0,,embed@0.8,20ng-sub7951,7951,0.8,0
31,union:PC hardware|items for sale#u1,This text discusses either PC hardware or items for sale.,embed-hit@0.82,0,0,0,0,0,0.358695652173913,0.495,0.41596638655462187,800,,,,,0.012819709023460746,0.367513611615245,,embed@0.8,20ng-sub7951,7951,0.8,0
32,union:computer graphics|motorcycles#u0,The document is about computer graphics or about motorcycles.,cold,7951,7951,0,0,0,0.6859205776173285,0.95,0.7966457023060796,800,,,,,0.013067040999885648,1.0,,embed@0.8,20ng-sub7951,7951,0.8,0
33,union:Macintosh hardware|electronics#u0,The document is about Macintosh hardware or about electronics.,cold,7951,7951,0,0,0,0.6783154121863799,0.94625,0.7901878914405011,800,,,,,0.009800041007110849,1.0,,embed@0.8,20ng-sub7951,7951,0.8,0
34,group:computers#t1,This text discusses computers.,embed-hit@1.00,0,0,0,0,0,0.8632865550022635,0.9535,0.9061534806367308,2000,,,,,6.845800089649856e-05,1.0,,embed@0.8,20ng-sub7951,7951,0.8,0
35,group:religion#t1,This text discusses religion.,cold,7951,7951,0,0,0,0.7639275766016713,0.9530842745438749,0.848086586780054,1151,,,,,0.011328958004014567,1.0,,embed@0.8,20ng-sub7951,7951,0.8,0
36,group:computers#t0,The document is about computers.,embed-hit@0.81,0,0,0,0,0,0.8632865550022635,0.9535,0.9061534806367308,2000,,,,,6.970801041461527e-05,0.8289233576642335,,embed@0.8,20ng-sub7951,7951,0.8,0
37,union:Middle East affairs|items for sale#u1,This text discusses either Middle East affairs or items for sale.,cold,7951,7951,0,0,0,0.6862745098039216,0.9625,0.801248699271592,800,,,,,0.04082537500653416,1.0,,embed@0.8,20ng-sub7951,7951,0.8,0
38,leaf:the Microsoft Windows operating system#t1,This text discusses the Microsoft Windows operating system.,cold,7951,7951,0,0,0,0.5213793103448275,0.945,0.6719999999999999,400,,,,,0.009264833002816886,1.0,,embed@0.8,20ng-sub7951,7951,0.8,0
39,group:sports#t2,The passage is related to sports.,embed-hit@0.85,0,0,0,0,0,0.5308804204993429,0.505,0.5176169122357462,800,,,,,0.012897333013825119,0.3518029903254178,,embed@0.8,20ng-sub7951,7951,0.8,0
40,leaf:motorcycles#t0,The document is about motorcycles.,embed-hit@0.86,0,0,0,0,0,0.34296028880866425,0.95,0.5039787798408488,400,,,,,0.014707833994179964,0.5379581151832461,,embed@0.8,20ng-sub7951,7951,0.8,0
41,group:motor vehicles#t0,The document is about motor vehicles.,embed-hit@1.00,0,0,0,0,0,0.6772486772486772,0.96,0.7942088934850051,800,,,,,7.62919953558594e-05,1.0,,embed@0.8,20ng-sub7951,7951,0.8,0
42,union:Christianity|political debate#u1,This text discusses either Christianity or political debate.,cold,7951,7951,0,0,0,0.6819407008086253,0.94875,0.7935180345007842,800,,,,,0.013103958015562966,1.0,,embed@0.8,20ng-sub7951,7951,0.8,0
43,group:motor vehicles#t2,The passage is related to motor vehicles.,cold,7951,7951,0,0,0,0.67825311942959,0.95125,0.7918834547346514,800,,,,,0.00933529098983854,1.0,,embed@0.8,20ng-sub7951,7951,0.8,0
44,leaf:motorcycles#t2,The passage is related to motorcycles.,cold,7951,7951,0,0,0,0.5013192612137203,0.95,0.6563039723661485,400,,,,,0.013041458005318418,1.0,,embed@0.8,20ng-sub7951,7951,0.8,0
45,group:motor vehicles#t1,This text discusses motor vehicles.,embed-hit@0.82,0,0,0,0,0,0.6772486772486772,0.96,0.7942088934850051,800,,,,,0.014647667005192488,0.6731793960923623,,embed@0.8,20ng-sub7951,7951,0.8,0
46,group:religion#t0,The document is about religion.,embed-hit@0.89,0,0,0,0,0,0.5119549929676512,0.31624674196351,0.39097744360902253,1151,,,,,0.00011362499208189547,0.24583333333333332,,embed@0.8,20ng-sub7951,7951,0.8,0
47,group:sports#t3,This article covers the topic of sports.,embed-hit@0.80,0,0,0,0,0,0.675022381378693,0.9425,0.7866458007303078,800,,,,,9.250000584870577e-05,0.6601423487544484,,embed@0.8,20ng-sub7951,7951,0.8,0
48,union:Macintosh hardware|cars#u1,This text discusses either Macintosh hardware or cars.,embed-hit@0.80,0,0,0,0,0,0.35054347826086957,0.48375,0.40651260504201686,800,,,,,0.029695000004721805,0.3563318777292576,,embed@0.8,20ng-sub7951,7951,0.8,0
49,leaf:computer graphics#t1,This text discusses computer graphics.,cold,7951,7951,0,0,0,0.5,0.96,0.6575342465753424,400,,,,,0.016900083981454372,1.0,,embed@0.8,20ng-sub7951,7951,0.8,0
50,union:atheism|hockey#u1,This text discusses either atheism or hockey.,cold,7951,7951,0,0,0,0.6812891674127126,0.95125,0.7939488784559208,800,,,,,0.012398791004670784,1.0,,embed@0.8,20ng-sub7951,7951,0.8,0
51,leaf:items for sale#t0,The document is about items for sale.,cold,7951,7951,0,0,0,0.5093582887700535,0.9525,0.6637630662020907,400,,,,,0.016300707997288555,1.0,,embed@0.8,20ng-sub7951,7951,0.8,0
52,leaf:baseball#t0,The document is about baseball.,embed-hit@0.81,0,0,0,0,0,0.5045992115637319,0.96,0.661498708010336,400,,,,,0.009901125013129786,0.48645320197044334,,embed@0.8,20ng-sub7951,7951,0.8,0
53,union:hockey|motorcycles#u0,The document is about hockey or about motorcycles.,cold,7951,7951,0,0,0,0.6937842778793418,0.94875,0.8014783526927138,800,,,,,0.014412707998417318,1.0,,embed@0.8,20ng-sub7951,7951,0.8,0
54,group:politics#t0,The document is about politics.,embed-hit@0.88,0,0,0,0,0,0.562254259501966,0.3575,0.4370860927152318,1200,,,,,0.014736417011590675,0.29766803840877915,,embed@0.8,20ng-sub7951,7951,0.8,0
55,group:motor vehicles#t1,This text discusses motor vehicles.,embed-hit@0.82,0,0,0,0,0,0.6772486772486772,0.96,0.7942088934850051,800,,,,,4.491698928177357e-05,0.6731793960923623,,embed@0.8,20ng-sub7951,7951,0.8,0
56,leaf:atheism#t3,This article covers the topic of atheism.,cold,7951,7951,0,0,0,0.4914361001317523,0.9325,0.6436583261432269,400,,,,,0.010242333984933794,1.0,,embed@0.8,20ng-sub7951,7951,0.8,0
57,union:atheism|gun control#u1,This text discusses either atheism or gun control.,cold,7951,7951,0,0,0,0.6836827711941659,0.9375,0.790722192936215,800,,,,,0.012704875000054017,1.0,,embed@0.8,20ng-sub7951,7951,0.8,0
58,leaf:cars#t2,The passage is related to cars.,embed-hit@0.88,0,0,0,0,0,0.339572192513369,0.9525,0.5006570302233904,400,,,,,0.008011666999664158,0.519205298013245,,embed@0.8,20ng-sub7951,7951,0.8,0
59,group:sports#t2,The passage is related to sports.,embed-hit@0.85,0,0,0,0,0,0.5308804204993429,0.505,0.5176169122357462,800,,,,,8.408300345763564e-05,0.3518029903254178,,embed@0.8,20ng-sub7951,7951,0.8,0
60,group:motor vehicles#t2,The passage is related to motor vehicles.,embed-hit@1.00,0,0,0,0,0,0.67825311942959,0.95125,0.7918834547346514,800,,,,,7.720800931565464e-05,1.0,,embed@0.8,20ng-sub7951,7951,0.8,0
61,group:computers#t0,The document is about computers.,embed-hit@0.81,0,0,0,0,0,0.8632865550022635,0.9535,0.9061534806367308,2000,,,,,7.329197251237929e-05,0.8289233576642335,,embed@0.8,20ng-sub7951,7951,0.8,0
62,union:medicine|the Microsoft Windows operating system#u0,The document is about medicine or about the Microsoft Windows operating system.,cold,7951,7951,0,0,0,0.6821428571428572,0.955,0.7958333333333334,800,,,,,0.0407699589850381,1.0,,embed@0.8,20ng-sub7951,7951,0.8,0
63,union:baseball|items for sale#u0,The document is about baseball or about items for sale.,cold,7951,7951,0,0,0,0.6909254267744834,0.96125,0.8039728175640356,800,,,,,0.014819667005212978,1.0,,embed@0.8,20ng-sub7951,7951,0.8,0
64,union:atheism|medicine#u1,This text discusses either atheism or medicine.,cold,7951,7951,0,0,0,0.6711229946524064,0.94125,0.7835587929240375,800,,,,,0.013220416993135586,1.0,,embed@0.8,20ng-sub7951,7951,0.8,0
65,union:hockey|the X Window System#u1,This text discusses either hockey or the X Window System.,cold,7951,7951,0,0,0,0.6822682268226823,0.9475,0.793301936159079,800,,,,,0.0127346669905819,1.0,,embed@0.8,20ng-sub7951,7951,0.8,0
66,leaf:cryptography#t0,The document is about cryptography.,embed-hit@0.85,0,0,0,0,0,0.3384201077199282,0.9425,0.4980184940554822,400,,,,,0.01286495800013654,0.5458333333333333,,embed@0.8,20ng-sub7951,7951,0.8,0
67,leaf:motorcycles#t3,This article covers the topic of motorcycles.,cold,7951,7951,0,0,0,0.500651890482399,0.96,0.6580976863753214,400,,,,,0.030705583980306983,1.0,,embed@0.8,20ng-sub7951,7951,0.8,0
68,leaf:hockey#t1,This text discusses hockey.,embed-hit@0.81,0,0,0,0,0,0.341987466427932,0.955,0.5036255767963085,400,,,,,6.662501255050302e-05,0.5396174863387978,,embed@0.8,20ng-sub7951,7951,0.8,0
69,leaf:baseball#t2,The passage is related to baseball.,embed-hit@1.00,0,0,0,0,0,0.5045992115637319,0.96,0.661498708010336,400,,,,,3.895899862982333e-05,1.0,,embed@0.8,20ng-sub7951,7951,0.8,0
70,group:motor vehicles#t0,The document is about motor vehicles.,embed-hit@1.00,0,0,0,0,0,0.6772486772486772,0.96,0.7942088934850051,800,,,,,8.879200322553515e-05,1.0,,embed@0.8,20ng-sub7951,7951,0.8,0
71,leaf:the Microsoft Windows operating system#t2,The passage is related to the Microsoft Windows operating system.,embed-hit@0.83,0,0,0,0,0,0.5213793103448275,0.945,0.6719999999999999,400,,,,,0.011746874981326982,0.4818181818181818,,embed@0.8,20ng-sub7951,7951,0.8,0
72,leaf:motorcycles#t2,The passage is related to motorcycles.,embed-hit@1.00,0,0,0,0,0,0.5013192612137203,0.95,0.6563039723661485,400,,,,,0.0001016249880194664,1.0,,embed@0.8,20ng-sub7951,7951,0.8,0
73,group:sports#t2,The passage is related to sports.,embed-hit@0.85,0,0,0,0,0,0.5308804204993429,0.505,0.5176169122357462,800,,,,,8.216698188334703e-05,0.3518029903254178,,embed@0.8,20ng-sub7951,7951,0.8,0
74,union:Macintosh hardware|electronics#u1,This text discusses either Macintosh hardware or electronics.,embed-hit@0.86,0,0,0,0,0,0.35597826086956524,0.49125,0.4128151260504202,800,,,,,0.012371916993288323,0.3709090909090909,,embed@0.8,20ng-sub7951,7951,0.8,0
75,leaf:Christianity#t3,This article covers the topic of Christianity.,embed-hit@0.83,0,0,0,0,0,0.268361581920904,0.95,0.41850220264317184,400,,,,,9.795802179723978e-05,0.5562659846547314,,embed@0.8,20ng-sub7951,7951,0.8,0
76,group:sports#t2,The passage is related to sports.,embed-hit@0.85,0,0,0,0,0,0.5308804204993429,0.505,0.5176169122357462,800,,,,,0.00010116698103956878,0.3518029903254178,,embed@0.8,20ng-sub7951,7951,0.8,0
77,leaf:religious debate#t3,This article covers the topic of religious debate.,embed-hit@0.80,0,0,0,0,0,0.23516949152542374,0.9487179487179487,0.37691001697792875,351,,,,,0.00871512500452809,0.5213068181818182,,embed@0.8,20ng-sub7951,7951,0.8,0
78,union:atheism|baseball#u1,This text discusses either atheism or baseball.,embed-hit@0.83,0,0,0,0,0,0.36257833482542523,0.50625,0.4225352112676056,800,,,,,0.012763417005771771,0.3819628647214854,,embed@0.8,20ng-sub7951,7951,0.8,0
79,leaf:items for sale#t2,The passage is related to items for sale.,cold,7951,7951,0,0,0,0.5013297872340425,0.9425,0.654513888888889,400,,,,,0.012531083018984646,1.0,,embed@0.8,20ng-sub7951,7951,0.8,0
80,union:Macintosh hardware|religious debate#u0,The document is about Macintosh hardware or about religious debate.,embed-hit@0.80,0,0,0,0,0,0.3539426523297491,0.525965379494008,0.42313872522763796,751,,,,,0.01136862501152791,0.39961941008563273,,embed@0.8,20ng-sub7951,7951,0.8,0
81,group:motor vehicles#t1,This text discusses motor vehicles.,embed-hit@0.82,0,0,0,0,0,0.6772486772486772,0.96,0.7942088934850051,800,,,,,0.00010549998842179775,0.6731793960923623,,embed@0.8,20ng-sub7951,7951,0.8,0
82,leaf:cars#t0,The document is about cars.,embed-hit@0.89,0,0,0,0,0,0.3377425044091711,0.9575,0.4993481095176011,400,,,,,0.0141399169806391,0.5183727034120735,,embed@0.8,20ng-sub7951,7951,0.8,0
83,leaf:PC hardware#t0,The document is about PC hardware.,embed-hit@0.82,0,0,0,0,0,0.34380610412926393,0.9575,0.5059445178335535,400,,,,,0.031097042025066912,0.5296442687747036,,embed@0.8,20ng-sub7951,7951,0.8,0
84,group:religion#t2,The passage is related to religion.,embed-hit@0.89,0,0,0,0,0,0.5118219749652295,0.3197219808861859,0.3935828877005348,1151,,,,,0.01709358301013708,0.25811001410437234,,embed@0.8,20ng-sub7951,7951,0.8,0
85,union:Christianity|hockey#u0,The document is about Christianity or about hockey.,cold,7951,7951,0,0,0,0.6785079928952042,0.955,0.7933541017653168,800,,,,,0.011863166000694036,1.0,,embed@0.8,20ng-sub7951,7951,0.8,0
86,group:religion#t0,The document is about religion.,embed-hit@0.89,0,0,0,0,0,0.5119549929676512,0.31624674196351,0.39097744360902253,1151,,,,,9.604200022295117e-05,0.24583333333333332,,embed@0.8,20ng-sub7951,7951,0.8,0
87,union:atheism|computer graphics#u1,This text discusses either atheism or computer graphics.,cold,7951,7951,0,0,0,0.6651982378854625,0.94375,0.7803617571059431,800,,,,,0.013563290995080024,1.0,,embed@0.8,20ng-sub7951,7951,0.8,0
88,union:motorcycles|political debate#u1,This text discusses either motorcycles or political debate.,cold,7951,7951,0,0,0,0.6916058394160584,0.9475,0.79957805907173,800,,,,,0.00971441698493436,1.0,,embed@0.8,20ng-sub7951,7951,0.8,0
89,group:motor vehicles#t0,The document is about motor vehicles.,embed-hit@1.00,0,0,0,0,0,0.6772486772486772,0.96,0.7942088934850051,800,,,,,9.625000529922545e-05,1.0,,embed@0.8,20ng-sub7951,7951,0.8,0
90,union:PC hardware|political debate#u0,The document is about PC hardware or about political debate.,cold,7951,7951,0,0,0,0.6888686131386861,0.94375,0.7964135021097046,800,,,,,0.014392333978321403,1.0,,embed@0.8,20ng-sub7951,7951,0.8,0
91,leaf:Macintosh hardware#t0,The document is about Macintosh hardware.,embed-hit@0.94,0,0,0,0,0,0.3396057347670251,0.9475,0.5,400,,,,,0.01148791701416485,0.5284552845528455,,embed@0.8,20ng-sub7951,7951,0.8,0
92,leaf:items for sale#t1,This text discusses items for sale.,embed-hit@0.88,0,0,0,0,0,0.5302197802197802,0.965,0.6843971631205673,400,,,,,0.01285729100345634,0.5025773195876289,,embed@0.8,20ng-sub7951,7951,0.8,0
93,leaf:the Microsoft Windows operating system#t0,The document is about the Microsoft Windows operating system.,embed-hit@0.88,0,0,0,0,0,0.34285714285714286,0.96,0.5052631578947367,400,,,,,0.041229666996514425,0.526867627785059,,embed@0.8,20ng-sub7951,7951,0.8,0
94,leaf:the Microsoft Windows operating system#t1,This text discusses the Microsoft Windows operating system.,embed-hit@1.00,0,0,0,0,0,0.5213793103448275,0.945,0.6719999999999999,400,,,,,9.895898983813822e-05,1.0,,embed@0.8,20ng-sub7951,7951,0.8,0
95,group:computers#t3,This article covers the topic of computers.,cold,7951,7951,0,0,0,0.875344986200552,0.9515,0.911835170100623,2000,,,,,0.011585124972043559,1.0,,embed@0.8,20ng-sub7951,7951,0.8,0
96,leaf:PC hardware#t1,This text discusses PC hardware.,cold,7951,7951,0,0,0,0.5013157894736842,0.9525,0.6568965517241379,400,,,,,0.015703250013757497,1.0,,embed@0.8,20ng-sub7951,7951,0.8,0
97,leaf:cars#t2,The passage is related to cars.,embed-hit@0.88,0,0,0,0,0,0.339572192513369,0.9525,0.5006570302233904,400,,,,,0.00010229198960587382,0.519205298013245,,embed@0.8,20ng-sub7951,7951,0.8,0
98,union:Christianity|items for sale#u0,The document is about Christianity or about items for sale.,cold,7951,7951,0,0,0,0.6783154121863799,0.94625,0.7901878914405011,800,,,,,0.013754915999015793,1.0,,embed@0.8,20ng-sub7951,7951,0.8,0
99,group:politics#t2,The passage is related to politics.,cold,7951,7951,0,0,0,0.766260162601626,0.9425,0.8452914798206278,1200,,,,,0.01263862501946278,1.0,,embed@0.8,20ng-sub7951,7951,0.8,0
100,leaf:gun control#t2,The passage is related to gun control.,cold,7951,7951,0,0,0,0.5109289617486339,0.935,0.6607773851590106,400,,,,,0.010613374994136393,1.0,,embed@0.8,20ng-sub7951,7951,0.8,0
101,union:Middle East affairs|items for sale#u1,This text discusses either Middle East affairs or items for sale.,embed-hit@1.00,0,0,0,0,0,0.6862745098039216,0.9625,0.801248699271592,800,,,,,0.00012454201350919902,1.0,,embed@0.8,20ng-sub7951,7951,0.8,0
102,leaf:computer graphics#t3,This article covers the topic of computer graphics.,embed-hit@0.82,0,0,0,0,0,0.5,0.96,0.6575342465753424,400,,,,,0.011446084012277424,0.5019815059445178,,embed@0.8,20ng-sub7951,7951,0.8,0
103,leaf:religious debate#t3,This article covers the topic of religious debate.,embed-hit@0.80,0,0,0,0,0,0.23516949152542374,0.9487179487179487,0.37691001697792875,351,,,,,4.370801616460085e-05,0.5213068181818182,,embed@0.8,20ng-sub7951,7951,0.8,0
104,leaf:atheism#t3,This article covers the topic of atheism.,embed-hit@1.00,0,0,0,0,0,0.4914361001317523,0.9325,0.6436583261432269,400,,,,,4.287500632926822e-05,1.0,,embed@0.8,20ng-sub7951,7951,0.8,0
105,group:religion#t1,This text discusses religion.,embed-hit@1.00,0,0,0,0,0,0.7639275766016713,0.9530842745438749,0.848086586780054,1151,,,,,3.487500362098217e-05,1.0,,embed@0.8,20ng-sub7951,7951,0.8,0
106,union:hockey|items for sale#u0,The document is about hockey or about items for sale.,embed-hit@0.84,0,0,0,0,0,0.3584905660377358,0.49875,0.41714584422373235,800,,,,,0.015016874996945262,0.3736654804270463,,embed@0.8,20ng-sub7951,7951,0.8,0
107,group:motor vehicles#t0,The document is about motor vehicles.,embed-hit@1.00,0,0,0,0,0,0.6772486772486772,0.96,0.7942088934850051,800,,,,,0.0001142919936683029,1.0,,embed@0.8,20ng-sub7951,7951,0.8,0
108,union:space exploration|the Microsoft Windows operating system#u1,This text discusses either space exploration or the Microsoft Windows operating system.,cold,7951,7951,0,0,0,0.6792792792792792,0.9425,0.7895287958115182,800,,,,,0.012432542018359527,1.0,,embed@0.8,20ng-sub7951,7951,0.8,0
109,group:sports#t2,The passage is related to sports.,embed-hit@0.85,0,0,0,0,0,0.5308804204993429,0.505,0.5176169122357462,800,,,,,7.087498670443892e-05,0.3518029903254178,,embed@0.8,20ng-sub7951,7951,0.8,0
110,group:sports#t1,This text discusses sports.,embed-hit@1.00,0,0,0,0,0,0.675022381378693,0.9425,0.7866458007303078,800,,,,,4.229199839755893e-05,1.0,,embed@0.8,20ng-sub7951,7951,0.8,0
111,leaf:atheism#t3,This article covers the topic of atheism.,embed-hit@1.00,0,0,0,0,0,0.4914361001317523,0.9325,0.6436583261432269,400,,,,,4.037498729303479e-05,1.0,,embed@0.8,20ng-sub7951,7951,0.8,0
112,leaf:Middle East affairs#t2,The passage is related to Middle East affairs.,cold,7951,7951,0,0,0,0.4961139896373057,0.9575,0.6535836177474402,400,,,,,0.012686875008512288,1.0,,embed@0.8,20ng-sub7951,7951,0.8,0
113,union:Macintosh hardware|motorcycles#u1,This text discusses either Macintosh hardware or motorcycles.,cold,7951,7951,0,0,0,0.6681695220919748,0.92625,0.7763226820324777,800,,,,,0.013304624997545034,1.0,,embed@0.8,20ng-sub7951,7951,0.8,0
114,union:political debate|religious debate#u0,The document is about political debate or about religious debate.,embed-hit@0.94,0,0,0,0,0,0.48241912798874825,0.4567243675099867,0.46922024623803005,751,,,,,0.014001709001604468,0.31379962192816635,,embed@0.8,20ng-sub7951,7951,0.8,0
115,leaf:gun control#t3,This article covers the topic of gun control.,cold,7951,7951,0,0,0,0.5134408602150538,0.955,0.6678321678321678,400,,,,,0.013965207996079698,1.0,,embed@0.8,20ng-sub7951,7951,0.8,0
116,leaf:medicine#t2,The passage is related to medicine.,cold,7951,7951,0,0,0,0.5203252032520326,0.96,0.6748681898066784,400,,,,,0.013702041993383318,1.0,,embed@0.8,20ng-sub7951,7951,0.8,0
117,group:politics#t1,This text discusses politics.,embed-hit@1.00,0,0,0,0,0,0.7585513078470825,0.9425,0.8405797101449275,1200,,,,,5.77080063521862e-05,1.0,,embed@0.8,20ng-sub7951,7951,0.8,0
118,group:science#t2,The passage is related to science.,embed-hit@1.00,0,0,0,0,0,0.8351769911504425,0.94375,0.8861502347417841,1600,,,,,5.2332994528114796e-05,1.0,,embed@0.8,20ng-sub7951,7951,0.8,0
119,group:religion#t0,The document is about religion.,embed-hit@0.89,0,0,0,0,0,0.5119549929676512,0.31624674196351,0.39097744360902253,1151,,,,,5.3916999604552984e-05,0.24583333333333332,,embed@0.8,20ng-sub7951,7951,0.8,0
0,group:motor vehicles#t0,The document is about motor vehicles.,cold,7951,7951,0,0,0,0.6772486772486772,0.96,0.7942088934850051,800,,,,,0.009898041986161843,1.0,,embed@0.9,20ng-sub7951,7951,0.8,0
1,group:religion#t3,This article covers the topic of religion.,cold,7951,7951,0,0,0,0.7718926553672316,0.9496090356211989,0.8515777171795871,1151,,,,,0.01224416701006703,1.0,,embed@0.9,20ng-sub7951,7951,0.8,0
2,leaf:religious debate#t0,The document is about religious debate.,cold,7951,7951,0,0,0,0.45850914205344584,0.9287749287749287,0.6139359698681733,351,,,,,0.016049541998654604,1.0,,embed@0.9,20ng-sub7951,7951,0.8,0
3,group:politics#t1,This text discusses politics.,cold,7951,7951,0,0,0,0.7585513078470825,0.9425,0.8405797101449275,1200,,,,,0.02448345799348317,1.0,,embed@0.9,20ng-sub7951,7951,0.8,0
4,union:gun control|medicine#u0,The document is about gun control or about medicine.,cold,7951,7951,0,0,0,0.6878980891719745,0.945,0.7962085308056872,800,,,,,0.013255832978757098,1.0,,embed@0.9,20ng-sub7951,7951,0.8,0
5,group:motor vehicles#t0,The document is about motor vehicles.,embed-hit@1.00,0,0,0,0,0,0.6772486772486772,0.96,0.7942088934850051,800,,,,,4.90829988848418e-05,1.0,,embed@0.9,20ng-sub7951,7951,0.8,0
6,group:politics#t1,This text discusses politics.,embed-hit@1.00,0,0,0,0,0,0.7585513078470825,0.9425,0.8405797101449275,1200,,,,,3.6416982766240835e-05,1.0,,embed@0.9,20ng-sub7951,7951,0.8,0
7,group:religion#t0,The document is about religion.,cold,7951,7951,0,0,0,0.75625,0.946133796698523,0.8406020841373988,1151,,,,,0.013023833016632125,1.0,,embed@0.9,20ng-sub7951,7951,0.8,0
8,leaf:political debate#t1,This text discusses political debate.,cold,7951,7951,0,0,0,0.5013157894736842,0.9525,0.6568965517241379,400,,,,,0.012673167017055675,1.0,,embed@0.9,20ng-sub7951,7951,0.8,0
9,group:sports#t1,This text discusses sports.,cold,7951,7951,0,0,0,0.675022381378693,0.9425,0.7866458007303078,800,,,,,0.01393520800047554,1.0,,embed@0.9,20ng-sub7951,7951,0.8,0
10,group:science#t1,This text discusses science.,cold,7951,7951,0,0,0,0.8225806451612904,0.95625,0.8843930635838151,1600,,,,,0.013678459014045075,1.0,,embed@0.9,20ng-sub7951,7951,0.8,0
11,leaf:hockey#t1,This text discusses hockey.,cold,7951,7951,0,0,0,0.5191256830601093,0.95,0.6713780918727915,400,,,,,0.01908520801225677,1.0,,embed@0.9,20ng-sub7951,7951,0.8,0
12,leaf:religious debate#t2,The passage is related to religious debate.,cold,7951,7951,0,0,0,0.4575799721835883,0.9373219373219374,0.6149532710280374,351,,,,,0.013792917015962303,1.0,,embed@0.9,20ng-sub7951,7951,0.8,0
13,leaf:political debate#t0,The document is about political debate.,cold,7951,7951,0,0,0,0.5006553079947575,0.955,0.6569217540842649,400,,,,,0.01462345800246112,1.0,,embed@0.9,20ng-sub7951,7951,0.8,0
14,leaf:items for sale#t3,This article covers the topic of items for sale.,cold,7951,7951,0,0,0,0.5302197802197802,0.965,0.6843971631205673,400,,,,,0.01974995800992474,1.0,,embed@0.9,20ng-sub7951,7951,0.8,0
15,leaf:Christianity#t3,This article covers the topic of Christianity.,cold,7951,7951,0,0,0,0.4961636828644501,0.97,0.6565143824027072,400,,,,,0.01473674998851493,1.0,,embed@0.9,20ng-sub7951,7951,0.8,0
16,union:electronics|hockey#u0,The document is about electronics or about hockey.,cold,7951,7951,0,0,0,0.6773049645390071,0.955,0.7925311203319502,800,,,,,0.012106374982977286,1.0,,embed@0.9,20ng-sub7951,7951,0.8,0
17,group:science#t2,The passage is related to science.,cold,7951,7951,0,0,0,0.8351769911504425,0.94375,0.8861502347417841,1600,,,,,0.015400833013700321,1.0,,embed@0.9,20ng-sub7951,7951,0.8,0
18,group:computers#t1,This text discusses computers.,cold,7951,7951,0,0,0,0.8632865550022635,0.9535,0.9061534806367308,2000,,,,,0.011282249994110316,1.0,,embed@0.9,20ng-sub7951,7951,0.8,0
19,union:Macintosh hardware|items for sale#u1,This text discusses either Macintosh hardware or items for sale.,cold,7951,7951,0,0,0,0.6820652173913043,0.94125,0.7909663865546218,800,,,,,0.013035542011493817,1.0,,embed@0.9,20ng-sub7951,7951,0.8,0
20,group:motor vehicles#t3,This article covers the topic of motor vehicles.,cold,7951,7951,0,0,0,0.6746666666666666,0.94875,0.7885714285714286,800,,,,,0.010371166979894042,1.0,,embed@0.9,20ng-sub7951,7951,0.8,0
21,group:sports#t3,This article covers the topic of sports.,cold,7951,7951,0,0,0,0.6850533807829181,0.9625,0.8004158004158003,800,,,,,0.010913959005847573,1.0,,embed@0.9,20ng-sub7951,7951,0.8,0
22,group:motor vehicles#t3,This article covers the topic of motor vehicles.,embed-hit@1.00,0,0,0,0,0,0.6746666666666666,0.94875,0.7885714285714286,800,,,,,0.00010329100769013166,1.0,,embed@0.9,20ng-sub7951,7951,0.8,0
23,group:motor vehicles#t3,This article covers the topic of motor vehicles.,embed-hit@1.00,0,0,0,0,0,0.6746666666666666,0.94875,0.7885714285714286,800,,,,,5.245799547992647e-05,1.0,,embed@0.9,20ng-sub7951,7951,0.8,0
24,union:PC hardware|cryptography#u0,The document is about PC hardware or about cryptography.,cold,7951,7951,0,0,0,0.6822262118491921,0.95,0.7941483803552768,800,,,,,0.012452041992219165,1.0,,embed@0.9,20ng-sub7951,7951,0.8,0
25,leaf:political debate#t1,This text discusses political debate.,embed-hit@1.00,0,0,0,0,0,0.5013157894736842,0.9525,0.6568965517241379,400,,,,,3.429199568927288e-05,1.0,,embed@0.9,20ng-sub7951,7951,0.8,0
26,union:Macintosh hardware|space exploration#u1,This text discusses either Macintosh hardware or space exploration.,cold,7951,7951,0,0,0,0.6817359855334539,0.9425,0.7911857292759705,800,,,,,0.011701291019562632,1.0,,embed@0.9,20ng-sub7951,7951,0.8,0
27,leaf:baseball#t2,The passage is related to baseball.,cold,7951,7951,0,0,0,0.5045992115637319,0.96,0.661498708010336,400,,,,,0.014103917026659474,1.0,,embed@0.9,20ng-sub7951,7951,0.8,0
28,group:computers#t0,The document is about computers.,cold,7951,7951,0,0,0,0.8617700729927007,0.9445,0.9012404580152671,2000,,,,,0.014737624995177612,1.0,,embed@0.9,20ng-sub7951,7951,0.8,0
29,leaf:baseball#t3,This article covers the topic of baseball.,cold,7951,7951,0,0,0,0.5192307692307693,0.945,0.6702127659574468,400,,,,,0.01057966600637883,1.0,,embed@0.9,20ng-sub7951,7951,0.8,0
30,leaf:electronics#t0,The document is about electronics.,cold,7951,7951,0,0,0,0.4980340760157274,0.95,0.653482373172829,400,,,,,0.01242662500590086,1.0,,embed@0.9,20ng-sub7951,7951,0.8,0
31,union:PC hardware|items for sale#u1,This text discusses either PC hardware or items for sale.,cold,7951,7951,0,0,0,0.6787658802177858,0.935,0.786540483701367,800,,,,,0.013428540987661108,1.0,,embed@0.9,20ng-sub7951,7951,0.8,0
32,union:computer graphics|motorcycles#u0,The document is about computer graphics or about motorcycles.,cold,7951,7951,0,0,0,0.6859205776173285,0.95,0.7966457023060796,800,,,,,0.01122770897927694,1.0,,embed@0.9,20ng-sub7951,7951,0.8,0
33,union:Macintosh hardware|electronics#u0,The document is about Macintosh hardware or about electronics.,cold,7951,7951,0,0,0,0.6783154121863799,0.94625,0.7901878914405011,800,,,,,0.012439291982445866,1.0,,embed@0.9,20ng-sub7951,7951,0.8,0
34,group:computers#t1,This text discusses computers.,embed-hit@1.00,0,0,0,0,0,0.8632865550022635,0.9535,0.9061534806367308,2000,,,,,4.358298610895872e-05,1.0,,embed@0.9,20ng-sub7951,7951,0.8,0
35,group:religion#t1,This text discusses religion.,cold,7951,7951,0,0,0,0.7639275766016713,0.9530842745438749,0.848086586780054,1151,,,,,0.011650666012428701,1.0,,embed@0.9,20ng-sub7951,7951,0.8,0
36,group:computers#t0,The document is about computers.,embed-hit@1.00,0,0,0,0,0,0.8617700729927007,0.9445,0.9012404580152671,2000,,,,,8.162501035258174e-05,1.0,,embed@0.9,20ng-sub7951,7951,0.8,0
37,union:Middle East affairs|items for sale#u1,This text discusses either Middle East affairs or items for sale.,cold,7951,7951,0,0,0,0.6862745098039216,0.9625,0.801248699271592,800,,,,,0.009557958983350545,1.0,,embed@0.9,20ng-sub7951,7951,0.8,0
38,leaf:the Microsoft Windows operating system#t1,This text discusses the Microsoft Windows operating system.,cold,7951,7951,0,0,0,0.5213793103448275,0.945,0.6719999999999999,400,,,,,0.010149292007554322,1.0,,embed@0.9,20ng-sub7951,7951,0.8,0
39,group:sports#t2,The passage is related to sports.,cold,7951,7951,0,0,0,0.6605101143359718,0.93875,0.7754259163655136,800,,,,,0.008764540980337188,1.0,,embed@0.9,20ng-sub7951,7951,0.8,0
40,leaf:motorcycles#t0,The document is about motorcycles.,cold,7951,7951,0,0,0,0.5104712041884817,0.975,0.6701030927835051,400,,,,,0.0095628340204712,1.0,,embed@0.9,20ng-sub7951,7951,0.8,0
41,group:motor vehicles#t0,The document is about motor vehicles.,embed-hit@1.00,0,0,0,0,0,0.6772486772486772,0.96,0.7942088934850051,800,,,,,6.291599129326642e-05,1.0,,embed@0.9,20ng-sub7951,7951,0.8,0
42,union:Christianity|political debate#u1,This text discusses either Christianity or political debate.,cold,7951,7951,0,0,0,0.6819407008086253,0.94875,0.7935180345007842,800,,,,,0.008735999988857657,1.0,,embed@0.9,20ng-sub7951,7951,0.8,0
43,group:motor vehicles#t2,The passage is related to motor vehicles.,cold,7951,7951,0,0,0,0.67825311942959,0.95125,0.7918834547346514,800,,,,,0.007731541991233826,1.0,,embed@0.9,20ng-sub7951,7951,0.8,0
44,leaf:motorcycles#t2,The passage is related to motorcycles.,cold,7951,7951,0,0,0,0.5013192612137203,0.95,0.6563039723661485,400,,,,,0.0072717090079095215,1.0,,embed@0.9,20ng-sub7951,7951,0.8,0
45,group:motor vehicles#t1,This text discusses motor vehicles.,cold,7951,7951,0,0,0,0.6865008880994672,0.96625,0.8026998961578402,800,,,,,0.009508582996204495,1.0,,embed@0.9,20ng-sub7951,7951,0.8,0
46,group:religion#t0,The document is about religion.,embed-hit@1.00,0,0,0,0,0,0.75625,0.946133796698523,0.8406020841373988,1151,,,,,6.541699985973537e-05,1.0,,embed@0.9,20ng-sub7951,7951,0.8,0
47,group:sports#t3,This article covers the topic of sports.,embed-hit@1.00,0,0,0,0,0,0.6850533807829181,0.9625,0.8004158004158003,800,,,,,3.3499993151053786e-05,1.0,,embed@0.9,20ng-sub7951,7951,0.8,0
48,union:Macintosh hardware|cars#u1,This text discusses either Macintosh hardware or cars.,cold,7951,7951,0,0,0,0.6620087336244541,0.9475,0.7794344473007713,800,,,,,0.007513708987971768,1.0,,embed@0.9,20ng-sub7951,7951,0.8,0
49,leaf:computer graphics#t1,This text discusses computer graphics.,cold,7951,7951,0,0,0,0.5,0.96,0.6575342465753424,400,,,,,0.007910999993328005,1.0,,embed@0.9,20ng-sub7951,7951,0.8,0
50,union:atheism|hockey#u1,This text discusses either atheism or hockey.,cold,7951,7951,0,0,0,0.6812891674127126,0.95125,0.7939488784559208,800,,,,,0.00626741599990055,1.0,,embed@0.9,20ng-sub7951,7951,0.8,0
51,leaf:items for sale#t0,The document is about items for sale.,cold,7951,7951,0,0,0,0.5093582887700535,0.9525,0.6637630662020907,400,,,,,0.008174874994438142,1.0,,embed@0.9,20ng-sub7951,7951,0.8,0
52,leaf:baseball#t0,The document is about baseball.,cold,7951,7951,0,0,0,0.47167487684729065,0.9575,0.632013201320132,400,,,,,0.00923420800245367,1.0,,embed@0.9,20ng-sub7951,7951,0.8,0
53,union:hockey|motorcycles#u0,The document is about hockey or about motorcycles.,cold,7951,7951,0,0,0,0.6937842778793418,0.94875,0.8014783526927138,800,,,,,0.007596500014187768,1.0,,embed@0.9,20ng-sub7951,7951,0.8,0
54,group:politics#t0,The document is about politics.,cold,7951,7951,0,0,0,0.7853223593964335,0.9541666666666667,0.8615500376222724,1200,,,,,0.008831042010569945,1.0,,embed@0.9,20ng-sub7951,7951,0.8,0
55,group:motor vehicles#t1,This text discusses motor vehicles.,embed-hit@1.00,0,0,0,0,0,0.6865008880994672,0.96625,0.8026998961578402,800,,,,,4.895898746326566e-05,1.0,,embed@0.9,20ng-sub7951,7951,0.8,0
56,leaf:atheism#t3,This article covers the topic of atheism.,cold,7951,7951,0,0,0,0.4914361001317523,0.9325,0.6436583261432269,400,,,,,0.009555750002618879,1.0,,embed@0.9,20ng-sub7951,7951,0.8,0
57,union:atheism|gun control#u1,This text discusses either atheism or gun control.,cold,7951,7951,0,0,0,0.6836827711941659,0.9375,0.790722192936215,800,,,,,0.007837791024940088,1.0,,embed@0.9,20ng-sub7951,7951,0.8,0
58,leaf:cars#t2,The passage is related to cars.,cold,7951,7951,0,0,0,0.5006622516556292,0.945,0.6545454545454544,400,,,,,0.008636874990770593,1.0,,embed@0.9,20ng-sub7951,7951,0.8,0
59,group:sports#t2,The passage is related to sports.,embed-hit@1.00,0,0,0,0,0,0.6605101143359718,0.93875,0.7754259163655136,800,,,,,0.0001490419963374734,1.0,,embed@0.9,20ng-sub7951,7951,0.8,0
60,group:motor vehicles#t2,The passage is related to motor vehicles.,embed-hit@1.00,0,0,0,0,0,0.67825311942959,0.95125,0.7918834547346514,800,,,,,4.541699308902025e-05,1.0,,embed@0.9,20ng-sub7951,7951,0.8,0
61,group:computers#t0,The document is about computers.,embed-hit@1.00,0,0,0,0,0,0.8617700729927007,0.9445,0.9012404580152671,2000,,,,,3.2957992516458035e-05,1.0,,embed@0.9,20ng-sub7951,7951,0.8,0
62,union:medicine|the Microsoft Windows operating system#u0,The document is about medicine or about the Microsoft Windows operating system.,cold,7951,7951,0,0,0,0.6821428571428572,0.955,0.7958333333333334,800,,,,,0.008026791008887812,1.0,,embed@0.9,20ng-sub7951,7951,0.8,0
63,union:baseball|items for sale#u0,The document is about baseball or about items for sale.,cold,7951,7951,0,0,0,0.6909254267744834,0.96125,0.8039728175640356,800,,,,,0.00886895801522769,1.0,,embed@0.9,20ng-sub7951,7951,0.8,0
64,union:atheism|medicine#u1,This text discusses either atheism or medicine.,cold,7951,7951,0,0,0,0.6711229946524064,0.94125,0.7835587929240375,800,,,,,0.008272333012428135,1.0,,embed@0.9,20ng-sub7951,7951,0.8,0
65,union:hockey|the X Window System#u1,This text discusses either hockey or the X Window System.,cold,7951,7951,0,0,0,0.6822682268226823,0.9475,0.793301936159079,800,,,,,0.008908540999982506,1.0,,embed@0.9,20ng-sub7951,7951,0.8,0
66,leaf:cryptography#t0,The document is about cryptography.,cold,7951,7951,0,0,0,0.5291666666666667,0.9525,0.6803571428571429,400,,,,,0.007176958984928206,1.0,,embed@0.9,20ng-sub7951,7951,0.8,0
67,leaf:motorcycles#t3,This article covers the topic of motorcycles.,cold,7951,7951,0,0,0,0.500651890482399,0.96,0.6580976863753214,400,,,,,0.008550708997063339,1.0,,embed@0.9,20ng-sub7951,7951,0.8,0
68,leaf:hockey#t1,This text discusses hockey.,embed-hit@1.00,0,0,0,0,0,0.5191256830601093,0.95,0.6713780918727915,400,,,,,6.279200897552073e-05,1.0,,embed@0.9,20ng-sub7951,7951,0.8,0
69,leaf:baseball#t2,The passage is related to baseball.,embed-hit@1.00,0,0,0,0,0,0.5045992115637319,0.96,0.661498708010336,400,,,,,3.633301821537316e-05,1.0,,embed@0.9,20ng-sub7951,7951,0.8,0
70,group:motor vehicles#t0,The document is about motor vehicles.,embed-hit@1.00,0,0,0,0,0,0.6772486772486772,0.96,0.7942088934850051,800,,,,,3.487500362098217e-05,1.0,,embed@0.9,20ng-sub7951,7951,0.8,0
71,leaf:the Microsoft Windows operating system#t2,The passage is related to the Microsoft Windows operating system.,cold,7951,7951,0,0,0,0.4922077922077922,0.9475,0.6478632478632479,400,,,,,0.009129500016570091,1.0,,embed@0.9,20ng-sub7951,7951,0.8,0
72,leaf:motorcycles#t2,The passage is related to motorcycles.,embed-hit@1.00,0,0,0,0,0,0.5013192612137203,0.95,0.6563039723661485,400,,,,,5.95840101595968e-05,1.0,,embed@0.9,20ng-sub7951,7951,0.8,0
73,group:sports#t2,The passage is related to sports.,embed-hit@1.00,0,0,0,0,0,0.6605101143359718,0.93875,0.7754259163655136,800,,,,,4.0749990148469806e-05,1.0,,embed@0.9,20ng-sub7951,7951,0.8,0
74,union:Macintosh hardware|electronics#u1,This text discusses either Macintosh hardware or electronics.,cold,7951,7951,0,0,0,0.6890909090909091,0.9475,0.7978947368421053,800,,,,,0.007584791979752481,1.0,,embed@0.9,20ng-sub7951,7951,0.8,0
75,leaf:Christianity#t3,This article covers the topic of Christianity.,embed-hit@1.00,0,0,0,0,0,0.4961636828644501,0.97,0.6565143824027072,400,,,,,6.145797669887543e-05,1.0,,embed@0.9,20ng-sub7951,7951,0.8,0
76,group:sports#t2,The passage is related to sports.,embed-hit@1.00,0,0,0,0,0,0.6605101143359718,0.93875,0.7754259163655136,800,,,,,3.929197555407882e-05,1.0,,embed@0.9,20ng-sub7951,7951,0.8,0
77,leaf:religious debate#t3,This article covers the topic of religious debate.,cold,7951,7951,0,0,0,0.4715909090909091,0.9458689458689459,0.6293838862559242,351,,,,,0.009917582996422425,1.0,,embed@0.9,20ng-sub7951,7951,0.8,0
78,union:atheism|baseball#u1,This text discusses either atheism or baseball.,cold,7951,7951,0,0,0,0.6781609195402298,0.95875,0.7944070429829103,800,,,,,0.010704624990466982,1.0,,embed@0.9,20ng-sub7951,7951,0.8,0
79,leaf:items for sale#t2,The passage is related to items for sale.,cold,7951,7951,0,0,0,0.5013297872340425,0.9425,0.654513888888889,400,,,,,0.010224083001958206,1.0,,embed@0.9,20ng-sub7951,7951,0.8,0
80,union:Macintosh hardware|religious debate#u0,The document is about Macintosh hardware or about religious debate.,cold,7951,7951,0,0,0,0.6745956232159848,0.9440745672436751,0.7869034406215316,751,,,,,0.008749459026148543,1.0,,embed@0.9,20ng-sub7951,7951,0.8,0
81,group:motor vehicles#t1,This text discusses motor vehicles.,embed-hit@1.00,0,0,0,0,0,0.6865008880994672,0.96625,0.8026998961578402,800,,,,,5.175001570023596e-05,1.0,,embed@0.9,20ng-sub7951,7951,0.8,0
82,leaf:cars#t0,The document is about cars.,cold,7951,7951,0,0,0,0.49868766404199477,0.95,0.6540447504302925,400,,,,,0.009572000009939075,1.0,,embed@0.9,20ng-sub7951,7951,0.8,0
83,leaf:PC hardware#t0,The document is about PC hardware.,cold,7951,7951,0,0,0,0.5006587615283268,0.95,0.6557377049180327,400,,,,,0.007554000010713935,1.0,,embed@0.9,20ng-sub7951,7951,0.8,0
84,group:religion#t2,The passage is related to religion.,cold,7951,7951,0,0,0,0.7679830747531735,0.946133796698523,0.8478007006617361,1151,,,,,0.009578790981322527,1.0,,embed@0.9,20ng-sub7951,7951,0.8,0
85,union:Christianity|hockey#u0,The document is about Christianity or about hockey.,cold,7951,7951,0,0,0,0.6785079928952042,0.955,0.7933541017653168,800,,,,,0.008980665996205062,1.0,,embed@0.9,20ng-sub7951,7951,0.8,0
86,group:religion#t0,The document is about religion.,embed-hit@1.00,0,0,0,0,0,0.75625,0.946133796698523,0.8406020841373988,1151,,,,,0.00010183299309574068,1.0,,embed@0.9,20ng-sub7951,7951,0.8,0
87,union:atheism|computer graphics#u1,This text discusses either atheism or computer graphics.,cold,7951,7951,0,0,0,0.6651982378854625,0.94375,0.7803617571059431,800,,,,,0.007335875008720905,1.0,,embed@0.9,20ng-sub7951,7951,0.8,0
88,union:motorcycles|political debate#u1,This text discusses either motorcycles or political debate.,cold,7951,7951,0,0,0,0.6916058394160584,0.9475,0.79957805907173,800,,,,,0.0093218749971129,1.0,,embed@0.9,20ng-sub7951,7951,0.8,0
89,group:motor vehicles#t0,The document is about motor vehicles.,embed-hit@1.00,0,0,0,0,0,0.6772486772486772,0.96,0.7942088934850051,800,,,,,8.774999878369272e-05,1.0,,embed@0.9,20ng-sub7951,7951,0.8,0
90,union:PC hardware|political debate#u0,The document is about PC hardware or about political debate.,cold,7951,7951,0,0,0,0.6888686131386861,0.94375,0.7964135021097046,800,,,,,0.010301041009370238,1.0,,embed@0.9,20ng-sub7951,7951,0.8,0
91,leaf:Macintosh hardware#t0,The document is about Macintosh hardware.,embed-hit@0.94,0,0,0,0,0,0.3396057347670251,0.9475,0.5,400,,,,,0.009784791996935382,0.5284552845528455,,embed@0.9,20ng-sub7951,7951,0.8,0
92,leaf:items for sale#t1,This text discusses items for sale.,cold,7951,7951,0,0,0,0.49742268041237114,0.965,0.6564625850340137,400,,,,,0.011033666000002995,1.0,,embed@0.9,20ng-sub7951,7951,0.8,0
93,leaf:the Microsoft Windows operating system#t0,The document is about the Microsoft Windows operating system.,cold,7951,7951,0,0,0,0.48623853211009177,0.9275,0.6380051590713672,400,,,,,0.009510042000329122,1.0,,embed@0.9,20ng-sub7951,7951,0.8,0
94,leaf:the Microsoft Windows operating system#t1,This text discusses the Microsoft Windows operating system.,embed-hit@1.00,0,0,0,0,0,0.5213793103448275,0.945,0.6719999999999999,400,,,,,5.454101483337581e-05,1.0,,embed@0.9,20ng-sub7951,7951,0.8,0
95,group:computers#t3,This article covers the topic of computers.,cold,7951,7951,0,0,0,0.875344986200552,0.9515,0.911835170100623,2000,,,,,0.011984749988187104,1.0,,embed@0.9,20ng-sub7951,7951,0.8,0
96,leaf:PC hardware#t1,This text discusses PC hardware.,cold,7951,7951,0,0,0,0.5013157894736842,0.9525,0.6568965517241379,400,,,,,0.011233708006329834,1.0,,embed@0.9,20ng-sub7951,7951,0.8,0
97,leaf:cars#t2,The passage is related to cars.,embed-hit@1.00,0,0,0,0,0,0.5006622516556292,0.945,0.6545454545454544,400,,,,,6.583301001228392e-05,1.0,,embed@0.9,20ng-sub7951,7951,0.8,0
98,union:Christianity|items for sale#u0,The document is about Christianity or about items for sale.,cold,7951,7951,0,0,0,0.6783154121863799,0.94625,0.7901878914405011,800,,,,,0.008171167020918801,1.0,,embed@0.9,20ng-sub7951,7951,0.8,0
99,group:politics#t2,The passage is related to politics.,cold,7951,7951,0,0,0,0.766260162601626,0.9425,0.8452914798206278,1200,,,,,0.009558208985254169,1.0,,embed@0.9,20ng-sub7951,7951,0.8,0
100,leaf:gun control#t2,The passage is related to gun control.,cold,7951,7951,0,0,0,0.5109289617486339,0.935,0.6607773851590106,400,,,,,0.008255207998445258,1.0,,embed@0.9,20ng-sub7951,7951,0.8,0
101,union:Middle East affairs|items for sale#u1,This text discusses either Middle East affairs or items for sale.,embed-hit@1.00,0,0,0,0,0,0.6862745098039216,0.9625,0.801248699271592,800,,,,,9.104100172407925e-05,1.0,,embed@0.9,20ng-sub7951,7951,0.8,0
102,leaf:computer graphics#t3,This article covers the topic of computer graphics.,cold,7951,7951,0,0,0,0.49933949801849403,0.945,0.6534140017286084,400,,,,,0.008283250004751608,1.0,,embed@0.9,20ng-sub7951,7951,0.8,0
103,leaf:religious debate#t3,This article covers the topic of religious debate.,embed-hit@1.00,0,0,0,0,0,0.4715909090909091,0.9458689458689459,0.6293838862559242,351,,,,,7.741601439192891e-05,1.0,,embed@0.9,20ng-sub7951,7951,0.8,0
104,leaf:atheism#t3,This article covers the topic of atheism.,embed-hit@1.00,0,0,0,0,0,0.4914361001317523,0.9325,0.6436583261432269,400,,,,,5.1042006816715e-05,1.0,,embed@0.9,20ng-sub7951,7951,0.8,0
105,group:religion#t1,This text discusses religion.,embed-hit@1.00,0,0,0,0,0,0.7639275766016713,0.9530842745438749,0.848086586780054,1151,,,,,4.779198206961155e-05,1.0,,embed@0.9,20ng-sub7951,7951,0.8,0
106,union:hockey|items for sale#u0,The document is about hockey or about items for sale.,cold,7951,7951,0,0,0,0.6779359430604982,0.9525,0.7920997920997921,800,,,,,0.0076803750125691295,1.0,,embed@0.9,20ng-sub7951,7951,0.8,0
107,group:motor vehicles#t0,The document is about motor vehicles.,embed-hit@1.00,0,0,0,0,0,0.6772486772486772,0.96,0.7942088934850051,800,,,,,8.354199235327542e-05,1.0,,embed@0.9,20ng-sub7951,7951,0.8,0
108,union:space exploration|the Microsoft Windows operating system#u1,This text discusses either space exploration or the Microsoft Windows operating system.,cold,7951,7951,0,0,0,0.6792792792792792,0.9425,0.7895287958115182,800,,,,,0.008396124991122633,1.0,,embed@0.9,20ng-sub7951,7951,0.8,0
109,group:sports#t2,The passage is related to sports.,embed-hit@1.00,0,0,0,0,0,0.6605101143359718,0.93875,0.7754259163655136,800,,,,,8.56249826028943e-05,1.0,,embed@0.9,20ng-sub7951,7951,0.8,0
110,group:sports#t1,This text discusses sports.,embed-hit@1.00,0,0,0,0,0,0.675022381378693,0.9425,0.7866458007303078,800,,,,,5.1417009672150016e-05,1.0,,embed@0.9,20ng-sub7951,7951,0.8,0
111,leaf:atheism#t3,This article covers the topic of atheism.,embed-hit@1.00,0,0,0,0,0,0.4914361001317523,0.9325,0.6436583261432269,400,,,,,6.10410061199218e-05,1.0,,embed@0.9,20ng-sub7951,7951,0.8,0
112,leaf:Middle East affairs#t2,The passage is related to Middle East affairs.,cold,7951,7951,0,0,0,0.4961139896373057,0.9575,0.6535836177474402,400,,,,,0.008748666004976258,1.0,,embed@0.9,20ng-sub7951,7951,0.8,0
113,union:Macintosh hardware|motorcycles#u1,This text discusses either Macintosh hardware or motorcycles.,cold,7951,7951,0,0,0,0.6681695220919748,0.92625,0.7763226820324777,800,,,,,0.009906416991725564,1.0,,embed@0.9,20ng-sub7951,7951,0.8,0
114,union:political debate|religious debate#u0,The document is about political debate or about religious debate.,embed-hit@0.94,0,0,0,0,0,0.48241912798874825,0.4567243675099867,0.46922024623803005,751,,,,,0.0062176659994293,0.31379962192816635,,embed@0.9,20ng-sub7951,7951,0.8,0
115,leaf:gun control#t3,This article covers the topic of gun control.,cold,7951,7951,0,0,0,0.5134408602150538,0.955,0.6678321678321678,400,,,,,0.009447250020457432,1.0,,embed@0.9,20ng-sub7951,7951,0.8,0
116,leaf:medicine#t2,The passage is related to medicine.,cold,7951,7951,0,0,0,0.5203252032520326,0.96,0.6748681898066784,400,,,,,0.008928166993428022,1.0,,embed@0.9,20ng-sub7951,7951,0.8,0
117,group:politics#t1,This text discusses politics.,embed-hit@1.00,0,0,0,0,0,0.7585513078470825,0.9425,0.8405797101449275,1200,,,,,0.00016937500913627446,1.0,,embed@0.9,20ng-sub7951,7951,0.8,0
118,group:science#t2,The passage is related to science.,embed-hit@1.00,0,0,0,0,0,0.8351769911504425,0.94375,0.8861502347417841,1600,,,,,6.391698843799531e-05,1.0,,embed@0.9,20ng-sub7951,7951,0.8,0
119,group:religion#t0,The document is about religion.,embed-hit@1.00,0,0,0,0,0,0.75625,0.946133796698523,0.8406020841373988,1151,,,,,5.4917007219046354e-05,1.0,,embed@0.9,20ng-sub7951,7951,0.8,0
0,group:motor vehicles#t0,The document is about motor vehicles.,cold,7951,7951,0,0,0,0.6772486772486772,0.96,0.7942088934850051,800,,,,,0.00031800000579096377,1.0,,semreuse,20ng-sub7951,7951,0.8,0
1,group:religion#t3,This article covers the topic of religion.,cold,7951,7951,0,0,2,0.7718926553672316,0.9496090356211989,0.8515777171795871,1151,,,,,0.11676829101634212,1.0,,semreuse,20ng-sub7951,7951,0.8,0
2,leaf:religious debate#t0,The document is about religious debate.,rewrite,7951,6535,29,1387,4,0.45850914205344584,0.9287749287749287,0.6139359698681733,351,1.0,True,1.0,False,0.061453583010006696,1.0,False,semreuse,20ng-sub7951,7951,0.8,0
3,group:politics#t1,This text discusses politics.,cold,7951,7951,0,0,6,0.7585513078470825,0.9425,0.8405797101449275,1200,,,,,0.15058258300996386,1.0,,semreuse,20ng-sub7951,7951,0.8,0
4,union:gun control|medicine#u0,The document is about gun control or about medicine.,cold,7951,7951,0,0,8,0.6878980891719745,0.945,0.7962085308056872,800,,,,,0.10337866700137965,1.0,,semreuse,20ng-sub7951,7951,0.8,0
5,group:motor vehicles#t0,The document is about motor vehicles.,exact-hit,0,0,0,0,0,0.6772486772486772,0.96,0.7942088934850051,800,,,,,1.0249990737065673e-05,1.0,,semreuse,20ng-sub7951,7951,0.8,0
6,group:politics#t1,This text discusses politics.,exact-hit,0,0,0,0,0,0.7585513078470825,0.9425,0.8405797101449275,1200,,,,,4.583009285852313e-06,1.0,,semreuse,20ng-sub7951,7951,0.8,0
7,group:religion#t0,The document is about religion.,rewrite,7951,711,847,6393,10,0.75625,0.946133796698523,0.8406020841373988,1151,1.0,True,1.0,False,0.10160016699228436,1.0,False,semreuse,20ng-sub7951,7951,0.8,0
8,leaf:political debate#t1,This text discusses political debate.,rewrite,7951,6460,29,1462,12,0.5013157894736842,0.9525,0.6568965517241379,400,1.0,True,1.0,False,0.06860470797982998,1.0,False,semreuse,20ng-sub7951,7951,0.8,0
9,group:sports#t1,This text discusses sports.,cold,7951,7951,0,0,14,0.675022381378693,0.9425,0.7866458007303078,800,,,,,0.0792535410146229,1.0,,semreuse,20ng-sub7951,7951,0.8,0
10,group:science#t1,This text discusses science.,cold,7951,7951,0,0,16,0.8225806451612904,0.95625,0.8843930635838151,1600,,,,,0.06809787498787045,1.0,,semreuse,20ng-sub7951,7951,0.8,0
11,leaf:hockey#t1,This text discusses hockey.,rewrite,7951,6834,29,1088,18,0.5191256830601093,0.95,0.6713780918727915,400,1.0,True,1.0,False,0.07473483300418593,1.0,False,semreuse,20ng-sub7951,7951,0.8,0
12,leaf:religious debate#t2,The passage is related to religious debate.,rewrite,7951,1398,791,5762,20,0.4575799721835883,0.9373219373219374,0.6149532710280374,351,1.0,True,1.0,False,0.07657270799973048,1.0,False,semreuse,20ng-sub7951,7951,0.8,0
13,leaf:political debate#t0,The document is about political debate.,rewrite,7951,0,977,6974,22,0.5006553079947575,0.955,0.6569217540842649,400,1.0,True,1.0,False,0.103605709009571,1.0,False,semreuse,20ng-sub7951,7951,0.8,0
14,leaf:items for sale#t3,This article covers the topic of items for sale.,rewrite,7951,1134,3721,3096,24,0.5302197802197802,0.965,0.6843971631205673,400,1.0,True,1.0,False,0.08007708299555816,1.0,False,semreuse,20ng-sub7951,7951,0.8,0
15,leaf:Christianity#t3,This article covers the topic of Christianity.,rewrite,7951,6157,72,1722,26,0.4961636828644501,0.97,0.6565143824027072,400,1.0,True,1.0,False,0.07667283300543204,1.0,False,semreuse,20ng-sub7951,7951,0.8,0
16,union:electronics|hockey#u0,The document is about electronics or about hockey.,cold,7951,7951,0,0,28,0.6773049645390071,0.955,0.7925311203319502,800,,,,,0.07385033401078545,1.0,,semreuse,20ng-sub7951,7951,0.8,0
17,group:science#t2,The passage is related to science.,rewrite,7951,0,239,7712,30,0.8351769911504425,0.94375,0.8861502347417841,1600,1.0,True,1.0,False,0.08626120799453929,1.0,False,semreuse,20ng-sub7951,7951,0.8,0
18,group:computers#t1,This text discusses computers.,cold,7951,7951,0,0,32,0.8632865550022635,0.9535,0.9061534806367308,2000,,,,,0.08422591601265594,1.0,,semreuse,20ng-sub7951,7951,0.8,0
19,union:Macintosh hardware|items for sale#u1,This text discusses either Macintosh hardware or items for sale.,rewrite,7951,5124,72,2755,34,0.6820652173913043,0.94125,0.7909663865546218,800,1.0,True,1.0,False,0.11591766600031406,1.0,False,semreuse,20ng-sub7951,7951,0.8,0
20,group:motor vehicles#t3,This article covers the topic of motor vehicles.,cold,7951,7951,0,0,36,0.6746666666666666,0.94875,0.7885714285714286,800,,,,,0.08321658300701529,1.0,,semreuse,20ng-sub7951,7951,0.8,0
21,group:sports#t3,This article covers the topic of sports.,rewrite,7641,722,530,6389,38,0.6880146386093321,0.94,0.7945060750132067,800,0.9115929941618015,False,1.0,False,0.14068833299097605,0.9724199288256228,False,semreuse,20ng-sub7951,7951,0.8,0
22,group:motor vehicles#t3,This article covers the topic of motor vehicles.,exact-hit,0,0,0,0,0,0.6746666666666666,0.94875,0.7885714285714286,800,,,,,1.0082992957904935e-05,1.0,,semreuse,20ng-sub7951,7951,0.8,0
23,group:motor vehicles#t3,This article covers the topic of motor vehicles.,exact-hit,0,0,0,0,0,0.6746666666666666,0.94875,0.7885714285714286,800,,,,,4.750007065013051e-06,1.0,,semreuse,20ng-sub7951,7951,0.8,0
24,union:PC hardware|cryptography#u0,The document is about PC hardware or about cryptography.,rewrite,7951,5742,29,2180,40,0.6822262118491921,0.95,0.7941483803552768,800,1.0,True,1.0,False,0.09673224997823127,1.0,False,semreuse,20ng-sub7951,7951,0.8,0
25,leaf:political debate#t1,This text discusses political debate.,exact-hit,0,0,0,0,0,0.5013157894736842,0.9525,0.6568965517241379,400,1.0,True,1.0,False,1.158300437964499e-05,1.0,False,semreuse,20ng-sub7951,7951,0.8,0
26,union:Macintosh hardware|space exploration#u1,This text discusses either Macintosh hardware or space exploration.,rewrite,7951,5742,29,2180,42,0.6817359855334539,0.9425,0.7911857292759705,800,1.0,True,1.0,False,0.09768908401019871,1.0,False,semreuse,20ng-sub7951,7951,0.8,0
27,leaf:baseball#t2,The passage is related to baseball.,rewrite,7951,6483,72,1396,44,0.5045992115637319,0.96,0.661498708010336,400,1.0,True,1.0,False,0.077591916982783,1.0,False,semreuse,20ng-sub7951,7951,0.8,0
28,group:computers#t0,The document is about computers.,rewrite,7901,2187,178,5536,46,0.8621633957097216,0.9445,0.9014554998806967,2000,0.9776885319053994,True,1.0,False,0.0907178329944145,0.9995437956204379,False,semreuse,20ng-sub7951,7951,0.8,0
29,leaf:baseball#t3,This article covers the topic of baseball.,rewrite,7951,6483,72,1396,48,0.5192307692307693,0.945,0.6702127659574468,400,1.0,True,1.0,False,0.08503495799959637,1.0,False,semreuse,20ng-sub7951,7951,0.8,0
30,leaf:electronics#t0,The document is about electronics.,rewrite,7951,2,0,7949,50,0.4980340760157274,0.95,0.653482373172829,400,1.0,True,1.0,False,0.12874129100237042,1.0,False,semreuse,20ng-sub7951,7951,0.8,0
31,union:PC hardware|items for sale#u1,This text discusses either PC hardware or items for sale.,rewrite,7951,4232,168,3551,52,0.6787658802177858,0.935,0.786540483701367,800,1.0,True,1.0,False,0.170030790992314,1.0,False,semreuse,20ng-sub7951,7951,0.8,0
32,union:computer graphics|motorcycles#u0,The document is about computer graphics or about motorcycles.,rewrite,7951,6443,72,1436,54,0.6859205776173285,0.95,0.7966457023060796,800,1.0,True,1.0,False,0.09096841601422057,1.0,False,semreuse,20ng-sub7951,7951,0.8,0
33,union:Macintosh hardware|electronics#u0,The document is about Macintosh hardware or about electronics.,rewrite,7951,4766,117,3068,56,0.6783154121863799,0.94625,0.7901878914405011,800,1.0,True,1.0,False,0.10872737501631491,1.0,False,semreuse,20ng-sub7951,7951,0.8,0
34,group:computers#t1,This text discusses computers.,exact-hit,0,0,0,0,0,0.8632865550022635,0.9535,0.9061534806367308,2000,,,,,1.2582982890307903e-05,1.0,,semreuse,20ng-sub7951,7951,0.8,0
35,group:religion#t1,This text discusses religion.,rewrite,7662,1770,309,5583,58,0.770745428973277,0.952215464813206,0.8519238243295764,1151,0.9435965494359655,False,1.0,False,0.09116366598755121,0.9902506963788301,False,semreuse,20ng-sub7951,7951,0.8,0
36,group:computers#t0,The document is about computers.,exact-hit,0,0,0,0,0,0.8621633957097216,0.9445,0.9014554998806967,2000,0.9776885319053994,True,1.0,False,1.2457981938496232e-05,0.9995437956204379,False,semreuse,20ng-sub7951,7951,0.8,0
37,union:Middle East affairs|items for sale#u1,This text discusses either Middle East affairs or items for sale.,rewrite,7951,4599,117,3235,60,0.6862745098039216,0.9625,0.801248699271592,800,1.0,True,1.0,False,0.1017947920190636,1.0,False,semreuse,20ng-sub7951,7951,0.8,0
38,leaf:the Microsoft Windows operating system#t1,This text discusses the Microsoft Windows operating system.,rewrite,7951,5368,72,2511,62,0.5213793103448275,0.945,0.6719999999999999,400,1.0,True,1.0,False,0.10232875001383945,1.0,False,semreuse,20ng-sub7951,7951,0.8,0
39,group:sports#t2,The passage is related to sports.,rewrite,7653,1457,501,5695,64,0.6681614349775785,0.93125,0.7780678851174936,800,0.9192085737840066,False,1.0,False,0.11751120799453929,0.980650835532102,False,semreuse,20ng-sub7951,7951,0.8,0
40,leaf:motorcycles#t0,The document is about motorcycles.,rewrite,7951,6443,72,1436,66,0.5104712041884817,0.975,0.6701030927835051,400,1.0,True,1.0,False,0.1107296250120271,1.0,False,semreuse,20ng-sub7951,7951,0.8,0
41,group:motor vehicles#t0,The document is about motor vehicles.,exact-hit,0,0,0,0,0,0.6772486772486772,0.96,0.7942088934850051,800,,,,,1.1083000572398305e-05,1.0,,semreuse,20ng-sub7951,7951,0.8,0
42,union:Christianity|political debate#u1,This text discusses either Christianity or political debate.,rewrite,7951,3739,392,3820,68,0.6819407008086253,0.94875,0.7935180345007842,800,1.0,True,1.0,False,0.12087979199714027,1.0,False,semreuse,20ng-sub7951,7951,0.8,0
43,group:motor vehicles#t2,The passage is related to motor vehicles.,rewrite,7647,1170,492,5985,70,0.6880650994575045,0.95125,0.7985309548793285,800,0.9420783645655877,False,1.0,False,0.12223512498894706,0.9857397504456328,False,semreuse,20ng-sub7951,7951,0.8,0
44,leaf:motorcycles#t2,The passage is related to motorcycles.,rewrite,7151,1732,763,4656,72,0.5279255319148937,0.9925,0.6892361111111112,400,0.9076923076923077,False,0.9414893617021277,False,0.11663379200035706,0.9683377308707124,False,semreuse,20ng-sub7951,7951,0.8,0
45,group:motor vehicles#t1,This text discusses motor vehicles.,rewrite,7365,1491,505,5369,74,0.6991071428571428,0.97875,0.8156249999999999,800,0.9141630901287554,False,0.9508928571428571,False,0.1729508750140667,0.9857904085257548,False,semreuse,20ng-sub7951,7951,0.8,0
46,group:religion#t0,The document is about religion.,exact-hit,0,0,0,0,0,0.75625,0.946133796698523,0.8406020841373988,1151,1.0,True,1.0,False,1.4165998436510563e-05,1.0,False,semreuse,20ng-sub7951,7951,0.8,0
47,group:sports#t3,This article covers the topic of sports.,exact-hit,0,0,0,0,0,0.6880146386093321,0.94,0.7945060750132067,800,0.9115929941618015,False,1.0,False,1.1458992958068848e-05,0.9724199288256228,False,semreuse,20ng-sub7951,7951,0.8,0
48,union:Macintosh hardware|cars#u1,This text discusses either Macintosh hardware or cars.,rewrite,7951,5853,168,1930,76,0.6620087336244541,0.9475,0.7794344473007713,800,1.0,True,1.0,False,0.13927270800922997,1.0,False,semreuse,20ng-sub7951,7951,0.8,0
49,leaf:computer graphics#t1,This text discusses computer graphics.,rewrite,7951,5368,72,2511,78,0.5,0.96,0.6575342465753424,400,1.0,True,1.0,False,0.1944880410155747,1.0,False,semreuse,20ng-sub7951,7951,0.8,0
50,union:atheism|hockey#u1,This text discusses either atheism or hockey.,rewrite,7951,5827,168,1956,80,0.6812891674127126,0.95125,0.7939488784559208,800,1.0,True,1.0,False,0.1380792499985546,1.0,False,semreuse,20ng-sub7951,7951,0.8,0
51,leaf:items for sale#t0,The document is about items for sale.,rewrite,7897,343,1149,6405,82,0.5027173913043478,0.925,0.6514084507042253,400,0.9496774193548387,True,1.0,False,0.15247262502089143,0.983957219251337,False,semreuse,20ng-sub7951,7951,0.8,0
52,leaf:baseball#t0,The document is about baseball.,rewrite,7951,1375,683,5893,84,0.47167487684729065,0.9575,0.632013201320132,400,1.0,True,1.0,False,0.1461153750133235,1.0,False,semreuse,20ng-sub7951,7951,0.8,0
53,union:hockey|motorcycles#u0,The document is about hockey or about motorcycles.,rewrite,7951,5266,276,2409,86,0.6937842778793418,0.94875,0.8014783526927138,800,1.0,True,1.0,False,0.2115076250047423,1.0,False,semreuse,20ng-sub7951,7951,0.8,0
54,group:politics#t0,The document is about politics.,rewrite,7624,1448,353,5823,88,0.7916959887403238,0.9375,0.8584509729111027,1200,0.9274509803921569,False,0.9985925404644617,False,0.19128670799545944,0.9746227709190672,False,semreuse,20ng-sub7951,7951,0.8,0
55,group:motor vehicles#t1,This text discusses motor vehicles.,exact-hit,0,0,0,0,0,0.6991071428571428,0.97875,0.8156249999999999,800,0.9141630901287554,False,0.9508928571428571,False,1.4416000340133905e-05,0.9857904085257548,False,semreuse,20ng-sub7951,7951,0.8,0
56,leaf:atheism#t3,This article covers the topic of atheism.,rewrite,7951,1117,713,6121,90,0.4914361001317523,0.9325,0.6436583261432269,400,1.0,True,1.0,False,0.15172766702016816,1.0,False,semreuse,20ng-sub7951,7951,0.8,0
57,union:atheism|gun control#u1,This text discusses either atheism or gun control.,rewrite,7951,7192,29,730,92,0.6836827711941659,0.9375,0.790722192936215,800,1.0,True,1.0,False,0.15824741701362655,1.0,False,semreuse,20ng-sub7951,7951,0.8,0
58,leaf:cars#t2,The passage is related to cars.,rewrite,7400,1749,716,4935,94,0.5206611570247934,0.945,0.6714031971580816,400,0.9097744360902256,False,1.0,False,0.156421167019289,0.9615894039735099,False,semreuse,20ng-sub7951,7951,0.8,0
59,group:sports#t2,The passage is related to sports.,exact-hit,0,0,0,0,0,0.6681614349775785,0.93125,0.7780678851174936,800,0.9192085737840066,False,1.0,False,1.7040991224348545e-05,0.980650835532102,False,semreuse,20ng-sub7951,7951,0.8,0
60,group:motor vehicles#t2,The passage is related to motor vehicles.,exact-hit,0,0,0,0,0,0.6880650994575045,0.95125,0.7985309548793285,800,0.9420783645655877,False,1.0,False,6.375019438564777e-06,0.9857397504456328,False,semreuse,20ng-sub7951,7951,0.8,0
61,group:computers#t0,The document is about computers.,exact-hit,0,0,0,0,0,0.8621633957097216,0.9445,0.9014554998806967,2000,0.9776885319053994,True,1.0,False,8.542003342881799e-06,0.9995437956204379,False,semreuse,20ng-sub7951,7951,0.8,0
62,union:medicine|the Microsoft Windows operating system#u0,The document is about medicine or about the Microsoft Windows operating system.,rewrite,7951,3421,220,4310,96,0.6821428571428572,0.955,0.7958333333333334,800,1.0,True,1.0,False,0.15436941699590534,1.0,False,semreuse,20ng-sub7951,7951,0.8,0
63,union:baseball|items for sale#u0,The document is about baseball or about items for sale.,rewrite,7951,4938,276,2737,98,0.6909254267744834,0.96125,0.8039728175640356,800,1.0,True,1.0,False,0.18468775000656024,1.0,False,semreuse,20ng-sub7951,7951,0.8,0
64,union:atheism|medicine#u1,This text discusses either atheism or medicine.,rewrite,7951,7192,29,730,100,0.6711229946524064,0.94125,0.7835587929240375,800,1.0,True,1.0,False,0.2383855409862008,1.0,False,semreuse,20ng-sub7951,7951,0.8,0
65,union:hockey|the X Window System#u1,This text discusses either hockey or the X Window System.,rewrite,7951,3322,329,4300,102,0.6822682268226823,0.9475,0.793301936159079,800,1.0,True,1.0,False,0.16757575000519864,1.0,False,semreuse,20ng-sub7951,7951,0.8,0
66,leaf:cryptography#t0,The document is about cryptography.,rewrite,7951,1114,721,6116,104,0.5291666666666667,0.9525,0.6803571428571429,400,1.0,True,1.0,False,0.23496258398517966,1.0,False,semreuse,20ng-sub7951,7951,0.8,0
67,leaf:motorcycles#t3,This article covers the topic of motorcycles.,rewrite,7951,2146,568,5237,106,0.500651890482399,0.96,0.6580976863753214,400,1.0,True,1.0,False,0.1693774590094108,1.0,False,semreuse,20ng-sub7951,7951,0.8,0
68,leaf:hockey#t1,This text discusses hockey.,exact-hit,0,0,0,0,0,0.5191256830601093,0.95,0.6713780918727915,400,1.0,True,1.0,False,1.53339933604002e-05,1.0,False,semreuse,20ng-sub7951,7951,0.8,0
69,leaf:baseball#t2,The passage is related to baseball.,exact-hit,0,0,0,0,0,0.5045992115637319,0.96,0.661498708010336,400,1.0,True,1.0,False,6.207992555573583e-06,1.0,False,semreuse,20ng-sub7951,7951,0.8,0
70,group:motor vehicles#t0,The document is about motor vehicles.,exact-hit,0,0,0,0,0,0.6772486772486772,0.96,0.7942088934850051,800,,,,,5.5000127758830786e-06,1.0,,semreuse,20ng-sub7951,7951,0.8,0
71,leaf:the Microsoft Windows operating system#t2,The passage is related to the Microsoft Windows operating system.,rewrite,7163,2429,659,4075,108,0.51171875,0.9825,0.6729452054794521,400,0.9414965986394558,False,0.9010416666666666,False,0.1750322080042679,0.9727272727272728,False,semreuse,20ng-sub7951,7951,0.8,0
72,leaf:motorcycles#t2,The passage is related to motorcycles.,exact-hit,0,0,0,0,0,0.5279255319148937,0.9925,0.6892361111111112,400,0.9076923076923077,False,0.9414893617021277,False,2.166602644138038e-05,0.9683377308707124,False,semreuse,20ng-sub7951,7951,0.8,0
73,group:sports#t2,The passage is related to sports.,exact-hit,0,0,0,0,0,0.6681614349775785,0.93125,0.7780678851174936,800,0.9192085737840066,False,1.0,False,5.937498644925654e-05,0.980650835532102,False,semreuse,20ng-sub7951,7951,0.8,0
74,union:Macintosh hardware|electronics#u1,This text discusses either Macintosh hardware or electronics.,rewrite,7669,3033,327,4309,110,0.6894075403949731,0.96,0.8025078369905956,800,1.0,True,0.9631956912028725,False,0.17800375001388602,1.0,False,semreuse,20ng-sub7951,7951,0.8,0
75,leaf:Christianity#t3,This article covers the topic of Christianity.,exact-hit,0,0,0,0,0,0.4961636828644501,0.97,0.6565143824027072,400,1.0,True,1.0,False,2.0292005501687527e-05,1.0,False,semreuse,20ng-sub7951,7951,0.8,0
76,group:sports#t2,The passage is related to sports.,exact-hit,0,0,0,0,0,0.6681614349775785,0.93125,0.7780678851174936,800,0.9192085737840066,False,1.0,False,8.292001439258456e-06,0.980650835532102,False,semreuse,20ng-sub7951,7951,0.8,0
77,leaf:religious debate#t3,This article covers the topic of religious debate.,rewrite,7951,2172,679,5100,112,0.4715909090909091,0.9458689458689459,0.6293838862559242,351,1.0,True,1.0,False,0.16307499998947605,1.0,False,semreuse,20ng-sub7951,7951,0.8,0
78,union:atheism|baseball#u1,This text discusses either atheism or baseball.,rewrite,7951,5251,220,2480,114,0.6781609195402298,0.95875,0.7944070429829103,800,1.0,True,1.0,False,0.1703130409878213,1.0,False,semreuse,20ng-sub7951,7951,0.8,0
79,leaf:items for sale#t2,The passage is related to items for sale.,rewrite,7907,1068,1038,5801,116,0.5026737967914439,0.94,0.6550522648083623,400,0.958974358974359,True,1.0,False,0.22155237500555813,0.9946808510638298,False,semreuse,20ng-sub7951,7951,0.8,0
80,union:Macintosh hardware|religious debate#u0,The document is about Macintosh hardware or about religious debate.,rewrite,7951,3268,276,4407,118,0.6745956232159848,0.9440745672436751,0.7869034406215316,751,1.0,True,1.0,False,0.22386104200268164,1.0,False,semreuse,20ng-sub7951,7951,0.8,0
81,group:motor vehicles#t1,This text discusses motor vehicles.,exact-hit,0,0,0,0,0,0.6991071428571428,0.97875,0.8156249999999999,800,0.9141630901287554,False,0.9508928571428571,False,1.612497726455331e-05,0.9857904085257548,False,semreuse,20ng-sub7951,7951,0.8,0
82,leaf:cars#t0,The document is about cars.,rewrite,7677,2052,746,4879,120,0.5083655083655083,0.9875,0.671197960917587,400,1.0,True,0.9176319176319176,False,0.16097141601494513,1.0,False,semreuse,20ng-sub7951,7951,0.8,0
83,leaf:PC hardware#t0,The document is about PC hardware.,rewrite,7919,3185,484,4250,122,0.5006587615283268,0.95,0.6557377049180327,400,0.9619771863117871,True,1.0,False,0.14547337501426227,1.0,False,semreuse,20ng-sub7951,7951,0.8,0
84,group:religion#t2,The passage is related to religion.,rewrite,7645,1804,282,5559,124,0.7749287749287749,0.945264986967854,0.8516634050880625,1151,0.924901185770751,False,1.0,False,0.1973779590043705,0.9901269393511989,False,semreuse,20ng-sub7951,7951,0.8,0
85,union:Christianity|hockey#u0,The document is about Christianity or about hockey.,rewrite,7951,3549,303,4099,126,0.6785079928952042,0.955,0.7933541017653168,800,1.0,True,1.0,False,0.36781766699277796,1.0,False,semreuse,20ng-sub7951,7951,0.8,0
86,group:religion#t0,The document is about religion.,exact-hit,0,0,0,0,0,0.75625,0.946133796698523,0.8406020841373988,1151,1.0,True,1.0,False,1.3125012628734112e-05,1.0,False,semreuse,20ng-sub7951,7951,0.8,0
87,union:atheism|computer graphics#u1,This text discusses either atheism or computer graphics.,rewrite,7951,4840,117,2994,128,0.6651982378854625,0.94375,0.7803617571059431,800,1.0,True,1.0,False,0.24849558298592456,1.0,False,semreuse,20ng-sub7951,7951,0.8,0
88,union:motorcycles|political debate#u1,This text discusses either motorcycles or political debate.,rewrite,7951,4503,392,3056,130,0.6916058394160584,0.9475,0.79957805907173,800,1.0,True,1.0,False,0.3849716249969788,1.0,False,semreuse,20ng-sub7951,7951,0.8,0
89,group:motor vehicles#t0,The document is about motor vehicles.,exact-hit,0,0,0,0,0,0.6772486772486772,0.96,0.7942088934850051,800,,,,,1.491699367761612e-05,1.0,,semreuse,20ng-sub7951,7951,0.8,0
90,union:PC hardware|political debate#u0,The document is about PC hardware or about political debate.,rewrite,7801,4140,249,3412,132,0.6899724011039559,0.9375,0.794912559618442,800,0.9452173913043478,True,1.0,False,0.23446970799705014,0.9917883211678832,False,semreuse,20ng-sub7951,7951,0.8,0
91,leaf:Macintosh hardware#t0,The document is about Macintosh hardware.,rewrite,7220,2885,603,3732,134,0.5404663923182441,0.985,0.6979627989371124,400,0.9302013422818792,False,0.9506172839506173,False,0.30282316598459147,0.967479674796748,False,semreuse,20ng-sub7951,7951,0.8,0
92,leaf:items for sale#t1,This text discusses items for sale.,rewrite,7411,1410,918,5083,136,0.5160857908847185,0.9625,0.6719022687609075,400,0.9097560975609756,False,1.0,False,0.23089212502236478,0.961340206185567,False,semreuse,20ng-sub7951,7951,0.8,0
93,leaf:the Microsoft Windows operating system#t0,The document is about the Microsoft Windows operating system.,rewrite,7951,2708,571,4672,138,0.48623853211009177,0.9275,0.6380051590713672,400,1.0,True,1.0,False,0.2013480419991538,1.0,False,semreuse,20ng-sub7951,7951,0.8,0
94,leaf:the Microsoft Windows operating system#t1,This text discusses the Microsoft Windows operating system.,exact-hit,0,0,0,0,0,0.5213793103448275,0.945,0.6719999999999999,400,1.0,True,1.0,False,1.0499992640689015e-05,1.0,False,semreuse,20ng-sub7951,7951,0.8,0
95,group:computers#t3,This article covers the topic of computers.,rewrite,7705,3128,135,4442,140,0.8780260707635009,0.943,0.9093539054966249,2000,0.9653932584269663,True,1.0,False,0.3660022499971092,0.9880404783808647,False,semreuse,20ng-sub7951,7951,0.8,0
96,leaf:PC hardware#t1,This text discusses PC hardware.,rewrite,7504,3634,405,3465,142,0.5219178082191781,0.9525,0.6743362831858407,400,0.9023485784919654,False,1.0,False,0.32687962500494905,0.9605263157894737,False,semreuse,20ng-sub7951,7951,0.8,0
97,leaf:cars#t2,The passage is related to cars.,exact-hit,0,0,0,0,0,0.5206611570247934,0.945,0.6714031971580816,400,0.9097744360902256,False,1.0,False,1.329201040789485e-05,0.9615894039735099,False,semreuse,20ng-sub7951,7951,0.8,0
98,union:Christianity|items for sale#u0,The document is about Christianity or about items for sale.,rewrite,7951,4300,392,3259,144,0.6783154121863799,0.94625,0.7901878914405011,800,1.0,True,1.0,False,0.25882024999009445,1.0,False,semreuse,20ng-sub7951,7951,0.8,0
99,group:politics#t2,The passage is related to politics.,rewrite,7896,1797,317,5782,146,0.7651877133105802,0.9341666666666667,0.8412757973733583,1200,0.9638157894736842,True,1.0,False,0.3002240830101073,0.9925474254742548,False,semreuse,20ng-sub7951,7951,0.8,0
100,leaf:gun control#t2,The passage is related to gun control.,rewrite,7951,1099,724,6128,148,0.5109289617486339,0.935,0.6607773851590106,400,1.0,True,1.0,False,0.36481608398025855,1.0,False,semreuse,20ng-sub7951,7951,0.8,0
101,union:Middle East affairs|items for sale#u1,This text discusses either Middle East affairs or items for sale.,exact-hit,0,0,0,0,0,0.6862745098039216,0.9625,0.801248699271592,800,1.0,True,1.0,False,1.2042000889778137e-05,1.0,False,semreuse,20ng-sub7951,7951,0.8,0
102,leaf:computer graphics#t3,This article covers the topic of computer graphics.,rewrite,7169,2894,546,3729,150,0.5216819973718791,0.9925,0.6838931955211026,400,0.9017857142857143,False,0.9290407358738502,False,0.3089205000142101,0.9656538969616909,False,semreuse,20ng-sub7951,7951,0.8,0
103,leaf:religious debate#t3,This article covers the topic of religious debate.,exact-hit,0,0,0,0,0,0.4715909090909091,0.9458689458689459,0.6293838862559242,351,1.0,True,1.0,False,1.3749988283962011e-05,1.0,False,semreuse,20ng-sub7951,7951,0.8,0
104,leaf:atheism#t3,This article covers the topic of atheism.,exact-hit,0,0,0,0,0,0.4914361001317523,0.9325,0.6436583261432269,400,1.0,True,1.0,False,8.750008419156075e-06,1.0,False,semreuse,20ng-sub7951,7951,0.8,0
105,group:religion#t1,This text discusses religion.,exact-hit,0,0,0,0,0,0.770745428973277,0.952215464813206,0.8519238243295764,1151,0.9435965494359655,False,1.0,False,4.749977961182594e-06,0.9902506963788301,False,semreuse,20ng-sub7951,7951,0.8,0
106,union:hockey|items for sale#u0,The document is about hockey or about items for sale.,rewrite,7951,4734,329,2888,152,0.6779359430604982,0.9525,0.7920997920997921,800,1.0,True,1.0,False,0.29967287500039674,1.0,False,semreuse,20ng-sub7951,7951,0.8,0
107,group:motor vehicles#t0,The document is about motor vehicles.,exact-hit,0,0,0,0,0,0.6772486772486772,0.96,0.7942088934850051,800,,,,,1.1833995813503861e-05,1.0,,semreuse,20ng-sub7951,7951,0.8,0
108,union:space exploration|the Microsoft Windows operating system#u1,This text discusses either space exploration or the Microsoft Windows operating system.,rewrite,7951,4404,276,3271,154,0.6792792792792792,0.9425,0.7895287958115182,800,1.0,True,1.0,False,0.40816191700287163,1.0,False,semreuse,20ng-sub7951,7951,0.8,0
109,group:sports#t2,The passage is related to sports.,exact-hit,0,0,0,0,0,0.6681614349775785,0.93125,0.7780678851174936,800,0.9192085737840066,False,1.0,False,1.2500007869675756e-05,0.980650835532102,False,semreuse,20ng-sub7951,7951,0.8,0
110,group:sports#t1,This text discusses sports.,exact-hit,0,0,0,0,0,0.675022381378693,0.9425,0.7866458007303078,800,,,,,5.5419804994016886e-06,1.0,,semreuse,20ng-sub7951,7951,0.8,0
111,leaf:atheism#t3,This article covers the topic of atheism.,exact-hit,0,0,0,0,0,0.4914361001317523,0.9325,0.6436583261432269,400,1.0,True,1.0,False,5.875015631318092e-06,1.0,False,semreuse,20ng-sub7951,7951,0.8,0
112,leaf:Middle East affairs#t2,The passage is related to Middle East affairs.,rewrite,7951,3643,412,3896,156,0.4961139896373057,0.9575,0.6535836177474402,400,1.0,True,1.0,False,0.3587314170144964,1.0,False,semreuse,20ng-sub7951,7951,0.8,0
113,union:Macintosh hardware|motorcycles#u1,This text discusses either Macintosh hardware or motorcycles.,rewrite,7951,3249,332,4370,158,0.6681695220919748,0.92625,0.7763226820324777,800,1.0,True,1.0,False,0.22448137501487508,1.0,False,semreuse,20ng-sub7951,7951,0.8,0
114,union:political debate|religious debate#u0,The document is about political debate or about religious debate.,rewrite,7951,4178,276,3497,160,0.6824196597353497,0.9613848202396804,0.7982310668877832,751,1.0,True,1.0,False,0.527879875007784,1.0,False,semreuse,20ng-sub7951,7951,0.8,0
115,leaf:gun control#t3,This article covers the topic of gun control.,rewrite,7951,1097,710,6144,162,0.5134408602150538,0.955,0.6678321678321678,400,1.0,True,1.0,False,0.3391217080061324,1.0,False,semreuse,20ng-sub7951,7951,0.8,0
116,leaf:medicine#t2,The passage is related to medicine.,rewrite,7123,1587,835,4701,164,0.5345997286295794,0.985,0.6930518909410731,400,0.9088471849865952,False,0.9199457259158752,False,0.25383762500132434,0.975609756097561,False,semreuse,20ng-sub7951,7951,0.8,0
117,group:politics#t1,This text discusses politics.,exact-hit,0,0,0,0,0,0.7585513078470825,0.9425,0.8405797101449275,1200,,,,,1.1249998351559043e-05,1.0,,semreuse,20ng-sub7951,7951,0.8,0
118,group:science#t2,The passage is related to science.,exact-hit,0,0,0,0,0,0.8351769911504425,0.94375,0.8861502347417841,1600,1.0,True,1.0,False,6.4159976318478584e-06,1.0,False,semreuse,20ng-sub7951,7951,0.8,0
119,group:religion#t0,The document is about religion.,exact-hit,0,0,0,0,0,0.75625,0.946133796698523,0.8406020841373988,1151,1.0,True,1.0,False,5.292007699608803e-06,1.0,False,semreuse,20ng-sub7951,7951,0.8,0
0,group:motor vehicles#t0,The document is about motor vehicles.,cold,7951,7951,0,0,0,0.6772486772486772,0.96,0.7942088934850051,800,,,,,0.0003184160159435123,1.0,,semreuse-noaudit,20ng-sub7951,7951,0.8,0
1,group:religion#t3,This article covers the topic of religion.,cold,7951,7951,0,0,0,0.7718926553672316,0.9496090356211989,0.8515777171795871,1151,,,,,0.0006038339924998581,1.0,,semreuse-noaudit,20ng-sub7951,7951,0.8,0
2,leaf:religious debate#t0,The document is about religious debate.,rewrite,6535,6535,0,0,0,0.19818799546998866,0.9971509971509972,0.33065658951346244,351,,,,,0.0003700419911183417,1.0,,semreuse-noaudit,20ng-sub7951,7951,0.8,0
3,group:politics#t1,This text discusses politics.,cold,7951,7951,0,0,0,0.7585513078470825,0.9425,0.8405797101449275,1200,,,,,0.0005156669940333813,1.0,,semreuse-noaudit,20ng-sub7951,7951,0.8,0
4,union:gun control|medicine#u0,The document is about gun control or about medicine.,cold,7951,7951,0,0,0,0.6878980891719745,0.945,0.7962085308056872,800,,,,,0.0004505419929046184,1.0,,semreuse-noaudit,20ng-sub7951,7951,0.8,0
5,group:motor vehicles#t0,The document is about motor vehicles.,exact-hit,0,0,0,0,0,0.6772486772486772,0.96,0.7942088934850051,800,,,,,5.874986527487636e-06,1.0,,semreuse-noaudit,20ng-sub7951,7951,0.8,0
6,group:politics#t1,This text discusses politics.,exact-hit,0,0,0,0,0,0.7585513078470825,0.9425,0.8405797101449275,1200,,,,,3.958004526793957e-06,1.0,,semreuse-noaudit,20ng-sub7951,7951,0.8,0
7,group:religion#t0,The document is about religion.,rewrite,1766,1766,0,0,0,0.9580674567000912,0.9131190269331017,0.9350533807829182,1151,,,,,0.000534582999534905,0.7618055555555555,,semreuse-noaudit,20ng-sub7951,7951,0.8,0
8,leaf:political debate#t1,This text discusses political debate.,rewrite,6460,6460,0,0,0,0.2169657422512235,0.9975,0.3564091112103618,400,,,,,0.00035687501076608896,1.0,,semreuse-noaudit,20ng-sub7951,7951,0.8,0
9,group:sports#t1,This text discusses sports.,cold,7951,7951,0,0,0,0.675022381378693,0.9425,0.7866458007303078,800,,,,,0.0004116249911021441,1.0,,semreuse-noaudit,20ng-sub7951,7951,0.8,0
10,group:science#t1,This text discusses science.,cold,7951,7951,0,0,0,0.8225806451612904,0.95625,0.8843930635838151,1600,,,,,0.0005925830046180636,1.0,,semreuse-noaudit,20ng-sub7951,7951,0.8,0
11,leaf:hockey#t1,This text discusses hockey.,rewrite,6834,6834,0,0,0,0.2737276478679505,0.995,0.42934196332254587,400,,,,,0.0003979169996455312,1.0,,semreuse-noaudit,20ng-sub7951,7951,0.8,0
12,leaf:religious debate#t2,The passage is related to religious debate.,rewrite,0,0,0,0,0,0.19818799546998866,0.9971509971509972,0.33065658951346244,351,,,,,0.0002654999843798578,0.5493741307371349,,semreuse-noaudit,20ng-sub7951,7951,0.8,0
13,leaf:political debate#t0,The document is about political debate.,rewrite,0,0,0,0,0,0.2169657422512235,0.9975,0.3564091112103618,400,,,,,0.0002308750117663294,0.5923984272608126,,semreuse-noaudit,20ng-sub7951,7951,0.8,0
14,leaf:items for sale#t3,This article covers the topic of items for sale.,rewrite,1134,1134,0,0,0,0.27631578947368424,0.0525,0.08823529411764706,400,,,,,0.00033195799915120006,0.1043956043956044,,semreuse-noaudit,20ng-sub7951,7951,0.8,0
15,leaf:Christianity#t3,This article covers the topic of Christianity.,rewrite,6500,6500,0,0,0,0.22284122562674094,1.0,0.36446469248291574,400,,,,,0.00038579199463129044,1.0,,semreuse-noaudit,20ng-sub7951,7951,0.8,0
16,union:electronics|hockey#u0,The document is about electronics or about hockey.,cold,7951,7951,0,0,0,0.6773049645390071,0.955,0.7925311203319502,800,,,,,0.00045220801257528365,1.0,,semreuse-noaudit,20ng-sub7951,7951,0.8,0
17,group:science#t2,The passage is related to science.,rewrite,0,0,0,0,0,0.8225806451612904,0.95625,0.8843930635838151,1600,,,,,0.0002485829754732549,0.8102876106194691,,semreuse-noaudit,20ng-sub7951,7951,0.8,0
18,group:computers#t1,This text discusses computers.,cold,7951,7951,0,0,0,0.8632865550022635,0.9535,0.9061534806367308,2000,,,,,0.0006953749980311841,1.0,,semreuse-noaudit,20ng-sub7951,7951,0.8,0
19,union:Macintosh hardware|items for sale#u1,This text discusses either Macintosh hardware or items for sale.,rewrite,5676,5676,0,0,0,0.2701863354037267,0.97875,0.42347214710654413,800,,,,,0.0005134580133017153,1.0,,semreuse-noaudit,20ng-sub7951,7951,0.8,0
20,group:motor vehicles#t3,This article covers the topic of motor vehicles.,cold,7951,7951,0,0,0,0.6746666666666666,0.94875,0.7885714285714286,800,,,,,0.00046112498966977,1.0,,semreuse-noaudit,20ng-sub7951,7951,0.8,0
21,group:sports#t3,This article covers the topic of sports.,rewrite,0,0,0,0,0,0.675022381378693,0.9425,0.7866458007303078,800,,,,,0.0002879579842556268,0.6601423487544484,,semreuse-noaudit,20ng-sub7951,7951,0.8,0
22,group:motor vehicles#t3,This article covers the topic of motor vehicles.,exact-hit,0,0,0,0,0,0.6746666666666666,0.94875,0.7885714285714286,800,,,,,5.874986527487636e-06,1.0,,semreuse-noaudit,20ng-sub7951,7951,0.8,0
23,group:motor vehicles#t3,This article covers the topic of motor vehicles.,exact-hit,0,0,0,0,0,0.6746666666666666,0.94875,0.7885714285714286,800,,,,,3.334018401801586e-06,1.0,,semreuse-noaudit,20ng-sub7951,7951,0.8,0
24,union:PC hardware|cryptography#u0,The document is about PC hardware or about cryptography.,rewrite,5742,5742,0,0,0,0.2730459165790396,0.97375,0.42649876813577875,800,,,,,0.00048600000445730984,1.0,,semreuse-noaudit,20ng-sub7951,7951,0.8,0
25,leaf:political debate#t1,This text discusses political debate.,exact-hit,0,0,0,0,0,0.2169657422512235,0.9975,0.3564091112103618,400,,,,,5.082983989268541e-06,1.0,,semreuse-noaudit,20ng-sub7951,7951,0.8,0
26,union:Macintosh hardware|space exploration#u1,This text discusses either Macintosh hardware or space exploration.,rewrite,5742,5742,0,0,0,0.2701189643107068,0.965,0.4220885729907053,800,,,,,0.0004665000014938414,1.0,,semreuse-noaudit,20ng-sub7951,7951,0.8,0
27,leaf:baseball#t2,The passage is related to baseball.,rewrite,6834,6834,0,0,0,0.2699594046008119,0.9975,0.42492012779552707,400,,,,,0.00042374999611638486,1.0,,semreuse-noaudit,20ng-sub7951,7951,0.8,0
28,group:computers#t0,The document is about computers.,rewrite,0,0,0,0,0,0.8632865550022635,0.9535,0.9061534806367308,2000,,,,,0.00044916701153852046,0.8289233576642335,,semreuse-noaudit,20ng-sub7951,7951,0.8,0
29,leaf:baseball#t3,This article covers the topic of baseball.,rewrite,6834,6834,0,0,0,0.2718579234972678,0.995,0.4270386266094421,400,,,,,0.0005792499869130552,1.0,,semreuse-noaudit,20ng-sub7951,7951,0.8,0
30,leaf:electronics#t0,The document is about electronics.,rewrite,147,147,0,0,0,0.8333333333333334,0.05,0.09433962264150944,400,,,,,0.00047974998597055674,0.03145478374836173,,semreuse-noaudit,20ng-sub7951,7951,0.8,0
31,union:PC hardware|items for sale#u1,This text discusses either PC hardware or items for sale.,rewrite,5676,5676,0,0,0,0.2675619834710744,0.97125,0.4195464362850972,800,,,,,0.0005442500114440918,1.0,,semreuse-noaudit,20ng-sub7951,7951,0.8,0
32,union:computer graphics|motorcycles#u0,The document is about computer graphics or about motorcycles.,rewrite,6443,6443,0,0,0,0.36359404096834264,0.97625,0.5298507462686567,800,,,,,0.0005487920134328306,1.0,,semreuse-noaudit,20ng-sub7951,7951,0.8,0
33,union:Macintosh hardware|electronics#u0,The document is about Macintosh hardware or about electronics.,rewrite,5742,5742,0,0,0,0.27323746054016135,0.97375,0.42673240208162144,800,,,,,0.000529874989297241,1.0,,semreuse-noaudit,20ng-sub7951,7951,0.8,0
34,group:computers#t1,This text discusses computers.,exact-hit,0,0,0,0,0,0.8632865550022635,0.9535,0.9061534806367308,2000,,,,,6.125017534941435e-06,1.0,,semreuse-noaudit,20ng-sub7951,7951,0.8,0
35,group:religion#t1,This text discusses religion.,rewrite,389,389,0,0,0,0.9617391304347827,0.9609035621198957,0.9613211647109953,1151,,,,,0.0007620000105816871,0.75,,semreuse-noaudit,20ng-sub7951,7951,0.8,0
36,group:computers#t0,The document is about computers.,exact-hit,0,0,0,0,0,0.8632865550022635,0.9535,0.9061534806367308,2000,,,,,1.2625008821487427e-05,0.8289233576642335,,semreuse-noaudit,20ng-sub7951,7951,0.8,0
37,union:Middle East affairs|items for sale#u1,This text discusses either Middle East affairs or items for sale.,rewrite,5306,5306,0,0,0,0.2405140758873929,0.9825,0.3864306784660767,800,,,,,0.0006747920124325901,1.0,,semreuse-noaudit,20ng-sub7951,7951,0.8,0
38,leaf:the Microsoft Windows operating system#t1,This text discusses the Microsoft Windows operating system.,rewrite,5742,5742,0,0,0,0.16155088852988692,1.0,0.2781641168289291,400,,,,,0.0004687919863499701,1.0,,semreuse-noaudit,20ng-sub7951,7951,0.8,0
39,group:sports#t2,The passage is related to sports.,rewrite,0,0,0,0,0,0.675022381378693,0.9425,0.7866458007303078,800,,,,,0.0003787080058827996,0.6402814423922604,,semreuse-noaudit,20ng-sub7951,7951,0.8,0
40,leaf:motorcycles#t0,The document is about motorcycles.,rewrite,6443,6443,0,0,0,0.21715526601520088,1.0,0.3568242640499554,400,,,,,0.0004969999718014151,1.0,,semreuse-noaudit,20ng-sub7951,7951,0.8,0
41,group:motor vehicles#t0,The document is about motor vehicles.,exact-hit,0,0,0,0,0,0.6772486772486772,0.96,0.7942088934850051,800,,,,,5.250010872259736e-06,1.0,,semreuse-noaudit,20ng-sub7951,7951,0.8,0
42,union:Christianity|political debate#u1,This text discusses either Christianity or political debate.,rewrite,4365,4365,0,0,0,0.2103602419142782,1.0,0.3475993917010645,800,,,,,0.0006764580029994249,1.0,,semreuse-noaudit,20ng-sub7951,7951,0.8,0
43,group:motor vehicles#t2,The passage is related to motor vehicles.,rewrite,757,757,0,0,0,0.9232558139534883,0.9925,0.9566265060240964,800,,,,,0.0006899590080138296,0.7165775401069518,,semreuse-noaudit,20ng-sub7951,7951,0.8,0
44,leaf:motorcycles#t2,The passage is related to motorcycles.,rewrite,298,298,0,0,0,0.2564102564102564,1.0,0.4081632653061224,400,,,,,0.0005868749867659062,0.5897097625329816,,semreuse-noaudit,20ng-sub7951,7951,0.8,0
45,group:motor vehicles#t1,This text discusses motor vehicles.,rewrite,757,757,0,0,0,0.9320843091334895,0.995,0.9625151148730351,800,,,,,0.000651167007163167,0.7184724689165186,,semreuse-noaudit,20ng-sub7951,7951,0.8,0
46,group:religion#t0,The document is about religion.,exact-hit,0,0,0,0,0,0.9580674567000912,0.9131190269331017,0.9350533807829182,1151,,,,,6.4159976318478584e-06,0.7618055555555555,,semreuse-noaudit,20ng-sub7951,7951,0.8,0
47,group:sports#t3,This article covers the topic of sports.,exact-hit,0,0,0,0,0,0.675022381378693,0.9425,0.7866458007303078,800,,,,,4.375004209578037e-06,0.6601423487544484,,semreuse-noaudit,20ng-sub7951,7951,0.8,0
48,union:Macintosh hardware|cars#u1,This text discusses either Macintosh hardware or cars.,rewrite,6443,6443,0,0,0,0.35753676470588236,0.9725,0.5228494623655914,800,,,,,0.0006872079975437373,1.0,,semreuse-noaudit,20ng-sub7951,7951,0.8,0
49,leaf:computer graphics#t1,This text discusses computer graphics.,rewrite,5742,5742,0,0,0,0.15827052756842522,0.9975,0.27319411160561446,400,,,,,0.0005479590035974979,1.0,,semreuse-noaudit,20ng-sub7951,7951,0.8,0
50,union:atheism|hockey#u1,This text discusses either atheism or hockey.,rewrite,6497,6497,0,0,0,0.37137422729434144,0.97625,0.5380640716500172,800,,,,,0.0006091250106692314,1.0,,semreuse-noaudit,20ng-sub7951,7951,0.8,0
51,leaf:items for sale#t0,The document is about items for sale.,rewrite,749,749,0,0,0,0.9598853868194842,0.8375,0.8945260347129507,400,,,,,0.0005322080105543137,0.46657754010695185,,semreuse-noaudit,20ng-sub7951,7951,0.8,0
52,leaf:baseball#t0,The document is about baseball.,rewrite,0,0,0,0,0,0.2699594046008119,0.9975,0.42492012779552707,400,,,,,0.00040441600140184164,0.5566502463054187,,semreuse-noaudit,20ng-sub7951,7951,0.8,0
53,union:hockey|motorcycles#u0,The document is about hockey or about motorcycles.,rewrite,6109,6109,0,0,0,0.3241464417935006,0.985,0.48777468276075514,800,,,,,0.0006550000107381493,1.0,,semreuse-noaudit,20ng-sub7951,7951,0.8,0
54,group:politics#t0,The document is about politics.,rewrite,0,0,0,0,0,0.7585513078470825,0.9425,0.8405797101449275,1200,,,,,0.00044574998901225626,0.7496570644718793,,semreuse-noaudit,20ng-sub7951,7951,0.8,0
55,group:motor vehicles#t1,This text discusses motor vehicles.,exact-hit,0,0,0,0,0,0.9320843091334895,0.995,0.9625151148730351,800,,,,,8.542003342881799e-06,0.7184724689165186,,semreuse-noaudit,20ng-sub7951,7951,0.8,0
56,leaf:atheism#t3,This article covers the topic of atheism.,rewrite,2103,2103,0,0,0,0.7898230088495575,0.8925,0.8380281690140845,400,,,,,0.0005580419965554029,0.5955204216073782,,semreuse-noaudit,20ng-sub7951,7951,0.8,0
57,union:atheism|gun control#u1,This text discusses either atheism or gun control.,rewrite,7499,7499,0,0,0,0.6415562913907285,0.96875,0.7719123505976095,800,,,,,0.0006296669889707118,1.0,,semreuse-noaudit,20ng-sub7951,7951,0.8,0
58,leaf:cars#t2,The passage is related to cars.,rewrite,757,757,0,0,0,0.4828850855745721,0.9875,0.6486042692939245,400,,,,,0.0006199579802341759,0.5668874172185431,,semreuse-noaudit,20ng-sub7951,7951,0.8,0
59,group:sports#t2,The passage is related to sports.,exact-hit,0,0,0,0,0,0.675022381378693,0.9425,0.7866458007303078,800,,,,,5.999987479299307e-06,0.6402814423922604,,semreuse-noaudit,20ng-sub7951,7951,0.8,0
60,group:motor vehicles#t2,The passage is related to motor vehicles.,exact-hit,0,0,0,0,0,0.9232558139534883,0.9925,0.9566265060240964,800,,,,,3.875000402331352e-06,0.7165775401069518,,semreuse-noaudit,20ng-sub7951,7951,0.8,0
61,group:computers#t0,The document is about computers.,exact-hit,0,0,0,0,0,0.8632865550022635,0.9535,0.9061534806367308,2000,,,,,3.749999450519681e-06,0.8289233576642335,,semreuse-noaudit,20ng-sub7951,7951,0.8,0
62,union:medicine|the Microsoft Windows operating system#u0,The document is about medicine or about the Microsoft Windows operating system.,rewrite,3904,3904,0,0,0,0.18770530267480057,1.0,0.3160806005531411,800,,,,,0.0006713750190101564,1.0,,semreuse-noaudit,20ng-sub7951,7951,0.8,0
63,union:baseball|items for sale#u0,The document is about baseball or about items for sale.,rewrite,6159,6159,0,0,0,0.3716153127917834,0.995,0.5411284840244731,800,,,,,0.0006928750080987811,1.0,,semreuse-noaudit,20ng-sub7951,7951,0.8,0
64,union:atheism|medicine#u1,This text discusses either atheism or medicine.,rewrite,7499,7499,0,0,0,0.6296900489396411,0.965,0.7620927936821321,800,,,,,0.0006323750130832195,1.0,,semreuse-noaudit,20ng-sub7951,7951,0.8,0
65,union:hockey|the X Window System#u1,This text discusses either hockey or the X Window System.,rewrite,3985,3985,0,0,0,0.1920673076923077,0.99875,0.32217741935483873,800,,,,,0.00068224998540245,1.0,,semreuse-noaudit,20ng-sub7951,7951,0.8,0
66,leaf:cryptography#t0,The document is about cryptography.,rewrite,2853,2853,0,0,0,0.7584033613445378,0.9025,0.8242009132420091,400,,,,,0.0005333750159479678,0.6611111111111111,,semreuse-noaudit,20ng-sub7951,7951,0.8,0
67,leaf:motorcycles#t3,This article covers the topic of motorcycles.,rewrite,640,640,0,0,0,0.2597402597402597,1.0,0.4123711340206185,400,,,,,0.0005942499847151339,0.621903520208605,,semreuse-noaudit,20ng-sub7951,7951,0.8,0
68,leaf:hockey#t1,This text discusses hockey.,exact-hit,0,0,0,0,0,0.2737276478679505,0.995,0.42934196332254587,400,,,,,6.207992555573583e-06,1.0,,semreuse-noaudit,20ng-sub7951,7951,0.8,0
69,leaf:baseball#t2,The passage is related to baseball.,exact-hit,0,0,0,0,0,0.2699594046008119,0.9975,0.42492012779552707,400,,,,,3.7920253816992044e-06,1.0,,semreuse-noaudit,20ng-sub7951,7951,0.8,0
70,group:motor vehicles#t0,The document is about motor vehicles.,exact-hit,0,0,0,0,0,0.6772486772486772,0.96,0.7942088934850051,800,,,,,3.541994374245405e-06,1.0,,semreuse-noaudit,20ng-sub7951,7951,0.8,0
71,leaf:the Microsoft Windows operating system#t2,The passage is related to the Microsoft Windows operating system.,rewrite,0,0,0,0,0,0.16155088852988692,1.0,0.2781641168289291,400,,,,,0.0005307499959599227,0.6376623376623377,,semreuse-noaudit,20ng-sub7951,7951,0.8,0
72,leaf:motorcycles#t2,The passage is related to motorcycles.,exact-hit,0,0,0,0,0,0.2564102564102564,1.0,0.4081632653061224,400,,,,,6.416987162083387e-06,0.5897097625329816,,semreuse-noaudit,20ng-sub7951,7951,0.8,0
73,group:sports#t2,The passage is related to sports.,exact-hit,0,0,0,0,0,0.675022381378693,0.9425,0.7866458007303078,800,,,,,3.583991201594472e-06,0.6402814423922604,,semreuse-noaudit,20ng-sub7951,7951,0.8,0
74,union:Macintosh hardware|electronics#u1,This text discusses either Macintosh hardware or electronics.,rewrite,574,574,0,0,0,0.29093005380476555,0.94625,0.4450323339212229,800,,,,,0.0007331669912673533,0.77,,semreuse-noaudit,20ng-sub7951,7951,0.8,0
75,leaf:Christianity#t3,This article covers the topic of Christianity.,exact-hit,0,0,0,0,0,0.22284122562674094,1.0,0.36446469248291574,400,,,,,6.95799826644361e-06,1.0,,semreuse-noaudit,20ng-sub7951,7951,0.8,0
76,group:sports#t2,The passage is related to sports.,exact-hit,0,0,0,0,0,0.675022381378693,0.9425,0.7866458007303078,800,,,,,3.2919924706220627e-06,0.6402814423922604,,semreuse-noaudit,20ng-sub7951,7951,0.8,0
77,leaf:religious debate#t3,This article covers the topic of religious debate.,rewrite,2352,2352,0,0,0,0.2229299363057325,0.9971509971509972,0.3643935450286309,351,,,,,0.0006030420190654695,0.7144886363636364,,semreuse-noaudit,20ng-sub7951,7951,0.8,0
78,union:atheism|baseball#u1,This text discusses either atheism or baseball.,rewrite,6132,6132,0,0,0,0.36932344763670066,0.99625,0.5388776200135227,800,,,,,0.0007030410051811486,1.0,,semreuse-noaudit,20ng-sub7951,7951,0.8,0
79,leaf:items for sale#t2,The passage is related to items for sale.,rewrite,375,375,0,0,0,0.9723926380368099,0.7925,0.8732782369146006,400,,,,,0.0007816659926902503,0.42686170212765956,,semreuse-noaudit,20ng-sub7951,7951,0.8,0
80,union:Macintosh hardware|religious debate#u0,The document is about Macintosh hardware or about religious debate.,rewrite,3886,3886,0,0,0,0.17670588235294118,1.0,0.30033993201359727,751,,,,,0.0007078330090735108,1.0,,semreuse-noaudit,20ng-sub7951,7951,0.8,0
81,group:motor vehicles#t1,This text discusses motor vehicles.,exact-hit,0,0,0,0,0,0.9320843091334895,0.995,0.9625151148730351,800,,,,,5.62501372769475e-06,0.7184724689165186,,semreuse-noaudit,20ng-sub7951,7951,0.8,0
82,leaf:cars#t0,The document is about cars.,rewrite,757,757,0,0,0,0.4835566382460414,0.9925,0.6502866502866502,400,,,,,0.0006871669902466238,0.562992125984252,,semreuse-noaudit,20ng-sub7951,7951,0.8,0
83,leaf:PC hardware#t0,The document is about PC hardware.,rewrite,0,0,0,0,0,0.1702127659574468,0.94,0.28823303947872747,400,,,,,0.0005546660104300827,0.5876152832674572,,semreuse-noaudit,20ng-sub7951,7951,0.8,0
84,group:religion#t2,The passage is related to religion.,rewrite,89,89,0,0,0,0.9744493392070485,0.9609035621198957,0.9676290463692038,1151,,,,,0.0008393340103793889,0.7447108603667136,,semreuse-noaudit,20ng-sub7951,7951,0.8,0
85,union:Christianity|hockey#u0,The document is about Christianity or about hockey.,rewrite,3412,3412,0,0,0,0.37276677933365526,0.965,0.5377917102055033,800,,,,,0.0008177080017048866,0.8587921847246892,,semreuse-noaudit,20ng-sub7951,7951,0.8,0
86,group:religion#t0,The document is about religion.,exact-hit,0,0,0,0,0,0.9580674567000912,0.9131190269331017,0.9350533807829182,1151,,,,,5.999987479299307e-06,0.7618055555555555,,semreuse-noaudit,20ng-sub7951,7951,0.8,0
87,union:atheism|computer graphics#u1,This text discusses either atheism or computer graphics.,rewrite,5040,5040,0,0,0,0.24782608695652175,0.9975,0.3970149253731343,800,,,,,0.0007134999905247241,1.0,,semreuse-noaudit,20ng-sub7951,7951,0.8,0
88,union:motorcycles|political debate#u1,This text discusses either motorcycles or political debate.,rewrite,4589,4589,0,0,0,0.22206781545302945,0.99875,0.3633469758981355,800,,,,,0.0007784580229781568,1.0,,semreuse-noaudit,20ng-sub7951,7951,0.8,0
89,group:motor vehicles#t0,The document is about motor vehicles.,exact-hit,0,0,0,0,0,0.6772486772486772,0.96,0.7942088934850051,800,,,,,5.790992872789502e-06,1.0,,semreuse-noaudit,20ng-sub7951,7951,0.8,0
90,union:PC hardware|political debate#u0,The document is about PC hardware or about political debate.,rewrite,1489,1489,0,0,0,0.2816527672479151,0.92875,0.43222803955788247,800,,,,,0.0007666250166948885,0.7864963503649635,,semreuse-noaudit,20ng-sub7951,7951,0.8,0
91,leaf:Macintosh hardware#t0,The document is about Macintosh hardware.,rewrite,1575,1575,0,0,0,0.5109961190168176,0.9875,0.6734867860187553,400,,,,,0.0007499999774154276,0.6436314363143631,,semreuse-noaudit,20ng-sub7951,7951,0.8,0
92,leaf:items for sale#t1,This text discusses items for sale.,rewrite,396,396,0,0,0,0.9848484848484849,0.8125,0.8904109589041096,400,,,,,0.000737666996428743,0.42396907216494845,,semreuse-noaudit,20ng-sub7951,7951,0.8,0
93,leaf:the Microsoft Windows operating system#t0,The document is about the Microsoft Windows operating system.,rewrite,0,0,0,0,0,0.16155088852988692,1.0,0.2781641168289291,400,,,,,0.0005573749949689955,0.6133682830930537,,semreuse-noaudit,20ng-sub7951,7951,0.8,0
94,leaf:the Microsoft Windows operating system#t1,This text discusses the Microsoft Windows operating system.,exact-hit,0,0,0,0,0,0.16155088852988692,1.0,0.2781641168289291,400,,,,,5.750014679506421e-06,1.0,,semreuse-noaudit,20ng-sub7951,7951,0.8,0
95,group:computers#t3,This article covers the topic of computers.,rewrite,1453,1453,0,0,0,0.9448979591836735,0.926,0.9353535353535354,2000,,,,,0.001029834005748853,0.8413063477460901,,semreuse-noaudit,20ng-sub7951,7951,0.8,0
96,leaf:PC hardware#t1,This text discusses PC hardware.,rewrite,0,0,0,0,0,0.1702127659574468,0.94,0.28823303947872747,400,,,,,0.0006086249777581543,0.6013157894736842,,semreuse-noaudit,20ng-sub7951,7951,0.8,0
97,leaf:cars#t2,The passage is related to cars.,exact-hit,0,0,0,0,0,0.4828850855745721,0.9875,0.6486042692939245,400,,,,,7.624999852851033e-06,0.5668874172185431,,semreuse-noaudit,20ng-sub7951,7951,0.8,0
98,union:Christianity|items for sale#u0,The document is about Christianity or about items for sale.,rewrite,6122,6122,0,0,0,0.359240849525531,0.99375,0.5277132426153336,800,,,,,0.0008735829906072468,1.0,,semreuse-noaudit,20ng-sub7951,7951,0.8,0
99,group:politics#t2,The passage is related to politics.,rewrite,895,895,0,0,0,0.871692060946271,0.9058333333333334,0.8884348181446671,1200,,,,,0.0009228749840985984,0.7330623306233063,,semreuse-noaudit,20ng-sub7951,7951,0.8,0
100,leaf:gun control#t2,The passage is related to gun control.,rewrite,1099,1099,0,0,0,0.9081632653061225,0.89,0.8989898989898989,400,,,,,0.0006414999952539802,0.5355191256830601,,semreuse-noaudit,20ng-sub7951,7951,0.8,0
101,union:Middle East affairs|items for sale#u1,This text discusses either Middle East affairs or items for sale.,exact-hit,0,0,0,0,0,0.2405140758873929,0.9825,0.3864306784660767,800,,,,,5.250010872259736e-06,1.0,,semreuse-noaudit,20ng-sub7951,7951,0.8,0
102,leaf:computer graphics#t3,This article covers the topic of computer graphics.,rewrite,0,0,0,0,0,0.15827052756842522,0.9975,0.27319411160561446,400,,,,,0.0005910000181756914,0.6499339498018494,,semreuse-noaudit,20ng-sub7951,7951,0.8,0
103,leaf:religious debate#t3,This article covers the topic of religious debate.,exact-hit,0,0,0,0,0,0.2229299363057325,0.9971509971509972,0.3643935450286309,351,,,,,7.0829992182552814e-06,0.7144886363636364,,semreuse-noaudit,20ng-sub7951,7951,0.8,0
104,leaf:atheism#t3,This article covers the topic of atheism.,exact-hit,0,0,0,0,0,0.7898230088495575,0.8925,0.8380281690140845,400,,,,,3.958994057029486e-06,0.5955204216073782,,semreuse-noaudit,20ng-sub7951,7951,0.8,0
105,group:religion#t1,This text discusses religion.,exact-hit,0,0,0,0,0,0.9617391304347827,0.9609035621198957,0.9613211647109953,1151,,,,,3.8339931052178144e-06,0.75,,semreuse-noaudit,20ng-sub7951,7951,0.8,0
106,union:hockey|items for sale#u0,The document is about hockey or about items for sale.,rewrite,6170,6170,0,0,0,0.3724941724941725,0.99875,0.5426146010186756,800,,,,,0.0008525419980287552,1.0,,semreuse-noaudit,20ng-sub7951,7951,0.8,0
107,group:motor vehicles#t0,The document is about motor vehicles.,exact-hit,0,0,0,0,0,0.6772486772486772,0.96,0.7942088934850051,800,,,,,5.874986527487636e-06,1.0,,semreuse-noaudit,20ng-sub7951,7951,0.8,0
108,union:space exploration|the Microsoft Windows operating system#u1,This text discusses either space exploration or the Microsoft Windows operating system.,rewrite,5475,5475,0,0,0,0.2543145555193748,0.97625,0.40351330405579955,800,,,,,0.0007883750076871365,1.0,,semreuse-noaudit,20ng-sub7951,7951,0.8,0
109,group:sports#t2,The passage is related to sports.,exact-hit,0,0,0,0,0,0.675022381378693,0.9425,0.7866458007303078,800,,,,,5.332985892891884e-06,0.6402814423922604,,semreuse-noaudit,20ng-sub7951,7951,0.8,0
110,group:sports#t1,This text discusses sports.,exact-hit,0,0,0,0,0,0.675022381378693,0.9425,0.7866458007303078,800,,,,,3.6249984987080097e-06,1.0,,semreuse-noaudit,20ng-sub7951,7951,0.8,0
111,leaf:atheism#t3,This article covers the topic of atheism.,exact-hit,0,0,0,0,0,0.7898230088495575,0.8925,0.8380281690140845,400,,,,,3.8330035749822855e-06,0.5955204216073782,,semreuse-noaudit,20ng-sub7951,7951,0.8,0
112,leaf:Middle East affairs#t2,The passage is related to Middle East affairs.,rewrite,872,872,0,0,0,0.1479686917629519,0.9925,0.257541355822251,400,,,,,0.0007738750136923045,0.6968911917098446,,semreuse-noaudit,20ng-sub7951,7951,0.8,0
113,union:Macintosh hardware|motorcycles#u1,This text discusses either Macintosh hardware or motorcycles.,rewrite,3217,3217,0,0,0,0.5221774193548387,0.97125,0.6791958041958043,800,,,,,0.000923334009712562,0.8250676284941388,,semreuse-noaudit,20ng-sub7951,7951,0.8,0
114,union:political debate|religious debate#u0,The document is about political debate or about religious debate.,rewrite,5102,5102,0,0,0,0.24327826368642697,1.0,0.39134966128191767,751,,,,,0.0008141250000335276,1.0,,semreuse-noaudit,20ng-sub7951,7951,0.8,0
115,leaf:gun control#t3,This article covers the topic of gun control.,rewrite,1208,1208,0,0,0,0.8938271604938272,0.905,0.8993788819875776,400,,,,,0.0006786250160075724,0.5443548387096774,,semreuse-noaudit,20ng-sub7951,7951,0.8,0
116,leaf:medicine#t2,The passage is related to medicine.,rewrite,1609,1609,0,0,0,0.7324723247232472,0.9925,0.8428874734607219,400,,,,,0.0007370839884970337,0.6138211382113821,,semreuse-noaudit,20ng-sub7951,7951,0.8,0
117,group:politics#t1,This text discusses politics.,exact-hit,0,0,0,0,0,0.7585513078470825,0.9425,0.8405797101449275,1200,,,,,5.250010872259736e-06,1.0,,semreuse-noaudit,20ng-sub7951,7951,0.8,0
118,group:science#t2,The passage is related to science.,exact-hit,0,0,0,0,0,0.8225806451612904,0.95625,0.8843930635838151,1600,,,,,3.416993422433734e-06,0.8102876106194691,,semreuse-noaudit,20ng-sub7951,7951,0.8,0
119,group:religion#t0,The document is about religion.,exact-hit,0,0,0,0,0,0.9580674567000912,0.9131190269331017,0.9350533807829182,1151,,,,,4.2079773265868425e-06,0.7618055555555555,,semreuse-noaudit,20ng-sub7951,7951,0.8,0
0,group:motor vehicles#t0,The document is about motor vehicles.,cold,7951,7951,0,0,0,0.6772486772486772,0.96,0.7942088934850051,800,,,,,0.0002966659958474338,1.0,,semreuse-gt,20ng-sub7951,7951,0.8,0
1,group:religion#t3,This article covers the topic of religion.,rewrite,7951,6817,35,1099,0,0.7718926553672316,0.9496090356211989,0.8515777171795871,1151,1.0,True,1.0,False,0.0016897919995244592,1.0,False,semreuse-gt,20ng-sub7951,7951,0.8,0
2,leaf:religious debate#t0,The document is about religious debate.,rewrite,7857,1308,920,5629,0,0.44752186588921283,0.8746438746438746,0.5920925747348119,351,0.9208053691275168,True,1.0,False,0.002326040994375944,0.9648382559774965,False,semreuse-gt,20ng-sub7951,7951,0.8,0
3,group:politics#t1,This text discusses politics.,rewrite,7951,5213,111,2627,0,0.7585513078470825,0.9425,0.8405797101449275,1200,1.0,True,1.0,False,0.003458499995758757,1.0,False,semreuse-gt,20ng-sub7951,7951,0.8,0
4,union:gun control|medicine#u0,The document is about gun control or about medicine.,rewrite,7951,5213,157,2581,0,0.6878980891719745,0.945,0.7962085308056872,800,1.0,True,1.0,False,0.0034101249766536057,1.0,False,semreuse-gt,20ng-sub7951,7951,0.8,0
5,group:motor vehicles#t0,The document is about motor vehicles.,exact-hit,0,0,0,0,0,0.6772486772486772,0.96,0.7942088934850051,800,,,,,1.1832977179437876e-05,1.0,,semreuse-gt,20ng-sub7951,7951,0.8,0
6,group:politics#t1,This text discusses politics.,exact-hit,0,0,0,0,0,0.7585513078470825,0.9425,0.8405797101449275,1200,1.0,True,1.0,False,5.375011824071407e-06,1.0,False,semreuse-gt,20ng-sub7951,7951,0.8,0
7,group:religion#t0,The document is about religion.,rewrite,7703,634,371,6698,0,0.7573479152426521,0.9626411815812337,0.847742922723795,1151,1.0,True,0.9562542720437457,False,0.003468750015599653,1.0,False,semreuse-gt,20ng-sub7951,7951,0.8,0
8,leaf:political debate#t1,This text discusses political debate.,rewrite,7822,787,1262,5773,0,0.4805013927576602,0.8625,0.6171735241502684,400,0.924066924066924,True,1.0,False,0.0037894579872954637,0.9447368421052632,False,semreuse-gt,20ng-sub7951,7951,0.8,0
9,group:sports#t1,This text discusses sports.,rewrite,7779,3166,403,4210,0,0.6734505087881592,0.91,0.7740563530037214,800,0.9278969957081545,True,1.0,False,0.007011708017671481,0.9677708146821844,False,semreuse-gt,20ng-sub7951,7951,0.8,0
10,group:science#t1,This text discusses science.,rewrite,7765,2875,247,4643,0,0.8204986149584488,0.925625,0.8698972099853157,1600,0.9545214172395557,True,1.0,False,0.008302583009935915,0.9704301075268817,False,semreuse-gt,20ng-sub7951,7951,0.8,0
11,leaf:hockey#t1,This text discusses hockey.,rewrite,7845,615,1726,5504,0,0.5028490028490028,0.8825,0.6406533575317603,400,0.9200524246395806,True,1.0,False,0.00518683300470002,0.9590163934426229,False,semreuse-gt,20ng-sub7951,7951,0.8,0
12,leaf:religious debate#t2,The passage is related to religious debate.,rewrite,7756,455,1313,5988,0,0.4578313253012048,0.9743589743589743,0.6229508196721312,351,1.0,True,0.9598393574297188,False,0.002981208002893254,1.0,False,semreuse-gt,20ng-sub7951,7951,0.8,0
13,leaf:political debate#t0,The document is about political debate.,rewrite,7951,480,1080,6391,0,0.5006553079947575,0.955,0.6569217540842649,400,1.0,True,1.0,False,0.0019248330208938569,1.0,False,semreuse-gt,20ng-sub7951,7951,0.8,0
14,leaf:items for sale#t3,This article covers the topic of items for sale.,rewrite,7799,2537,886,4376,0,0.5212464589235127,0.92,0.6654611211573237,400,0.930171277997365,True,1.0,False,0.007144208007957786,0.9697802197802198,False,semreuse-gt,20ng-sub7951,7951,0.8,0
15,leaf:Christianity#t3,This article covers the topic of Christianity.,rewrite,7878,491,1924,5463,0,0.4757412398921833,0.8825,0.6182136602451839,400,0.9240348692403487,True,1.0,False,0.005427041003713384,0.948849104859335,False,semreuse-gt,20ng-sub7951,7951,0.8,0
16,union:electronics|hockey#u0,The document is about electronics or about hockey.,rewrite,7784,2775,465,4544,0,0.6772438803263826,0.93375,0.7850761954808197,800,0.9230125523012552,False,1.0,False,0.008097584010101855,0.9778368794326241,False,semreuse-gt,20ng-sub7951,7951,0.8,0
17,group:science#t2,The passage is related to science.,rewrite,7951,751,248,6952,0,0.8351769911504425,0.94375,0.8861502347417841,1600,1.0,True,1.0,False,0.0031074169964995235,1.0,False,semreuse-gt,20ng-sub7951,7951,0.8,0
18,group:computers#t1,This text discusses computers.,rewrite,7776,3048,206,4522,0,0.8608776844070962,0.922,0.8903911154031868,2000,0.9541202672605791,True,1.0,False,0.010300958005245775,0.9696695337256678,False,semreuse-gt,20ng-sub7951,7951,0.8,0
19,union:Macintosh hardware|items for sale#u1,This text discusses either Macintosh hardware or items for sale.,rewrite,7787,2518,505,4764,0,0.679403541472507,0.91125,0.7784303256807261,800,0.9420544337137841,True,1.0,False,0.007947499980218709,0.9719202898550725,False,semreuse-gt,20ng-sub7951,7951,0.8,0
20,group:motor vehicles#t3,This article covers the topic of motor vehicles.,rewrite,7951,508,482,6961,0,0.6746666666666666,0.94875,0.7885714285714286,800,1.0,True,1.0,False,0.00235387499560602,1.0,False,semreuse-gt,20ng-sub7951,7951,0.8,0
21,group:sports#t3,This article covers the topic of sports.,rewrite,7757,821,514,6422,0,0.6861184792219275,0.97,0.803728638011393,800,1.0,True,0.9734748010610079,False,0.0030289170099422336,1.0,False,semreuse-gt,20ng-sub7951,7951,0.8,0
22,group:motor vehicles#t3,This article covers the topic of motor vehicles.,exact-hit,0,0,0,0,0,0.6746666666666666,0.94875,0.7885714285714286,800,1.0,True,1.0,False,1.2124975910410285e-05,1.0,False,semreuse-gt,20ng-sub7951,7951,0.8,0
23,group:motor vehicles#t3,This article covers the topic of motor vehicles.,exact-hit,0,0,0,0,0,0.6746666666666666,0.94875,0.7885714285714286,800,1.0,True,1.0,False,4.8749789129942656e-06,1.0,False,semreuse-gt,20ng-sub7951,7951,0.8,0
24,union:PC hardware|cryptography#u0,The document is about PC hardware or about cryptography.,rewrite,7777,2837,474,4466,0,0.6840659340659341,0.93375,0.7896405919661734,800,0.9405684754521964,True,1.0,False,0.008079124992946163,0.9802513464991023,False,semreuse-gt,20ng-sub7951,7951,0.8,0
25,leaf:political debate#t1,This text discusses political debate.,exact-hit,0,0,0,0,0,0.4805013927576602,0.8625,0.6171735241502684,400,0.924066924066924,True,1.0,False,2.7874979423359036e-05,0.9447368421052632,False,semreuse-gt,20ng-sub7951,7951,0.8,0
26,union:Macintosh hardware|space exploration#u1,This text discusses either Macintosh hardware or space exploration.,rewrite,7793,3048,453,4292,0,0.6813996316758748,0.925,0.7847295864262991,800,0.9297945205479452,True,1.0,False,0.007794709003064781,0.9819168173598554,False,semreuse-gt,20ng-sub7951,7951,0.8,0
27,leaf:baseball#t2,The passage is related to baseball.,rewrite,7883,278,1996,5609,0,0.463623395149786,0.8125,0.5903723887375114,400,0.9127604166666666,True,1.0,False,0.004629709001164883,0.9211563731931669,False,semreuse-gt,20ng-sub7951,7951,0.8,0
28,group:computers#t0,The document is about computers.,rewrite,6696,851,208,5637,0,0.8413109098749461,0.9755,0.9034498726557073,2000,1.0,True,0.8982319965502372,False,0.0033464579901192337,1.0,False,semreuse-gt,20ng-sub7951,7951,0.8,0
29,leaf:baseball#t3,This article covers the topic of baseball.,rewrite,7754,468,1234,6052,0,0.5235531628532974,0.9725,0.6806649168853894,400,1.0,True,0.9380888290713324,False,0.0021417920070234686,1.0,False,semreuse-gt,20ng-sub7951,7951,0.8,0
30,leaf:electronics#t0,The document is about electronics.,rewrite,7882,240,2351,5291,0,0.4603399433427762,0.8125,0.5877034358047016,400,0.9109677419354839,True,1.0,False,0.004397333017550409,0.9252948885976409,False,semreuse-gt,20ng-sub7951,7951,0.8,0
31,union:PC hardware|items for sale#u1,This text discusses either PC hardware or items for sale.,rewrite,7811,2963,443,4405,0,0.6744402985074627,0.90375,0.7724358974358975,800,0.9193825042881647,True,1.0,False,0.008195583010092378,0.9727767695099818,False,semreuse-gt,20ng-sub7951,7951,0.8,0
32,union:computer graphics|motorcycles#u0,The document is about computer graphics or about motorcycles.,rewrite,7795,2836,481,4478,0,0.6852367688022284,0.9225,0.7863612147043154,800,0.9389712292938099,True,1.0,False,0.007907749997684732,0.9720216606498195,False,semreuse-gt,20ng-sub7951,7951,0.8,0
33,union:Macintosh hardware|electronics#u0,The document is about Macintosh hardware or about electronics.,rewrite,7784,2807,491,4486,0,0.6749311294765841,0.91875,0.7781895182636315,800,0.928388746803069,True,1.0,False,0.008144124993123114,0.9758064516129032,False,semreuse-gt,20ng-sub7951,7951,0.8,0
34,group:computers#t1,This text discusses computers.,exact-hit,0,0,0,0,0,0.8608776844070962,0.922,0.8903911154031868,2000,0.9541202672605791,True,1.0,False,1.2375006917864084e-05,0.9696695337256678,False,semreuse-gt,20ng-sub7951,7951,0.8,0
35,group:religion#t1,This text discusses religion.,rewrite,7323,1984,317,5022,0,0.7651052274270197,0.9791485664639444,0.8589939024390244,1151,1.0,True,0.9260013577732519,False,0.003456959006143734,1.0,False,semreuse-gt,20ng-sub7951,7951,0.8,0
36,group:computers#t0,The document is about computers.,exact-hit,0,0,0,0,0,0.8413109098749461,0.9755,0.9034498726557073,2000,1.0,True,0.8982319965502372,False,9.417010005563498e-06,1.0,False,semreuse-gt,20ng-sub7951,7951,0.8,0
37,union:Middle East affairs|items for sale#u1,This text discusses either Middle East affairs or items for sale.,rewrite,7951,2792,452,4707,0,0.6862745098039216,0.9625,0.801248699271592,800,1.0,True,1.0,False,0.007566166023025289,1.0,False,semreuse-gt,20ng-sub7951,7951,0.8,0
38,leaf:the Microsoft Windows operating system#t1,This text discusses the Microsoft Windows operating system.,rewrite,7823,802,1747,5274,0,0.4873323397913562,0.8175,0.6106442577030813,400,0.9092140921409214,True,1.0,False,0.005781500018201768,0.9255172413793104,False,semreuse-gt,20ng-sub7951,7951,0.8,0
39,group:sports#t2,The passage is related to sports.,rewrite,7614,1898,476,5240,0,0.6680923866552609,0.97625,0.7932960893854749,800,1.0,True,0.9538066723695466,False,0.0033037500106729567,1.0,False,semreuse-gt,20ng-sub7951,7951,0.8,0
40,leaf:motorcycles#t0,The document is about motorcycles.,rewrite,7879,226,2183,5470,0,0.4657142857142857,0.815,0.5927272727272727,400,0.9067357512953368,True,1.0,False,0.003664167015813291,0.9162303664921466,False,semreuse-gt,20ng-sub7951,7951,0.8,0
41,group:motor vehicles#t0,The document is about motor vehicles.,exact-hit,0,0,0,0,0,0.6772486772486772,0.96,0.7942088934850051,800,,,,,1.300001167692244e-05,1.0,,semreuse-gt,20ng-sub7951,7951,0.8,0
42,union:Christianity|political debate#u1,This text discusses either Christianity or political debate.,rewrite,7833,3284,413,4136,0,0.6854034451495921,0.945,0.794534944823962,800,0.9347457627118644,False,1.0,False,0.008673290984006599,0.9910152740341419,False,semreuse-gt,20ng-sub7951,7951,0.8,0
43,group:motor vehicles#t2,The passage is related to motor vehicles.,rewrite,7514,1369,436,5709,0,0.68,0.9775,0.8020512820512821,800,1.0,True,0.9130434782608695,False,0.0024367080186493695,1.0,False,semreuse-gt,20ng-sub7951,7951,0.8,0
44,leaf:motorcycles#t2,The passage is related to motorcycles.,rewrite,7749,483,1419,5847,0,0.5045871559633027,0.9625,0.6620808254514188,400,0.9760956175298805,True,0.963302752293578,False,0.004181541007710621,0.9947229551451188,False,semreuse-gt,20ng-sub7951,7951,0.8,0
45,group:motor vehicles#t1,This text discusses motor vehicles.,rewrite,7517,1968,361,5188,0,0.6870095902353966,0.985,0.8094504365690806,800,1.0,True,0.9616390584132519,False,0.002419915981590748,1.0,False,semreuse-gt,20ng-sub7951,7951,0.8,0
46,group:religion#t0,The document is about religion.,exact-hit,0,0,0,0,0,0.7573479152426521,0.9626411815812337,0.847742922723795,1151,1.0,True,0.9562542720437457,False,1.0916992323473096e-05,1.0,False,semreuse-gt,20ng-sub7951,7951,0.8,0
47,group:sports#t3,This article covers the topic of sports.,exact-hit,0,0,0,0,0,0.6861184792219275,0.97,0.803728638011393,800,1.0,True,0.9734748010610079,False,5.084002623334527e-06,1.0,False,semreuse-gt,20ng-sub7951,7951,0.8,0
48,union:Macintosh hardware|cars#u1,This text discusses either Macintosh hardware or cars.,rewrite,7806,3207,436,4163,0,0.6588658865886589,0.915,0.7660910518053375,800,0.9336134453781513,True,1.0,False,0.007220040977699682,0.9703056768558952,False,semreuse-gt,20ng-sub7951,7951,0.8,0
49,leaf:computer graphics#t1,This text discusses computer graphics.,rewrite,7895,259,2214,5422,0,0.46944444444444444,0.845,0.6035714285714286,400,0.9290322580645162,True,1.0,False,0.00498908301233314,0.9375,False,semreuse-gt,20ng-sub7951,7951,0.8,0
50,union:atheism|hockey#u1,This text discusses either atheism or hockey.,rewrite,7825,3214,402,4209,0,0.6823956442831216,0.94,0.7907465825446898,800,0.9467353951890034,True,1.0,False,0.0076065419998485595,0.9865711727842436,False,semreuse-gt,20ng-sub7951,7951,0.8,0
51,leaf:items for sale#t0,The document is about items for sale.,rewrite,7726,492,1250,5984,0,0.5106951871657754,0.955,0.6655052264808362,400,0.9600532623169108,True,0.963903743315508,False,0.003457707993220538,0.9879679144385026,False,semreuse-gt,20ng-sub7951,7951,0.8,0
52,leaf:baseball#t0,The document is about baseball.,rewrite,7181,896,947,5338,0,0.4987146529562982,0.97,0.6587436332767402,400,0.9186189889025894,False,0.9575835475578406,False,0.0033381659886799753,0.9470443349753694,False,semreuse-gt,20ng-sub7951,7951,0.8,0
53,union:hockey|motorcycles#u0,The document is about hockey or about motorcycles.,rewrite,7699,3222,420,4057,0,0.7019498607242339,0.945,0.8055407565263718,800,0.9213002566295979,False,1.0,False,0.00785175000783056,0.9844606946983546,False,semreuse-gt,20ng-sub7951,7951,0.8,0
54,group:politics#t0,The document is about politics.,rewrite,7759,1269,335,6155,0,0.7851296043656207,0.9591666666666666,0.8634658664666166,1200,1.0,True,0.980218281036835,False,0.0032166250166483223,1.0,False,semreuse-gt,20ng-sub7951,7951,0.8,0
55,group:motor vehicles#t1,This text discusses motor vehicles.,exact-hit,0,0,0,0,0,0.6870095902353966,0.985,0.8094504365690806,800,1.0,True,0.9616390584132519,False,9.583978680893779e-06,1.0,False,semreuse-gt,20ng-sub7951,7951,0.8,0
56,leaf:atheism#t3,This article covers the topic of atheism.,rewrite,7872,224,2391,5257,0,0.4397677793904209,0.7575,0.556473829201102,400,0.9006535947712418,True,1.0,False,0.004389582987641916,0.9077733860342556,False,semreuse-gt,20ng-sub7951,7951,0.8,0
57,union:atheism|gun control#u1,This text discusses either atheism or gun control.,rewrite,7951,3030,461,4460,0,0.6836827711941659,0.9375,0.790722192936215,800,1.0,True,1.0,False,0.00763137501780875,1.0,False,semreuse-gt,20ng-sub7951,7951,0.8,0
58,leaf:cars#t2,The passage is related to cars.,rewrite,7883,220,2537,5126,0,0.45988538681948427,0.8025,0.5846994535519126,400,0.9136125654450262,True,1.0,False,0.005277999996906146,0.9245033112582781,False,semreuse-gt,20ng-sub7951,7951,0.8,0
59,group:sports#t2,The passage is related to sports.,exact-hit,0,0,0,0,0,0.6680923866552609,0.97625,0.7932960893854749,800,1.0,True,0.9538066723695466,False,2.2374995751306415e-05,1.0,False,semreuse-gt,20ng-sub7951,7951,0.8,0
60,group:motor vehicles#t2,The passage is related to motor vehicles.,exact-hit,0,0,0,0,0,0.68,0.9775,0.8020512820512821,800,1.0,True,0.9130434782608695,False,4.6670029405504465e-06,1.0,False,semreuse-gt,20ng-sub7951,7951,0.8,0
61,group:computers#t0,The document is about computers.,exact-hit,0,0,0,0,0,0.8413109098749461,0.9755,0.9034498726557073,2000,1.0,True,0.8982319965502372,False,3.8330035749822855e-06,1.0,False,semreuse-gt,20ng-sub7951,7951,0.8,0
62,union:medicine|the Microsoft Windows operating system#u0,The document is about medicine or about the Microsoft Windows operating system.,rewrite,7595,3058,449,4088,0,0.6919518963922294,0.935,0.7953216374269008,800,0.942458587619878,True,1.0,False,0.008093542011920363,0.9651785714285714,False,semreuse-gt,20ng-sub7951,7951,0.8,0
63,union:baseball|items for sale#u0,The document is about baseball or about items for sale.,rewrite,7854,3125,517,4212,0,0.694043321299639,0.96125,0.8060796645702307,800,0.9510729613733906,False,1.0,False,0.009364458004711196,0.995507637017071,False,semreuse-gt,20ng-sub7951,7951,0.8,0
64,union:atheism|medicine#u1,This text discusses either atheism or medicine.,rewrite,7951,2760,503,4688,0,0.6711229946524064,0.94125,0.7835587929240375,800,1.0,True,1.0,False,0.00772479097940959,1.0,False,semreuse-gt,20ng-sub7951,7951,0.8,0
65,union:hockey|the X Window System#u1,This text discusses either hockey or the X Window System.,rewrite,7824,3214,408,4202,0,0.6815693430656934,0.93375,0.7879746835443038,800,0.9327659574468085,False,1.0,False,0.007593209011247382,0.9864986498649865,False,semreuse-gt,20ng-sub7951,7951,0.8,0
66,leaf:cryptography#t0,The document is about cryptography.,rewrite,7880,232,2297,5351,0,0.49851632047477745,0.84,0.6256983240223464,400,0.9071332436069987,True,1.0,False,0.00505016598617658,0.9361111111111111,False,semreuse-gt,20ng-sub7951,7951,0.8,0
67,leaf:motorcycles#t3,This article covers the topic of motorcycles.,rewrite,7751,933,1044,5774,0,0.5,0.9525,0.6557659208261617,400,0.9634464751958225,True,0.968503937007874,False,0.0037951669946778566,0.9895697522816167,False,semreuse-gt,20ng-sub7951,7951,0.8,0
68,leaf:hockey#t1,This text discusses hockey.,exact-hit,0,0,0,0,0,0.5028490028490028,0.8825,0.6406533575317603,400,0.9200524246395806,True,1.0,False,9.000010322779417e-06,0.9590163934426229,False,semreuse-gt,20ng-sub7951,7951,0.8,0
69,leaf:baseball#t2,The passage is related to baseball.,exact-hit,0,0,0,0,0,0.463623395149786,0.8125,0.5903723887375114,400,0.9127604166666666,True,1.0,False,4.875008016824722e-06,0.9211563731931669,False,semreuse-gt,20ng-sub7951,7951,0.8,0
70,group:motor vehicles#t0,The document is about motor vehicles.,exact-hit,0,0,0,0,0,0.6772486772486772,0.96,0.7942088934850051,800,,,,,5.040987161919475e-06,1.0,,semreuse-gt,20ng-sub7951,7951,0.8,0
71,leaf:the Microsoft Windows operating system#t2,The passage is related to the Microsoft Windows operating system.,rewrite,7792,476,1345,5971,0,0.4942084942084942,0.96,0.6525063721325404,400,1.0,True,0.9588159588159588,False,0.002757666981779039,1.0,False,semreuse-gt,20ng-sub7951,7951,0.8,0
72,leaf:motorcycles#t2,The passage is related to motorcycles.,exact-hit,0,0,0,0,0,0.5045871559633027,0.9625,0.6620808254514188,400,0.9760956175298805,True,0.963302752293578,False,8.291011909022927e-06,0.9947229551451188,False,semreuse-gt,20ng-sub7951,7951,0.8,0
73,group:sports#t2,The passage is related to sports.,exact-hit,0,0,0,0,0,0.6680923866552609,0.97625,0.7932960893854749,800,1.0,True,0.9538066723695466,False,3.6249984987080097e-06,1.0,False,semreuse-gt,20ng-sub7951,7951,0.8,0
74,union:Macintosh hardware|electronics#u1,This text discusses either Macintosh hardware or electronics.,rewrite,7951,867,461,6623,0,0.6890909090909091,0.9475,0.7978947368421053,800,1.0,True,1.0,False,0.0022862089972477406,1.0,False,semreuse-gt,20ng-sub7951,7951,0.8,0
75,leaf:Christianity#t3,This article covers the topic of Christianity.,exact-hit,0,0,0,0,0,0.4757412398921833,0.8825,0.6182136602451839,400,0.9240348692403487,True,1.0,False,7.791008101776242e-06,0.948849104859335,False,semreuse-gt,20ng-sub7951,7951,0.8,0
76,group:sports#t2,The passage is related to sports.,exact-hit,0,0,0,0,0,0.6680923866552609,0.97625,0.7932960893854749,800,1.0,True,0.9538066723695466,False,3.6669953260570765e-06,1.0,False,semreuse-gt,20ng-sub7951,7951,0.8,0
77,leaf:religious debate#t3,This article covers the topic of religious debate.,rewrite,7802,912,973,5917,0,0.47419804741980476,0.9686609686609686,0.6367041198501872,351,1.0,True,0.9679218967921897,False,0.0021169579995330423,1.0,False,semreuse-gt,20ng-sub7951,7951,0.8,0
78,union:atheism|baseball#u1,This text discusses either atheism or baseball.,rewrite,7103,3168,485,3450,0,0.7019498607242339,0.945,0.8055407565263718,800,0.9058031959629941,False,1.0,False,0.008800082985544577,0.9522546419098143,False,semreuse-gt,20ng-sub7951,7951,0.8,0
79,leaf:items for sale#t2,The passage is related to items for sale.,rewrite,7207,862,1110,5235,0,0.5292479108635098,0.95,0.6797853309481217,400,0.9116094986807388,False,0.9623955431754875,False,0.003933583997422829,0.9401595744680851,False,semreuse-gt,20ng-sub7951,7951,0.8,0
80,union:Macintosh hardware|religious debate#u0,The document is about Macintosh hardware or about religious debate.,rewrite,7789,3330,480,3979,0,0.6718296224588577,0.9241011984021305,0.7780269058295964,751,0.9182222222222223,False,1.0,False,0.009479375003138557,0.9828734538534729,False,semreuse-gt,20ng-sub7951,7951,0.8,0
81,group:motor vehicles#t1,This text discusses motor vehicles.,exact-hit,0,0,0,0,0,0.6870095902353966,0.985,0.8094504365690806,800,1.0,True,0.9616390584132519,False,1.2833974324166775e-05,1.0,False,semreuse-gt,20ng-sub7951,7951,0.8,0
82,leaf:cars#t0,The document is about cars.,rewrite,7778,511,1456,5811,0,0.5045395590142672,0.9725,0.6643894107600341,400,0.9814569536423841,True,0.9610894941634242,False,0.004085791006218642,0.9986876640419947,False,semreuse-gt,20ng-sub7951,7951,0.8,0
83,leaf:PC hardware#t0,The document is about PC hardware.,rewrite,7877,234,2172,5471,0,0.46153846153846156,0.81,0.588021778584392,400,0.9128738621586476,True,1.0,False,0.004003082984127104,0.924901185770751,False,semreuse-gt,20ng-sub7951,7951,0.8,0
84,group:religion#t2,The passage is related to religion.,rewrite,7355,2773,280,4302,0,0.7711340206185567,0.9748045178105995,0.8610897927858788,1151,1.0,True,0.9285223367697595,False,0.0035293330147396773,1.0,False,semreuse-gt,20ng-sub7951,7951,0.8,0
85,union:Christianity|hockey#u0,The document is about Christianity or about hockey.,rewrite,7789,2800,424,4565,0,0.6828391734052112,0.95,0.7945635128071092,800,0.9432203389830508,False,1.0,False,0.00869720900664106,0.9884547069271759,False,semreuse-gt,20ng-sub7951,7951,0.8,0
86,group:religion#t0,The document is about religion.,exact-hit,0,0,0,0,0,0.7573479152426521,0.9626411815812337,0.847742922723795,1151,1.0,True,0.9562542720437457,False,1.3374985428526998e-05,1.0,False,semreuse-gt,20ng-sub7951,7951,0.8,0
87,union:atheism|computer graphics#u1,This text discusses either atheism or computer graphics.,rewrite,7476,3180,402,3894,0,0.6766034327009937,0.93625,0.7855270057682223,800,0.9333895446880269,False,1.0,False,0.00783829198917374,0.9753303964757709,False,semreuse-gt,20ng-sub7951,7951,0.8,0
88,union:motorcycles|political debate#u1,This text discusses either motorcycles or political debate.,rewrite,7825,3378,492,3955,0,0.693858845096242,0.94625,0.8006345848757271,800,0.9261460101867572,False,1.0,False,0.00961237499723211,0.9954379562043796,False,semreuse-gt,20ng-sub7951,7951,0.8,0
89,group:motor vehicles#t0,The document is about motor vehicles.,exact-hit,0,0,0,0,0,0.6772486772486772,0.96,0.7942088934850051,800,,,,,1.5208002878353e-05,1.0,,semreuse-gt,20ng-sub7951,7951,0.8,0
90,union:PC hardware|political debate#u0,The document is about PC hardware or about political debate.,rewrite,7323,3424,400,3499,0,0.702728127939793,0.93375,0.8019323671497585,800,0.9155900086132644,False,1.0,False,0.0076470829953905195,0.9698905109489051,False,semreuse-gt,20ng-sub7951,7951,0.8,0
91,leaf:Macintosh hardware#t0,The document is about Macintosh hardware.,rewrite,7881,163,3336,4382,0,0.46656760772659733,0.785,0.5852749301025163,400,0.9057873485868102,True,1.0,False,0.0040087089873850346,0.9119241192411924,False,semreuse-gt,20ng-sub7951,7951,0.8,0
92,leaf:items for sale#t1,This text discusses items for sale.,rewrite,7738,1182,942,5614,0,0.49544863459037713,0.9525,0.6518391787852866,400,0.9518987341772152,False,0.9778933680104032,False,0.004100916994502768,0.9896907216494846,False,semreuse-gt,20ng-sub7951,7951,0.8,0
93,leaf:the Microsoft Windows operating system#t0,The document is about the Microsoft Windows operating system.,rewrite,7951,919,887,6145,0,0.48623853211009177,0.9275,0.6380051590713672,400,1.0,True,1.0,False,0.0021132919937372208,1.0,False,semreuse-gt,20ng-sub7951,7951,0.8,0
94,leaf:the Microsoft Windows operating system#t1,This text discusses the Microsoft Windows operating system.,exact-hit,0,0,0,0,0,0.4873323397913562,0.8175,0.6106442577030813,400,0.9092140921409214,True,1.0,False,9.333016350865364e-06,0.9255172413793104,False,semreuse-gt,20ng-sub7951,7951,0.8,0
95,group:computers#t3,This article covers the topic of computers.,rewrite,7195,2711,373,4111,0,0.8732521425349572,0.968,0.9181882855110269,2000,1.0,True,0.9228687415426252,False,0.007654791988898069,1.0,False,semreuse-gt,20ng-sub7951,7951,0.8,0
96,leaf:PC hardware#t1,This text discusses PC hardware.,rewrite,7794,509,1306,5979,0,0.5058670143415906,0.97,0.6649528706083976,400,1.0,True,0.9687092568448501,False,0.002758249989710748,1.0,False,semreuse-gt,20ng-sub7951,7951,0.8,0
97,leaf:cars#t2,The passage is related to cars.,exact-hit,0,0,0,0,0,0.45988538681948427,0.8025,0.5846994535519126,400,0.9136125654450262,True,1.0,False,9.000010322779417e-06,0.9245033112582781,False,semreuse-gt,20ng-sub7951,7951,0.8,0
98,union:Christianity|items for sale#u0,The document is about Christianity or about items for sale.,rewrite,7805,3180,521,4104,0,0.6820234869015357,0.94375,0.7918196119559519,800,0.9279128248113998,False,1.0,False,0.009692708001239225,0.9919354838709677,False,semreuse-gt,20ng-sub7951,7951,0.8,0
99,group:politics#t2,The passage is related to politics.,rewrite,7285,1706,323,5256,0,0.7663366336633664,0.9675,0.8552486187845304,1200,1.0,True,0.93003300330033,False,0.003695999999763444,1.0,False,semreuse-gt,20ng-sub7951,7951,0.8,0
100,leaf:gun control#t2,The passage is related to gun control.,rewrite,7881,229,2296,5356,0,0.46407185628742514,0.775,0.5805243445692884,400,0.9051490514905149,True,1.0,False,0.003777625010116026,0.912568306010929,False,semreuse-gt,20ng-sub7951,7951,0.8,0
101,union:Middle East affairs|items for sale#u1,This text discusses either Middle East affairs or items for sale.,exact-hit,0,0,0,0,0,0.6862745098039216,0.9625,0.801248699271592,800,1.0,True,1.0,False,1.3416982255876064e-05,1.0,False,semreuse-gt,20ng-sub7951,7951,0.8,0
102,leaf:computer graphics#t3,This article covers the topic of computer graphics.,rewrite,7808,541,1159,6108,0,0.5052219321148825,0.9675,0.6638078902229846,400,1.0,True,0.9621409921671018,False,0.0022019589960109442,1.0,False,semreuse-gt,20ng-sub7951,7951,0.8,0
103,leaf:religious debate#t3,This article covers the topic of religious debate.,exact-hit,0,0,0,0,0,0.47419804741980476,0.9686609686609686,0.6367041198501872,351,1.0,True,0.9679218967921897,False,8.125003660097718e-06,1.0,False,semreuse-gt,20ng-sub7951,7951,0.8,0
104,leaf:atheism#t3,This article covers the topic of atheism.,exact-hit,0,0,0,0,0,0.4397677793904209,0.7575,0.556473829201102,400,0.9006535947712418,True,1.0,False,4.999979864805937e-06,0.9077733860342556,False,semreuse-gt,20ng-sub7951,7951,0.8,0
105,group:religion#t1,This text discusses religion.,exact-hit,0,0,0,0,0,0.7651052274270197,0.9791485664639444,0.8589939024390244,1151,1.0,True,0.9260013577732519,False,4.6670029405504465e-06,1.0,False,semreuse-gt,20ng-sub7951,7951,0.8,0
106,union:hockey|items for sale#u0,The document is about hockey or about items for sale.,rewrite,7865,3070,528,4267,0,0.6815742397137746,0.9525,0.794577685088634,800,0.9379194630872483,False,1.0,False,0.009458999993512407,0.994661921708185,False,semreuse-gt,20ng-sub7951,7951,0.8,0
107,group:motor vehicles#t0,The document is about motor vehicles.,exact-hit,0,0,0,0,0,0.6772486772486772,0.96,0.7942088934850051,800,,,,,1.4874996850267053e-05,1.0,,semreuse-gt,20ng-sub7951,7951,0.8,0
108,union:space exploration|the Microsoft Windows operating system#u1,This text discusses either space exploration or the Microsoft Windows operating system.,rewrite,7831,3504,432,3895,0,0.6831501831501832,0.9325,0.7885835095137421,800,0.9595782073813708,True,1.0,False,0.010062167013529688,0.9837837837837838,False,semreuse-gt,20ng-sub7951,7951,0.8,0
109,group:sports#t2,The passage is related to sports.,exact-hit,0,0,0,0,0,0.6680923866552609,0.97625,0.7932960893854749,800,1.0,True,0.9538066723695466,False,1.7874990589916706e-05,1.0,False,semreuse-gt,20ng-sub7951,7951,0.8,0
110,group:sports#t1,This text discusses sports.,exact-hit,0,0,0,0,0,0.6734505087881592,0.91,0.7740563530037214,800,0.9278969957081545,True,1.0,False,5.5000127758830786e-06,0.9677708146821844,False,semreuse-gt,20ng-sub7951,7951,0.8,0
111,leaf:atheism#t3,This article covers the topic of atheism.,exact-hit,0,0,0,0,0,0.4397677793904209,0.7575,0.556473829201102,400,0.9006535947712418,True,1.0,False,5.292007699608803e-06,0.9077733860342556,False,semreuse-gt,20ng-sub7951,7951,0.8,0
112,leaf:Middle East affairs#t2,The passage is related to Middle East affairs.,rewrite,7883,246,2315,5322,0,0.4542897327707454,0.8075,0.5814581458145814,400,0.9127086007702182,True,1.0,False,0.0036885000008624047,0.9209844559585493,False,semreuse-gt,20ng-sub7951,7951,0.8,0
113,union:Macintosh hardware|motorcycles#u1,This text discusses either Macintosh hardware or motorcycles.,rewrite,7593,3474,449,3670,0,0.6771217712177122,0.9175,0.7791932059447984,800,0.9202037351443124,True,1.0,False,0.00878525001462549,0.9774571686203787,False,semreuse-gt,20ng-sub7951,7951,0.8,0
114,union:political debate|religious debate#u0,The document is about political debate or about religious debate.,rewrite,7329,3483,493,3353,0,0.6982591876208898,0.9613848202396804,0.8089635854341738,751,0.9102112676056338,False,1.0,False,0.008369999995920807,0.9773156899810964,False,semreuse-gt,20ng-sub7951,7951,0.8,0
115,leaf:gun control#t3,This article covers the topic of gun control.,rewrite,7733,463,1496,5774,0,0.5193075898801598,0.975,0.6776715899218071,400,0.9705488621151271,False,0.9653794940079894,False,0.004328500013798475,0.9973118279569892,False,semreuse-gt,20ng-sub7951,7951,0.8,0
116,leaf:medicine#t2,The passage is related to medicine.,rewrite,7891,183,2780,4928,0,0.4801762114537445,0.8175,0.6049953746530989,400,0.9190283400809717,True,1.0,False,0.0040090840193443,0.9227642276422764,False,semreuse-gt,20ng-sub7951,7951,0.8,0
117,group:politics#t1,This text discusses politics.,exact-hit,0,0,0,0,0,0.7585513078470825,0.9425,0.8405797101449275,1200,1.0,True,1.0,False,1.2625008821487427e-05,1.0,False,semreuse-gt,20ng-sub7951,7951,0.8,0
118,group:science#t2,The passage is related to science.,exact-hit,0,0,0,0,0,0.8351769911504425,0.94375,0.8861502347417841,1600,1.0,True,1.0,False,1.4917022781446576e-05,1.0,False,semreuse-gt,20ng-sub7951,7951,0.8,0
119,group:religion#t0,The document is about religion.,exact-hit,0,0,0,0,0,0.7573479152426521,0.9626411815812337,0.847742922723795,1151,1.0,True,0.9562542720437457,False,7.291004294529557e-06,1.0,False,semreuse-gt,20ng-sub7951,7951,0.8,0
