query_index,predicate_name,predicate_text,reuse_kind,oracle_calls,candidate_calls,audit_calls,escalation_calls,nli_pair_scores,precision,recall,f1,n_true_pos_rows,recall_bound,bound_violated,precision_bound,precision_bound_violated,latency_s,recall_oracle,bound_violated_oracle,method,corpus,n_rows,seed
0,topic:MCAT#t1,This news story concerns financial markets.,cold,25000,25000,0,0,0,1.0,1.0,1.0,6322,,,,,8.31250217743218e-05,1.0,,cold,rcv1,25000,0
1,topic:M11#t0,The article is about equity markets.,cold,25000,25000,0,0,0,1.0,1.0,1.0,1450,,,,,5.3750001825392246e-05,1.0,,cold,rcv1,25000,0
2,topic:GCAT#t2,The report covers government or social affairs.,cold,25000,25000,0,0,0,1.0,1.0,1.0,7451,,,,,6.441600271500647e-05,1.0,,cold,rcv1,25000,0
3,topic:GCAT#t1,This news story concerns government or social affairs.,cold,25000,25000,0,0,0,1.0,1.0,1.0,7451,,,,,6.09580019954592e-05,1.0,,cold,rcv1,25000,0
4,topic:GCAT#t0,The article is about government or social affairs.,cold,25000,25000,0,0,0,1.0,1.0,1.0,7451,,,,,6.004198803566396e-05,1.0,,cold,rcv1,25000,0
5,union:GSPO|E121,The article is about sport or about the money supply.,cold,25000,25000,0,0,0,1.0,1.0,1.0,1173,,,,,6.362501881085336e-05,1.0,,cold,rcv1,25000,0
6,topic:GCAT#t2,The report covers government or social affairs.,cold,25000,25000,0,0,0,1.0,1.0,1.0,7451,,,,,6.291698082350194e-05,1.0,,cold,rcv1,25000,0
7,topic:CCAT#t0,The article is about corporate or industrial news.,cold,25000,25000,0,0,0,1.0,1.0,1.0,11861,,,,,7.670800550840795e-05,1.0,,cold,rcv1,25000,0
8,topic:C22#t1,This news story concerns a new product or a new service.,cold,25000,25000,0,0,0,1.0,1.0,1.0,189,,,,,4.5541994040831923e-05,1.0,,cold,rcv1,25000,0
9,topic:CCAT#t1,This news story concerns corporate or industrial news.,cold,25000,25000,0,0,0,1.0,1.0,1.0,11861,,,,,7.599999662488699e-05,1.0,,cold,rcv1,25000,0
10,topic:CCAT#t2,The report covers corporate or industrial news.,cold,25000,25000,0,0,0,1.0,1.0,1.0,11861,,,,,7.524999091401696e-05,1.0,,cold,rcv1,25000,0
11,topic:ECAT#t2,The report covers economics.,cold,25000,25000,0,0,0,1.0,1.0,1.0,3737,,,,,5.6333024986088276e-05,1.0,,cold,rcv1,25000,0
12,topic:ECAT#t2,The report covers economics.,cold,25000,25000,0,0,0,1.0,1.0,1.0,3737,,,,,5.370899452827871e-05,1.0,,cold,rcv1,25000,0
13,topic:ECAT#t1,This news story concerns economics.,cold,25000,25000,0,0,0,1.0,1.0,1.0,3737,,,,,5.166599294170737e-05,1.0,,cold,rcv1,25000,0
14,topic:E21#t1,This news story concerns government finance.,cold,25000,25000,0,0,0,1.0,1.0,1.0,1387,,,,,4.891701973974705e-05,1.0,,cold,rcv1,25000,0
15,topic:CCAT#t2,The report covers corporate or industrial news.,cold,25000,25000,0,0,0,1.0,1.0,1.0,11861,,,,,7.487498805858195e-05,1.0,,cold,rcv1,25000,0
16,topic:CCAT#t0,The article is about corporate or industrial news.,cold,25000,25000,0,0,0,1.0,1.0,1.0,11861,,,,,7.887501851655543e-05,1.0,,cold,rcv1,25000,0
17,topic:C16#t2,The report covers corporate insolvency or a liquidity problem.,cold,25000,25000,0,0,0,1.0,1.0,1.0,72,,,,,4.300000728107989e-05,1.0,,cold,rcv1,25000,0
18,topic:ECAT#t0,The article is about economics.,cold,25000,25000,0,0,0,1.0,1.0,1.0,3737,,,,,5.449997843243182e-05,1.0,,cold,rcv1,25000,0
19,topic:E13#t1,This news story concerns inflation or prices.,cold,25000,25000,0,0,0,1.0,1.0,1.0,200,,,,,4.4249987695366144e-05,1.0,,cold,rcv1,25000,0
20,topic:E132#t2,The report covers wholesale prices.,cold,25000,25000,0,0,0,1.0,1.0,1.0,33,,,,,4.670899943448603e-05,1.0,,cold,rcv1,25000,0
21,topic:E131#t2,The report covers consumer prices.,cold,25000,25000,0,0,0,1.0,1.0,1.0,168,,,,,4.504199023358524e-05,1.0,,cold,rcv1,25000,0
22,topic:E132#t0,The article is about wholesale prices.,cold,25000,25000,0,0,0,1.0,1.0,1.0,33,,,,,4.2333005694672465e-05,1.0,,cold,rcv1,25000,0
23,topic:ECAT#t1,This news story concerns economics.,cold,25000,25000,0,0,0,1.0,1.0,1.0,3737,,,,,5.366699770092964e-05,1.0,,cold,rcv1,25000,0
24,topic:E131#t2,The report covers consumer prices.,cold,25000,25000,0,0,0,1.0,1.0,1.0,168,,,,,4.412498674355447e-05,1.0,,cold,rcv1,25000,0
25,topic:CCAT#t0,The article is about corporate or industrial news.,cold,25000,25000,0,0,0,1.0,1.0,1.0,11861,,,,,0.00011795799946412444,1.0,,cold,rcv1,25000,0
26,topic:CCAT#t1,This news story concerns corporate or industrial news.,cold,25000,25000,0,0,0,1.0,1.0,1.0,11861,,,,,7.633297354914248e-05,1.0,,cold,rcv1,25000,0
27,topic:ECAT#t1,This news story concerns economics.,cold,25000,25000,0,0,0,1.0,1.0,1.0,3737,,,,,5.416700150817633e-05,1.0,,cold,rcv1,25000,0
28,topic:CCAT#t1,This news story concerns corporate or industrial news.,cold,25000,25000,0,0,0,1.0,1.0,1.0,11861,,,,,7.445801747962832e-05,1.0,,cold,rcv1,25000,0
29,topic:CCAT#t1,This news story concerns corporate or industrial news.,cold,25000,25000,0,0,0,1.0,1.0,1.0,11861,,,,,7.62919953558594e-05,1.0,,cold,rcv1,25000,0
30,topic:MCAT#t0,The article is about financial markets.,cold,25000,25000,0,0,0,1.0,1.0,1.0,6322,,,,,6.370799383148551e-05,1.0,,cold,rcv1,25000,0
31,topic:M12#t1,This news story concerns bond markets.,cold,25000,25000,0,0,0,1.0,1.0,1.0,805,,,,,4.787501529790461e-05,1.0,,cold,rcv1,25000,0
32,topic:MCAT#t2,The report covers financial markets.,cold,25000,25000,0,0,0,1.0,1.0,1.0,6322,,,,,6.054199184291065e-05,1.0,,cold,rcv1,25000,0
33,union:C13|GOBIT,The article is about the regulation of a company or an industry or about an obituary.,cold,25000,25000,0,0,0,1.0,1.0,1.0,1217,,,,,6.533399573527277e-05,1.0,,cold,rcv1,25000,0
34,union:M132|E41,The article is about foreign exchange markets or about employment or the labour market.,cold,25000,25000,0,0,0,1.0,1.0,1.0,1315,,,,,6.654197932220995e-05,1.0,,cold,rcv1,25000,0
35,topic:MCAT#t0,The article is about financial markets.,cold,25000,25000,0,0,0,1.0,1.0,1.0,6322,,,,,5.991698708385229e-05,1.0,,cold,rcv1,25000,0
36,topic:CCAT#t2,The report covers corporate or industrial news.,cold,25000,25000,0,0,0,1.0,1.0,1.0,11861,,,,,7.500001811422408e-05,1.0,,cold,rcv1,25000,0
37,topic:ECAT#t0,The article is about economics.,cold,25000,25000,0,0,0,1.0,1.0,1.0,3737,,,,,5.329199484549463e-05,1.0,,cold,rcv1,25000,0
38,topic:ECAT#t2,The report covers economics.,cold,25000,25000,0,0,0,1.0,1.0,1.0,3737,,,,,5.241698818281293e-05,1.0,,cold,rcv1,25000,0
39,topic:CCAT#t1,This news story concerns corporate or industrial news.,cold,25000,25000,0,0,0,1.0,1.0,1.0,11861,,,,,7.541701779700816e-05,1.0,,cold,rcv1,25000,0
40,topic:CCAT#t0,The article is about corporate or industrial news.,cold,25000,25000,0,0,0,1.0,1.0,1.0,11861,,,,,7.437501335516572e-05,1.0,,cold,rcv1,25000,0
41,topic:C41#t1,This news story concerns company management.,cold,25000,25000,0,0,0,1.0,1.0,1.0,365,,,,,4.7958019422367215e-05,1.0,,cold,rcv1,25000,0
42,topic:ECAT#t2,The report covers economics.,cold,25000,25000,0,0,0,1.0,1.0,1.0,3737,,,,,5.27920201420784e-05,1.0,,cold,rcv1,25000,0
43,topic:ECAT#t0,The article is about economics.,cold,25000,25000,0,0,0,1.0,1.0,1.0,3737,,,,,5.345800309441984e-05,1.0,,cold,rcv1,25000,0
44,topic:ECAT#t0,The article is about economics.,cold,25000,25000,0,0,0,1.0,1.0,1.0,3737,,,,,5.2207993576303124e-05,1.0,,cold,rcv1,25000,0
45,topic:E11#t2,The report covers economic performance.,cold,25000,25000,0,0,0,1.0,1.0,1.0,285,,,,,4.916699253953993e-05,1.0,,cold,rcv1,25000,0
46,topic:E11#t1,This news story concerns economic performance.,cold,25000,25000,0,0,0,1.0,1.0,1.0,285,,,,,4.449998959898949e-05,1.0,,cold,rcv1,25000,0
47,topic:E61#t2,The report covers housing starts.,cold,25000,25000,0,0,0,1.0,1.0,1.0,11,,,,,4.4917018385604024e-05,1.0,,cold,rcv1,25000,0
48,topic:E13#t0,The article is about inflation or prices.,cold,25000,25000,0,0,0,1.0,1.0,1.0,200,,,,,4.549999721348286e-05,1.0,,cold,rcv1,25000,0
49,topic:E132#t0,The article is about wholesale prices.,cold,25000,25000,0,0,0,1.0,1.0,1.0,33,,,,,4.300000728107989e-05,1.0,,cold,rcv1,25000,0
50,topic:E13#t2,The report covers inflation or prices.,cold,25000,25000,0,0,0,1.0,1.0,1.0,200,,,,,4.354101838544011e-05,1.0,,cold,rcv1,25000,0
51,topic:E61#t1,This news story concerns housing starts.,cold,25000,25000,0,0,0,1.0,1.0,1.0,11,,,,,4.112499300390482e-05,1.0,,cold,rcv1,25000,0
52,union:GSPO|E121,The article is about sport or about the money supply.,cold,25000,25000,0,0,0,1.0,1.0,1.0,1173,,,,,6.404201849363744e-05,1.0,,cold,rcv1,25000,0
53,topic:E11#t1,This news story concerns economic performance.,cold,25000,25000,0,0,0,1.0,1.0,1.0,285,,,,,4.416698357090354e-05,1.0,,cold,rcv1,25000,0
54,topic:MCAT#t0,The article is about financial markets.,cold,25000,25000,0,0,0,1.0,1.0,1.0,6322,,,,,6.0582999140024185e-05,1.0,,cold,rcv1,25000,0
55,union:GVOTE|C174,The article is about an election or about a credit rating.,cold,25000,25000,0,0,0,1.0,1.0,1.0,547,,,,,5.941701238043606e-05,1.0,,cold,rcv1,25000,0
56,topic:CCAT#t2,The report covers corporate or industrial news.,cold,25000,25000,0,0,0,1.0,1.0,1.0,11861,,,,,7.770801312290132e-05,1.0,,cold,rcv1,25000,0
57,topic:ECAT#t0,The article is about economics.,cold,25000,25000,0,0,0,1.0,1.0,1.0,3737,,,,,5.324999801814556e-05,1.0,,cold,rcv1,25000,0
58,topic:E11#t0,The article is about economic performance.,cold,25000,25000,0,0,0,1.0,1.0,1.0,285,,,,,4.354200791567564e-05,1.0,,cold,rcv1,25000,0
59,topic:E11#t1,This news story concerns economic performance.,cold,25000,25000,0,0,0,1.0,1.0,1.0,285,,,,,4.287497722543776e-05,1.0,,cold,rcv1,25000,0
60,union:GVOTE|C174,The article is about an election or about a credit rating.,cold,25000,25000,0,0,0,1.0,1.0,1.0,547,,,,,5.816601333208382e-05,1.0,,cold,rcv1,25000,0
61,topic:E21#t0,The article is about government finance.,cold,25000,25000,0,0,0,1.0,1.0,1.0,1387,,,,,4.7084002289921045e-05,1.0,,cold,rcv1,25000,0
62,topic:ECAT#t2,The report covers economics.,cold,25000,25000,0,0,0,1.0,1.0,1.0,3737,,,,,5.2207993576303124e-05,1.0,,cold,rcv1,25000,0
63,topic:E51#t1,This news story concerns trade or foreign reserves.,cold,25000,25000,0,0,0,1.0,1.0,1.0,674,,,,,4.4665997847914696e-05,1.0,,cold,rcv1,25000,0
64,topic:MCAT#t0,The article is about financial markets.,cold,25000,25000,0,0,0,1.0,1.0,1.0,6322,,,,,6.28340058028698e-05,1.0,,cold,rcv1,25000,0
65,union:CCAT|E212,The article is about corporate or industrial news or about government borrowing.,cold,25000,25000,0,0,0,1.0,1.0,1.0,12586,,,,,9.40839818213135e-05,1.0,,cold,rcv1,25000,0
66,topic:M12#t2,The report covers bond markets.,cold,25000,25000,0,0,0,1.0,1.0,1.0,805,,,,,4.520799848251045e-05,1.0,,cold,rcv1,25000,0
67,topic:ECAT#t2,The report covers economics.,cold,25000,25000,0,0,0,1.0,1.0,1.0,3737,,,,,5.3333002142608166e-05,1.0,,cold,rcv1,25000,0
68,topic:GCAT#t2,The report covers government or social affairs.,cold,25000,25000,0,0,0,1.0,1.0,1.0,7451,,,,,6.566700176335871e-05,1.0,,cold,rcv1,25000,0
69,union:GODD|C23,The article is about a human interest story or about research and development.,cold,25000,25000,0,0,0,1.0,1.0,1.0,168,,,,,5.841598613187671e-05,1.0,,cold,rcv1,25000,0
70,topic:GCAT#t0,The article is about government or social affairs.,cold,25000,25000,0,0,0,1.0,1.0,1.0,7451,,,,,6.341701373457909e-05,1.0,,cold,rcv1,25000,0
71,topic:GSCI#t1,This news story concerns science or technology.,cold,25000,25000,0,0,0,1.0,1.0,1.0,64,,,,,4.658300895243883e-05,1.0,,cold,rcv1,25000,0
72,topic:GCAT#t1,This news story concerns government or social affairs.,cold,25000,25000,0,0,0,1.0,1.0,1.0,7451,,,,,6.399999256245792e-05,1.0,,cold,rcv1,25000,0
73,topic:GTOUR#t1,This news story concerns travel or tourism.,cold,25000,25000,0,0,0,1.0,1.0,1.0,18,,,,,4.449998959898949e-05,1.0,,cold,rcv1,25000,0
74,topic:GTOUR#t0,The article is about travel or tourism.,cold,25000,25000,0,0,0,1.0,1.0,1.0,18,,,,,4.1916995542123914e-05,1.0,,cold,rcv1,25000,0
75,topic:GTOUR#t2,The report covers travel or tourism.,cold,25000,25000,0,0,0,1.0,1.0,1.0,18,,,,,4.229199839755893e-05,1.0,,cold,rcv1,25000,0
76,topic:GTOUR#t0,The article is about travel or tourism.,cold,25000,25000,0,0,0,1.0,1.0,1.0,18,,,,,4.020900814794004e-05,1.0,,cold,rcv1,25000,0
77,topic:GTOUR#t2,The report covers travel or tourism.,cold,25000,25000,0,0,0,1.0,1.0,1.0,18,,,,,4.258297849446535e-05,1.0,,cold,rcv1,25000,0
78,topic:GCAT#t0,The article is about government or social affairs.,cold,25000,25000,0,0,0,1.0,1.0,1.0,7451,,,,,5.8958015870302916e-05,1.0,,cold,rcv1,25000,0
79,topic:GCAT#t0,The article is about government or social affairs.,cold,25000,25000,0,0,0,1.0,1.0,1.0,7451,,,,,5.908301682211459e-05,1.0,,cold,rcv1,25000,0
80,topic:GWEA#t0,The article is about the weather.,cold,25000,25000,0,0,0,1.0,1.0,1.0,123,,,,,4.2166997445747256e-05,1.0,,cold,rcv1,25000,0
81,topic:GJOB#t2,The report covers labour issues.,cold,25000,25000,0,0,0,1.0,1.0,1.0,534,,,,,4.3832988012582064e-05,1.0,,cold,rcv1,25000,0
82,union:C152|GWEA,The article is about commentary or forecasts about a company's results or about the weather.,cold,25000,25000,0,0,0,1.0,1.0,1.0,2378,,,,,6.112499977461994e-05,1.0,,cold,rcv1,25000,0
83,union:GCRIM|E31,The article is about crime or law enforcement or about economic output or capacity.,cold,25000,25000,0,0,0,1.0,1.0,1.0,1092,,,,,6.787499296478927e-05,1.0,,cold,rcv1,25000,0
84,topic:GENT#t2,"The report covers arts, culture or entertainment.",cold,25000,25000,0,0,0,1.0,1.0,1.0,111,,,,,4.2458006646484137e-05,1.0,,cold,rcv1,25000,0
85,topic:GDIS#t0,The article is about a disaster or an accident.,cold,25000,25000,0,0,0,1.0,1.0,1.0,250,,,,,4.283300950191915e-05,1.0,,cold,rcv1,25000,0
86,topic:GENT#t0,"The article is about arts, culture or entertainment.",cold,25000,25000,0,0,0,1.0,1.0,1.0,111,,,,,4.0834012906998396e-05,1.0,,cold,rcv1,25000,0
87,topic:GJOB#t0,The article is about labour issues.,cold,25000,25000,0,0,0,1.0,1.0,1.0,534,,,,,4.0624989196658134e-05,1.0,,cold,rcv1,25000,0
88,topic:GSPO#t2,The report covers sport.,cold,25000,25000,0,0,0,1.0,1.0,1.0,1101,,,,,4.2374973418191075e-05,1.0,,cold,rcv1,25000,0
89,union:CCAT|E212,The article is about corporate or industrial news or about government borrowing.,cold,25000,25000,0,0,0,1.0,1.0,1.0,12586,,,,,8.608400821685791e-05,1.0,,cold,rcv1,25000,0
90,topic:CCAT#t0,The article is about corporate or industrial news.,cold,25000,25000,0,0,0,1.0,1.0,1.0,11861,,,,,6.995900184847414e-05,1.0,,cold,rcv1,25000,0
91,topic:CCAT#t2,The report covers corporate or industrial news.,cold,25000,25000,0,0,0,1.0,1.0,1.0,11861,,,,,6.954101263545454e-05,1.0,,cold,rcv1,25000,0
92,topic:CCAT#t1,This news story concerns corporate or industrial news.,cold,25000,25000,0,0,0,1.0,1.0,1.0,11861,,,,,6.937500438652933e-05,1.0,,cold,rcv1,25000,0
93,topic:CCAT#t2,The report covers corporate or industrial news.,cold,25000,25000,0,0,0,1.0,1.0,1.0,11861,,,,,7.029101834632456e-05,1.0,,cold,rcv1,25000,0
94,topic:C31#t2,The report covers markets or marketing.,cold,25000,25000,0,0,0,1.0,1.0,1.0,1303,,,,,4.645800800062716e-05,1.0,,cold,rcv1,25000,0
95,topic:C18#t0,The article is about a change in the ownership of a company.,cold,25000,25000,0,0,0,1.0,1.0,1.0,1651,,,,,4.675000673159957e-05,1.0,,cold,rcv1,25000,0
96,topic:C18#t0,The article is about a change in the ownership of a company.,cold,25000,25000,0,0,0,1.0,1.0,1.0,1651,,,,,4.420799086801708e-05,1.0,,cold,rcv1,25000,0
97,topic:C182#t2,The report covers a transfer of assets.,cold,25000,25000,0,0,0,1.0,1.0,1.0,134,,,,,4.358298610895872e-05,1.0,,cold,rcv1,25000,0
98,topic:C182#t1,This news story concerns a transfer of assets.,cold,25000,25000,0,0,0,1.0,1.0,1.0,134,,,,,4.266601172275841e-05,1.0,,cold,rcv1,25000,0
99,topic:C181#t0,The article is about a merger or an acquisition.,cold,25000,25000,0,0,0,1.0,1.0,1.0,1377,,,,,4.350001108832657e-05,1.0,,cold,rcv1,25000,0
100,union:C181|GTOUR,The article is about a merger or an acquisition or about travel or tourism.,cold,25000,25000,0,0,0,1.0,1.0,1.0,1395,,,,,5.862500984221697e-05,1.0,,cold,rcv1,25000,0
101,topic:CCAT#t0,The article is about corporate or industrial news.,cold,25000,25000,0,0,0,1.0,1.0,1.0,11861,,,,,7.141599780879915e-05,1.0,,cold,rcv1,25000,0
102,topic:MCAT#t0,The article is about financial markets.,cold,25000,25000,0,0,0,1.0,1.0,1.0,6322,,,,,5.616698763333261e-05,1.0,,cold,rcv1,25000,0
103,topic:ECAT#t1,This news story concerns economics.,cold,25000,25000,0,0,0,1.0,1.0,1.0,3737,,,,,5.1042006816715e-05,1.0,,cold,rcv1,25000,0
104,topic:ECAT#t2,The report covers economics.,cold,25000,25000,0,0,0,1.0,1.0,1.0,3737,,,,,4.962499951943755e-05,1.0,,cold,rcv1,25000,0
105,topic:CCAT#t1,This news story concerns corporate or industrial news.,cold,25000,25000,0,0,0,1.0,1.0,1.0,11861,,,,,7.137499051168561e-05,1.0,,cold,rcv1,25000,0
106,topic:CCAT#t2,The report covers corporate or industrial news.,cold,25000,25000,0,0,0,1.0,1.0,1.0,11861,,,,,6.912500248290598e-05,1.0,,cold,rcv1,25000,0
107,topic:CCAT#t1,This news story concerns corporate or industrial news.,cold,25000,25000,0,0,0,1.0,1.0,1.0,11861,,,,,6.858402048237622e-05,1.0,,cold,rcv1,25000,0
108,topic:C23#t2,The report covers research and development.,cold,25000,25000,0,0,0,1.0,1.0,1.0,85,,,,,3.979101893492043e-05,1.0,,cold,rcv1,25000,0
109,topic:C24#t1,This news story concerns production capacity or facilities.,cold,25000,25000,0,0,0,1.0,1.0,1.0,993,,,,,4.6958011807873845e-05,1.0,,cold,rcv1,25000,0
110,topic:C41#t0,The article is about company management.,cold,25000,25000,0,0,0,1.0,1.0,1.0,365,,,,,4.17920236941427e-05,1.0,,cold,rcv1,25000,0
111,topic:GCAT#t1,This news story concerns government or social affairs.,cold,25000,25000,0,0,0,1.0,1.0,1.0,7451,,,,,6.0999998822808266e-05,1.0,,cold,rcv1,25000,0
112,topic:GVOTE#t0,The article is about an election.,cold,25000,25000,0,0,0,1.0,1.0,1.0,382,,,,,3.97919793613255e-05,1.0,,cold,rcv1,25000,0
113,topic:GVOTE#t2,The report covers an election.,cold,25000,25000,0,0,0,1.0,1.0,1.0,382,,,,,3.999998443759978e-05,1.0,,cold,rcv1,25000,0
114,topic:GCAT#t1,This news story concerns government or social affairs.,cold,25000,25000,0,0,0,1.0,1.0,1.0,7451,,,,,5.920801777392626e-05,1.0,,cold,rcv1,25000,0
115,topic:GWELF#t0,The article is about welfare or social services.,cold,25000,25000,0,0,0,1.0,1.0,1.0,63,,,,,4.012498538941145e-05,1.0,,cold,rcv1,25000,0
116,topic:GPRO#t1,This news story concerns a biography or a profile of a person.,cold,25000,25000,0,0,0,1.0,1.0,1.0,180,,,,,4.149999585933983e-05,1.0,,cold,rcv1,25000,0
117,topic:GCAT#t0,The article is about government or social affairs.,cold,25000,25000,0,0,0,1.0,1.0,1.0,7451,,,,,5.879101809114218e-05,1.0,,cold,rcv1,25000,0
118,union:C13|GOBIT,The article is about the regulation of a company or an industry or about an obituary.,cold,25000,25000,0,0,0,1.0,1.0,1.0,1217,,,,,5.775000317953527e-05,1.0,,cold,rcv1,25000,0
119,union:GWELF|C1511,The article is about welfare or social services or about a company's annual results.,cold,25000,25000,0,0,0,1.0,1.0,1.0,794,,,,,5.4333009757101536e-05,1.0,,cold,rcv1,25000,0
0,topic:MCAT#t1,This news story concerns financial markets.,cold,25000,25000,0,0,0,1.0,1.0,1.0,6322,,,,,0.00012250000145286322,1.0,,exact,rcv1,25000,0
1,topic:M11#t0,The article is about equity markets.,cold,25000,25000,0,0,0,1.0,1.0,1.0,1450,,,,,6.279099034145474e-05,1.0,,exact,rcv1,25000,0
2,topic:GCAT#t2,The report covers government or social affairs.,cold,25000,25000,0,0,0,1.0,1.0,1.0,7451,,,,,7.570799789391458e-05,1.0,,exact,rcv1,25000,0
3,topic:GCAT#t1,This news story concerns government or social affairs.,cold,25000,25000,0,0,0,1.0,1.0,1.0,7451,,,,,6.641598884016275e-05,1.0,,exact,rcv1,25000,0
4,topic:GCAT#t0,The article is about government or social affairs.,cold,25000,25000,0,0,0,1.0,1.0,1.0,7451,,,,,7.149999146349728e-05,1.0,,exact,rcv1,25000,0
5,union:GSPO|E121,The article is about sport or about the money supply.,cold,25000,25000,0,0,0,1.0,1.0,1.0,1173,,,,,6.674998439848423e-05,1.0,,exact,rcv1,25000,0
6,topic:GCAT#t2,The report covers government or social affairs.,exact-hit,0,0,0,0,0,1.0,1.0,1.0,7451,,,,,3.875000402331352e-06,1.0,,exact,rcv1,25000,0
7,topic:CCAT#t0,The article is about corporate or industrial news.,cold,25000,25000,0,0,0,1.0,1.0,1.0,11861,,,,,8.524997974745929e-05,1.0,,exact,rcv1,25000,0
8,topic:C22#t1,This news story concerns a new product or a new service.,cold,25000,25000,0,0,0,1.0,1.0,1.0,189,,,,,4.895898746326566e-05,1.0,,exact,rcv1,25000,0
9,topic:CCAT#t1,This news story concerns corporate or industrial news.,cold,25000,25000,0,0,0,1.0,1.0,1.0,11861,,,,,8.108300971798599e-05,1.0,,exact,rcv1,25000,0
10,topic:CCAT#t2,The report covers corporate or industrial news.,cold,25000,25000,0,0,0,1.0,1.0,1.0,11861,,,,,7.691598148085177e-05,1.0,,exact,rcv1,25000,0
11,topic:ECAT#t2,The report covers economics.,cold,25000,25000,0,0,0,1.0,1.0,1.0,3737,,,,,6.254200707189739e-05,1.0,,exact,rcv1,25000,0
12,topic:ECAT#t2,The report covers economics.,exact-hit,0,0,0,0,0,1.0,1.0,1.0,3737,,,,,3.2919924706220627e-06,1.0,,exact,rcv1,25000,0
13,topic:ECAT#t1,This news story concerns economics.,cold,25000,25000,0,0,0,1.0,1.0,1.0,3737,,,,,5.579201388172805e-05,1.0,,exact,rcv1,25000,0
14,topic:E21#t1,This news story concerns government finance.,cold,25000,25000,0,0,0,1.0,1.0,1.0,1387,,,,,5.425000563263893e-05,1.0,,exact,rcv1,25000,0
15,topic:CCAT#t2,The report covers corporate or industrial news.,exact-hit,0,0,0,0,0,1.0,1.0,1.0,11861,,,,,2.9999937396496534e-06,1.0,,exact,rcv1,25000,0
16,topic:CCAT#t0,The article is about corporate or industrial news.,exact-hit,0,0,0,0,0,1.0,1.0,1.0,11861,,,,,3.1249946914613247e-06,1.0,,exact,rcv1,25000,0
17,topic:C16#t2,The report covers corporate insolvency or a liquidity problem.,cold,25000,25000,0,0,0,1.0,1.0,1.0,72,,,,,4.9583992222324014e-05,1.0,,exact,rcv1,25000,0
18,topic:ECAT#t0,The article is about economics.,cold,25000,25000,0,0,0,1.0,1.0,1.0,3737,,,,,6.09580019954592e-05,1.0,,exact,rcv1,25000,0
19,topic:E13#t1,This news story concerns inflation or prices.,cold,25000,25000,0,0,0,1.0,1.0,1.0,200,,,,,4.883299698121846e-05,1.0,,exact,rcv1,25000,0
20,topic:E132#t2,The report covers wholesale prices.,cold,25000,25000,0,0,0,1.0,1.0,1.0,33,,,,,5.195799167267978e-05,1.0,,exact,rcv1,25000,0
21,topic:E131#t2,The report covers consumer prices.,cold,25000,25000,0,0,0,1.0,1.0,1.0,168,,,,,4.729200736619532e-05,1.0,,exact,rcv1,25000,0
22,topic:E132#t0,The article is about wholesale prices.,cold,25000,25000,0,0,0,1.0,1.0,1.0,33,,,,,5.124998278915882e-05,1.0,,exact,rcv1,25000,0
23,topic:ECAT#t1,This news story concerns economics.,exact-hit,0,0,0,0,0,1.0,1.0,1.0,3737,,,,,2.749991836026311e-06,1.0,,exact,rcv1,25000,0
24,topic:E131#t2,The report covers consumer prices.,exact-hit,0,0,0,0,0,1.0,1.0,1.0,168,,,,,2.416985807940364e-06,1.0,,exact,rcv1,25000,0
25,topic:CCAT#t0,The article is about corporate or industrial news.,exact-hit,0,0,0,0,0,1.0,1.0,1.0,11861,,,,,2.834014594554901e-06,1.0,,exact,rcv1,25000,0
26,topic:CCAT#t1,This news story concerns corporate or industrial news.,exact-hit,0,0,0,0,0,1.0,1.0,1.0,11861,,,,,2.833025064319372e-06,1.0,,exact,rcv1,25000,0
27,topic:ECAT#t1,This news story concerns economics.,exact-hit,0,0,0,0,0,1.0,1.0,1.0,3737,,,,,2.4999899324029684e-06,1.0,,exact,rcv1,25000,0
28,topic:CCAT#t1,This news story concerns corporate or industrial news.,exact-hit,0,0,0,0,0,1.0,1.0,1.0,11861,,,,,2.6250199880450964e-06,1.0,,exact,rcv1,25000,0
29,topic:CCAT#t1,This news story concerns corporate or industrial news.,exact-hit,0,0,0,0,0,1.0,1.0,1.0,11861,,,,,2.542015863582492e-06,1.0,,exact,rcv1,25000,0
30,topic:MCAT#t0,The article is about financial markets.,cold,25000,25000,0,0,0,1.0,1.0,1.0,6322,,,,,6.291698082350194e-05,1.0,,exact,rcv1,25000,0
31,topic:M12#t1,This news story concerns bond markets.,cold,25000,25000,0,0,0,1.0,1.0,1.0,805,,,,,5.41249755769968e-05,1.0,,exact,rcv1,25000,0
32,topic:MCAT#t2,The report covers financial markets.,cold,25000,25000,0,0,0,1.0,1.0,1.0,6322,,,,,6.4416992245242e-05,1.0,,exact,rcv1,25000,0
33,union:C13|GOBIT,The article is about the regulation of a company or an industry or about an obituary.,cold,25000,25000,0,0,0,1.0,1.0,1.0,1217,,,,,7.29589955881238e-05,1.0,,exact,rcv1,25000,0
34,union:M132|E41,The article is about foreign exchange markets or about employment or the labour market.,cold,25000,25000,0,0,0,1.0,1.0,1.0,1315,,,,,6.52919989079237e-05,1.0,,exact,rcv1,25000,0
35,topic:MCAT#t0,The article is about financial markets.,exact-hit,0,0,0,0,0,1.0,1.0,1.0,6322,,,,,3.208027919754386e-06,1.0,,exact,rcv1,25000,0
36,topic:CCAT#t2,The report covers corporate or industrial news.,exact-hit,0,0,0,0,0,1.0,1.0,1.0,11861,,,,,3.082997864112258e-06,1.0,,exact,rcv1,25000,0
37,topic:ECAT#t0,The article is about economics.,exact-hit,0,0,0,0,0,1.0,1.0,1.0,3737,,,,,2.9999937396496534e-06,1.0,,exact,rcv1,25000,0
38,topic:ECAT#t2,The report covers economics.,exact-hit,0,0,0,0,0,1.0,1.0,1.0,3737,,,,,2.9579969123005867e-06,1.0,,exact,rcv1,25000,0
39,topic:CCAT#t1,This news story concerns corporate or industrial news.,exact-hit,0,0,0,0,0,1.0,1.0,1.0,11861,,,,,2.875021891668439e-06,1.0,,exact,rcv1,25000,0
40,topic:CCAT#t0,The article is about corporate or industrial news.,exact-hit,0,0,0,0,0,1.0,1.0,1.0,11861,,,,,2.707995008677244e-06,1.0,,exact,rcv1,25000,0
41,topic:C41#t1,This news story concerns company management.,cold,25000,25000,0,0,0,1.0,1.0,1.0,365,,,,,5.266699008643627e-05,1.0,,exact,rcv1,25000,0
42,topic:ECAT#t2,The report covers economics.,exact-hit,0,0,0,0,0,1.0,1.0,1.0,3737,,,,,2.7919886633753777e-06,1.0,,exact,rcv1,25000,0
43,topic:ECAT#t0,The article is about economics.,exact-hit,0,0,0,0,0,1.0,1.0,1.0,3737,,,,,2.542015863582492e-06,1.0,,exact,rcv1,25000,0
44,topic:ECAT#t0,The article is about economics.,exact-hit,0,0,0,0,0,1.0,1.0,1.0,3737,,,,,2.374988980591297e-06,1.0,,exact,rcv1,25000,0
45,topic:E11#t2,The report covers economic performance.,cold,25000,25000,0,0,0,1.0,1.0,1.0,285,,,,,5.0332979299128056e-05,1.0,,exact,rcv1,25000,0
46,topic:E11#t1,This news story concerns economic performance.,cold,25000,25000,0,0,0,1.0,1.0,1.0,285,,,,,5.3709023632109165e-05,1.0,,exact,rcv1,25000,0
47,topic:E61#t2,The report covers housing starts.,cold,25000,25000,0,0,0,1.0,1.0,1.0,11,,,,,4.7375011490657926e-05,1.0,,exact,rcv1,25000,0
48,topic:E13#t0,The article is about inflation or prices.,cold,25000,25000,0,0,0,1.0,1.0,1.0,200,,,,,5.370899452827871e-05,1.0,,exact,rcv1,25000,0
49,topic:E132#t0,The article is about wholesale prices.,exact-hit,0,0,0,0,0,1.0,1.0,1.0,33,,,,,2.9999937396496534e-06,1.0,,exact,rcv1,25000,0
50,topic:E13#t2,The report covers inflation or prices.,cold,25000,25000,0,0,0,1.0,1.0,1.0,200,,,,,4.641601117327809e-05,1.0,,exact,rcv1,25000,0
51,topic:E61#t1,This news story concerns housing starts.,cold,25000,25000,0,0,0,1.0,1.0,1.0,11,,,,,4.9458001740276814e-05,1.0,,exact,rcv1,25000,0
52,union:GSPO|E121,The article is about sport or about the money supply.,exact-hit,0,0,0,0,0,1.0,1.0,1.0,1173,,,,,3.832974471151829e-06,1.0,,exact,rcv1,25000,0
53,topic:E11#t1,This news story concerns economic performance.,exact-hit,0,0,0,0,0,1.0,1.0,1.0,285,,,,,2.749991836026311e-06,1.0,,exact,rcv1,25000,0
54,topic:MCAT#t0,The article is about financial markets.,exact-hit,0,0,0,0,0,1.0,1.0,1.0,6322,,,,,2.9170187190175056e-06,1.0,,exact,rcv1,25000,0
55,union:GVOTE|C174,The article is about an election or about a credit rating.,cold,25000,25000,0,0,0,1.0,1.0,1.0,547,,,,,6.358398240990937e-05,1.0,,exact,rcv1,25000,0
56,topic:CCAT#t2,The report covers corporate or industrial news.,exact-hit,0,0,0,0,0,1.0,1.0,1.0,11861,,,,,3.00002284348011e-06,1.0,,exact,rcv1,25000,0
57,topic:ECAT#t0,The article is about economics.,exact-hit,0,0,0,0,0,1.0,1.0,1.0,3737,,,,,2.9579969123005867e-06,1.0,,exact,rcv1,25000,0
58,topic:E11#t0,The article is about economic performance.,cold,25000,25000,0,0,0,1.0,1.0,1.0,285,,,,,5.0417002057656646e-05,1.0,,exact,rcv1,25000,0
59,topic:E11#t1,This news story concerns economic performance.,exact-hit,0,0,0,0,0,1.0,1.0,1.0,285,,,,,2.6249908842146397e-06,1.0,,exact,rcv1,25000,0
60,union:GVOTE|C174,The article is about an election or about a credit rating.,exact-hit,0,0,0,0,0,1.0,1.0,1.0,547,,,,,2.667016815394163e-06,1.0,,exact,rcv1,25000,0
61,topic:E21#t0,The article is about government finance.,cold,25000,25000,0,0,0,1.0,1.0,1.0,1387,,,,,5.054200300946832e-05,1.0,,exact,rcv1,25000,0
62,topic:ECAT#t2,The report covers economics.,exact-hit,0,0,0,0,0,1.0,1.0,1.0,3737,,,,,2.667016815394163e-06,1.0,,exact,rcv1,25000,0
63,topic:E51#t1,This news story concerns trade or foreign reserves.,cold,25000,25000,0,0,0,1.0,1.0,1.0,674,,,,,5.5082986364141107e-05,1.0,,exact,rcv1,25000,0
64,topic:MCAT#t0,The article is about financial markets.,exact-hit,0,0,0,0,0,1.0,1.0,1.0,6322,,,,,2.749991836026311e-06,1.0,,exact,rcv1,25000,0
65,union:CCAT|E212,The article is about corporate or industrial news or about government borrowing.,cold,25000,25000,0,0,0,1.0,1.0,1.0,12586,,,,,9.250000584870577e-05,1.0,,exact,rcv1,25000,0
66,topic:M12#t2,The report covers bond markets.,cold,25000,25000,0,0,0,1.0,1.0,1.0,805,,,,,5.224999040365219e-05,1.0,,exact,rcv1,25000,0
67,topic:ECAT#t2,The report covers economics.,exact-hit,0,0,0,0,0,1.0,1.0,1.0,3737,,,,,2.667016815394163e-06,1.0,,exact,rcv1,25000,0
68,topic:GCAT#t2,The report covers government or social affairs.,exact-hit,0,0,0,0,0,1.0,1.0,1.0,7451,,,,,3.1249946914613247e-06,1.0,,exact,rcv1,25000,0
69,union:GODD|C23,The article is about a human interest story or about research and development.,cold,25000,25000,0,0,0,1.0,1.0,1.0,168,,,,,6.179098272696137e-05,1.0,,exact,rcv1,25000,0
70,topic:GCAT#t0,The article is about government or social affairs.,exact-hit,0,0,0,0,0,1.0,1.0,1.0,7451,,,,,3.3329997677356005e-06,1.0,,exact,rcv1,25000,0
71,topic:GSCI#t1,This news story concerns science or technology.,cold,25000,25000,0,0,0,1.0,1.0,1.0,64,,,,,5.2417017286643386e-05,1.0,,exact,rcv1,25000,0
72,topic:GCAT#t1,This news story concerns government or social affairs.,exact-hit,0,0,0,0,0,1.0,1.0,1.0,7451,,,,,3.209017449989915e-06,1.0,,exact,rcv1,25000,0
73,topic:GTOUR#t1,This news story concerns travel or tourism.,cold,25000,25000,0,0,0,1.0,1.0,1.0,18,,,,,4.633399657905102e-05,1.0,,exact,rcv1,25000,0
74,topic:GTOUR#t0,The article is about travel or tourism.,cold,25000,25000,0,0,0,1.0,1.0,1.0,18,,,,,5.116700776852667e-05,1.0,,exact,rcv1,25000,0
75,topic:GTOUR#t2,The report covers travel or tourism.,cold,25000,25000,0,0,0,1.0,1.0,1.0,18,,,,,4.4249987695366144e-05,1.0,,exact,rcv1,25000,0
76,topic:GTOUR#t0,The article is about travel or tourism.,exact-hit,0,0,0,0,0,1.0,1.0,1.0,18,,,,,2.708984538912773e-06,1.0,,exact,rcv1,25000,0
77,topic:GTOUR#t2,The report covers travel or tourism.,exact-hit,0,0,0,0,0,1.0,1.0,1.0,18,,,,,2.541986759752035e-06,1.0,,exact,rcv1,25000,0
78,topic:GCAT#t0,The article is about government or social affairs.,exact-hit,0,0,0,0,0,1.0,1.0,1.0,7451,,,,,2.666027285158634e-06,1.0,,exact,rcv1,25000,0
79,topic:GCAT#t0,The article is about government or social affairs.,exact-hit,0,0,0,0,0,1.0,1.0,1.0,7451,,,,,2.5830231606960297e-06,1.0,,exact,rcv1,25000,0
80,topic:GWEA#t0,The article is about the weather.,cold,25000,25000,0,0,0,1.0,1.0,1.0,123,,,,,5.5540993344038725e-05,1.0,,exact,rcv1,25000,0
81,topic:GJOB#t2,The report covers labour issues.,cold,25000,25000,0,0,0,1.0,1.0,1.0,534,,,,,5.1125010941177607e-05,1.0,,exact,rcv1,25000,0
82,union:C152|GWEA,The article is about commentary or forecasts about a company's results or about the weather.,cold,25000,25000,0,0,0,1.0,1.0,1.0,2378,,,,,7.329101208597422e-05,1.0,,exact,rcv1,25000,0
83,union:GCRIM|E31,The article is about crime or law enforcement or about economic output or capacity.,cold,25000,25000,0,0,0,1.0,1.0,1.0,1092,,,,,6.29170099273324e-05,1.0,,exact,rcv1,25000,0
84,topic:GENT#t2,"The report covers arts, culture or entertainment.",cold,25000,25000,0,0,0,1.0,1.0,1.0,111,,,,,5.287499516271055e-05,1.0,,exact,rcv1,25000,0
85,topic:GDIS#t0,The article is about a disaster or an accident.,cold,25000,25000,0,0,0,1.0,1.0,1.0,250,,,,,4.9084017518907785e-05,1.0,,exact,rcv1,25000,0
86,topic:GENT#t0,"The article is about arts, culture or entertainment.",cold,25000,25000,0,0,0,1.0,1.0,1.0,111,,,,,5.2916991990059614e-05,1.0,,exact,rcv1,25000,0
87,topic:GJOB#t0,The article is about labour issues.,cold,25000,25000,0,0,0,1.0,1.0,1.0,534,,,,,4.700000863522291e-05,1.0,,exact,rcv1,25000,0
88,topic:GSPO#t2,The report covers sport.,cold,25000,25000,0,0,0,1.0,1.0,1.0,1101,,,,,5.458298255689442e-05,1.0,,exact,rcv1,25000,0
89,union:CCAT|E212,The article is about corporate or industrial news or about government borrowing.,exact-hit,0,0,0,0,0,1.0,1.0,1.0,12586,,,,,2.9590155463665724e-06,1.0,,exact,rcv1,25000,0
90,topic:CCAT#t0,The article is about corporate or industrial news.,exact-hit,0,0,0,0,0,1.0,1.0,1.0,11861,,,,,3.083987394347787e-06,1.0,,exact,rcv1,25000,0
91,topic:CCAT#t2,The report covers corporate or industrial news.,exact-hit,0,0,0,0,0,1.0,1.0,1.0,11861,,,,,3.374996595084667e-06,1.0,,exact,rcv1,25000,0
92,topic:CCAT#t1,This news story concerns corporate or industrial news.,exact-hit,0,0,0,0,0,1.0,1.0,1.0,11861,,,,,3.749999450519681e-06,1.0,,exact,rcv1,25000,0
93,topic:CCAT#t2,The report covers corporate or industrial news.,exact-hit,0,0,0,0,0,1.0,1.0,1.0,11861,,,,,2.4579931050539017e-06,1.0,,exact,rcv1,25000,0
94,topic:C31#t2,The report covers markets or marketing.,cold,25000,25000,0,0,0,1.0,1.0,1.0,1303,,,,,5.091700586490333e-05,1.0,,exact,rcv1,25000,0
95,topic:C18#t0,The article is about a change in the ownership of a company.,cold,25000,25000,0,0,0,1.0,1.0,1.0,1651,,,,,5.841598613187671e-05,1.0,,exact,rcv1,25000,0
96,topic:C18#t0,The article is about a change in the ownership of a company.,exact-hit,0,0,0,0,0,1.0,1.0,1.0,1651,,,,,2.7909991331398487e-06,1.0,,exact,rcv1,25000,0
97,topic:C182#t2,The report covers a transfer of assets.,cold,25000,25000,0,0,0,1.0,1.0,1.0,134,,,,,4.700000863522291e-05,1.0,,exact,rcv1,25000,0
98,topic:C182#t1,This news story concerns a transfer of assets.,cold,25000,25000,0,0,0,1.0,1.0,1.0,134,,,,,5.145900649949908e-05,1.0,,exact,rcv1,25000,0
99,topic:C181#t0,The article is about a merger or an acquisition.,cold,25000,25000,0,0,0,1.0,1.0,1.0,1377,,,,,5.1041977712884545e-05,1.0,,exact,rcv1,25000,0
100,union:C181|GTOUR,The article is about a merger or an acquisition or about travel or tourism.,cold,25000,25000,0,0,0,1.0,1.0,1.0,1395,,,,,6.758401286788285e-05,1.0,,exact,rcv1,25000,0
101,topic:CCAT#t0,The article is about corporate or industrial news.,exact-hit,0,0,0,0,0,1.0,1.0,1.0,11861,,,,,3.1669915188103914e-06,1.0,,exact,rcv1,25000,0
102,topic:MCAT#t0,The article is about financial markets.,exact-hit,0,0,0,0,0,1.0,1.0,1.0,6322,,,,,2.91600008495152e-06,1.0,,exact,rcv1,25000,0
103,topic:ECAT#t1,This news story concerns economics.,exact-hit,0,0,0,0,0,1.0,1.0,1.0,3737,,,,,2.9579969123005867e-06,1.0,,exact,rcv1,25000,0
104,topic:ECAT#t2,The report covers economics.,exact-hit,0,0,0,0,0,1.0,1.0,1.0,3737,,,,,2.834014594554901e-06,1.0,,exact,rcv1,25000,0
105,topic:CCAT#t1,This news story concerns corporate or industrial news.,exact-hit,0,0,0,0,0,1.0,1.0,1.0,11861,,,,,2.7919886633753777e-06,1.0,,exact,rcv1,25000,0
106,topic:CCAT#t2,The report covers corporate or industrial news.,exact-hit,0,0,0,0,0,1.0,1.0,1.0,11861,,,,,2.8329959604889154e-06,1.0,,exact,rcv1,25000,0
107,topic:CCAT#t1,This news story concerns corporate or industrial news.,exact-hit,0,0,0,0,0,1.0,1.0,1.0,11861,,,,,2.541986759752035e-06,1.0,,exact,rcv1,25000,0
108,topic:C23#t2,The report covers research and development.,cold,25000,25000,0,0,0,1.0,1.0,1.0,85,,,,,5.120801506564021e-05,1.0,,exact,rcv1,25000,0
109,topic:C24#t1,This news story concerns production capacity or facilities.,cold,25000,25000,0,0,0,1.0,1.0,1.0,993,,,,,5.9165991842746735e-05,1.0,,exact,rcv1,25000,0
110,topic:C41#t0,The article is about company management.,cold,25000,25000,0,0,0,1.0,1.0,1.0,365,,,,,5.150001379661262e-05,1.0,,exact,rcv1,25000,0
111,topic:GCAT#t1,This news story concerns government or social affairs.,exact-hit,0,0,0,0,0,1.0,1.0,1.0,7451,,,,,3.1249946914613247e-06,1.0,,exact,rcv1,25000,0
112,topic:GVOTE#t0,The article is about an election.,cold,25000,25000,0,0,0,1.0,1.0,1.0,382,,,,,5.520798731595278e-05,1.0,,exact,rcv1,25000,0
113,topic:GVOTE#t2,The report covers an election.,cold,25000,25000,0,0,0,1.0,1.0,1.0,382,,,,,4.8792018787935376e-05,1.0,,exact,rcv1,25000,0
114,topic:GCAT#t1,This news story concerns government or social affairs.,exact-hit,0,0,0,0,0,1.0,1.0,1.0,7451,,,,,2.8339854907244444e-06,1.0,,exact,rcv1,25000,0
115,topic:GWELF#t0,The article is about welfare or social services.,cold,25000,25000,0,0,0,1.0,1.0,1.0,63,,,,,5.554201197810471e-05,1.0,,exact,rcv1,25000,0
116,topic:GPRO#t1,This news story concerns a biography or a profile of a person.,cold,25000,25000,0,0,0,1.0,1.0,1.0,180,,,,,5.2916002459824085e-05,1.0,,exact,rcv1,25000,0
117,topic:GCAT#t0,The article is about government or social affairs.,exact-hit,0,0,0,0,0,1.0,1.0,1.0,7451,,,,,3.2910029403865337e-06,1.0,,exact,rcv1,25000,0
118,union:C13|GOBIT,The article is about the regulation of a company or an industry or about an obituary.,exact-hit,0,0,0,0,0,1.0,1.0,1.0,1217,,,,,4.0000013541430235e-06,1.0,,exact,rcv1,25000,0
119,union:GWELF|C1511,The article is about welfare or social services or about a company's annual results.,cold,25000,25000,0,0,0,1.0,1.0,1.0,794,,,,,7.045798702165484e-05,1.0,,exact,rcv1,25000,0
0,topic:MCAT#t1,This news story concerns financial markets.,cold,25000,25000,0,0,0,1.0,1.0,1.0,6322,,,,,0.00020741700427606702,1.0,,semreuse,rcv1,25000,0
1,topic:M11#t0,The article is about equity markets.,rewrite,25000,18678,29,6293,2,1.0,1.0,1.0,1450,1.0,False,1.0,False,0.3280625000188593,1.0,False,semreuse,rcv1,25000,0
2,topic:GCAT#t2,The report covers government or social affairs.,cold,25000,25000,0,0,4,1.0,1.0,1.0,7451,,,,,0.28787416699924506,1.0,,semreuse,rcv1,25000,0
3,topic:GCAT#t1,This news story concerns government or social affairs.,rewrite,163,0,163,0,6,1.0,1.0,1.0,7451,0.9190001365933615,False,0.9029660448261978,False,0.3608405829872936,1.0,False,semreuse,rcv1,25000,0
4,topic:GCAT#t0,The article is about government or social affairs.,rewrite,163,0,163,0,8,1.0,1.0,1.0,7451,0.9190001365933615,False,0.9029660448261978,False,0.25400933300261386,1.0,False,semreuse,rcv1,25000,0
5,union:GSPO|E121,The article is about sport or about the money supply.,cold,25000,25000,0,0,10,1.0,1.0,1.0,1173,,,,,0.12876624998170882,1.0,,semreuse,rcv1,25000,0
6,topic:GCAT#t2,The report covers government or social affairs.,exact-hit,0,0,0,0,0,1.0,1.0,1.0,7451,,,,,9.167008101940155e-06,1.0,,semreuse,rcv1,25000,0
7,topic:CCAT#t0,The article is about corporate or industrial news.,cold,25000,25000,0,0,12,1.0,1.0,1.0,11861,,,,,0.13144645898137242,1.0,,semreuse,rcv1,25000,0
8,topic:C22#t1,This news story concerns a new product or a new service.,cold,25000,25000,0,0,14,1.0,1.0,1.0,189,,,,,0.13394120801240206,1.0,,semreuse,rcv1,25000,0
9,topic:CCAT#t1,This news story concerns corporate or industrial news.,rewrite,95,0,95,0,16,1.0,1.0,1.0,11861,0.9194573244032286,False,0.9027906584605008,False,0.1527337500010617,1.0,False,semreuse,rcv1,25000,0
10,topic:CCAT#t2,The report covers corporate or industrial news.,rewrite,95,0,95,0,18,1.0,1.0,1.0,11861,0.9194573244032286,False,0.9027906584605008,False,0.2062069999810774,1.0,False,semreuse,rcv1,25000,0
11,topic:ECAT#t2,The report covers economics.,cold,25000,25000,0,0,20,1.0,1.0,1.0,3737,,,,,0.17682133300695568,1.0,,semreuse,rcv1,25000,0
12,topic:ECAT#t2,The report covers economics.,exact-hit,0,0,0,0,0,1.0,1.0,1.0,3737,,,,,9.665993275120854e-06,1.0,,semreuse,rcv1,25000,0
13,topic:ECAT#t1,This news story concerns economics.,rewrite,4042,3713,305,24,22,1.0,1.0,1.0,3737,0.9193111931119311,False,1.0,False,0.1036630840098951,1.0,False,semreuse,rcv1,25000,0
14,topic:E21#t1,This news story concerns government finance.,cold,25000,25000,0,0,24,1.0,1.0,1.0,1387,,,,,0.16610029200091958,1.0,,semreuse,rcv1,25000,0
15,topic:CCAT#t2,The report covers corporate or industrial news.,exact-hit,0,0,0,0,0,1.0,1.0,1.0,11861,0.9194573244032286,False,0.9027906584605008,False,1.0499992640689015e-05,1.0,False,semreuse,rcv1,25000,0
16,topic:CCAT#t0,The article is about corporate or industrial news.,exact-hit,0,0,0,0,0,1.0,1.0,1.0,11861,,,,,6.207992555573583e-06,1.0,,semreuse,rcv1,25000,0
17,topic:C16#t2,The report covers corporate insolvency or a liquidity problem.,rewrite,25000,18678,29,6293,26,1.0,1.0,1.0,72,1.0,False,1.0,False,0.3143132080149371,1.0,False,semreuse,rcv1,25000,0
18,topic:ECAT#t0,The article is about economics.,rewrite,4016,3734,279,3,28,1.0,1.0,1.0,3737,0.9190850959173635,False,1.0,False,0.24412862499593757,1.0,False,semreuse,rcv1,25000,0
19,topic:E13#t1,This news story concerns inflation or prices.,cold,25000,25000,0,0,30,1.0,1.0,1.0,200,,,,,0.2940007089928258,1.0,,semreuse,rcv1,25000,0
20,topic:E132#t2,The report covers wholesale prices.,rewrite,25000,21263,29,3708,32,1.0,1.0,1.0,33,1.0,False,1.0,False,0.22480879200156778,1.0,False,semreuse,rcv1,25000,0
21,topic:E131#t2,The report covers consumer prices.,cold,25000,25000,0,0,34,1.0,1.0,1.0,168,,,,,0.1652721249847673,1.0,,semreuse,rcv1,25000,0
22,topic:E132#t0,The article is about wholesale prices.,rewrite,25000,15332,72,9596,36,1.0,1.0,1.0,33,1.0,False,1.0,False,0.21760937498765998,1.0,False,semreuse,rcv1,25000,0
23,topic:ECAT#t1,This news story concerns economics.,exact-hit,0,0,0,0,0,1.0,1.0,1.0,3737,0.9193111931119311,False,1.0,False,9.625015081837773e-06,1.0,False,semreuse,rcv1,25000,0
24,topic:E131#t2,The report covers consumer prices.,exact-hit,0,0,0,0,0,1.0,1.0,1.0,168,,,,,5.3340045269578695e-06,1.0,,semreuse,rcv1,25000,0
25,topic:CCAT#t0,The article is about corporate or industrial news.,exact-hit,0,0,0,0,0,1.0,1.0,1.0,11861,,,,,4.917004844173789e-06,1.0,,semreuse,rcv1,25000,0
26,topic:CCAT#t1,This news story concerns corporate or industrial news.,exact-hit,0,0,0,0,0,1.0,1.0,1.0,11861,0.9194573244032286,False,0.9027906584605008,False,5.1670067477971315e-06,1.0,False,semreuse,rcv1,25000,0
27,topic:ECAT#t1,This news story concerns economics.,exact-hit,0,0,0,0,0,1.0,1.0,1.0,3737,0.9193111931119311,False,1.0,False,4.083005478605628e-06,1.0,False,semreuse,rcv1,25000,0
28,topic:CCAT#t1,This news story concerns corporate or industrial news.,exact-hit,0,0,0,0,0,1.0,1.0,1.0,11861,0.9194573244032286,False,0.9027906584605008,False,3.7080026231706142e-06,1.0,False,semreuse,rcv1,25000,0
29,topic:CCAT#t1,This news story concerns corporate or industrial news.,exact-hit,0,0,0,0,0,1.0,1.0,1.0,11861,0.9194573244032286,False,0.9027906584605008,False,3.7080026231706142e-06,1.0,False,semreuse,rcv1,25000,0
30,topic:MCAT#t0,The article is about financial markets.,rewrite,6443,6322,121,0,38,1.0,1.0,1.0,6322,0.9187618078767621,False,1.0,False,0.18982266599778086,1.0,False,semreuse,rcv1,25000,0
31,topic:M12#t1,This news story concerns bond markets.,rewrite,25000,15332,72,9596,40,1.0,1.0,1.0,805,1.0,False,1.0,False,0.1822951250069309,1.0,False,semreuse,rcv1,25000,0
32,topic:MCAT#t2,The report covers financial markets.,rewrite,6443,6322,121,0,42,1.0,1.0,1.0,6322,0.9187618078767621,False,1.0,False,0.18567112501477823,1.0,False,semreuse,rcv1,25000,0
33,union:C13|GOBIT,The article is about the regulation of a company or an industry or about an obituary.,cold,25000,25000,0,0,44,1.0,1.0,1.0,1217,,,,,0.3129659999976866,1.0,,semreuse,rcv1,25000,0
34,union:M132|E41,The article is about foreign exchange markets or about employment or the labour market.,cold,25000,25000,0,0,46,1.0,1.0,1.0,1315,,,,,0.2585722499934491,1.0,,semreuse,rcv1,25000,0
35,topic:MCAT#t0,The article is about financial markets.,exact-hit,0,0,0,0,0,1.0,1.0,1.0,6322,0.9187618078767621,False,1.0,False,1.0791991371661425e-05,1.0,False,semreuse,rcv1,25000,0
36,topic:CCAT#t2,The report covers corporate or industrial news.,exact-hit,0,0,0,0,0,1.0,1.0,1.0,11861,0.9194573244032286,False,0.9027906584605008,False,5.333014996722341e-06,1.0,False,semreuse,rcv1,25000,0
37,topic:ECAT#t0,The article is about economics.,exact-hit,0,0,0,0,0,1.0,1.0,1.0,3737,0.9190850959173635,False,1.0,False,6.541988113895059e-06,1.0,False,semreuse,rcv1,25000,0
38,topic:ECAT#t2,The report covers economics.,exact-hit,0,0,0,0,0,1.0,1.0,1.0,3737,,,,,4.875008016824722e-06,1.0,,semreuse,rcv1,25000,0
39,topic:CCAT#t1,This news story concerns corporate or industrial news.,exact-hit,0,0,0,0,0,1.0,1.0,1.0,11861,0.9194573244032286,False,0.9027906584605008,False,5.5000127758830786e-06,1.0,False,semreuse,rcv1,25000,0
40,topic:CCAT#t0,The article is about corporate or industrial news.,exact-hit,0,0,0,0,0,1.0,1.0,1.0,11861,,,,,4.458008334040642e-06,1.0,,semreuse,rcv1,25000,0
41,topic:C41#t1,This news story concerns company management.,rewrite,25000,13139,29,11832,48,1.0,1.0,1.0,365,1.0,False,1.0,False,0.3913190829916857,1.0,False,semreuse,rcv1,25000,0
42,topic:ECAT#t2,The report covers economics.,exact-hit,0,0,0,0,0,1.0,1.0,1.0,3737,,,,,9.875016985461116e-06,1.0,,semreuse,rcv1,25000,0
43,topic:ECAT#t0,The article is about economics.,exact-hit,0,0,0,0,0,1.0,1.0,1.0,3737,0.9190850959173635,False,1.0,False,5.250010872259736e-06,1.0,False,semreuse,rcv1,25000,0
44,topic:ECAT#t0,The article is about economics.,exact-hit,0,0,0,0,0,1.0,1.0,1.0,3737,0.9190850959173635,False,1.0,False,3.4999975468963385e-06,1.0,False,semreuse,rcv1,25000,0
45,topic:E11#t2,The report covers economic performance.,rewrite,11899,9668,2231,0,50,1.0,1.0,1.0,285,0.9253246753246753,False,1.0,False,0.19062829200993292,1.0,False,semreuse,rcv1,25000,0
46,topic:E11#t1,This news story concerns economic performance.,rewrite,11899,9668,2231,0,52,1.0,1.0,1.0,285,0.9253246753246753,False,1.0,False,0.23740450001787394,1.0,False,semreuse,rcv1,25000,0
47,topic:E61#t2,The report covers housing starts.,cold,25000,25000,0,0,54,1.0,1.0,1.0,11,,,,,0.19348512499709614,1.0,,semreuse,rcv1,25000,0
48,topic:E13#t0,The article is about inflation or prices.,rewrite,24836,3537,4036,17263,56,1.0,1.0,1.0,200,1.0,False,0.915,False,0.1879431669949554,1.0,False,semreuse,rcv1,25000,0
49,topic:E132#t0,The article is about wholesale prices.,exact-hit,0,0,0,0,0,1.0,1.0,1.0,33,1.0,False,1.0,False,1.058299676515162e-05,1.0,False,semreuse,rcv1,25000,0
50,topic:E13#t2,The report covers inflation or prices.,rewrite,24836,3537,4036,17263,58,1.0,1.0,1.0,200,1.0,False,0.915,False,0.2987294170015957,1.0,False,semreuse,rcv1,25000,0
51,topic:E61#t1,This news story concerns housing starts.,rewrite,25000,0,0,25000,60,1.0,1.0,1.0,11,1.0,False,1.0,False,0.3011884169827681,1.0,False,semreuse,rcv1,25000,0
52,union:GSPO|E121,The article is about sport or about the money supply.,exact-hit,0,0,0,0,0,1.0,1.0,1.0,1173,,,,,2.737497561611235e-05,1.0,,semreuse,rcv1,25000,0
53,topic:E11#t1,This news story concerns economic performance.,exact-hit,0,0,0,0,0,1.0,1.0,1.0,285,0.9253246753246753,False,1.0,False,1.4500023098662496e-05,1.0,False,semreuse,rcv1,25000,0
54,topic:MCAT#t0,The article is about financial markets.,exact-hit,0,0,0,0,0,1.0,1.0,1.0,6322,0.9187618078767621,False,1.0,False,1.504199462942779e-05,1.0,False,semreuse,rcv1,25000,0
55,union:GVOTE|C174,The article is about an election or about a credit rating.,rewrite,25000,17153,117,7730,62,1.0,1.0,1.0,547,1.0,False,1.0,False,0.20216370801790617,1.0,False,semreuse,rcv1,25000,0
56,topic:CCAT#t2,The report covers corporate or industrial news.,exact-hit,0,0,0,0,0,1.0,1.0,1.0,11861,0.9194573244032286,False,0.9027906584605008,False,1.837499439716339e-05,1.0,False,semreuse,rcv1,25000,0
57,topic:ECAT#t0,The article is about economics.,exact-hit,0,0,0,0,0,1.0,1.0,1.0,3737,0.9190850959173635,False,1.0,False,5.250010872259736e-06,1.0,False,semreuse,rcv1,25000,0
58,topic:E11#t0,The article is about economic performance.,rewrite,11899,9668,2231,0,64,1.0,1.0,1.0,285,0.9253246753246753,False,1.0,False,0.33756883299793117,1.0,False,semreuse,rcv1,25000,0
59,topic:E11#t1,This news story concerns economic performance.,exact-hit,0,0,0,0,0,1.0,1.0,1.0,285,0.9253246753246753,False,1.0,False,1.1625001206994057e-05,1.0,False,semreuse,rcv1,25000,0
60,union:GVOTE|C174,The article is about an election or about a credit rating.,exact-hit,0,0,0,0,0,1.0,1.0,1.0,547,1.0,False,1.0,False,5.999987479299307e-06,1.0,False,semreuse,rcv1,25000,0
61,topic:E21#t0,The article is about government finance.,rewrite,2170,1387,783,0,66,1.0,1.0,1.0,1387,0.919761273209549,False,1.0,False,0.42310133401770145,1.0,False,semreuse,rcv1,25000,0
62,topic:ECAT#t2,The report covers economics.,exact-hit,0,0,0,0,0,1.0,1.0,1.0,3737,,,,,1.333298860117793e-05,1.0,,semreuse,rcv1,25000,0
63,topic:E51#t1,This news story concerns trade or foreign reserves.,cold,25000,25000,0,0,68,1.0,1.0,1.0,674,,,,,0.3361499170132447,1.0,,semreuse,rcv1,25000,0
64,topic:MCAT#t0,The article is about financial markets.,exact-hit,0,0,0,0,0,1.0,1.0,1.0,6322,0.9187618078767621,False,1.0,False,8.625007467344403e-06,1.0,False,semreuse,rcv1,25000,0
65,union:CCAT|E212,The article is about corporate or industrial news or about government borrowing.,rewrite,13178,10268,117,2793,70,1.0,1.0,1.0,12586,1.0,False,0.9062450341649452,False,0.22190920799039304,1.0,False,semreuse,rcv1,25000,0
66,topic:M12#t2,The report covers bond markets.,rewrite,9979,8863,1116,0,72,1.0,1.0,1.0,805,0.9218158890290038,False,0.9080745341614906,False,0.25436991700553335,1.0,False,semreuse,rcv1,25000,0
67,topic:ECAT#t2,The report covers economics.,exact-hit,0,0,0,0,0,1.0,1.0,1.0,3737,,,,,1.2125005014240742e-05,1.0,,semreuse,rcv1,25000,0
68,topic:GCAT#t2,The report covers government or social affairs.,exact-hit,0,0,0,0,0,1.0,1.0,1.0,7451,,,,,7.583992555737495e-06,1.0,,semreuse,rcv1,25000,0
69,union:GODD|C23,The article is about a human interest story or about research and development.,cold,25000,25000,0,0,74,1.0,1.0,1.0,168,,,,,0.31295195798156783,1.0,,semreuse,rcv1,25000,0
70,topic:GCAT#t0,The article is about government or social affairs.,exact-hit,0,0,0,0,0,1.0,1.0,1.0,7451,0.9190001365933615,False,0.9029660448261978,False,1.5792000340297818e-05,1.0,False,semreuse,rcv1,25000,0
71,topic:GSCI#t1,This news story concerns science or technology.,cold,25000,25000,0,0,76,1.0,1.0,1.0,64,,,,,0.21600133398897015,1.0,,semreuse,rcv1,25000,0
72,topic:GCAT#t1,This news story concerns government or social affairs.,exact-hit,0,0,0,0,0,1.0,1.0,1.0,7451,0.9190001365933615,False,0.9029660448261978,False,9.458977729082108e-06,1.0,False,semreuse,rcv1,25000,0
73,topic:GTOUR#t1,This news story concerns travel or tourism.,cold,25000,25000,0,0,78,1.0,1.0,1.0,18,,,,,0.1094147500116378,1.0,,semreuse,rcv1,25000,0
74,topic:GTOUR#t0,The article is about travel or tourism.,rewrite,25000,0,4000,21000,80,1.0,1.0,1.0,18,1.0,False,1.0,False,0.4106127500126604,1.0,False,semreuse,rcv1,25000,0
75,topic:GTOUR#t2,The report covers travel or tourism.,rewrite,25000,0,4000,21000,82,1.0,1.0,1.0,18,1.0,False,1.0,False,0.41964204199030064,1.0,False,semreuse,rcv1,25000,0
76,topic:GTOUR#t0,The article is about travel or tourism.,exact-hit,0,0,0,0,0,1.0,1.0,1.0,18,1.0,False,1.0,False,3.22920095641166e-05,1.0,False,semreuse,rcv1,25000,0
77,topic:GTOUR#t2,The report covers travel or tourism.,exact-hit,0,0,0,0,0,1.0,1.0,1.0,18,1.0,False,1.0,False,1.387501833960414e-05,1.0,False,semreuse,rcv1,25000,0
78,topic:GCAT#t0,The article is about government or social affairs.,exact-hit,0,0,0,0,0,1.0,1.0,1.0,7451,0.9190001365933615,False,0.9029660448261978,False,2.025000867433846e-05,1.0,False,semreuse,rcv1,25000,0
79,topic:GCAT#t0,The article is about government or social affairs.,exact-hit,0,0,0,0,0,1.0,1.0,1.0,7451,0.9190001365933615,False,0.9029660448261978,False,1.824999344535172e-05,1.0,False,semreuse,rcv1,25000,0
80,topic:GWEA#t0,The article is about the weather.,cold,25000,25000,0,0,84,1.0,1.0,1.0,123,,,,,0.29757300001801923,1.0,,semreuse,rcv1,25000,0
81,topic:GJOB#t2,The report covers labour issues.,rewrite,25000,261,4000,20739,86,1.0,1.0,1.0,534,1.0,False,1.0,False,0.29415566599345766,1.0,False,semreuse,rcv1,25000,0
82,union:C152|GWEA,The article is about commentary or forecasts about a company's results or about the weather.,rewrite,24906,24877,29,0,88,1.0,1.0,1.0,2378,1.0,False,0.9957947855340622,False,0.4443407909711823,1.0,False,semreuse,rcv1,25000,0
83,union:GCRIM|E31,The article is about crime or law enforcement or about economic output or capacity.,rewrite,25000,21263,29,3708,90,1.0,1.0,1.0,1092,1.0,False,1.0,False,0.3208937080053147,1.0,False,semreuse,rcv1,25000,0
84,topic:GENT#t2,"The report covers arts, culture or entertainment.",cold,25000,25000,0,0,92,1.0,1.0,1.0,111,,,,,0.2580527910031378,1.0,,semreuse,rcv1,25000,0
85,topic:GDIS#t0,The article is about a disaster or an accident.,cold,25000,25000,0,0,94,1.0,1.0,1.0,250,,,,,0.4797999160073232,1.0,,semreuse,rcv1,25000,0
86,topic:GENT#t0,"The article is about arts, culture or entertainment.",rewrite,24925,0,4036,20889,96,1.0,1.0,1.0,111,1.0,False,0.9279279279279279,False,0.25310487500973977,1.0,False,semreuse,rcv1,25000,0
87,topic:GJOB#t0,The article is about labour issues.,rewrite,3222,1315,1907,0,98,1.0,0.9644194756554307,0.9818875119161106,534,0.9229390681003584,False,1.0,False,0.25337987500824966,0.9644194756554307,False,semreuse,rcv1,25000,0
88,topic:GSPO#t2,The report covers sport.,rewrite,2070,1173,897,0,100,1.0,1.0,1.0,1101,0.9205685618729097,False,1.0,False,0.2567128750088159,1.0,False,semreuse,rcv1,25000,0
89,union:CCAT|E212,The article is about corporate or industrial news or about government borrowing.,exact-hit,0,0,0,0,0,1.0,1.0,1.0,12586,1.0,False,0.9062450341649452,False,2.2541993530467153e-05,1.0,False,semreuse,rcv1,25000,0
90,topic:CCAT#t0,The article is about corporate or industrial news.,exact-hit,0,0,0,0,0,1.0,1.0,1.0,11861,,,,,7.499998901039362e-06,1.0,,semreuse,rcv1,25000,0
91,topic:CCAT#t2,The report covers corporate or industrial news.,exact-hit,0,0,0,0,0,1.0,1.0,1.0,11861,0.9194573244032286,False,0.9027906584605008,False,5.542009603232145e-06,1.0,False,semreuse,rcv1,25000,0
92,topic:CCAT#t1,This news story concerns corporate or industrial news.,exact-hit,0,0,0,0,0,1.0,1.0,1.0,11861,0.9194573244032286,False,0.9027906584605008,False,5.332985892891884e-06,1.0,False,semreuse,rcv1,25000,0
93,topic:CCAT#t2,The report covers corporate or industrial news.,exact-hit,0,0,0,0,0,1.0,1.0,1.0,11861,0.9194573244032286,False,0.9027906584605008,False,4.583009285852313e-06,1.0,False,semreuse,rcv1,25000,0
94,topic:C31#t2,The report covers markets or marketing.,rewrite,25000,805,0,24195,102,1.0,1.0,1.0,1303,1.0,False,1.0,False,0.2221756670041941,1.0,False,semreuse,rcv1,25000,0
95,topic:C18#t0,The article is about a change in the ownership of a company.,rewrite,25000,13139,29,11832,104,1.0,1.0,1.0,1651,1.0,False,1.0,False,0.22507487499387935,1.0,False,semreuse,rcv1,25000,0
96,topic:C18#t0,The article is about a change in the ownership of a company.,exact-hit,0,0,0,0,0,1.0,1.0,1.0,1651,1.0,False,1.0,False,2.462498378008604e-05,1.0,False,semreuse,rcv1,25000,0
97,topic:C182#t2,The report covers a transfer of assets.,rewrite,25000,0,0,25000,106,1.0,1.0,1.0,134,1.0,False,1.0,False,0.19488529200316407,1.0,False,semreuse,rcv1,25000,0
98,topic:C182#t1,This news story concerns a transfer of assets.,rewrite,25000,134,4000,20866,108,1.0,1.0,1.0,134,1.0,False,1.0,False,0.5371894580021035,1.0,False,semreuse,rcv1,25000,0
99,topic:C181#t0,The article is about a merger or an acquisition.,rewrite,25000,12873,72,12055,110,1.0,1.0,1.0,1377,1.0,False,1.0,False,0.23064150000573136,1.0,False,semreuse,rcv1,25000,0
100,union:C181|GTOUR,The article is about a merger or an acquisition or about travel or tourism.,rewrite,23659,23605,36,18,112,1.0,1.0,1.0,1395,1.0,False,0.9053763440860215,False,0.4529827919905074,1.0,False,semreuse,rcv1,25000,0
101,topic:CCAT#t0,The article is about corporate or industrial news.,exact-hit,0,0,0,0,0,1.0,1.0,1.0,11861,,,,,2.4832988856360316e-05,1.0,,semreuse,rcv1,25000,0
102,topic:MCAT#t0,The article is about financial markets.,exact-hit,0,0,0,0,0,1.0,1.0,1.0,6322,0.9187618078767621,False,1.0,False,1.1208991054445505e-05,1.0,False,semreuse,rcv1,25000,0
103,topic:ECAT#t1,This news story concerns economics.,exact-hit,0,0,0,0,0,1.0,1.0,1.0,3737,0.9193111931119311,False,1.0,False,1.0166986612603068e-05,1.0,False,semreuse,rcv1,25000,0
104,topic:ECAT#t2,The report covers economics.,exact-hit,0,0,0,0,0,1.0,1.0,1.0,3737,,,,,7.791008101776242e-06,1.0,,semreuse,rcv1,25000,0
105,topic:CCAT#t1,This news story concerns corporate or industrial news.,exact-hit,0,0,0,0,0,1.0,1.0,1.0,11861,0.9194573244032286,False,0.9027906584605008,False,8.542003342881799e-06,1.0,False,semreuse,rcv1,25000,0
106,topic:CCAT#t2,The report covers corporate or industrial news.,exact-hit,0,0,0,0,0,1.0,1.0,1.0,11861,0.9194573244032286,False,0.9027906584605008,False,7.041002390906215e-06,1.0,False,semreuse,rcv1,25000,0
107,topic:CCAT#t1,This news story concerns corporate or industrial news.,exact-hit,0,0,0,0,0,1.0,1.0,1.0,11861,0.9194573244032286,False,0.9027906584605008,False,5.66698145121336e-06,1.0,False,semreuse,rcv1,25000,0
108,topic:C23#t2,The report covers research and development.,cold,25000,25000,0,0,114,1.0,1.0,1.0,85,,,,,0.20539920800365508,1.0,,semreuse,rcv1,25000,0
109,topic:C24#t1,This news story concerns production capacity or facilities.,rewrite,12669,11659,678,332,116,1.0,1.0,1.0,993,0.9202965708989805,False,1.0,False,0.22487662499770522,1.0,False,semreuse,rcv1,25000,0
110,topic:C41#t0,The article is about company management.,rewrite,13481,11496,1985,0,118,1.0,1.0,1.0,365,0.924791086350975,False,0.9095890410958904,False,0.26838116699946113,1.0,False,semreuse,rcv1,25000,0
111,topic:GCAT#t1,This news story concerns government or social affairs.,exact-hit,0,0,0,0,0,1.0,1.0,1.0,7451,0.9190001365933615,False,0.9029660448261978,False,1.7833022866398096e-05,1.0,False,semreuse,rcv1,25000,0
112,topic:GVOTE#t0,The article is about an election.,rewrite,3202,547,2655,0,120,1.0,1.0,1.0,382,0.9227053140096618,False,1.0,False,0.3566095839778427,1.0,False,semreuse,rcv1,25000,0
113,topic:GVOTE#t2,The report covers an election.,rewrite,3855,0,3855,0,122,1.0,1.0,1.0,382,0.9253333333333333,False,0.9083769633507853,False,0.2770948329998646,1.0,False,semreuse,rcv1,25000,0
114,topic:GCAT#t1,This news story concerns government or social affairs.,exact-hit,0,0,0,0,0,1.0,1.0,1.0,7451,0.9190001365933615,False,0.9029660448261978,False,2.0292005501687527e-05,1.0,False,semreuse,rcv1,25000,0
115,topic:GWELF#t0,The article is about welfare or social services.,rewrite,25000,0,4036,20964,124,1.0,1.0,1.0,63,1.0,False,1.0,False,0.31022187499911524,1.0,False,semreuse,rcv1,25000,0
116,topic:GPRO#t1,This news story concerns a biography or a profile of a person.,rewrite,25000,0,0,25000,126,1.0,1.0,1.0,180,1.0,False,1.0,False,0.6182157079747412,1.0,False,semreuse,rcv1,25000,0
117,topic:GCAT#t0,The article is about government or social affairs.,exact-hit,0,0,0,0,0,1.0,1.0,1.0,7451,0.9190001365933615,False,0.9029660448261978,False,1.7875019693747163e-05,1.0,False,semreuse,rcv1,25000,0
118,union:C13|GOBIT,The article is about the regulation of a company or an industry or about an obituary.,exact-hit,0,0,0,0,0,1.0,1.0,1.0,1217,,,,,1.233298098668456e-05,1.0,,semreuse,rcv1,25000,0
119,union:GWELF|C1511,The article is about welfare or social services or about a company's annual results.,rewrite,24973,17549,72,7352,128,1.0,1.0,1.0,794,1.0,False,0.9949622166246851,False,0.416346790996613,1.0,False,semreuse,rcv1,25000,0
0,topic:MCAT#t1,This news story concerns financial markets.,cold,25000,25000,0,0,0,1.0,1.0,1.0,6322,,,,,0.0002262909838464111,1.0,,semreuse-gt,rcv1,25000,0
1,topic:M11#t0,The article is about equity markets.,rewrite,6855,6322,533,0,0,1.0,1.0,1.0,1450,0.9200507614213198,False,1.0,False,0.0031411249947268516,1.0,False,semreuse-gt,rcv1,25000,0
2,topic:GCAT#t2,The report covers government or social affairs.,cold,25000,25000,0,0,0,1.0,1.0,1.0,7451,,,,,0.00028208299772813916,1.0,,semreuse-gt,rcv1,25000,0
3,topic:GCAT#t1,This news story concerns government or social affairs.,rewrite,163,0,163,0,0,1.0,1.0,1.0,7451,0.9190001365933615,False,0.9029660448261978,False,0.0038141249970067292,1.0,False,semreuse-gt,rcv1,25000,0
4,topic:GCAT#t0,The article is about government or social affairs.,rewrite,163,0,163,0,0,1.0,1.0,1.0,7451,0.9190001365933615,False,0.9029660448261978,False,0.0037531660054810345,1.0,False,semreuse-gt,rcv1,25000,0
5,union:GSPO|E121,The article is about sport or about the money supply.,rewrite,23600,23550,50,0,0,1.0,1.0,1.0,1173,0.9207221350078493,False,1.0,False,0.002052916999673471,1.0,False,semreuse-gt,rcv1,25000,0
6,topic:GCAT#t2,The report covers government or social affairs.,exact-hit,0,0,0,0,0,1.0,1.0,1.0,7451,,,,,1.0499992640689015e-05,1.0,,semreuse-gt,rcv1,25000,0
7,topic:CCAT#t0,The article is about corporate or industrial news.,cold,25000,25000,0,0,0,1.0,1.0,1.0,11861,,,,,0.00036387500585988164,1.0,,semreuse-gt,rcv1,25000,0
8,topic:C22#t1,This news story concerns a new product or a new service.,rewrite,15052,11849,3203,0,0,1.0,1.0,1.0,189,0.9310344827586207,False,1.0,False,0.0028859159792773426,1.0,False,semreuse-gt,rcv1,25000,0
9,topic:CCAT#t1,This news story concerns corporate or industrial news.,rewrite,95,0,95,0,0,1.0,1.0,1.0,11861,0.9194573244032286,False,0.9027906584605008,False,0.003688374999910593,1.0,False,semreuse-gt,rcv1,25000,0
10,topic:CCAT#t2,The report covers corporate or industrial news.,rewrite,95,0,95,0,0,1.0,1.0,1.0,11861,0.9194573244032286,False,0.9027906584605008,False,0.0037242080143187195,1.0,False,semreuse-gt,rcv1,25000,0
11,topic:ECAT#t2,The report covers economics.,cold,25000,25000,0,0,0,1.0,1.0,1.0,3737,,,,,0.0004693749942816794,1.0,,semreuse-gt,rcv1,25000,0
12,topic:ECAT#t2,The report covers economics.,exact-hit,0,0,0,0,0,1.0,1.0,1.0,3737,,,,,6.166985258460045e-06,1.0,,semreuse-gt,rcv1,25000,0
13,topic:ECAT#t1,This news story concerns economics.,rewrite,345,0,345,0,0,1.0,1.0,1.0,3737,0.9191176470588235,False,0.9031308536259032,False,0.00387370798853226,1.0,False,semreuse-gt,rcv1,25000,0
14,topic:E21#t1,This news story concerns government finance.,rewrite,4421,3664,757,0,0,1.0,1.0,1.0,1387,0.920371599203716,False,1.0,False,0.0033713750017341226,1.0,False,semreuse-gt,rcv1,25000,0
15,topic:CCAT#t2,The report covers corporate or industrial news.,exact-hit,0,0,0,0,0,1.0,1.0,1.0,11861,0.9194573244032286,False,0.9027906584605008,False,1.3040989870205522e-05,1.0,False,semreuse-gt,rcv1,25000,0
16,topic:CCAT#t0,The article is about corporate or industrial news.,exact-hit,0,0,0,0,0,1.0,1.0,1.0,11861,,,,,6.167014362290502e-06,1.0,,semreuse-gt,rcv1,25000,0
17,topic:C16#t2,The report covers corporate insolvency or a liquidity problem.,rewrite,24992,10715,4000,10277,0,1.0,1.0,1.0,72,0.9113924050632911,False,1.0,False,0.004262041999027133,1.0,False,semreuse-gt,rcv1,25000,0
18,topic:ECAT#t0,The article is about economics.,rewrite,393,0,393,0,0,1.0,1.0,1.0,3737,0.9190515126737531,False,0.9023280706449023,False,0.004141332989092916,1.0,False,semreuse-gt,rcv1,25000,0
19,topic:E13#t1,This news story concerns inflation or prices.,rewrite,7723,3723,4000,0,0,1.0,1.0,1.0,200,0.9049773755656109,False,1.0,False,0.0034305000153835863,1.0,False,semreuse-gt,rcv1,25000,0
20,topic:E132#t2,The report covers wholesale prices.,rewrite,24999,193,4000,20806,0,1.0,1.0,1.0,33,0.9705882352941176,False,1.0,False,0.0032645000028423965,1.0,False,semreuse-gt,rcv1,25000,0
21,topic:E131#t2,The report covers consumer prices.,rewrite,25000,200,4000,20800,0,1.0,1.0,1.0,168,1.0,False,1.0,False,0.003014875022927299,1.0,False,semreuse-gt,rcv1,25000,0
22,topic:E132#t0,The article is about wholesale prices.,rewrite,25000,0,4000,21000,0,1.0,1.0,1.0,33,1.0,False,1.0,False,0.0022609999869018793,1.0,False,semreuse-gt,rcv1,25000,0
23,topic:ECAT#t1,This news story concerns economics.,exact-hit,0,0,0,0,0,1.0,1.0,1.0,3737,0.9191176470588235,False,0.9031308536259032,False,1.575000351294875e-05,1.0,False,semreuse-gt,rcv1,25000,0
24,topic:E131#t2,The report covers consumer prices.,exact-hit,0,0,0,0,0,1.0,1.0,1.0,168,1.0,False,1.0,False,5.707988748326898e-06,1.0,False,semreuse-gt,rcv1,25000,0
25,topic:CCAT#t0,The article is about corporate or industrial news.,exact-hit,0,0,0,0,0,1.0,1.0,1.0,11861,,,,,7.875001756474376e-06,1.0,,semreuse-gt,rcv1,25000,0
26,topic:CCAT#t1,This news story concerns corporate or industrial news.,exact-hit,0,0,0,0,0,1.0,1.0,1.0,11861,0.9194573244032286,False,0.9027906584605008,False,4.916975740343332e-06,1.0,False,semreuse-gt,rcv1,25000,0
27,topic:ECAT#t1,This news story concerns economics.,exact-hit,0,0,0,0,0,1.0,1.0,1.0,3737,0.9191176470588235,False,0.9031308536259032,False,5.792011506855488e-06,1.0,False,semreuse-gt,rcv1,25000,0
28,topic:CCAT#t1,This news story concerns corporate or industrial news.,exact-hit,0,0,0,0,0,1.0,1.0,1.0,11861,0.9194573244032286,False,0.9027906584605008,False,6.083020707592368e-06,1.0,False,semreuse-gt,rcv1,25000,0
29,topic:CCAT#t1,This news story concerns corporate or industrial news.,exact-hit,0,0,0,0,0,1.0,1.0,1.0,11861,0.9194573244032286,False,0.9027906584605008,False,5.707988748326898e-06,1.0,False,semreuse-gt,rcv1,25000,0
30,topic:MCAT#t0,The article is about financial markets.,rewrite,244,0,244,0,0,1.0,1.0,1.0,6322,0.919071417056263,False,0.9017715912685859,False,0.004776665999088436,1.0,False,semreuse-gt,rcv1,25000,0
31,topic:M12#t1,This news story concerns bond markets.,rewrite,7548,6299,1249,0,0,1.0,1.0,1.0,805,0.9210526315789473,False,1.0,False,0.006764499994460493,1.0,False,semreuse-gt,rcv1,25000,0
32,topic:MCAT#t2,The report covers financial markets.,rewrite,244,0,244,0,0,1.0,1.0,1.0,6322,0.919071417056263,False,0.9017715912685859,False,0.008392833988182247,1.0,False,semreuse-gt,rcv1,25000,0
33,union:C13|GOBIT,The article is about the regulation of a company or an industry or about an obituary.,rewrite,24987,24967,20,0,0,1.0,1.0,1.0,1217,0.9975409836065574,False,1.0,False,0.0016374999831896275,1.0,False,semreuse-gt,rcv1,25000,0
34,union:M132|E41,The article is about foreign exchange markets or about employment or the labour market.,rewrite,23684,23638,46,0,0,1.0,1.0,1.0,1315,0.9202239328201539,False,1.0,False,0.002279624983202666,1.0,False,semreuse-gt,rcv1,25000,0
35,topic:MCAT#t0,The article is about financial markets.,exact-hit,0,0,0,0,0,1.0,1.0,1.0,6322,0.919071417056263,False,0.9017715912685859,False,1.1791998986154795e-05,1.0,False,semreuse-gt,rcv1,25000,0
36,topic:CCAT#t2,The report covers corporate or industrial news.,exact-hit,0,0,0,0,0,1.0,1.0,1.0,11861,0.9194573244032286,False,0.9027906584605008,False,5.749985575675964e-06,1.0,False,semreuse-gt,rcv1,25000,0
37,topic:ECAT#t0,The article is about economics.,exact-hit,0,0,0,0,0,1.0,1.0,1.0,3737,0.9190515126737531,False,0.9023280706449023,False,4.875008016824722e-06,1.0,False,semreuse-gt,rcv1,25000,0
38,topic:ECAT#t2,The report covers economics.,exact-hit,0,0,0,0,0,1.0,1.0,1.0,3737,,,,,5.0419766921550035e-06,1.0,,semreuse-gt,rcv1,25000,0
39,topic:CCAT#t1,This news story concerns corporate or industrial news.,exact-hit,0,0,0,0,0,1.0,1.0,1.0,11861,0.9194573244032286,False,0.9027906584605008,False,5.04200579598546e-06,1.0,False,semreuse-gt,rcv1,25000,0
40,topic:CCAT#t0,The article is about corporate or industrial news.,exact-hit,0,0,0,0,0,1.0,1.0,1.0,11861,,,,,5.0000089686363935e-06,1.0,,semreuse-gt,rcv1,25000,0
41,topic:C41#t1,This news story concerns company management.,rewrite,13514,11387,2127,0,0,1.0,1.0,1.0,365,0.9263959390862944,False,1.0,False,0.0038817080203443766,1.0,False,semreuse-gt,rcv1,25000,0
42,topic:ECAT#t2,The report covers economics.,exact-hit,0,0,0,0,0,1.0,1.0,1.0,3737,,,,,1.812499249354005e-05,1.0,,semreuse-gt,rcv1,25000,0
43,topic:ECAT#t0,The article is about economics.,exact-hit,0,0,0,0,0,1.0,1.0,1.0,3737,0.9190515126737531,False,0.9023280706449023,False,5.874986527487636e-06,1.0,False,semreuse-gt,rcv1,25000,0
44,topic:ECAT#t0,The article is about economics.,exact-hit,0,0,0,0,0,1.0,1.0,1.0,3737,0.9190515126737531,False,0.9023280706449023,False,3.7919962778687477e-06,1.0,False,semreuse-gt,rcv1,25000,0
45,topic:E11#t2,The report covers economic performance.,rewrite,7568,3697,3871,0,0,1.0,1.0,1.0,285,0.9283387622149837,False,1.0,False,0.0039638330054003745,1.0,False,semreuse-gt,rcv1,25000,0
46,topic:E11#t1,This news story concerns economic performance.,rewrite,4036,0,4036,0,0,1.0,1.0,1.0,285,0.9055944055944056,False,0.9087719298245615,False,0.004385415988508612,1.0,False,semreuse-gt,rcv1,25000,0
47,topic:E61#t2,The report covers housing starts.,rewrite,25000,1935,0,23065,0,1.0,1.0,1.0,11,1.0,False,1.0,False,0.0016093339945655316,1.0,False,semreuse-gt,rcv1,25000,0
48,topic:E13#t0,The article is about inflation or prices.,rewrite,24875,0,4042,20833,0,1.0,1.0,1.0,200,1.0,False,0.93,False,0.0036838749947492033,1.0,False,semreuse-gt,rcv1,25000,0
49,topic:E132#t0,The article is about wholesale prices.,exact-hit,0,0,0,0,0,1.0,1.0,1.0,33,1.0,False,1.0,False,1.2165983207523823e-05,1.0,False,semreuse-gt,rcv1,25000,0
50,topic:E13#t2,The report covers inflation or prices.,rewrite,24875,0,4042,20833,0,1.0,1.0,1.0,200,1.0,False,0.93,False,0.0036167079815641046,1.0,False,semreuse-gt,rcv1,25000,0
51,topic:E61#t1,This news story concerns housing starts.,rewrite,25000,0,0,25000,0,1.0,1.0,1.0,11,1.0,False,1.0,False,0.0017370420100633055,1.0,False,semreuse-gt,rcv1,25000,0
52,union:GSPO|E121,The article is about sport or about the money supply.,exact-hit,0,0,0,0,0,1.0,1.0,1.0,1173,0.9207221350078493,False,1.0,False,1.200000406242907e-05,1.0,False,semreuse-gt,rcv1,25000,0
53,topic:E11#t1,This news story concerns economic performance.,exact-hit,0,0,0,0,0,1.0,1.0,1.0,285,0.9055944055944056,False,0.9087719298245615,False,5.6670105550438166e-06,1.0,False,semreuse-gt,rcv1,25000,0
54,topic:MCAT#t0,The article is about financial markets.,exact-hit,0,0,0,0,0,1.0,1.0,1.0,6322,0.919071417056263,False,0.9017715912685859,False,4.91601531393826e-06,1.0,False,semreuse-gt,rcv1,25000,0
55,union:GVOTE|C174,The article is about an election or about a credit rating.,rewrite,23345,23160,185,0,0,1.0,1.0,1.0,547,0.9224283305227656,False,1.0,False,0.003063749987632036,1.0,False,semreuse-gt,rcv1,25000,0
56,topic:CCAT#t2,The report covers corporate or industrial news.,exact-hit,0,0,0,0,0,1.0,1.0,1.0,11861,0.9194573244032286,False,0.9027906584605008,False,1.2959004379808903e-05,1.0,False,semreuse-gt,rcv1,25000,0
57,topic:ECAT#t0,The article is about economics.,exact-hit,0,0,0,0,0,1.0,1.0,1.0,3737,0.9190515126737531,False,0.9023280706449023,False,5.457986844703555e-06,1.0,False,semreuse-gt,rcv1,25000,0
58,topic:E11#t0,The article is about economic performance.,rewrite,4036,0,4036,0,0,1.0,1.0,1.0,285,0.9055944055944056,False,0.9087719298245615,False,0.004556542000500485,1.0,False,semreuse-gt,rcv1,25000,0
59,topic:E11#t1,This news story concerns economic performance.,exact-hit,0,0,0,0,0,1.0,1.0,1.0,285,0.9055944055944056,False,0.9087719298245615,False,1.0332994861528277e-05,1.0,False,semreuse-gt,rcv1,25000,0
60,union:GVOTE|C174,The article is about an election or about a credit rating.,exact-hit,0,0,0,0,0,1.0,1.0,1.0,547,0.9224283305227656,False,1.0,False,4.583009285852313e-06,1.0,False,semreuse-gt,rcv1,25000,0
61,topic:E21#t0,The article is about government finance.,rewrite,1048,0,1048,0,0,1.0,1.0,1.0,1387,0.9200293470286134,False,0.9041095890410958,False,0.004780124989338219,1.0,False,semreuse-gt,rcv1,25000,0
62,topic:ECAT#t2,The report covers economics.,exact-hit,0,0,0,0,0,1.0,1.0,1.0,3737,,,,,1.3874989235773683e-05,1.0,,semreuse-gt,rcv1,25000,0
63,topic:E51#t1,This news story concerns trade or foreign reserves.,rewrite,5430,3673,1757,0,0,1.0,1.0,1.0,674,0.9220246238030095,False,1.0,False,0.004111791989998892,1.0,False,semreuse-gt,rcv1,25000,0
64,topic:MCAT#t0,The article is about financial markets.,exact-hit,0,0,0,0,0,1.0,1.0,1.0,6322,0.919071417056263,False,0.9017715912685859,False,1.7041980754584074e-05,1.0,False,semreuse-gt,rcv1,25000,0
65,union:CCAT|E212,The article is about corporate or industrial news or about government borrowing.,rewrite,13256,13139,117,0,0,1.0,1.0,1.0,12586,1.0,False,0.906642300969331,False,0.002924832981079817,1.0,False,semreuse-gt,rcv1,25000,0
66,topic:M12#t2,The report covers bond markets.,rewrite,1822,0,1822,0,0,1.0,1.0,1.0,805,0.9216182048040455,False,0.9055900621118013,False,0.004546707990812138,1.0,False,semreuse-gt,rcv1,25000,0
67,topic:ECAT#t2,The report covers economics.,exact-hit,0,0,0,0,0,1.0,1.0,1.0,3737,,,,,1.0584015399217606e-05,1.0,,semreuse-gt,rcv1,25000,0
68,topic:GCAT#t2,The report covers government or social affairs.,exact-hit,0,0,0,0,0,1.0,1.0,1.0,7451,,,,,5.458015948534012e-06,1.0,,semreuse-gt,rcv1,25000,0
69,union:GODD|C23,The article is about a human interest story or about research and development.,rewrite,20081,17461,2620,0,0,1.0,1.0,1.0,168,0.9333333333333333,False,1.0,False,0.0037829170178156346,1.0,False,semreuse-gt,rcv1,25000,0
70,topic:GCAT#t0,The article is about government or social affairs.,exact-hit,0,0,0,0,0,1.0,1.0,1.0,7451,0.9190001365933615,False,0.9029660448261978,False,1.5416997484862804e-05,1.0,False,semreuse-gt,rcv1,25000,0
71,topic:GSCI#t1,This news story concerns science or technology.,rewrite,24995,5731,4000,15264,0,1.0,1.0,1.0,64,0.927536231884058,False,1.0,False,0.005700374982552603,1.0,False,semreuse-gt,rcv1,25000,0
72,topic:GCAT#t1,This news story concerns government or social affairs.,exact-hit,0,0,0,0,0,1.0,1.0,1.0,7451,0.9190001365933615,False,0.9029660448261978,False,1.4541001291945577e-05,1.0,False,semreuse-gt,rcv1,25000,0
73,topic:GTOUR#t1,This news story concerns travel or tourism.,rewrite,25000,6003,4000,14997,0,1.0,1.0,1.0,18,1.0,False,1.0,False,0.0051488330063875765,1.0,False,semreuse-gt,rcv1,25000,0
74,topic:GTOUR#t0,The article is about travel or tourism.,rewrite,25000,0,4000,21000,0,1.0,1.0,1.0,18,1.0,False,1.0,False,0.003684750001411885,1.0,False,semreuse-gt,rcv1,25000,0
75,topic:GTOUR#t2,The report covers travel or tourism.,rewrite,25000,0,4000,21000,0,1.0,1.0,1.0,18,1.0,False,1.0,False,0.0038108750013634562,1.0,False,semreuse-gt,rcv1,25000,0
76,topic:GTOUR#t0,The article is about travel or tourism.,exact-hit,0,0,0,0,0,1.0,1.0,1.0,18,1.0,False,1.0,False,1.0124989785254002e-05,1.0,False,semreuse-gt,rcv1,25000,0
77,topic:GTOUR#t2,The report covers travel or tourism.,exact-hit,0,0,0,0,0,1.0,1.0,1.0,18,1.0,False,1.0,False,4.125002305954695e-06,1.0,False,semreuse-gt,rcv1,25000,0
78,topic:GCAT#t0,The article is about government or social affairs.,exact-hit,0,0,0,0,0,1.0,1.0,1.0,7451,0.9190001365933615,False,0.9029660448261978,False,4.792003892362118e-06,1.0,False,semreuse-gt,rcv1,25000,0
79,topic:GCAT#t0,The article is about government or social affairs.,exact-hit,0,0,0,0,0,1.0,1.0,1.0,7451,0.9190001365933615,False,0.9029660448261978,False,3.583991201594472e-06,1.0,False,semreuse-gt,rcv1,25000,0
80,topic:GWEA#t0,The article is about the weather.,rewrite,24992,6663,4000,14329,0,1.0,1.0,1.0,123,0.9389312977099237,False,1.0,False,0.005092915991554037,1.0,False,semreuse-gt,rcv1,25000,0
81,topic:GJOB#t2,The report covers labour issues.,rewrite,9072,7118,1954,0,0,1.0,1.0,1.0,534,0.9238754325259516,False,1.0,False,0.0042117089906241745,1.0,False,semreuse-gt,rcv1,25000,0
82,union:C152|GWEA,The article is about commentary or forecasts about a company's results or about the weather.,rewrite,23280,23203,77,0,0,1.0,1.0,1.0,2378,0.9199689199689199,False,0.9957947855340622,False,0.050035958003718406,1.0,False,semreuse-gt,rcv1,25000,0
83,union:GCRIM|E31,The article is about crime or law enforcement or about economic output or capacity.,rewrite,24679,24659,20,0,0,1.0,1.0,1.0,1092,0.9413793103448276,False,1.0,False,0.003052457992453128,1.0,False,semreuse-gt,rcv1,25000,0
84,topic:GENT#t2,"The report covers arts, culture or entertainment.",rewrite,24981,7077,4000,13904,0,1.0,1.0,1.0,111,0.9098360655737705,False,1.0,False,0.005272582988254726,1.0,False,semreuse-gt,rcv1,25000,0
85,topic:GDIS#t0,The article is about a disaster or an accident.,rewrite,10770,6770,4000,0,0,1.0,1.0,1.0,250,0.9259259259259259,False,1.0,False,0.004359083017334342,1.0,False,semreuse-gt,rcv1,25000,0
86,topic:GENT#t0,"The article is about arts, culture or entertainment.",rewrite,24925,0,4036,20889,0,1.0,1.0,1.0,111,1.0,False,0.9279279279279279,False,0.004317709011957049,1.0,False,semreuse-gt,rcv1,25000,0
87,topic:GJOB#t0,The article is about labour issues.,rewrite,2757,0,2757,0,0,1.0,1.0,1.0,534,0.9236641221374046,False,0.9063670411985019,False,0.005251791997579858,1.0,False,semreuse-gt,rcv1,25000,0
88,topic:GSPO#t2,The report covers sport.,rewrite,2099,1101,998,0,0,1.0,1.0,1.0,1101,0.9205685618729097,False,1.0,False,0.004805542004760355,1.0,False,semreuse-gt,rcv1,25000,0
89,union:CCAT|E212,The article is about corporate or industrial news or about government borrowing.,exact-hit,0,0,0,0,0,1.0,1.0,1.0,12586,1.0,False,0.906642300969331,False,2.0624982425943017e-05,1.0,False,semreuse-gt,rcv1,25000,0
90,topic:CCAT#t0,The article is about corporate or industrial news.,exact-hit,0,0,0,0,0,1.0,1.0,1.0,11861,,,,,6.999995093792677e-06,1.0,,semreuse-gt,rcv1,25000,0
91,topic:CCAT#t2,The report covers corporate or industrial news.,exact-hit,0,0,0,0,0,1.0,1.0,1.0,11861,0.9194573244032286,False,0.9027906584605008,False,1.2333999620750546e-05,1.0,False,semreuse-gt,rcv1,25000,0
92,topic:CCAT#t1,This news story concerns corporate or industrial news.,exact-hit,0,0,0,0,0,1.0,1.0,1.0,11861,0.9194573244032286,False,0.9027906584605008,False,5.6670105550438166e-06,1.0,False,semreuse-gt,rcv1,25000,0
93,topic:CCAT#t2,The report covers corporate or industrial news.,exact-hit,0,0,0,0,0,1.0,1.0,1.0,11861,0.9194573244032286,False,0.9027906584605008,False,4.375004209578037e-06,1.0,False,semreuse-gt,rcv1,25000,0
94,topic:C31#t2,The report covers markets or marketing.,rewrite,12201,11673,528,0,0,1.0,1.0,1.0,1303,0.9201977401129944,False,1.0,False,0.004267666023224592,1.0,False,semreuse-gt,rcv1,25000,0
95,topic:C18#t0,The article is about a change in the ownership of a company.,rewrite,12199,11743,456,0,0,1.0,1.0,1.0,1651,0.9197771587743733,False,1.0,False,0.004287957999622449,1.0,False,semreuse-gt,rcv1,25000,0
96,topic:C18#t0,The article is about a change in the ownership of a company.,exact-hit,0,0,0,0,0,1.0,1.0,1.0,1651,0.9197771587743733,False,1.0,False,1.0917021427303553e-05,1.0,False,semreuse-gt,rcv1,25000,0
97,topic:C182#t2,The report covers a transfer of assets.,rewrite,24985,1631,4000,19354,0,1.0,1.0,1.0,134,0.9305555555555556,False,1.0,False,0.004944915999658406,1.0,False,semreuse-gt,rcv1,25000,0
98,topic:C182#t1,This news story concerns a transfer of assets.,rewrite,24902,0,4036,20866,0,1.0,1.0,1.0,134,1.0,False,0.917910447761194,False,0.0051745840173680335,1.0,False,semreuse-gt,rcv1,25000,0
99,topic:C181#t0,The article is about a merger or an acquisition.,rewrite,2430,1651,779,0,0,1.0,1.0,1.0,1377,0.9198396793587175,False,1.0,False,0.004775750014232472,1.0,False,semreuse-gt,rcv1,25000,0
100,union:C181|GTOUR,The article is about a merger or an acquisition or about travel or tourism.,rewrite,22588,22477,93,18,0,1.0,1.0,1.0,1395,0.9211102994886778,False,0.9039426523297491,False,0.004008083022199571,1.0,False,semreuse-gt,rcv1,25000,0
101,topic:CCAT#t0,The article is about corporate or industrial news.,exact-hit,0,0,0,0,0,1.0,1.0,1.0,11861,,,,,1.2333010090515018e-05,1.0,,semreuse-gt,rcv1,25000,0
102,topic:MCAT#t0,The article is about financial markets.,exact-hit,0,0,0,0,0,1.0,1.0,1.0,6322,0.919071417056263,False,0.9017715912685859,False,5.458015948534012e-06,1.0,False,semreuse-gt,rcv1,25000,0
103,topic:ECAT#t1,This news story concerns economics.,exact-hit,0,0,0,0,0,1.0,1.0,1.0,3737,0.9191176470588235,False,0.9031308536259032,False,5.5419804994016886e-06,1.0,False,semreuse-gt,rcv1,25000,0
104,topic:ECAT#t2,The report covers economics.,exact-hit,0,0,0,0,0,1.0,1.0,1.0,3737,,,,,4.624977009370923e-06,1.0,,semreuse-gt,rcv1,25000,0
105,topic:CCAT#t1,This news story concerns corporate or industrial news.,exact-hit,0,0,0,0,0,1.0,1.0,1.0,11861,0.9194573244032286,False,0.9027906584605008,False,4.62500611320138e-06,1.0,False,semreuse-gt,rcv1,25000,0
106,topic:CCAT#t2,The report covers corporate or industrial news.,exact-hit,0,0,0,0,0,1.0,1.0,1.0,11861,0.9194573244032286,False,0.9027906584605008,False,4.542001988738775e-06,1.0,False,semreuse-gt,rcv1,25000,0
107,topic:CCAT#t1,This news story concerns corporate or industrial news.,exact-hit,0,0,0,0,0,1.0,1.0,1.0,11861,0.9194573244032286,False,0.9027906584605008,False,3.749999450519681e-06,1.0,False,semreuse-gt,rcv1,25000,0
108,topic:C23#t2,The report covers research and development.,rewrite,25000,94,4000,20906,0,1.0,1.0,1.0,85,1.0,False,1.0,False,0.04916591598885134,1.0,False,semreuse-gt,rcv1,25000,0
109,topic:C24#t1,This news story concerns production capacity or facilities.,rewrite,12394,11627,767,0,0,1.0,1.0,1.0,993,0.9211502782931354,False,1.0,False,0.004581625020364299,1.0,False,semreuse-gt,rcv1,25000,0
110,topic:C41#t0,The article is about company management.,rewrite,3692,0,3692,0,0,1.0,1.0,1.0,365,0.924791086350975,False,0.9095890410958904,False,0.0053964170219842345,1.0,False,semreuse-gt,rcv1,25000,0
111,topic:GCAT#t1,This news story concerns government or social affairs.,exact-hit,0,0,0,0,0,1.0,1.0,1.0,7451,0.9190001365933615,False,0.9029660448261978,False,1.3707991456612945e-05,1.0,False,semreuse-gt,rcv1,25000,0
112,topic:GVOTE#t0,The article is about an election.,rewrite,3557,382,3175,0,0,1.0,1.0,1.0,382,0.9249394673123487,False,1.0,False,0.018490875023417175,1.0,False,semreuse-gt,rcv1,25000,0
113,topic:GVOTE#t2,The report covers an election.,rewrite,4036,0,4036,0,0,1.0,1.0,1.0,382,0.9253333333333333,False,0.9083769633507853,False,0.010750082990853116,1.0,False,semreuse-gt,rcv1,25000,0
114,topic:GCAT#t1,This news story concerns government or social affairs.,exact-hit,0,0,0,0,0,1.0,1.0,1.0,7451,0.9190001365933615,False,0.9029660448261978,False,2.387500717304647e-05,1.0,False,semreuse-gt,rcv1,25000,0
115,topic:GWELF#t0,The article is about welfare or social services.,rewrite,24993,6969,4000,14024,0,1.0,1.0,1.0,63,0.9130434782608695,False,1.0,False,0.017558749997988343,1.0,False,semreuse-gt,rcv1,25000,0
116,topic:GPRO#t1,This news story concerns a biography or a profile of a person.,rewrite,11195,7195,4000,0,0,1.0,1.0,1.0,180,0.9,False,1.0,False,0.0046732089831493795,1.0,False,semreuse-gt,rcv1,25000,0
117,topic:GCAT#t0,The article is about government or social affairs.,exact-hit,0,0,0,0,0,1.0,1.0,1.0,7451,0.9190001365933615,False,0.9029660448261978,False,1.400001929141581e-05,1.0,False,semreuse-gt,rcv1,25000,0
118,union:C13|GOBIT,The article is about the regulation of a company or an industry or about an obituary.,exact-hit,0,0,0,0,0,1.0,1.0,1.0,1217,0.9975409836065574,False,1.0,False,6.832997314631939e-06,1.0,False,semreuse-gt,rcv1,25000,0
119,union:GWELF|C1511,The article is about welfare or social services or about a company's annual results.,rewrite,18602,17986,616,0,0,1.0,1.0,1.0,794,0.9218203033838973,False,0.9949622166246851,False,0.004609457973856479,1.0,False,semreuse-gt,rcv1,25000,0
0,topic:MCAT#t1,This news story concerns financial markets.,cold,100000,100000,0,0,0,1.0,1.0,1.0,25556,,,,,0.0002815829939208925,1.0,,cold,rcv1,100000,0
1,topic:M11#t0,The article is about equity markets.,cold,100000,100000,0,0,0,1.0,1.0,1.0,6003,,,,,0.00014291700790636241,1.0,,cold,rcv1,100000,0
2,topic:GCAT#t2,The report covers government or social affairs.,cold,100000,100000,0,0,0,1.0,1.0,1.0,29536,,,,,0.00020612499793060124,1.0,,cold,rcv1,100000,0
3,topic:GCAT#t1,This news story concerns government or social affairs.,cold,100000,100000,0,0,0,1.0,1.0,1.0,29536,,,,,0.00018983401241712272,1.0,,cold,rcv1,100000,0
4,topic:GCAT#t0,The article is about government or social affairs.,cold,100000,100000,0,0,0,1.0,1.0,1.0,29536,,,,,0.00018595901201479137,1.0,,cold,rcv1,100000,0
5,union:GSPO|E121,The article is about sport or about the money supply.,cold,100000,100000,0,0,0,1.0,1.0,1.0,4582,,,,,0.00014999997802078724,1.0,,cold,rcv1,100000,0
6,topic:GCAT#t2,The report covers government or social affairs.,cold,100000,100000,0,0,0,1.0,1.0,1.0,29536,,,,,0.00018920798902399838,1.0,,cold,rcv1,100000,0
7,topic:CCAT#t0,The article is about corporate or industrial news.,cold,100000,100000,0,0,0,1.0,1.0,1.0,47476,,,,,0.00024333299370482564,1.0,,cold,rcv1,100000,0
8,topic:C22#t1,This news story concerns a new product or a new service.,cold,100000,100000,0,0,0,1.0,1.0,1.0,797,,,,,0.00012520799646154046,1.0,,cold,rcv1,100000,0
9,topic:CCAT#t1,This news story concerns corporate or industrial news.,cold,100000,100000,0,0,0,1.0,1.0,1.0,47476,,,,,0.00024224998196586967,1.0,,cold,rcv1,100000,0
10,topic:CCAT#t2,The report covers corporate or industrial news.,cold,100000,100000,0,0,0,1.0,1.0,1.0,47476,,,,,0.0002320829953532666,1.0,,cold,rcv1,100000,0
11,topic:ECAT#t2,The report covers economics.,cold,100000,100000,0,0,0,1.0,1.0,1.0,15056,,,,,0.00015524998889304698,1.0,,cold,rcv1,100000,0
12,topic:ECAT#t2,The report covers economics.,cold,100000,100000,0,0,0,1.0,1.0,1.0,15056,,,,,0.0001500830112490803,1.0,,cold,rcv1,100000,0
13,topic:ECAT#t1,This news story concerns economics.,cold,100000,100000,0,0,0,1.0,1.0,1.0,15056,,,,,0.000162874988745898,1.0,,cold,rcv1,100000,0
14,topic:E21#t1,This news story concerns government finance.,cold,100000,100000,0,0,0,1.0,1.0,1.0,5520,,,,,0.00013570798910222948,1.0,,cold,rcv1,100000,0
15,topic:CCAT#t2,The report covers corporate or industrial news.,cold,100000,100000,0,0,0,1.0,1.0,1.0,47476,,,,,0.00022570800501853228,1.0,,cold,rcv1,100000,0
16,topic:CCAT#t0,The article is about corporate or industrial news.,cold,100000,100000,0,0,0,1.0,1.0,1.0,47476,,,,,0.00022595797781832516,1.0,,cold,rcv1,100000,0
17,topic:C16#t2,The report covers corporate insolvency or a liquidity problem.,cold,100000,100000,0,0,0,1.0,1.0,1.0,250,,,,,0.00011658298899419606,1.0,,cold,rcv1,100000,0
18,topic:ECAT#t0,The article is about economics.,cold,100000,100000,0,0,0,1.0,1.0,1.0,15056,,,,,0.00015066700871102512,1.0,,cold,rcv1,100000,0
19,topic:E13#t1,This news story concerns inflation or prices.,cold,100000,100000,0,0,0,1.0,1.0,1.0,835,,,,,0.00011987501056864858,1.0,,cold,rcv1,100000,0
20,topic:E132#t2,The report covers wholesale prices.,cold,100000,100000,0,0,0,1.0,1.0,1.0,122,,,,,0.0001128750154748559,1.0,,cold,rcv1,100000,0
21,topic:E131#t2,The report covers consumer prices.,cold,100000,100000,0,0,0,1.0,1.0,1.0,716,,,,,0.00011345799430273473,1.0,,cold,rcv1,100000,0
22,topic:E132#t0,The article is about wholesale prices.,cold,100000,100000,0,0,0,1.0,1.0,1.0,122,,,,,0.00011108300532214344,1.0,,cold,rcv1,100000,0
23,topic:ECAT#t1,This news story concerns economics.,cold,100000,100000,0,0,0,1.0,1.0,1.0,15056,,,,,0.00015179099864326417,1.0,,cold,rcv1,100000,0
24,topic:E131#t2,The report covers consumer prices.,cold,100000,100000,0,0,0,1.0,1.0,1.0,716,,,,,0.00011225001071579754,1.0,,cold,rcv1,100000,0
25,topic:CCAT#t0,The article is about corporate or industrial news.,cold,100000,100000,0,0,0,1.0,1.0,1.0,47476,,,,,0.0002262909838464111,1.0,,cold,rcv1,100000,0
26,topic:CCAT#t1,This news story concerns corporate or industrial news.,cold,100000,100000,0,0,0,1.0,1.0,1.0,47476,,,,,0.00023008399875834584,1.0,,cold,rcv1,100000,0
27,topic:ECAT#t1,This news story concerns economics.,cold,100000,100000,0,0,0,1.0,1.0,1.0,15056,,,,,0.00015249999705702066,1.0,,cold,rcv1,100000,0
28,topic:CCAT#t1,This news story concerns corporate or industrial news.,cold,100000,100000,0,0,0,1.0,1.0,1.0,47476,,,,,0.00024362499243579805,1.0,,cold,rcv1,100000,0
29,topic:CCAT#t1,This news story concerns corporate or industrial news.,cold,100000,100000,0,0,0,1.0,1.0,1.0,47476,,,,,0.00023729100939817727,1.0,,cold,rcv1,100000,0
30,topic:MCAT#t0,The article is about financial markets.,cold,100000,100000,0,0,0,1.0,1.0,1.0,25556,,,,,0.00018770800670608878,1.0,,cold,rcv1,100000,0
31,topic:M12#t1,This news story concerns bond markets.,cold,100000,100000,0,0,0,1.0,1.0,1.0,3260,,,,,0.0001301249722018838,1.0,,cold,rcv1,100000,0
32,topic:MCAT#t2,The report covers financial markets.,cold,100000,100000,0,0,0,1.0,1.0,1.0,25556,,,,,0.00019333299132995307,1.0,,cold,rcv1,100000,0
33,union:C13|GOBIT,The article is about the regulation of a company or an industry or about an obituary.,cold,100000,100000,0,0,0,1.0,1.0,1.0,4773,,,,,0.00015216699102893472,1.0,,cold,rcv1,100000,0
34,union:M132|E41,The article is about foreign exchange markets or about employment or the labour market.,cold,100000,100000,0,0,0,1.0,1.0,1.0,5448,,,,,0.00016220798715949059,1.0,,cold,rcv1,100000,0
35,topic:MCAT#t0,The article is about financial markets.,cold,100000,100000,0,0,0,1.0,1.0,1.0,25556,,,,,0.0001849160180427134,1.0,,cold,rcv1,100000,0
36,topic:CCAT#t2,The report covers corporate or industrial news.,cold,100000,100000,0,0,0,1.0,1.0,1.0,47476,,,,,0.00024174997815862298,1.0,,cold,rcv1,100000,0
37,topic:ECAT#t0,The article is about economics.,cold,100000,100000,0,0,0,1.0,1.0,1.0,15056,,,,,0.0001601249969098717,1.0,,cold,rcv1,100000,0
38,topic:ECAT#t2,The report covers economics.,cold,100000,100000,0,0,0,1.0,1.0,1.0,15056,,,,,0.00016450000111944973,1.0,,cold,rcv1,100000,0
39,topic:CCAT#t1,This news story concerns corporate or industrial news.,cold,100000,100000,0,0,0,1.0,1.0,1.0,47476,,,,,0.00024266698164865375,1.0,,cold,rcv1,100000,0
40,topic:CCAT#t0,The article is about corporate or industrial news.,cold,100000,100000,0,0,0,1.0,1.0,1.0,47476,,,,,0.0002461250114720315,1.0,,cold,rcv1,100000,0
41,topic:C41#t1,This news story concerns company management.,cold,100000,100000,0,0,0,1.0,1.0,1.0,1426,,,,,0.00012462501763366163,1.0,,cold,rcv1,100000,0
42,topic:ECAT#t2,The report covers economics.,cold,100000,100000,0,0,0,1.0,1.0,1.0,15056,,,,,0.00016362499445676804,1.0,,cold,rcv1,100000,0
43,topic:ECAT#t0,The article is about economics.,cold,100000,100000,0,0,0,1.0,1.0,1.0,15056,,,,,0.00015750000602565706,1.0,,cold,rcv1,100000,0
44,topic:ECAT#t0,The article is about economics.,cold,100000,100000,0,0,0,1.0,1.0,1.0,15056,,,,,0.00015512501704506576,1.0,,cold,rcv1,100000,0
45,topic:E11#t2,The report covers economic performance.,cold,100000,100000,0,0,0,1.0,1.0,1.0,1070,,,,,0.00011983400327153504,1.0,,cold,rcv1,100000,0
46,topic:E11#t1,This news story concerns economic performance.,cold,100000,100000,0,0,0,1.0,1.0,1.0,1070,,,,,0.00011787499533966184,1.0,,cold,rcv1,100000,0
47,topic:E61#t2,The report covers housing starts.,cold,100000,100000,0,0,0,1.0,1.0,1.0,46,,,,,0.00011820899089798331,1.0,,cold,rcv1,100000,0
48,topic:E13#t0,The article is about inflation or prices.,cold,100000,100000,0,0,0,1.0,1.0,1.0,835,,,,,0.00012524999328888953,1.0,,cold,rcv1,100000,0
49,topic:E132#t0,The article is about wholesale prices.,cold,100000,100000,0,0,0,1.0,1.0,1.0,122,,,,,0.00011816699407063425,1.0,,cold,rcv1,100000,0
50,topic:E13#t2,The report covers inflation or prices.,cold,100000,100000,0,0,0,1.0,1.0,1.0,835,,,,,0.0001284580212086439,1.0,,cold,rcv1,100000,0
51,topic:E61#t1,This news story concerns housing starts.,cold,100000,100000,0,0,0,1.0,1.0,1.0,46,,,,,0.00011208397336304188,1.0,,cold,rcv1,100000,0
52,union:GSPO|E121,The article is about sport or about the money supply.,cold,100000,100000,0,0,0,1.0,1.0,1.0,4582,,,,,0.00014887499855831265,1.0,,cold,rcv1,100000,0
53,topic:E11#t1,This news story concerns economic performance.,cold,100000,100000,0,0,0,1.0,1.0,1.0,1070,,,,,0.0001226250024046749,1.0,,cold,rcv1,100000,0
54,topic:MCAT#t0,The article is about financial markets.,cold,100000,100000,0,0,0,1.0,1.0,1.0,25556,,,,,0.0001815419818740338,1.0,,cold,rcv1,100000,0
55,union:GVOTE|C174,The article is about an election or about a credit rating.,cold,100000,100000,0,0,0,1.0,1.0,1.0,2107,,,,,0.00014454100164584816,1.0,,cold,rcv1,100000,0
56,topic:CCAT#t2,The report covers corporate or industrial news.,cold,100000,100000,0,0,0,1.0,1.0,1.0,47476,,,,,0.00023979198886081576,1.0,,cold,rcv1,100000,0
57,topic:ECAT#t0,The article is about economics.,cold,100000,100000,0,0,0,1.0,1.0,1.0,15056,,,,,0.00016066699754446745,1.0,,cold,rcv1,100000,0
58,topic:E11#t0,The article is about economic performance.,cold,100000,100000,0,0,0,1.0,1.0,1.0,1070,,,,,0.00012162499479018152,1.0,,cold,rcv1,100000,0
59,topic:E11#t1,This news story concerns economic performance.,cold,100000,100000,0,0,0,1.0,1.0,1.0,1070,,,,,0.00012158299796283245,1.0,,cold,rcv1,100000,0
60,union:GVOTE|C174,The article is about an election or about a credit rating.,cold,100000,100000,0,0,0,1.0,1.0,1.0,2107,,,,,0.0001350410166196525,1.0,,cold,rcv1,100000,0
61,topic:E21#t0,The article is about government finance.,cold,100000,100000,0,0,0,1.0,1.0,1.0,5520,,,,,0.00013341600424610078,1.0,,cold,rcv1,100000,0
62,topic:ECAT#t2,The report covers economics.,cold,100000,100000,0,0,0,1.0,1.0,1.0,15056,,,,,0.00016458300524391234,1.0,,cold,rcv1,100000,0
63,topic:E51#t1,This news story concerns trade or foreign reserves.,cold,100000,100000,0,0,0,1.0,1.0,1.0,2705,,,,,0.00012641598004847765,1.0,,cold,rcv1,100000,0
64,topic:MCAT#t0,The article is about financial markets.,cold,100000,100000,0,0,0,1.0,1.0,1.0,25556,,,,,0.00018549998640082777,1.0,,cold,rcv1,100000,0
65,union:CCAT|E212,The article is about corporate or industrial news or about government borrowing.,cold,100000,100000,0,0,0,1.0,1.0,1.0,50447,,,,,0.00027208399842493236,1.0,,cold,rcv1,100000,0
66,topic:M12#t2,The report covers bond markets.,cold,100000,100000,0,0,0,1.0,1.0,1.0,3260,,,,,0.00013195900828577578,1.0,,cold,rcv1,100000,0
67,topic:ECAT#t2,The report covers economics.,cold,100000,100000,0,0,0,1.0,1.0,1.0,15056,,,,,0.00015645800158381462,1.0,,cold,rcv1,100000,0
68,topic:GCAT#t2,The report covers government or social affairs.,cold,100000,100000,0,0,0,1.0,1.0,1.0,29536,,,,,0.00019362501916475594,1.0,,cold,rcv1,100000,0
69,union:GODD|C23,The article is about a human interest story or about research and development.,cold,100000,100000,0,0,0,1.0,1.0,1.0,652,,,,,0.00013583299005404115,1.0,,cold,rcv1,100000,0
70,topic:GCAT#t0,The article is about government or social affairs.,cold,100000,100000,0,0,0,1.0,1.0,1.0,29536,,,,,0.00018974998965859413,1.0,,cold,rcv1,100000,0
71,topic:GSCI#t1,This news story concerns science or technology.,cold,100000,100000,0,0,0,1.0,1.0,1.0,281,,,,,0.00012116599828004837,1.0,,cold,rcv1,100000,0
72,topic:GCAT#t1,This news story concerns government or social affairs.,cold,100000,100000,0,0,0,1.0,1.0,1.0,29536,,,,,0.0001970409939531237,1.0,,cold,rcv1,100000,0
73,topic:GTOUR#t1,This news story concerns travel or tourism.,cold,100000,100000,0,0,0,1.0,1.0,1.0,81,,,,,0.0001141660031862557,1.0,,cold,rcv1,100000,0
74,topic:GTOUR#t0,The article is about travel or tourism.,cold,100000,100000,0,0,0,1.0,1.0,1.0,81,,,,,0.030301791994133964,1.0,,cold,rcv1,100000,0
75,topic:GTOUR#t2,The report covers travel or tourism.,cold,100000,100000,0,0,0,1.0,1.0,1.0,81,,,,,0.00012354098726063967,1.0,,cold,rcv1,100000,0
76,topic:GTOUR#t0,The article is about travel or tourism.,cold,100000,100000,0,0,0,1.0,1.0,1.0,81,,,,,0.00011449999874457717,1.0,,cold,rcv1,100000,0
77,topic:GTOUR#t2,The report covers travel or tourism.,cold,100000,100000,0,0,0,1.0,1.0,1.0,81,,,,,0.0001111250021494925,1.0,,cold,rcv1,100000,0
78,topic:GCAT#t0,The article is about government or social affairs.,cold,100000,100000,0,0,0,1.0,1.0,1.0,29536,,,,,0.00019983400125056505,1.0,,cold,rcv1,100000,0
79,topic:GCAT#t0,The article is about government or social affairs.,cold,100000,100000,0,0,0,1.0,1.0,1.0,29536,,,,,0.00018491697846911848,1.0,,cold,rcv1,100000,0
80,topic:GWEA#t0,The article is about the weather.,cold,100000,100000,0,0,0,1.0,1.0,1.0,497,,,,,0.00012808298924937844,1.0,,cold,rcv1,100000,0
81,topic:GJOB#t2,The report covers labour issues.,cold,100000,100000,0,0,0,1.0,1.0,1.0,2158,,,,,0.0001222910068463534,1.0,,cold,rcv1,100000,0
82,union:C152|GWEA,The article is about commentary or forecasts about a company's results or about the weather.,cold,100000,100000,0,0,0,1.0,1.0,1.0,9472,,,,,0.00016958400374278426,1.0,,cold,rcv1,100000,0
83,union:GCRIM|E31,The article is about crime or law enforcement or about economic output or capacity.,cold,100000,100000,0,0,0,1.0,1.0,1.0,4296,,,,,0.00014820901560597122,1.0,,cold,rcv1,100000,0
84,topic:GENT#t2,"The report covers arts, culture or entertainment.",cold,100000,100000,0,0,0,1.0,1.0,1.0,472,,,,,0.00046675000339746475,1.0,,cold,rcv1,100000,0
85,topic:GDIS#t0,The article is about a disaster or an accident.,cold,100000,100000,0,0,0,1.0,1.0,1.0,1074,,,,,0.00016633301856927574,1.0,,cold,rcv1,100000,0
86,topic:GENT#t0,"The article is about arts, culture or entertainment.",cold,100000,100000,0,0,0,1.0,1.0,1.0,472,,,,,0.00011783299851231277,1.0,,cold,rcv1,100000,0
87,topic:GJOB#t0,The article is about labour issues.,cold,100000,100000,0,0,0,1.0,1.0,1.0,2158,,,,,0.00011670798994600773,1.0,,cold,rcv1,100000,0
88,topic:GSPO#t2,The report covers sport.,cold,100000,100000,0,0,0,1.0,1.0,1.0,4326,,,,,0.0001251659996341914,1.0,,cold,rcv1,100000,0
89,union:CCAT|E212,The article is about corporate or industrial news or about government borrowing.,cold,100000,100000,0,0,0,1.0,1.0,1.0,50447,,,,,0.00028966600075364113,1.0,,cold,rcv1,100000,0
90,topic:CCAT#t0,The article is about corporate or industrial news.,cold,100000,100000,0,0,0,1.0,1.0,1.0,47476,,,,,0.0002312079886905849,1.0,,cold,rcv1,100000,0
91,topic:CCAT#t2,The report covers corporate or industrial news.,cold,100000,100000,0,0,0,1.0,1.0,1.0,47476,,,,,0.00023820798378437757,1.0,,cold,rcv1,100000,0
92,topic:CCAT#t1,This news story concerns corporate or industrial news.,cold,100000,100000,0,0,0,1.0,1.0,1.0,47476,,,,,0.00023049997980706394,1.0,,cold,rcv1,100000,0
93,topic:CCAT#t2,The report covers corporate or industrial news.,cold,100000,100000,0,0,0,1.0,1.0,1.0,47476,,,,,0.00023274999693967402,1.0,,cold,rcv1,100000,0
94,topic:C31#t2,The report covers markets or marketing.,cold,100000,100000,0,0,0,1.0,1.0,1.0,5009,,,,,0.00013170900638215244,1.0,,cold,rcv1,100000,0
95,topic:C18#t0,The article is about a change in the ownership of a company.,cold,100000,100000,0,0,0,1.0,1.0,1.0,6502,,,,,0.00013704202137887478,1.0,,cold,rcv1,100000,0
96,topic:C18#t0,The article is about a change in the ownership of a company.,cold,100000,100000,0,0,0,1.0,1.0,1.0,6502,,,,,0.0001365839852951467,1.0,,cold,rcv1,100000,0
97,topic:C182#t2,The report covers a transfer of assets.,cold,100000,100000,0,0,0,1.0,1.0,1.0,554,,,,,0.00012033400707878172,1.0,,cold,rcv1,100000,0
98,topic:C182#t1,This news story concerns a transfer of assets.,cold,100000,100000,0,0,0,1.0,1.0,1.0,554,,,,,0.00012729098671115935,1.0,,cold,rcv1,100000,0
99,topic:C181#t0,The article is about a merger or an acquisition.,cold,100000,100000,0,0,0,1.0,1.0,1.0,5354,,,,,0.0006644169916398823,1.0,,cold,rcv1,100000,0
100,union:C181|GTOUR,The article is about a merger or an acquisition or about travel or tourism.,cold,100000,100000,0,0,0,1.0,1.0,1.0,5435,,,,,0.0006651669973507524,1.0,,cold,rcv1,100000,0
101,topic:CCAT#t0,The article is about corporate or industrial news.,cold,100000,100000,0,0,0,1.0,1.0,1.0,47476,,,,,0.0006264999974519014,1.0,,cold,rcv1,100000,0
102,topic:MCAT#t0,The article is about financial markets.,cold,100000,100000,0,0,0,1.0,1.0,1.0,25556,,,,,0.00019600000814534724,1.0,,cold,rcv1,100000,0
103,topic:ECAT#t1,This news story concerns economics.,cold,100000,100000,0,0,0,1.0,1.0,1.0,15056,,,,,0.0001570839958731085,1.0,,cold,rcv1,100000,0
104,topic:ECAT#t2,The report covers economics.,cold,100000,100000,0,0,0,1.0,1.0,1.0,15056,,,,,0.00015170901315286756,1.0,,cold,rcv1,100000,0
105,topic:CCAT#t1,This news story concerns corporate or industrial news.,cold,100000,100000,0,0,0,1.0,1.0,1.0,47476,,,,,0.00022633399930782616,1.0,,cold,rcv1,100000,0
106,topic:CCAT#t2,The report covers corporate or industrial news.,cold,100000,100000,0,0,0,1.0,1.0,1.0,47476,,,,,0.00022495901794172823,1.0,,cold,rcv1,100000,0
107,topic:CCAT#t1,This news story concerns corporate or industrial news.,cold,100000,100000,0,0,0,1.0,1.0,1.0,47476,,,,,0.0002406249986961484,1.0,,cold,rcv1,100000,0
108,topic:C23#t2,The report covers research and development.,cold,100000,100000,0,0,0,1.0,1.0,1.0,329,,,,,0.00011858297511935234,1.0,,cold,rcv1,100000,0
109,topic:C24#t1,This news story concerns production capacity or facilities.,cold,100000,100000,0,0,0,1.0,1.0,1.0,4069,,,,,0.0001384170027449727,1.0,,cold,rcv1,100000,0
110,topic:C41#t0,The article is about company management.,cold,100000,100000,0,0,0,1.0,1.0,1.0,1426,,,,,0.00011570801143534482,1.0,,cold,rcv1,100000,0
111,topic:GCAT#t1,This news story concerns government or social affairs.,cold,100000,100000,0,0,0,1.0,1.0,1.0,29536,,,,,0.00018612502026371658,1.0,,cold,rcv1,100000,0
112,topic:GVOTE#t0,The article is about an election.,cold,100000,100000,0,0,0,1.0,1.0,1.0,1429,,,,,0.00011795901809819043,1.0,,cold,rcv1,100000,0
113,topic:GVOTE#t2,The report covers an election.,cold,100000,100000,0,0,0,1.0,1.0,1.0,1429,,,,,0.00011129199992865324,1.0,,cold,rcv1,100000,0
114,topic:GCAT#t1,This news story concerns government or social affairs.,cold,100000,100000,0,0,0,1.0,1.0,1.0,29536,,,,,0.00019145800615660846,1.0,,cold,rcv1,100000,0
115,topic:GWELF#t0,The article is about welfare or social services.,cold,100000,100000,0,0,0,1.0,1.0,1.0,239,,,,,0.00011862500105053186,1.0,,cold,rcv1,100000,0
116,topic:GPRO#t1,This news story concerns a biography or a profile of a person.,cold,100000,100000,0,0,0,1.0,1.0,1.0,687,,,,,0.00011758299660868943,1.0,,cold,rcv1,100000,0
117,topic:GCAT#t0,The article is about government or social affairs.,cold,100000,100000,0,0,0,1.0,1.0,1.0,29536,,,,,0.00019220900139771402,1.0,,cold,rcv1,100000,0
118,union:C13|GOBIT,The article is about the regulation of a company or an industry or about an obituary.,cold,100000,100000,0,0,0,1.0,1.0,1.0,4773,,,,,0.000147666985867545,1.0,,cold,rcv1,100000,0
119,union:GWELF|C1511,The article is about welfare or social services or about a company's annual results.,cold,100000,100000,0,0,0,1.0,1.0,1.0,3172,,,,,0.00013975001638755202,1.0,,cold,rcv1,100000,0
0,topic:MCAT#t1,This news story concerns financial markets.,cold,100000,100000,0,0,0,1.0,1.0,1.0,25556,,,,,0.00027591700199991465,1.0,,exact,rcv1,100000,0
1,topic:M11#t0,The article is about equity markets.,cold,100000,100000,0,0,0,1.0,1.0,1.0,6003,,,,,0.0001662090071476996,1.0,,exact,rcv1,100000,0
2,topic:GCAT#t2,The report covers government or social affairs.,cold,100000,100000,0,0,0,1.0,1.0,1.0,29536,,,,,0.00024250001297332346,1.0,,exact,rcv1,100000,0
3,topic:GCAT#t1,This news story concerns government or social affairs.,cold,100000,100000,0,0,0,1.0,1.0,1.0,29536,,,,,0.0002339579805266112,1.0,,exact,rcv1,100000,0
4,topic:GCAT#t0,The article is about government or social affairs.,cold,100000,100000,0,0,0,1.0,1.0,1.0,29536,,,,,0.0002305000089108944,1.0,,exact,rcv1,100000,0
5,union:GSPO|E121,The article is about sport or about the money supply.,cold,100000,100000,0,0,0,1.0,1.0,1.0,4582,,,,,0.00018629201804287732,1.0,,exact,rcv1,100000,0
6,topic:GCAT#t2,The report covers government or social affairs.,exact-hit,0,0,0,0,0,1.0,1.0,1.0,29536,,,,,8.125003660097718e-06,1.0,,exact,rcv1,100000,0
7,topic:CCAT#t0,The article is about corporate or industrial news.,cold,100000,100000,0,0,0,1.0,1.0,1.0,47476,,,,,0.000306916976114735,1.0,,exact,rcv1,100000,0
8,topic:C22#t1,This news story concerns a new product or a new service.,cold,100000,100000,0,0,0,1.0,1.0,1.0,797,,,,,0.00015762500697746873,1.0,,exact,rcv1,100000,0
9,topic:CCAT#t1,This news story concerns corporate or industrial news.,cold,100000,100000,0,0,0,1.0,1.0,1.0,47476,,,,,0.0002914590004365891,1.0,,exact,rcv1,100000,0
10,topic:CCAT#t2,The report covers corporate or industrial news.,cold,100000,100000,0,0,0,1.0,1.0,1.0,47476,,,,,0.0002965829917229712,1.0,,exact,rcv1,100000,0
11,topic:ECAT#t2,The report covers economics.,cold,100000,100000,0,0,0,1.0,1.0,1.0,15056,,,,,0.00020620800205506384,1.0,,exact,rcv1,100000,0
12,topic:ECAT#t2,The report covers economics.,exact-hit,0,0,0,0,0,1.0,1.0,1.0,15056,,,,,6.749993190169334e-06,1.0,,exact,rcv1,100000,0
13,topic:ECAT#t1,This news story concerns economics.,cold,100000,100000,0,0,0,1.0,1.0,1.0,15056,,,,,0.00018050000653602183,1.0,,exact,rcv1,100000,0
14,topic:E21#t1,This news story concerns government finance.,cold,100000,100000,0,0,0,1.0,1.0,1.0,5520,,,,,0.00015337500371970236,1.0,,exact,rcv1,100000,0
15,topic:CCAT#t2,The report covers corporate or industrial news.,exact-hit,0,0,0,0,0,1.0,1.0,1.0,47476,,,,,6.916990969330072e-06,1.0,,exact,rcv1,100000,0
16,topic:CCAT#t0,The article is about corporate or industrial news.,exact-hit,0,0,0,0,0,1.0,1.0,1.0,47476,,,,,8.040980901569128e-06,1.0,,exact,rcv1,100000,0
17,topic:C16#t2,The report covers corporate insolvency or a liquidity problem.,cold,100000,100000,0,0,0,1.0,1.0,1.0,250,,,,,0.00015637499745935202,1.0,,exact,rcv1,100000,0
18,topic:ECAT#t0,The article is about economics.,cold,100000,100000,0,0,0,1.0,1.0,1.0,15056,,,,,0.00020216699340380728,1.0,,exact,rcv1,100000,0
19,topic:E13#t1,This news story concerns inflation or prices.,cold,100000,100000,0,0,0,1.0,1.0,1.0,835,,,,,0.00015216699102893472,1.0,,exact,rcv1,100000,0
20,topic:E132#t2,The report covers wholesale prices.,cold,100000,100000,0,0,0,1.0,1.0,1.0,122,,,,,0.00013508301344700158,1.0,,exact,rcv1,100000,0
21,topic:E131#t2,The report covers consumer prices.,cold,100000,100000,0,0,0,1.0,1.0,1.0,716,,,,,0.00015216702013276517,1.0,,exact,rcv1,100000,0
22,topic:E132#t0,The article is about wholesale prices.,cold,100000,100000,0,0,0,1.0,1.0,1.0,122,,,,,0.00014325001393444836,1.0,,exact,rcv1,100000,0
23,topic:ECAT#t1,This news story concerns economics.,exact-hit,0,0,0,0,0,1.0,1.0,1.0,15056,,,,,6.375019438564777e-06,1.0,,exact,rcv1,100000,0
24,topic:E131#t2,The report covers consumer prices.,exact-hit,0,0,0,0,0,1.0,1.0,1.0,716,,,,,5.791982403025031e-06,1.0,,exact,rcv1,100000,0
25,topic:CCAT#t0,The article is about corporate or industrial news.,exact-hit,0,0,0,0,0,1.0,1.0,1.0,47476,,,,,6.707996362820268e-06,1.0,,exact,rcv1,100000,0
26,topic:CCAT#t1,This news story concerns corporate or industrial news.,exact-hit,0,0,0,0,0,1.0,1.0,1.0,47476,,,,,7.000024197623134e-06,1.0,,exact,rcv1,100000,0
27,topic:ECAT#t1,This news story concerns economics.,exact-hit,0,0,0,0,0,1.0,1.0,1.0,15056,,,,,6.499991286545992e-06,1.0,,exact,rcv1,100000,0
28,topic:CCAT#t1,This news story concerns corporate or industrial news.,exact-hit,0,0,0,0,0,1.0,1.0,1.0,47476,,,,,5.832989700138569e-06,1.0,,exact,rcv1,100000,0
29,topic:CCAT#t1,This news story concerns corporate or industrial news.,exact-hit,0,0,0,0,0,1.0,1.0,1.0,47476,,,,,5.709007382392883e-06,1.0,,exact,rcv1,100000,0
30,topic:MCAT#t0,The article is about financial markets.,cold,100000,100000,0,0,0,1.0,1.0,1.0,25556,,,,,0.00021974998526275158,1.0,,exact,rcv1,100000,0
31,topic:M12#t1,This news story concerns bond markets.,cold,100000,100000,0,0,0,1.0,1.0,1.0,3260,,,,,0.00014829201973043382,1.0,,exact,rcv1,100000,0
32,topic:MCAT#t2,The report covers financial markets.,cold,100000,100000,0,0,0,1.0,1.0,1.0,25556,,,,,0.00020529201719909906,1.0,,exact,rcv1,100000,0
33,union:C13|GOBIT,The article is about the regulation of a company or an industry or about an obituary.,cold,100000,100000,0,0,0,1.0,1.0,1.0,4773,,,,,0.0001882920041680336,1.0,,exact,rcv1,100000,0
34,union:M132|E41,The article is about foreign exchange markets or about employment or the labour market.,cold,100000,100000,0,0,0,1.0,1.0,1.0,5448,,,,,0.00017829201533459127,1.0,,exact,rcv1,100000,0
35,topic:MCAT#t0,The article is about financial markets.,exact-hit,0,0,0,0,0,1.0,1.0,1.0,25556,,,,,7.084017852321267e-06,1.0,,exact,rcv1,100000,0
36,topic:CCAT#t2,The report covers corporate or industrial news.,exact-hit,0,0,0,0,0,1.0,1.0,1.0,47476,,,,,7.4579729698598385e-06,1.0,,exact,rcv1,100000,0
37,topic:ECAT#t0,The article is about economics.,exact-hit,0,0,0,0,0,1.0,1.0,1.0,15056,,,,,7.208000170066953e-06,1.0,,exact,rcv1,100000,0
38,topic:ECAT#t2,The report covers economics.,exact-hit,0,0,0,0,0,1.0,1.0,1.0,15056,,,,,6.749993190169334e-06,1.0,,exact,rcv1,100000,0
39,topic:CCAT#t1,This news story concerns corporate or industrial news.,exact-hit,0,0,0,0,0,1.0,1.0,1.0,47476,,,,,7.166003342717886e-06,1.0,,exact,rcv1,100000,0
40,topic:CCAT#t0,The article is about corporate or industrial news.,exact-hit,0,0,0,0,0,1.0,1.0,1.0,47476,,,,,7.708003977313638e-06,1.0,,exact,rcv1,100000,0
41,topic:C41#t1,This news story concerns company management.,cold,100000,100000,0,0,0,1.0,1.0,1.0,1426,,,,,0.00015820801490917802,1.0,,exact,rcv1,100000,0
42,topic:ECAT#t2,The report covers economics.,exact-hit,0,0,0,0,0,1.0,1.0,1.0,15056,,,,,6.417016265913844e-06,1.0,,exact,rcv1,100000,0
43,topic:ECAT#t0,The article is about economics.,exact-hit,0,0,0,0,0,1.0,1.0,1.0,15056,,,,,6.707996362820268e-06,1.0,,exact,rcv1,100000,0
44,topic:ECAT#t0,The article is about economics.,exact-hit,0,0,0,0,0,1.0,1.0,1.0,15056,,,,,5.375011824071407e-06,1.0,,exact,rcv1,100000,0
45,topic:E11#t2,The report covers economic performance.,cold,100000,100000,0,0,0,1.0,1.0,1.0,1070,,,,,0.00015266597620211542,1.0,,exact,rcv1,100000,0
46,topic:E11#t1,This news story concerns economic performance.,cold,100000,100000,0,0,0,1.0,1.0,1.0,1070,,,,,0.00013775000115856528,1.0,,exact,rcv1,100000,0
47,topic:E61#t2,The report covers housing starts.,cold,100000,100000,0,0,0,1.0,1.0,1.0,46,,,,,0.00013379199663177133,1.0,,exact,rcv1,100000,0
48,topic:E13#t0,The article is about inflation or prices.,cold,100000,100000,0,0,0,1.0,1.0,1.0,835,,,,,0.0001394159917254001,1.0,,exact,rcv1,100000,0
49,topic:E132#t0,The article is about wholesale prices.,exact-hit,0,0,0,0,0,1.0,1.0,1.0,122,,,,,6.707996362820268e-06,1.0,,exact,rcv1,100000,0
50,topic:E13#t2,The report covers inflation or prices.,cold,100000,100000,0,0,0,1.0,1.0,1.0,835,,,,,0.00014633301179856062,1.0,,exact,rcv1,100000,0
51,topic:E61#t1,This news story concerns housing starts.,cold,100000,100000,0,0,0,1.0,1.0,1.0,46,,,,,0.0001369579986203462,1.0,,exact,rcv1,100000,0
52,union:GSPO|E121,The article is about sport or about the money supply.,exact-hit,0,0,0,0,0,1.0,1.0,1.0,4582,,,,,1.4541001291945577e-05,1.0,,exact,rcv1,100000,0
53,topic:E11#t1,This news story concerns economic performance.,exact-hit,0,0,0,0,0,1.0,1.0,1.0,1070,,,,,6.707996362820268e-06,1.0,,exact,rcv1,100000,0
54,topic:MCAT#t0,The article is about financial markets.,exact-hit,0,0,0,0,0,1.0,1.0,1.0,25556,,,,,6.499991286545992e-06,1.0,,exact,rcv1,100000,0
55,union:GVOTE|C174,The article is about an election or about a credit rating.,cold,100000,100000,0,0,0,1.0,1.0,1.0,2107,,,,,0.0001765000051818788,1.0,,exact,rcv1,100000,0
56,topic:CCAT#t2,The report covers corporate or industrial news.,exact-hit,0,0,0,0,0,1.0,1.0,1.0,47476,,,,,6.583984941244125e-06,1.0,,exact,rcv1,100000,0
57,topic:ECAT#t0,The article is about economics.,exact-hit,0,0,0,0,0,1.0,1.0,1.0,15056,,,,,7.125025149434805e-06,1.0,,exact,rcv1,100000,0
58,topic:E11#t0,The article is about economic performance.,cold,100000,100000,0,0,0,1.0,1.0,1.0,1070,,,,,0.0001465840032324195,1.0,,exact,rcv1,100000,0
59,topic:E11#t1,This news story concerns economic performance.,exact-hit,0,0,0,0,0,1.0,1.0,1.0,1070,,,,,6.749993190169334e-06,1.0,,exact,rcv1,100000,0
60,union:GVOTE|C174,The article is about an election or about a credit rating.,exact-hit,0,0,0,0,0,1.0,1.0,1.0,2107,,,,,7.374997949227691e-06,1.0,,exact,rcv1,100000,0
61,topic:E21#t0,The article is about government finance.,cold,100000,100000,0,0,0,1.0,1.0,1.0,5520,,,,,0.00016308299382217228,1.0,,exact,rcv1,100000,0
62,topic:ECAT#t2,The report covers economics.,exact-hit,0,0,0,0,0,1.0,1.0,1.0,15056,,,,,6.834015948697925e-06,1.0,,exact,rcv1,100000,0
63,topic:E51#t1,This news story concerns trade or foreign reserves.,cold,100000,100000,0,0,0,1.0,1.0,1.0,2705,,,,,0.0001497080083936453,1.0,,exact,rcv1,100000,0
64,topic:MCAT#t0,The article is about financial markets.,exact-hit,0,0,0,0,0,1.0,1.0,1.0,25556,,,,,7.584021659567952e-06,1.0,,exact,rcv1,100000,0
65,union:CCAT|E212,The article is about corporate or industrial news or about government borrowing.,cold,100000,100000,0,0,0,1.0,1.0,1.0,50447,,,,,0.0003482920001260936,1.0,,exact,rcv1,100000,0
66,topic:M12#t2,The report covers bond markets.,cold,100000,100000,0,0,0,1.0,1.0,1.0,3260,,,,,0.00014970899792388082,1.0,,exact,rcv1,100000,0
67,topic:ECAT#t2,The report covers economics.,exact-hit,0,0,0,0,0,1.0,1.0,1.0,15056,,,,,6.66698906570673e-06,1.0,,exact,rcv1,100000,0
68,topic:GCAT#t2,The report covers government or social affairs.,exact-hit,0,0,0,0,0,1.0,1.0,1.0,29536,,,,,7.374997949227691e-06,1.0,,exact,rcv1,100000,0
69,union:GODD|C23,The article is about a human interest story or about research and development.,cold,100000,100000,0,0,0,1.0,1.0,1.0,652,,,,,0.0001700409920886159,1.0,,exact,rcv1,100000,0
70,topic:GCAT#t0,The article is about government or social affairs.,exact-hit,0,0,0,0,0,1.0,1.0,1.0,29536,,,,,7.209018804132938e-06,1.0,,exact,rcv1,100000,0
71,topic:GSCI#t1,This news story concerns science or technology.,cold,100000,100000,0,0,0,1.0,1.0,1.0,281,,,,,0.00014270900283008814,1.0,,exact,rcv1,100000,0
72,topic:GCAT#t1,This news story concerns government or social affairs.,exact-hit,0,0,0,0,0,1.0,1.0,1.0,29536,,,,,1.1292024282738566e-05,1.0,,exact,rcv1,100000,0
73,topic:GTOUR#t1,This news story concerns travel or tourism.,cold,100000,100000,0,0,0,1.0,1.0,1.0,81,,,,,0.00014187500346451998,1.0,,exact,rcv1,100000,0
74,topic:GTOUR#t0,The article is about travel or tourism.,cold,100000,100000,0,0,0,1.0,1.0,1.0,81,,,,,0.00013641698751598597,1.0,,exact,rcv1,100000,0
75,topic:GTOUR#t2,The report covers travel or tourism.,cold,100000,100000,0,0,0,1.0,1.0,1.0,81,,,,,0.00013587501598522067,1.0,,exact,rcv1,100000,0
76,topic:GTOUR#t0,The article is about travel or tourism.,exact-hit,0,0,0,0,0,1.0,1.0,1.0,81,,,,,6.707996362820268e-06,1.0,,exact,rcv1,100000,0
77,topic:GTOUR#t2,The report covers travel or tourism.,exact-hit,0,0,0,0,0,1.0,1.0,1.0,81,,,,,5.749985575675964e-06,1.0,,exact,rcv1,100000,0
78,topic:GCAT#t0,The article is about government or social affairs.,exact-hit,0,0,0,0,0,1.0,1.0,1.0,29536,,,,,6.874994141981006e-06,1.0,,exact,rcv1,100000,0
79,topic:GCAT#t0,The article is about government or social affairs.,exact-hit,0,0,0,0,0,1.0,1.0,1.0,29536,,,,,6.125017534941435e-06,1.0,,exact,rcv1,100000,0
80,topic:GWEA#t0,The article is about the weather.,cold,100000,100000,0,0,0,1.0,1.0,1.0,497,,,,,0.0001575839996803552,1.0,,exact,rcv1,100000,0
81,topic:GJOB#t2,The report covers labour issues.,cold,100000,100000,0,0,0,1.0,1.0,1.0,2158,,,,,0.00015087498468346894,1.0,,exact,rcv1,100000,0
82,union:C152|GWEA,The article is about commentary or forecasts about a company's results or about the weather.,cold,100000,100000,0,0,0,1.0,1.0,1.0,9472,,,,,0.00018545801867730916,1.0,,exact,rcv1,100000,0
83,union:GCRIM|E31,The article is about crime or law enforcement or about economic output or capacity.,cold,100000,100000,0,0,0,1.0,1.0,1.0,4296,,,,,0.00017300000763498247,1.0,,exact,rcv1,100000,0
84,topic:GENT#t2,"The report covers arts, culture or entertainment.",cold,100000,100000,0,0,0,1.0,1.0,1.0,472,,,,,0.00014483300037682056,1.0,,exact,rcv1,100000,0
85,topic:GDIS#t0,The article is about a disaster or an accident.,cold,100000,100000,0,0,0,1.0,1.0,1.0,1074,,,,,0.00014095898950472474,1.0,,exact,rcv1,100000,0
86,topic:GENT#t0,"The article is about arts, culture or entertainment.",cold,100000,100000,0,0,0,1.0,1.0,1.0,472,,,,,0.0001389170065522194,1.0,,exact,rcv1,100000,0
87,topic:GJOB#t0,The article is about labour issues.,cold,100000,100000,0,0,0,1.0,1.0,1.0,2158,,,,,0.00014533399371430278,1.0,,exact,rcv1,100000,0
88,topic:GSPO#t2,The report covers sport.,cold,100000,100000,0,0,0,1.0,1.0,1.0,4326,,,,,0.00015458400594070554,1.0,,exact,rcv1,100000,0
89,union:CCAT|E212,The article is about corporate or industrial news or about government borrowing.,exact-hit,0,0,0,0,0,1.0,1.0,1.0,50447,,,,,7.875001756474376e-06,1.0,,exact,rcv1,100000,0
90,topic:CCAT#t0,The article is about corporate or industrial news.,exact-hit,0,0,0,0,0,1.0,1.0,1.0,47476,,,,,1.429201802238822e-05,1.0,,exact,rcv1,100000,0
91,topic:CCAT#t2,The report covers corporate or industrial news.,exact-hit,0,0,0,0,0,1.0,1.0,1.0,47476,,,,,6.707996362820268e-06,1.0,,exact,rcv1,100000,0
92,topic:CCAT#t1,This news story concerns corporate or industrial news.,exact-hit,0,0,0,0,0,1.0,1.0,1.0,47476,,,,,6.499991286545992e-06,1.0,,exact,rcv1,100000,0
93,topic:CCAT#t2,The report covers corporate or industrial news.,exact-hit,0,0,0,0,0,1.0,1.0,1.0,47476,,,,,5.62501372769475e-06,1.0,,exact,rcv1,100000,0
94,topic:C31#t2,The report covers markets or marketing.,cold,100000,100000,0,0,0,1.0,1.0,1.0,5009,,,,,0.0001580420066602528,1.0,,exact,rcv1,100000,0
95,topic:C18#t0,The article is about a change in the ownership of a company.,cold,100000,100000,0,0,0,1.0,1.0,1.0,6502,,,,,0.00015641699428670108,1.0,,exact,rcv1,100000,0
96,topic:C18#t0,The article is about a change in the ownership of a company.,exact-hit,0,0,0,0,0,1.0,1.0,1.0,6502,,,,,5.3340045269578695e-06,1.0,,exact,rcv1,100000,0
97,topic:C182#t2,The report covers a transfer of assets.,cold,100000,100000,0,0,0,1.0,1.0,1.0,554,,,,,0.00014062502305023372,1.0,,exact,rcv1,100000,0
98,topic:C182#t1,This news story concerns a transfer of assets.,cold,100000,100000,0,0,0,1.0,1.0,1.0,554,,,,,0.00013649999164044857,1.0,,exact,rcv1,100000,0
99,topic:C181#t0,The article is about a merger or an acquisition.,cold,100000,100000,0,0,0,1.0,1.0,1.0,5354,,,,,0.00015662499936297536,1.0,,exact,rcv1,100000,0
100,union:C181|GTOUR,The article is about a merger or an acquisition or about travel or tourism.,cold,100000,100000,0,0,0,1.0,1.0,1.0,5435,,,,,0.0006650419963989407,1.0,,exact,rcv1,100000,0
101,topic:CCAT#t0,The article is about corporate or industrial news.,exact-hit,0,0,0,0,0,1.0,1.0,1.0,47476,,,,,3.825000021606684e-05,1.0,,exact,rcv1,100000,0
102,topic:MCAT#t0,The article is about financial markets.,exact-hit,0,0,0,0,0,1.0,1.0,1.0,25556,,,,,2.274999860674143e-05,1.0,,exact,rcv1,100000,0
103,topic:ECAT#t1,This news story concerns economics.,exact-hit,0,0,0,0,0,1.0,1.0,1.0,15056,,,,,1.9416998839005828e-05,1.0,,exact,rcv1,100000,0
104,topic:ECAT#t2,The report covers economics.,exact-hit,0,0,0,0,0,1.0,1.0,1.0,15056,,,,,2.0291015971451998e-05,1.0,,exact,rcv1,100000,0
105,topic:CCAT#t1,This news story concerns corporate or industrial news.,exact-hit,0,0,0,0,0,1.0,1.0,1.0,47476,,,,,1.7915997887030244e-05,1.0,,exact,rcv1,100000,0
106,topic:CCAT#t2,The report covers corporate or industrial news.,exact-hit,0,0,0,0,0,1.0,1.0,1.0,47476,,,,,3.441699664108455e-05,1.0,,exact,rcv1,100000,0
107,topic:CCAT#t1,This news story concerns corporate or industrial news.,exact-hit,0,0,0,0,0,1.0,1.0,1.0,47476,,,,,1.9875005818903446e-05,1.0,,exact,rcv1,100000,0
108,topic:C23#t2,The report covers research and development.,cold,100000,100000,0,0,0,1.0,1.0,1.0,329,,,,,0.0005217500147409737,1.0,,exact,rcv1,100000,0
109,topic:C24#t1,This news story concerns production capacity or facilities.,cold,100000,100000,0,0,0,1.0,1.0,1.0,4069,,,,,0.00018524998449720442,1.0,,exact,rcv1,100000,0
110,topic:C41#t0,The article is about company management.,cold,100000,100000,0,0,0,1.0,1.0,1.0,1426,,,,,0.00014925000141374767,1.0,,exact,rcv1,100000,0
111,topic:GCAT#t1,This news story concerns government or social affairs.,exact-hit,0,0,0,0,0,1.0,1.0,1.0,29536,,,,,1.3749988283962011e-05,1.0,,exact,rcv1,100000,0
112,topic:GVOTE#t0,The article is about an election.,cold,100000,100000,0,0,0,1.0,1.0,1.0,1429,,,,,0.0001550830202177167,1.0,,exact,rcv1,100000,0
113,topic:GVOTE#t2,The report covers an election.,cold,100000,100000,0,0,0,1.0,1.0,1.0,1429,,,,,0.00014241700409911573,1.0,,exact,rcv1,100000,0
114,topic:GCAT#t1,This news story concerns government or social affairs.,exact-hit,0,0,0,0,0,1.0,1.0,1.0,29536,,,,,6.749993190169334e-06,1.0,,exact,rcv1,100000,0
115,topic:GWELF#t0,The article is about welfare or social services.,cold,100000,100000,0,0,0,1.0,1.0,1.0,239,,,,,0.00015191698912531137,1.0,,exact,rcv1,100000,0
116,topic:GPRO#t1,This news story concerns a biography or a profile of a person.,cold,100000,100000,0,0,0,1.0,1.0,1.0,687,,,,,0.0001482499937992543,1.0,,exact,rcv1,100000,0
117,topic:GCAT#t0,The article is about government or social affairs.,exact-hit,0,0,0,0,0,1.0,1.0,1.0,29536,,,,,8.125003660097718e-06,1.0,,exact,rcv1,100000,0
118,union:C13|GOBIT,The article is about the regulation of a company or an industry or about an obituary.,exact-hit,0,0,0,0,0,1.0,1.0,1.0,4773,,,,,7.875001756474376e-06,1.0,,exact,rcv1,100000,0
119,union:GWELF|C1511,The article is about welfare or social services or about a company's annual results.,cold,100000,100000,0,0,0,1.0,1.0,1.0,3172,,,,,0.0001763339969329536,1.0,,exact,rcv1,100000,0
0,topic:MCAT#t1,This news story concerns financial markets.,cold,100000,100000,0,0,0,1.0,1.0,1.0,25556,,,,,0.01306212498457171,1.0,,semreuse,rcv1,100000,0
1,topic:M11#t0,The article is about equity markets.,rewrite,100000,74444,29,25527,0,1.0,1.0,1.0,6003,1.0,False,1.0,False,0.003925249999156222,1.0,False,semreuse,rcv1,100000,0
2,topic:GCAT#t2,The report covers government or social affairs.,cold,100000,100000,0,0,0,1.0,1.0,1.0,29536,,,,,0.0008786660037003458,1.0,,semreuse,rcv1,100000,0
3,topic:GCAT#t1,This news story concerns government or social affairs.,rewrite,165,0,165,0,0,1.0,1.0,1.0,29536,0.9189673594595527,False,0.9026950162513543,False,0.00717079098103568,1.0,False,semreuse,rcv1,100000,0
4,topic:GCAT#t0,The article is about government or social affairs.,rewrite,165,0,165,0,0,1.0,1.0,1.0,29536,0.9189673594595527,False,0.9026950162513543,False,0.0070267500123009086,1.0,False,semreuse,rcv1,100000,0
5,union:GSPO|E121,The article is about sport or about the money supply.,cold,100000,100000,0,0,0,1.0,1.0,1.0,4582,,,,,0.0008379589999094605,1.0,,semreuse,rcv1,100000,0
6,topic:GCAT#t2,The report covers government or social affairs.,exact-hit,0,0,0,0,0,1.0,1.0,1.0,29536,,,,,1.1749973054975271e-05,1.0,,semreuse,rcv1,100000,0
7,topic:CCAT#t0,The article is about corporate or industrial news.,cold,100000,100000,0,0,0,1.0,1.0,1.0,47476,,,,,0.0008279579924419522,1.0,,semreuse,rcv1,100000,0
8,topic:C22#t1,This news story concerns a new product or a new service.,cold,100000,100000,0,0,0,1.0,1.0,1.0,797,,,,,0.0006867090123705566,1.0,,semreuse,rcv1,100000,0
9,topic:CCAT#t1,This news story concerns corporate or industrial news.,rewrite,95,0,95,0,0,1.0,1.0,1.0,47476,0.9193967089313682,False,0.9026455472238605,False,0.02253404099610634,1.0,False,semreuse,rcv1,100000,0
10,topic:CCAT#t2,The report covers corporate or industrial news.,rewrite,95,0,95,0,0,1.0,1.0,1.0,47476,0.9193967089313682,False,0.9026455472238605,False,0.006615624995902181,1.0,False,semreuse,rcv1,100000,0
11,topic:ECAT#t2,The report covers economics.,cold,100000,100000,0,0,0,1.0,1.0,1.0,15056,,,,,0.0008846249838825315,1.0,,semreuse,rcv1,100000,0
12,topic:ECAT#t2,The report covers economics.,exact-hit,0,0,0,0,0,1.0,1.0,1.0,15056,,,,,1.1374999303370714e-05,1.0,,semreuse,rcv1,100000,0
13,topic:ECAT#t1,This news story concerns economics.,rewrite,15280,14942,338,0,0,1.0,1.0,1.0,15056,0.9186202686202686,False,0.9994022316684378,False,0.006876958010252565,1.0,False,semreuse,rcv1,100000,0
14,topic:E21#t1,This news story concerns government finance.,cold,100000,100000,0,0,0,1.0,1.0,1.0,5520,,,,,0.0007814169803168625,1.0,,semreuse,rcv1,100000,0
15,topic:CCAT#t2,The report covers corporate or industrial news.,exact-hit,0,0,0,0,0,1.0,1.0,1.0,47476,0.9193967089313682,False,0.9026455472238605,False,1.1000025551766157e-05,1.0,False,semreuse,rcv1,100000,0
16,topic:CCAT#t0,The article is about corporate or industrial news.,exact-hit,0,0,0,0,0,1.0,1.0,1.0,47476,,,,,8.166010957211256e-06,1.0,,semreuse,rcv1,100000,0
17,topic:C16#t2,The report covers corporate insolvency or a liquidity problem.,rewrite,100000,74444,29,25527,0,1.0,1.0,1.0,250,1.0,False,1.0,False,0.0037850000080652535,1.0,False,semreuse,rcv1,100000,0
18,topic:ECAT#t0,The article is about economics.,rewrite,15332,15029,276,27,0,1.0,1.0,1.0,15056,0.9185528643767922,False,1.0,False,0.007492875010939315,1.0,False,semreuse,rcv1,100000,0
19,topic:E13#t1,This news story concerns inflation or prices.,cold,100000,100000,0,0,0,1.0,1.0,1.0,835,,,,,0.0009136250009760261,1.0,,semreuse,rcv1,100000,0
20,topic:E132#t2,The report covers wholesale prices.,rewrite,100000,84944,29,15027,0,1.0,1.0,1.0,122,1.0,False,1.0,False,0.0028605420084204525,1.0,False,semreuse,rcv1,100000,0
21,topic:E131#t2,The report covers consumer prices.,cold,100000,100000,0,0,0,1.0,1.0,1.0,716,,,,,0.03049929201370105,1.0,,semreuse,rcv1,100000,0
22,topic:E132#t0,The article is about wholesale prices.,rewrite,100000,60973,72,38955,0,1.0,1.0,1.0,122,1.0,False,1.0,False,0.009076791990082711,1.0,False,semreuse,rcv1,100000,0
23,topic:ECAT#t1,This news story concerns economics.,exact-hit,0,0,0,0,0,1.0,1.0,1.0,15056,0.9186202686202686,False,0.9994022316684378,False,2.8290989575907588e-05,1.0,False,semreuse,rcv1,100000,0
24,topic:E131#t2,The report covers consumer prices.,exact-hit,0,0,0,0,0,1.0,1.0,1.0,716,,,,,2.029098686762154e-05,1.0,,semreuse,rcv1,100000,0
25,topic:CCAT#t0,The article is about corporate or industrial news.,exact-hit,0,0,0,0,0,1.0,1.0,1.0,47476,,,,,1.8999999156221747e-05,1.0,,semreuse,rcv1,100000,0
26,topic:CCAT#t1,This news story concerns corporate or industrial news.,exact-hit,0,0,0,0,0,1.0,1.0,1.0,47476,0.9193967089313682,False,0.9026455472238605,False,9.58298915065825e-06,1.0,False,semreuse,rcv1,100000,0
27,topic:ECAT#t1,This news story concerns economics.,exact-hit,0,0,0,0,0,1.0,1.0,1.0,15056,0.9186202686202686,False,0.9994022316684378,False,3.308401210233569e-05,1.0,False,semreuse,rcv1,100000,0
28,topic:CCAT#t1,This news story concerns corporate or industrial news.,exact-hit,0,0,0,0,0,1.0,1.0,1.0,47476,0.9193967089313682,False,0.9026455472238605,False,2.5083019863814116e-05,1.0,False,semreuse,rcv1,100000,0
29,topic:CCAT#t1,This news story concerns corporate or industrial news.,exact-hit,0,0,0,0,0,1.0,1.0,1.0,47476,0.9193967089313682,False,0.9026455472238605,False,2.6124995201826096e-05,1.0,False,semreuse,rcv1,100000,0
30,topic:MCAT#t0,The article is about financial markets.,rewrite,25676,25556,120,0,0,1.0,1.0,1.0,25556,0.9190491602833819,False,1.0,False,0.02230312500614673,1.0,False,semreuse,rcv1,100000,0
31,topic:M12#t1,This news story concerns bond markets.,rewrite,100000,60973,72,38955,0,1.0,1.0,1.0,3260,1.0,False,1.0,False,0.0059430420224089175,1.0,False,semreuse,rcv1,100000,0
32,topic:MCAT#t2,The report covers financial markets.,rewrite,25676,25556,120,0,0,1.0,1.0,1.0,25556,0.9190491602833819,False,1.0,False,0.006305000017164275,1.0,False,semreuse,rcv1,100000,0
33,union:C13|GOBIT,The article is about the regulation of a company or an industry or about an obituary.,cold,100000,100000,0,0,0,1.0,1.0,1.0,4773,,,,,0.0008621249871794134,1.0,,semreuse,rcv1,100000,0
34,union:M132|E41,The article is about foreign exchange markets or about employment or the labour market.,cold,100000,100000,0,0,0,1.0,1.0,1.0,5448,,,,,0.0007636249938514084,1.0,,semreuse,rcv1,100000,0
35,topic:MCAT#t0,The article is about financial markets.,exact-hit,0,0,0,0,0,1.0,1.0,1.0,25556,0.9190491602833819,False,1.0,False,9.792012860998511e-06,1.0,False,semreuse,rcv1,100000,0
36,topic:CCAT#t2,The report covers corporate or industrial news.,exact-hit,0,0,0,0,0,1.0,1.0,1.0,47476,0.9193967089313682,False,0.9026455472238605,False,8.29098280519247e-06,1.0,False,semreuse,rcv1,100000,0
37,topic:ECAT#t0,The article is about economics.,exact-hit,0,0,0,0,0,1.0,1.0,1.0,15056,0.9185528643767922,False,1.0,False,8.083006832748652e-06,1.0,False,semreuse,rcv1,100000,0
38,topic:ECAT#t2,The report covers economics.,exact-hit,0,0,0,0,0,1.0,1.0,1.0,15056,,,,,7.790978997945786e-06,1.0,,semreuse,rcv1,100000,0
39,topic:CCAT#t1,This news story concerns corporate or industrial news.,exact-hit,0,0,0,0,0,1.0,1.0,1.0,47476,0.9193967089313682,False,0.9026455472238605,False,8.1659818533808e-06,1.0,False,semreuse,rcv1,100000,0
40,topic:CCAT#t0,The article is about corporate or industrial news.,exact-hit,0,0,0,0,0,1.0,1.0,1.0,47476,,,,,7.2499969974160194e-06,1.0,,semreuse,rcv1,100000,0
41,topic:C41#t1,This news story concerns company management.,rewrite,100000,52524,29,47447,0,1.0,1.0,1.0,1426,1.0,False,1.0,False,0.006753665977157652,1.0,False,semreuse,rcv1,100000,0
42,topic:ECAT#t2,The report covers economics.,exact-hit,0,0,0,0,0,1.0,1.0,1.0,15056,,,,,1.5666999388486147e-05,1.0,,semreuse,rcv1,100000,0
43,topic:ECAT#t0,The article is about economics.,exact-hit,0,0,0,0,0,1.0,1.0,1.0,15056,0.9185528643767922,False,1.0,False,9.16598946787417e-06,1.0,False,semreuse,rcv1,100000,0
44,topic:ECAT#t0,The article is about economics.,exact-hit,0,0,0,0,0,1.0,1.0,1.0,15056,0.9185528643767922,False,1.0,False,6.9160014390945435e-06,1.0,False,semreuse,rcv1,100000,0
45,topic:E11#t2,The report covers economic performance.,rewrite,41390,39027,2363,0,0,1.0,1.0,1.0,1070,0.9200343938091143,False,1.0,False,0.005854000017279759,1.0,False,semreuse,rcv1,100000,0
46,topic:E11#t1,This news story concerns economic performance.,rewrite,41390,39027,2363,0,0,1.0,1.0,1.0,1070,0.9200343938091143,False,1.0,False,0.03524904200457968,1.0,False,semreuse,rcv1,100000,0
47,topic:E61#t2,The report covers housing starts.,cold,100000,100000,0,0,0,1.0,1.0,1.0,46,,,,,0.0011150840146001428,1.0,,semreuse,rcv1,100000,0
48,topic:E13#t0,The article is about inflation or prices.,rewrite,99201,14221,4036,80944,0,1.0,1.0,1.0,835,1.0,False,0.9053892215568863,False,0.004846124997129664,1.0,False,semreuse,rcv1,100000,0
49,topic:E132#t0,The article is about wholesale prices.,exact-hit,0,0,0,0,0,1.0,1.0,1.0,122,1.0,False,1.0,False,1.4457997167482972e-05,1.0,False,semreuse,rcv1,100000,0
50,topic:E13#t2,The report covers inflation or prices.,rewrite,99201,14221,4036,80944,0,1.0,1.0,1.0,835,1.0,False,0.9053892215568863,False,0.004640958009986207,1.0,False,semreuse,rcv1,100000,0
51,topic:E61#t1,This news story concerns housing starts.,rewrite,99990,0,4036,95954,0,1.0,1.0,1.0,46,1.0,False,0.9565217391304348,False,0.004118832992389798,1.0,False,semreuse,rcv1,100000,0
52,union:GSPO|E121,The article is about sport or about the money supply.,exact-hit,0,0,0,0,0,1.0,1.0,1.0,4582,,,,,3.033402026630938e-05,1.0,,semreuse,rcv1,100000,0
53,topic:E11#t1,This news story concerns economic performance.,exact-hit,0,0,0,0,0,1.0,1.0,1.0,1070,0.9200343938091143,False,1.0,False,9.916984708979726e-06,1.0,False,semreuse,rcv1,100000,0
54,topic:MCAT#t0,The article is about financial markets.,exact-hit,0,0,0,0,0,1.0,1.0,1.0,25556,0.9190491602833819,False,1.0,False,9.584007784724236e-06,1.0,False,semreuse,rcv1,100000,0
55,union:GVOTE|C174,The article is about an election or about a credit rating.,rewrite,100000,68376,117,31507,0,1.0,1.0,1.0,2107,1.0,False,1.0,False,0.005482416978338733,1.0,False,semreuse,rcv1,100000,0
56,topic:CCAT#t2,The report covers corporate or industrial news.,exact-hit,0,0,0,0,0,1.0,1.0,1.0,47476,0.9193967089313682,False,0.9026455472238605,False,1.5792000340297818e-05,1.0,False,semreuse,rcv1,100000,0
57,topic:ECAT#t0,The article is about economics.,exact-hit,0,0,0,0,0,1.0,1.0,1.0,15056,0.9185528643767922,False,1.0,False,1.0332994861528277e-05,1.0,False,semreuse,rcv1,100000,0
58,topic:E11#t0,The article is about economic performance.,rewrite,41390,39027,2363,0,0,1.0,1.0,1.0,1070,0.9200343938091143,False,1.0,False,0.0459194160066545,1.0,False,semreuse,rcv1,100000,0
59,topic:E11#t1,This news story concerns economic performance.,exact-hit,0,0,0,0,0,1.0,1.0,1.0,1070,0.9200343938091143,False,1.0,False,1.6874982975423336e-05,1.0,False,semreuse,rcv1,100000,0
60,union:GVOTE|C174,The article is about an election or about a credit rating.,exact-hit,0,0,0,0,0,1.0,1.0,1.0,2107,1.0,False,1.0,False,9.957992006093264e-06,1.0,False,semreuse,rcv1,100000,0
61,topic:E21#t0,The article is about government finance.,rewrite,6440,5518,920,2,0,1.0,1.0,1.0,5520,0.9189279174296654,False,1.0,False,0.007311416993616149,1.0,False,semreuse,rcv1,100000,0
62,topic:ECAT#t2,The report covers economics.,exact-hit,0,0,0,0,0,1.0,1.0,1.0,15056,,,,,1.7166981706395745e-05,1.0,,semreuse,rcv1,100000,0
63,topic:E51#t1,This news story concerns trade or foreign reserves.,cold,100000,100000,0,0,0,1.0,1.0,1.0,2705,,,,,0.013433749991236255,1.0,,semreuse,rcv1,100000,0
64,topic:MCAT#t0,The article is about financial markets.,exact-hit,0,0,0,0,0,1.0,1.0,1.0,25556,0.9190491602833819,False,1.0,False,2.7040980057790875e-05,1.0,False,semreuse,rcv1,100000,0
65,union:CCAT|E212,The article is about corporate or industrial news or about government borrowing.,rewrite,52563,40969,117,11477,0,1.0,1.0,1.0,50447,1.0,False,0.9062580530061253,False,0.0066737919987645,1.0,False,semreuse,rcv1,100000,0
66,topic:M12#t2,The report covers bond markets.,rewrite,36871,35767,1104,0,0,1.0,1.0,1.0,3260,0.9190877850671665,False,0.9024539877300614,False,0.007116708991816267,1.0,False,semreuse,rcv1,100000,0
67,topic:ECAT#t2,The report covers economics.,exact-hit,0,0,0,0,0,1.0,1.0,1.0,15056,,,,,1.7582991858944297e-05,1.0,,semreuse,rcv1,100000,0
68,topic:GCAT#t2,The report covers government or social affairs.,exact-hit,0,0,0,0,0,1.0,1.0,1.0,29536,,,,,9.583978680893779e-06,1.0,,semreuse,rcv1,100000,0
69,union:GODD|C23,The article is about a human interest story or about research and development.,cold,100000,100000,0,0,0,1.0,1.0,1.0,652,,,,,0.0009685840050224215,1.0,,semreuse,rcv1,100000,0
70,topic:GCAT#t0,The article is about government or social affairs.,exact-hit,0,0,0,0,0,1.0,1.0,1.0,29536,0.9189673594595527,False,0.9026950162513543,False,2.0916020730510354e-05,1.0,False,semreuse,rcv1,100000,0
71,topic:GSCI#t1,This news story concerns science or technology.,cold,100000,100000,0,0,0,1.0,1.0,1.0,281,,,,,0.0008377499761991203,1.0,,semreuse,rcv1,100000,0
72,topic:GCAT#t1,This news story concerns government or social affairs.,exact-hit,0,0,0,0,0,1.0,1.0,1.0,29536,0.9189673594595527,False,0.9026950162513543,False,1.708397758193314e-05,1.0,False,semreuse,rcv1,100000,0
73,topic:GTOUR#t1,This news story concerns travel or tourism.,cold,100000,100000,0,0,0,1.0,1.0,1.0,81,,,,,0.0008262909832410514,1.0,,semreuse,rcv1,100000,0
74,topic:GTOUR#t0,The article is about travel or tourism.,rewrite,99955,0,4036,95919,0,1.0,1.0,1.0,81,1.0,False,0.9259259259259259,False,0.004256457992596552,1.0,False,semreuse,rcv1,100000,0
75,topic:GTOUR#t2,The report covers travel or tourism.,rewrite,99955,0,4036,95919,0,1.0,1.0,1.0,81,1.0,False,0.9259259259259259,False,0.017229707998922095,1.0,False,semreuse,rcv1,100000,0
76,topic:GTOUR#t0,The article is about travel or tourism.,exact-hit,0,0,0,0,0,1.0,1.0,1.0,81,1.0,False,0.9259259259259259,False,1.575000351294875e-05,1.0,False,semreuse,rcv1,100000,0
77,topic:GTOUR#t2,The report covers travel or tourism.,exact-hit,0,0,0,0,0,1.0,1.0,1.0,81,1.0,False,0.9259259259259259,False,8.000002708286047e-06,1.0,False,semreuse,rcv1,100000,0
78,topic:GCAT#t0,The article is about government or social affairs.,exact-hit,0,0,0,0,0,1.0,1.0,1.0,29536,0.9189673594595527,False,0.9026950162513543,False,8.37500556372106e-06,1.0,False,semreuse,rcv1,100000,0
79,topic:GCAT#t0,The article is about government or social affairs.,exact-hit,0,0,0,0,0,1.0,1.0,1.0,29536,0.9189673594595527,False,0.9026950162513543,False,7.833994459360838e-06,1.0,False,semreuse,rcv1,100000,0
80,topic:GWEA#t0,The article is about the weather.,cold,100000,100000,0,0,0,1.0,1.0,1.0,497,,,,,0.0010336249833926558,1.0,,semreuse,rcv1,100000,0
81,topic:GJOB#t2,The report covers labour issues.,rewrite,100000,1007,4036,94957,0,1.0,1.0,1.0,2158,1.0,False,1.0,False,0.010161749989492819,1.0,False,semreuse,rcv1,100000,0
82,union:C152|GWEA,The article is about commentary or forecasts about a company's results or about the weather.,rewrite,99532,99503,29,0,0,1.0,1.0,1.0,9472,1.0,False,0.9950380067567568,False,0.001780041988240555,1.0,False,semreuse,rcv1,100000,0
83,union:GCRIM|E31,The article is about crime or law enforcement or about economic output or capacity.,rewrite,100000,84944,29,15027,0,1.0,1.0,1.0,4296,1.0,False,1.0,False,0.0036094590032007545,1.0,False,semreuse,rcv1,100000,0
84,topic:GENT#t2,"The report covers arts, culture or entertainment.",cold,100000,100000,0,0,0,1.0,1.0,1.0,472,,,,,0.0010778750001918525,1.0,,semreuse,rcv1,100000,0
85,topic:GDIS#t0,The article is about a disaster or an accident.,cold,100000,100000,0,0,0,1.0,1.0,1.0,1074,,,,,0.0009383750148117542,1.0,,semreuse,rcv1,100000,0
86,topic:GENT#t0,"The article is about arts, culture or entertainment.",rewrite,99564,0,4036,95528,0,1.0,1.0,1.0,472,1.0,False,0.9067796610169492,False,0.012363833986455575,1.0,False,semreuse,rcv1,100000,0
87,topic:GJOB#t0,The article is about labour issues.,rewrite,7327,5448,1879,0,0,1.0,0.9670991658943466,0.9832744405182567,2158,0.9193832599118943,False,1.0,False,0.013572374999057502,0.9670991658943466,False,semreuse,rcv1,100000,0
88,topic:GSPO#t2,The report covers sport.,rewrite,5496,4582,914,0,0,1.0,1.0,1.0,4326,0.9188615123194562,False,1.0,False,0.007151792000513524,1.0,False,semreuse,rcv1,100000,0
89,union:CCAT|E212,The article is about corporate or industrial news or about government borrowing.,exact-hit,0,0,0,0,0,1.0,1.0,1.0,50447,1.0,False,0.9062580530061253,False,2.8417009161785245e-05,1.0,False,semreuse,rcv1,100000,0
90,topic:CCAT#t0,The article is about corporate or industrial news.,exact-hit,0,0,0,0,0,1.0,1.0,1.0,47476,,,,,9.916984708979726e-06,1.0,,semreuse,rcv1,100000,0
91,topic:CCAT#t2,The report covers corporate or industrial news.,exact-hit,0,0,0,0,0,1.0,1.0,1.0,47476,0.9193967089313682,False,0.9026455472238605,False,8.292001439258456e-06,1.0,False,semreuse,rcv1,100000,0
92,topic:CCAT#t1,This news story concerns corporate or industrial news.,exact-hit,0,0,0,0,0,1.0,1.0,1.0,47476,0.9193967089313682,False,0.9026455472238605,False,7.833994459360838e-06,1.0,False,semreuse,rcv1,100000,0
93,topic:CCAT#t2,The report covers corporate or industrial news.,exact-hit,0,0,0,0,0,1.0,1.0,1.0,47476,0.9193967089313682,False,0.9026455472238605,False,6.62502134218812e-06,1.0,False,semreuse,rcv1,100000,0
94,topic:C31#t2,The report covers markets or marketing.,rewrite,100000,3260,0,96740,0,1.0,1.0,1.0,5009,1.0,False,1.0,False,0.0025067910028155893,1.0,False,semreuse,rcv1,100000,0
95,topic:C18#t0,The article is about a change in the ownership of a company.,rewrite,100000,52524,29,47447,0,1.0,1.0,1.0,6502,1.0,False,1.0,False,0.006374625023454428,1.0,False,semreuse,rcv1,100000,0
96,topic:C18#t0,The article is about a change in the ownership of a company.,exact-hit,0,0,0,0,0,1.0,1.0,1.0,6502,1.0,False,1.0,False,1.4917022781446576e-05,1.0,False,semreuse,rcv1,100000,0
97,topic:C182#t2,The report covers a transfer of assets.,rewrite,100000,0,0,100000,0,1.0,1.0,1.0,554,1.0,False,1.0,False,0.0021177090238779783,1.0,False,semreuse,rcv1,100000,0
98,topic:C182#t1,This news story concerns a transfer of assets.,rewrite,100000,554,4000,95446,0,1.0,1.0,1.0,554,1.0,False,1.0,False,0.005734582984587178,1.0,False,semreuse,rcv1,100000,0
99,topic:C181#t0,The article is about a merger or an acquisition.,rewrite,100000,51527,72,48401,0,1.0,1.0,1.0,5354,1.0,False,1.0,False,0.00682537499233149,1.0,False,semreuse,rcv1,100000,0
100,union:C181|GTOUR,The article is about a merger or an acquisition or about travel or tourism.,rewrite,94637,94565,72,0,0,1.0,1.0,1.0,5435,1.0,False,0.9034038638454461,False,0.031130292016314343,1.0,False,semreuse,rcv1,100000,0
101,topic:CCAT#t0,The article is about corporate or industrial news.,exact-hit,0,0,0,0,0,1.0,1.0,1.0,47476,,,,,1.783299376256764e-05,1.0,,semreuse,rcv1,100000,0
102,topic:MCAT#t0,The article is about financial markets.,exact-hit,0,0,0,0,0,1.0,1.0,1.0,25556,0.9190491602833819,False,1.0,False,9.083974873647094e-06,1.0,False,semreuse,rcv1,100000,0
103,topic:ECAT#t1,This news story concerns economics.,exact-hit,0,0,0,0,0,1.0,1.0,1.0,15056,0.9186202686202686,False,0.9994022316684378,False,8.750008419156075e-06,1.0,False,semreuse,rcv1,100000,0
104,topic:ECAT#t2,The report covers economics.,exact-hit,0,0,0,0,0,1.0,1.0,1.0,15056,,,,,7.0420210249722e-06,1.0,,semreuse,rcv1,100000,0
105,topic:CCAT#t1,This news story concerns corporate or industrial news.,exact-hit,0,0,0,0,0,1.0,1.0,1.0,47476,0.9193967089313682,False,0.9026455472238605,False,8.209026418626308e-06,1.0,False,semreuse,rcv1,100000,0
106,topic:CCAT#t2,The report covers corporate or industrial news.,exact-hit,0,0,0,0,0,1.0,1.0,1.0,47476,0.9193967089313682,False,0.9026455472238605,False,7.166992872953415e-06,1.0,False,semreuse,rcv1,100000,0
107,topic:CCAT#t1,This news story concerns corporate or industrial news.,exact-hit,0,0,0,0,0,1.0,1.0,1.0,47476,0.9193967089313682,False,0.9026455472238605,False,7.0829992182552814e-06,1.0,False,semreuse,rcv1,100000,0
108,topic:C23#t2,The report covers research and development.,cold,100000,100000,0,0,0,1.0,1.0,1.0,329,,,,,0.0010994169861078262,1.0,,semreuse,rcv1,100000,0
109,topic:C24#t1,This news story concerns production capacity or facilities.,rewrite,48721,46554,663,1504,0,1.0,1.0,1.0,4069,0.9189250225835591,False,1.0,False,0.005801833001896739,1.0,False,semreuse,rcv1,100000,0
110,topic:C41#t0,The article is about company management.,rewrite,48093,46050,2043,0,0,1.0,1.0,1.0,1426,0.9200571020699501,False,0.9039270687237027,False,0.006396375014446676,1.0,False,semreuse,rcv1,100000,0
111,topic:GCAT#t1,This news story concerns government or social affairs.,exact-hit,0,0,0,0,0,1.0,1.0,1.0,29536,0.9189673594595527,False,0.9026950162513543,False,1.4499993994832039e-05,1.0,False,semreuse,rcv1,100000,0
112,topic:GVOTE#t0,The article is about an election.,rewrite,4949,2107,2842,0,0,1.0,1.0,1.0,1429,0.9195624195624196,False,1.0,False,0.025233292020857334,1.0,False,semreuse,rcv1,100000,0
113,topic:GVOTE#t2,The report covers an election.,rewrite,4036,0,4036,0,0,1.0,1.0,1.0,1429,0.9182658137882018,False,0.9041287613715885,False,0.007071250001899898,1.0,False,semreuse,rcv1,100000,0
114,topic:GCAT#t1,This news story concerns government or social affairs.,exact-hit,0,0,0,0,0,1.0,1.0,1.0,29536,0.9189673594595527,False,0.9026950162513543,False,1.4833000022917986e-05,1.0,False,semreuse,rcv1,100000,0
115,topic:GWELF#t0,The article is about welfare or social services.,rewrite,100000,0,4036,95964,0,1.0,1.0,1.0,239,1.0,False,1.0,False,0.006847832992207259,1.0,False,semreuse,rcv1,100000,0
116,topic:GPRO#t1,This news story concerns a biography or a profile of a person.,rewrite,100000,0,0,100000,0,1.0,1.0,1.0,687,1.0,False,1.0,False,0.0020092079939786345,1.0,False,semreuse,rcv1,100000,0
117,topic:GCAT#t0,The article is about government or social affairs.,exact-hit,0,0,0,0,0,1.0,1.0,1.0,29536,0.9189673594595527,False,0.9026950162513543,False,1.6082980437204242e-05,1.0,False,semreuse,rcv1,100000,0
118,union:C13|GOBIT,The article is about the regulation of a company or an industry or about an obituary.,exact-hit,0,0,0,0,0,1.0,1.0,1.0,4773,,,,,2.2332998923957348e-05,1.0,,semreuse,rcv1,100000,0
119,union:GWELF|C1511,The article is about welfare or social services or about a company's annual results.,rewrite,99797,70464,72,29261,0,1.0,1.0,1.0,3172,1.0,False,0.9933795712484237,False,0.005677750014001504,1.0,False,semreuse,rcv1,100000,0
0,topic:MCAT#t1,This news story concerns financial markets.,cold,100000,100000,0,0,0,1.0,1.0,1.0,25556,,,,,0.001060250011505559,1.0,,semreuse-gt,rcv1,100000,0
1,topic:M11#t0,The article is about equity markets.,rewrite,26069,25556,513,0,0,1.0,1.0,1.0,6003,0.918732782369146,False,1.0,False,0.014220875018509105,1.0,False,semreuse-gt,rcv1,100000,0
2,topic:GCAT#t2,The report covers government or social affairs.,cold,100000,100000,0,0,0,1.0,1.0,1.0,29536,,,,,0.000806416996056214,1.0,,semreuse-gt,rcv1,100000,0
3,topic:GCAT#t1,This news story concerns government or social affairs.,rewrite,165,0,165,0,0,1.0,1.0,1.0,29536,0.9189673594595527,False,0.9026950162513543,False,0.007150208984967321,1.0,False,semreuse-gt,rcv1,100000,0
4,topic:GCAT#t0,The article is about government or social affairs.,rewrite,165,0,165,0,0,1.0,1.0,1.0,29536,0.9189673594595527,False,0.9026950162513543,False,0.00715454199234955,1.0,False,semreuse-gt,rcv1,100000,0
5,union:GSPO|E121,The article is about sport or about the money supply.,rewrite,94050,93997,53,0,0,1.0,1.0,1.0,4582,0.9195263897250652,False,1.0,False,0.0034677500079851598,1.0,False,semreuse-gt,rcv1,100000,0
6,topic:GCAT#t2,The report covers government or social affairs.,exact-hit,0,0,0,0,0,1.0,1.0,1.0,29536,,,,,1.3957993360236287e-05,1.0,,semreuse-gt,rcv1,100000,0
7,topic:CCAT#t0,The article is about corporate or industrial news.,cold,100000,100000,0,0,0,1.0,1.0,1.0,47476,,,,,0.0012127080117352307,1.0,,semreuse-gt,rcv1,100000,0
8,topic:C22#t1,This news story concerns a new product or a new service.,rewrite,50466,47429,3037,0,0,1.0,1.0,1.0,797,0.9213872832369943,False,1.0,False,0.005806750006740913,1.0,False,semreuse-gt,rcv1,100000,0
9,topic:CCAT#t1,This news story concerns corporate or industrial news.,rewrite,95,0,95,0,0,1.0,1.0,1.0,47476,0.9193967089313682,False,0.9026455472238605,False,0.012669832998653874,1.0,False,semreuse-gt,rcv1,100000,0
10,topic:CCAT#t2,The report covers corporate or industrial news.,rewrite,95,0,95,0,0,1.0,1.0,1.0,47476,0.9193967089313682,False,0.9026455472238605,False,0.0776183339767158,1.0,False,semreuse-gt,rcv1,100000,0
11,topic:ECAT#t2,The report covers economics.,cold,100000,100000,0,0,0,1.0,1.0,1.0,15056,,,,,0.002415333001408726,1.0,,semreuse-gt,rcv1,100000,0
12,topic:ECAT#t2,The report covers economics.,exact-hit,0,0,0,0,0,1.0,1.0,1.0,15056,,,,,1.5416997484862804e-05,1.0,,semreuse-gt,rcv1,100000,0
13,topic:ECAT#t1,This news story concerns economics.,rewrite,342,0,342,0,0,1.0,1.0,1.0,15056,0.9185645739001149,False,0.9027630180658873,False,0.00820579199353233,1.0,False,semreuse-gt,rcv1,100000,0
14,topic:E21#t1,This news story concerns government finance.,rewrite,15756,15049,707,0,0,1.0,1.0,1.0,5520,0.918774966711052,False,1.0,False,0.007472666999092326,1.0,False,semreuse-gt,rcv1,100000,0
15,topic:CCAT#t2,The report covers corporate or industrial news.,exact-hit,0,0,0,0,0,1.0,1.0,1.0,47476,0.9193967089313682,False,0.9026455472238605,False,1.8041988369077444e-05,1.0,False,semreuse-gt,rcv1,100000,0
16,topic:CCAT#t0,The article is about corporate or industrial news.,exact-hit,0,0,0,0,0,1.0,1.0,1.0,47476,,,,,1.029099803417921e-05,1.0,,semreuse-gt,rcv1,100000,0
17,topic:C16#t2,The report covers corporate insolvency or a liquidity problem.,rewrite,100000,46632,4000,49368,0,1.0,1.0,1.0,250,1.0,False,1.0,False,0.004876875027548522,1.0,False,semreuse-gt,rcv1,100000,0
18,topic:ECAT#t0,The article is about economics.,rewrite,391,0,391,0,0,1.0,1.0,1.0,15056,0.9186920316837045,False,0.9013018065887354,False,0.00864508398808539,1.0,False,semreuse-gt,rcv1,100000,0
19,topic:E13#t1,This news story concerns inflation or prices.,rewrite,19011,15011,4000,0,0,1.0,1.0,1.0,835,0.9027027027027027,False,1.0,False,0.025608875002944842,1.0,False,semreuse-gt,rcv1,100000,0
20,topic:E132#t2,The report covers wholesale prices.,rewrite,100000,835,4000,95165,0,1.0,1.0,1.0,122,1.0,False,1.0,False,0.006427750020520762,1.0,False,semreuse-gt,rcv1,100000,0
21,topic:E131#t2,The report covers consumer prices.,rewrite,100000,835,4000,95165,0,1.0,1.0,1.0,716,1.0,False,1.0,False,0.02347745801671408,1.0,False,semreuse-gt,rcv1,100000,0
22,topic:E132#t0,The article is about wholesale prices.,rewrite,99914,0,4036,95878,0,1.0,1.0,1.0,122,1.0,False,0.9180327868852459,False,0.007929584011435509,1.0,False,semreuse-gt,rcv1,100000,0
23,topic:ECAT#t1,This news story concerns economics.,exact-hit,0,0,0,0,0,1.0,1.0,1.0,15056,0.9185645739001149,False,0.9027630180658873,False,1.8292019376531243e-05,1.0,False,semreuse-gt,rcv1,100000,0
24,topic:E131#t2,The report covers consumer prices.,exact-hit,0,0,0,0,0,1.0,1.0,1.0,716,1.0,False,1.0,False,9.167008101940155e-06,1.0,False,semreuse-gt,rcv1,100000,0
25,topic:CCAT#t0,The article is about corporate or industrial news.,exact-hit,0,0,0,0,0,1.0,1.0,1.0,47476,,,,,8.542003342881799e-06,1.0,,semreuse-gt,rcv1,100000,0
26,topic:CCAT#t1,This news story concerns corporate or industrial news.,exact-hit,0,0,0,0,0,1.0,1.0,1.0,47476,0.9193967089313682,False,0.9026455472238605,False,8.66700429469347e-06,1.0,False,semreuse-gt,rcv1,100000,0
27,topic:ECAT#t1,This news story concerns economics.,exact-hit,0,0,0,0,0,1.0,1.0,1.0,15056,0.9185645739001149,False,0.9027630180658873,False,7.708003977313638e-06,1.0,False,semreuse-gt,rcv1,100000,0
28,topic:CCAT#t1,This news story concerns corporate or industrial news.,exact-hit,0,0,0,0,0,1.0,1.0,1.0,47476,0.9193967089313682,False,0.9026455472238605,False,6.500020390376449e-06,1.0,False,semreuse-gt,rcv1,100000,0
29,topic:CCAT#t1,This news story concerns corporate or industrial news.,exact-hit,0,0,0,0,0,1.0,1.0,1.0,47476,0.9193967089313682,False,0.9026455472238605,False,6.542017217725515e-06,1.0,False,semreuse-gt,rcv1,100000,0
30,topic:MCAT#t0,The article is about financial markets.,rewrite,242,0,242,0,0,1.0,1.0,1.0,25556,0.9188445118301879,False,0.901119110971983,False,0.011213750025490299,1.0,False,semreuse-gt,rcv1,100000,0
31,topic:M12#t1,This news story concerns bond markets.,rewrite,26605,25555,1050,0,0,1.0,1.0,1.0,3260,0.919086552015788,False,1.0,False,0.007481084001483396,1.0,False,semreuse-gt,rcv1,100000,0
32,topic:MCAT#t2,The report covers financial markets.,rewrite,242,0,242,0,0,1.0,1.0,1.0,25556,0.9188445118301879,False,0.901119110971983,False,0.009205292008118704,1.0,False,semreuse-gt,rcv1,100000,0
33,union:C13|GOBIT,The article is about the regulation of a company or an industry or about an obituary.,rewrite,99898,99878,20,0,0,1.0,1.0,1.0,4773,0.9962429555416406,False,1.0,False,0.028626874991459772,1.0,False,semreuse-gt,rcv1,100000,0
34,union:M132|E41,The article is about foreign exchange markets or about employment or the labour market.,cold,100000,100000,0,0,0,1.0,1.0,1.0,5448,,,,,0.002583333000075072,1.0,,semreuse-gt,rcv1,100000,0
35,topic:MCAT#t0,The article is about financial markets.,exact-hit,0,0,0,0,0,1.0,1.0,1.0,25556,0.9188445118301879,False,0.901119110971983,False,1.2499978765845299e-05,1.0,False,semreuse-gt,rcv1,100000,0
36,topic:CCAT#t2,The report covers corporate or industrial news.,exact-hit,0,0,0,0,0,1.0,1.0,1.0,47476,0.9193967089313682,False,0.9026455472238605,False,1.0374991688877344e-05,1.0,False,semreuse-gt,rcv1,100000,0
37,topic:ECAT#t0,The article is about economics.,exact-hit,0,0,0,0,0,1.0,1.0,1.0,15056,0.9186920316837045,False,0.9013018065887354,False,8.125003660097718e-06,1.0,False,semreuse-gt,rcv1,100000,0
38,topic:ECAT#t2,The report covers economics.,exact-hit,0,0,0,0,0,1.0,1.0,1.0,15056,,,,,8.417002391070127e-06,1.0,,semreuse-gt,rcv1,100000,0
39,topic:CCAT#t1,This news story concerns corporate or industrial news.,exact-hit,0,0,0,0,0,1.0,1.0,1.0,47476,0.9193967089313682,False,0.9026455472238605,False,8.208997314795852e-06,1.0,False,semreuse-gt,rcv1,100000,0
40,topic:CCAT#t0,The article is about corporate or industrial news.,exact-hit,0,0,0,0,0,1.0,1.0,1.0,47476,,,,,7.916009053587914e-06,1.0,,semreuse-gt,rcv1,100000,0
41,topic:C41#t1,This news story concerns company management.,rewrite,49254,47439,1815,0,0,1.0,1.0,1.0,1426,0.92,False,1.0,False,0.007350750005571172,1.0,False,semreuse-gt,rcv1,100000,0
42,topic:ECAT#t2,The report covers economics.,exact-hit,0,0,0,0,0,1.0,1.0,1.0,15056,,,,,3.0458002584055066e-05,1.0,,semreuse-gt,rcv1,100000,0
43,topic:ECAT#t0,The article is about economics.,exact-hit,0,0,0,0,0,1.0,1.0,1.0,15056,0.9186920316837045,False,0.9013018065887354,False,1.1082971468567848e-05,1.0,False,semreuse-gt,rcv1,100000,0
44,topic:ECAT#t0,The article is about economics.,exact-hit,0,0,0,0,0,1.0,1.0,1.0,15056,0.9186920316837045,False,0.9013018065887354,False,6.999995093792677e-06,1.0,False,semreuse-gt,rcv1,100000,0
45,topic:E11#t2,The report covers economic performance.,rewrite,18594,14934,3660,0,0,1.0,1.0,1.0,1070,0.9200343938091143,False,1.0,False,0.05590041697723791,1.0,False,semreuse-gt,rcv1,100000,0
46,topic:E11#t1,This news story concerns economic performance.,rewrite,98966,0,4036,94930,0,1.0,1.0,1.0,1070,1.0,False,0.9046728971962616,False,0.007681375020183623,1.0,False,semreuse-gt,rcv1,100000,0
47,topic:E61#t2,The report covers housing starts.,rewrite,100000,7874,4000,88126,0,1.0,1.0,1.0,46,1.0,False,1.0,False,0.010012334008933976,1.0,False,semreuse-gt,rcv1,100000,0
48,topic:E13#t0,The article is about inflation or prices.,rewrite,99249,0,4084,95165,0,1.0,1.0,1.0,835,1.0,False,0.9077844311377246,False,0.007746708986815065,1.0,False,semreuse-gt,rcv1,100000,0
49,topic:E132#t0,The article is about wholesale prices.,exact-hit,0,0,0,0,0,1.0,1.0,1.0,122,1.0,False,0.9180327868852459,False,1.7208978533744812e-05,1.0,False,semreuse-gt,rcv1,100000,0
50,topic:E13#t2,The report covers inflation or prices.,rewrite,99249,0,4084,95165,0,1.0,1.0,1.0,835,1.0,False,0.9077844311377246,False,0.007800874998793006,1.0,False,semreuse-gt,rcv1,100000,0
51,topic:E61#t1,This news story concerns housing starts.,rewrite,99990,0,4036,95954,0,1.0,1.0,1.0,46,1.0,False,0.9565217391304348,False,0.032894125004531816,1.0,False,semreuse-gt,rcv1,100000,0
52,union:GSPO|E121,The article is about sport or about the money supply.,exact-hit,0,0,0,0,0,1.0,1.0,1.0,4582,0.9195263897250652,False,1.0,False,1.9708008039742708e-05,1.0,False,semreuse-gt,rcv1,100000,0
53,topic:E11#t1,This news story concerns economic performance.,exact-hit,0,0,0,0,0,1.0,1.0,1.0,1070,1.0,False,0.9046728971962616,False,1.0124989785254002e-05,1.0,False,semreuse-gt,rcv1,100000,0
54,topic:MCAT#t0,The article is about financial markets.,exact-hit,0,0,0,0,0,1.0,1.0,1.0,25556,0.9188445118301879,False,0.901119110971983,False,8.583010639995337e-06,1.0,False,semreuse-gt,rcv1,100000,0
55,union:GVOTE|C174,The article is about an election or about a credit rating.,rewrite,92973,92785,188,0,0,1.0,1.0,1.0,2107,0.9196857267568748,False,1.0,False,0.11599433299852535,1.0,False,semreuse-gt,rcv1,100000,0
56,topic:CCAT#t2,The report covers corporate or industrial news.,exact-hit,0,0,0,0,0,1.0,1.0,1.0,47476,0.9193967089313682,False,0.9026455472238605,False,4.783298936672509e-05,1.0,False,semreuse-gt,rcv1,100000,0
57,topic:ECAT#t0,The article is about economics.,exact-hit,0,0,0,0,0,1.0,1.0,1.0,15056,0.9186920316837045,False,0.9013018065887354,False,2.4708017008379102e-05,1.0,False,semreuse-gt,rcv1,100000,0
58,topic:E11#t0,The article is about economic performance.,rewrite,98966,0,4036,94930,0,1.0,1.0,1.0,1070,1.0,False,0.9046728971962616,False,0.010019542009104043,1.0,False,semreuse-gt,rcv1,100000,0
59,topic:E11#t1,This news story concerns economic performance.,exact-hit,0,0,0,0,0,1.0,1.0,1.0,1070,1.0,False,0.9046728971962616,False,3.083300543949008e-05,1.0,False,semreuse-gt,rcv1,100000,0
60,union:GVOTE|C174,The article is about an election or about a credit rating.,exact-hit,0,0,0,0,0,1.0,1.0,1.0,2107,0.9196857267568748,False,1.0,False,1.6667007002979517e-05,1.0,False,semreuse-gt,rcv1,100000,0
61,topic:E21#t0,The article is about government finance.,rewrite,1055,0,1055,0,0,1.0,1.0,1.0,5520,0.9188940092165898,False,0.9030797101449275,False,0.059438041993416846,1.0,False,semreuse-gt,rcv1,100000,0
62,topic:ECAT#t2,The report covers economics.,exact-hit,0,0,0,0,0,1.0,1.0,1.0,15056,,,,,2.0374980522319674e-05,1.0,,semreuse-gt,rcv1,100000,0
63,topic:E51#t1,This news story concerns trade or foreign reserves.,rewrite,16520,14972,1548,0,0,1.0,1.0,1.0,2705,0.9191301393136255,False,1.0,False,0.022147332987515256,1.0,False,semreuse-gt,rcv1,100000,0
64,topic:MCAT#t0,The article is about financial markets.,exact-hit,0,0,0,0,0,1.0,1.0,1.0,25556,0.9188445118301879,False,0.901119110971983,False,1.895800232887268e-05,1.0,False,semreuse-gt,rcv1,100000,0
65,union:CCAT|E212,The article is about corporate or industrial news or about government borrowing.,rewrite,52641,52524,117,0,0,1.0,1.0,1.0,50447,1.0,False,0.9063571669276667,False,0.006390666007064283,1.0,False,semreuse-gt,rcv1,100000,0
66,topic:M12#t2,The report covers bond markets.,rewrite,1803,0,1803,0,0,1.0,1.0,1.0,3260,0.9191635455680399,False,0.9033742331288344,False,0.010103541979333386,1.0,False,semreuse-gt,rcv1,100000,0
67,topic:ECAT#t2,The report covers economics.,exact-hit,0,0,0,0,0,1.0,1.0,1.0,15056,,,,,2.4542008759453893e-05,1.0,,semreuse-gt,rcv1,100000,0
68,topic:GCAT#t2,The report covers government or social affairs.,exact-hit,0,0,0,0,0,1.0,1.0,1.0,29536,,,,,7.791997632011771e-06,1.0,,semreuse-gt,rcv1,100000,0
69,union:GODD|C23,The article is about a human interest story or about research and development.,rewrite,89780,88829,951,0,0,1.0,1.0,1.0,652,0.9222065063649222,False,1.0,False,0.006654333003098145,1.0,False,semreuse-gt,rcv1,100000,0
70,topic:GCAT#t0,The article is about government or social affairs.,exact-hit,0,0,0,0,0,1.0,1.0,1.0,29536,0.9189673594595527,False,0.9026950162513543,False,2.0041014067828655e-05,1.0,False,semreuse-gt,rcv1,100000,0
71,topic:GSCI#t1,This news story concerns science or technology.,rewrite,99971,27644,4000,68327,0,1.0,1.0,1.0,281,0.9093851132686084,False,1.0,False,0.009956583002349362,1.0,False,semreuse-gt,rcv1,100000,0
72,topic:GCAT#t1,This news story concerns government or social affairs.,exact-hit,0,0,0,0,0,1.0,1.0,1.0,29536,0.9189673594595527,False,0.9026950162513543,False,1.9458006136119366e-05,1.0,False,semreuse-gt,rcv1,100000,0
73,topic:GTOUR#t1,This news story concerns travel or tourism.,rewrite,99998,27792,4000,68206,0,1.0,1.0,1.0,81,0.9759036144578314,False,1.0,False,0.009690375009085983,1.0,False,semreuse-gt,rcv1,100000,0
74,topic:GTOUR#t0,The article is about travel or tourism.,rewrite,99955,0,4036,95919,0,1.0,1.0,1.0,81,1.0,False,0.9259259259259259,False,0.008602874993812293,1.0,False,semreuse-gt,rcv1,100000,0
75,topic:GTOUR#t2,The report covers travel or tourism.,rewrite,99955,0,4036,95919,0,1.0,1.0,1.0,81,1.0,False,0.9259259259259259,False,0.023003165988484398,1.0,False,semreuse-gt,rcv1,100000,0
76,topic:GTOUR#t0,The article is about travel or tourism.,exact-hit,0,0,0,0,0,1.0,1.0,1.0,81,1.0,False,0.9259259259259259,False,1.6916979802772403e-05,1.0,False,semreuse-gt,rcv1,100000,0
77,topic:GTOUR#t2,The report covers travel or tourism.,exact-hit,0,0,0,0,0,1.0,1.0,1.0,81,1.0,False,0.9259259259259259,False,7.000024197623134e-06,1.0,False,semreuse-gt,rcv1,100000,0
78,topic:GCAT#t0,The article is about government or social affairs.,exact-hit,0,0,0,0,0,1.0,1.0,1.0,29536,0.9189673594595527,False,0.9026950162513543,False,7.291993824765086e-06,1.0,False,semreuse-gt,rcv1,100000,0
79,topic:GCAT#t0,The article is about government or social affairs.,exact-hit,0,0,0,0,0,1.0,1.0,1.0,29536,0.9189673594595527,False,0.9026950162513543,False,6.333022611215711e-06,1.0,False,semreuse-gt,rcv1,100000,0
80,topic:GWEA#t0,The article is about the weather.,rewrite,99804,26407,4000,69397,0,1.0,1.0,1.0,497,0.9169741697416974,False,1.0,False,0.06042541700298898,1.0,False,semreuse-gt,rcv1,100000,0
81,topic:GJOB#t2,The report covers labour issues.,rewrite,30552,29039,1513,0,0,1.0,1.0,1.0,2158,0.9194716659565403,False,1.0,False,0.00925379098043777,1.0,False,semreuse-gt,rcv1,100000,0
82,union:C152|GWEA,The article is about commentary or forecasts about a company's results or about the weather.,rewrite,94817,94754,63,0,0,1.0,1.0,1.0,9472,0.9207775715541663,False,0.995143581081081,False,0.007269416004419327,1.0,False,semreuse-gt,rcv1,100000,0
83,union:GCRIM|E31,The article is about crime or law enforcement or about economic output or capacity.,rewrite,99974,99954,20,0,0,1.0,1.0,1.0,4296,0.998837479655894,False,1.0,False,0.005624167009955272,1.0,False,semreuse-gt,rcv1,100000,0
84,topic:GENT#t2,"The report covers arts, culture or entertainment.",rewrite,99932,28668,4000,67264,0,1.0,1.0,1.0,472,0.9129593810444874,False,1.0,False,0.03775633400073275,1.0,False,semreuse-gt,rcv1,100000,0
85,topic:GDIS#t0,The article is about a disaster or an accident.,rewrite,32713,29042,3671,0,0,1.0,1.0,1.0,1074,0.9210977701543739,False,1.0,False,0.010391457995865494,1.0,False,semreuse-gt,rcv1,100000,0
86,topic:GENT#t0,"The article is about arts, culture or entertainment.",rewrite,99564,0,4036,95528,0,1.0,1.0,1.0,472,1.0,False,0.9067796610169492,False,0.009380125004099682,1.0,False,semreuse-gt,rcv1,100000,0
87,topic:GJOB#t0,The article is about labour issues.,rewrite,2737,0,2737,0,0,1.0,1.0,1.0,2158,0.9198113207547169,False,0.9036144578313253,False,0.021315209014574066,1.0,False,semreuse-gt,rcv1,100000,0
88,topic:GSPO#t2,The report covers sport.,rewrite,5418,4329,1089,0,0,1.0,1.0,1.0,4326,0.9188615123194562,False,1.0,False,0.05176995802321471,1.0,False,semreuse-gt,rcv1,100000,0
89,union:CCAT|E212,The article is about corporate or industrial news or about government borrowing.,exact-hit,0,0,0,0,0,1.0,1.0,1.0,50447,1.0,False,0.9063571669276667,False,2.0458013750612736e-05,1.0,False,semreuse-gt,rcv1,100000,0
90,topic:CCAT#t0,The article is about corporate or industrial news.,exact-hit,0,0,0,0,0,1.0,1.0,1.0,47476,,,,,1.1041993275284767e-05,1.0,,semreuse-gt,rcv1,100000,0
91,topic:CCAT#t2,The report covers corporate or industrial news.,exact-hit,0,0,0,0,0,1.0,1.0,1.0,47476,0.9193967089313682,False,0.9026455472238605,False,9.207986295223236e-06,1.0,False,semreuse-gt,rcv1,100000,0
92,topic:CCAT#t1,This news story concerns corporate or industrial news.,exact-hit,0,0,0,0,0,1.0,1.0,1.0,47476,0.9193967089313682,False,0.9026455472238605,False,9.415991371497512e-06,1.0,False,semreuse-gt,rcv1,100000,0
93,topic:CCAT#t2,The report covers corporate or industrial news.,exact-hit,0,0,0,0,0,1.0,1.0,1.0,47476,0.9193967089313682,False,0.9026455472238605,False,8.499977411702275e-06,1.0,False,semreuse-gt,rcv1,100000,0
94,topic:C31#t2,The report covers markets or marketing.,rewrite,47926,47444,482,0,0,1.0,1.0,1.0,5009,0.9189139607411484,False,1.0,False,0.09121970800333656,1.0,False,semreuse-gt,rcv1,100000,0
95,topic:C18#t0,The article is about a change in the ownership of a company.,rewrite,47285,46847,438,0,0,1.0,1.0,1.0,6502,0.9187508831425746,False,1.0,False,0.06854145898250863,1.0,False,semreuse-gt,rcv1,100000,0
96,topic:C18#t0,The article is about a change in the ownership of a company.,exact-hit,0,0,0,0,0,1.0,1.0,1.0,6502,0.9187508831425746,False,1.0,False,1.862502540461719e-05,1.0,False,semreuse-gt,rcv1,100000,0
97,topic:C182#t2,The report covers a transfer of assets.,rewrite,99992,6494,4000,89498,0,1.0,1.0,1.0,554,0.9857651245551602,False,1.0,False,0.009908625012030825,1.0,False,semreuse-gt,rcv1,100000,0
98,topic:C182#t1,This news story concerns a transfer of assets.,rewrite,99482,0,4036,95446,0,1.0,1.0,1.0,554,1.0,False,0.9061371841155235,False,0.011058459000196308,1.0,False,semreuse-gt,rcv1,100000,0
99,topic:C181#t0,The article is about a merger or an acquisition.,rewrite,7403,6500,903,0,0,1.0,1.0,1.0,5354,0.9188261541101768,False,1.0,False,0.04075816698605195,1.0,False,semreuse-gt,rcv1,100000,0
100,union:C181|GTOUR,The article is about a merger or an acquisition or about travel or tourism.,rewrite,93291,93187,104,0,0,1.0,1.0,1.0,5435,0.9390804597701149,False,0.9019319227230911,False,0.013322209008038044,1.0,False,semreuse-gt,rcv1,100000,0
101,topic:CCAT#t0,The article is about corporate or industrial news.,exact-hit,0,0,0,0,0,1.0,1.0,1.0,47476,,,,,2.025000867433846e-05,1.0,,semreuse-gt,rcv1,100000,0
102,topic:MCAT#t0,The article is about financial markets.,exact-hit,0,0,0,0,0,1.0,1.0,1.0,25556,0.9188445118301879,False,0.901119110971983,False,9.916984708979726e-06,1.0,False,semreuse-gt,rcv1,100000,0
103,topic:ECAT#t1,This news story concerns economics.,exact-hit,0,0,0,0,0,1.0,1.0,1.0,15056,0.9185645739001149,False,0.9027630180658873,False,8.665985660627484e-06,1.0,False,semreuse-gt,rcv1,100000,0
104,topic:ECAT#t2,The report covers economics.,exact-hit,0,0,0,0,0,1.0,1.0,1.0,15056,,,,,7.125025149434805e-06,1.0,,semreuse-gt,rcv1,100000,0
105,topic:CCAT#t1,This news story concerns corporate or industrial news.,exact-hit,0,0,0,0,0,1.0,1.0,1.0,47476,0.9193967089313682,False,0.9026455472238605,False,7.041002390906215e-06,1.0,False,semreuse-gt,rcv1,100000,0
106,topic:CCAT#t2,The report covers corporate or industrial news.,exact-hit,0,0,0,0,0,1.0,1.0,1.0,47476,0.9193967089313682,False,0.9026455472238605,False,7.750000804662704e-06,1.0,False,semreuse-gt,rcv1,100000,0
107,topic:CCAT#t1,This news story concerns corporate or industrial news.,exact-hit,0,0,0,0,0,1.0,1.0,1.0,47476,0.9193967089313682,False,0.9026455472238605,False,9.749986929818988e-06,1.0,False,semreuse-gt,rcv1,100000,0
108,topic:C23#t2,The report covers research and development.,rewrite,99999,360,4000,95639,0,1.0,1.0,1.0,329,0.996969696969697,False,1.0,False,0.009097583999391645,1.0,False,semreuse-gt,rcv1,100000,0
109,topic:C24#t1,This news story concerns production capacity or facilities.,rewrite,48068,47475,593,0,0,1.0,1.0,1.0,4069,0.9189250225835591,False,1.0,False,0.00941458300803788,1.0,False,semreuse-gt,rcv1,100000,0
110,topic:C41#t0,The article is about company management.,rewrite,3804,0,3804,0,0,1.0,1.0,1.0,1426,0.9200571020699501,False,0.9039270687237027,False,0.011660207994282246,1.0,False,semreuse-gt,rcv1,100000,0
111,topic:GCAT#t1,This news story concerns government or social affairs.,exact-hit,0,0,0,0,0,1.0,1.0,1.0,29536,0.9189673594595527,False,0.9026950162513543,False,1.9665982108563185e-05,1.0,False,semreuse-gt,rcv1,100000,0
112,topic:GVOTE#t0,The article is about an election.,rewrite,4836,1437,3399,0,0,1.0,1.0,1.0,1429,0.9201545396007726,False,1.0,False,0.04342299999552779,1.0,False,semreuse-gt,rcv1,100000,0
113,topic:GVOTE#t2,The report covers an election.,rewrite,4036,0,4036,0,0,1.0,1.0,1.0,1429,0.9137199434229137,False,0.9041287613715885,False,0.02937533301883377,1.0,False,semreuse-gt,rcv1,100000,0
114,topic:GCAT#t1,This news story concerns government or social affairs.,exact-hit,0,0,0,0,0,1.0,1.0,1.0,29536,0.9189673594595527,False,0.9026950162513543,False,2.3833999875932932e-05,1.0,False,semreuse-gt,rcv1,100000,0
115,topic:GWELF#t0,The article is about welfare or social services.,rewrite,99998,27825,4000,68173,0,1.0,1.0,1.0,239,0.991701244813278,False,1.0,False,0.01170737500069663,1.0,False,semreuse-gt,rcv1,100000,0
116,topic:GPRO#t1,This news story concerns a biography or a profile of a person.,rewrite,99929,28718,4000,67211,0,1.0,1.0,1.0,687,0.9111405835543767,False,1.0,False,0.011189583980012685,1.0,False,semreuse-gt,rcv1,100000,0
117,topic:GCAT#t0,The article is about government or social affairs.,exact-hit,0,0,0,0,0,1.0,1.0,1.0,29536,0.9189673594595527,False,0.9026950162513543,False,2.2249994799494743e-05,1.0,False,semreuse-gt,rcv1,100000,0
118,union:C13|GOBIT,The article is about the regulation of a company or an industry or about an obituary.,exact-hit,0,0,0,0,0,1.0,1.0,1.0,4773,0.9962429555416406,False,1.0,False,1.2250005966052413e-05,1.0,False,semreuse-gt,rcv1,100000,0
119,union:GWELF|C1511,The article is about welfare or social services or about a company's annual results.,rewrite,89165,88908,257,0,0,1.0,1.0,1.0,3172,0.9194630872483222,False,0.9933795712484237,False,0.042896000028122216,1.0,False,semreuse-gt,rcv1,100000,0
0,topic:MCAT#t1,This news story concerns financial markets.,cold,400000,400000,0,0,0,1.0,1.0,1.0,101954,,,,,0.0008125829917844385,1.0,,cold,rcv1,400000,0
1,topic:M11#t0,The article is about equity markets.,cold,400000,400000,0,0,0,1.0,1.0,1.0,24235,,,,,0.0005173749814275652,1.0,,cold,rcv1,400000,0
2,topic:GCAT#t2,The report covers government or social affairs.,cold,400000,400000,0,0,0,1.0,1.0,1.0,118641,,,,,0.0007771670061629266,1.0,,cold,rcv1,400000,0
3,topic:GCAT#t1,This news story concerns government or social affairs.,cold,400000,400000,0,0,0,1.0,1.0,1.0,118641,,,,,0.000753958011046052,1.0,,cold,rcv1,400000,0
4,topic:GCAT#t0,The article is about government or social affairs.,cold,400000,400000,0,0,0,1.0,1.0,1.0,118641,,,,,0.0007477499893866479,1.0,,cold,rcv1,400000,0
5,union:GSPO|E121,The article is about sport or about the money supply.,cold,400000,400000,0,0,0,1.0,1.0,1.0,18482,,,,,0.000537832995178178,1.0,,cold,rcv1,400000,0
6,topic:GCAT#t2,The report covers government or social affairs.,cold,400000,400000,0,0,0,1.0,1.0,1.0,118641,,,,,0.0007309579814318568,1.0,,cold,rcv1,400000,0
7,topic:CCAT#t0,The article is about corporate or industrial news.,cold,400000,400000,0,0,0,1.0,1.0,1.0,189847,,,,,0.0013687079772353172,1.0,,cold,rcv1,400000,0
8,topic:C22#t1,This news story concerns a new product or a new service.,cold,400000,400000,0,0,0,1.0,1.0,1.0,3060,,,,,0.02051854197634384,1.0,,cold,rcv1,400000,0
9,topic:CCAT#t1,This news story concerns corporate or industrial news.,cold,400000,400000,0,0,0,1.0,1.0,1.0,189847,,,,,0.0009454169776290655,1.0,,cold,rcv1,400000,0
10,topic:CCAT#t2,The report covers corporate or industrial news.,cold,400000,400000,0,0,0,1.0,1.0,1.0,189847,,,,,0.0009406250028405339,1.0,,cold,rcv1,400000,0
11,topic:ECAT#t2,The report covers economics.,cold,400000,400000,0,0,0,1.0,1.0,1.0,59522,,,,,0.0006197920010890812,1.0,,cold,rcv1,400000,0
12,topic:ECAT#t2,The report covers economics.,cold,400000,400000,0,0,0,1.0,1.0,1.0,59522,,,,,0.0005949589831288904,1.0,,cold,rcv1,400000,0
13,topic:ECAT#t1,This news story concerns economics.,cold,400000,400000,0,0,0,1.0,1.0,1.0,59522,,,,,0.0005814169999212027,1.0,,cold,rcv1,400000,0
14,topic:E21#t1,This news story concerns government finance.,cold,400000,400000,0,0,0,1.0,1.0,1.0,21426,,,,,0.00056395900901407,1.0,,cold,rcv1,400000,0
15,topic:CCAT#t2,The report covers corporate or industrial news.,cold,400000,400000,0,0,0,1.0,1.0,1.0,189847,,,,,0.0009197919862344861,1.0,,cold,rcv1,400000,0
16,topic:CCAT#t0,The article is about corporate or industrial news.,cold,400000,400000,0,0,0,1.0,1.0,1.0,189847,,,,,0.0009113750129472464,1.0,,cold,rcv1,400000,0
17,topic:C16#t2,The report covers corporate insolvency or a liquidity problem.,cold,400000,400000,0,0,0,1.0,1.0,1.0,944,,,,,0.00046287497389130294,1.0,,cold,rcv1,400000,0
18,topic:ECAT#t0,The article is about economics.,cold,400000,400000,0,0,0,1.0,1.0,1.0,59522,,,,,0.0005863340047653764,1.0,,cold,rcv1,400000,0
19,topic:E13#t1,This news story concerns inflation or prices.,cold,400000,400000,0,0,0,1.0,1.0,1.0,3291,,,,,0.0004522909875959158,1.0,,cold,rcv1,400000,0
20,topic:E132#t2,The report covers wholesale prices.,cold,400000,400000,0,0,0,1.0,1.0,1.0,482,,,,,0.00043149999692104757,1.0,,cold,rcv1,400000,0
21,topic:E131#t2,The report covers consumer prices.,cold,400000,400000,0,0,0,1.0,1.0,1.0,2803,,,,,0.00042554200626909733,1.0,,cold,rcv1,400000,0
22,topic:E132#t0,The article is about wholesale prices.,cold,400000,400000,0,0,0,1.0,1.0,1.0,482,,,,,0.00041641699499450624,1.0,,cold,rcv1,400000,0
23,topic:ECAT#t1,This news story concerns economics.,cold,400000,400000,0,0,0,1.0,1.0,1.0,59522,,,,,0.0005792079900857061,1.0,,cold,rcv1,400000,0
24,topic:E131#t2,The report covers consumer prices.,cold,400000,400000,0,0,0,1.0,1.0,1.0,2803,,,,,0.0004809170204680413,1.0,,cold,rcv1,400000,0
25,topic:CCAT#t0,The article is about corporate or industrial news.,cold,400000,400000,0,0,0,1.0,1.0,1.0,189847,,,,,0.000916874996619299,1.0,,cold,rcv1,400000,0
26,topic:CCAT#t1,This news story concerns corporate or industrial news.,cold,400000,400000,0,0,0,1.0,1.0,1.0,189847,,,,,0.0009995420114137232,1.0,,cold,rcv1,400000,0
27,topic:ECAT#t1,This news story concerns economics.,cold,400000,400000,0,0,0,1.0,1.0,1.0,59522,,,,,0.0006306249997578561,1.0,,cold,rcv1,400000,0
28,topic:CCAT#t1,This news story concerns corporate or industrial news.,cold,400000,400000,0,0,0,1.0,1.0,1.0,189847,,,,,0.0009149159886874259,1.0,,cold,rcv1,400000,0
29,topic:CCAT#t1,This news story concerns corporate or industrial news.,cold,400000,400000,0,0,0,1.0,1.0,1.0,189847,,,,,0.0009649999847169966,1.0,,cold,rcv1,400000,0
30,topic:MCAT#t0,The article is about financial markets.,cold,400000,400000,0,0,0,1.0,1.0,1.0,101954,,,,,0.0006918750004842877,1.0,,cold,rcv1,400000,0
31,topic:M12#t1,This news story concerns bond markets.,cold,400000,400000,0,0,0,1.0,1.0,1.0,13072,,,,,0.0004557499778456986,1.0,,cold,rcv1,400000,0
32,topic:MCAT#t2,The report covers financial markets.,cold,400000,400000,0,0,0,1.0,1.0,1.0,101954,,,,,0.0006714999908581376,1.0,,cold,rcv1,400000,0
33,union:C13|GOBIT,The article is about the regulation of a company or an industry or about an obituary.,cold,400000,400000,0,0,0,1.0,1.0,1.0,19121,,,,,0.000524125003721565,1.0,,cold,rcv1,400000,0
34,union:M132|E41,The article is about foreign exchange markets or about employment or the labour market.,cold,400000,400000,0,0,0,1.0,1.0,1.0,21712,,,,,0.0005265420186333358,1.0,,cold,rcv1,400000,0
35,topic:MCAT#t0,The article is about financial markets.,cold,400000,400000,0,0,0,1.0,1.0,1.0,101954,,,,,0.0006933329859748483,1.0,,cold,rcv1,400000,0
36,topic:CCAT#t2,The report covers corporate or industrial news.,cold,400000,400000,0,0,0,1.0,1.0,1.0,189847,,,,,0.0009240420185960829,1.0,,cold,rcv1,400000,0
37,topic:ECAT#t0,The article is about economics.,cold,400000,400000,0,0,0,1.0,1.0,1.0,59522,,,,,0.0005924160068389028,1.0,,cold,rcv1,400000,0
38,topic:ECAT#t2,The report covers economics.,cold,400000,400000,0,0,0,1.0,1.0,1.0,59522,,,,,0.0012435000098776072,1.0,,cold,rcv1,400000,0
39,topic:CCAT#t1,This news story concerns corporate or industrial news.,cold,400000,400000,0,0,0,1.0,1.0,1.0,189847,,,,,0.002690207998966798,1.0,,cold,rcv1,400000,0
40,topic:CCAT#t0,The article is about corporate or industrial news.,cold,400000,400000,0,0,0,1.0,1.0,1.0,189847,,,,,0.000974374997895211,1.0,,cold,rcv1,400000,0
41,topic:C41#t1,This news story concerns company management.,cold,400000,400000,0,0,0,1.0,1.0,1.0,5668,,,,,0.00047445797827094793,1.0,,cold,rcv1,400000,0
42,topic:ECAT#t2,The report covers economics.,cold,400000,400000,0,0,0,1.0,1.0,1.0,59522,,,,,0.0005585830076597631,1.0,,cold,rcv1,400000,0
43,topic:ECAT#t0,The article is about economics.,cold,400000,400000,0,0,0,1.0,1.0,1.0,59522,,,,,0.0005707080126740038,1.0,,cold,rcv1,400000,0
44,topic:ECAT#t0,The article is about economics.,cold,400000,400000,0,0,0,1.0,1.0,1.0,59522,,,,,0.0005480840045493096,1.0,,cold,rcv1,400000,0
45,topic:E11#t2,The report covers economic performance.,cold,400000,400000,0,0,0,1.0,1.0,1.0,4291,,,,,0.0004232079954817891,1.0,,cold,rcv1,400000,0
46,topic:E11#t1,This news story concerns economic performance.,cold,400000,400000,0,0,0,1.0,1.0,1.0,4291,,,,,0.00040912500116974115,1.0,,cold,rcv1,400000,0
47,topic:E61#t2,The report covers housing starts.,cold,400000,400000,0,0,0,1.0,1.0,1.0,205,,,,,0.00040225000702776015,1.0,,cold,rcv1,400000,0
48,topic:E13#t0,The article is about inflation or prices.,cold,400000,400000,0,0,0,1.0,1.0,1.0,3291,,,,,0.0004525829863268882,1.0,,cold,rcv1,400000,0
49,topic:E132#t0,The article is about wholesale prices.,cold,400000,400000,0,0,0,1.0,1.0,1.0,482,,,,,0.00043812498915940523,1.0,,cold,rcv1,400000,0
50,topic:E13#t2,The report covers inflation or prices.,cold,400000,400000,0,0,0,1.0,1.0,1.0,3291,,,,,0.00043345801532268524,1.0,,cold,rcv1,400000,0
51,topic:E61#t1,This news story concerns housing starts.,cold,400000,400000,0,0,0,1.0,1.0,1.0,205,,,,,0.0004225409938953817,1.0,,cold,rcv1,400000,0
52,union:GSPO|E121,The article is about sport or about the money supply.,cold,400000,400000,0,0,0,1.0,1.0,1.0,18482,,,,,0.0004992499889340252,1.0,,cold,rcv1,400000,0
53,topic:E11#t1,This news story concerns economic performance.,cold,400000,400000,0,0,0,1.0,1.0,1.0,4291,,,,,0.0004480829811654985,1.0,,cold,rcv1,400000,0
54,topic:MCAT#t0,The article is about financial markets.,cold,400000,400000,0,0,0,1.0,1.0,1.0,101954,,,,,0.0007009579858276993,1.0,,cold,rcv1,400000,0
55,union:GVOTE|C174,The article is about an election or about a credit rating.,cold,400000,400000,0,0,0,1.0,1.0,1.0,8653,,,,,0.00047383300261572003,1.0,,cold,rcv1,400000,0
56,topic:CCAT#t2,The report covers corporate or industrial news.,cold,400000,400000,0,0,0,1.0,1.0,1.0,189847,,,,,0.000898375001270324,1.0,,cold,rcv1,400000,0
57,topic:ECAT#t0,The article is about economics.,cold,400000,400000,0,0,0,1.0,1.0,1.0,59522,,,,,0.0005792499869130552,1.0,,cold,rcv1,400000,0
58,topic:E11#t0,The article is about economic performance.,cold,400000,400000,0,0,0,1.0,1.0,1.0,4291,,,,,0.000438666989794001,1.0,,cold,rcv1,400000,0
59,topic:E11#t1,This news story concerns economic performance.,cold,400000,400000,0,0,0,1.0,1.0,1.0,4291,,,,,0.00044879200868308544,1.0,,cold,rcv1,400000,0
60,union:GVOTE|C174,The article is about an election or about a credit rating.,cold,400000,400000,0,0,0,1.0,1.0,1.0,8653,,,,,0.00046637500054202974,1.0,,cold,rcv1,400000,0
61,topic:E21#t0,The article is about government finance.,cold,400000,400000,0,0,0,1.0,1.0,1.0,21426,,,,,0.0004813339910469949,1.0,,cold,rcv1,400000,0
62,topic:ECAT#t2,The report covers economics.,cold,400000,400000,0,0,0,1.0,1.0,1.0,59522,,,,,0.0005669999809470028,1.0,,cold,rcv1,400000,0
63,topic:E51#t1,This news story concerns trade or foreign reserves.,cold,400000,400000,0,0,0,1.0,1.0,1.0,10592,,,,,0.0005956250242888927,1.0,,cold,rcv1,400000,0
64,topic:MCAT#t0,The article is about financial markets.,cold,400000,400000,0,0,0,1.0,1.0,1.0,101954,,,,,0.0007228330068755895,1.0,,cold,rcv1,400000,0
65,union:CCAT|E212,The article is about corporate or industrial news or about government borrowing.,cold,400000,400000,0,0,0,1.0,1.0,1.0,201188,,,,,0.0010353339894209057,1.0,,cold,rcv1,400000,0
66,topic:M12#t2,The report covers bond markets.,cold,400000,400000,0,0,0,1.0,1.0,1.0,13072,,,,,0.0004665000014938414,1.0,,cold,rcv1,400000,0
67,topic:ECAT#t2,The report covers economics.,cold,400000,400000,0,0,0,1.0,1.0,1.0,59522,,,,,0.0006124170031398535,1.0,,cold,rcv1,400000,0
68,topic:GCAT#t2,The report covers government or social affairs.,cold,400000,400000,0,0,0,1.0,1.0,1.0,118641,,,,,0.0007704159943386912,1.0,,cold,rcv1,400000,0
69,union:GODD|C23,The article is about a human interest story or about research and development.,cold,400000,400000,0,0,0,1.0,1.0,1.0,2713,,,,,0.0004657499957829714,1.0,,cold,rcv1,400000,0
70,topic:GCAT#t0,The article is about government or social affairs.,cold,400000,400000,0,0,0,1.0,1.0,1.0,118641,,,,,0.0007665000157430768,1.0,,cold,rcv1,400000,0
71,topic:GSCI#t1,This news story concerns science or technology.,cold,400000,400000,0,0,0,1.0,1.0,1.0,1194,,,,,0.00043816701509058475,1.0,,cold,rcv1,400000,0
72,topic:GCAT#t1,This news story concerns government or social affairs.,cold,400000,400000,0,0,0,1.0,1.0,1.0,118641,,,,,0.0007373330008704215,1.0,,cold,rcv1,400000,0
73,topic:GTOUR#t1,This news story concerns travel or tourism.,cold,400000,400000,0,0,0,1.0,1.0,1.0,341,,,,,0.00045112500083632767,1.0,,cold,rcv1,400000,0
74,topic:GTOUR#t0,The article is about travel or tourism.,cold,400000,400000,0,0,0,1.0,1.0,1.0,341,,,,,0.00043495799764059484,1.0,,cold,rcv1,400000,0
75,topic:GTOUR#t2,The report covers travel or tourism.,cold,400000,400000,0,0,0,1.0,1.0,1.0,341,,,,,0.00041483400855213404,1.0,,cold,rcv1,400000,0
76,topic:GTOUR#t0,The article is about travel or tourism.,cold,400000,400000,0,0,0,1.0,1.0,1.0,341,,,,,0.0004338750150054693,1.0,,cold,rcv1,400000,0
77,topic:GTOUR#t2,The report covers travel or tourism.,cold,400000,400000,0,0,0,1.0,1.0,1.0,341,,,,,0.0004460419877432287,1.0,,cold,rcv1,400000,0
78,topic:GCAT#t0,The article is about government or social affairs.,cold,400000,400000,0,0,0,1.0,1.0,1.0,118641,,,,,0.0007818330195732415,1.0,,cold,rcv1,400000,0
79,topic:GCAT#t0,The article is about government or social affairs.,cold,400000,400000,0,0,0,1.0,1.0,1.0,118641,,,,,0.0007678749971091747,1.0,,cold,rcv1,400000,0
80,topic:GWEA#t0,The article is about the weather.,cold,400000,400000,0,0,0,1.0,1.0,1.0,1953,,,,,0.00043662500684149563,1.0,,cold,rcv1,400000,0
81,topic:GJOB#t2,The report covers labour issues.,cold,400000,400000,0,0,0,1.0,1.0,1.0,8537,,,,,0.00047308299690485,1.0,,cold,rcv1,400000,0
82,union:C152|GWEA,The article is about commentary or forecasts about a company's results or about the weather.,cold,400000,400000,0,0,0,1.0,1.0,1.0,38236,,,,,0.001808417000574991,1.0,,cold,rcv1,400000,0
83,union:GCRIM|E31,The article is about crime or law enforcement or about economic output or capacity.,cold,400000,400000,0,0,0,1.0,1.0,1.0,17224,,,,,0.0005388330027926713,1.0,,cold,rcv1,400000,0
84,topic:GENT#t2,"The report covers arts, culture or entertainment.",cold,400000,400000,0,0,0,1.0,1.0,1.0,1858,,,,,0.00046549999387934804,1.0,,cold,rcv1,400000,0
85,topic:GDIS#t0,The article is about a disaster or an accident.,cold,400000,400000,0,0,0,1.0,1.0,1.0,4272,,,,,0.0004530829901341349,1.0,,cold,rcv1,400000,0
86,topic:GENT#t0,"The article is about arts, culture or entertainment.",cold,400000,400000,0,0,0,1.0,1.0,1.0,1858,,,,,0.00045516699901781976,1.0,,cold,rcv1,400000,0
87,topic:GJOB#t0,The article is about labour issues.,cold,400000,400000,0,0,0,1.0,1.0,1.0,8537,,,,,0.0004505830002017319,1.0,,cold,rcv1,400000,0
88,topic:GSPO#t2,The report covers sport.,cold,400000,400000,0,0,0,1.0,1.0,1.0,17407,,,,,0.0004839999892283231,1.0,,cold,rcv1,400000,0
89,union:CCAT|E212,The article is about corporate or industrial news or about government borrowing.,cold,400000,400000,0,0,0,1.0,1.0,1.0,201188,,,,,0.0010284169984515756,1.0,,cold,rcv1,400000,0
90,topic:CCAT#t0,The article is about corporate or industrial news.,cold,400000,400000,0,0,0,1.0,1.0,1.0,189847,,,,,0.0010334160178899765,1.0,,cold,rcv1,400000,0
91,topic:CCAT#t2,The report covers corporate or industrial news.,cold,400000,400000,0,0,0,1.0,1.0,1.0,189847,,,,,0.000921958009712398,1.0,,cold,rcv1,400000,0
92,topic:CCAT#t1,This news story concerns corporate or industrial news.,cold,400000,400000,0,0,0,1.0,1.0,1.0,189847,,,,,0.0010386669891886413,1.0,,cold,rcv1,400000,0
93,topic:CCAT#t2,The report covers corporate or industrial news.,cold,400000,400000,0,0,0,1.0,1.0,1.0,189847,,,,,0.0009662499942351133,1.0,,cold,rcv1,400000,0
94,topic:C31#t2,The report covers markets or marketing.,cold,400000,400000,0,0,0,1.0,1.0,1.0,20204,,,,,0.0005142499867361039,1.0,,cold,rcv1,400000,0
95,topic:C18#t0,The article is about a change in the ownership of a company.,cold,400000,400000,0,0,0,1.0,1.0,1.0,26120,,,,,0.0004913340089842677,1.0,,cold,rcv1,400000,0
96,topic:C18#t0,The article is about a change in the ownership of a company.,cold,400000,400000,0,0,0,1.0,1.0,1.0,26120,,,,,0.00048404198605567217,1.0,,cold,rcv1,400000,0
97,topic:C182#t2,The report covers a transfer of assets.,cold,400000,400000,0,0,0,1.0,1.0,1.0,2284,,,,,0.00046245899284258485,1.0,,cold,rcv1,400000,0
98,topic:C182#t1,This news story concerns a transfer of assets.,cold,400000,400000,0,0,0,1.0,1.0,1.0,2284,,,,,0.0004241249989718199,1.0,,cold,rcv1,400000,0
99,topic:C181#t0,The article is about a merger or an acquisition.,cold,400000,400000,0,0,0,1.0,1.0,1.0,21520,,,,,0.000479207985335961,1.0,,cold,rcv1,400000,0
100,union:C181|GTOUR,The article is about a merger or an acquisition or about travel or tourism.,cold,400000,400000,0,0,0,1.0,1.0,1.0,21861,,,,,0.0005025410209782422,1.0,,cold,rcv1,400000,0
101,topic:CCAT#t0,The article is about corporate or industrial news.,cold,400000,400000,0,0,0,1.0,1.0,1.0,189847,,,,,0.0009452080121263862,1.0,,cold,rcv1,400000,0
102,topic:MCAT#t0,The article is about financial markets.,cold,400000,400000,0,0,0,1.0,1.0,1.0,101954,,,,,0.0006949169910512865,1.0,,cold,rcv1,400000,0
103,topic:ECAT#t1,This news story concerns economics.,cold,400000,400000,0,0,0,1.0,1.0,1.0,59522,,,,,0.0006158330070320517,1.0,,cold,rcv1,400000,0
104,topic:ECAT#t2,The report covers economics.,cold,400000,400000,0,0,0,1.0,1.0,1.0,59522,,,,,0.0006077920261304826,1.0,,cold,rcv1,400000,0
105,topic:CCAT#t1,This news story concerns corporate or industrial news.,cold,400000,400000,0,0,0,1.0,1.0,1.0,189847,,,,,0.0009703339892439544,1.0,,cold,rcv1,400000,0
106,topic:CCAT#t2,The report covers corporate or industrial news.,cold,400000,400000,0,0,0,1.0,1.0,1.0,189847,,,,,0.0009658329945523292,1.0,,cold,rcv1,400000,0
107,topic:CCAT#t1,This news story concerns corporate or industrial news.,cold,400000,400000,0,0,0,1.0,1.0,1.0,189847,,,,,0.002236999978777021,1.0,,cold,rcv1,400000,0
108,topic:C23#t2,The report covers research and development.,cold,400000,400000,0,0,0,1.0,1.0,1.0,1304,,,,,0.0029079579981043935,1.0,,cold,rcv1,400000,0
109,topic:C24#t1,This news story concerns production capacity or facilities.,cold,400000,400000,0,0,0,1.0,1.0,1.0,16000,,,,,0.0004861669731326401,1.0,,cold,rcv1,400000,0
110,topic:C41#t0,The article is about company management.,cold,400000,400000,0,0,0,1.0,1.0,1.0,5668,,,,,0.00044979198719374835,1.0,,cold,rcv1,400000,0
111,topic:GCAT#t1,This news story concerns government or social affairs.,cold,400000,400000,0,0,0,1.0,1.0,1.0,118641,,,,,0.0017860000079963356,1.0,,cold,rcv1,400000,0
112,topic:GVOTE#t0,The article is about an election.,cold,400000,400000,0,0,0,1.0,1.0,1.0,5778,,,,,0.0005359170027077198,1.0,,cold,rcv1,400000,0
113,topic:GVOTE#t2,The report covers an election.,cold,400000,400000,0,0,0,1.0,1.0,1.0,5778,,,,,0.0004644170112442225,1.0,,cold,rcv1,400000,0
114,topic:GCAT#t1,This news story concerns government or social affairs.,cold,400000,400000,0,0,0,1.0,1.0,1.0,118641,,,,,0.0007147500000428408,1.0,,cold,rcv1,400000,0
115,topic:GWELF#t0,The article is about welfare or social services.,cold,400000,400000,0,0,0,1.0,1.0,1.0,925,,,,,0.0004491250147111714,1.0,,cold,rcv1,400000,0
116,topic:GPRO#t1,This news story concerns a biography or a profile of a person.,cold,400000,400000,0,0,0,1.0,1.0,1.0,2754,,,,,0.00045312498696148396,1.0,,cold,rcv1,400000,0
117,topic:GCAT#t0,The article is about government or social affairs.,cold,400000,400000,0,0,0,1.0,1.0,1.0,118641,,,,,0.0007439159962814301,1.0,,cold,rcv1,400000,0
118,union:C13|GOBIT,The article is about the regulation of a company or an industry or about an obituary.,cold,400000,400000,0,0,0,1.0,1.0,1.0,19121,,,,,0.000499458983540535,1.0,,cold,rcv1,400000,0
119,union:GWELF|C1511,The article is about welfare or social services or about a company's annual results.,cold,400000,400000,0,0,0,1.0,1.0,1.0,12425,,,,,0.0005170830118004233,1.0,,cold,rcv1,400000,0
0,topic:MCAT#t1,This news story concerns financial markets.,cold,400000,400000,0,0,0,1.0,1.0,1.0,101954,,,,,0.0007489580020774156,1.0,,exact,rcv1,400000,0
1,topic:M11#t0,The article is about equity markets.,cold,400000,400000,0,0,0,1.0,1.0,1.0,24235,,,,,0.0005220409948378801,1.0,,exact,rcv1,400000,0
2,topic:GCAT#t2,The report covers government or social affairs.,cold,400000,400000,0,0,0,1.0,1.0,1.0,118641,,,,,0.0007534160104114562,1.0,,exact,rcv1,400000,0
3,topic:GCAT#t1,This news story concerns government or social affairs.,cold,400000,400000,0,0,0,1.0,1.0,1.0,118641,,,,,0.0007698750123381615,1.0,,exact,rcv1,400000,0
4,topic:GCAT#t0,The article is about government or social affairs.,cold,400000,400000,0,0,0,1.0,1.0,1.0,118641,,,,,0.0007541659870184958,1.0,,exact,rcv1,400000,0
5,union:GSPO|E121,The article is about sport or about the money supply.,cold,400000,400000,0,0,0,1.0,1.0,1.0,18482,,,,,0.0005402919778134674,1.0,,exact,rcv1,400000,0
6,topic:GCAT#t2,The report covers government or social affairs.,exact-hit,0,0,0,0,0,1.0,1.0,1.0,118641,,,,,1.4708988601341844e-05,1.0,,exact,rcv1,400000,0
7,topic:CCAT#t0,The article is about corporate or industrial news.,cold,400000,400000,0,0,0,1.0,1.0,1.0,189847,,,,,0.0010003750212490559,1.0,,exact,rcv1,400000,0
8,topic:C22#t1,This news story concerns a new product or a new service.,cold,400000,400000,0,0,0,1.0,1.0,1.0,3060,,,,,0.0004745839978568256,1.0,,exact,rcv1,400000,0
9,topic:CCAT#t1,This news story concerns corporate or industrial news.,cold,400000,400000,0,0,0,1.0,1.0,1.0,189847,,,,,0.0009480000007897615,1.0,,exact,rcv1,400000,0
10,topic:CCAT#t2,The report covers corporate or industrial news.,cold,400000,400000,0,0,0,1.0,1.0,1.0,189847,,,,,0.0009423749870620668,1.0,,exact,rcv1,400000,0
11,topic:ECAT#t2,The report covers economics.,cold,400000,400000,0,0,0,1.0,1.0,1.0,59522,,,,,0.0006475840054918081,1.0,,exact,rcv1,400000,0
12,topic:ECAT#t2,The report covers economics.,exact-hit,0,0,0,0,0,1.0,1.0,1.0,59522,,,,,1.8749997252598405e-05,1.0,,exact,rcv1,400000,0
13,topic:ECAT#t1,This news story concerns economics.,cold,400000,400000,0,0,0,1.0,1.0,1.0,59522,,,,,0.0006612910074181855,1.0,,exact,rcv1,400000,0
14,topic:E21#t1,This news story concerns government finance.,cold,400000,400000,0,0,0,1.0,1.0,1.0,21426,,,,,0.000692833011271432,1.0,,exact,rcv1,400000,0
15,topic:CCAT#t2,The report covers corporate or industrial news.,exact-hit,0,0,0,0,0,1.0,1.0,1.0,189847,,,,,1.791701652109623e-05,1.0,,exact,rcv1,400000,0
16,topic:CCAT#t0,The article is about corporate or industrial news.,exact-hit,0,0,0,0,0,1.0,1.0,1.0,189847,,,,,1.8874998204410076e-05,1.0,,exact,rcv1,400000,0
17,topic:C16#t2,The report covers corporate insolvency or a liquidity problem.,cold,400000,400000,0,0,0,1.0,1.0,1.0,944,,,,,0.0005039999959990382,1.0,,exact,rcv1,400000,0
18,topic:ECAT#t0,The article is about economics.,cold,400000,400000,0,0,0,1.0,1.0,1.0,59522,,,,,0.0007143329712562263,1.0,,exact,rcv1,400000,0
19,topic:E13#t1,This news story concerns inflation or prices.,cold,400000,400000,0,0,0,1.0,1.0,1.0,3291,,,,,0.0005242920015007257,1.0,,exact,rcv1,400000,0
20,topic:E132#t2,The report covers wholesale prices.,cold,400000,400000,0,0,0,1.0,1.0,1.0,482,,,,,0.0352802500128746,1.0,,exact,rcv1,400000,0
21,topic:E131#t2,The report covers consumer prices.,cold,400000,400000,0,0,0,1.0,1.0,1.0,2803,,,,,0.0005034159985370934,1.0,,exact,rcv1,400000,0
22,topic:E132#t0,The article is about wholesale prices.,cold,400000,400000,0,0,0,1.0,1.0,1.0,482,,,,,0.0004897500039078295,1.0,,exact,rcv1,400000,0
23,topic:ECAT#t1,This news story concerns economics.,exact-hit,0,0,0,0,0,1.0,1.0,1.0,59522,,,,,1.666598836891353e-05,1.0,,exact,rcv1,400000,0
24,topic:E131#t2,The report covers consumer prices.,exact-hit,0,0,0,0,0,1.0,1.0,1.0,2803,,,,,1.4334014849737287e-05,1.0,,exact,rcv1,400000,0
25,topic:CCAT#t0,The article is about corporate or industrial news.,exact-hit,0,0,0,0,0,1.0,1.0,1.0,189847,,,,,1.7125013982877135e-05,1.0,,exact,rcv1,400000,0
26,topic:CCAT#t1,This news story concerns corporate or industrial news.,exact-hit,0,0,0,0,0,1.0,1.0,1.0,189847,,,,,2.3917004000395536e-05,1.0,,exact,rcv1,400000,0
27,topic:ECAT#t1,This news story concerns economics.,exact-hit,0,0,0,0,0,1.0,1.0,1.0,59522,,,,,1.8417020328342915e-05,1.0,,exact,rcv1,400000,0
28,topic:CCAT#t1,This news story concerns corporate or industrial news.,exact-hit,0,0,0,0,0,1.0,1.0,1.0,189847,,,,,1.4375022146850824e-05,1.0,,exact,rcv1,400000,0
29,topic:CCAT#t1,This news story concerns corporate or industrial news.,exact-hit,0,0,0,0,0,1.0,1.0,1.0,189847,,,,,1.5875004464760423e-05,1.0,,exact,rcv1,400000,0
30,topic:MCAT#t0,The article is about financial markets.,cold,400000,400000,0,0,0,1.0,1.0,1.0,101954,,,,,0.0007252079958561808,1.0,,exact,rcv1,400000,0
31,topic:M12#t1,This news story concerns bond markets.,cold,400000,400000,0,0,0,1.0,1.0,1.0,13072,,,,,0.0005379590147640556,1.0,,exact,rcv1,400000,0
32,topic:MCAT#t2,The report covers financial markets.,cold,400000,400000,0,0,0,1.0,1.0,1.0,101954,,,,,0.0007739170105196536,1.0,,exact,rcv1,400000,0
33,union:C13|GOBIT,The article is about the regulation of a company or an industry or about an obituary.,cold,400000,400000,0,0,0,1.0,1.0,1.0,19121,,,,,0.0005335839814506471,1.0,,exact,rcv1,400000,0
34,union:M132|E41,The article is about foreign exchange markets or about employment or the labour market.,cold,400000,400000,0,0,0,1.0,1.0,1.0,21712,,,,,0.0005692080012522638,1.0,,exact,rcv1,400000,0
35,topic:MCAT#t0,The article is about financial markets.,exact-hit,0,0,0,0,0,1.0,1.0,1.0,101954,,,,,1.837499439716339e-05,1.0,,exact,rcv1,400000,0
36,topic:CCAT#t2,The report covers corporate or industrial news.,exact-hit,0,0,0,0,0,1.0,1.0,1.0,189847,,,,,1.6707985196262598e-05,1.0,,exact,rcv1,400000,0
37,topic:ECAT#t0,The article is about economics.,exact-hit,0,0,0,0,0,1.0,1.0,1.0,59522,,,,,2.3250002413988113e-05,1.0,,exact,rcv1,400000,0
38,topic:ECAT#t2,The report covers economics.,exact-hit,0,0,0,0,0,1.0,1.0,1.0,59522,,,,,1.3625016435980797e-05,1.0,,exact,rcv1,400000,0
39,topic:CCAT#t1,This news story concerns corporate or industrial news.,exact-hit,0,0,0,0,0,1.0,1.0,1.0,189847,,,,,1.4457997167482972e-05,1.0,,exact,rcv1,400000,0
40,topic:CCAT#t0,The article is about corporate or industrial news.,exact-hit,0,0,0,0,0,1.0,1.0,1.0,189847,,,,,1.6207981389015913e-05,1.0,,exact,rcv1,400000,0
41,topic:C41#t1,This news story concerns company management.,cold,400000,400000,0,0,0,1.0,1.0,1.0,5668,,,,,0.00048570800572633743,1.0,,exact,rcv1,400000,0
42,topic:ECAT#t2,The report covers economics.,exact-hit,0,0,0,0,0,1.0,1.0,1.0,59522,,,,,1.5083991456776857e-05,1.0,,exact,rcv1,400000,0
43,topic:ECAT#t0,The article is about economics.,exact-hit,0,0,0,0,0,1.0,1.0,1.0,59522,,,,,1.3666984159499407e-05,1.0,,exact,rcv1,400000,0
44,topic:ECAT#t0,The article is about economics.,exact-hit,0,0,0,0,0,1.0,1.0,1.0,59522,,,,,1.691700890660286e-05,1.0,,exact,rcv1,400000,0
45,topic:E11#t2,The report covers economic performance.,cold,400000,400000,0,0,0,1.0,1.0,1.0,4291,,,,,0.00046391700743697584,1.0,,exact,rcv1,400000,0
46,topic:E11#t1,This news story concerns economic performance.,cold,400000,400000,0,0,0,1.0,1.0,1.0,4291,,,,,0.0005190829979255795,1.0,,exact,rcv1,400000,0
47,topic:E61#t2,The report covers housing starts.,cold,400000,400000,0,0,0,1.0,1.0,1.0,205,,,,,0.0004830830148421228,1.0,,exact,rcv1,400000,0
48,topic:E13#t0,The article is about inflation or prices.,cold,400000,400000,0,0,0,1.0,1.0,1.0,3291,,,,,0.0005034590139985085,1.0,,exact,rcv1,400000,0
49,topic:E132#t0,The article is about wholesale prices.,exact-hit,0,0,0,0,0,1.0,1.0,1.0,482,,,,,1.4915975043550134e-05,1.0,,exact,rcv1,400000,0
50,topic:E13#t2,The report covers inflation or prices.,cold,400000,400000,0,0,0,1.0,1.0,1.0,3291,,,,,0.000500916998134926,1.0,,exact,rcv1,400000,0
51,topic:E61#t1,This news story concerns housing starts.,cold,400000,400000,0,0,0,1.0,1.0,1.0,205,,,,,0.0005060829862486571,1.0,,exact,rcv1,400000,0
52,union:GSPO|E121,The article is about sport or about the money supply.,exact-hit,0,0,0,0,0,1.0,1.0,1.0,18482,,,,,1.7084006685763597e-05,1.0,,exact,rcv1,400000,0
53,topic:E11#t1,This news story concerns economic performance.,exact-hit,0,0,0,0,0,1.0,1.0,1.0,4291,,,,,5.308300023898482e-05,1.0,,exact,rcv1,400000,0
54,topic:MCAT#t0,The article is about financial markets.,exact-hit,0,0,0,0,0,1.0,1.0,1.0,101954,,,,,5.1875016652047634e-05,1.0,,exact,rcv1,400000,0
55,union:GVOTE|C174,The article is about an election or about a credit rating.,cold,400000,400000,0,0,0,1.0,1.0,1.0,8653,,,,,0.0005446670111268759,1.0,,exact,rcv1,400000,0
56,topic:CCAT#t2,The report covers corporate or industrial news.,exact-hit,0,0,0,0,0,1.0,1.0,1.0,189847,,,,,2.3540982510894537e-05,1.0,,exact,rcv1,400000,0
57,topic:ECAT#t0,The article is about economics.,exact-hit,0,0,0,0,0,1.0,1.0,1.0,59522,,,,,1.7792015569284558e-05,1.0,,exact,rcv1,400000,0
58,topic:E11#t0,The article is about economic performance.,cold,400000,400000,0,0,0,1.0,1.0,1.0,4291,,,,,0.01869137500762008,1.0,,exact,rcv1,400000,0
59,topic:E11#t1,This news story concerns economic performance.,exact-hit,0,0,0,0,0,1.0,1.0,1.0,4291,,,,,5.108301411382854e-05,1.0,,exact,rcv1,400000,0
60,union:GVOTE|C174,The article is about an election or about a credit rating.,exact-hit,0,0,0,0,0,1.0,1.0,1.0,8653,,,,,1.6542006051167846e-05,1.0,,exact,rcv1,400000,0
61,topic:E21#t0,The article is about government finance.,cold,400000,400000,0,0,0,1.0,1.0,1.0,21426,,,,,0.0005185409972909838,1.0,,exact,rcv1,400000,0
62,topic:ECAT#t2,The report covers economics.,exact-hit,0,0,0,0,0,1.0,1.0,1.0,59522,,,,,1.3999990187585354e-05,1.0,,exact,rcv1,400000,0
63,topic:E51#t1,This news story concerns trade or foreign reserves.,cold,400000,400000,0,0,0,1.0,1.0,1.0,10592,,,,,0.0005092499777674675,1.0,,exact,rcv1,400000,0
64,topic:MCAT#t0,The article is about financial markets.,exact-hit,0,0,0,0,0,1.0,1.0,1.0,101954,,,,,2.5124987587332726e-05,1.0,,exact,rcv1,400000,0
65,union:CCAT|E212,The article is about corporate or industrial news or about government borrowing.,cold,400000,400000,0,0,0,1.0,1.0,1.0,201188,,,,,0.0010375840065535158,1.0,,exact,rcv1,400000,0
66,topic:M12#t2,The report covers bond markets.,cold,400000,400000,0,0,0,1.0,1.0,1.0,13072,,,,,0.008235666988184676,1.0,,exact,rcv1,400000,0
67,topic:ECAT#t2,The report covers economics.,exact-hit,0,0,0,0,0,1.0,1.0,1.0,59522,,,,,6.308400770649314e-05,1.0,,exact,rcv1,400000,0
68,topic:GCAT#t2,The report covers government or social affairs.,exact-hit,0,0,0,0,0,1.0,1.0,1.0,118641,,,,,3.966700751334429e-05,1.0,,exact,rcv1,400000,0
69,union:GODD|C23,The article is about a human interest story or about research and development.,cold,400000,400000,0,0,0,1.0,1.0,1.0,2713,,,,,0.0007178329979069531,1.0,,exact,rcv1,400000,0
70,topic:GCAT#t0,The article is about government or social affairs.,exact-hit,0,0,0,0,0,1.0,1.0,1.0,118641,,,,,2.1167012164369226e-05,1.0,,exact,rcv1,400000,0
71,topic:GSCI#t1,This news story concerns science or technology.,cold,400000,400000,0,0,0,1.0,1.0,1.0,1194,,,,,0.00048820898518897593,1.0,,exact,rcv1,400000,0
72,topic:GCAT#t1,This news story concerns government or social affairs.,exact-hit,0,0,0,0,0,1.0,1.0,1.0,118641,,,,,1.6667007002979517e-05,1.0,,exact,rcv1,400000,0
73,topic:GTOUR#t1,This news story concerns travel or tourism.,cold,400000,400000,0,0,0,1.0,1.0,1.0,341,,,,,0.00048579199938103557,1.0,,exact,rcv1,400000,0
74,topic:GTOUR#t0,The article is about travel or tourism.,cold,400000,400000,0,0,0,1.0,1.0,1.0,341,,,,,0.0004403339989949018,1.0,,exact,rcv1,400000,0
75,topic:GTOUR#t2,The report covers travel or tourism.,cold,400000,400000,0,0,0,1.0,1.0,1.0,341,,,,,0.000517625012435019,1.0,,exact,rcv1,400000,0
76,topic:GTOUR#t0,The article is about travel or tourism.,exact-hit,0,0,0,0,0,1.0,1.0,1.0,341,,,,,1.4833000022917986e-05,1.0,,exact,rcv1,400000,0
77,topic:GTOUR#t2,The report covers travel or tourism.,exact-hit,0,0,0,0,0,1.0,1.0,1.0,341,,,,,4.420799086801708e-05,1.0,,exact,rcv1,400000,0
78,topic:GCAT#t0,The article is about government or social affairs.,exact-hit,0,0,0,0,0,1.0,1.0,1.0,118641,,,,,4.2750005377456546e-05,1.0,,exact,rcv1,400000,0
79,topic:GCAT#t0,The article is about government or social affairs.,exact-hit,0,0,0,0,0,1.0,1.0,1.0,118641,,,,,3.3666001399978995e-05,1.0,,exact,rcv1,400000,0
80,topic:GWEA#t0,The article is about the weather.,cold,400000,400000,0,0,0,1.0,1.0,1.0,1953,,,,,0.0005210000090301037,1.0,,exact,rcv1,400000,0
81,topic:GJOB#t2,The report covers labour issues.,cold,400000,400000,0,0,0,1.0,1.0,1.0,8537,,,,,0.0013403340126387775,1.0,,exact,rcv1,400000,0
82,union:C152|GWEA,The article is about commentary or forecasts about a company's results or about the weather.,cold,400000,400000,0,0,0,1.0,1.0,1.0,38236,,,,,0.001239374978467822,1.0,,exact,rcv1,400000,0
83,union:GCRIM|E31,The article is about crime or law enforcement or about economic output or capacity.,cold,400000,400000,0,0,0,1.0,1.0,1.0,17224,,,,,0.0011243340268265456,1.0,,exact,rcv1,400000,0
84,topic:GENT#t2,"The report covers arts, culture or entertainment.",cold,400000,400000,0,0,0,1.0,1.0,1.0,1858,,,,,0.0005847080028615892,1.0,,exact,rcv1,400000,0
85,topic:GDIS#t0,The article is about a disaster or an accident.,cold,400000,400000,0,0,0,1.0,1.0,1.0,4272,,,,,0.0006003750022500753,1.0,,exact,rcv1,400000,0
86,topic:GENT#t0,"The article is about arts, culture or entertainment.",cold,400000,400000,0,0,0,1.0,1.0,1.0,1858,,,,,0.000520875008078292,1.0,,exact,rcv1,400000,0
87,topic:GJOB#t0,The article is about labour issues.,cold,400000,400000,0,0,0,1.0,1.0,1.0,8537,,,,,0.0005052500055171549,1.0,,exact,rcv1,400000,0
88,topic:GSPO#t2,The report covers sport.,cold,400000,400000,0,0,0,1.0,1.0,1.0,17407,,,,,0.0005700000037904829,1.0,,exact,rcv1,400000,0
89,union:CCAT|E212,The article is about corporate or industrial news or about government borrowing.,exact-hit,0,0,0,0,0,1.0,1.0,1.0,201188,,,,,1.8040998838841915e-05,1.0,,exact,rcv1,400000,0
90,topic:CCAT#t0,The article is about corporate or industrial news.,exact-hit,0,0,0,0,0,1.0,1.0,1.0,189847,,,,,1.7375015886500478e-05,1.0,,exact,rcv1,400000,0
91,topic:CCAT#t2,The report covers corporate or industrial news.,exact-hit,0,0,0,0,0,1.0,1.0,1.0,189847,,,,,5.2791001508012414e-05,1.0,,exact,rcv1,400000,0
92,topic:CCAT#t1,This news story concerns corporate or industrial news.,exact-hit,0,0,0,0,0,1.0,1.0,1.0,189847,,,,,1.679101842455566e-05,1.0,,exact,rcv1,400000,0
93,topic:CCAT#t2,The report covers corporate or industrial news.,exact-hit,0,0,0,0,0,1.0,1.0,1.0,189847,,,,,1.691601937636733e-05,1.0,,exact,rcv1,400000,0
94,topic:C31#t2,The report covers markets or marketing.,cold,400000,400000,0,0,0,1.0,1.0,1.0,20204,,,,,0.0005460829997900873,1.0,,exact,rcv1,400000,0
95,topic:C18#t0,The article is about a change in the ownership of a company.,cold,400000,400000,0,0,0,1.0,1.0,1.0,26120,,,,,0.0005288749816827476,1.0,,exact,rcv1,400000,0
96,topic:C18#t0,The article is about a change in the ownership of a company.,exact-hit,0,0,0,0,0,1.0,1.0,1.0,26120,,,,,3.5541015677154064e-05,1.0,,exact,rcv1,400000,0
97,topic:C182#t2,The report covers a transfer of assets.,cold,400000,400000,0,0,0,1.0,1.0,1.0,2284,,,,,0.0005723340145777911,1.0,,exact,rcv1,400000,0
98,topic:C182#t1,This news story concerns a transfer of assets.,cold,400000,400000,0,0,0,1.0,1.0,1.0,2284,,,,,0.0004964169929735363,1.0,,exact,rcv1,400000,0
99,topic:C181#t0,The article is about a merger or an acquisition.,cold,400000,400000,0,0,0,1.0,1.0,1.0,21520,,,,,0.0005781250074505806,1.0,,exact,rcv1,400000,0
100,union:C181|GTOUR,The article is about a merger or an acquisition or about travel or tourism.,cold,400000,400000,0,0,0,1.0,1.0,1.0,21861,,,,,0.000594375014770776,1.0,,exact,rcv1,400000,0
101,topic:CCAT#t0,The article is about corporate or industrial news.,exact-hit,0,0,0,0,0,1.0,1.0,1.0,189847,,,,,2.9874994652345777e-05,1.0,,exact,rcv1,400000,0
102,topic:MCAT#t0,The article is about financial markets.,exact-hit,0,0,0,0,0,1.0,1.0,1.0,101954,,,,,2.7667003450915217e-05,1.0,,exact,rcv1,400000,0
103,topic:ECAT#t1,This news story concerns economics.,exact-hit,0,0,0,0,0,1.0,1.0,1.0,59522,,,,,2.783298259600997e-05,1.0,,exact,rcv1,400000,0
104,topic:ECAT#t2,The report covers economics.,exact-hit,0,0,0,0,0,1.0,1.0,1.0,59522,,,,,1.6332982340827584e-05,1.0,,exact,rcv1,400000,0
105,topic:CCAT#t1,This news story concerns corporate or industrial news.,exact-hit,0,0,0,0,0,1.0,1.0,1.0,189847,,,,,1.9041006453335285e-05,1.0,,exact,rcv1,400000,0
106,topic:CCAT#t2,The report covers corporate or industrial news.,exact-hit,0,0,0,0,0,1.0,1.0,1.0,189847,,,,,1.3834011042490602e-05,1.0,,exact,rcv1,400000,0
107,topic:CCAT#t1,This news story concerns corporate or industrial news.,exact-hit,0,0,0,0,0,1.0,1.0,1.0,189847,,,,,4.441599594429135e-05,1.0,,exact,rcv1,400000,0
108,topic:C23#t2,The report covers research and development.,cold,400000,400000,0,0,0,1.0,1.0,1.0,1304,,,,,0.001026540994644165,1.0,,exact,rcv1,400000,0
109,topic:C24#t1,This news story concerns production capacity or facilities.,cold,400000,400000,0,0,0,1.0,1.0,1.0,16000,,,,,0.0005813329771626741,1.0,,exact,rcv1,400000,0
110,topic:C41#t0,The article is about company management.,cold,400000,400000,0,0,0,1.0,1.0,1.0,5668,,,,,0.0005511670024134219,1.0,,exact,rcv1,400000,0
111,topic:GCAT#t1,This news story concerns government or social affairs.,exact-hit,0,0,0,0,0,1.0,1.0,1.0,118641,,,,,1.9416998839005828e-05,1.0,,exact,rcv1,400000,0
112,topic:GVOTE#t0,The article is about an election.,cold,400000,400000,0,0,0,1.0,1.0,1.0,5778,,,,,0.0005054159846622497,1.0,,exact,rcv1,400000,0
113,topic:GVOTE#t2,The report covers an election.,cold,400000,400000,0,0,0,1.0,1.0,1.0,5778,,,,,0.0004923749947920442,1.0,,exact,rcv1,400000,0
114,topic:GCAT#t1,This news story concerns government or social affairs.,exact-hit,0,0,0,0,0,1.0,1.0,1.0,118641,,,,,1.5166995581239462e-05,1.0,,exact,rcv1,400000,0
115,topic:GWELF#t0,The article is about welfare or social services.,cold,400000,400000,0,0,0,1.0,1.0,1.0,925,,,,,0.00046116698649711907,1.0,,exact,rcv1,400000,0
116,topic:GPRO#t1,This news story concerns a biography or a profile of a person.,cold,400000,400000,0,0,0,1.0,1.0,1.0,2754,,,,,0.00046841701259836555,1.0,,exact,rcv1,400000,0
117,topic:GCAT#t0,The article is about government or social affairs.,exact-hit,0,0,0,0,0,1.0,1.0,1.0,118641,,,,,1.575000351294875e-05,1.0,,exact,rcv1,400000,0
118,union:C13|GOBIT,The article is about the regulation of a company or an industry or about an obituary.,exact-hit,0,0,0,0,0,1.0,1.0,1.0,19121,,,,,1.7290993127971888e-05,1.0,,exact,rcv1,400000,0
119,union:GWELF|C1511,The article is about welfare or social services or about a company's annual results.,cold,400000,400000,0,0,0,1.0,1.0,1.0,12425,,,,,0.0005242080078460276,1.0,,exact,rcv1,400000,0
0,topic:MCAT#t1,This news story concerns financial markets.,cold,400000,400000,0,0,0,1.0,1.0,1.0,101954,,,,,0.0019130419823341072,1.0,,semreuse,rcv1,400000,0
1,topic:M11#t0,The article is about equity markets.,rewrite,400000,298046,29,101925,0,1.0,1.0,1.0,24235,1.0,False,1.0,False,0.014019124995684251,1.0,False,semreuse,rcv1,400000,0
2,topic:GCAT#t2,The report covers government or social affairs.,cold,400000,400000,0,0,0,1.0,1.0,1.0,118641,,,,,0.002136916999006644,1.0,,semreuse,rcv1,400000,0
3,topic:GCAT#t1,This news story concerns government or social affairs.,rewrite,164,0,164,0,0,1.0,1.0,1.0,118641,0.9187765432628373,False,0.9026221963739348,False,0.04602875001728535,1.0,False,semreuse,rcv1,400000,0
4,topic:GCAT#t0,The article is about government or social affairs.,rewrite,164,0,164,0,0,1.0,1.0,1.0,118641,0.9187765432628373,False,0.9026221963739348,False,0.006272042024647817,1.0,False,semreuse,rcv1,400000,0
5,union:GSPO|E121,The article is about sport or about the money supply.,cold,400000,400000,0,0,0,1.0,1.0,1.0,18482,,,,,0.0022353749955073,1.0,,semreuse,rcv1,400000,0
6,topic:GCAT#t2,The report covers government or social affairs.,exact-hit,0,0,0,0,0,1.0,1.0,1.0,118641,,,,,4.7375011490657926e-05,1.0,,semreuse,rcv1,400000,0
7,topic:CCAT#t0,The article is about corporate or industrial news.,cold,400000,400000,0,0,0,1.0,1.0,1.0,189847,,,,,0.0026956250076182187,1.0,,semreuse,rcv1,400000,0
8,topic:C22#t1,This news story concerns a new product or a new service.,cold,400000,400000,0,0,0,1.0,1.0,1.0,3060,,,,,0.0022828330111224204,1.0,,semreuse,rcv1,400000,0
9,topic:CCAT#t1,This news story concerns corporate or industrial news.,rewrite,95,0,95,0,0,1.0,1.0,1.0,189847,0.9193128718501709,False,0.9026163173502874,False,0.0074437090079300106,1.0,False,semreuse,rcv1,400000,0
10,topic:CCAT#t2,The report covers corporate or industrial news.,rewrite,95,0,95,0,0,1.0,1.0,1.0,189847,0.9193128718501709,False,0.9026163173502874,False,0.029886750009609386,1.0,False,semreuse,rcv1,400000,0
11,topic:ECAT#t2,The report covers economics.,cold,400000,400000,0,0,0,1.0,1.0,1.0,59522,,,,,0.0020948339952155948,1.0,,semreuse,rcv1,400000,0
12,topic:ECAT#t2,The report covers economics.,exact-hit,0,0,0,0,0,1.0,1.0,1.0,59522,,,,,2.0042003598064184e-05,1.0,,semreuse,rcv1,400000,0
13,topic:ECAT#t1,This news story concerns economics.,rewrite,59338,58996,342,0,0,1.0,1.0,1.0,59522,0.9184168262400395,False,0.9991767749739592,False,0.008345750014996156,1.0,False,semreuse,rcv1,400000,0
14,topic:E21#t1,This news story concerns government finance.,cold,400000,400000,0,0,0,1.0,1.0,1.0,21426,,,,,0.0036119169963058084,1.0,,semreuse,rcv1,400000,0
15,topic:CCAT#t2,The report covers corporate or industrial news.,exact-hit,0,0,0,0,0,1.0,1.0,1.0,189847,0.9193128718501709,False,0.9026163173502874,False,5.162501474842429e-05,1.0,False,semreuse,rcv1,400000,0
16,topic:CCAT#t0,The article is about corporate or industrial news.,exact-hit,0,0,0,0,0,1.0,1.0,1.0,189847,,,,,2.6041001547127962e-05,1.0,,semreuse,rcv1,400000,0
17,topic:C16#t2,The report covers corporate insolvency or a liquidity problem.,rewrite,400000,298046,29,101925,0,1.0,1.0,1.0,944,1.0,False,1.0,False,0.016457791003631428,1.0,False,semreuse,rcv1,400000,0
18,topic:ECAT#t0,The article is about economics.,rewrite,59714,59398,316,0,0,1.0,1.0,1.0,59522,0.918451756281252,False,0.9998319948926447,False,0.009995125001296401,1.0,False,semreuse,rcv1,400000,0
19,topic:E13#t1,This news story concerns inflation or prices.,cold,400000,400000,0,0,0,1.0,1.0,1.0,3291,,,,,0.0020892499887850136,1.0,,semreuse,rcv1,400000,0
20,topic:E132#t2,The report covers wholesale prices.,rewrite,400000,340478,29,59493,0,1.0,1.0,1.0,482,1.0,False,1.0,False,0.04660895900451578,1.0,False,semreuse,rcv1,400000,0
21,topic:E131#t2,The report covers consumer prices.,cold,400000,400000,0,0,0,1.0,1.0,1.0,2803,,,,,0.0020522090198937804,1.0,,semreuse,rcv1,400000,0
22,topic:E132#t0,The article is about wholesale prices.,rewrite,400000,244977,72,154951,0,1.0,1.0,1.0,482,1.0,False,1.0,False,0.06070233299396932,1.0,False,semreuse,rcv1,400000,0
23,topic:ECAT#t1,This news story concerns economics.,exact-hit,0,0,0,0,0,1.0,1.0,1.0,59522,0.9184168262400395,False,0.9991767749739592,False,3.1916017178446054e-05,1.0,False,semreuse,rcv1,400000,0
24,topic:E131#t2,The report covers consumer prices.,exact-hit,0,0,0,0,0,1.0,1.0,1.0,2803,,,,,2.0333012798801064e-05,1.0,,semreuse,rcv1,400000,0
25,topic:CCAT#t0,The article is about corporate or industrial news.,exact-hit,0,0,0,0,0,1.0,1.0,1.0,189847,,,,,1.708301715552807e-05,1.0,,semreuse,rcv1,400000,0
26,topic:CCAT#t1,This news story concerns corporate or industrial news.,exact-hit,0,0,0,0,0,1.0,1.0,1.0,189847,0.9193128718501709,False,0.9026163173502874,False,2.054200740531087e-05,1.0,False,semreuse,rcv1,400000,0
27,topic:ECAT#t1,This news story concerns economics.,exact-hit,0,0,0,0,0,1.0,1.0,1.0,59522,0.9184168262400395,False,0.9991767749739592,False,2.0499981474131346e-05,1.0,False,semreuse,rcv1,400000,0
28,topic:CCAT#t1,This news story concerns corporate or industrial news.,exact-hit,0,0,0,0,0,1.0,1.0,1.0,189847,0.9193128718501709,False,0.9026163173502874,False,2.0167004549875855e-05,1.0,False,semreuse,rcv1,400000,0
29,topic:CCAT#t1,This news story concerns corporate or industrial news.,exact-hit,0,0,0,0,0,1.0,1.0,1.0,189847,0.9193128718501709,False,0.9026163173502874,False,1.7458980437368155e-05,1.0,False,semreuse,rcv1,400000,0
30,topic:MCAT#t0,The article is about financial markets.,rewrite,102074,101954,120,0,0,1.0,1.0,1.0,101954,0.9187197001099356,False,1.0,False,0.04016049997881055,1.0,False,semreuse,rcv1,400000,0
31,topic:M12#t1,This news story concerns bond markets.,rewrite,400000,244977,72,154951,0,1.0,1.0,1.0,13072,1.0,False,1.0,False,0.029847500001778826,1.0,False,semreuse,rcv1,400000,0
32,topic:MCAT#t2,The report covers financial markets.,rewrite,102074,101954,120,0,0,1.0,1.0,1.0,101954,0.9187197001099356,False,1.0,False,0.0075519169913604856,1.0,False,semreuse,rcv1,400000,0
33,union:C13|GOBIT,The article is about the regulation of a company or an industry or about an obituary.,cold,400000,400000,0,0,0,1.0,1.0,1.0,19121,,,,,0.0020920000097248703,1.0,,semreuse,rcv1,400000,0
34,union:M132|E41,The article is about foreign exchange markets or about employment or the labour market.,cold,400000,400000,0,0,0,1.0,1.0,1.0,21712,,,,,0.0020105409785173833,1.0,,semreuse,rcv1,400000,0
35,topic:MCAT#t0,The article is about financial markets.,exact-hit,0,0,0,0,0,1.0,1.0,1.0,101954,0.9187197001099356,False,1.0,False,1.879202318377793e-05,1.0,False,semreuse,rcv1,400000,0
36,topic:CCAT#t2,The report covers corporate or industrial news.,exact-hit,0,0,0,0,0,1.0,1.0,1.0,189847,0.9193128718501709,False,0.9026163173502874,False,1.645900192670524e-05,1.0,False,semreuse,rcv1,400000,0
37,topic:ECAT#t0,The article is about economics.,exact-hit,0,0,0,0,0,1.0,1.0,1.0,59522,0.918451756281252,False,0.9998319948926447,False,1.5666999388486147e-05,1.0,False,semreuse,rcv1,400000,0
38,topic:ECAT#t2,The report covers economics.,exact-hit,0,0,0,0,0,1.0,1.0,1.0,59522,,,,,1.4999997802078724e-05,1.0,,semreuse,rcv1,400000,0
39,topic:CCAT#t1,This news story concerns corporate or industrial news.,exact-hit,0,0,0,0,0,1.0,1.0,1.0,189847,0.9193128718501709,False,0.9026163173502874,False,1.5874975360929966e-05,1.0,False,semreuse,rcv1,400000,0
40,topic:CCAT#t0,The article is about corporate or industrial news.,exact-hit,0,0,0,0,0,1.0,1.0,1.0,189847,,,,,1.6875012079253793e-05,1.0,,semreuse,rcv1,400000,0
41,topic:C41#t1,This news story concerns company management.,rewrite,400000,210153,29,189818,0,1.0,1.0,1.0,5668,1.0,False,1.0,False,0.3101686660083942,1.0,False,semreuse,rcv1,400000,0
42,topic:ECAT#t2,The report covers economics.,exact-hit,0,0,0,0,0,1.0,1.0,1.0,59522,,,,,3.3625023206695914e-05,1.0,,semreuse,rcv1,400000,0
43,topic:ECAT#t0,The article is about economics.,exact-hit,0,0,0,0,0,1.0,1.0,1.0,59522,0.918451756281252,False,0.9998319948926447,False,3.0625000363215804e-05,1.0,False,semreuse,rcv1,400000,0
44,topic:ECAT#t0,The article is about economics.,exact-hit,0,0,0,0,0,1.0,1.0,1.0,59522,0.918451756281252,False,0.9998319948926447,False,2.0709005184471607e-05,1.0,False,semreuse,rcv1,400000,0
45,topic:E11#t2,The report covers economic performance.,rewrite,157391,155023,2368,0,0,1.0,1.0,1.0,4291,0.9188436830835118,False,1.0,False,0.007498999999370426,1.0,False,semreuse,rcv1,400000,0
46,topic:E11#t1,This news story concerns economic performance.,rewrite,157391,155023,2368,0,0,1.0,1.0,1.0,4291,0.9188436830835118,False,1.0,False,0.015146416000789031,1.0,False,semreuse,rcv1,400000,0
47,topic:E61#t2,The report covers housing starts.,cold,400000,400000,0,0,0,1.0,1.0,1.0,205,,,,,0.007670166989555582,1.0,,semreuse,rcv1,400000,0
48,topic:E13#t0,The article is about inflation or prices.,rewrite,396745,56231,4036,336478,0,1.0,1.0,1.0,3291,1.0,False,0.9033728350045579,False,0.008159457996953279,1.0,False,semreuse,rcv1,400000,0
49,topic:E132#t0,The article is about wholesale prices.,exact-hit,0,0,0,0,0,1.0,1.0,1.0,482,1.0,False,1.0,False,2.445801510475576e-05,1.0,False,semreuse,rcv1,400000,0
50,topic:E13#t2,The report covers inflation or prices.,rewrite,396745,56231,4036,336478,0,1.0,1.0,1.0,3291,1.0,False,0.9033728350045579,False,0.007662165997317061,1.0,False,semreuse,rcv1,400000,0
51,topic:E61#t1,This news story concerns housing starts.,rewrite,399831,0,4036,395795,0,1.0,1.0,1.0,205,1.0,False,0.9121951219512195,False,0.00573712500045076,1.0,False,semreuse,rcv1,400000,0
52,union:GSPO|E121,The article is about sport or about the money supply.,exact-hit,0,0,0,0,0,1.0,1.0,1.0,18482,,,,,2.6790978154167533e-05,1.0,,semreuse,rcv1,400000,0
53,topic:E11#t1,This news story concerns economic performance.,exact-hit,0,0,0,0,0,1.0,1.0,1.0,4291,0.9188436830835118,False,1.0,False,1.6375008272007108e-05,1.0,False,semreuse,rcv1,400000,0
54,topic:MCAT#t0,The article is about financial markets.,exact-hit,0,0,0,0,0,1.0,1.0,1.0,101954,0.9187197001099356,False,1.0,False,3.991700941696763e-05,1.0,False,semreuse,rcv1,400000,0
55,union:GVOTE|C174,The article is about an election or about a credit rating.,rewrite,400000,274397,117,125486,0,1.0,1.0,1.0,8653,1.0,False,1.0,False,0.07595362499705516,1.0,False,semreuse,rcv1,400000,0
56,topic:CCAT#t2,The report covers corporate or industrial news.,exact-hit,0,0,0,0,0,1.0,1.0,1.0,189847,0.9193128718501709,False,0.9026163173502874,False,3.245897823944688e-05,1.0,False,semreuse,rcv1,400000,0
57,topic:ECAT#t0,The article is about economics.,exact-hit,0,0,0,0,0,1.0,1.0,1.0,59522,0.918451756281252,False,0.9998319948926447,False,2.2624997654929757e-05,1.0,False,semreuse,rcv1,400000,0
58,topic:E11#t0,The article is about economic performance.,rewrite,157391,155023,2368,0,0,1.0,1.0,1.0,4291,0.9188436830835118,False,1.0,False,0.007955707988003269,1.0,False,semreuse,rcv1,400000,0
59,topic:E11#t1,This news story concerns economic performance.,exact-hit,0,0,0,0,0,1.0,1.0,1.0,4291,0.9188436830835118,False,1.0,False,2.387500717304647e-05,1.0,False,semreuse,rcv1,400000,0
60,union:GVOTE|C174,The article is about an election or about a credit rating.,exact-hit,0,0,0,0,0,1.0,1.0,1.0,8653,1.0,False,1.0,False,1.6916979802772403e-05,1.0,False,semreuse,rcv1,400000,0
61,topic:E21#t0,The article is about government finance.,rewrite,22376,21412,950,14,0,1.0,1.0,1.0,21426,0.9185458286890166,False,1.0,False,0.006789042003219947,1.0,False,semreuse,rcv1,400000,0
62,topic:ECAT#t2,The report covers economics.,exact-hit,0,0,0,0,0,1.0,1.0,1.0,59522,,,,,3.766699228435755e-05,1.0,,semreuse,rcv1,400000,0
63,topic:E51#t1,This news story concerns trade or foreign reserves.,cold,400000,400000,0,0,0,1.0,1.0,1.0,10592,,,,,0.0020857919880654663,1.0,,semreuse,rcv1,400000,0
64,topic:MCAT#t0,The article is about financial markets.,exact-hit,0,0,0,0,0,1.0,1.0,1.0,101954,0.9187197001099356,False,1.0,False,2.0082981791347265e-05,1.0,False,semreuse,rcv1,400000,0
65,union:CCAT|E212,The article is about corporate or industrial news or about government borrowing.,rewrite,210192,164780,117,45295,0,1.0,1.0,1.0,201188,1.0,False,0.905968546831819,False,0.02000529199722223,1.0,False,semreuse,rcv1,400000,0
66,topic:M12#t2,The report covers bond markets.,rewrite,143058,141951,1107,0,0,1.0,1.0,1.0,13072,0.9186028379853423,False,0.9013157894736842,False,0.009063416015123948,1.0,False,semreuse,rcv1,400000,0
67,topic:ECAT#t2,The report covers economics.,exact-hit,0,0,0,0,0,1.0,1.0,1.0,59522,,,,,2.62079993262887e-05,1.0,,semreuse,rcv1,400000,0
68,topic:GCAT#t2,The report covers government or social affairs.,exact-hit,0,0,0,0,0,1.0,1.0,1.0,118641,,,,,1.7291982658207417e-05,1.0,,semreuse,rcv1,400000,0
69,union:GODD|C23,The article is about a human interest story or about research and development.,cold,400000,400000,0,0,0,1.0,1.0,1.0,2713,,,,,0.002035167010035366,1.0,,semreuse,rcv1,400000,0
70,topic:GCAT#t0,The article is about government or social affairs.,exact-hit,0,0,0,0,0,1.0,1.0,1.0,118641,0.9187765432628373,False,0.9026221963739348,False,3.9875012589618564e-05,1.0,False,semreuse,rcv1,400000,0
71,topic:GSCI#t1,This news story concerns science or technology.,cold,400000,400000,0,0,0,1.0,1.0,1.0,1194,,,,,0.001954583014594391,1.0,,semreuse,rcv1,400000,0
72,topic:GCAT#t1,This news story concerns government or social affairs.,exact-hit,0,0,0,0,0,1.0,1.0,1.0,118641,0.9187765432628373,False,0.9026221963739348,False,5.508400499820709e-05,1.0,False,semreuse,rcv1,400000,0
73,topic:GTOUR#t1,This news story concerns travel or tourism.,cold,400000,400000,0,0,0,1.0,1.0,1.0,341,,,,,0.002144500002032146,1.0,,semreuse,rcv1,400000,0
74,topic:GTOUR#t0,The article is about travel or tourism.,rewrite,399695,0,4036,395659,0,1.0,1.0,1.0,341,1.0,False,0.9090909090909091,False,0.047753750026458874,1.0,False,semreuse,rcv1,400000,0
75,topic:GTOUR#t2,The report covers travel or tourism.,rewrite,399695,0,4036,395659,0,1.0,1.0,1.0,341,1.0,False,0.9090909090909091,False,0.006011416990077123,1.0,False,semreuse,rcv1,400000,0
76,topic:GTOUR#t0,The article is about travel or tourism.,exact-hit,0,0,0,0,0,1.0,1.0,1.0,341,1.0,False,0.9090909090909091,False,2.7750007575377822e-05,1.0,False,semreuse,rcv1,400000,0
77,topic:GTOUR#t2,The report covers travel or tourism.,exact-hit,0,0,0,0,0,1.0,1.0,1.0,341,1.0,False,0.9090909090909091,False,1.795799471437931e-05,1.0,False,semreuse,rcv1,400000,0
78,topic:GCAT#t0,The article is about government or social affairs.,exact-hit,0,0,0,0,0,1.0,1.0,1.0,118641,0.9187765432628373,False,0.9026221963739348,False,1.6457983292639256e-05,1.0,False,semreuse,rcv1,400000,0
79,topic:GCAT#t0,The article is about government or social affairs.,exact-hit,0,0,0,0,0,1.0,1.0,1.0,118641,0.9187765432628373,False,0.9026221963739348,False,2.2332998923957348e-05,1.0,False,semreuse,rcv1,400000,0
80,topic:GWEA#t0,The article is about the weather.,cold,400000,400000,0,0,0,1.0,1.0,1.0,1953,,,,,0.0020962920098099858,1.0,,semreuse,rcv1,400000,0
81,topic:GJOB#t2,The report covers labour issues.,rewrite,400000,4016,4036,391948,0,1.0,1.0,1.0,8537,1.0,False,1.0,False,0.009524000022793189,1.0,False,semreuse,rcv1,400000,0
82,union:C152|GWEA,The article is about commentary or forecasts about a company's results or about the weather.,rewrite,398076,398047,29,0,0,1.0,1.0,1.0,38236,1.0,False,0.9950308609687206,False,0.0031930420082062483,1.0,False,semreuse,rcv1,400000,0
83,union:GCRIM|E31,The article is about crime or law enforcement or about economic output or capacity.,rewrite,400000,340478,29,59493,0,1.0,1.0,1.0,17224,1.0,False,1.0,False,0.010007459000917152,1.0,False,semreuse,rcv1,400000,0
84,topic:GENT#t2,"The report covers arts, culture or entertainment.",cold,400000,400000,0,0,0,1.0,1.0,1.0,1858,,,,,0.0020419160136952996,1.0,,semreuse,rcv1,400000,0
85,topic:GDIS#t0,The article is about a disaster or an accident.,cold,400000,400000,0,0,0,1.0,1.0,1.0,4272,,,,,0.0039630829996895045,1.0,,semreuse,rcv1,400000,0
86,topic:GENT#t0,"The article is about arts, culture or entertainment.",rewrite,398178,0,4036,394142,0,1.0,1.0,1.0,1858,1.0,False,0.903659849300323,False,0.009536000026855618,1.0,False,semreuse,rcv1,400000,0
87,topic:GJOB#t0,The article is about labour issues.,rewrite,400000,21712,1894,376394,0,1.0,1.0,1.0,8537,1.0,False,1.0,False,0.15919075001147576,1.0,False,semreuse,rcv1,400000,0
88,topic:GSPO#t2,The report covers sport.,rewrite,19390,18482,908,0,0,1.0,1.0,1.0,17407,0.9185267268218036,False,1.0,False,0.004876082995906472,1.0,False,semreuse,rcv1,400000,0
89,union:CCAT|E212,The article is about corporate or industrial news or about government borrowing.,exact-hit,0,0,0,0,0,1.0,1.0,1.0,201188,1.0,False,0.905968546831819,False,8.39589920360595e-05,1.0,False,semreuse,rcv1,400000,0
90,topic:CCAT#t0,The article is about corporate or industrial news.,exact-hit,0,0,0,0,0,1.0,1.0,1.0,189847,,,,,7.008400280028582e-05,1.0,,semreuse,rcv1,400000,0
91,topic:CCAT#t2,The report covers corporate or industrial news.,exact-hit,0,0,0,0,0,1.0,1.0,1.0,189847,0.9193128718501709,False,0.9026163173502874,False,2.7250003768131137e-05,1.0,False,semreuse,rcv1,400000,0
92,topic:CCAT#t1,This news story concerns corporate or industrial news.,exact-hit,0,0,0,0,0,1.0,1.0,1.0,189847,0.9193128718501709,False,0.9026163173502874,False,4.762501339428127e-05,1.0,False,semreuse,rcv1,400000,0
93,topic:CCAT#t2,The report covers corporate or industrial news.,exact-hit,0,0,0,0,0,1.0,1.0,1.0,189847,0.9193128718501709,False,0.9026163173502874,False,1.7291982658207417e-05,1.0,False,semreuse,rcv1,400000,0
94,topic:C31#t2,The report covers markets or marketing.,rewrite,400000,13072,4000,382928,0,1.0,1.0,1.0,20204,1.0,False,1.0,False,0.008972959010861814,1.0,False,semreuse,rcv1,400000,0
95,topic:C18#t0,The article is about a change in the ownership of a company.,rewrite,400000,210153,29,189818,0,1.0,1.0,1.0,26120,1.0,False,1.0,False,0.07293520800885744,1.0,False,semreuse,rcv1,400000,0
96,topic:C18#t0,The article is about a change in the ownership of a company.,exact-hit,0,0,0,0,0,1.0,1.0,1.0,26120,1.0,False,1.0,False,2.6666995836421847e-05,1.0,False,semreuse,rcv1,400000,0
97,topic:C182#t2,The report covers a transfer of assets.,rewrite,400000,1,0,399999,0,1.0,1.0,1.0,2284,1.0,False,1.0,False,0.005884874990442768,1.0,False,semreuse,rcv1,400000,0
98,topic:C182#t1,This news story concerns a transfer of assets.,rewrite,399999,2284,4000,393715,0,1.0,1.0,1.0,2284,0.999562363238512,False,1.0,False,0.009476499981246889,1.0,False,semreuse,rcv1,400000,0
99,topic:C181#t0,The article is about a merger or an acquisition.,rewrite,400000,206139,72,193789,0,1.0,1.0,1.0,21520,1.0,False,1.0,False,0.04073208398767747,1.0,False,semreuse,rcv1,400000,0
100,union:C181|GTOUR,The article is about a merger or an acquisition or about travel or tourism.,rewrite,378211,378139,72,0,0,1.0,1.0,1.0,21861,1.0,False,0.9027949316133754,False,0.00502329200389795,1.0,False,semreuse,rcv1,400000,0
101,topic:CCAT#t0,The article is about corporate or industrial news.,exact-hit,0,0,0,0,0,1.0,1.0,1.0,189847,,,,,2.662499900907278e-05,1.0,,semreuse,rcv1,400000,0
102,topic:MCAT#t0,The article is about financial markets.,exact-hit,0,0,0,0,0,1.0,1.0,1.0,101954,0.9187197001099356,False,1.0,False,2.7250003768131137e-05,1.0,False,semreuse,rcv1,400000,0
103,topic:ECAT#t1,This news story concerns economics.,exact-hit,0,0,0,0,0,1.0,1.0,1.0,59522,0.9184168262400395,False,0.9991767749739592,False,2.0000006770715117e-05,1.0,False,semreuse,rcv1,400000,0
104,topic:ECAT#t2,The report covers economics.,exact-hit,0,0,0,0,0,1.0,1.0,1.0,59522,,,,,1.7292011762037873e-05,1.0,,semreuse,rcv1,400000,0
105,topic:CCAT#t1,This news story concerns corporate or industrial news.,exact-hit,0,0,0,0,0,1.0,1.0,1.0,189847,0.9193128718501709,False,0.9026163173502874,False,1.6125006368383765e-05,1.0,False,semreuse,rcv1,400000,0
106,topic:CCAT#t2,The report covers corporate or industrial news.,exact-hit,0,0,0,0,0,1.0,1.0,1.0,189847,0.9193128718501709,False,0.9026163173502874,False,1.912500010803342e-05,1.0,False,semreuse,rcv1,400000,0
107,topic:CCAT#t1,This news story concerns corporate or industrial news.,exact-hit,0,0,0,0,0,1.0,1.0,1.0,189847,0.9193128718501709,False,0.9026163173502874,False,1.550000160932541e-05,1.0,False,semreuse,rcv1,400000,0
108,topic:C23#t2,The report covers research and development.,cold,400000,400000,0,0,0,1.0,1.0,1.0,1304,,,,,0.002226291020633653,1.0,,semreuse,rcv1,400000,0
109,topic:C24#t1,This news story concerns production capacity or facilities.,rewrite,192889,186118,674,6097,0,1.0,1.0,1.0,16000,0.9185372294620816,False,1.0,False,0.02705945901107043,1.0,False,semreuse,rcv1,400000,0
110,topic:C41#t0,The article is about company management.,rewrite,186238,184179,2059,0,0,1.0,1.0,1.0,5668,0.918850987432675,False,0.9029640084685956,False,0.028518832987174392,1.0,False,semreuse,rcv1,400000,0
111,topic:GCAT#t1,This news story concerns government or social affairs.,exact-hit,0,0,0,0,0,1.0,1.0,1.0,118641,0.9187765432628373,False,0.9026221963739348,False,3.0499999411404133e-05,1.0,False,semreuse,rcv1,400000,0
112,topic:GVOTE#t0,The article is about an election.,rewrite,11462,8653,2809,0,0,1.0,1.0,1.0,5778,0.9187470186039116,False,1.0,False,0.005049917002907023,1.0,False,semreuse,rcv1,400000,0
113,topic:GVOTE#t2,The report covers an election.,rewrite,4036,0,4036,0,0,1.0,1.0,1.0,5778,0.9175167077031305,False,0.9029075804776739,False,0.005765708017861471,1.0,False,semreuse,rcv1,400000,0
114,topic:GCAT#t1,This news story concerns government or social affairs.,exact-hit,0,0,0,0,0,1.0,1.0,1.0,118641,0.9187765432628373,False,0.9026221963739348,False,2.5374989490956068e-05,1.0,False,semreuse,rcv1,400000,0
115,topic:GWELF#t0,The article is about welfare or social services.,rewrite,400000,0,4036,395964,0,1.0,1.0,1.0,925,1.0,False,1.0,False,0.05574554100167006,1.0,False,semreuse,rcv1,400000,0
116,topic:GPRO#t1,This news story concerns a biography or a profile of a person.,rewrite,400000,1,0,399999,0,1.0,1.0,1.0,2754,1.0,False,1.0,False,0.006041415996151045,1.0,False,semreuse,rcv1,400000,0
117,topic:GCAT#t0,The article is about government or social affairs.,exact-hit,0,0,0,0,0,1.0,1.0,1.0,118641,0.9187765432628373,False,0.9026221963739348,False,5.037497612647712e-05,1.0,False,semreuse,rcv1,400000,0
118,union:C13|GOBIT,The article is about the regulation of a company or an industry or about an obituary.,exact-hit,0,0,0,0,0,1.0,1.0,1.0,19121,,,,,3.7999998312443495e-05,1.0,,semreuse,rcv1,400000,0
119,union:GWELF|C1511,The article is about welfare or social services or about a company's annual results.,rewrite,399111,281359,72,117680,0,1.0,1.0,1.0,12425,1.0,False,0.9929175050301811,False,0.021576624974841252,1.0,False,semreuse,rcv1,400000,0
0,topic:MCAT#t1,This news story concerns financial markets.,cold,400000,400000,0,0,0,1.0,1.0,1.0,101954,,,,,0.022527416003867984,1.0,,semreuse-gt,rcv1,400000,0
1,topic:M11#t0,The article is about equity markets.,rewrite,102463,101954,509,0,0,1.0,1.0,1.0,24235,0.9185143073716127,False,1.0,False,0.004604832996847108,1.0,False,semreuse-gt,rcv1,400000,0
2,topic:GCAT#t2,The report covers government or social affairs.,cold,400000,400000,0,0,0,1.0,1.0,1.0,118641,,,,,0.002488875004928559,1.0,,semreuse-gt,rcv1,400000,0
3,topic:GCAT#t1,This news story concerns government or social affairs.,rewrite,164,0,164,0,0,1.0,1.0,1.0,118641,0.9187765432628373,False,0.9026221963739348,False,0.013450541999191046,1.0,False,semreuse-gt,rcv1,400000,0
4,topic:GCAT#t0,The article is about government or social affairs.,rewrite,164,0,164,0,0,1.0,1.0,1.0,118641,0.9187765432628373,False,0.9026221963739348,False,0.007172084006015211,1.0,False,semreuse-gt,rcv1,400000,0
5,union:GSPO|E121,The article is about sport or about the money supply.,cold,400000,400000,0,0,0,1.0,1.0,1.0,18482,,,,,0.0033482089929748327,1.0,,semreuse-gt,rcv1,400000,0
6,topic:GCAT#t2,The report covers government or social affairs.,exact-hit,0,0,0,0,0,1.0,1.0,1.0,118641,,,,,1.9458995666354895e-05,1.0,,semreuse-gt,rcv1,400000,0
7,topic:CCAT#t0,The article is about corporate or industrial news.,cold,400000,400000,0,0,0,1.0,1.0,1.0,189847,,,,,0.004060125007526949,1.0,,semreuse-gt,rcv1,400000,0
8,topic:C22#t1,This news story concerns a new product or a new service.,rewrite,192866,189702,3164,0,0,1.0,1.0,1.0,3060,0.9191949534394713,False,1.0,False,0.007193041004939005,1.0,False,semreuse-gt,rcv1,400000,0
9,topic:CCAT#t1,This news story concerns corporate or industrial news.,rewrite,95,0,95,0,0,1.0,1.0,1.0,189847,0.9193128718501709,False,0.9026163173502874,False,0.008880665991455317,1.0,False,semreuse-gt,rcv1,400000,0
10,topic:CCAT#t2,The report covers corporate or industrial news.,rewrite,95,0,95,0,0,1.0,1.0,1.0,189847,0.9193128718501709,False,0.9026163173502874,False,0.009412832994712517,1.0,False,semreuse-gt,rcv1,400000,0
11,topic:ECAT#t2,The report covers economics.,cold,400000,400000,0,0,0,1.0,1.0,1.0,59522,,,,,0.005180625012144446,1.0,,semreuse-gt,rcv1,400000,0
12,topic:ECAT#t2,The report covers economics.,exact-hit,0,0,0,0,0,1.0,1.0,1.0,59522,,,,,4.533398896455765e-05,1.0,,semreuse-gt,rcv1,400000,0
13,topic:ECAT#t1,This news story concerns economics.,rewrite,347,0,347,0,0,1.0,1.0,1.0,59522,0.9185986869101355,False,0.9026410402876247,False,0.0348455419880338,1.0,False,semreuse-gt,rcv1,400000,0
14,topic:E21#t1,This news story concerns government finance.,rewrite,60180,59522,658,0,0,1.0,1.0,1.0,21426,0.9185064517511896,False,1.0,False,0.008491832995787263,1.0,False,semreuse-gt,rcv1,400000,0
15,topic:CCAT#t2,The report covers corporate or industrial news.,exact-hit,0,0,0,0,0,1.0,1.0,1.0,189847,0.9193128718501709,False,0.9026163173502874,False,2.733300789259374e-05,1.0,False,semreuse-gt,rcv1,400000,0
16,topic:CCAT#t0,The article is about corporate or industrial news.,exact-hit,0,0,0,0,0,1.0,1.0,1.0,189847,,,,,1.9750004867091775e-05,1.0,,semreuse-gt,rcv1,400000,0
17,topic:C16#t2,The report covers corporate insolvency or a liquidity problem.,rewrite,399859,186642,4000,209217,0,1.0,1.0,1.0,944,0.9085659287776708,False,1.0,False,0.029116374993463978,1.0,False,semreuse-gt,rcv1,400000,0
18,topic:ECAT#t0,The article is about economics.,rewrite,395,0,395,0,0,1.0,1.0,1.0,59522,0.9184634618348718,False,0.9010113907462787,False,0.03649637498892844,1.0,False,semreuse-gt,rcv1,400000,0
19,topic:E13#t1,This news story concerns inflation or prices.,rewrite,63496,59496,4000,0,0,1.0,1.0,1.0,3291,0.9048666483365411,False,1.0,False,0.010136666998732835,1.0,False,semreuse-gt,rcv1,400000,0
20,topic:E132#t2,The report covers wholesale prices.,rewrite,400000,3291,4000,392709,0,1.0,1.0,1.0,482,1.0,False,1.0,False,0.027450583002064377,1.0,False,semreuse-gt,rcv1,400000,0
21,topic:E131#t2,The report covers consumer prices.,rewrite,400000,3291,4000,392709,0,1.0,1.0,1.0,2803,1.0,False,1.0,False,0.01986708299955353,1.0,False,semreuse-gt,rcv1,400000,0
22,topic:E132#t0,The article is about wholesale prices.,rewrite,399554,0,4036,395518,0,1.0,1.0,1.0,482,1.0,False,0.9066390041493776,False,0.011434540996560827,1.0,False,semreuse-gt,rcv1,400000,0
23,topic:ECAT#t1,This news story concerns economics.,exact-hit,0,0,0,0,0,1.0,1.0,1.0,59522,0.9185986869101355,False,0.9026410402876247,False,3.5792007111012936e-05,1.0,False,semreuse-gt,rcv1,400000,0
24,topic:E131#t2,The report covers consumer prices.,exact-hit,0,0,0,0,0,1.0,1.0,1.0,2803,1.0,False,1.0,False,1.6541016520932317e-05,1.0,False,semreuse-gt,rcv1,400000,0
25,topic:CCAT#t0,The article is about corporate or industrial news.,exact-hit,0,0,0,0,0,1.0,1.0,1.0,189847,,,,,1.754198456183076e-05,1.0,,semreuse-gt,rcv1,400000,0
26,topic:CCAT#t1,This news story concerns corporate or industrial news.,exact-hit,0,0,0,0,0,1.0,1.0,1.0,189847,0.9193128718501709,False,0.9026163173502874,False,1.9500002963468432e-05,1.0,False,semreuse-gt,rcv1,400000,0
27,topic:ECAT#t1,This news story concerns economics.,exact-hit,0,0,0,0,0,1.0,1.0,1.0,59522,0.9185986869101355,False,0.9026410402876247,False,3.4666009014472365e-05,1.0,False,semreuse-gt,rcv1,400000,0
28,topic:CCAT#t1,This news story concerns corporate or industrial news.,exact-hit,0,0,0,0,0,1.0,1.0,1.0,189847,0.9193128718501709,False,0.9026163173502874,False,1.6332982340827584e-05,1.0,False,semreuse-gt,rcv1,400000,0
29,topic:CCAT#t1,This news story concerns corporate or industrial news.,exact-hit,0,0,0,0,0,1.0,1.0,1.0,189847,0.9193128718501709,False,0.9026163173502874,False,1.7582991858944297e-05,1.0,False,semreuse-gt,rcv1,400000,0
30,topic:MCAT#t0,The article is about financial markets.,rewrite,242,0,242,0,0,1.0,1.0,1.0,101954,0.9185057046006779,False,0.9009651411420837,False,0.06475254200631753,1.0,False,semreuse-gt,rcv1,400000,0
31,topic:M12#t1,This news story concerns bond markets.,rewrite,103000,101951,1049,0,0,1.0,1.0,1.0,13072,0.9185580774365821,False,1.0,False,0.011047499981941655,1.0,False,semreuse-gt,rcv1,400000,0
32,topic:MCAT#t2,The report covers financial markets.,rewrite,242,0,242,0,0,1.0,1.0,1.0,101954,0.9185057046006779,False,0.9009651411420837,False,0.015550499985693023,1.0,False,semreuse-gt,rcv1,400000,0
33,union:C13|GOBIT,The article is about the regulation of a company or an industry or about an obituary.,rewrite,399538,399518,20,0,0,1.0,1.0,1.0,19121,0.9958854166666666,False,1.0,False,0.011516041005961597,1.0,False,semreuse-gt,rcv1,400000,0
34,union:M132|E41,The article is about foreign exchange markets or about employment or the labour market.,cold,400000,400000,0,0,0,1.0,1.0,1.0,21712,,,,,0.00907887500943616,1.0,,semreuse-gt,rcv1,400000,0
35,topic:MCAT#t0,The article is about financial markets.,exact-hit,0,0,0,0,0,1.0,1.0,1.0,101954,0.9185057046006779,False,0.9009651411420837,False,3.358398680575192e-05,1.0,False,semreuse-gt,rcv1,400000,0
36,topic:CCAT#t2,The report covers corporate or industrial news.,exact-hit,0,0,0,0,0,1.0,1.0,1.0,189847,0.9193128718501709,False,0.9026163173502874,False,2.174999099224806e-05,1.0,False,semreuse-gt,rcv1,400000,0
37,topic:ECAT#t0,The article is about economics.,exact-hit,0,0,0,0,0,1.0,1.0,1.0,59522,0.9184634618348718,False,0.9010113907462787,False,2.158299321308732e-05,1.0,False,semreuse-gt,rcv1,400000,0
38,topic:ECAT#t2,The report covers economics.,exact-hit,0,0,0,0,0,1.0,1.0,1.0,59522,,,,,1.620801049284637e-05,1.0,,semreuse-gt,rcv1,400000,0
39,topic:CCAT#t1,This news story concerns corporate or industrial news.,exact-hit,0,0,0,0,0,1.0,1.0,1.0,189847,0.9193128718501709,False,0.9026163173502874,False,1.845901715569198e-05,1.0,False,semreuse-gt,rcv1,400000,0
40,topic:CCAT#t0,The article is about corporate or industrial news.,exact-hit,0,0,0,0,0,1.0,1.0,1.0,189847,,,,,1.8708000425249338e-05,1.0,,semreuse-gt,rcv1,400000,0
41,topic:C41#t1,This news story concerns company management.,rewrite,191540,189713,1827,0,0,1.0,1.0,1.0,5668,0.9187874858161776,False,1.0,False,0.02318175000254996,1.0,False,semreuse-gt,rcv1,400000,0
42,topic:ECAT#t2,The report covers economics.,exact-hit,0,0,0,0,0,1.0,1.0,1.0,59522,,,,,2.9332994017750025e-05,1.0,,semreuse-gt,rcv1,400000,0
43,topic:ECAT#t0,The article is about economics.,exact-hit,0,0,0,0,0,1.0,1.0,1.0,59522,0.9184634618348718,False,0.9010113907462787,False,1.783299376256764e-05,1.0,False,semreuse-gt,rcv1,400000,0
44,topic:ECAT#t0,The article is about economics.,exact-hit,0,0,0,0,0,1.0,1.0,1.0,59522,0.9184634618348718,False,0.9010113907462787,False,1.85410026460886e-05,1.0,False,semreuse-gt,rcv1,400000,0
45,topic:E11#t2,The report covers economic performance.,rewrite,62814,59522,3292,0,0,1.0,1.0,1.0,4291,0.9188436830835118,False,1.0,False,0.016974457976175472,1.0,False,semreuse-gt,rcv1,400000,0
46,topic:E11#t1,This news story concerns economic performance.,rewrite,395745,0,4036,391709,0,1.0,1.0,1.0,4291,1.0,False,0.90305290142158,False,0.016892290994292125,1.0,False,semreuse-gt,rcv1,400000,0
47,topic:E61#t2,The report covers housing starts.,rewrite,399978,34583,4000,361395,0,1.0,1.0,1.0,205,0.9030837004405287,False,1.0,False,0.019303875014884397,1.0,False,semreuse-gt,rcv1,400000,0
48,topic:E13#t0,The article is about inflation or prices.,rewrite,396793,0,4084,392709,0,1.0,1.0,1.0,3291,1.0,False,0.902461257976299,False,0.027012707985704765,1.0,False,semreuse-gt,rcv1,400000,0
49,topic:E132#t0,The article is about wholesale prices.,exact-hit,0,0,0,0,0,1.0,1.0,1.0,482,1.0,False,0.9066390041493776,False,3.9040984120219946e-05,1.0,False,semreuse-gt,rcv1,400000,0
50,topic:E13#t2,The report covers inflation or prices.,rewrite,396793,0,4084,392709,0,1.0,1.0,1.0,3291,1.0,False,0.902461257976299,False,0.07590400002663955,1.0,False,semreuse-gt,rcv1,400000,0
51,topic:E61#t1,This news story concerns housing starts.,rewrite,399831,0,4036,395795,0,1.0,1.0,1.0,205,1.0,False,0.9121951219512195,False,0.018674708000617102,1.0,False,semreuse-gt,rcv1,400000,0
52,union:GSPO|E121,The article is about sport or about the money supply.,exact-hit,0,0,0,0,0,1.0,1.0,1.0,18482,,,,,3.058402216993272e-05,1.0,,semreuse-gt,rcv1,400000,0
53,topic:E11#t1,This news story concerns economic performance.,exact-hit,0,0,0,0,0,1.0,1.0,1.0,4291,1.0,False,0.90305290142158,False,1.8499995348975062e-05,1.0,False,semreuse-gt,rcv1,400000,0
54,topic:MCAT#t0,The article is about financial markets.,exact-hit,0,0,0,0,0,1.0,1.0,1.0,101954,0.9185057046006779,False,0.9009651411420837,False,5.9833982959389687e-05,1.0,False,semreuse-gt,rcv1,400000,0
55,union:GVOTE|C174,The article is about an election or about a credit rating.,rewrite,398392,398372,20,0,0,1.0,1.0,1.0,8653,0.9645524467729351,False,1.0,False,0.014750708010978997,1.0,False,semreuse-gt,rcv1,400000,0
56,topic:CCAT#t2,The report covers corporate or industrial news.,exact-hit,0,0,0,0,0,1.0,1.0,1.0,189847,0.9193128718501709,False,0.9026163173502874,False,2.7458008844405413e-05,1.0,False,semreuse-gt,rcv1,400000,0
57,topic:ECAT#t0,The article is about economics.,exact-hit,0,0,0,0,0,1.0,1.0,1.0,59522,0.9184634618348718,False,0.9010113907462787,False,1.754099503159523e-05,1.0,False,semreuse-gt,rcv1,400000,0
58,topic:E11#t0,The article is about economic performance.,rewrite,395745,0,4036,391709,0,1.0,1.0,1.0,4291,1.0,False,0.90305290142158,False,0.018849957996280864,1.0,False,semreuse-gt,rcv1,400000,0
59,topic:E11#t1,This news story concerns economic performance.,exact-hit,0,0,0,0,0,1.0,1.0,1.0,4291,1.0,False,0.90305290142158,False,2.545802271924913e-05,1.0,False,semreuse-gt,rcv1,400000,0
60,union:GVOTE|C174,The article is about an election or about a credit rating.,exact-hit,0,0,0,0,0,1.0,1.0,1.0,8653,0.9645524467729351,False,1.0,False,1.8708000425249338e-05,1.0,False,semreuse-gt,rcv1,400000,0
61,topic:E21#t0,The article is about government finance.,rewrite,1088,0,1088,0,0,1.0,1.0,1.0,21426,0.9185069098162132,False,0.9026883225987119,False,0.06918854199466296,1.0,False,semreuse-gt,rcv1,400000,0
62,topic:ECAT#t2,The report covers economics.,exact-hit,0,0,0,0,0,1.0,1.0,1.0,59522,,,,,3.229099093005061e-05,1.0,,semreuse-gt,rcv1,400000,0
63,topic:E51#t1,This news story concerns trade or foreign reserves.,rewrite,60754,59169,1585,0,0,1.0,1.0,1.0,10592,0.9186470078057242,False,1.0,False,0.015593916003126651,1.0,False,semreuse-gt,rcv1,400000,0
64,topic:MCAT#t0,The article is about financial markets.,exact-hit,0,0,0,0,0,1.0,1.0,1.0,101954,0.9185057046006779,False,0.9009651411420837,False,2.720800694078207e-05,1.0,False,semreuse-gt,rcv1,400000,0
65,union:CCAT|E212,The article is about corporate or industrial news or about government borrowing.,rewrite,210270,210153,117,0,0,1.0,1.0,1.0,201188,1.0,False,0.9059933992087004,False,0.023658916994463652,1.0,False,semreuse-gt,rcv1,400000,0
66,topic:M12#t2,The report covers bond markets.,rewrite,1800,0,1800,0,0,1.0,1.0,1.0,13072,0.9185802132793648,False,0.9027692778457772,False,0.025539708003634587,1.0,False,semreuse-gt,rcv1,400000,0
67,topic:ECAT#t2,The report covers economics.,exact-hit,0,0,0,0,0,1.0,1.0,1.0,59522,,,,,2.8292008209973574e-05,1.0,,semreuse-gt,rcv1,400000,0
68,topic:GCAT#t2,The report covers government or social affairs.,exact-hit,0,0,0,0,0,1.0,1.0,1.0,118641,,,,,1.8708000425249338e-05,1.0,,semreuse-gt,rcv1,400000,0
69,union:GODD|C23,The article is about a human interest story or about research and development.,rewrite,381484,381111,373,0,0,1.0,1.0,1.0,2713,0.9193493730938664,False,1.0,False,0.06360016600228846,1.0,False,semreuse-gt,rcv1,400000,0
70,topic:GCAT#t0,The article is about government or social affairs.,exact-hit,0,0,0,0,0,1.0,1.0,1.0,118641,0.9187765432628373,False,0.9026221963739348,False,2.8999987989664078e-05,1.0,False,semreuse-gt,rcv1,400000,0
71,topic:GSCI#t1,This news story concerns science or technology.,rewrite,399998,116547,4000,279451,0,1.0,1.0,1.0,1194,0.9983277591973244,False,1.0,False,0.021166124992305413,1.0,False,semreuse-gt,rcv1,400000,0
72,topic:GCAT#t1,This news story concerns government or social affairs.,exact-hit,0,0,0,0,0,1.0,1.0,1.0,118641,0.9187765432628373,False,0.9026221963739348,False,3.21249826811254e-05,1.0,False,semreuse-gt,rcv1,400000,0
73,topic:GTOUR#t1,This news story concerns travel or tourism.,rewrite,399998,118008,4000,277990,0,1.0,1.0,1.0,341,0.9941690962099126,False,1.0,False,0.020218999998178333,1.0,False,semreuse-gt,rcv1,400000,0
74,topic:GTOUR#t0,The article is about travel or tourism.,rewrite,399695,0,4036,395659,0,1.0,1.0,1.0,341,1.0,False,0.9090909090909091,False,0.08974570798454806,1.0,False,semreuse-gt,rcv1,400000,0
75,topic:GTOUR#t2,The report covers travel or tourism.,rewrite,399695,0,4036,395659,0,1.0,1.0,1.0,341,1.0,False,0.9090909090909091,False,0.021255208004731685,1.0,False,semreuse-gt,rcv1,400000,0
76,topic:GTOUR#t0,The article is about travel or tourism.,exact-hit,0,0,0,0,0,1.0,1.0,1.0,341,1.0,False,0.9090909090909091,False,2.7708010748028755e-05,1.0,False,semreuse-gt,rcv1,400000,0
77,topic:GTOUR#t2,The report covers travel or tourism.,exact-hit,0,0,0,0,0,1.0,1.0,1.0,341,1.0,False,0.9090909090909091,False,1.5915982658043504e-05,1.0,False,semreuse-gt,rcv1,400000,0
78,topic:GCAT#t0,The article is about government or social affairs.,exact-hit,0,0,0,0,0,1.0,1.0,1.0,118641,0.9187765432628373,False,0.9026221963739348,False,1.5749974409118295e-05,1.0,False,semreuse-gt,rcv1,400000,0
79,topic:GCAT#t0,The article is about government or social affairs.,exact-hit,0,0,0,0,0,1.0,1.0,1.0,118641,0.9187765432628373,False,0.9026221963739348,False,5.1292008720338345e-05,1.0,False,semreuse-gt,rcv1,400000,0
80,topic:GWEA#t0,The article is about the weather.,rewrite,399854,117052,4000,278802,0,1.0,1.0,1.0,1953,0.9304430681276799,False,1.0,False,0.027286041993647814,1.0,False,semreuse-gt,rcv1,400000,0
81,topic:GJOB#t2,The report covers labour issues.,rewrite,120007,118641,1366,0,0,1.0,1.0,1.0,8537,0.9186484450661788,False,1.0,False,0.0180248329997994,1.0,False,semreuse-gt,rcv1,400000,0
82,union:C152|GWEA,The article is about commentary or forecasts about a company's results or about the weather.,rewrite,397621,397565,56,0,0,1.0,1.0,1.0,38236,0.9975878342947038,False,0.9950831676953656,False,0.05699758400442079,1.0,False,semreuse-gt,rcv1,400000,0
83,union:GCRIM|E31,The article is about crime or law enforcement or about economic output or capacity.,cold,400000,400000,0,0,0,1.0,1.0,1.0,17224,,,,,0.01638812499004416,1.0,,semreuse-gt,rcv1,400000,0
84,topic:GENT#t2,"The report covers arts, culture or entertainment.",rewrite,399154,117769,4000,277385,0,1.0,1.0,1.0,1858,0.9262213359920239,False,1.0,False,0.04824391700094566,1.0,False,semreuse-gt,rcv1,400000,0
85,topic:GDIS#t0,The article is about a disaster or an accident.,rewrite,121720,118306,3414,0,0,1.0,1.0,1.0,4272,0.9189072918907292,False,1.0,False,0.02083595801377669,1.0,False,semreuse-gt,rcv1,400000,0
86,topic:GENT#t0,"The article is about arts, culture or entertainment.",rewrite,398178,0,4036,394142,0,1.0,1.0,1.0,1858,1.0,False,0.903659849300323,False,0.02350945901707746,1.0,False,semreuse-gt,rcv1,400000,0
87,topic:GJOB#t0,The article is about labour issues.,rewrite,2769,0,2769,0,0,1.0,1.0,1.0,8537,0.9187127532777115,False,0.9028932880402952,False,0.05518858300638385,1.0,False,semreuse-gt,rcv1,400000,0
88,topic:GSPO#t2,The report covers sport.,rewrite,18566,17429,1137,0,0,1.0,1.0,1.0,17407,0.9185267268218036,False,1.0,False,0.021761832991614938,1.0,False,semreuse-gt,rcv1,400000,0
89,union:CCAT|E212,The article is about corporate or industrial news or about government borrowing.,exact-hit,0,0,0,0,0,1.0,1.0,1.0,201188,1.0,False,0.9059933992087004,False,7.716697291471064e-05,1.0,False,semreuse-gt,rcv1,400000,0
90,topic:CCAT#t0,The article is about corporate or industrial news.,exact-hit,0,0,0,0,0,1.0,1.0,1.0,189847,,,,,5.079200491309166e-05,1.0,,semreuse-gt,rcv1,400000,0
91,topic:CCAT#t2,The report covers corporate or industrial news.,exact-hit,0,0,0,0,0,1.0,1.0,1.0,189847,0.9193128718501709,False,0.9026163173502874,False,2.808301360346377e-05,1.0,False,semreuse-gt,rcv1,400000,0
92,topic:CCAT#t1,This news story concerns corporate or industrial news.,exact-hit,0,0,0,0,0,1.0,1.0,1.0,189847,0.9193128718501709,False,0.9026163173502874,False,1.9875005818903446e-05,1.0,False,semreuse-gt,rcv1,400000,0
93,topic:CCAT#t2,The report covers corporate or industrial news.,exact-hit,0,0,0,0,0,1.0,1.0,1.0,189847,0.9193128718501709,False,0.9026163173502874,False,1.6666017472743988e-05,1.0,False,semreuse-gt,rcv1,400000,0
94,topic:C31#t2,The report covers markets or marketing.,rewrite,190277,189847,430,0,0,1.0,1.0,1.0,20204,0.9184888848479338,False,1.0,False,0.019925667002098635,1.0,False,semreuse-gt,rcv1,400000,0
95,topic:C18#t0,The article is about a change in the ownership of a company.,rewrite,189141,188724,417,0,0,1.0,1.0,1.0,26120,0.9184893452422814,False,1.0,False,0.16836091701406986,1.0,False,semreuse-gt,rcv1,400000,0
96,topic:C18#t0,The article is about a change in the ownership of a company.,exact-hit,0,0,0,0,0,1.0,1.0,1.0,26120,0.9184893452422814,False,1.0,False,3.095899592153728e-05,1.0,False,semreuse-gt,rcv1,400000,0
97,topic:C182#t2,The report covers a transfer of assets.,rewrite,399979,26099,4000,369880,0,1.0,1.0,1.0,2284,0.9908893709327549,False,1.0,False,0.049460083013400435,1.0,False,semreuse-gt,rcv1,400000,0
98,topic:C182#t1,This news story concerns a transfer of assets.,rewrite,397752,0,4036,393716,0,1.0,1.0,1.0,2284,1.0,False,0.9036777583187391,False,0.02713999999104999,1.0,False,semreuse-gt,rcv1,400000,0
99,topic:C181#t0,The article is about a merger or an acquisition.,rewrite,27044,26110,934,0,0,1.0,1.0,1.0,21520,0.9185197831746981,False,1.0,False,0.023830249992897734,1.0,False,semreuse-gt,rcv1,400000,0
100,union:C181|GTOUR,The article is about a merger or an acquisition or about travel or tourism.,rewrite,374952,374848,104,0,0,1.0,1.0,1.0,21861,0.9657809589175409,False,0.901148163396002,False,0.024660207971464843,1.0,False,semreuse-gt,rcv1,400000,0
101,topic:CCAT#t0,The article is about corporate or industrial news.,exact-hit,0,0,0,0,0,1.0,1.0,1.0,189847,,,,,2.6666995836421847e-05,1.0,,semreuse-gt,rcv1,400000,0
102,topic:MCAT#t0,The article is about financial markets.,exact-hit,0,0,0,0,0,1.0,1.0,1.0,101954,0.9185057046006779,False,0.9009651411420837,False,1.6000005416572094e-05,1.0,False,semreuse-gt,rcv1,400000,0
103,topic:ECAT#t1,This news story concerns economics.,exact-hit,0,0,0,0,0,1.0,1.0,1.0,59522,0.9185986869101355,False,0.9026410402876247,False,1.4208984794095159e-05,1.0,False,semreuse-gt,rcv1,400000,0
104,topic:ECAT#t2,The report covers economics.,exact-hit,0,0,0,0,0,1.0,1.0,1.0,59522,,,,,1.3999990187585354e-05,1.0,,semreuse-gt,rcv1,400000,0
105,topic:CCAT#t1,This news story concerns corporate or industrial news.,exact-hit,0,0,0,0,0,1.0,1.0,1.0,189847,0.9193128718501709,False,0.9026163173502874,False,1.7999991541728377e-05,1.0,False,semreuse-gt,rcv1,400000,0
106,topic:CCAT#t2,The report covers corporate or industrial news.,exact-hit,0,0,0,0,0,1.0,1.0,1.0,189847,0.9193128718501709,False,0.9026163173502874,False,1.3250013580545783e-05,1.0,False,semreuse-gt,rcv1,400000,0
107,topic:CCAT#t1,This news story concerns corporate or industrial news.,exact-hit,0,0,0,0,0,1.0,1.0,1.0,189847,0.9193128718501709,False,0.9026163173502874,False,1.737498678267002e-05,1.0,False,semreuse-gt,rcv1,400000,0
108,topic:C23#t2,The report covers research and development.,rewrite,399998,1430,4000,394568,0,1.0,1.0,1.0,1304,0.998468606431853,False,1.0,False,0.02502699999604374,1.0,False,semreuse-gt,rcv1,400000,0
109,topic:C24#t1,This news story concerns production capacity or facilities.,rewrite,190441,189838,603,0,0,1.0,1.0,1.0,16000,0.9184845005740528,False,1.0,False,0.023897416016552597,1.0,False,semreuse-gt,rcv1,400000,0
110,topic:C41#t0,The article is about company management.,rewrite,3833,0,3833,0,0,1.0,1.0,1.0,5668,0.918850987432675,False,0.9029640084685956,False,0.02519662500708364,1.0,False,semreuse-gt,rcv1,400000,0
111,topic:GCAT#t1,This news story concerns government or social affairs.,exact-hit,0,0,0,0,0,1.0,1.0,1.0,118641,0.9187765432628373,False,0.9026221963739348,False,2.5540997739881277e-05,1.0,False,semreuse-gt,rcv1,400000,0
112,topic:GVOTE#t0,The article is about an election.,rewrite,8955,5814,3141,0,0,1.0,1.0,1.0,5778,0.9187470186039116,False,1.0,False,0.2149069999868516,1.0,False,semreuse-gt,rcv1,400000,0
113,topic:GVOTE#t2,The report covers an election.,rewrite,4036,0,4036,0,0,1.0,1.0,1.0,5778,0.9130206510325516,False,0.9029075804776739,False,0.024983583018183708,1.0,False,semreuse-gt,rcv1,400000,0
114,topic:GCAT#t1,This news story concerns government or social affairs.,exact-hit,0,0,0,0,0,1.0,1.0,1.0,118641,0.9187765432628373,False,0.9026221963739348,False,3.5833014408126473e-05,1.0,False,semreuse-gt,rcv1,400000,0
115,topic:GWELF#t0,The article is about welfare or social services.,rewrite,399996,100224,4000,295772,0,1.0,1.0,1.0,925,0.9956942949407965,False,1.0,False,0.23654683399945498,1.0,False,semreuse-gt,rcv1,400000,0
116,topic:GPRO#t1,This news story concerns a biography or a profile of a person.,rewrite,399509,115730,4000,279779,0,1.0,1.0,1.0,2754,0.9223040857334226,False,1.0,False,0.02861000000848435,1.0,False,semreuse-gt,rcv1,400000,0
117,topic:GCAT#t0,The article is about government or social affairs.,exact-hit,0,0,0,0,0,1.0,1.0,1.0,118641,0.9187765432628373,False,0.9026221963739348,False,2.9749993700534105e-05,1.0,False,semreuse-gt,rcv1,400000,0
118,union:C13|GOBIT,The article is about the regulation of a company or an industry or about an obituary.,exact-hit,0,0,0,0,0,1.0,1.0,1.0,19121,0.9958854166666666,False,1.0,False,2.1292013116180897e-05,1.0,False,semreuse-gt,rcv1,400000,0
119,union:GWELF|C1511,The article is about welfare or social services or about a company's annual results.,rewrite,398444,398388,56,0,0,1.0,1.0,1.0,12425,0.9884624629436743,False,0.9929175050301811,False,0.02534854202531278,1.0,False,semreuse-gt,rcv1,400000,0
0,topic:MCAT#t1,This news story concerns financial markets.,cold,804414,804414,0,0,0,1.0,1.0,1.0,204820,,,,,0.0014068339951336384,1.0,,cold,rcv1,804414,0
1,topic:M11#t0,The article is about equity markets.,cold,804414,804414,0,0,0,1.0,1.0,1.0,48696,,,,,0.0009540420142002404,1.0,,cold,rcv1,804414,0
2,topic:GCAT#t2,The report covers government or social affairs.,cold,804414,804414,0,0,0,1.0,1.0,1.0,239267,,,,,0.0013437499874271452,1.0,,cold,rcv1,804414,0
3,topic:GCAT#t1,This news story concerns government or social affairs.,cold,804414,804414,0,0,0,1.0,1.0,1.0,239267,,,,,0.0013995000044815242,1.0,,cold,rcv1,804414,0
4,topic:GCAT#t0,The article is about government or social affairs.,cold,804414,804414,0,0,0,1.0,1.0,1.0,239267,,,,,0.0014910000027157366,1.0,,cold,rcv1,804414,0
5,union:GSPO|E121,The article is about sport or about the money supply.,cold,804414,804414,0,0,0,1.0,1.0,1.0,37499,,,,,0.0009640000062063336,1.0,,cold,rcv1,804414,0
6,topic:GCAT#t2,The report covers government or social affairs.,cold,804414,804414,0,0,0,1.0,1.0,1.0,239267,,,,,0.030919790995540097,1.0,,cold,rcv1,804414,0
7,topic:CCAT#t0,The article is about corporate or industrial news.,cold,804414,804414,0,0,0,1.0,1.0,1.0,381327,,,,,0.0019646669970825315,1.0,,cold,rcv1,804414,0
8,topic:C22#t1,This news story concerns a new product or a new service.,cold,804414,804414,0,0,0,1.0,1.0,1.0,6119,,,,,0.0009217500046361238,1.0,,cold,rcv1,804414,0
9,topic:CCAT#t1,This news story concerns corporate or industrial news.,cold,804414,804414,0,0,0,1.0,1.0,1.0,381327,,,,,0.0018943750183098018,1.0,,cold,rcv1,804414,0
10,topic:CCAT#t2,The report covers corporate or industrial news.,cold,804414,804414,0,0,0,1.0,1.0,1.0,381327,,,,,0.0019449579995125532,1.0,,cold,rcv1,804414,0
11,topic:ECAT#t2,The report covers economics.,cold,804414,804414,0,0,0,1.0,1.0,1.0,119920,,,,,0.0012072499957866967,1.0,,cold,rcv1,804414,0
12,topic:ECAT#t2,The report covers economics.,cold,804414,804414,0,0,0,1.0,1.0,1.0,119920,,,,,0.0013018749887123704,1.0,,cold,rcv1,804414,0
13,topic:ECAT#t1,This news story concerns economics.,cold,804414,804414,0,0,0,1.0,1.0,1.0,119920,,,,,0.0012626250099856406,1.0,,cold,rcv1,804414,0
14,topic:E21#t1,This news story concerns government finance.,cold,804414,804414,0,0,0,1.0,1.0,1.0,43130,,,,,0.0009695840126369148,1.0,,cold,rcv1,804414,0
15,topic:CCAT#t2,The report covers corporate or industrial news.,cold,804414,804414,0,0,0,1.0,1.0,1.0,381327,,,,,0.0020755419973284006,1.0,,cold,rcv1,804414,0
16,topic:CCAT#t0,The article is about corporate or industrial news.,cold,804414,804414,0,0,0,1.0,1.0,1.0,381327,,,,,0.0019591249874792993,1.0,,cold,rcv1,804414,0
17,topic:C16#t2,The report covers corporate insolvency or a liquidity problem.,cold,804414,804414,0,0,0,1.0,1.0,1.0,1920,,,,,0.0008299170003738254,1.0,,cold,rcv1,804414,0
18,topic:ECAT#t0,The article is about economics.,cold,804414,804414,0,0,0,1.0,1.0,1.0,119920,,,,,0.0011447499855421484,1.0,,cold,rcv1,804414,0
19,topic:E13#t1,This news story concerns inflation or prices.,cold,804414,804414,0,0,0,1.0,1.0,1.0,6603,,,,,0.0009040000149980187,1.0,,cold,rcv1,804414,0
20,topic:E132#t2,The report covers wholesale prices.,cold,804414,804414,0,0,0,1.0,1.0,1.0,939,,,,,0.0008919590036384761,1.0,,cold,rcv1,804414,0
21,topic:E131#t2,The report covers consumer prices.,cold,804414,804414,0,0,0,1.0,1.0,1.0,5659,,,,,0.0008637080027256161,1.0,,cold,rcv1,804414,0
22,topic:E132#t0,The article is about wholesale prices.,cold,804414,804414,0,0,0,1.0,1.0,1.0,939,,,,,0.0009539589809719473,1.0,,cold,rcv1,804414,0
23,topic:ECAT#t1,This news story concerns economics.,cold,804414,804414,0,0,0,1.0,1.0,1.0,119920,,,,,0.0011289170070085675,1.0,,cold,rcv1,804414,0
24,topic:E131#t2,The report covers consumer prices.,cold,804414,804414,0,0,0,1.0,1.0,1.0,5659,,,,,0.03842329198960215,1.0,,cold,rcv1,804414,0
25,topic:CCAT#t0,The article is about corporate or industrial news.,cold,804414,804414,0,0,0,1.0,1.0,1.0,381327,,,,,0.001915083994390443,1.0,,cold,rcv1,804414,0
26,topic:CCAT#t1,This news story concerns corporate or industrial news.,cold,804414,804414,0,0,0,1.0,1.0,1.0,381327,,,,,0.0018654160085134208,1.0,,cold,rcv1,804414,0
27,topic:ECAT#t1,This news story concerns economics.,cold,804414,804414,0,0,0,1.0,1.0,1.0,119920,,,,,0.0011981249845121056,1.0,,cold,rcv1,804414,0
28,topic:CCAT#t1,This news story concerns corporate or industrial news.,cold,804414,804414,0,0,0,1.0,1.0,1.0,381327,,,,,0.0017958339885808527,1.0,,cold,rcv1,804414,0
29,topic:CCAT#t1,This news story concerns corporate or industrial news.,cold,804414,804414,0,0,0,1.0,1.0,1.0,381327,,,,,0.0019036250014323741,1.0,,cold,rcv1,804414,0
30,topic:MCAT#t0,The article is about financial markets.,cold,804414,804414,0,0,0,1.0,1.0,1.0,204820,,,,,0.0013582500105258077,1.0,,cold,rcv1,804414,0
31,topic:M12#t1,This news story concerns bond markets.,cold,804414,804414,0,0,0,1.0,1.0,1.0,26036,,,,,0.0009148750104941428,1.0,,cold,rcv1,804414,0
32,topic:MCAT#t2,The report covers financial markets.,cold,804414,804414,0,0,0,1.0,1.0,1.0,204820,,,,,0.0013516249891836196,1.0,,cold,rcv1,804414,0
33,union:C13|GOBIT,The article is about the regulation of a company or an industry or about an obituary.,cold,804414,804414,0,0,0,1.0,1.0,1.0,38250,,,,,0.000921916012885049,1.0,,cold,rcv1,804414,0
34,union:M132|E41,The article is about foreign exchange markets or about employment or the labour market.,cold,804414,804414,0,0,0,1.0,1.0,1.0,43742,,,,,0.0010045829985756427,1.0,,cold,rcv1,804414,0
35,topic:MCAT#t0,The article is about financial markets.,cold,804414,804414,0,0,0,1.0,1.0,1.0,204820,,,,,0.0013503340014722198,1.0,,cold,rcv1,804414,0
36,topic:CCAT#t2,The report covers corporate or industrial news.,cold,804414,804414,0,0,0,1.0,1.0,1.0,381327,,,,,0.0018601249903440475,1.0,,cold,rcv1,804414,0
37,topic:ECAT#t0,The article is about economics.,cold,804414,804414,0,0,0,1.0,1.0,1.0,119920,,,,,0.0012537080037873238,1.0,,cold,rcv1,804414,0
38,topic:ECAT#t2,The report covers economics.,cold,804414,804414,0,0,0,1.0,1.0,1.0,119920,,,,,0.0011549170012585819,1.0,,cold,rcv1,804414,0
39,topic:CCAT#t1,This news story concerns corporate or industrial news.,cold,804414,804414,0,0,0,1.0,1.0,1.0,381327,,,,,0.0017419999931007624,1.0,,cold,rcv1,804414,0
40,topic:CCAT#t0,The article is about corporate or industrial news.,cold,804414,804414,0,0,0,1.0,1.0,1.0,381327,,,,,0.0016662919952068478,1.0,,cold,rcv1,804414,0
41,topic:C41#t1,This news story concerns company management.,cold,804414,804414,0,0,0,1.0,1.0,1.0,11355,,,,,0.0008423750114161521,1.0,,cold,rcv1,804414,0
42,topic:ECAT#t2,The report covers economics.,cold,804414,804414,0,0,0,1.0,1.0,1.0,119920,,,,,0.0011074999929405749,1.0,,cold,rcv1,804414,0
43,topic:ECAT#t0,The article is about economics.,cold,804414,804414,0,0,0,1.0,1.0,1.0,119920,,,,,0.001056208013324067,1.0,,cold,rcv1,804414,0
44,topic:ECAT#t0,The article is about economics.,cold,804414,804414,0,0,0,1.0,1.0,1.0,119920,,,,,0.0010937079787254333,1.0,,cold,rcv1,804414,0
45,topic:E11#t2,The report covers economic performance.,cold,804414,804414,0,0,0,1.0,1.0,1.0,8568,,,,,0.0007810000097379088,1.0,,cold,rcv1,804414,0
46,topic:E11#t1,This news story concerns economic performance.,cold,804414,804414,0,0,0,1.0,1.0,1.0,8568,,,,,0.0007949169958010316,1.0,,cold,rcv1,804414,0
47,topic:E61#t2,The report covers housing starts.,cold,804414,804414,0,0,0,1.0,1.0,1.0,391,,,,,0.0007407920202240348,1.0,,cold,rcv1,804414,0
48,topic:E13#t0,The article is about inflation or prices.,cold,804414,804414,0,0,0,1.0,1.0,1.0,6603,,,,,0.0008228750084526837,1.0,,cold,rcv1,804414,0
49,topic:E132#t0,The article is about wholesale prices.,cold,804414,804414,0,0,0,1.0,1.0,1.0,939,,,,,0.0007951669977046549,1.0,,cold,rcv1,804414,0
50,topic:E13#t2,The report covers inflation or prices.,cold,804414,804414,0,0,0,1.0,1.0,1.0,6603,,,,,0.0008169170178007334,1.0,,cold,rcv1,804414,0
51,topic:E61#t1,This news story concerns housing starts.,cold,804414,804414,0,0,0,1.0,1.0,1.0,391,,,,,0.0007782089815009385,1.0,,cold,rcv1,804414,0
52,union:GSPO|E121,The article is about sport or about the money supply.,cold,804414,804414,0,0,0,1.0,1.0,1.0,37499,,,,,0.0009306670108344406,1.0,,cold,rcv1,804414,0
53,topic:E11#t1,This news story concerns economic performance.,cold,804414,804414,0,0,0,1.0,1.0,1.0,8568,,,,,0.0008241670147981495,1.0,,cold,rcv1,804414,0
54,topic:MCAT#t0,The article is about financial markets.,cold,804414,804414,0,0,0,1.0,1.0,1.0,204820,,,,,0.0013690830091945827,1.0,,cold,rcv1,804414,0
55,union:GVOTE|C174,The article is about an election or about a credit rating.,cold,804414,804414,0,0,0,1.0,1.0,1.0,17396,,,,,0.0009830000053625554,1.0,,cold,rcv1,804414,0
56,topic:CCAT#t2,The report covers corporate or industrial news.,cold,804414,804414,0,0,0,1.0,1.0,1.0,381327,,,,,0.0018500830046832561,1.0,,cold,rcv1,804414,0
57,topic:ECAT#t0,The article is about economics.,cold,804414,804414,0,0,0,1.0,1.0,1.0,119920,,,,,0.001156874990556389,1.0,,cold,rcv1,804414,0
58,topic:E11#t0,The article is about economic performance.,cold,804414,804414,0,0,0,1.0,1.0,1.0,8568,,,,,0.0009185830131173134,1.0,,cold,rcv1,804414,0
59,topic:E11#t1,This news story concerns economic performance.,cold,804414,804414,0,0,0,1.0,1.0,1.0,8568,,,,,0.0008615419792477041,1.0,,cold,rcv1,804414,0
60,union:GVOTE|C174,The article is about an election or about a credit rating.,cold,804414,804414,0,0,0,1.0,1.0,1.0,17396,,,,,0.0010152079921681434,1.0,,cold,rcv1,804414,0
61,topic:E21#t0,The article is about government finance.,cold,804414,804414,0,0,0,1.0,1.0,1.0,43130,,,,,0.0009728329896461219,1.0,,cold,rcv1,804414,0
62,topic:ECAT#t2,The report covers economics.,cold,804414,804414,0,0,0,1.0,1.0,1.0,119920,,,,,0.0011903340055141598,1.0,,cold,rcv1,804414,0
63,topic:E51#t1,This news story concerns trade or foreign reserves.,cold,804414,804414,0,0,0,1.0,1.0,1.0,21280,,,,,0.0008950829796958715,1.0,,cold,rcv1,804414,0
64,topic:MCAT#t0,The article is about financial markets.,cold,804414,804414,0,0,0,1.0,1.0,1.0,204820,,,,,0.0014930829929653555,1.0,,cold,rcv1,804414,0
65,union:CCAT|E212,The article is about corporate or industrial news or about government borrowing.,cold,804414,804414,0,0,0,1.0,1.0,1.0,404136,,,,,0.0038616660167463124,1.0,,cold,rcv1,804414,0
66,topic:M12#t2,The report covers bond markets.,cold,804414,804414,0,0,0,1.0,1.0,1.0,26036,,,,,0.0009157089807558805,1.0,,cold,rcv1,804414,0
67,topic:ECAT#t2,The report covers economics.,cold,804414,804414,0,0,0,1.0,1.0,1.0,119920,,,,,0.0011322910140734166,1.0,,cold,rcv1,804414,0
68,topic:GCAT#t2,The report covers government or social affairs.,cold,804414,804414,0,0,0,1.0,1.0,1.0,239267,,,,,0.001464792003389448,1.0,,cold,rcv1,804414,0
69,union:GODD|C23,The article is about a human interest story or about research and development.,cold,804414,804414,0,0,0,1.0,1.0,1.0,5420,,,,,0.0008579590066801757,1.0,,cold,rcv1,804414,0
70,topic:GCAT#t0,The article is about government or social affairs.,cold,804414,804414,0,0,0,1.0,1.0,1.0,239267,,,,,0.0013948339910712093,1.0,,cold,rcv1,804414,0
71,topic:GSCI#t1,This news story concerns science or technology.,cold,804414,804414,0,0,0,1.0,1.0,1.0,2410,,,,,0.000807167001767084,1.0,,cold,rcv1,804414,0
72,topic:GCAT#t1,This news story concerns government or social affairs.,cold,804414,804414,0,0,0,1.0,1.0,1.0,239267,,,,,0.0014799580094404519,1.0,,cold,rcv1,804414,0
73,topic:GTOUR#t1,This news story concerns travel or tourism.,cold,804414,804414,0,0,0,1.0,1.0,1.0,680,,,,,0.0007938749913591892,1.0,,cold,rcv1,804414,0
74,topic:GTOUR#t0,The article is about travel or tourism.,cold,804414,804414,0,0,0,1.0,1.0,1.0,680,,,,,0.0007542920066043735,1.0,,cold,rcv1,804414,0
75,topic:GTOUR#t2,The report covers travel or tourism.,cold,804414,804414,0,0,0,1.0,1.0,1.0,680,,,,,0.0008160829893313348,1.0,,cold,rcv1,804414,0
76,topic:GTOUR#t0,The article is about travel or tourism.,cold,804414,804414,0,0,0,1.0,1.0,1.0,680,,,,,0.0007503340020775795,1.0,,cold,rcv1,804414,0
77,topic:GTOUR#t2,The report covers travel or tourism.,cold,804414,804414,0,0,0,1.0,1.0,1.0,680,,,,,0.0008266670047305524,1.0,,cold,rcv1,804414,0
78,topic:GCAT#t0,The article is about government or social affairs.,cold,804414,804414,0,0,0,1.0,1.0,1.0,239267,,,,,0.0014231659879442304,1.0,,cold,rcv1,804414,0
79,topic:GCAT#t0,The article is about government or social affairs.,cold,804414,804414,0,0,0,1.0,1.0,1.0,239267,,,,,0.0014409589930437505,1.0,,cold,rcv1,804414,0
80,topic:GWEA#t0,The article is about the weather.,cold,804414,804414,0,0,0,1.0,1.0,1.0,3878,,,,,0.0008204579935409129,1.0,,cold,rcv1,804414,0
81,topic:GJOB#t2,The report covers labour issues.,cold,804414,804414,0,0,0,1.0,1.0,1.0,17241,,,,,0.0008390829898416996,1.0,,cold,rcv1,804414,0
82,union:C152|GWEA,The article is about commentary or forecasts about a company's results or about the weather.,cold,804414,804414,0,0,0,1.0,1.0,1.0,76964,,,,,0.0010394580021966249,1.0,,cold,rcv1,804414,0
83,union:GCRIM|E31,The article is about crime or law enforcement or about economic output or capacity.,cold,804414,804414,0,0,0,1.0,1.0,1.0,34633,,,,,0.0009160409972537309,1.0,,cold,rcv1,804414,0
84,topic:GENT#t2,"The report covers arts, culture or entertainment.",cold,804414,804414,0,0,0,1.0,1.0,1.0,3801,,,,,0.0008679169986862689,1.0,,cold,rcv1,804414,0
85,topic:GDIS#t0,The article is about a disaster or an accident.,cold,804414,804414,0,0,0,1.0,1.0,1.0,8657,,,,,0.0008209160005208105,1.0,,cold,rcv1,804414,0
86,topic:GENT#t0,"The article is about arts, culture or entertainment.",cold,804414,804414,0,0,0,1.0,1.0,1.0,3801,,,,,0.0007711669895797968,1.0,,cold,rcv1,804414,0
87,topic:GJOB#t0,The article is about labour issues.,cold,804414,804414,0,0,0,1.0,1.0,1.0,17241,,,,,0.0008825419936329126,1.0,,cold,rcv1,804414,0
88,topic:GSPO#t2,The report covers sport.,cold,804414,804414,0,0,0,1.0,1.0,1.0,35317,,,,,0.000912834017071873,1.0,,cold,rcv1,804414,0
89,union:CCAT|E212,The article is about corporate or industrial news or about government borrowing.,cold,804414,804414,0,0,0,1.0,1.0,1.0,404136,,,,,0.0018902909941971302,1.0,,cold,rcv1,804414,0
90,topic:CCAT#t0,The article is about corporate or industrial news.,cold,804414,804414,0,0,0,1.0,1.0,1.0,381327,,,,,0.0018393749778624624,1.0,,cold,rcv1,804414,0
91,topic:CCAT#t2,The report covers corporate or industrial news.,cold,804414,804414,0,0,0,1.0,1.0,1.0,381327,,,,,0.001792791998013854,1.0,,cold,rcv1,804414,0
92,topic:CCAT#t1,This news story concerns corporate or industrial news.,cold,804414,804414,0,0,0,1.0,1.0,1.0,381327,,,,,0.0017968330066651106,1.0,,cold,rcv1,804414,0
93,topic:CCAT#t2,The report covers corporate or industrial news.,cold,804414,804414,0,0,0,1.0,1.0,1.0,381327,,,,,0.022531084017828107,1.0,,cold,rcv1,804414,0
94,topic:C31#t2,The report covers markets or marketing.,cold,804414,804414,0,0,0,1.0,1.0,1.0,40509,,,,,0.001065291988197714,1.0,,cold,rcv1,804414,0
95,topic:C18#t0,The article is about a change in the ownership of a company.,cold,804414,804414,0,0,0,1.0,1.0,1.0,52817,,,,,0.0010349589865654707,1.0,,cold,rcv1,804414,0
96,topic:C18#t0,The article is about a change in the ownership of a company.,cold,804414,804414,0,0,0,1.0,1.0,1.0,52817,,,,,0.0009574169816914946,1.0,,cold,rcv1,804414,0
97,topic:C182#t2,The report covers a transfer of assets.,cold,804414,804414,0,0,0,1.0,1.0,1.0,4671,,,,,0.0008602500020060688,1.0,,cold,rcv1,804414,0
98,topic:C182#t1,This news story concerns a transfer of assets.,cold,804414,804414,0,0,0,1.0,1.0,1.0,4671,,,,,0.000830375007353723,1.0,,cold,rcv1,804414,0
99,topic:C181#t0,The article is about a merger or an acquisition.,cold,804414,804414,0,0,0,1.0,1.0,1.0,43374,,,,,0.0009487080096732825,1.0,,cold,rcv1,804414,0
100,union:C181|GTOUR,The article is about a merger or an acquisition or about travel or tourism.,cold,804414,804414,0,0,0,1.0,1.0,1.0,44053,,,,,0.0010329999786335975,1.0,,cold,rcv1,804414,0
101,topic:CCAT#t0,The article is about corporate or industrial news.,cold,804414,804414,0,0,0,1.0,1.0,1.0,381327,,,,,0.0018355829815845937,1.0,,cold,rcv1,804414,0
102,topic:MCAT#t0,The article is about financial markets.,cold,804414,804414,0,0,0,1.0,1.0,1.0,204820,,,,,0.0014115420053713024,1.0,,cold,rcv1,804414,0
103,topic:ECAT#t1,This news story concerns economics.,cold,804414,804414,0,0,0,1.0,1.0,1.0,119920,,,,,0.0013069580018054694,1.0,,cold,rcv1,804414,0
104,topic:ECAT#t2,The report covers economics.,cold,804414,804414,0,0,0,1.0,1.0,1.0,119920,,,,,0.001142041990533471,1.0,,cold,rcv1,804414,0
105,topic:CCAT#t1,This news story concerns corporate or industrial news.,cold,804414,804414,0,0,0,1.0,1.0,1.0,381327,,,,,0.0017832499870564789,1.0,,cold,rcv1,804414,0
106,topic:CCAT#t2,The report covers corporate or industrial news.,cold,804414,804414,0,0,0,1.0,1.0,1.0,381327,,,,,0.001777583995135501,1.0,,cold,rcv1,804414,0
107,topic:CCAT#t1,This news story concerns corporate or industrial news.,cold,804414,804414,0,0,0,1.0,1.0,1.0,381327,,,,,0.09293387501384132,1.0,,cold,rcv1,804414,0
108,topic:C23#t2,The report covers research and development.,cold,804414,804414,0,0,0,1.0,1.0,1.0,2625,,,,,0.0016539169882889837,1.0,,cold,rcv1,804414,0
109,topic:C24#t1,This news story concerns production capacity or facilities.,cold,804414,804414,0,0,0,1.0,1.0,1.0,32153,,,,,0.0009562080085743219,1.0,,cold,rcv1,804414,0
110,topic:C41#t0,The article is about company management.,cold,804414,804414,0,0,0,1.0,1.0,1.0,11355,,,,,0.0009152090060524642,1.0,,cold,rcv1,804414,0
111,topic:GCAT#t1,This news story concerns government or social affairs.,cold,804414,804414,0,0,0,1.0,1.0,1.0,239267,,,,,0.0014312079874798656,1.0,,cold,rcv1,804414,0
112,topic:GVOTE#t0,The article is about an election.,cold,804414,804414,0,0,0,1.0,1.0,1.0,11532,,,,,0.0008668749942444265,1.0,,cold,rcv1,804414,0
113,topic:GVOTE#t2,The report covers an election.,cold,804414,804414,0,0,0,1.0,1.0,1.0,11532,,,,,0.0008420000085607171,1.0,,cold,rcv1,804414,0
114,topic:GCAT#t1,This news story concerns government or social affairs.,cold,804414,804414,0,0,0,1.0,1.0,1.0,239267,,,,,0.0013825420173816383,1.0,,cold,rcv1,804414,0
115,topic:GWELF#t0,The article is about welfare or social services.,cold,804414,804414,0,0,0,1.0,1.0,1.0,1869,,,,,0.0009119999886024743,1.0,,cold,rcv1,804414,0
116,topic:GPRO#t1,This news story concerns a biography or a profile of a person.,cold,804414,804414,0,0,0,1.0,1.0,1.0,5498,,,,,0.0008600000001024455,1.0,,cold,rcv1,804414,0
117,topic:GCAT#t0,The article is about government or social affairs.,cold,804414,804414,0,0,0,1.0,1.0,1.0,239267,,,,,0.0014211659727152437,1.0,,cold,rcv1,804414,0
118,union:C13|GOBIT,The article is about the regulation of a company or an industry or about an obituary.,cold,804414,804414,0,0,0,1.0,1.0,1.0,38250,,,,,0.0009581669874023646,1.0,,cold,rcv1,804414,0
119,union:GWELF|C1511,The article is about welfare or social services or about a company's annual results.,cold,804414,804414,0,0,0,1.0,1.0,1.0,25080,,,,,0.0009412499784957618,1.0,,cold,rcv1,804414,0
0,topic:MCAT#t1,This news story concerns financial markets.,cold,804414,804414,0,0,0,1.0,1.0,1.0,204820,,,,,0.0014673330006189644,1.0,,exact,rcv1,804414,0
1,topic:M11#t0,The article is about equity markets.,cold,804414,804414,0,0,0,1.0,1.0,1.0,48696,,,,,0.0009900839941110462,1.0,,exact,rcv1,804414,0
2,topic:GCAT#t2,The report covers government or social affairs.,cold,804414,804414,0,0,0,1.0,1.0,1.0,239267,,,,,0.0014581250143237412,1.0,,exact,rcv1,804414,0
3,topic:GCAT#t1,This news story concerns government or social affairs.,cold,804414,804414,0,0,0,1.0,1.0,1.0,239267,,,,,0.0014831250009592623,1.0,,exact,rcv1,804414,0
4,topic:GCAT#t0,The article is about government or social affairs.,cold,804414,804414,0,0,0,1.0,1.0,1.0,239267,,,,,0.001592957996763289,1.0,,exact,rcv1,804414,0
5,union:GSPO|E121,The article is about sport or about the money supply.,cold,804414,804414,0,0,0,1.0,1.0,1.0,37499,,,,,0.0010907090036198497,1.0,,exact,rcv1,804414,0
6,topic:GCAT#t2,The report covers government or social affairs.,exact-hit,0,0,0,0,0,1.0,1.0,1.0,239267,,,,,2.762500662356615e-05,1.0,,exact,rcv1,804414,0
7,topic:CCAT#t0,The article is about corporate or industrial news.,cold,804414,804414,0,0,0,1.0,1.0,1.0,381327,,,,,0.0018884580058511347,1.0,,exact,rcv1,804414,0
8,topic:C22#t1,This news story concerns a new product or a new service.,cold,804414,804414,0,0,0,1.0,1.0,1.0,6119,,,,,0.0018085420015268028,1.0,,exact,rcv1,804414,0
9,topic:CCAT#t1,This news story concerns corporate or industrial news.,cold,804414,804414,0,0,0,1.0,1.0,1.0,381327,,,,,0.021102582977619022,1.0,,exact,rcv1,804414,0
10,topic:CCAT#t2,The report covers corporate or industrial news.,cold,804414,804414,0,0,0,1.0,1.0,1.0,381327,,,,,0.0020206249901093543,1.0,,exact,rcv1,804414,0
11,topic:ECAT#t2,The report covers economics.,cold,804414,804414,0,0,0,1.0,1.0,1.0,119920,,,,,0.001368583005387336,1.0,,exact,rcv1,804414,0
12,topic:ECAT#t2,The report covers economics.,exact-hit,0,0,0,0,0,1.0,1.0,1.0,119920,,,,,4.2750005377456546e-05,1.0,,exact,rcv1,804414,0
13,topic:ECAT#t1,This news story concerns economics.,cold,804414,804414,0,0,0,1.0,1.0,1.0,119920,,,,,0.0012619170011021197,1.0,,exact,rcv1,804414,0
14,topic:E21#t1,This news story concerns government finance.,cold,804414,804414,0,0,0,1.0,1.0,1.0,43130,,,,,0.0009395829983986914,1.0,,exact,rcv1,804414,0
15,topic:CCAT#t2,The report covers corporate or industrial news.,exact-hit,0,0,0,0,0,1.0,1.0,1.0,381327,,,,,3.549997927621007e-05,1.0,,exact,rcv1,804414,0
16,topic:CCAT#t0,The article is about corporate or industrial news.,exact-hit,0,0,0,0,0,1.0,1.0,1.0,381327,,,,,5.720797344110906e-05,1.0,,exact,rcv1,804414,0
17,topic:C16#t2,The report covers corporate insolvency or a liquidity problem.,cold,804414,804414,0,0,0,1.0,1.0,1.0,1920,,,,,0.0009789169998839498,1.0,,exact,rcv1,804414,0
18,topic:ECAT#t0,The article is about economics.,cold,804414,804414,0,0,0,1.0,1.0,1.0,119920,,,,,0.0011240419989917427,1.0,,exact,rcv1,804414,0
19,topic:E13#t1,This news story concerns inflation or prices.,cold,804414,804414,0,0,0,1.0,1.0,1.0,6603,,,,,0.0008569580095354468,1.0,,exact,rcv1,804414,0
20,topic:E132#t2,The report covers wholesale prices.,cold,804414,804414,0,0,0,1.0,1.0,1.0,939,,,,,0.0008341670036315918,1.0,,exact,rcv1,804414,0
21,topic:E131#t2,The report covers consumer prices.,cold,804414,804414,0,0,0,1.0,1.0,1.0,5659,,,,,0.0008405830012634397,1.0,,exact,rcv1,804414,0
22,topic:E132#t0,The article is about wholesale prices.,cold,804414,804414,0,0,0,1.0,1.0,1.0,939,,,,,0.0008036670042201877,1.0,,exact,rcv1,804414,0
23,topic:ECAT#t1,This news story concerns economics.,exact-hit,0,0,0,0,0,1.0,1.0,1.0,119920,,,,,2.458400558680296e-05,1.0,,exact,rcv1,804414,0
24,topic:E131#t2,The report covers consumer prices.,exact-hit,0,0,0,0,0,1.0,1.0,1.0,5659,,,,,3.4249998861923814e-05,1.0,,exact,rcv1,804414,0
25,topic:CCAT#t0,The article is about corporate or industrial news.,exact-hit,0,0,0,0,0,1.0,1.0,1.0,381327,,,,,2.6583002181723714e-05,1.0,,exact,rcv1,804414,0
26,topic:CCAT#t1,This news story concerns corporate or industrial news.,exact-hit,0,0,0,0,0,1.0,1.0,1.0,381327,,,,,2.7750007575377822e-05,1.0,,exact,rcv1,804414,0
27,topic:ECAT#t1,This news story concerns economics.,exact-hit,0,0,0,0,0,1.0,1.0,1.0,119920,,,,,2.575002145022154e-05,1.0,,exact,rcv1,804414,0
28,topic:CCAT#t1,This news story concerns corporate or industrial news.,exact-hit,0,0,0,0,0,1.0,1.0,1.0,381327,,,,,2.508299075998366e-05,1.0,,exact,rcv1,804414,0
29,topic:CCAT#t1,This news story concerns corporate or industrial news.,exact-hit,0,0,0,0,0,1.0,1.0,1.0,381327,,,,,2.7417001547291875e-05,1.0,,exact,rcv1,804414,0
30,topic:MCAT#t0,The article is about financial markets.,cold,804414,804414,0,0,0,1.0,1.0,1.0,204820,,,,,0.012530667008832097,1.0,,exact,rcv1,804414,0
31,topic:M12#t1,This news story concerns bond markets.,cold,804414,804414,0,0,0,1.0,1.0,1.0,26036,,,,,0.0019576250051613897,1.0,,exact,rcv1,804414,0
32,topic:MCAT#t2,The report covers financial markets.,cold,804414,804414,0,0,0,1.0,1.0,1.0,204820,,,,,0.0015637910109944642,1.0,,exact,rcv1,804414,0
33,union:C13|GOBIT,The article is about the regulation of a company or an industry or about an obituary.,cold,804414,804414,0,0,0,1.0,1.0,1.0,38250,,,,,0.0011344579979777336,1.0,,exact,rcv1,804414,0
34,union:M132|E41,The article is about foreign exchange markets or about employment or the labour market.,cold,804414,804414,0,0,0,1.0,1.0,1.0,43742,,,,,0.0010118749924004078,1.0,,exact,rcv1,804414,0
35,topic:MCAT#t0,The article is about financial markets.,exact-hit,0,0,0,0,0,1.0,1.0,1.0,204820,,,,,3.158298204652965e-05,1.0,,exact,rcv1,804414,0
36,topic:CCAT#t2,The report covers corporate or industrial news.,exact-hit,0,0,0,0,0,1.0,1.0,1.0,381327,,,,,3.274998744018376e-05,1.0,,exact,rcv1,804414,0
37,topic:ECAT#t0,The article is about economics.,exact-hit,0,0,0,0,0,1.0,1.0,1.0,119920,,,,,3.3082993468269706e-05,1.0,,exact,rcv1,804414,0
38,topic:ECAT#t2,The report covers economics.,exact-hit,0,0,0,0,0,1.0,1.0,1.0,119920,,,,,7.329200161620975e-05,1.0,,exact,rcv1,804414,0
39,topic:CCAT#t1,This news story concerns corporate or industrial news.,exact-hit,0,0,0,0,0,1.0,1.0,1.0,381327,,,,,3.412499791011214e-05,1.0,,exact,rcv1,804414,0
40,topic:CCAT#t0,The article is about corporate or industrial news.,exact-hit,0,0,0,0,0,1.0,1.0,1.0,381327,,,,,3.108300734311342e-05,1.0,,exact,rcv1,804414,0
41,topic:C41#t1,This news story concerns company management.,cold,804414,804414,0,0,0,1.0,1.0,1.0,11355,,,,,0.0009510829986538738,1.0,,exact,rcv1,804414,0
42,topic:ECAT#t2,The report covers economics.,exact-hit,0,0,0,0,0,1.0,1.0,1.0,119920,,,,,2.9041984817013144e-05,1.0,,exact,rcv1,804414,0
43,topic:ECAT#t0,The article is about economics.,exact-hit,0,0,0,0,0,1.0,1.0,1.0,119920,,,,,2.791700535453856e-05,1.0,,exact,rcv1,804414,0
44,topic:ECAT#t0,The article is about economics.,exact-hit,0,0,0,0,0,1.0,1.0,1.0,119920,,,,,3.608397673815489e-05,1.0,,exact,rcv1,804414,0
45,topic:E11#t2,The report covers economic performance.,cold,804414,804414,0,0,0,1.0,1.0,1.0,8568,,,,,0.0009521250030957162,1.0,,exact,rcv1,804414,0
46,topic:E11#t1,This news story concerns economic performance.,cold,804414,804414,0,0,0,1.0,1.0,1.0,8568,,,,,0.000937459000851959,1.0,,exact,rcv1,804414,0
47,topic:E61#t2,The report covers housing starts.,cold,804414,804414,0,0,0,1.0,1.0,1.0,391,,,,,0.0009932089888025075,1.0,,exact,rcv1,804414,0
48,topic:E13#t0,The article is about inflation or prices.,cold,804414,804414,0,0,0,1.0,1.0,1.0,6603,,,,,0.0010956249898299575,1.0,,exact,rcv1,804414,0
49,topic:E132#t0,The article is about wholesale prices.,exact-hit,0,0,0,0,0,1.0,1.0,1.0,939,,,,,3.0790979508310556e-05,1.0,,exact,rcv1,804414,0
50,topic:E13#t2,The report covers inflation or prices.,cold,804414,804414,0,0,0,1.0,1.0,1.0,6603,,,,,0.0010429170215502381,1.0,,exact,rcv1,804414,0
51,topic:E61#t1,This news story concerns housing starts.,cold,804414,804414,0,0,0,1.0,1.0,1.0,391,,,,,0.0009842079889494926,1.0,,exact,rcv1,804414,0
52,union:GSPO|E121,The article is about sport or about the money supply.,exact-hit,0,0,0,0,0,1.0,1.0,1.0,37499,,,,,4.674997762776911e-05,1.0,,exact,rcv1,804414,0
53,topic:E11#t1,This news story concerns economic performance.,exact-hit,0,0,0,0,0,1.0,1.0,1.0,8568,,,,,4.066701512783766e-05,1.0,,exact,rcv1,804414,0
54,topic:MCAT#t0,The article is about financial markets.,exact-hit,0,0,0,0,0,1.0,1.0,1.0,204820,,,,,2.6958994567394257e-05,1.0,,exact,rcv1,804414,0
55,union:GVOTE|C174,The article is about an election or about a credit rating.,cold,804414,804414,0,0,0,1.0,1.0,1.0,17396,,,,,0.0010023329814430326,1.0,,exact,rcv1,804414,0
56,topic:CCAT#t2,The report covers corporate or industrial news.,exact-hit,0,0,0,0,0,1.0,1.0,1.0,381327,,,,,6.491699605248868e-05,1.0,,exact,rcv1,804414,0
57,topic:ECAT#t0,The article is about economics.,exact-hit,0,0,0,0,0,1.0,1.0,1.0,119920,,,,,5.750000127591193e-05,1.0,,exact,rcv1,804414,0
58,topic:E11#t0,The article is about economic performance.,cold,804414,804414,0,0,0,1.0,1.0,1.0,8568,,,,,0.0008940830011852086,1.0,,exact,rcv1,804414,0
59,topic:E11#t1,This news story concerns economic performance.,exact-hit,0,0,0,0,0,1.0,1.0,1.0,8568,,,,,3.15000070258975e-05,1.0,,exact,rcv1,804414,0
60,union:GVOTE|C174,The article is about an election or about a credit rating.,exact-hit,0,0,0,0,0,1.0,1.0,1.0,17396,,,,,2.3540982510894537e-05,1.0,,exact,rcv1,804414,0
61,topic:E21#t0,The article is about government finance.,cold,804414,804414,0,0,0,1.0,1.0,1.0,43130,,,,,0.0009065000049304217,1.0,,exact,rcv1,804414,0
62,topic:ECAT#t2,The report covers economics.,exact-hit,0,0,0,0,0,1.0,1.0,1.0,119920,,,,,2.2917025489732623e-05,1.0,,exact,rcv1,804414,0
63,topic:E51#t1,This news story concerns trade or foreign reserves.,cold,804414,804414,0,0,0,1.0,1.0,1.0,21280,,,,,0.0009393339860253036,1.0,,exact,rcv1,804414,0
64,topic:MCAT#t0,The article is about financial markets.,exact-hit,0,0,0,0,0,1.0,1.0,1.0,204820,,,,,3.858399577438831e-05,1.0,,exact,rcv1,804414,0
65,union:CCAT|E212,The article is about corporate or industrial news or about government borrowing.,cold,804414,804414,0,0,0,1.0,1.0,1.0,404136,,,,,0.001864165998995304,1.0,,exact,rcv1,804414,0
66,topic:M12#t2,The report covers bond markets.,cold,804414,804414,0,0,0,1.0,1.0,1.0,26036,,,,,0.042014165985165164,1.0,,exact,rcv1,804414,0
67,topic:ECAT#t2,The report covers economics.,exact-hit,0,0,0,0,0,1.0,1.0,1.0,119920,,,,,6.962500629015267e-05,1.0,,exact,rcv1,804414,0
68,topic:GCAT#t2,The report covers government or social affairs.,exact-hit,0,0,0,0,0,1.0,1.0,1.0,239267,,,,,4.270899808034301e-05,1.0,,exact,rcv1,804414,0
69,union:GODD|C23,The article is about a human interest story or about research and development.,cold,804414,804414,0,0,0,1.0,1.0,1.0,5420,,,,,0.0010226659942418337,1.0,,exact,rcv1,804414,0
70,topic:GCAT#t0,The article is about government or social affairs.,exact-hit,0,0,0,0,0,1.0,1.0,1.0,239267,,,,,2.7833011699840426e-05,1.0,,exact,rcv1,804414,0
71,topic:GSCI#t1,This news story concerns science or technology.,cold,804414,804414,0,0,0,1.0,1.0,1.0,2410,,,,,0.020650874997954816,1.0,,exact,rcv1,804414,0
72,topic:GCAT#t1,This news story concerns government or social affairs.,exact-hit,0,0,0,0,0,1.0,1.0,1.0,239267,,,,,3.287501749582589e-05,1.0,,exact,rcv1,804414,0
73,topic:GTOUR#t1,This news story concerns travel or tourism.,cold,804414,804414,0,0,0,1.0,1.0,1.0,680,,,,,0.0008673330012243241,1.0,,exact,rcv1,804414,0
74,topic:GTOUR#t0,The article is about travel or tourism.,cold,804414,804414,0,0,0,1.0,1.0,1.0,680,,,,,0.0008576669788453728,1.0,,exact,rcv1,804414,0
75,topic:GTOUR#t2,The report covers travel or tourism.,cold,804414,804414,0,0,0,1.0,1.0,1.0,680,,,,,0.001110416982555762,1.0,,exact,rcv1,804414,0
76,topic:GTOUR#t0,The article is about travel or tourism.,exact-hit,0,0,0,0,0,1.0,1.0,1.0,680,,,,,9.883299935609102e-05,1.0,,exact,rcv1,804414,0
77,topic:GTOUR#t2,The report covers travel or tourism.,exact-hit,0,0,0,0,0,1.0,1.0,1.0,680,,,,,4.187499871477485e-05,1.0,,exact,rcv1,804414,0
78,topic:GCAT#t0,The article is about government or social affairs.,exact-hit,0,0,0,0,0,1.0,1.0,1.0,239267,,,,,3.47500026691705e-05,1.0,,exact,rcv1,804414,0
79,topic:GCAT#t0,The article is about government or social affairs.,exact-hit,0,0,0,0,0,1.0,1.0,1.0,239267,,,,,7.03750120010227e-05,1.0,,exact,rcv1,804414,0
80,topic:GWEA#t0,The article is about the weather.,cold,804414,804414,0,0,0,1.0,1.0,1.0,3878,,,,,0.0009724580158945173,1.0,,exact,rcv1,804414,0
81,topic:GJOB#t2,The report covers labour issues.,cold,804414,804414,0,0,0,1.0,1.0,1.0,17241,,,,,0.0010670829797163606,1.0,,exact,rcv1,804414,0
82,union:C152|GWEA,The article is about commentary or forecasts about a company's results or about the weather.,cold,804414,804414,0,0,0,1.0,1.0,1.0,76964,,,,,0.00120975001482293,1.0,,exact,rcv1,804414,0
83,union:GCRIM|E31,The article is about crime or law enforcement or about economic output or capacity.,cold,804414,804414,0,0,0,1.0,1.0,1.0,34633,,,,,0.0010277080000378191,1.0,,exact,rcv1,804414,0
84,topic:GENT#t2,"The report covers arts, culture or entertainment.",cold,804414,804414,0,0,0,1.0,1.0,1.0,3801,,,,,0.0008887079893611372,1.0,,exact,rcv1,804414,0
85,topic:GDIS#t0,The article is about a disaster or an accident.,cold,804414,804414,0,0,0,1.0,1.0,1.0,8657,,,,,0.0008811249863356352,1.0,,exact,rcv1,804414,0
86,topic:GENT#t0,"The article is about arts, culture or entertainment.",cold,804414,804414,0,0,0,1.0,1.0,1.0,3801,,,,,0.0009489579824730754,1.0,,exact,rcv1,804414,0
87,topic:GJOB#t0,The article is about labour issues.,cold,804414,804414,0,0,0,1.0,1.0,1.0,17241,,,,,0.0009437499975319952,1.0,,exact,rcv1,804414,0
88,topic:GSPO#t2,The report covers sport.,cold,804414,804414,0,0,0,1.0,1.0,1.0,35317,,,,,0.000998959003482014,1.0,,exact,rcv1,804414,0
89,union:CCAT|E212,The article is about corporate or industrial news or about government borrowing.,exact-hit,0,0,0,0,0,1.0,1.0,1.0,404136,,,,,2.7875008527189493e-05,1.0,,exact,rcv1,804414,0
90,topic:CCAT#t0,The article is about corporate or industrial news.,exact-hit,0,0,0,0,0,1.0,1.0,1.0,381327,,,,,2.6999972760677338e-05,1.0,,exact,rcv1,804414,0
91,topic:CCAT#t2,The report covers corporate or industrial news.,exact-hit,0,0,0,0,0,1.0,1.0,1.0,381327,,,,,2.54589831456542e-05,1.0,,exact,rcv1,804414,0
92,topic:CCAT#t1,This news story concerns corporate or industrial news.,exact-hit,0,0,0,0,0,1.0,1.0,1.0,381327,,,,,2.3917004000395536e-05,1.0,,exact,rcv1,804414,0
93,topic:CCAT#t2,The report covers corporate or industrial news.,exact-hit,0,0,0,0,0,1.0,1.0,1.0,381327,,,,,2.449998282827437e-05,1.0,,exact,rcv1,804414,0
94,topic:C31#t2,The report covers markets or marketing.,cold,804414,804414,0,0,0,1.0,1.0,1.0,40509,,,,,0.0009747910080477595,1.0,,exact,rcv1,804414,0
95,topic:C18#t0,The article is about a change in the ownership of a company.,cold,804414,804414,0,0,0,1.0,1.0,1.0,52817,,,,,0.0010454580187797546,1.0,,exact,rcv1,804414,0
96,topic:C18#t0,The article is about a change in the ownership of a company.,exact-hit,0,0,0,0,0,1.0,1.0,1.0,52817,,,,,2.5416986318305135e-05,1.0,,exact,rcv1,804414,0
97,topic:C182#t2,The report covers a transfer of assets.,cold,804414,804414,0,0,0,1.0,1.0,1.0,4671,,,,,0.0008982080034911633,1.0,,exact,rcv1,804414,0
98,topic:C182#t1,This news story concerns a transfer of assets.,cold,804414,804414,0,0,0,1.0,1.0,1.0,4671,,,,,0.0010383339831605554,1.0,,exact,rcv1,804414,0
99,topic:C181#t0,The article is about a merger or an acquisition.,cold,804414,804414,0,0,0,1.0,1.0,1.0,43374,,,,,0.002043624990619719,1.0,,exact,rcv1,804414,0
100,union:C181|GTOUR,The article is about a merger or an acquisition or about travel or tourism.,cold,804414,804414,0,0,0,1.0,1.0,1.0,44053,,,,,0.0011435830092523247,1.0,,exact,rcv1,804414,0
101,topic:CCAT#t0,The article is about corporate or industrial news.,exact-hit,0,0,0,0,0,1.0,1.0,1.0,381327,,,,,3.0499999411404133e-05,1.0,,exact,rcv1,804414,0
102,topic:MCAT#t0,The article is about financial markets.,exact-hit,0,0,0,0,0,1.0,1.0,1.0,204820,,,,,3.2958982046693563e-05,1.0,,exact,rcv1,804414,0
103,topic:ECAT#t1,This news story concerns economics.,exact-hit,0,0,0,0,0,1.0,1.0,1.0,119920,,,,,3.029097570106387e-05,1.0,,exact,rcv1,804414,0
104,topic:ECAT#t2,The report covers economics.,exact-hit,0,0,0,0,0,1.0,1.0,1.0,119920,,,,,2.750000567175448e-05,1.0,,exact,rcv1,804414,0
105,topic:CCAT#t1,This news story concerns corporate or industrial news.,exact-hit,0,0,0,0,0,1.0,1.0,1.0,381327,,,,,2.7624977519735694e-05,1.0,,exact,rcv1,804414,0
106,topic:CCAT#t2,The report covers corporate or industrial news.,exact-hit,0,0,0,0,0,1.0,1.0,1.0,381327,,,,,3.47500026691705e-05,1.0,,exact,rcv1,804414,0
107,topic:CCAT#t1,This news story concerns corporate or industrial news.,exact-hit,0,0,0,0,0,1.0,1.0,1.0,381327,,,,,2.99170205835253e-05,1.0,,exact,rcv1,804414,0
108,topic:C23#t2,The report covers research and development.,cold,804414,804414,0,0,0,1.0,1.0,1.0,2625,,,,,0.0009360830008517951,1.0,,exact,rcv1,804414,0
109,topic:C24#t1,This news story concerns production capacity or facilities.,cold,804414,804414,0,0,0,1.0,1.0,1.0,32153,,,,,0.0009404169977642596,1.0,,exact,rcv1,804414,0
110,topic:C41#t0,The article is about company management.,cold,804414,804414,0,0,0,1.0,1.0,1.0,11355,,,,,0.0009162909991573542,1.0,,exact,rcv1,804414,0
111,topic:GCAT#t1,This news story concerns government or social affairs.,exact-hit,0,0,0,0,0,1.0,1.0,1.0,239267,,,,,2.2957974579185247e-05,1.0,,exact,rcv1,804414,0
112,topic:GVOTE#t0,The article is about an election.,cold,804414,804414,0,0,0,1.0,1.0,1.0,11532,,,,,0.0009392500214744359,1.0,,exact,rcv1,804414,0
113,topic:GVOTE#t2,The report covers an election.,cold,804414,804414,0,0,0,1.0,1.0,1.0,11532,,,,,0.0008577499829698354,1.0,,exact,rcv1,804414,0
114,topic:GCAT#t1,This news story concerns government or social affairs.,exact-hit,0,0,0,0,0,1.0,1.0,1.0,239267,,,,,2.3666012566536665e-05,1.0,,exact,rcv1,804414,0
115,topic:GWELF#t0,The article is about welfare or social services.,cold,804414,804414,0,0,0,1.0,1.0,1.0,1869,,,,,0.03578716699848883,1.0,,exact,rcv1,804414,0
116,topic:GPRO#t1,This news story concerns a biography or a profile of a person.,cold,804414,804414,0,0,0,1.0,1.0,1.0,5498,,,,,0.015082291996804997,1.0,,exact,rcv1,804414,0
117,topic:GCAT#t0,The article is about government or social affairs.,exact-hit,0,0,0,0,0,1.0,1.0,1.0,239267,,,,,2.7417001547291875e-05,1.0,,exact,rcv1,804414,0
118,union:C13|GOBIT,The article is about the regulation of a company or an industry or about an obituary.,exact-hit,0,0,0,0,0,1.0,1.0,1.0,38250,,,,,2.812498132698238e-05,1.0,,exact,rcv1,804414,0
119,union:GWELF|C1511,The article is about welfare or social services or about a company's annual results.,cold,804414,804414,0,0,0,1.0,1.0,1.0,25080,,,,,0.0009797920065466315,1.0,,exact,rcv1,804414,0
0,topic:MCAT#t1,This news story concerns financial markets.,cold,804414,804414,0,0,0,1.0,1.0,1.0,204820,,,,,0.003372207982465625,1.0,,semreuse,rcv1,804414,0
1,topic:M11#t0,The article is about equity markets.,rewrite,804414,599594,29,204791,0,1.0,1.0,1.0,48696,1.0,False,1.0,False,0.03606337500968948,1.0,False,semreuse,rcv1,804414,0
2,topic:GCAT#t2,The report covers government or social affairs.,cold,804414,804414,0,0,0,1.0,1.0,1.0,239267,,,,,0.004172499990090728,1.0,,semreuse,rcv1,804414,0
3,topic:GCAT#t1,This news story concerns government or social affairs.,rewrite,163,0,163,0,0,1.0,1.0,1.0,239267,0.918492244748672,False,0.9026150701935495,False,0.06287541700294241,1.0,False,semreuse,rcv1,804414,0
4,topic:GCAT#t0,The article is about government or social affairs.,rewrite,163,0,163,0,0,1.0,1.0,1.0,239267,0.918492244748672,False,0.9026150701935495,False,0.008800416981102899,1.0,False,semreuse,rcv1,804414,0
5,union:GSPO|E121,The article is about sport or about the money supply.,cold,804414,804414,0,0,0,1.0,1.0,1.0,37499,,,,,0.0065050830016843975,1.0,,semreuse,rcv1,804414,0
6,topic:GCAT#t2,The report covers government or social affairs.,exact-hit,0,0,0,0,0,1.0,1.0,1.0,239267,,,,,4.237500252202153e-05,1.0,,semreuse,rcv1,804414,0
7,topic:CCAT#t0,The article is about corporate or industrial news.,cold,804414,804414,0,0,0,1.0,1.0,1.0,381327,,,,,0.004653250012779608,1.0,,semreuse,rcv1,804414,0
8,topic:C22#t1,This news story concerns a new product or a new service.,cold,804414,804414,0,0,0,1.0,1.0,1.0,6119,,,,,0.0033746249973773956,1.0,,semreuse,rcv1,804414,0
9,topic:CCAT#t1,This news story concerns corporate or industrial news.,rewrite,95,0,95,0,0,1.0,1.0,1.0,381327,0.9191341408703454,False,0.9026111447655162,False,0.02405562502099201,1.0,False,semreuse,rcv1,804414,0
10,topic:CCAT#t2,The report covers corporate or industrial news.,rewrite,95,0,95,0,0,1.0,1.0,1.0,381327,0.9191341408703454,False,0.9026111447655162,False,0.009583250008290634,1.0,False,semreuse,rcv1,804414,0
11,topic:ECAT#t2,The report covers economics.,cold,804414,804414,0,0,0,1.0,1.0,1.0,119920,,,,,0.0036188339872751385,1.0,,semreuse,rcv1,804414,0
12,topic:ECAT#t2,The report covers economics.,exact-hit,0,0,0,0,0,1.0,1.0,1.0,119920,,,,,2.9583985451608896e-05,1.0,,semreuse,rcv1,804414,0
13,topic:ECAT#t1,This news story concerns economics.,rewrite,119145,118803,342,0,0,1.0,1.0,1.0,119920,0.9185577601275722,False,0.9991077384923283,False,0.011627040978055447,1.0,False,semreuse,rcv1,804414,0
14,topic:E21#t1,This news story concerns government finance.,cold,804414,804414,0,0,0,1.0,1.0,1.0,43130,,,,,0.0033357079955749214,1.0,,semreuse,rcv1,804414,0
15,topic:CCAT#t2,The report covers corporate or industrial news.,exact-hit,0,0,0,0,0,1.0,1.0,1.0,381327,0.9191341408703454,False,0.9026111447655162,False,3.3499993151053786e-05,1.0,False,semreuse,rcv1,804414,0
16,topic:CCAT#t0,The article is about corporate or industrial news.,exact-hit,0,0,0,0,0,1.0,1.0,1.0,381327,,,,,3.0208990210667253e-05,1.0,,semreuse,rcv1,804414,0
17,topic:C16#t2,The report covers corporate insolvency or a liquidity problem.,rewrite,804414,599594,29,204791,0,1.0,1.0,1.0,1920,1.0,False,1.0,False,0.05236624999088235,1.0,False,semreuse,rcv1,804414,0
18,topic:ECAT#t0,The article is about economics.,rewrite,119963,119647,316,0,0,1.0,1.0,1.0,119920,0.9185884371983267,False,0.9997998665777185,False,0.012532583001302555,1.0,False,semreuse,rcv1,804414,0
19,topic:E13#t1,This news story concerns inflation or prices.,cold,804414,804414,0,0,0,1.0,1.0,1.0,6603,,,,,0.00400758400792256,1.0,,semreuse,rcv1,804414,0
20,topic:E132#t2,The report covers wholesale prices.,rewrite,804414,684494,29,119891,0,1.0,1.0,1.0,939,1.0,False,1.0,False,0.09238633298082277,1.0,False,semreuse,rcv1,804414,0
21,topic:E131#t2,The report covers consumer prices.,cold,804414,804414,0,0,0,1.0,1.0,1.0,5659,,,,,0.0037026249920018017,1.0,,semreuse,rcv1,804414,0
22,topic:E132#t0,The article is about wholesale prices.,rewrite,804414,492901,72,311441,0,1.0,1.0,1.0,939,1.0,False,1.0,False,0.32225029199616984,1.0,False,semreuse,rcv1,804414,0
23,topic:ECAT#t1,This news story concerns economics.,exact-hit,0,0,0,0,0,1.0,1.0,1.0,119920,0.9185577601275722,False,0.9991077384923283,False,8.670799434185028e-05,1.0,False,semreuse,rcv1,804414,0
24,topic:E131#t2,The report covers consumer prices.,exact-hit,0,0,0,0,0,1.0,1.0,1.0,5659,,,,,7.675000233575702e-05,1.0,,semreuse,rcv1,804414,0
25,topic:CCAT#t0,The article is about corporate or industrial news.,exact-hit,0,0,0,0,0,1.0,1.0,1.0,381327,,,,,7.224999717436731e-05,1.0,,semreuse,rcv1,804414,0
26,topic:CCAT#t1,This news story concerns corporate or industrial news.,exact-hit,0,0,0,0,0,1.0,1.0,1.0,381327,0.9191341408703454,False,0.9026111447655162,False,3.20419785566628e-05,1.0,False,semreuse,rcv1,804414,0
27,topic:ECAT#t1,This news story concerns economics.,exact-hit,0,0,0,0,0,1.0,1.0,1.0,119920,0.9185577601275722,False,0.9991077384923283,False,3.158298204652965e-05,1.0,False,semreuse,rcv1,804414,0
28,topic:CCAT#t1,This news story concerns corporate or industrial news.,exact-hit,0,0,0,0,0,1.0,1.0,1.0,381327,0.9191341408703454,False,0.9026111447655162,False,2.9084010748192668e-05,1.0,False,semreuse,rcv1,804414,0
29,topic:CCAT#t1,This news story concerns corporate or industrial news.,exact-hit,0,0,0,0,0,1.0,1.0,1.0,381327,0.9191341408703454,False,0.9026111447655162,False,3.199998172931373e-05,1.0,False,semreuse,rcv1,804414,0
30,topic:MCAT#t0,The article is about financial markets.,rewrite,204940,204820,120,0,0,1.0,1.0,1.0,204820,0.9186030345025542,False,1.0,False,0.011253250006120652,1.0,False,semreuse,rcv1,804414,0
31,topic:M12#t1,This news story concerns bond markets.,rewrite,804414,492901,72,311441,0,1.0,1.0,1.0,26036,1.0,False,1.0,False,0.28691812499891967,1.0,False,semreuse,rcv1,804414,0
32,topic:MCAT#t2,The report covers financial markets.,rewrite,204940,204820,120,0,0,1.0,1.0,1.0,204820,0.9186030345025542,False,1.0,False,0.02218312499462627,1.0,False,semreuse,rcv1,804414,0
33,union:C13|GOBIT,The article is about the regulation of a company or an industry or about an obituary.,cold,804414,804414,0,0,0,1.0,1.0,1.0,38250,,,,,0.003858832991681993,1.0,,semreuse,rcv1,804414,0
34,union:M132|E41,The article is about foreign exchange markets or about employment or the labour market.,cold,804414,804414,0,0,0,1.0,1.0,1.0,43742,,,,,0.003804209001827985,1.0,,semreuse,rcv1,804414,0
35,topic:MCAT#t0,The article is about financial markets.,exact-hit,0,0,0,0,0,1.0,1.0,1.0,204820,0.9186030345025542,False,1.0,False,3.6874989746138453e-05,1.0,False,semreuse,rcv1,804414,0
36,topic:CCAT#t2,The report covers corporate or industrial news.,exact-hit,0,0,0,0,0,1.0,1.0,1.0,381327,0.9191341408703454,False,0.9026111447655162,False,3.4666009014472365e-05,1.0,False,semreuse,rcv1,804414,0
37,topic:ECAT#t0,The article is about economics.,exact-hit,0,0,0,0,0,1.0,1.0,1.0,119920,0.9185884371983267,False,0.9997998665777185,False,5.966599564999342e-05,1.0,False,semreuse,rcv1,804414,0
38,topic:ECAT#t2,The report covers economics.,exact-hit,0,0,0,0,0,1.0,1.0,1.0,119920,,,,,3.041699528694153e-05,1.0,,semreuse,rcv1,804414,0
39,topic:CCAT#t1,This news story concerns corporate or industrial news.,exact-hit,0,0,0,0,0,1.0,1.0,1.0,381327,0.9191341408703454,False,0.9026111447655162,False,3.070899401791394e-05,1.0,False,semreuse,rcv1,804414,0
40,topic:CCAT#t0,The article is about corporate or industrial news.,exact-hit,0,0,0,0,0,1.0,1.0,1.0,381327,,,,,3.0082999728620052e-05,1.0,,semreuse,rcv1,804414,0
41,topic:C41#t1,This news story concerns company management.,rewrite,804414,423087,29,381298,0,1.0,1.0,1.0,11355,1.0,False,1.0,False,0.24224241598858498,1.0,False,semreuse,rcv1,804414,0
42,topic:ECAT#t2,The report covers economics.,exact-hit,0,0,0,0,0,1.0,1.0,1.0,119920,,,,,3.8708007195964456e-05,1.0,,semreuse,rcv1,804414,0
43,topic:ECAT#t0,The article is about economics.,exact-hit,0,0,0,0,0,1.0,1.0,1.0,119920,0.9185884371983267,False,0.9997998665777185,False,3.333299537189305e-05,1.0,False,semreuse,rcv1,804414,0
44,topic:ECAT#t0,The article is about economics.,exact-hit,0,0,0,0,0,1.0,1.0,1.0,119920,0.9185884371983267,False,0.9997998665777185,False,3.066699719056487e-05,1.0,False,semreuse,rcv1,804414,0
45,topic:E11#t2,The report covers economic performance.,rewrite,313899,311513,2386,0,0,1.0,1.0,1.0,8568,0.9186233515599871,False,1.0,False,0.011000124999554828,1.0,False,semreuse,rcv1,804414,0
46,topic:E11#t1,This news story concerns economic performance.,rewrite,313899,311513,2386,0,0,1.0,1.0,1.0,8568,0.9186233515599871,False,1.0,False,0.012039791996357962,1.0,False,semreuse,rcv1,804414,0
47,topic:E61#t2,The report covers housing starts.,cold,804414,804414,0,0,0,1.0,1.0,1.0,391,,,,,0.0034286669979337603,1.0,,semreuse,rcv1,804414,0
48,topic:E13#t0,The article is about inflation or prices.,rewrite,797847,113317,4036,680494,0,1.0,1.0,1.0,6603,1.0,False,0.9029229138270483,False,0.06000770800164901,1.0,False,semreuse,rcv1,804414,0
49,topic:E132#t0,The article is about wholesale prices.,exact-hit,0,0,0,0,0,1.0,1.0,1.0,939,1.0,False,1.0,False,3.979200846515596e-05,1.0,False,semreuse,rcv1,804414,0
50,topic:E13#t2,The report covers inflation or prices.,rewrite,797847,113317,4036,680494,0,1.0,1.0,1.0,6603,1.0,False,0.9029229138270483,False,0.012954416015418246,1.0,False,semreuse,rcv1,804414,0
51,topic:E61#t1,This news story concerns housing starts.,rewrite,804059,0,4036,800023,0,1.0,1.0,1.0,391,1.0,False,0.907928388746803,False,0.010403708001831546,1.0,False,semreuse,rcv1,804414,0
52,union:GSPO|E121,The article is about sport or about the money supply.,exact-hit,0,0,0,0,0,1.0,1.0,1.0,37499,,,,,4.345798515714705e-05,1.0,,semreuse,rcv1,804414,0
53,topic:E11#t1,This news story concerns economic performance.,exact-hit,0,0,0,0,0,1.0,1.0,1.0,8568,0.9186233515599871,False,1.0,False,3.566697705537081e-05,1.0,False,semreuse,rcv1,804414,0
54,topic:MCAT#t0,The article is about financial markets.,exact-hit,0,0,0,0,0,1.0,1.0,1.0,204820,0.9186030345025542,False,1.0,False,2.90420139208436e-05,1.0,False,semreuse,rcv1,804414,0
55,union:GVOTE|C174,The article is about an election or about a credit rating.,rewrite,804414,552121,117,252176,0,1.0,1.0,1.0,17396,1.0,False,1.0,False,0.13250345800770447,1.0,False,semreuse,rcv1,804414,0
56,topic:CCAT#t2,The report covers corporate or industrial news.,exact-hit,0,0,0,0,0,1.0,1.0,1.0,381327,0.9191341408703454,False,0.9026111447655162,False,3.91670037060976e-05,1.0,False,semreuse,rcv1,804414,0
57,topic:ECAT#t0,The article is about economics.,exact-hit,0,0,0,0,0,1.0,1.0,1.0,119920,0.9185884371983267,False,0.9997998665777185,False,3.070800448767841e-05,1.0,False,semreuse,rcv1,804414,0
58,topic:E11#t0,The article is about economic performance.,rewrite,313899,311513,2386,0,0,1.0,1.0,1.0,8568,0.9186233515599871,False,1.0,False,0.06175204098690301,1.0,False,semreuse,rcv1,804414,0
59,topic:E11#t1,This news story concerns economic performance.,exact-hit,0,0,0,0,0,1.0,1.0,1.0,8568,0.9186233515599871,False,1.0,False,9.095898712985218e-05,1.0,False,semreuse,rcv1,804414,0
60,union:GVOTE|C174,The article is about an election or about a credit rating.,exact-hit,0,0,0,0,0,1.0,1.0,1.0,17396,1.0,False,1.0,False,7.179201929830015e-05,1.0,False,semreuse,rcv1,804414,0
61,topic:E21#t0,The article is about government finance.,rewrite,44079,43097,949,33,0,1.0,1.0,1.0,43130,0.9184803441373142,False,1.0,False,0.016537040995899588,1.0,False,semreuse,rcv1,804414,0
62,topic:ECAT#t2,The report covers economics.,exact-hit,0,0,0,0,0,1.0,1.0,1.0,119920,,,,,4.154100315645337e-05,1.0,,semreuse,rcv1,804414,0
63,topic:E51#t1,This news story concerns trade or foreign reserves.,cold,804414,804414,0,0,0,1.0,1.0,1.0,21280,,,,,0.0037351250066421926,1.0,,semreuse,rcv1,804414,0
64,topic:MCAT#t0,The article is about financial markets.,exact-hit,0,0,0,0,0,1.0,1.0,1.0,204820,0.9186030345025542,False,1.0,False,3.174997982569039e-05,1.0,False,semreuse,rcv1,804414,0
65,union:CCAT|E212,The article is about corporate or industrial news or about government borrowing.,rewrite,423126,331690,117,91319,0,1.0,1.0,1.0,404136,1.0,False,0.9059697725518142,False,0.066483500006143,1.0,False,semreuse,rcv1,804414,0
66,topic:M12#t2,The report covers bond markets.,rewrite,286595,285477,1118,0,0,1.0,1.0,1.0,26036,0.918490388756215,False,0.9010984790290367,False,0.01419654200435616,1.0,False,semreuse,rcv1,804414,0
67,topic:ECAT#t2,The report covers economics.,exact-hit,0,0,0,0,0,1.0,1.0,1.0,119920,,,,,4.1332998080179095e-05,1.0,,semreuse,rcv1,804414,0
68,topic:GCAT#t2,The report covers government or social affairs.,exact-hit,0,0,0,0,0,1.0,1.0,1.0,239267,,,,,2.9417016776278615e-05,1.0,,semreuse,rcv1,804414,0
69,union:GODD|C23,The article is about a human interest story or about research and development.,cold,804414,804414,0,0,0,1.0,1.0,1.0,5420,,,,,0.003778790996875614,1.0,,semreuse,rcv1,804414,0
70,topic:GCAT#t0,The article is about government or social affairs.,exact-hit,0,0,0,0,0,1.0,1.0,1.0,239267,0.918492244748672,False,0.9026150701935495,False,3.374999505467713e-05,1.0,False,semreuse,rcv1,804414,0
71,topic:GSCI#t1,This news story concerns science or technology.,cold,804414,804414,0,0,0,1.0,1.0,1.0,2410,,,,,0.023680707992753014,1.0,,semreuse,rcv1,804414,0
72,topic:GCAT#t1,This news story concerns government or social affairs.,exact-hit,0,0,0,0,0,1.0,1.0,1.0,239267,0.918492244748672,False,0.9026150701935495,False,4.1040999349206686e-05,1.0,False,semreuse,rcv1,804414,0
73,topic:GTOUR#t1,This news story concerns travel or tourism.,cold,804414,804414,0,0,0,1.0,1.0,1.0,680,,,,,0.026639583986252546,1.0,,semreuse,rcv1,804414,0
74,topic:GTOUR#t0,The article is about travel or tourism.,rewrite,803770,0,4036,799734,0,1.0,1.0,1.0,680,1.0,False,0.9058823529411765,False,0.024613874993519858,1.0,False,semreuse,rcv1,804414,0
75,topic:GTOUR#t2,The report covers travel or tourism.,rewrite,803770,0,4036,799734,0,1.0,1.0,1.0,680,1.0,False,0.9058823529411765,False,0.04730279100476764,1.0,False,semreuse,rcv1,804414,0
76,topic:GTOUR#t0,The article is about travel or tourism.,exact-hit,0,0,0,0,0,1.0,1.0,1.0,680,1.0,False,0.9058823529411765,False,4.295899998396635e-05,1.0,False,semreuse,rcv1,804414,0
77,topic:GTOUR#t2,The report covers travel or tourism.,exact-hit,0,0,0,0,0,1.0,1.0,1.0,680,1.0,False,0.9058823529411765,False,4.4832995627075434e-05,1.0,False,semreuse,rcv1,804414,0
78,topic:GCAT#t0,The article is about government or social affairs.,exact-hit,0,0,0,0,0,1.0,1.0,1.0,239267,0.918492244748672,False,0.9026150701935495,False,2.8041977202519774e-05,1.0,False,semreuse,rcv1,804414,0
79,topic:GCAT#t0,The article is about government or social affairs.,exact-hit,0,0,0,0,0,1.0,1.0,1.0,239267,0.918492244748672,False,0.9026150701935495,False,2.891701296903193e-05,1.0,False,semreuse,rcv1,804414,0
80,topic:GWEA#t0,The article is about the weather.,cold,804414,804414,0,0,0,1.0,1.0,1.0,3878,,,,,0.003631916973972693,1.0,,semreuse,rcv1,804414,0
81,topic:GJOB#t2,The report covers labour issues.,rewrite,804414,7999,4036,792379,0,1.0,1.0,1.0,17241,1.0,False,1.0,False,0.017235792009159923,1.0,False,semreuse,rcv1,804414,0
82,union:C152|GWEA,The article is about commentary or forecasts about a company's results or about the weather.,rewrite,800565,800536,29,0,0,1.0,1.0,1.0,76964,1.0,False,0.9950756197702822,False,0.005727917014155537,1.0,False,semreuse,rcv1,804414,0
83,union:GCRIM|E31,The article is about crime or law enforcement or about economic output or capacity.,rewrite,804414,684494,29,119891,0,1.0,1.0,1.0,34633,1.0,False,1.0,False,0.04931950001628138,1.0,False,semreuse,rcv1,804414,0
84,topic:GENT#t2,"The report covers arts, culture or entertainment.",cold,804414,804414,0,0,0,1.0,1.0,1.0,3801,,,,,0.003590124979382381,1.0,,semreuse,rcv1,804414,0
85,topic:GDIS#t0,The article is about a disaster or an accident.,cold,804414,804414,0,0,0,1.0,1.0,1.0,8657,,,,,0.003558665979653597,1.0,,semreuse,rcv1,804414,0
86,topic:GENT#t0,"The article is about arts, culture or entertainment.",rewrite,800649,0,4036,796613,0,1.0,1.0,1.0,3801,1.0,False,0.9031833727966324,False,0.010011167003540322,1.0,False,semreuse,rcv1,804414,0
87,topic:GJOB#t0,The article is about labour issues.,rewrite,804414,43742,1889,758783,0,1.0,1.0,1.0,17241,1.0,False,1.0,False,0.009927750012138858,1.0,False,semreuse,rcv1,804414,0
88,topic:GSPO#t2,The report covers sport.,rewrite,38399,37499,900,0,0,1.0,1.0,1.0,35317,0.9184697805055654,False,1.0,False,0.006516166002256796,1.0,False,semreuse,rcv1,804414,0
89,union:CCAT|E212,The article is about corporate or industrial news or about government borrowing.,exact-hit,0,0,0,0,0,1.0,1.0,1.0,404136,1.0,False,0.9059697725518142,False,3.7999998312443495e-05,1.0,False,semreuse,rcv1,804414,0
90,topic:CCAT#t0,The article is about corporate or industrial news.,exact-hit,0,0,0,0,0,1.0,1.0,1.0,381327,,,,,3.637498593889177e-05,1.0,,semreuse,rcv1,804414,0
91,topic:CCAT#t2,The report covers corporate or industrial news.,exact-hit,0,0,0,0,0,1.0,1.0,1.0,381327,0.9191341408703454,False,0.9026111447655162,False,3.0041992431506515e-05,1.0,False,semreuse,rcv1,804414,0
92,topic:CCAT#t1,This news story concerns corporate or industrial news.,exact-hit,0,0,0,0,0,1.0,1.0,1.0,381327,0.9191341408703454,False,0.9026111447655162,False,9.524999768473208e-05,1.0,False,semreuse,rcv1,804414,0
93,topic:CCAT#t2,The report covers corporate or industrial news.,exact-hit,0,0,0,0,0,1.0,1.0,1.0,381327,0.9191341408703454,False,0.9026111447655162,False,4.170899046584964e-05,1.0,False,semreuse,rcv1,804414,0
94,topic:C31#t2,The report covers markets or marketing.,rewrite,804414,26036,4000,774378,0,1.0,1.0,1.0,40509,1.0,False,1.0,False,0.01587679100339301,1.0,False,semreuse,rcv1,804414,0
95,topic:C18#t0,The article is about a change in the ownership of a company.,rewrite,804414,423087,29,381298,0,1.0,1.0,1.0,52817,1.0,False,1.0,False,0.16939995798747987,1.0,False,semreuse,rcv1,804414,0
96,topic:C18#t0,The article is about a change in the ownership of a company.,exact-hit,0,0,0,0,0,1.0,1.0,1.0,52817,1.0,False,1.0,False,3.98330157622695e-05,1.0,False,semreuse,rcv1,804414,0
97,topic:C182#t2,The report covers a transfer of assets.,rewrite,804414,1,0,804413,0,1.0,1.0,1.0,4671,1.0,False,1.0,False,0.0341445840022061,1.0,False,semreuse,rcv1,804414,0
98,topic:C182#t1,This news story concerns a transfer of assets.,rewrite,804413,4671,4000,795742,0,1.0,1.0,1.0,4671,0.9997859589041096,False,1.0,False,0.015601541002979502,1.0,False,semreuse,rcv1,804414,0
99,topic:C181#t0,The article is about a merger or an acquisition.,rewrite,804414,415070,72,389272,0,1.0,1.0,1.0,43374,1.0,False,1.0,False,0.4068262920191046,1.0,False,semreuse,rcv1,804414,0
100,union:C181|GTOUR,The article is about a merger or an acquisition or about travel or tourism.,rewrite,760433,760361,72,0,0,1.0,1.0,1.0,44053,1.0,False,0.902708101604885,False,0.03543941702810116,1.0,False,semreuse,rcv1,804414,0
101,topic:CCAT#t0,The article is about corporate or industrial news.,exact-hit,0,0,0,0,0,1.0,1.0,1.0,381327,,,,,3.4666009014472365e-05,1.0,,semreuse,rcv1,804414,0
102,topic:MCAT#t0,The article is about financial markets.,exact-hit,0,0,0,0,0,1.0,1.0,1.0,204820,0.9186030345025542,False,1.0,False,3.666599513962865e-05,1.0,False,semreuse,rcv1,804414,0
103,topic:ECAT#t1,This news story concerns economics.,exact-hit,0,0,0,0,0,1.0,1.0,1.0,119920,0.9185577601275722,False,0.9991077384923283,False,3.108300734311342e-05,1.0,False,semreuse,rcv1,804414,0
104,topic:ECAT#t2,The report covers economics.,exact-hit,0,0,0,0,0,1.0,1.0,1.0,119920,,,,,2.866698196157813e-05,1.0,,semreuse,rcv1,804414,0
105,topic:CCAT#t1,This news story concerns corporate or industrial news.,exact-hit,0,0,0,0,0,1.0,1.0,1.0,381327,0.9191341408703454,False,0.9026111447655162,False,3.429199568927288e-05,1.0,False,semreuse,rcv1,804414,0
106,topic:CCAT#t2,The report covers corporate or industrial news.,exact-hit,0,0,0,0,0,1.0,1.0,1.0,381327,0.9191341408703454,False,0.9026111447655162,False,3.0792027246207e-05,1.0,False,semreuse,rcv1,804414,0
107,topic:CCAT#t1,This news story concerns corporate or industrial news.,exact-hit,0,0,0,0,0,1.0,1.0,1.0,381327,0.9191341408703454,False,0.9026111447655162,False,3.29169852193445e-05,1.0,False,semreuse,rcv1,804414,0
108,topic:C23#t2,The report covers research and development.,cold,804414,804414,0,0,0,1.0,1.0,1.0,2625,,,,,0.003746958012925461,1.0,,semreuse,rcv1,804414,0
109,topic:C24#t1,This news story concerns production capacity or facilities.,rewrite,386915,373984,675,12256,0,1.0,1.0,1.0,32153,0.9184472120658135,False,1.0,False,0.012921708024805412,1.0,False,semreuse,rcv1,804414,0
110,topic:C41#t0,The article is about company management.,rewrite,372041,369972,2069,0,0,1.0,1.0,1.0,11355,0.9186307016757774,False,0.902774108322325,False,0.031568707985570654,1.0,False,semreuse,rcv1,804414,0
111,topic:GCAT#t1,This news story concerns government or social affairs.,exact-hit,0,0,0,0,0,1.0,1.0,1.0,239267,0.918492244748672,False,0.9026150701935495,False,3.987498348578811e-05,1.0,False,semreuse,rcv1,804414,0
112,topic:GVOTE#t0,The article is about an election.,rewrite,20227,17396,2831,0,0,1.0,1.0,1.0,11532,0.9185916839254421,False,1.0,False,0.028052791982190683,1.0,False,semreuse,rcv1,804414,0
113,topic:GVOTE#t2,The report covers an election.,rewrite,4036,0,4036,0,0,1.0,1.0,1.0,11532,0.9167033547591794,False,0.9027922303156434,False,0.007939415983855724,1.0,False,semreuse,rcv1,804414,0
114,topic:GCAT#t1,This news story concerns government or social affairs.,exact-hit,0,0,0,0,0,1.0,1.0,1.0,239267,0.918492244748672,False,0.9026150701935495,False,3.5500008380040526e-05,1.0,False,semreuse,rcv1,804414,0
115,topic:GWELF#t0,The article is about welfare or social services.,rewrite,804414,0,4036,800378,0,1.0,1.0,1.0,1869,1.0,False,1.0,False,0.1319918749795761,1.0,False,semreuse,rcv1,804414,0
116,topic:GPRO#t1,This news story concerns a biography or a profile of a person.,rewrite,804414,8,0,804406,0,1.0,1.0,1.0,5498,1.0,False,1.0,False,0.01027650001924485,1.0,False,semreuse,rcv1,804414,0
117,topic:GCAT#t0,The article is about government or social affairs.,exact-hit,0,0,0,0,0,1.0,1.0,1.0,239267,0.918492244748672,False,0.9026150701935495,False,4.270800855010748e-05,1.0,False,semreuse,rcv1,804414,0
118,union:C13|GOBIT,The article is about the regulation of a company or an industry or about an obituary.,exact-hit,0,0,0,0,0,1.0,1.0,1.0,38250,,,,,7.19579984433949e-05,1.0,,semreuse,rcv1,804414,0
119,union:GWELF|C1511,The article is about welfare or social services or about a company's annual results.,rewrite,802581,565147,72,237362,0,1.0,1.0,1.0,25080,1.0,False,0.992822966507177,False,0.16030633298214525,1.0,False,semreuse,rcv1,804414,0
0,topic:MCAT#t1,This news story concerns financial markets.,cold,804414,804414,0,0,0,1.0,1.0,1.0,204820,,,,,0.0038838750042486936,1.0,,semreuse-gt,rcv1,804414,0
1,topic:M11#t0,The article is about equity markets.,rewrite,205330,204820,510,0,0,1.0,1.0,1.0,48696,0.9185324908044893,False,1.0,False,0.006965667009353638,1.0,False,semreuse-gt,rcv1,804414,0
2,topic:GCAT#t2,The report covers government or social affairs.,cold,804414,804414,0,0,0,1.0,1.0,1.0,239267,,,,,0.030584708001697436,1.0,,semreuse-gt,rcv1,804414,0
3,topic:GCAT#t1,This news story concerns government or social affairs.,rewrite,163,0,163,0,0,1.0,1.0,1.0,239267,0.918492244748672,False,0.9026150701935495,False,0.010028167016571388,1.0,False,semreuse-gt,rcv1,804414,0
4,topic:GCAT#t0,The article is about government or social affairs.,rewrite,163,0,163,0,0,1.0,1.0,1.0,239267,0.918492244748672,False,0.9026150701935495,False,0.03951416601194069,1.0,False,semreuse-gt,rcv1,804414,0
5,union:GSPO|E121,The article is about sport or about the money supply.,cold,804414,804414,0,0,0,1.0,1.0,1.0,37499,,,,,0.006597833998966962,1.0,,semreuse-gt,rcv1,804414,0
6,topic:GCAT#t2,The report covers government or social affairs.,exact-hit,0,0,0,0,0,1.0,1.0,1.0,239267,,,,,3.591700806282461e-05,1.0,,semreuse-gt,rcv1,804414,0
7,topic:CCAT#t0,The article is about corporate or industrial news.,cold,804414,804414,0,0,0,1.0,1.0,1.0,381327,,,,,0.062443874980090186,1.0,,semreuse-gt,rcv1,804414,0
8,topic:C22#t1,This news story concerns a new product or a new service.,rewrite,384195,381327,2868,0,0,1.0,1.0,1.0,6119,0.9187687687687688,False,1.0,False,0.02268854100839235,1.0,False,semreuse-gt,rcv1,804414,0
9,topic:CCAT#t1,This news story concerns corporate or industrial news.,rewrite,95,0,95,0,0,1.0,1.0,1.0,381327,0.9191341408703454,False,0.9026111447655162,False,0.014697000005980954,1.0,False,semreuse-gt,rcv1,804414,0
10,topic:CCAT#t2,The report covers corporate or industrial news.,rewrite,95,0,95,0,0,1.0,1.0,1.0,381327,0.9191341408703454,False,0.9026111447655162,False,0.015339165984187275,1.0,False,semreuse-gt,rcv1,804414,0
11,topic:ECAT#t2,The report covers economics.,cold,804414,804414,0,0,0,1.0,1.0,1.0,119920,,,,,0.009914541995385662,1.0,,semreuse-gt,rcv1,804414,0
12,topic:ECAT#t2,The report covers economics.,exact-hit,0,0,0,0,0,1.0,1.0,1.0,119920,,,,,3.154200385324657e-05,1.0,,semreuse-gt,rcv1,804414,0
13,topic:ECAT#t1,This news story concerns economics.,rewrite,346,0,346,0,0,1.0,1.0,1.0,119920,0.9184967076233793,False,0.902626751167445,False,0.080704790976597,1.0,False,semreuse-gt,rcv1,804414,0
14,topic:E21#t1,This news story concerns government finance.,rewrite,120577,119920,657,0,0,1.0,1.0,1.0,43130,0.9184412265758092,False,1.0,False,0.05801654202514328,1.0,False,semreuse-gt,rcv1,804414,0
15,topic:CCAT#t2,The report covers corporate or industrial news.,exact-hit,0,0,0,0,0,1.0,1.0,1.0,381327,0.9191341408703454,False,0.9026111447655162,False,4.97079745400697e-05,1.0,False,semreuse-gt,rcv1,804414,0
16,topic:CCAT#t0,The article is about corporate or industrial news.,exact-hit,0,0,0,0,0,1.0,1.0,1.0,381327,,,,,4.612500197254121e-05,1.0,,semreuse-gt,rcv1,804414,0
17,topic:C16#t2,The report covers corporate insolvency or a liquidity problem.,rewrite,804414,375208,4000,425206,0,1.0,1.0,1.0,1920,1.0,False,1.0,False,0.054323416989063844,1.0,False,semreuse-gt,rcv1,804414,0
18,topic:ECAT#t0,The article is about economics.,rewrite,395,0,395,0,0,1.0,1.0,1.0,119920,0.918600894420922,False,0.9009673115410274,False,0.02235279101296328,1.0,False,semreuse-gt,rcv1,804414,0
19,topic:E13#t1,This news story concerns inflation or prices.,rewrite,123875,119875,4000,0,0,1.0,1.0,1.0,6603,0.9043966579920559,False,1.0,False,0.03464991698274389,1.0,False,semreuse-gt,rcv1,804414,0
20,topic:E132#t2,The report covers wholesale prices.,rewrite,804414,6603,4000,793811,0,1.0,1.0,1.0,939,1.0,False,1.0,False,0.021915000019362196,1.0,False,semreuse-gt,rcv1,804414,0
21,topic:E131#t2,The report covers consumer prices.,rewrite,804414,6603,4000,793811,0,1.0,1.0,1.0,5659,1.0,False,1.0,False,0.06093420900288038,1.0,False,semreuse-gt,rcv1,804414,0
22,topic:E132#t0,The article is about wholesale prices.,rewrite,803511,0,4036,799475,0,1.0,1.0,1.0,939,1.0,False,0.9052183173588925,False,0.02189112501218915,1.0,False,semreuse-gt,rcv1,804414,0
23,topic:ECAT#t1,This news story concerns economics.,exact-hit,0,0,0,0,0,1.0,1.0,1.0,119920,0.9184967076233793,False,0.902626751167445,False,8.491601329296827e-05,1.0,False,semreuse-gt,rcv1,804414,0
24,topic:E131#t2,The report covers consumer prices.,exact-hit,0,0,0,0,0,1.0,1.0,1.0,5659,1.0,False,1.0,False,3.3499993151053786e-05,1.0,False,semreuse-gt,rcv1,804414,0
25,topic:CCAT#t0,The article is about corporate or industrial news.,exact-hit,0,0,0,0,0,1.0,1.0,1.0,381327,,,,,2.9166985768824816e-05,1.0,,semreuse-gt,rcv1,804414,0
26,topic:CCAT#t1,This news story concerns corporate or industrial news.,exact-hit,0,0,0,0,0,1.0,1.0,1.0,381327,0.9191341408703454,False,0.9026111447655162,False,2.720800694078207e-05,1.0,False,semreuse-gt,rcv1,804414,0
27,topic:ECAT#t1,This news story concerns economics.,exact-hit,0,0,0,0,0,1.0,1.0,1.0,119920,0.9184967076233793,False,0.902626751167445,False,2.6583002181723714e-05,1.0,False,semreuse-gt,rcv1,804414,0
28,topic:CCAT#t1,This news story concerns corporate or industrial news.,exact-hit,0,0,0,0,0,1.0,1.0,1.0,381327,0.9191341408703454,False,0.9026111447655162,False,2.6749999960884452e-05,1.0,False,semreuse-gt,rcv1,804414,0
29,topic:CCAT#t1,This news story concerns corporate or industrial news.,exact-hit,0,0,0,0,0,1.0,1.0,1.0,381327,0.9191341408703454,False,0.9026111447655162,False,2.591699012555182e-05,1.0,False,semreuse-gt,rcv1,804414,0
30,topic:MCAT#t0,The article is about financial markets.,rewrite,242,0,242,0,0,1.0,1.0,1.0,204820,0.9183894888767232,False,0.9009471731276243,False,0.023656334000406787,1.0,False,semreuse-gt,rcv1,804414,0
31,topic:M12#t1,This news story concerns bond markets.,rewrite,205774,204820,954,0,0,1.0,1.0,1.0,26036,0.918442218145901,False,1.0,False,0.020119207998504862,1.0,False,semreuse-gt,rcv1,804414,0
32,topic:MCAT#t2,The report covers financial markets.,rewrite,242,0,242,0,0,1.0,1.0,1.0,204820,0.9183894888767232,False,0.9009471731276243,False,0.0642865419795271,1.0,False,semreuse-gt,rcv1,804414,0
33,union:C13|GOBIT,The article is about the regulation of a company or an industry or about an obituary.,cold,804414,804414,0,0,0,1.0,1.0,1.0,38250,,,,,0.06233854099991731,1.0,,semreuse-gt,rcv1,804414,0
34,union:M132|E41,The article is about foreign exchange markets or about employment or the labour market.,cold,804414,804414,0,0,0,1.0,1.0,1.0,43742,,,,,0.018185249995440245,1.0,,semreuse-gt,rcv1,804414,0
35,topic:MCAT#t0,The article is about financial markets.,exact-hit,0,0,0,0,0,1.0,1.0,1.0,204820,0.9183894888767232,False,0.9009471731276243,False,3.441702574491501e-05,1.0,False,semreuse-gt,rcv1,804414,0
36,topic:CCAT#t2,The report covers corporate or industrial news.,exact-hit,0,0,0,0,0,1.0,1.0,1.0,381327,0.9191341408703454,False,0.9026111447655162,False,3.125000512227416e-05,1.0,False,semreuse-gt,rcv1,804414,0
37,topic:ECAT#t0,The article is about economics.,exact-hit,0,0,0,0,0,1.0,1.0,1.0,119920,0.918600894420922,False,0.9009673115410274,False,3.129098331555724e-05,1.0,False,semreuse-gt,rcv1,804414,0
38,topic:ECAT#t2,The report covers economics.,exact-hit,0,0,0,0,0,1.0,1.0,1.0,119920,,,,,3.1042000045999885e-05,1.0,,semreuse-gt,rcv1,804414,0
39,topic:CCAT#t1,This news story concerns corporate or industrial news.,exact-hit,0,0,0,0,0,1.0,1.0,1.0,381327,0.9191341408703454,False,0.9026111447655162,False,3.100000321865082e-05,1.0,False,semreuse-gt,rcv1,804414,0
40,topic:CCAT#t0,The article is about corporate or industrial news.,exact-hit,0,0,0,0,0,1.0,1.0,1.0,381327,,,,,2.833400503732264e-05,1.0,,semreuse-gt,rcv1,804414,0
41,topic:C41#t1,This news story concerns company management.,rewrite,383025,381310,1715,0,0,1.0,1.0,1.0,11355,0.918614998786506,False,1.0,False,0.023856958985561505,1.0,False,semreuse-gt,rcv1,804414,0
42,topic:ECAT#t2,The report covers economics.,exact-hit,0,0,0,0,0,1.0,1.0,1.0,119920,,,,,3.225001273676753e-05,1.0,,semreuse-gt,rcv1,804414,0
43,topic:ECAT#t0,The article is about economics.,exact-hit,0,0,0,0,0,1.0,1.0,1.0,119920,0.918600894420922,False,0.9009673115410274,False,2.7166999643668532e-05,1.0,False,semreuse-gt,rcv1,804414,0
44,topic:ECAT#t0,The article is about economics.,exact-hit,0,0,0,0,0,1.0,1.0,1.0,119920,0.918600894420922,False,0.9009673115410274,False,2.4999986635521054e-05,1.0,False,semreuse-gt,rcv1,804414,0
45,topic:E11#t2,The report covers economic performance.,rewrite,123234,119920,3314,0,0,1.0,1.0,1.0,8568,0.9186233515599871,False,1.0,False,0.07554812499438412,1.0,False,semreuse-gt,rcv1,804414,0
46,topic:E11#t1,This news story concerns economic performance.,rewrite,795882,0,4036,791846,0,1.0,1.0,1.0,8568,1.0,False,0.9028944911297853,False,0.04761320899706334,1.0,False,semreuse-gt,rcv1,804414,0
47,topic:E61#t2,The report covers housing starts.,rewrite,804376,76194,4000,724182,0,1.0,1.0,1.0,391,0.9114219114219114,False,1.0,False,0.08531083399429917,1.0,False,semreuse-gt,rcv1,804414,0
48,topic:E13#t0,The article is about inflation or prices.,rewrite,797895,0,4084,793811,0,1.0,1.0,1.0,6603,1.0,False,0.90171134332879,False,0.05955754200113006,1.0,False,semreuse-gt,rcv1,804414,0
49,topic:E132#t0,The article is about wholesale prices.,exact-hit,0,0,0,0,0,1.0,1.0,1.0,939,1.0,False,0.9052183173588925,False,3.90410132240504e-05,1.0,False,semreuse-gt,rcv1,804414,0
50,topic:E13#t2,The report covers inflation or prices.,rewrite,797895,0,4084,793811,0,1.0,1.0,1.0,6603,1.0,False,0.90171134332879,False,0.045633249974343926,1.0,False,semreuse-gt,rcv1,804414,0
51,topic:E61#t1,This news story concerns housing starts.,rewrite,804059,0,4036,800023,0,1.0,1.0,1.0,391,1.0,False,0.907928388746803,False,0.07846199997584336,1.0,False,semreuse-gt,rcv1,804414,0
52,union:GSPO|E121,The article is about sport or about the money supply.,exact-hit,0,0,0,0,0,1.0,1.0,1.0,37499,,,,,4.154202179051936e-05,1.0,,semreuse-gt,rcv1,804414,0
53,topic:E11#t1,This news story concerns economic performance.,exact-hit,0,0,0,0,0,1.0,1.0,1.0,8568,1.0,False,0.9028944911297853,False,4.0332990465685725e-05,1.0,False,semreuse-gt,rcv1,804414,0
54,topic:MCAT#t0,The article is about financial markets.,exact-hit,0,0,0,0,0,1.0,1.0,1.0,204820,0.9183894888767232,False,0.9009471731276243,False,3.0625000363215804e-05,1.0,False,semreuse-gt,rcv1,804414,0
55,union:GVOTE|C174,The article is about an election or about a credit rating.,rewrite,804043,804023,20,0,0,1.0,1.0,1.0,17396,0.9963344788087056,False,1.0,False,0.08790504198987037,1.0,False,semreuse-gt,rcv1,804414,0
56,topic:CCAT#t2,The report covers corporate or industrial news.,exact-hit,0,0,0,0,0,1.0,1.0,1.0,381327,0.9191341408703454,False,0.9026111447655162,False,3.408401971682906e-05,1.0,False,semreuse-gt,rcv1,804414,0
57,topic:ECAT#t0,The article is about economics.,exact-hit,0,0,0,0,0,1.0,1.0,1.0,119920,0.918600894420922,False,0.9009673115410274,False,3.637498593889177e-05,1.0,False,semreuse-gt,rcv1,804414,0
58,topic:E11#t0,The article is about economic performance.,rewrite,795882,0,4036,791846,0,1.0,1.0,1.0,8568,1.0,False,0.9028944911297853,False,0.03343804198084399,1.0,False,semreuse-gt,rcv1,804414,0
59,topic:E11#t1,This news story concerns economic performance.,exact-hit,0,0,0,0,0,1.0,1.0,1.0,8568,1.0,False,0.9028944911297853,False,4.1791005060076714e-05,1.0,False,semreuse-gt,rcv1,804414,0
60,union:GVOTE|C174,The article is about an election or about a credit rating.,exact-hit,0,0,0,0,0,1.0,1.0,1.0,17396,0.9963344788087056,False,1.0,False,2.7583999326452613e-05,1.0,False,semreuse-gt,rcv1,804414,0
61,topic:E21#t0,The article is about government finance.,rewrite,1087,0,1087,0,0,1.0,1.0,1.0,43130,0.9184458232088514,False,0.9026663575237653,False,0.10109670899691992,1.0,False,semreuse-gt,rcv1,804414,0
62,topic:ECAT#t2,The report covers economics.,exact-hit,0,0,0,0,0,1.0,1.0,1.0,119920,,,,,4.754198016598821e-05,1.0,,semreuse-gt,rcv1,804414,0
63,topic:E51#t1,This news story concerns trade or foreign reserves.,rewrite,121254,119920,1334,0,0,1.0,1.0,1.0,21280,0.9185082872928176,False,1.0,False,0.03529283398529515,1.0,False,semreuse-gt,rcv1,804414,0
64,topic:MCAT#t0,The article is about financial markets.,exact-hit,0,0,0,0,0,1.0,1.0,1.0,204820,0.9183894888767232,False,0.9009471731276243,False,3.191697760485113e-05,1.0,False,semreuse-gt,rcv1,804414,0
65,union:CCAT|E212,The article is about corporate or industrial news or about government borrowing.,rewrite,423204,423087,117,0,0,1.0,1.0,1.0,404136,1.0,False,0.9059821446245818,False,0.03436383299413137,1.0,False,semreuse-gt,rcv1,804414,0
66,topic:M12#t2,The report covers bond markets.,rewrite,1818,0,1818,0,0,1.0,1.0,1.0,26036,0.9185133075389846,False,0.9026732216930404,False,0.09822683400125243,1.0,False,semreuse-gt,rcv1,804414,0
67,topic:ECAT#t2,The report covers economics.,exact-hit,0,0,0,0,0,1.0,1.0,1.0,119920,,,,,5.5249984143301845e-05,1.0,,semreuse-gt,rcv1,804414,0
68,topic:GCAT#t2,The report covers government or social affairs.,exact-hit,0,0,0,0,0,1.0,1.0,1.0,239267,,,,,6.779198884032667e-05,1.0,,semreuse-gt,rcv1,804414,0
69,union:GODD|C23,The article is about a human interest story or about research and development.,rewrite,768933,768592,341,0,0,1.0,1.0,1.0,5420,0.9189555781620888,False,1.0,False,0.03288149999571033,1.0,False,semreuse-gt,rcv1,804414,0
70,topic:GCAT#t0,The article is about government or social affairs.,exact-hit,0,0,0,0,0,1.0,1.0,1.0,239267,0.918492244748672,False,0.9026150701935495,False,4.237500252202153e-05,1.0,False,semreuse-gt,rcv1,804414,0
71,topic:GSCI#t1,This news story concerns science or technology.,rewrite,804410,237463,4000,562947,0,1.0,1.0,1.0,2410,0.9983429991714996,False,1.0,False,0.06541133401333354,1.0,False,semreuse-gt,rcv1,804414,0
72,topic:GCAT#t1,This news story concerns government or social affairs.,exact-hit,0,0,0,0,0,1.0,1.0,1.0,239267,0.918492244748672,False,0.9026150701935495,False,4.0624989196658134e-05,1.0,False,semreuse-gt,rcv1,804414,0
73,topic:GTOUR#t1,This news story concerns travel or tourism.,rewrite,804410,237999,4000,562411,0,1.0,1.0,1.0,680,0.9941520467836257,False,1.0,False,0.10724208402098157,1.0,False,semreuse-gt,rcv1,804414,0
74,topic:GTOUR#t0,The article is about travel or tourism.,rewrite,803770,0,4036,799734,0,1.0,1.0,1.0,680,1.0,False,0.9058823529411765,False,0.19230820800294168,1.0,False,semreuse-gt,rcv1,804414,0
75,topic:GTOUR#t2,The report covers travel or tourism.,rewrite,803770,0,4036,799734,0,1.0,1.0,1.0,680,1.0,False,0.9058823529411765,False,0.04580954200355336,1.0,False,semreuse-gt,rcv1,804414,0
76,topic:GTOUR#t0,The article is about travel or tourism.,exact-hit,0,0,0,0,0,1.0,1.0,1.0,680,1.0,False,0.9058823529411765,False,0.00011825002729892731,1.0,False,semreuse-gt,rcv1,804414,0
77,topic:GTOUR#t2,The report covers travel or tourism.,exact-hit,0,0,0,0,0,1.0,1.0,1.0,680,1.0,False,0.9058823529411765,False,3.362499410286546e-05,1.0,False,semreuse-gt,rcv1,804414,0
78,topic:GCAT#t0,The article is about government or social affairs.,exact-hit,0,0,0,0,0,1.0,1.0,1.0,239267,0.918492244748672,False,0.9026150701935495,False,3.2208015909418464e-05,1.0,False,semreuse-gt,rcv1,804414,0
79,topic:GCAT#t0,The article is about government or social affairs.,exact-hit,0,0,0,0,0,1.0,1.0,1.0,239267,0.918492244748672,False,0.9026150701935495,False,2.9417016776278615e-05,1.0,False,semreuse-gt,rcv1,804414,0
80,topic:GWEA#t0,The article is about the weather.,rewrite,803106,235959,4000,563147,0,1.0,1.0,1.0,3878,0.9012316988147804,False,1.0,False,0.10965704201953486,1.0,False,semreuse-gt,rcv1,804414,0
81,topic:GJOB#t2,The report covers labour issues.,rewrite,240626,239267,1359,0,0,1.0,1.0,1.0,17241,0.9184912897554739,False,1.0,False,0.04007700001238845,1.0,False,semreuse-gt,rcv1,804414,0
82,union:C152|GWEA,The article is about commentary or forecasts about a company's results or about the weather.,rewrite,799653,799597,56,0,0,1.0,1.0,1.0,76964,0.9976293131521017,False,0.9951275921209917,False,0.04949087498243898,1.0,False,semreuse-gt,rcv1,804414,0
83,union:GCRIM|E31,The article is about crime or law enforcement or about economic output or capacity.,cold,804414,804414,0,0,0,1.0,1.0,1.0,34633,,,,,0.21083554200595245,1.0,,semreuse-gt,rcv1,804414,0
84,topic:GENT#t2,"The report covers arts, culture or entertainment.",rewrite,803579,238419,4000,561160,0,1.0,1.0,1.0,3801,0.9380552813425469,False,1.0,False,0.1180536669853609,1.0,False,semreuse-gt,rcv1,804414,0
85,topic:GDIS#t0,The article is about a disaster or an accident.,rewrite,242476,239259,3217,0,0,1.0,1.0,1.0,8657,0.9186120543293718,False,1.0,False,0.04319920900161378,1.0,False,semreuse-gt,rcv1,804414,0
86,topic:GENT#t0,"The article is about arts, culture or entertainment.",rewrite,800649,0,4036,796613,0,1.0,1.0,1.0,3801,1.0,False,0.9031833727966324,False,0.09286837500985712,1.0,False,semreuse-gt,rcv1,804414,0
87,topic:GJOB#t0,The article is about labour issues.,rewrite,2758,0,2758,0,0,1.0,1.0,1.0,17241,0.9185552407932012,False,0.9027318601009222,False,0.07786391698755324,1.0,False,semreuse-gt,rcv1,804414,0
88,topic:GSPO#t2,The report covers sport.,rewrite,36493,35367,1126,0,0,1.0,1.0,1.0,35317,0.9184458949886875,False,1.0,False,0.07518862499273382,1.0,False,semreuse-gt,rcv1,804414,0
89,union:CCAT|E212,The article is about corporate or industrial news or about government borrowing.,exact-hit,0,0,0,0,0,1.0,1.0,1.0,404136,1.0,False,0.9059821446245818,False,3.8416997995227575e-05,1.0,False,semreuse-gt,rcv1,804414,0
90,topic:CCAT#t0,The article is about corporate or industrial news.,exact-hit,0,0,0,0,0,1.0,1.0,1.0,381327,,,,,8.083399734459817e-05,1.0,,semreuse-gt,rcv1,804414,0
91,topic:CCAT#t2,The report covers corporate or industrial news.,exact-hit,0,0,0,0,0,1.0,1.0,1.0,381327,0.9191341408703454,False,0.9026111447655162,False,3.8416997995227575e-05,1.0,False,semreuse-gt,rcv1,804414,0
92,topic:CCAT#t1,This news story concerns corporate or industrial news.,exact-hit,0,0,0,0,0,1.0,1.0,1.0,381327,0.9191341408703454,False,0.9026111447655162,False,0.00014387498958967626,1.0,False,semreuse-gt,rcv1,804414,0
93,topic:CCAT#t2,The report covers corporate or industrial news.,exact-hit,0,0,0,0,0,1.0,1.0,1.0,381327,0.9191341408703454,False,0.9026111447655162,False,4.108398570679128e-05,1.0,False,semreuse-gt,rcv1,804414,0
94,topic:C31#t2,The report covers markets or marketing.,rewrite,381759,381327,432,0,0,1.0,1.0,1.0,40509,0.9184881189914746,False,1.0,False,0.08437854101066478,1.0,False,semreuse-gt,rcv1,804414,0
95,topic:C18#t0,The article is about a change in the ownership of a company.,rewrite,379986,379591,395,0,0,1.0,1.0,1.0,52817,0.9185405471209196,False,1.0,False,0.0896158330142498,1.0,False,semreuse-gt,rcv1,804414,0
96,topic:C18#t0,The article is about a change in the ownership of a company.,exact-hit,0,0,0,0,0,1.0,1.0,1.0,52817,0.9185405471209196,False,1.0,False,3.541700425557792e-05,1.0,False,semreuse-gt,rcv1,804414,0
97,topic:C182#t2,The report covers a transfer of assets.,rewrite,804396,52799,4000,747597,0,1.0,1.0,1.0,4671,0.9961612284069098,False,1.0,False,0.047113083011936396,1.0,False,semreuse-gt,rcv1,804414,0
98,topic:C182#t1,This news story concerns a transfer of assets.,rewrite,799779,0,4036,795743,0,1.0,1.0,1.0,4671,1.0,False,0.9030186255619782,False,0.05183687497628853,1.0,False,semreuse-gt,rcv1,804414,0
99,topic:C181#t0,The article is about a merger or an acquisition.,rewrite,53666,52813,853,0,0,1.0,1.0,1.0,43374,0.9184931071723524,False,1.0,False,0.043981333990814164,1.0,False,semreuse-gt,rcv1,804414,0
100,union:C181|GTOUR,The article is about a merger or an acquisition or about travel or tourism.,rewrite,759526,759422,104,0,0,1.0,1.0,1.0,44053,0.9954357366771159,False,0.9010283068122489,False,0.04512983400491066,1.0,False,semreuse-gt,rcv1,804414,0
101,topic:CCAT#t0,The article is about corporate or industrial news.,exact-hit,0,0,0,0,0,1.0,1.0,1.0,381327,,,,,3.733299672603607e-05,1.0,,semreuse-gt,rcv1,804414,0
102,topic:MCAT#t0,The article is about financial markets.,exact-hit,0,0,0,0,0,1.0,1.0,1.0,204820,0.9183894888767232,False,0.9009471731276243,False,2.8041016776114702e-05,1.0,False,semreuse-gt,rcv1,804414,0
103,topic:ECAT#t1,This news story concerns economics.,exact-hit,0,0,0,0,0,1.0,1.0,1.0,119920,0.9184967076233793,False,0.902626751167445,False,3.0625000363215804e-05,1.0,False,semreuse-gt,rcv1,804414,0
104,topic:ECAT#t2,The report covers economics.,exact-hit,0,0,0,0,0,1.0,1.0,1.0,119920,,,,,2.4541979655623436e-05,1.0,,semreuse-gt,rcv1,804414,0
105,topic:CCAT#t1,This news story concerns corporate or industrial news.,exact-hit,0,0,0,0,0,1.0,1.0,1.0,381327,0.9191341408703454,False,0.9026111447655162,False,2.4999986635521054e-05,1.0,False,semreuse-gt,rcv1,804414,0
106,topic:CCAT#t2,The report covers corporate or industrial news.,exact-hit,0,0,0,0,0,1.0,1.0,1.0,381327,0.9191341408703454,False,0.9026111447655162,False,2.5832996470853686e-05,1.0,False,semreuse-gt,rcv1,804414,0
107,topic:CCAT#t1,This news story concerns corporate or industrial news.,exact-hit,0,0,0,0,0,1.0,1.0,1.0,381327,0.9191341408703454,False,0.9026111447655162,False,2.5625020498409867e-05,1.0,False,semreuse-gt,rcv1,804414,0
108,topic:C23#t2,The report covers research and development.,rewrite,804411,2856,4000,797555,0,1.0,1.0,1.0,2625,0.9988584474885844,False,1.0,False,0.05118712500552647,1.0,False,semreuse-gt,rcv1,804414,0
109,topic:C24#t1,This news story concerns production capacity or facilities.,rewrite,381915,381310,605,0,0,1.0,1.0,1.0,32153,0.9185521654668037,False,1.0,False,0.04413612498319708,1.0,False,semreuse-gt,rcv1,804414,0
110,topic:C41#t0,The article is about company management.,rewrite,3848,0,3848,0,0,1.0,1.0,1.0,11355,0.9186307016757774,False,0.902774108322325,False,0.04582683398621157,1.0,False,semreuse-gt,rcv1,804414,0
111,topic:GCAT#t1,This news story concerns government or social affairs.,exact-hit,0,0,0,0,0,1.0,1.0,1.0,239267,0.918492244748672,False,0.9026150701935495,False,3.170801210217178e-05,1.0,False,semreuse-gt,rcv1,804414,0
112,topic:GVOTE#t0,The article is about an election.,rewrite,14766,11601,3165,0,0,1.0,1.0,1.0,11532,0.9185916839254421,False,1.0,False,0.046234415989601985,1.0,False,semreuse-gt,rcv1,804414,0
113,topic:GVOTE#t2,The report covers an election.,rewrite,4036,0,4036,0,0,1.0,1.0,1.0,11532,0.9122053798300184,False,0.9027922303156434,False,0.04827216698322445,1.0,False,semreuse-gt,rcv1,804414,0
114,topic:GCAT#t1,This news story concerns government or social affairs.,exact-hit,0,0,0,0,0,1.0,1.0,1.0,239267,0.918492244748672,False,0.9026150701935495,False,4.48749924544245e-05,1.0,False,semreuse-gt,rcv1,804414,0
115,topic:GWELF#t0,The article is about welfare or social services.,rewrite,804406,203524,4000,596882,0,1.0,1.0,1.0,1869,0.9957378795950985,False,1.0,False,0.05165308297728188,1.0,False,semreuse-gt,rcv1,804414,0
116,topic:GPRO#t1,This news story concerns a biography or a profile of a person.,rewrite,803916,234889,4000,565027,0,1.0,1.0,1.0,5498,0.9238783397748278,False,1.0,False,0.05280812500859611,1.0,False,semreuse-gt,rcv1,804414,0
117,topic:GCAT#t0,The article is about government or social affairs.,exact-hit,0,0,0,0,0,1.0,1.0,1.0,239267,0.918492244748672,False,0.9026150701935495,False,6.158399628475308e-05,1.0,False,semreuse-gt,rcv1,804414,0
118,union:C13|GOBIT,The article is about the regulation of a company or an industry or about an obituary.,exact-hit,0,0,0,0,0,1.0,1.0,1.0,38250,,,,,4.6375003876164556e-05,1.0,,semreuse-gt,rcv1,804414,0
119,union:GWELF|C1511,The article is about welfare or social services or about a company's annual results.,rewrite,801272,801216,56,0,0,1.0,1.0,1.0,25080,0.988880063542494,False,0.992822966507177,False,0.04573625000193715,1.0,False,semreuse-gt,rcv1,804414,0
