query_index,predicate_name,predicate_text,reuse_kind,oracle_calls,candidate_calls,audit_calls,escalation_calls,nli_pair_scores,precision,recall,f1,n_true_pos_rows,recall_bound,bound_violated,precision_bound,precision_bound_violated,latency_s,recall_oracle,bound_violated_oracle,setting,label,reasoner,design,n_rows
0,log:A1,The post asks for technical help with computer hardware.,cold,2000,2000,0,0,0,1.0,1.0,1.0,271,,,,,0.00015691699809394777,1.0,,real,real-llama3.1-N2000,nli,shipped,2000
1,log:A2,The post asks for technical help with a personal computer's hardware.,rewrite,2000,1729,29,242,2,1.0,1.0,1.0,235,1.0,False,1.0,False,0.6445682499979739,1.0,False,real,real-llama3.1-N2000,nli,shipped,2000
2,log:A3,The post is a request for technical assistance concerning computer hardware.,rewrite,1802,46,410,1346,4,0.9900332225913622,0.9770491803278688,0.9834983498349835,305,0.9689655172413794,False,0.9335548172757475,False,0.7362480000010692,0.9770491803278688,False,real,real-llama3.1-N2000,nli,shipped,2000
3,log:A4,The post asks for help with Macintosh hardware.,rewrite,2000,1690,36,274,6,1.0,1.0,1.0,59,1.0,False,1.0,False,0.6199418340038392,1.0,False,real,real-llama3.1-N2000,nli,shipped,2000
4,log:A5,The post describes a hardware problem the author is experiencing.,cold,2000,2000,0,0,8,1.0,1.0,1.0,172,,,,,0.5218199579976499,1.0,,real,real-llama3.1-N2000,nli,shipped,2000
5,log:B1,The post offers an item for sale.,cold,2000,2000,0,0,10,1.0,1.0,1.0,96,,,,,0.7841864579968387,1.0,,real,real-llama3.1-N2000,nli,shipped,2000
6,log:B2,The post offers a computer or a computer part for sale.,rewrite,2000,1904,29,67,12,1.0,1.0,1.0,48,1.0,False,1.0,False,0.9161692919951747,1.0,False,real,real-llama3.1-N2000,nli,shipped,2000
7,log:B3,The post mentions a specific price in dollars.,cold,2000,2000,0,0,14,1.0,1.0,1.0,139,,,,,0.6662312500047847,1.0,,real,real-llama3.1-N2000,nli,shipped,2000
8,log:B4,The post is an advertisement.,rewrite,2000,2,0,1998,16,1.0,1.0,1.0,112,1.0,False,1.0,False,0.7678448340011528,1.0,False,real,real-llama3.1-N2000,nli,shipped,2000
9,log:B5,The post is looking to buy something rather than to sell something.,rewrite,2000,32,0,1968,18,1.0,1.0,1.0,357,1.0,False,1.0,False,1.2966321670028265,1.0,False,real,real-llama3.1-N2000,nli,shipped,2000
10,log:C1,The post discusses a professional sports team.,cold,2000,2000,0,0,20,1.0,1.0,1.0,166,,,,,0.8955101250030566,1.0,,real,real-llama3.1-N2000,nli,shipped,2000
11,log:C2,The post discusses a professional baseball team.,rewrite,1080,262,818,0,22,1.0,0.9777777777777777,0.9887640449438202,90,0.946236559139785,False,1.0,False,1.2141289169958327,0.9777777777777777,False,real,real-llama3.1-N2000,nli,shipped,2000
12,log:C3,The post mentions a player's statistics.,rewrite,2000,96,0,1904,24,1.0,1.0,1.0,55,1.0,False,1.0,False,0.7938207920014975,1.0,False,real,real-llama3.1-N2000,nli,shipped,2000
13,log:C4,The post is about a sporting event that has already taken place.,cold,2000,2000,0,0,26,1.0,1.0,1.0,132,,,,,0.502951957998448,1.0,,real,real-llama3.1-N2000,nli,shipped,2000
14,log:C5,The post is about sports.,rewrite,1991,63,1514,414,28,1.0,0.9533678756476683,0.9761273209549072,193,0.9533678756476683,False,1.0,False,0.9787559579999652,0.9533678756476683,False,real,real-llama3.1-N2000,nli,shipped,2000
15,log:D1,The post argues about politics.,cold,2000,2000,0,0,30,1.0,1.0,1.0,297,,,,,0.5737368749978486,1.0,,real,real-llama3.1-N2000,nli,shipped,2000
16,log:D2,The post argues about gun control policy.,cold,2000,2000,0,0,32,1.0,1.0,1.0,48,,,,,0.5778527499933261,1.0,,real,real-llama3.1-N2000,nli,shipped,2000
17,log:D3,The post expresses a religious belief.,rewrite,2000,1888,29,83,34,1.0,1.0,1.0,145,1.0,False,1.0,False,0.7984818749973783,1.0,False,real,real-llama3.1-N2000,nli,shipped,2000
18,log:D4,The post argues about religion.,cold,2000,2000,0,0,36,1.0,1.0,1.0,218,,,,,0.667679208003392,1.0,,real,real-llama3.1-N2000,nli,shipped,2000
19,log:D5,The post discusses the Middle East.,rewrite,1648,484,1164,0,38,1.0,0.9516129032258065,0.9752066115702479,62,0.921875,False,1.0,False,0.6126980830013053,0.9516129032258065,False,real,real-llama3.1-N2000,nli,shipped,2000
20,log:D6,The post criticizes a government or a government policy.,cold,2000,2000,0,0,40,1.0,1.0,1.0,207,,,,,0.6461263329983922,1.0,,real,real-llama3.1-N2000,nli,shipped,2000
21,log:E1,The author of the post is frustrated or angry.,cold,2000,2000,0,0,42,1.0,1.0,1.0,1112,,,,,1.0513543329943786,1.0,,real,real-llama3.1-N2000,nli,shipped,2000
22,log:E2,The post contains a question.,rewrite,2000,0,0,2000,44,1.0,1.0,1.0,740,1.0,False,1.0,False,0.807316999998875,1.0,False,real,real-llama3.1-N2000,nli,shipped,2000
23,log:E3,The post quotes another message.,rewrite,2000,0,0,2000,46,1.0,1.0,1.0,1528,1.0,False,1.0,False,0.568592167001043,1.0,False,real,real-llama3.1-N2000,nli,shipped,2000
24,log:E4,The post uses technical jargon.,cold,2000,2000,0,0,48,1.0,1.0,1.0,813,,,,,0.8304990420001559,1.0,,real,real-llama3.1-N2000,nli,shipped,2000
25,log:E5,The post makes a factual claim that could be checked.,rewrite,2000,0,0,2000,50,1.0,1.0,1.0,1145,1.0,False,1.0,False,0.881342291002511,1.0,False,real,real-llama3.1-N2000,nli,shipped,2000
26,log:F1,The post discusses medicine or health.,rewrite,2000,548,72,1380,52,1.0,1.0,1.0,100,1.0,False,1.0,False,0.7626588749990333,1.0,False,real,real-llama3.1-N2000,nli,shipped,2000
27,log:F2,The post discusses a specific disease or medical condition.,rewrite,2000,548,72,1380,54,1.0,1.0,1.0,49,1.0,False,1.0,False,0.7618854579995968,1.0,False,real,real-llama3.1-N2000,nli,shipped,2000
28,log:F3,The post discusses space or astronomy.,rewrite,2000,1260,29,711,56,1.0,1.0,1.0,73,1.0,False,1.0,False,1.018785874999594,1.0,False,real,real-llama3.1-N2000,nli,shipped,2000
29,log:F4,The post discusses cryptography or encryption.,rewrite,2000,1260,29,711,58,1.0,1.0,1.0,62,1.0,False,1.0,False,0.9012125000008382,1.0,False,real,real-llama3.1-N2000,nli,shipped,2000
30,log:F5,The post discusses computer security.,rewrite,2000,548,72,1380,60,1.0,1.0,1.0,98,1.0,False,1.0,False,0.7927521250021528,1.0,False,real,real-llama3.1-N2000,nli,shipped,2000
31,log:F6,The post discusses science.,rewrite,1985,1451,122,412,62,1.0,0.9770992366412213,0.9884169884169884,262,0.9446494464944649,False,1.0,False,0.9539622080046684,0.9770992366412213,False,real,real-llama3.1-N2000,nli,shipped,2000
32,log:G1,The post mentions an operating system.,rewrite,2000,1560,157,283,64,1.0,1.0,1.0,196,1.0,False,1.0,False,1.4152727909968235,1.0,False,real,real-llama3.1-N2000,nli,shipped,2000
33,log:G2,The post mentions Microsoft Windows.,rewrite,1873,1429,305,139,66,1.0,0.9863013698630136,0.993103448275862,73,0.96,False,1.0,False,1.2986659159942064,0.9863013698630136,False,real,real-llama3.1-N2000,nli,shipped,2000
34,log:G3,The post mentions the X Window System.,rewrite,1894,1560,325,9,68,1.0,0.9473684210526315,0.972972972972973,76,0.9113924050632911,False,1.0,False,1.2806387500022538,0.9473684210526315,False,real,real-llama3.1-N2000,nli,shipped,2000
35,log:G4,The post discusses software rather than hardware.,rewrite,2000,2,0,1998,70,1.0,1.0,1.0,375,1.0,False,1.0,False,1.4794458749965997,1.0,False,real,real-llama3.1-N2000,nli,shipped,2000
36,log:G5,The post recommends a product or a service.,rewrite,2000,0,0,2000,72,1.0,1.0,1.0,83,1.0,False,1.0,False,1.1359505410000565,1.0,False,real,real-llama3.1-N2000,nli,shipped,2000
37,log:H1,The post asks for technical help with computer hardware.,exact-hit,0,0,0,0,0,1.0,1.0,1.0,271,,,,,6.54099858365953e-06,1.0,,real,real-llama3.1-N2000,nli,shipped,2000
38,log:H2,The post is selling something.,rewrite,1648,1128,480,40,74,1.0,1.0,1.0,93,0.9489795918367347,False,1.0,False,1.1945256250037346,1.0,False,real,real-llama3.1-N2000,nli,shipped,2000
39,log:H3,The post is about a motor vehicle.,rewrite,2000,1159,72,769,76,1.0,1.0,1.0,155,1.0,False,1.0,False,1.1506237909998163,1.0,False,real,real-llama3.1-N2000,nli,shipped,2000
40,log:H4,The post is about a car or a motorcycle.,rewrite,1340,873,377,90,78,1.0,0.9855072463768116,0.9927007299270074,138,0.912751677852349,False,1.0,False,1.0711123750006664,0.9855072463768116,False,real,real-llama3.1-N2000,nli,shipped,2000
41,log:H5,The post gives advice about maintaining a vehicle.,rewrite,2000,1206,0,794,80,1.0,1.0,1.0,37,1.0,False,1.0,False,0.9903468749980675,1.0,False,real,real-llama3.1-N2000,nli,shipped,2000
42,log:H6,The tone of the post is angry or annoyed.,rewrite,2000,52,0,1948,82,1.0,1.0,1.0,769,1.0,False,1.0,False,1.5471698330002255,1.0,False,real,real-llama3.1-N2000,nli,shipped,2000
43,log:H7,The post is about a computer operating system.,rewrite,1998,948,282,768,84,1.0,1.0,1.0,176,0.9887640449438202,False,1.0,False,1.138617874996271,1.0,False,real,real-llama3.1-N2000,nli,shipped,2000
44,log:H8,The post is a for-sale advertisement.,rewrite,1297,80,1173,44,86,1.0,1.0,1.0,87,0.9354838709677419,False,1.0,False,1.2060447499970905,1.0,False,real,real-llama3.1-N2000,nli,shipped,2000
45,log:H9,The post discusses encryption algorithms or key management.,rewrite,2000,1195,78,727,88,1.0,1.0,1.0,46,1.0,False,1.0,False,1.385080582993396,1.0,False,real,real-llama3.1-N2000,nli,shipped,2000
46,log:H10,The post asks a question about computer hardware.,rewrite,1982,740,325,917,90,1.0,0.9517045454545454,0.975254730713246,352,0.9490084985835694,False,1.0,False,0.6002913749980507,0.9517045454545454,False,real,real-llama3.1-N2000,nli,shipped,2000
0,log:A1,The post asks for technical help with computer hardware.,cold,2000,2000,0,0,0,1.0,1.0,1.0,271,,,,,0.00015333299961639568,1.0,,real,real-llama3.1-N2000,nli,separate,2000
1,log:A2,The post asks for technical help with a personal computer's hardware.,rewrite,2000,1729,29,242,0,1.0,1.0,1.0,235,1.0,False,1.0,False,0.0007354579938692041,1.0,False,real,real-llama3.1-N2000,nli,separate,2000
2,log:A3,The post is a request for technical assistance concerning computer hardware.,rewrite,1811,46,376,1389,0,0.9902597402597403,1.0,0.9951060358890702,305,1.0,False,0.935064935064935,False,0.0018415419981465675,1.0,False,real,real-llama3.1-N2000,nli,separate,2000
3,log:A4,The post asks for help with Macintosh hardware.,rewrite,2000,1690,36,274,0,1.0,1.0,1.0,59,1.0,False,1.0,False,0.00033758400240913033,1.0,False,real,real-llama3.1-N2000,nli,separate,2000
4,log:A5,The post describes a hardware problem the author is experiencing.,cold,2000,2000,0,0,0,1.0,1.0,1.0,172,,,,,0.00013141700037522241,1.0,,real,real-llama3.1-N2000,nli,separate,2000
5,log:B1,The post offers an item for sale.,cold,2000,2000,0,0,0,1.0,1.0,1.0,96,,,,,0.00011795799946412444,1.0,,real,real-llama3.1-N2000,nli,separate,2000
6,log:B2,The post offers a computer or a computer part for sale.,rewrite,2000,1904,29,67,0,1.0,1.0,1.0,48,1.0,False,1.0,False,0.00019308300397824496,1.0,False,real,real-llama3.1-N2000,nli,separate,2000
7,log:B3,The post mentions a specific price in dollars.,cold,2000,2000,0,0,0,1.0,1.0,1.0,139,,,,,0.00012458299897843972,1.0,,real,real-llama3.1-N2000,nli,separate,2000
8,log:B4,The post is an advertisement.,rewrite,2000,2,0,1998,0,1.0,1.0,1.0,112,1.0,False,1.0,False,0.000222708004002925,1.0,False,real,real-llama3.1-N2000,nli,separate,2000
9,log:B5,The post is looking to buy something rather than to sell something.,rewrite,2000,32,0,1968,0,1.0,1.0,1.0,357,1.0,False,1.0,False,0.00025320799613837153,1.0,False,real,real-llama3.1-N2000,nli,separate,2000
10,log:C1,The post discusses a professional sports team.,cold,2000,2000,0,0,0,1.0,1.0,1.0,166,,,,,0.00013750000653089955,1.0,,real,real-llama3.1-N2000,nli,separate,2000
11,log:C2,The post discusses a professional baseball team.,rewrite,2000,262,665,1073,0,1.0,1.0,1.0,90,1.0,False,1.0,False,0.000654083996778354,1.0,False,real,real-llama3.1-N2000,nli,separate,2000
12,log:C3,The post mentions a player's statistics.,rewrite,2000,96,0,1904,0,1.0,1.0,1.0,55,1.0,False,1.0,False,0.00021816699882037938,1.0,False,real,real-llama3.1-N2000,nli,separate,2000
13,log:C4,The post is about a sporting event that has already taken place.,cold,2000,2000,0,0,0,1.0,1.0,1.0,132,,,,,0.00014033299521543086,1.0,,real,real-llama3.1-N2000,nli,separate,2000
14,log:C5,The post is about sports.,rewrite,1505,63,1339,103,0,1.0,0.9481865284974094,0.973404255319149,193,0.9289340101522843,False,1.0,False,0.0006029159994795918,0.9481865284974094,False,real,real-llama3.1-N2000,nli,separate,2000
15,log:D1,The post argues about politics.,cold,2000,2000,0,0,0,1.0,1.0,1.0,297,,,,,0.00017808400298235938,1.0,,real,real-llama3.1-N2000,nli,separate,2000
16,log:D2,The post argues about gun control policy.,cold,2000,2000,0,0,0,1.0,1.0,1.0,48,,,,,0.00014775000454392284,1.0,,real,real-llama3.1-N2000,nli,separate,2000
17,log:D3,The post expresses a religious belief.,rewrite,2000,1888,29,83,0,1.0,1.0,1.0,145,1.0,False,1.0,False,0.0002390829977230169,1.0,False,real,real-llama3.1-N2000,nli,separate,2000
18,log:D4,The post argues about religion.,cold,2000,2000,0,0,0,1.0,1.0,1.0,218,,,,,0.00015533299301750958,1.0,,real,real-llama3.1-N2000,nli,separate,2000
19,log:D5,The post discusses the Middle East.,rewrite,2000,484,945,571,0,1.0,1.0,1.0,62,1.0,False,1.0,False,0.0006398749974323437,1.0,False,real,real-llama3.1-N2000,nli,separate,2000
20,log:D6,The post criticizes a government or a government policy.,cold,2000,2000,0,0,0,1.0,1.0,1.0,207,,,,,0.00018441700376570225,1.0,,real,real-llama3.1-N2000,nli,separate,2000
21,log:E1,The author of the post is frustrated or angry.,cold,2000,2000,0,0,0,1.0,1.0,1.0,1112,,,,,0.00016366699856007472,1.0,,real,real-llama3.1-N2000,nli,separate,2000
22,log:E2,The post contains a question.,rewrite,2000,0,0,2000,0,1.0,1.0,1.0,740,1.0,False,1.0,False,0.0012196250027045608,1.0,False,real,real-llama3.1-N2000,nli,separate,2000
23,log:E3,The post quotes another message.,rewrite,2000,0,0,2000,0,1.0,1.0,1.0,1528,1.0,False,1.0,False,0.0009852910006884485,1.0,False,real,real-llama3.1-N2000,nli,separate,2000
24,log:E4,The post uses technical jargon.,cold,2000,2000,0,0,0,1.0,1.0,1.0,813,,,,,0.003980708999733906,1.0,,real,real-llama3.1-N2000,nli,separate,2000
25,log:E5,The post makes a factual claim that could be checked.,rewrite,2000,0,0,2000,0,1.0,1.0,1.0,1145,1.0,False,1.0,False,0.0004019999978481792,1.0,False,real,real-llama3.1-N2000,nli,separate,2000
26,log:F1,The post discusses medicine or health.,rewrite,2000,548,72,1380,0,1.0,1.0,1.0,100,1.0,False,1.0,False,0.00042195899732178077,1.0,False,real,real-llama3.1-N2000,nli,separate,2000
27,log:F2,The post discusses a specific disease or medical condition.,rewrite,2000,548,72,1380,0,1.0,1.0,1.0,49,1.0,False,1.0,False,0.0003753339988179505,1.0,False,real,real-llama3.1-N2000,nli,separate,2000
28,log:F3,The post discusses space or astronomy.,rewrite,2000,1260,29,711,0,1.0,1.0,1.0,73,1.0,False,1.0,False,0.00029854099557269365,1.0,False,real,real-llama3.1-N2000,nli,separate,2000
29,log:F4,The post discusses cryptography or encryption.,rewrite,2000,1260,29,711,0,1.0,1.0,1.0,62,1.0,False,1.0,False,0.0002904170032707043,1.0,False,real,real-llama3.1-N2000,nli,separate,2000
30,log:F5,The post discusses computer security.,rewrite,2000,548,72,1380,0,1.0,1.0,1.0,98,1.0,False,1.0,False,0.0003627920013968833,1.0,False,real,real-llama3.1-N2000,nli,separate,2000
31,log:F6,The post discusses science.,rewrite,2000,1451,108,441,0,1.0,1.0,1.0,262,1.0,False,1.0,False,0.0007091250008670613,1.0,False,real,real-llama3.1-N2000,nli,separate,2000
32,log:G1,The post mentions an operating system.,rewrite,2000,1560,138,302,0,1.0,1.0,1.0,196,1.0,False,1.0,False,0.0006409999987226911,1.0,False,real,real-llama3.1-N2000,nli,separate,2000
33,log:G2,The post mentions Microsoft Windows.,rewrite,1831,1429,263,139,0,1.0,0.9863013698630136,0.993103448275862,73,0.9473684210526315,False,1.0,False,0.0006032499950379133,0.9863013698630136,False,real,real-llama3.1-N2000,nli,separate,2000
34,log:G3,The post mentions the X Window System.,rewrite,2000,1560,279,161,0,1.0,1.0,1.0,76,1.0,False,1.0,False,0.0005898339950363152,1.0,False,real,real-llama3.1-N2000,nli,separate,2000
35,log:G4,The post discusses software rather than hardware.,rewrite,2000,2,0,1998,0,1.0,1.0,1.0,375,1.0,False,1.0,False,0.0012385829977574758,1.0,False,real,real-llama3.1-N2000,nli,separate,2000
36,log:G5,The post recommends a product or a service.,rewrite,2000,0,0,2000,0,1.0,1.0,1.0,83,1.0,False,1.0,False,0.0011883339975611307,1.0,False,real,real-llama3.1-N2000,nli,separate,2000
37,log:H1,The post asks for technical help with computer hardware.,exact-hit,0,0,0,0,0,1.0,1.0,1.0,271,,,,,1.2917000276502222e-05,1.0,,real,real-llama3.1-N2000,nli,separate,2000
38,log:H2,The post is selling something.,rewrite,1608,1128,439,41,0,1.0,1.0,1.0,93,0.9489795918367347,False,1.0,False,0.042902249995677266,1.0,False,real,real-llama3.1-N2000,nli,separate,2000
39,log:H3,The post is about a motor vehicle.,rewrite,2000,1159,72,769,0,1.0,1.0,1.0,155,1.0,False,1.0,False,0.010202833997027483,1.0,False,real,real-llama3.1-N2000,nli,separate,2000
40,log:H4,The post is about a car or a motorcycle.,rewrite,1280,873,317,90,0,1.0,0.9855072463768116,0.9927007299270074,138,0.9066666666666666,False,1.0,False,0.0019835829953080975,0.9855072463768116,False,real,real-llama3.1-N2000,nli,separate,2000
41,log:H5,The post gives advice about maintaining a vehicle.,rewrite,2000,1206,0,794,0,1.0,1.0,1.0,37,1.0,False,1.0,False,0.000995417001831811,1.0,False,real,real-llama3.1-N2000,nli,separate,2000
42,log:H6,The tone of the post is angry or annoyed.,rewrite,2000,52,0,1948,0,1.0,1.0,1.0,769,1.0,False,1.0,False,0.0009613750007702038,1.0,False,real,real-llama3.1-N2000,nli,separate,2000
43,log:H7,The post is about a computer operating system.,rewrite,1203,948,253,2,0,1.0,0.9772727272727273,0.9885057471264368,176,0.900523560209424,False,1.0,False,0.0017525840012240224,0.9772727272727273,False,real,real-llama3.1-N2000,nli,separate,2000
44,log:H8,The post is a for-sale advertisement.,rewrite,1199,80,1072,47,0,1.0,1.0,1.0,87,0.925531914893617,False,1.0,False,0.0018219579942524433,1.0,False,real,real-llama3.1-N2000,nli,separate,2000
45,log:H9,The post discusses encryption algorithms or key management.,rewrite,2000,1195,78,727,0,1.0,1.0,1.0,46,1.0,False,1.0,False,0.002616207995743025,1.0,False,real,real-llama3.1-N2000,nli,separate,2000
46,log:H10,The post asks a question about computer hardware.,rewrite,2000,740,318,942,0,1.0,1.0,1.0,352,1.0,False,1.0,False,0.0034976669994648546,1.0,False,real,real-llama3.1-N2000,nli,separate,2000
0,log:A1,The post asks for technical help with computer hardware.,cold,2000,2000,0,0,0,1.0,1.0,1.0,271,,,,,6.291700265137479e-05,1.0,,real,real-llama3.1-N2000,nli,separate-prop,2000
1,log:A2,The post asks for technical help with a personal computer's hardware.,rewrite,2000,1729,29,242,0,1.0,1.0,1.0,235,1.0,False,1.0,False,0.0003406250034458935,1.0,False,real,real-llama3.1-N2000,nli,separate-prop,2000
2,log:A3,The post is a request for technical assistance concerning computer hardware.,rewrite,1811,46,376,1389,0,0.9902597402597403,1.0,0.9951060358890702,305,1.0,False,0.935064935064935,False,0.0009910000007948838,1.0,False,real,real-llama3.1-N2000,nli,separate-prop,2000
3,log:A4,The post asks for help with Macintosh hardware.,rewrite,2000,1690,36,274,0,1.0,1.0,1.0,59,1.0,False,1.0,False,0.00027637500170385465,1.0,False,real,real-llama3.1-N2000,nli,separate-prop,2000
4,log:A5,The post describes a hardware problem the author is experiencing.,cold,2000,2000,0,0,0,1.0,1.0,1.0,172,,,,,0.0001210409973282367,1.0,,real,real-llama3.1-N2000,nli,separate-prop,2000
5,log:B1,The post offers an item for sale.,cold,2000,2000,0,0,0,1.0,1.0,1.0,96,,,,,0.00011554099910426885,1.0,,real,real-llama3.1-N2000,nli,separate-prop,2000
6,log:B2,The post offers a computer or a computer part for sale.,rewrite,2000,1904,29,67,0,1.0,1.0,1.0,48,1.0,False,1.0,False,0.00018791700131259859,1.0,False,real,real-llama3.1-N2000,nli,separate-prop,2000
7,log:B3,The post mentions a specific price in dollars.,cold,2000,2000,0,0,0,1.0,1.0,1.0,139,,,,,0.00012412499927449971,1.0,,real,real-llama3.1-N2000,nli,separate-prop,2000
8,log:B4,The post is an advertisement.,rewrite,2000,2,0,1998,0,1.0,1.0,1.0,112,1.0,False,1.0,False,0.00021362500410759822,1.0,False,real,real-llama3.1-N2000,nli,separate-prop,2000
9,log:B5,The post is looking to buy something rather than to sell something.,rewrite,2000,32,0,1968,0,1.0,1.0,1.0,357,1.0,False,1.0,False,0.0005047079976066016,1.0,False,real,real-llama3.1-N2000,nli,separate-prop,2000
10,log:C1,The post discusses a professional sports team.,cold,2000,2000,0,0,0,1.0,1.0,1.0,166,,,,,0.0008236249996116385,1.0,,real,real-llama3.1-N2000,nli,separate-prop,2000
11,log:C2,The post discusses a professional baseball team.,rewrite,2000,262,665,1073,0,1.0,1.0,1.0,90,1.0,False,1.0,False,0.0008107910034595989,1.0,False,real,real-llama3.1-N2000,nli,separate-prop,2000
12,log:C3,The post mentions a player's statistics.,rewrite,2000,96,0,1904,0,1.0,1.0,1.0,55,1.0,False,1.0,False,0.00026383300428278744,1.0,False,real,real-llama3.1-N2000,nli,separate-prop,2000
13,log:C4,The post is about a sporting event that has already taken place.,cold,2000,2000,0,0,0,1.0,1.0,1.0,132,,,,,0.00015333299961639568,1.0,,real,real-llama3.1-N2000,nli,separate-prop,2000
14,log:C5,The post is about sports.,rewrite,1505,63,1339,103,0,1.0,0.9481865284974094,0.973404255319149,193,0.9289340101522843,False,1.0,False,0.0008140840000123717,0.9481865284974094,False,real,real-llama3.1-N2000,nli,separate-prop,2000
15,log:D1,The post argues about politics.,cold,2000,2000,0,0,0,1.0,1.0,1.0,297,,,,,0.0005943329961155541,1.0,,real,real-llama3.1-N2000,nli,separate-prop,2000
16,log:D2,The post argues about gun control policy.,cold,2000,2000,0,0,0,1.0,1.0,1.0,48,,,,,0.00034366699401289225,1.0,,real,real-llama3.1-N2000,nli,separate-prop,2000
17,log:D3,The post expresses a religious belief.,rewrite,2000,1888,29,83,0,1.0,1.0,1.0,145,1.0,False,1.0,False,0.0003124169961665757,1.0,False,real,real-llama3.1-N2000,nli,separate-prop,2000
18,log:D4,The post argues about religion.,cold,2000,2000,0,0,0,1.0,1.0,1.0,218,,,,,0.0001763339969329536,1.0,,real,real-llama3.1-N2000,nli,separate-prop,2000
19,log:D5,The post discusses the Middle East.,rewrite,2000,484,945,571,0,1.0,1.0,1.0,62,1.0,False,1.0,False,0.00072458299837308,1.0,False,real,real-llama3.1-N2000,nli,separate-prop,2000
20,log:D6,The post criticizes a government or a government policy.,cold,2000,2000,0,0,0,1.0,1.0,1.0,207,,,,,0.0002168749997508712,1.0,,real,real-llama3.1-N2000,nli,separate-prop,2000
21,log:E1,The author of the post is frustrated or angry.,cold,2000,2000,0,0,0,1.0,1.0,1.0,1112,,,,,0.0006221670046215877,1.0,,real,real-llama3.1-N2000,nli,separate-prop,2000
22,log:E2,The post contains a question.,rewrite,2000,0,0,2000,0,1.0,1.0,1.0,740,1.0,False,1.0,False,0.0006887089984957129,1.0,False,real,real-llama3.1-N2000,nli,separate-prop,2000
23,log:E3,The post quotes another message.,rewrite,2000,0,0,2000,0,1.0,1.0,1.0,1528,1.0,False,1.0,False,0.00041970900201704353,1.0,False,real,real-llama3.1-N2000,nli,separate-prop,2000
24,log:E4,The post uses technical jargon.,cold,2000,2000,0,0,0,1.0,1.0,1.0,813,,,,,0.00021412500063888729,1.0,,real,real-llama3.1-N2000,nli,separate-prop,2000
25,log:E5,The post makes a factual claim that could be checked.,rewrite,2000,0,0,2000,0,1.0,1.0,1.0,1145,1.0,False,1.0,False,0.00034666599822230637,1.0,False,real,real-llama3.1-N2000,nli,separate-prop,2000
26,log:F1,The post discusses medicine or health.,rewrite,2000,548,72,1380,0,1.0,1.0,1.0,100,1.0,False,1.0,False,0.000414166999689769,1.0,False,real,real-llama3.1-N2000,nli,separate-prop,2000
27,log:F2,The post discusses a specific disease or medical condition.,rewrite,2000,548,72,1380,0,1.0,1.0,1.0,49,1.0,False,1.0,False,0.0003836249961750582,1.0,False,real,real-llama3.1-N2000,nli,separate-prop,2000
28,log:F3,The post discusses space or astronomy.,rewrite,2000,1260,29,711,0,1.0,1.0,1.0,73,1.0,False,1.0,False,0.00030745800177101046,1.0,False,real,real-llama3.1-N2000,nli,separate-prop,2000
29,log:F4,The post discusses cryptography or encryption.,rewrite,2000,1260,29,711,0,1.0,1.0,1.0,62,1.0,False,1.0,False,0.0002963330043712631,1.0,False,real,real-llama3.1-N2000,nli,separate-prop,2000
30,log:F5,The post discusses computer security.,rewrite,2000,548,72,1380,0,1.0,1.0,1.0,98,1.0,False,1.0,False,0.001191333998576738,1.0,False,real,real-llama3.1-N2000,nli,separate-prop,2000
31,log:F6,The post discusses science.,rewrite,2000,1451,108,441,0,1.0,1.0,1.0,262,1.0,False,1.0,False,0.001159874998847954,1.0,False,real,real-llama3.1-N2000,nli,separate-prop,2000
32,log:G1,The post mentions an operating system.,rewrite,2000,1560,138,302,0,1.0,1.0,1.0,196,1.0,False,1.0,False,0.0007525410037487745,1.0,False,real,real-llama3.1-N2000,nli,separate-prop,2000
33,log:G2,The post mentions Microsoft Windows.,rewrite,1831,1429,263,139,0,1.0,0.9863013698630136,0.993103448275862,73,0.9473684210526315,False,1.0,False,0.0006342499982565641,0.9863013698630136,False,real,real-llama3.1-N2000,nli,separate-prop,2000
34,log:G3,The post mentions the X Window System.,rewrite,2000,1560,279,161,0,1.0,1.0,1.0,76,1.0,False,1.0,False,0.0006043329995009117,1.0,False,real,real-llama3.1-N2000,nli,separate-prop,2000
35,log:G4,The post discusses software rather than hardware.,rewrite,2000,2,0,1998,0,1.0,1.0,1.0,375,1.0,False,1.0,False,0.00031754199881106615,1.0,False,real,real-llama3.1-N2000,nli,separate-prop,2000
36,log:G5,The post recommends a product or a service.,rewrite,2000,0,0,2000,0,1.0,1.0,1.0,83,1.0,False,1.0,False,0.00030345800041686743,1.0,False,real,real-llama3.1-N2000,nli,separate-prop,2000
37,log:H1,The post asks for technical help with computer hardware.,exact-hit,0,0,0,0,0,1.0,1.0,1.0,271,,,,,4.999994416721165e-06,1.0,,real,real-llama3.1-N2000,nli,separate-prop,2000
38,log:H2,The post is selling something.,rewrite,1608,1128,439,41,0,1.0,1.0,1.0,93,0.9489795918367347,False,1.0,False,0.0006354169963742606,1.0,False,real,real-llama3.1-N2000,nli,separate-prop,2000
39,log:H3,The post is about a motor vehicle.,rewrite,2000,1159,72,769,0,1.0,1.0,1.0,155,1.0,False,1.0,False,0.0003823750012088567,1.0,False,real,real-llama3.1-N2000,nli,separate-prop,2000
40,log:H4,The post is about a car or a motorcycle.,rewrite,1280,873,317,90,0,1.0,0.9855072463768116,0.9927007299270074,138,0.9066666666666666,False,1.0,False,0.0006997919990681112,0.9855072463768116,False,real,real-llama3.1-N2000,nli,separate-prop,2000
41,log:H5,The post gives advice about maintaining a vehicle.,rewrite,2000,1206,0,794,0,1.0,1.0,1.0,37,1.0,False,1.0,False,0.0003412079968256876,1.0,False,real,real-llama3.1-N2000,nli,separate-prop,2000
42,log:H6,The tone of the post is angry or annoyed.,rewrite,2000,52,0,1948,0,1.0,1.0,1.0,769,1.0,False,1.0,False,0.0004335830017225817,1.0,False,real,real-llama3.1-N2000,nli,separate-prop,2000
43,log:H7,The post is about a computer operating system.,rewrite,1203,948,253,2,0,1.0,0.9772727272727273,0.9885057471264368,176,0.900523560209424,False,1.0,False,0.0006660419967374764,0.9772727272727273,False,real,real-llama3.1-N2000,nli,separate-prop,2000
44,log:H8,The post is a for-sale advertisement.,rewrite,1199,80,1072,47,0,1.0,1.0,1.0,87,0.925531914893617,False,1.0,False,0.0006830419952166267,1.0,False,real,real-llama3.1-N2000,nli,separate-prop,2000
45,log:H9,The post discusses encryption algorithms or key management.,rewrite,2000,1195,78,727,0,1.0,1.0,1.0,46,1.0,False,1.0,False,0.00041308400250272825,1.0,False,real,real-llama3.1-N2000,nli,separate-prop,2000
46,log:H10,The post asks a question about computer hardware.,rewrite,2000,740,318,942,0,1.0,1.0,1.0,352,1.0,False,1.0,False,0.0007611660039401613,1.0,False,real,real-llama3.1-N2000,nli,separate-prop,2000
0,log:A1,The post asks for technical help with computer hardware.,cold,2000,2000,0,0,0,1.0,1.0,1.0,271,,,,,3.970899706473574e-05,1.0,,real,real-llama3.1-N2000,nli,fixed-100,2000
1,log:A2,The post asks for technical help with a personal computer's hardware.,rewrite,2000,1729,100,171,0,1.0,1.0,1.0,235,1.0,False,1.0,False,0.0002337080004508607,1.0,False,real,real-llama3.1-N2000,nli,fixed-100,2000
2,log:A3,The post is a request for technical assistance concerning computer hardware.,rewrite,1865,46,200,1619,0,0.9933110367892977,0.9737704918032787,0.9834437086092715,305,0.9667774086378738,False,0.9732441471571907,False,0.0009431250000488944,0.9737704918032787,False,real,real-llama3.1-N2000,nli,fixed-100,2000
3,log:A4,The post asks for help with Macintosh hardware.,rewrite,2000,1690,100,210,0,1.0,1.0,1.0,59,1.0,False,1.0,False,0.00031154200405580923,1.0,False,real,real-llama3.1-N2000,nli,fixed-100,2000
4,log:A5,The post describes a hardware problem the author is experiencing.,cold,2000,2000,0,0,0,1.0,1.0,1.0,172,,,,,0.00017395800387021154,1.0,,real,real-llama3.1-N2000,nli,fixed-100,2000
5,log:B1,The post offers an item for sale.,cold,2000,2000,0,0,0,1.0,1.0,1.0,96,,,,,0.00013049999688519165,1.0,,real,real-llama3.1-N2000,nli,fixed-100,2000
6,log:B2,The post offers a computer or a computer part for sale.,rewrite,2000,1904,0,96,0,1.0,1.0,1.0,48,1.0,False,1.0,False,0.00018574999558040872,1.0,False,real,real-llama3.1-N2000,nli,fixed-100,2000
7,log:B3,The post mentions a specific price in dollars.,cold,2000,2000,0,0,0,1.0,1.0,1.0,139,,,,,0.00012412499927449971,1.0,,real,real-llama3.1-N2000,nli,fixed-100,2000
8,log:B4,The post is an advertisement.,rewrite,1997,2,100,1895,0,1.0,0.9821428571428571,0.9909909909909909,112,0.9734513274336283,False,1.0,False,0.0010715419994085096,0.9821428571428571,False,real,real-llama3.1-N2000,nli,fixed-100,2000
9,log:B5,The post is looking to buy something rather than to sell something.,rewrite,1980,31,100,1849,0,1.0,0.9719887955182073,0.9857954545454545,357,0.9455040871934605,False,1.0,False,0.001320249997661449,0.9719887955182073,False,real,real-llama3.1-N2000,nli,fixed-100,2000
10,log:C1,The post discusses a professional sports team.,cold,2000,2000,0,0,0,1.0,1.0,1.0,166,,,,,0.0001437090031686239,1.0,,real,real-llama3.1-N2000,nli,fixed-100,2000
11,log:C2,The post discusses a professional baseball team.,rewrite,2000,262,100,1638,0,1.0,1.0,1.0,90,1.0,False,1.0,False,0.0006061250023776665,1.0,False,real,real-llama3.1-N2000,nli,fixed-100,2000
12,log:C3,The post mentions a player's statistics.,rewrite,2000,96,100,1804,0,1.0,1.0,1.0,55,1.0,False,1.0,False,0.0005982910006423481,1.0,False,real,real-llama3.1-N2000,nli,fixed-100,2000
13,log:C4,The post is about a sporting event that has already taken place.,cold,2000,2000,0,0,0,1.0,1.0,1.0,132,,,,,0.00014349999401019886,1.0,,real,real-llama3.1-N2000,nli,fixed-100,2000
14,log:C5,The post is about sports.,rewrite,2000,63,100,1837,0,1.0,1.0,1.0,193,1.0,False,1.0,False,0.0007236660021590069,1.0,False,real,real-llama3.1-N2000,nli,fixed-100,2000
15,log:D1,The post argues about politics.,cold,2000,2000,0,0,0,1.0,1.0,1.0,297,,,,,0.00015050000365590677,1.0,,real,real-llama3.1-N2000,nli,fixed-100,2000
16,log:D2,The post argues about gun control policy.,cold,2000,2000,0,0,0,1.0,1.0,1.0,48,,,,,0.00014470899623120204,1.0,,real,real-llama3.1-N2000,nli,fixed-100,2000
17,log:D3,The post expresses a religious belief.,rewrite,2000,1890,100,10,0,1.0,1.0,1.0,145,1.0,False,1.0,False,0.00023437500203726813,1.0,False,real,real-llama3.1-N2000,nli,fixed-100,2000
18,log:D4,The post argues about religion.,cold,2000,2000,0,0,0,1.0,1.0,1.0,218,,,,,0.00014941600238671526,1.0,,real,real-llama3.1-N2000,nli,fixed-100,2000
19,log:D5,The post discusses the Middle East.,rewrite,2000,484,100,1416,0,1.0,1.0,1.0,62,1.0,False,1.0,False,0.0006331249969662167,1.0,False,real,real-llama3.1-N2000,nli,fixed-100,2000
20,log:D6,The post criticizes a government or a government policy.,cold,2000,2000,0,0,0,1.0,1.0,1.0,207,,,,,0.0001649999976507388,1.0,,real,real-llama3.1-N2000,nli,fixed-100,2000
21,log:E1,The author of the post is frustrated or angry.,cold,2000,2000,0,0,0,1.0,1.0,1.0,1112,,,,,0.00015920800069579855,1.0,,real,real-llama3.1-N2000,nli,fixed-100,2000
22,log:E2,The post contains a question.,rewrite,1946,0,100,1846,0,1.0,0.9567567567567568,0.9779005524861878,740,0.9303547963206308,False,1.0,False,0.0013147920035407878,0.9567567567567568,False,real,real-llama3.1-N2000,nli,fixed-100,2000
23,log:E3,The post quotes another message.,rewrite,1869,0,100,1769,0,1.0,0.9482984293193717,0.9734632180047027,1528,0.9211697393515575,False,1.0,False,0.001452833996154368,0.9482984293193717,False,real,real-llama3.1-N2000,nli,fixed-100,2000
24,log:E4,The post uses technical jargon.,cold,2000,2000,0,0,0,1.0,1.0,1.0,813,,,,,0.0001840410041040741,1.0,,real,real-llama3.1-N2000,nli,fixed-100,2000
25,log:E5,The post makes a factual claim that could be checked.,rewrite,1949,0,100,1849,0,1.0,0.9606986899563319,0.9799554565701559,1145,0.9556907037358818,False,1.0,False,0.000868791998072993,0.9606986899563319,False,real,real-llama3.1-N2000,nli,fixed-100,2000
26,log:F1,The post discusses medicine or health.,rewrite,2000,580,200,1220,0,1.0,1.0,1.0,100,1.0,False,1.0,False,0.0003586250022635795,1.0,False,real,real-llama3.1-N2000,nli,fixed-100,2000
27,log:F2,The post discusses a specific disease or medical condition.,rewrite,2000,580,200,1220,0,1.0,1.0,1.0,49,1.0,False,1.0,False,0.00035116599610773847,1.0,False,real,real-llama3.1-N2000,nli,fixed-100,2000
28,log:F3,The post discusses space or astronomy.,rewrite,2000,1292,100,608,0,1.0,1.0,1.0,73,1.0,False,1.0,False,0.0002809999932651408,1.0,False,real,real-llama3.1-N2000,nli,fixed-100,2000
29,log:F4,The post discusses cryptography or encryption.,rewrite,2000,1292,100,608,0,1.0,1.0,1.0,62,1.0,False,1.0,False,0.0002840000015567057,1.0,False,real,real-llama3.1-N2000,nli,fixed-100,2000
30,log:F5,The post discusses computer security.,rewrite,2000,580,200,1220,0,1.0,1.0,1.0,98,1.0,False,1.0,False,0.00035808300162898377,1.0,False,real,real-llama3.1-N2000,nli,fixed-100,2000
31,log:F6,The post discusses science.,rewrite,1986,1419,100,467,0,1.0,0.9809160305343512,0.9903660886319846,262,0.948339483394834,False,1.0,False,0.0007655829977011308,0.9809160305343512,False,real,real-llama3.1-N2000,nli,fixed-100,2000
32,log:G1,The post mentions an operating system.,rewrite,2000,1505,100,395,0,1.0,1.0,1.0,196,1.0,False,1.0,False,0.0006534999993164092,1.0,False,real,real-llama3.1-N2000,nli,fixed-100,2000
33,log:G2,The post mentions Microsoft Windows.,rewrite,2000,1370,200,430,0,1.0,1.0,1.0,73,1.0,False,1.0,False,0.0006625419991905801,1.0,False,real,real-llama3.1-N2000,nli,fixed-100,2000
34,log:G3,The post mentions the X Window System.,rewrite,2000,1505,100,395,0,1.0,1.0,1.0,76,1.0,False,1.0,False,0.0006038749997969717,1.0,False,real,real-llama3.1-N2000,nli,fixed-100,2000
35,log:G4,The post discusses software rather than hardware.,rewrite,1996,2,100,1894,0,1.0,0.9973333333333333,0.9986648865153538,375,0.9894179894179894,False,1.0,False,0.0010324999966542237,0.9973333333333333,False,real,real-llama3.1-N2000,nli,fixed-100,2000
36,log:G5,The post recommends a product or a service.,rewrite,2000,0,100,1900,0,1.0,1.0,1.0,83,1.0,False,1.0,False,0.0007742079978925176,1.0,False,real,real-llama3.1-N2000,nli,fixed-100,2000
37,log:H1,The post asks for technical help with computer hardware.,exact-hit,0,0,0,0,0,1.0,1.0,1.0,271,,,,,4.499997885432094e-06,1.0,,real,real-llama3.1-N2000,nli,fixed-100,2000
38,log:H2,The post is selling something.,rewrite,1999,1086,100,813,0,1.0,1.0,1.0,93,0.9893617021276596,False,1.0,False,0.0007727920019533485,1.0,False,real,real-llama3.1-N2000,nli,fixed-100,2000
39,log:H3,The post is about a motor vehicle.,rewrite,2000,1192,100,708,0,1.0,1.0,1.0,155,1.0,False,1.0,False,0.00035366600059205666,1.0,False,real,real-llama3.1-N2000,nli,fixed-100,2000
40,log:H4,The post is about a car or a motorcycle.,rewrite,2000,845,100,1055,0,1.0,1.0,1.0,138,1.0,False,1.0,False,0.0007080410068738274,1.0,False,real,real-llama3.1-N2000,nli,fixed-100,2000
41,log:H5,The post gives advice about maintaining a vehicle.,rewrite,1996,1162,100,734,0,1.0,1.0,1.0,37,0.9024390243902439,False,1.0,False,0.0008306669988087378,1.0,False,real,real-llama3.1-N2000,nli,fixed-100,2000
42,log:H6,The tone of the post is angry or annoyed.,rewrite,2000,52,100,1848,0,1.0,1.0,1.0,769,1.0,False,1.0,False,0.0011796670005423948,1.0,False,real,real-llama3.1-N2000,nli,fixed-100,2000
43,log:H7,The post is about a computer operating system.,rewrite,1997,926,100,971,0,1.0,1.0,1.0,176,0.9832402234636871,False,1.0,False,0.0007867090025683865,1.0,False,real,real-llama3.1-N2000,nli,fixed-100,2000
44,log:H8,The post is a for-sale advertisement.,rewrite,1997,80,100,1817,0,1.0,1.0,1.0,87,0.9666666666666667,False,1.0,False,0.0008333750010933727,1.0,False,real,real-llama3.1-N2000,nli,fixed-100,2000
45,log:H9,The post discusses encryption algorithms or key management.,rewrite,2000,1225,100,675,0,1.0,1.0,1.0,46,1.0,False,1.0,False,0.0003957920052926056,1.0,False,real,real-llama3.1-N2000,nli,fixed-100,2000
46,log:H10,The post asks a question about computer hardware.,rewrite,1985,708,100,1177,0,1.0,0.9602272727272727,0.9797101449275363,352,0.9575070821529745,False,1.0,False,0.0009120419999817386,0.9602272727272727,False,real,real-llama3.1-N2000,nli,fixed-100,2000
0,log:A1,The post asks for technical help with computer hardware.,cold,2000,2000,0,0,0,1.0,1.0,1.0,271,,,,,3.324999852338806e-05,1.0,,real,real-llama3.1-N2000,nli,fixed-400,2000
1,log:A2,The post asks for technical help with a personal computer's hardware.,rewrite,2000,1729,0,271,0,1.0,1.0,1.0,235,1.0,False,1.0,False,0.00018641699716681615,1.0,False,real,real-llama3.1-N2000,nli,fixed-400,2000
2,log:A3,The post is a request for technical assistance concerning computer hardware.,rewrite,1993,46,400,1547,0,1.0,0.9770491803278688,0.988391376451078,305,0.9770491803278688,False,1.0,False,0.0007371669998974539,0.9770491803278688,False,real,real-llama3.1-N2000,nli,fixed-400,2000
3,log:A4,The post asks for help with Macintosh hardware.,rewrite,2000,1690,0,310,0,1.0,1.0,1.0,59,1.0,False,1.0,False,0.00019679099932545796,1.0,False,real,real-llama3.1-N2000,nli,fixed-400,2000
4,log:A5,The post describes a hardware problem the author is experiencing.,cold,2000,2000,0,0,0,1.0,1.0,1.0,172,,,,,0.00010858399764401838,1.0,,real,real-llama3.1-N2000,nli,fixed-400,2000
5,log:B1,The post offers an item for sale.,cold,2000,2000,0,0,0,1.0,1.0,1.0,96,,,,,0.00010966700210701674,1.0,,real,real-llama3.1-N2000,nli,fixed-400,2000
6,log:B2,The post offers a computer or a computer part for sale.,rewrite,2000,1904,0,96,0,1.0,1.0,1.0,48,1.0,False,1.0,False,0.00015787499432917684,1.0,False,real,real-llama3.1-N2000,nli,fixed-400,2000
7,log:B3,The post mentions a specific price in dollars.,cold,2000,2000,0,0,0,1.0,1.0,1.0,139,,,,,0.00011683299817377701,1.0,,real,real-llama3.1-N2000,nli,fixed-400,2000
8,log:B4,The post is an advertisement.,rewrite,1999,2,400,1597,0,1.0,0.9910714285714286,0.9955156950672646,112,0.9910714285714286,False,1.0,False,0.0010908750045928173,0.9910714285714286,False,real,real-llama3.1-N2000,nli,fixed-400,2000
9,log:B5,The post is looking to buy something rather than to sell something.,rewrite,1986,31,400,1555,0,1.0,0.9803921568627451,0.99009900990099,357,0.9615384615384616,False,1.0,False,0.001330125000094995,0.9803921568627451,False,real,real-llama3.1-N2000,nli,fixed-400,2000
10,log:C1,The post discusses a professional sports team.,cold,2000,2000,0,0,0,1.0,1.0,1.0,166,,,,,0.00015016600082162768,1.0,,real,real-llama3.1-N2000,nli,fixed-400,2000
11,log:C2,The post discusses a professional baseball team.,rewrite,2000,262,400,1338,0,1.0,1.0,1.0,90,1.0,False,1.0,False,0.0006147090025478974,1.0,False,real,real-llama3.1-N2000,nli,fixed-400,2000
12,log:C3,The post mentions a player's statistics.,rewrite,2000,96,400,1504,0,1.0,1.0,1.0,55,1.0,False,1.0,False,0.0005924580036662519,1.0,False,real,real-llama3.1-N2000,nli,fixed-400,2000
13,log:C4,The post is about a sporting event that has already taken place.,cold,2000,2000,0,0,0,1.0,1.0,1.0,132,,,,,0.0001484160020481795,1.0,,real,real-llama3.1-N2000,nli,fixed-400,2000
14,log:C5,The post is about sports.,rewrite,2000,63,400,1537,0,1.0,1.0,1.0,193,1.0,False,1.0,False,0.0007228750037029386,1.0,False,real,real-llama3.1-N2000,nli,fixed-400,2000
15,log:D1,The post argues about politics.,cold,2000,2000,0,0,0,1.0,1.0,1.0,297,,,,,0.0001582080003572628,1.0,,real,real-llama3.1-N2000,nli,fixed-400,2000
16,log:D2,The post argues about gun control policy.,cold,2000,2000,0,0,0,1.0,1.0,1.0,48,,,,,0.00014445799752138555,1.0,,real,real-llama3.1-N2000,nli,fixed-400,2000
17,log:D3,The post expresses a religious belief.,rewrite,2000,1889,0,111,0,1.0,1.0,1.0,145,1.0,False,1.0,False,0.00020524999854387715,1.0,False,real,real-llama3.1-N2000,nli,fixed-400,2000
18,log:D4,The post argues about religion.,cold,2000,2000,0,0,0,1.0,1.0,1.0,218,,,,,0.00015179200272541493,1.0,,real,real-llama3.1-N2000,nli,fixed-400,2000
19,log:D5,The post discusses the Middle East.,rewrite,2000,484,400,1116,0,1.0,1.0,1.0,62,1.0,False,1.0,False,0.0006223329983185977,1.0,False,real,real-llama3.1-N2000,nli,fixed-400,2000
20,log:D6,The post criticizes a government or a government policy.,cold,2000,2000,0,0,0,1.0,1.0,1.0,207,,,,,0.00016812499961815774,1.0,,real,real-llama3.1-N2000,nli,fixed-400,2000
21,log:E1,The author of the post is frustrated or angry.,cold,2000,2000,0,0,0,1.0,1.0,1.0,1112,,,,,0.00015979199815774336,1.0,,real,real-llama3.1-N2000,nli,fixed-400,2000
22,log:E2,The post contains a question.,rewrite,1956,0,400,1556,0,1.0,0.9648648648648649,0.9821182943603851,740,0.946949602122016,False,1.0,False,0.0013649590036948211,0.9648648648648649,False,real,real-llama3.1-N2000,nli,fixed-400,2000
23,log:E3,The post quotes another message.,rewrite,1895,0,400,1495,0,1.0,0.9587696335078534,0.9789508853992649,1528,0.9445519019987105,False,1.0,False,0.0014840000003459863,0.9587696335078534,False,real,real-llama3.1-N2000,nli,fixed-400,2000
24,log:E4,The post uses technical jargon.,cold,2000,2000,0,0,0,1.0,1.0,1.0,813,,,,,0.000185500000952743,1.0,,real,real-llama3.1-N2000,nli,fixed-400,2000
25,log:E5,The post makes a factual claim that could be checked.,rewrite,1954,0,400,1554,0,1.0,0.9641921397379912,0.9817696754112939,1145,0.96,False,1.0,False,0.0008840419977786951,0.9641921397379912,False,real,real-llama3.1-N2000,nli,fixed-400,2000
26,log:F1,The post discusses medicine or health.,rewrite,2000,577,800,623,0,1.0,1.0,1.0,100,1.0,False,1.0,False,0.0003787500027101487,1.0,False,real,real-llama3.1-N2000,nli,fixed-400,2000
27,log:F2,The post discusses a specific disease or medical condition.,rewrite,2000,577,800,623,0,1.0,1.0,1.0,49,1.0,False,1.0,False,0.000371082998753991,1.0,False,real,real-llama3.1-N2000,nli,fixed-400,2000
28,log:F3,The post discusses space or astronomy.,rewrite,2000,1286,400,314,0,1.0,1.0,1.0,73,1.0,False,1.0,False,0.00029020900547038764,1.0,False,real,real-llama3.1-N2000,nli,fixed-400,2000
29,log:F4,The post discusses cryptography or encryption.,rewrite,2000,1286,400,314,0,1.0,1.0,1.0,62,1.0,False,1.0,False,0.0002885409994632937,1.0,False,real,real-llama3.1-N2000,nli,fixed-400,2000
30,log:F5,The post discusses computer security.,rewrite,2000,577,800,623,0,1.0,1.0,1.0,98,1.0,False,1.0,False,0.00037112500285729766,1.0,False,real,real-llama3.1-N2000,nli,fixed-400,2000
31,log:F6,The post discusses science.,rewrite,1823,1422,400,1,0,1.0,0.9656488549618321,0.9825242718446602,262,0.9405204460966543,False,1.0,False,0.0010384579945821315,0.9656488549618321,False,real,real-llama3.1-N2000,nli,fixed-400,2000
32,log:G1,The post mentions an operating system.,rewrite,1964,1520,400,44,0,1.0,0.9846938775510204,0.9922879177377892,196,0.9601990049751243,False,1.0,False,0.0009632919973228127,0.9846938775510204,False,real,real-llama3.1-N2000,nli,fixed-400,2000
33,log:G2,The post mentions Microsoft Windows.,rewrite,1950,1380,400,170,0,1.0,1.0,1.0,73,0.9605263157894737,False,1.0,False,0.0017527909949421883,1.0,False,real,real-llama3.1-N2000,nli,fixed-400,2000
34,log:G3,The post mentions the X Window System.,rewrite,1964,1520,400,44,0,1.0,0.9868421052631579,0.9933774834437086,76,0.9615384615384616,False,1.0,False,0.0024747909992584027,0.9868421052631579,False,real,real-llama3.1-N2000,nli,fixed-400,2000
35,log:G4,The post discusses software rather than hardware.,rewrite,1997,2,400,1595,0,1.0,0.9973333333333333,0.9986648865153538,375,0.9920424403183024,False,1.0,False,0.013322874998266343,0.9973333333333333,False,real,real-llama3.1-N2000,nli,fixed-400,2000
36,log:G5,The post recommends a product or a service.,rewrite,2000,0,400,1600,0,1.0,1.0,1.0,83,1.0,False,1.0,False,0.0012163339997641742,1.0,False,real,real-llama3.1-N2000,nli,fixed-400,2000
37,log:H1,The post asks for technical help with computer hardware.,exact-hit,0,0,0,0,0,1.0,1.0,1.0,271,,,,,6.1250029830262065e-06,1.0,,real,real-llama3.1-N2000,nli,fixed-400,2000
38,log:H2,The post is selling something.,rewrite,1528,1089,400,39,0,1.0,1.0,1.0,93,0.93,False,1.0,False,0.0012805000005755574,1.0,False,real,real-llama3.1-N2000,nli,fixed-400,2000
39,log:H3,The post is about a motor vehicle.,rewrite,2000,1185,400,415,0,1.0,1.0,1.0,155,1.0,False,1.0,False,0.0004427919993759133,1.0,False,real,real-llama3.1-N2000,nli,fixed-400,2000
40,log:H4,The post is about a car or a motorcycle.,rewrite,2000,853,400,747,0,1.0,1.0,1.0,138,1.0,False,1.0,False,0.002901874999224674,1.0,False,real,real-llama3.1-N2000,nli,fixed-400,2000
41,log:H5,The post gives advice about maintaining a vehicle.,rewrite,1999,1166,400,433,0,1.0,1.0,1.0,37,0.9736842105263158,False,1.0,False,0.001011500004096888,1.0,False,real,real-llama3.1-N2000,nli,fixed-400,2000
42,log:H6,The tone of the post is angry or annoyed.,rewrite,1228,52,400,776,0,1.0,0.9388816644993498,0.9684775318578136,769,0.9093198992443325,False,1.0,False,0.0017322499988949858,0.9388816644993498,False,real,real-llama3.1-N2000,nli,fixed-400,2000
43,log:H7,The post is about a computer operating system.,rewrite,1998,928,400,670,0,1.0,1.0,1.0,176,0.9887640449438202,False,1.0,False,0.0008440830060862936,1.0,False,real,real-llama3.1-N2000,nli,fixed-400,2000
44,log:H8,The post is a for-sale advertisement.,rewrite,1998,80,400,1518,0,1.0,1.0,1.0,87,0.9775280898876404,False,1.0,False,0.0009025830004247837,1.0,False,real,real-llama3.1-N2000,nli,fixed-400,2000
45,log:H9,The post discusses encryption algorithms or key management.,rewrite,2000,1220,400,380,0,1.0,1.0,1.0,46,1.0,False,1.0,False,0.0004138330041314475,1.0,False,real,real-llama3.1-N2000,nli,fixed-400,2000
46,log:H10,The post asks a question about computer hardware.,rewrite,1989,714,400,875,0,1.0,0.9715909090909091,0.9855907780979827,352,0.9688385269121813,False,1.0,False,0.0008867500000633299,0.9715909090909091,False,real,real-llama3.1-N2000,nli,fixed-400,2000
0,log:A1,The post asks for technical help with computer hardware.,cold,2000,2000,0,0,0,1.0,1.0,1.0,271,,,,,3.3875003282446414e-05,1.0,,real,real-llama3.1-N2000,nli,fixed-1600,2000
1,log:A2,The post asks for technical help with a personal computer's hardware.,rewrite,2000,1729,0,271,0,1.0,1.0,1.0,235,1.0,False,1.0,False,0.0001912910011014901,1.0,False,real,real-llama3.1-N2000,nli,fixed-1600,2000
2,log:A3,The post is a request for technical assistance concerning computer hardware.,rewrite,1871,46,1600,225,0,1.0,0.9901639344262295,0.9950576606260296,305,0.9741935483870968,False,1.0,False,0.0010341250017518178,0.9901639344262295,False,real,real-llama3.1-N2000,nli,fixed-1600,2000
3,log:A4,The post asks for help with Macintosh hardware.,rewrite,2000,1692,0,308,0,1.0,1.0,1.0,59,1.0,False,1.0,False,0.00020120800036238506,1.0,False,real,real-llama3.1-N2000,nli,fixed-1600,2000
4,log:A5,The post describes a hardware problem the author is experiencing.,cold,2000,2000,0,0,0,1.0,1.0,1.0,172,,,,,0.0001105839983210899,1.0,,real,real-llama3.1-N2000,nli,fixed-1600,2000
5,log:B1,The post offers an item for sale.,cold,2000,2000,0,0,0,1.0,1.0,1.0,96,,,,,0.00010962499800371006,1.0,,real,real-llama3.1-N2000,nli,fixed-1600,2000
6,log:B2,The post offers a computer or a computer part for sale.,rewrite,2000,1904,0,96,0,1.0,1.0,1.0,48,1.0,False,1.0,False,0.00016258400137303397,1.0,False,real,real-llama3.1-N2000,nli,fixed-1600,2000
7,log:B3,The post mentions a specific price in dollars.,cold,2000,2000,0,0,0,1.0,1.0,1.0,139,,,,,0.00011754099978134036,1.0,,real,real-llama3.1-N2000,nli,fixed-1600,2000
8,log:B4,The post is an advertisement.,rewrite,1994,2,1600,392,0,1.0,0.9464285714285714,0.9724770642201834,112,0.9464285714285714,False,1.0,False,0.0008353750017704442,0.9464285714285714,False,real,real-llama3.1-N2000,nli,fixed-1600,2000
9,log:B5,The post is looking to buy something rather than to sell something.,rewrite,1947,31,1600,316,0,1.0,0.927170868347339,0.9622093023255814,357,0.9019073569482289,False,1.0,False,0.0013087500046822242,0.927170868347339,False,real,real-llama3.1-N2000,nli,fixed-1600,2000
10,log:C1,The post discusses a professional sports team.,cold,2000,2000,0,0,0,1.0,1.0,1.0,166,,,,,0.00014937499508960173,1.0,,real,real-llama3.1-N2000,nli,fixed-1600,2000
11,log:C2,The post discusses a professional baseball team.,rewrite,1862,262,1600,0,0,1.0,1.0,1.0,90,0.9782608695652174,False,1.0,False,0.0009954579945770092,1.0,False,real,real-llama3.1-N2000,nli,fixed-1600,2000
12,log:C3,The post mentions a player's statistics.,rewrite,2000,96,1600,304,0,1.0,1.0,1.0,55,1.0,False,1.0,False,0.0005658340014633723,1.0,False,real,real-llama3.1-N2000,nli,fixed-1600,2000
13,log:C4,The post is about a sporting event that has already taken place.,cold,2000,2000,0,0,0,1.0,1.0,1.0,132,,,,,0.0001485839966335334,1.0,,real,real-llama3.1-N2000,nli,fixed-1600,2000
14,log:C5,The post is about sports.,rewrite,1997,63,1600,334,0,1.0,0.9844559585492227,0.9921671018276762,193,0.9844559585492227,False,1.0,False,0.0008034159982344136,0.9844559585492227,False,real,real-llama3.1-N2000,nli,fixed-1600,2000
15,log:D1,The post argues about politics.,cold,2000,2000,0,0,0,1.0,1.0,1.0,297,,,,,0.00016395900456700474,1.0,,real,real-llama3.1-N2000,nli,fixed-1600,2000
16,log:D2,The post argues about gun control policy.,cold,2000,2000,0,0,0,1.0,1.0,1.0,48,,,,,0.0001417500025127083,1.0,,real,real-llama3.1-N2000,nli,fixed-1600,2000
17,log:D3,The post expresses a religious belief.,rewrite,2000,1894,0,106,0,1.0,1.0,1.0,145,1.0,False,1.0,False,0.00022537499899044633,1.0,False,real,real-llama3.1-N2000,nli,fixed-1600,2000
18,log:D4,The post argues about religion.,cold,2000,2000,0,0,0,1.0,1.0,1.0,218,,,,,0.00015304200496757403,1.0,,real,real-llama3.1-N2000,nli,fixed-1600,2000
19,log:D5,The post discusses the Middle East.,rewrite,2000,484,0,1516,0,1.0,1.0,1.0,62,1.0,False,1.0,False,0.0002288329997099936,1.0,False,real,real-llama3.1-N2000,nli,fixed-1600,2000
20,log:D6,The post criticizes a government or a government policy.,cold,2000,2000,0,0,0,1.0,1.0,1.0,207,,,,,0.0001600840041646734,1.0,,real,real-llama3.1-N2000,nli,fixed-1600,2000
21,log:E1,The author of the post is frustrated or angry.,cold,2000,2000,0,0,0,1.0,1.0,1.0,1112,,,,,0.00015866700414335355,1.0,,real,real-llama3.1-N2000,nli,fixed-1600,2000
22,log:E2,The post contains a question.,rewrite,1990,0,1600,390,0,1.0,0.9932432432432432,0.9966101694915254,740,0.9865771812080537,False,1.0,False,0.017419541996787302,0.9932432432432432,False,real,real-llama3.1-N2000,nli,fixed-1600,2000
23,log:E3,The post quotes another message.,rewrite,1969,0,1600,369,0,1.0,0.9869109947643979,0.9934123847167325,1528,0.9836921069797782,False,1.0,False,0.0016130000003613532,0.9869109947643979,False,real,real-llama3.1-N2000,nli,fixed-1600,2000
24,log:E4,The post uses technical jargon.,cold,2000,2000,0,0,0,1.0,1.0,1.0,813,,,,,0.0002620840023155324,1.0,,real,real-llama3.1-N2000,nli,fixed-1600,2000
25,log:E5,The post makes a factual claim that could be checked.,rewrite,1983,0,1600,383,0,1.0,0.9877729257641922,0.9938488576449913,1145,0.985191637630662,False,1.0,False,0.0009227079935953952,0.9877729257641922,False,real,real-llama3.1-N2000,nli,fixed-1600,2000
26,log:F1,The post discusses medicine or health.,rewrite,2000,559,0,1441,0,1.0,1.0,1.0,100,1.0,False,1.0,False,0.0003947909935959615,1.0,False,real,real-llama3.1-N2000,nli,fixed-1600,2000
27,log:F2,The post discusses a specific disease or medical condition.,rewrite,2000,559,0,1441,0,1.0,1.0,1.0,49,1.0,False,1.0,False,0.00034816699917428195,1.0,False,real,real-llama3.1-N2000,nli,fixed-1600,2000
28,log:F3,The post discusses space or astronomy.,rewrite,2000,1265,0,735,0,1.0,1.0,1.0,73,1.0,False,1.0,False,0.00029033299506409094,1.0,False,real,real-llama3.1-N2000,nli,fixed-1600,2000
29,log:F4,The post discusses cryptography or encryption.,rewrite,2000,1265,0,735,0,1.0,1.0,1.0,62,1.0,False,1.0,False,0.00028783299785573035,1.0,False,real,real-llama3.1-N2000,nli,fixed-1600,2000
30,log:F5,The post discusses computer security.,rewrite,2000,559,0,1441,0,1.0,1.0,1.0,98,1.0,False,1.0,False,0.00035083299735561013,1.0,False,real,real-llama3.1-N2000,nli,fixed-1600,2000
31,log:F6,The post discusses science.,rewrite,2000,1440,0,560,0,1.0,1.0,1.0,262,1.0,False,1.0,False,0.00029762499616481364,1.0,False,real,real-llama3.1-N2000,nli,fixed-1600,2000
32,log:G1,The post mentions an operating system.,rewrite,2000,1543,0,457,0,1.0,1.0,1.0,196,1.0,False,1.0,False,0.0003122080015600659,1.0,False,real,real-llama3.1-N2000,nli,fixed-1600,2000
33,log:G2,The post mentions Microsoft Windows.,rewrite,2000,1416,0,584,0,1.0,1.0,1.0,73,1.0,False,1.0,False,0.0003092920014751144,1.0,False,real,real-llama3.1-N2000,nli,fixed-1600,2000
34,log:G3,The post mentions the X Window System.,rewrite,2000,1543,0,457,0,1.0,1.0,1.0,76,1.0,False,1.0,False,0.0002948749970528297,1.0,False,real,real-llama3.1-N2000,nli,fixed-1600,2000
35,log:G4,The post discusses software rather than hardware.,rewrite,1984,2,1600,382,0,1.0,0.9733333333333334,0.9864864864864865,375,0.958005249343832,False,1.0,False,0.00089487499644747,0.9733333333333334,False,real,real-llama3.1-N2000,nli,fixed-1600,2000
36,log:G5,The post recommends a product or a service.,rewrite,2000,0,1600,400,0,1.0,1.0,1.0,83,1.0,False,1.0,False,0.0009354170033475384,1.0,False,real,real-llama3.1-N2000,nli,fixed-1600,2000
37,log:H1,The post asks for technical help with computer hardware.,exact-hit,0,0,0,0,0,1.0,1.0,1.0,271,,,,,5.49999822396785e-06,1.0,,real,real-llama3.1-N2000,nli,fixed-1600,2000
38,log:H2,The post is selling something.,rewrite,2000,1121,0,879,0,1.0,1.0,1.0,93,1.0,False,1.0,False,0.0003826669999398291,1.0,False,real,real-llama3.1-N2000,nli,fixed-1600,2000
39,log:H3,The post is about a motor vehicle.,rewrite,2000,1170,0,830,0,1.0,1.0,1.0,155,1.0,False,1.0,False,0.00037812499795109034,1.0,False,real,real-llama3.1-N2000,nli,fixed-1600,2000
40,log:H4,The post is about a car or a motorcycle.,rewrite,2000,870,0,1130,0,1.0,1.0,1.0,138,1.0,False,1.0,False,0.00036833299964200705,1.0,False,real,real-llama3.1-N2000,nli,fixed-1600,2000
41,log:H5,The post gives advice about maintaining a vehicle.,rewrite,2000,1193,0,807,0,1.0,1.0,1.0,37,1.0,False,1.0,False,0.0037317500027711503,1.0,False,real,real-llama3.1-N2000,nli,fixed-1600,2000
42,log:H6,The tone of the post is angry or annoyed.,rewrite,1825,52,1600,173,0,1.0,0.9843953185955787,0.9921363040629095,769,0.9767741935483871,False,1.0,False,0.007046208003885113,0.9843953185955787,False,real,real-llama3.1-N2000,nli,fixed-1600,2000
43,log:H7,The post is about a computer operating system.,rewrite,2000,943,0,1057,0,1.0,1.0,1.0,176,1.0,False,1.0,False,0.0531606250006007,1.0,False,real,real-llama3.1-N2000,nli,fixed-1600,2000
44,log:H8,The post is a for-sale advertisement.,rewrite,1724,80,1600,44,0,1.0,1.0,1.0,87,0.9666666666666667,False,1.0,False,0.025504083001578692,1.0,False,real,real-llama3.1-N2000,nli,fixed-1600,2000
45,log:H9,The post discusses encryption algorithms or key management.,rewrite,2000,1200,0,800,0,1.0,1.0,1.0,46,1.0,False,1.0,False,0.0012859580019721761,1.0,False,real,real-llama3.1-N2000,nli,fixed-1600,2000
46,log:H10,The post asks a question about computer hardware.,rewrite,2000,735,0,1265,0,1.0,1.0,1.0,352,1.0,False,1.0,False,0.0010533749955357052,1.0,False,real,real-llama3.1-N2000,nli,fixed-1600,2000
0,log:A1,The post asks for technical help with computer hardware.,cold,2000,2000,0,0,0,1.0,1.0,1.0,271,,,,,6.22080042376183e-05,1.0,,real,real-llama3.1-N2000,nli,frac-0.02,2000
1,log:A2,The post asks for technical help with a personal computer's hardware.,rewrite,2000,1729,20,251,0,1.0,1.0,1.0,235,1.0,False,1.0,False,0.00032779199682408944,1.0,False,real,real-llama3.1-N2000,nli,frac-0.02,2000
2,log:A3,The post is a request for technical assistance concerning computer hardware.,rewrite,1785,46,55,1684,0,0.99,0.9737704918032787,0.9818181818181817,305,0.9635036496350365,False,0.88,False,0.0010486250030226074,0.9737704918032787,False,real,real-llama3.1-N2000,nli,frac-0.02,2000
3,log:A4,The post asks for help with Macintosh hardware.,rewrite,2000,1690,20,290,0,1.0,1.0,1.0,59,1.0,False,1.0,False,0.0002389170040260069,1.0,False,real,real-llama3.1-N2000,nli,frac-0.02,2000
4,log:A5,The post describes a hardware problem the author is experiencing.,cold,2000,2000,0,0,0,1.0,1.0,1.0,172,,,,,0.00011579199781408533,1.0,,real,real-llama3.1-N2000,nli,frac-0.02,2000
5,log:B1,The post offers an item for sale.,cold,2000,2000,0,0,0,1.0,1.0,1.0,96,,,,,0.00011162499868078157,1.0,,real,real-llama3.1-N2000,nli,frac-0.02,2000
6,log:B2,The post offers a computer or a computer part for sale.,rewrite,2000,1904,20,76,0,1.0,1.0,1.0,48,1.0,False,1.0,False,0.0001789579982869327,1.0,False,real,real-llama3.1-N2000,nli,frac-0.02,2000
7,log:B3,The post mentions a specific price in dollars.,cold,2000,2000,0,0,0,1.0,1.0,1.0,139,,,,,0.00012108300143154338,1.0,,real,real-llama3.1-N2000,nli,frac-0.02,2000
8,log:B4,The post is an advertisement.,rewrite,1996,2,40,1954,0,1.0,0.9732142857142857,0.9864253393665159,112,0.9646017699115044,False,1.0,False,0.0008242910043918528,0.9732142857142857,False,real,real-llama3.1-N2000,nli,frac-0.02,2000
9,log:B5,The post is looking to buy something rather than to sell something.,rewrite,1980,32,40,1908,0,1.0,0.9719887955182073,0.9857954545454545,357,0.9455040871934605,False,1.0,False,0.0023092089977581054,0.9719887955182073,False,real,real-llama3.1-N2000,nli,frac-0.02,2000
10,log:C1,The post discusses a professional sports team.,cold,2000,2000,0,0,0,1.0,1.0,1.0,166,,,,,0.0005066669982625172,1.0,,real,real-llama3.1-N2000,nli,frac-0.02,2000
11,log:C2,The post discusses a professional baseball team.,rewrite,2000,262,35,1703,0,1.0,1.0,1.0,90,1.0,False,1.0,False,0.0015856249956414104,1.0,False,real,real-llama3.1-N2000,nli,frac-0.02,2000
12,log:C3,The post mentions a player's statistics.,rewrite,2000,96,39,1865,0,1.0,1.0,1.0,55,1.0,False,1.0,False,0.0029895000043325126,1.0,False,real,real-llama3.1-N2000,nli,frac-0.02,2000
13,log:C4,The post is about a sporting event that has already taken place.,cold,2000,2000,0,0,0,1.0,1.0,1.0,132,,,,,0.00030049999622860923,1.0,,real,real-llama3.1-N2000,nli,frac-0.02,2000
14,log:C5,The post is about sports.,rewrite,2000,63,39,1898,0,1.0,1.0,1.0,193,1.0,False,1.0,False,0.0008612919991719536,1.0,False,real,real-llama3.1-N2000,nli,frac-0.02,2000
15,log:D1,The post argues about politics.,cold,2000,2000,0,0,0,1.0,1.0,1.0,297,,,,,0.00017116600065492094,1.0,,real,real-llama3.1-N2000,nli,frac-0.02,2000
16,log:D2,The post argues about gun control policy.,cold,2000,2000,0,0,0,1.0,1.0,1.0,48,,,,,0.0001511250011390075,1.0,,real,real-llama3.1-N2000,nli,frac-0.02,2000
17,log:D3,The post expresses a religious belief.,rewrite,2000,1891,20,89,0,1.0,1.0,1.0,145,1.0,False,1.0,False,0.0002376670017838478,1.0,False,real,real-llama3.1-N2000,nli,frac-0.02,2000
18,log:D4,The post argues about religion.,cold,2000,2000,0,0,0,1.0,1.0,1.0,218,,,,,0.00015529100346611813,1.0,,real,real-llama3.1-N2000,nli,frac-0.02,2000
19,log:D5,The post discusses the Middle East.,rewrite,2000,484,31,1485,0,1.0,1.0,1.0,62,1.0,False,1.0,False,0.022258208999119233,1.0,False,real,real-llama3.1-N2000,nli,frac-0.02,2000
20,log:D6,The post criticizes a government or a government policy.,cold,2000,2000,0,0,0,1.0,1.0,1.0,207,,,,,0.00039054099761415273,1.0,,real,real-llama3.1-N2000,nli,frac-0.02,2000
21,log:E1,The author of the post is frustrated or angry.,cold,2000,2000,0,0,0,1.0,1.0,1.0,1112,,,,,0.00019537499611033127,1.0,,real,real-llama3.1-N2000,nli,frac-0.02,2000
22,log:E2,The post contains a question.,rewrite,1943,0,40,1903,0,1.0,0.9540540540540541,0.9764868603042877,740,0.9252948885976409,False,1.0,False,0.002093167000566609,0.9540540540540541,False,real,real-llama3.1-N2000,nli,frac-0.02,2000
23,log:E3,The post quotes another message.,rewrite,1867,0,40,1827,0,1.0,0.9476439790575916,0.9731182795698924,1528,0.917617237008872,False,1.0,False,0.005220125000050757,0.9476439790575916,False,real,real-llama3.1-N2000,nli,frac-0.02,2000
24,log:E4,The post uses technical jargon.,cold,2000,2000,0,0,0,1.0,1.0,1.0,813,,,,,0.0003673329993034713,1.0,,real,real-llama3.1-N2000,nli,frac-0.02,2000
25,log:E5,The post makes a factual claim that could be checked.,rewrite,1947,0,40,1907,0,1.0,0.959825327510917,0.9795008912655971,1145,0.9539930555555556,False,1.0,False,0.03157120900141308,0.959825327510917,False,real,real-llama3.1-N2000,nli,frac-0.02,2000
26,log:F1,The post discusses medicine or health.,rewrite,2000,582,40,1378,0,1.0,1.0,1.0,100,1.0,False,1.0,False,0.014774332994420547,1.0,False,real,real-llama3.1-N2000,nli,frac-0.02,2000
27,log:F2,The post discusses a specific disease or medical condition.,rewrite,2000,582,40,1378,0,1.0,1.0,1.0,49,1.0,False,1.0,False,0.0005567499974858947,1.0,False,real,real-llama3.1-N2000,nli,frac-0.02,2000
28,log:F3,The post discusses space or astronomy.,rewrite,2000,1294,20,686,0,1.0,1.0,1.0,73,1.0,False,1.0,False,0.0003244580002501607,1.0,False,real,real-llama3.1-N2000,nli,frac-0.02,2000
29,log:F4,The post discusses cryptography or encryption.,rewrite,2000,1294,20,686,0,1.0,1.0,1.0,62,1.0,False,1.0,False,0.0003002090015797876,1.0,False,real,real-llama3.1-N2000,nli,frac-0.02,2000
30,log:F5,The post discusses computer security.,rewrite,2000,582,40,1378,0,1.0,1.0,1.0,98,1.0,False,1.0,False,0.0003645410033641383,1.0,False,real,real-llama3.1-N2000,nli,frac-0.02,2000
31,log:F6,The post discusses science.,rewrite,1983,1417,20,546,0,1.0,0.9770992366412213,0.9884169884169884,262,0.9377289377289377,False,1.0,False,0.0008180840013665147,0.9770992366412213,False,real,real-llama3.1-N2000,nli,frac-0.02,2000
32,log:G1,The post mentions an operating system.,rewrite,2000,1504,40,456,0,1.0,1.0,1.0,196,1.0,False,1.0,False,0.0006744159982190467,1.0,False,real,real-llama3.1-N2000,nli,frac-0.02,2000
33,log:G2,The post mentions Microsoft Windows.,rewrite,2000,1368,40,592,0,1.0,1.0,1.0,73,1.0,False,1.0,False,0.0006700000012642704,1.0,False,real,real-llama3.1-N2000,nli,frac-0.02,2000
34,log:G3,The post mentions the X Window System.,rewrite,2000,1504,40,456,0,1.0,1.0,1.0,76,1.0,False,1.0,False,0.0006163750003906898,1.0,False,real,real-llama3.1-N2000,nli,frac-0.02,2000
35,log:G4,The post discusses software rather than hardware.,rewrite,1996,2,40,1954,0,1.0,0.9973333333333333,0.9986648865153538,375,0.9894179894179894,False,1.0,False,0.0008577499975217506,0.9973333333333333,False,real,real-llama3.1-N2000,nli,frac-0.02,2000
36,log:G5,The post recommends a product or a service.,rewrite,2000,0,40,1960,0,1.0,1.0,1.0,83,1.0,False,1.0,False,0.0007796250065439381,1.0,False,real,real-llama3.1-N2000,nli,frac-0.02,2000
37,log:H1,The post asks for technical help with computer hardware.,exact-hit,0,0,0,0,0,1.0,1.0,1.0,271,,,,,4.666995664592832e-06,1.0,,real,real-llama3.1-N2000,nli,frac-0.02,2000
38,log:H2,The post is selling something.,rewrite,1987,1086,40,861,0,1.0,1.0,1.0,93,0.9887640449438202,False,0.946236559139785,False,0.0009248749993275851,1.0,False,real,real-llama3.1-N2000,nli,frac-0.02,2000
39,log:H3,The post is about a motor vehicle.,rewrite,2000,1195,40,765,0,1.0,1.0,1.0,155,1.0,False,1.0,False,0.0003780409970204346,1.0,False,real,real-llama3.1-N2000,nli,frac-0.02,2000
40,log:H4,The post is about a car or a motorcycle.,rewrite,1996,845,82,1069,0,1.0,1.0,1.0,138,1.0,False,0.9855072463768116,False,0.0008307079988298938,1.0,False,real,real-llama3.1-N2000,nli,frac-0.02,2000
41,log:H5,The post gives advice about maintaining a vehicle.,rewrite,1999,1161,20,818,0,1.0,1.0,1.0,37,0.9736842105263158,False,1.0,False,0.0008677919977344573,1.0,False,real,real-llama3.1-N2000,nli,frac-0.02,2000
42,log:H6,The tone of the post is angry or annoyed.,rewrite,2000,52,39,1909,0,1.0,1.0,1.0,769,1.0,False,1.0,False,0.0011617499985732138,1.0,False,real,real-llama3.1-N2000,nli,frac-0.02,2000
43,log:H7,The post is about a computer operating system.,rewrite,1997,923,22,1052,0,1.0,1.0,1.0,176,0.9832402234636871,False,1.0,False,0.0007808340014889836,1.0,False,real,real-llama3.1-N2000,nli,frac-0.02,2000
44,log:H8,The post is a for-sale advertisement.,rewrite,1980,80,58,1842,0,0.9886363636363636,1.0,0.9942857142857142,87,0.9651162790697675,False,0.9431818181818182,False,0.0009798340033739805,1.0,False,real,real-llama3.1-N2000,nli,frac-0.02,2000
45,log:H9,The post discusses encryption algorithms or key management.,rewrite,2000,1227,60,713,0,1.0,1.0,1.0,46,1.0,False,1.0,False,0.0004019999978481792,1.0,False,real,real-llama3.1-N2000,nli,frac-0.02,2000
46,log:H10,The post asks a question about computer hardware.,rewrite,1987,706,26,1255,0,1.0,0.9630681818181818,0.9811866859623734,352,0.9630681818181818,False,1.0,False,0.0008966249952209182,0.9630681818181818,False,real,real-llama3.1-N2000,nli,frac-0.02,2000
0,log:A1,The post asks for technical help with computer hardware.,cold,2000,2000,0,0,0,1.0,1.0,1.0,271,,,,,3.9040998672135174e-05,1.0,,real,real-llama3.1-N2000,nli,frac-0.05,2000
1,log:A2,The post asks for technical help with a personal computer's hardware.,rewrite,2000,1729,20,251,0,1.0,1.0,1.0,235,1.0,False,1.0,False,0.0002390829977230169,1.0,False,real,real-llama3.1-N2000,nli,frac-0.05,2000
2,log:A3,The post is a request for technical assistance concerning computer hardware.,rewrite,1786,46,107,1633,0,0.9900332225913622,0.9770491803278688,0.9834983498349835,305,0.9671532846715328,False,0.8803986710963455,False,0.0009950840030796826,0.9770491803278688,False,real,real-llama3.1-N2000,nli,frac-0.05,2000
3,log:A4,The post asks for help with Macintosh hardware.,rewrite,2000,1690,20,290,0,1.0,1.0,1.0,59,1.0,False,1.0,False,0.00022333299421006814,1.0,False,real,real-llama3.1-N2000,nli,frac-0.05,2000
4,log:A5,The post describes a hardware problem the author is experiencing.,cold,2000,2000,0,0,0,1.0,1.0,1.0,172,,,,,0.00010983399988617748,1.0,,real,real-llama3.1-N2000,nli,frac-0.05,2000
5,log:B1,The post offers an item for sale.,cold,2000,2000,0,0,0,1.0,1.0,1.0,96,,,,,0.00010816600115504116,1.0,,real,real-llama3.1-N2000,nli,frac-0.05,2000
6,log:B2,The post offers a computer or a computer part for sale.,rewrite,2000,1904,20,76,0,1.0,1.0,1.0,48,1.0,False,1.0,False,0.00016854199930094182,1.0,False,real,real-llama3.1-N2000,nli,frac-0.05,2000
7,log:B3,The post mentions a specific price in dollars.,cold,2000,2000,0,0,0,1.0,1.0,1.0,139,,,,,0.00011433300096541643,1.0,,real,real-llama3.1-N2000,nli,frac-0.05,2000
8,log:B4,The post is an advertisement.,rewrite,1996,2,100,1894,0,1.0,0.9732142857142857,0.9864253393665159,112,0.9646017699115044,False,1.0,False,0.0008165410035871901,0.9732142857142857,False,real,real-llama3.1-N2000,nli,frac-0.05,2000
9,log:B5,The post is looking to buy something rather than to sell something.,rewrite,1980,32,99,1849,0,1.0,0.9719887955182073,0.9857954545454545,357,0.9455040871934605,False,1.0,False,0.0013025829975958914,0.9719887955182073,False,real,real-llama3.1-N2000,nli,frac-0.05,2000
10,log:C1,The post discusses a professional sports team.,cold,2000,2000,0,0,0,1.0,1.0,1.0,166,,,,,0.00014808400010224432,1.0,,real,real-llama3.1-N2000,nli,frac-0.05,2000
11,log:C2,The post discusses a professional baseball team.,rewrite,2000,262,87,1651,0,1.0,1.0,1.0,90,1.0,False,1.0,False,0.0006048750001355074,1.0,False,real,real-llama3.1-N2000,nli,frac-0.05,2000
12,log:C3,The post mentions a player's statistics.,rewrite,2000,96,96,1808,0,1.0,1.0,1.0,55,1.0,False,1.0,False,0.0005779999992228113,1.0,False,real,real-llama3.1-N2000,nli,frac-0.05,2000
13,log:C4,The post is about a sporting event that has already taken place.,cold,2000,2000,0,0,0,1.0,1.0,1.0,132,,,,,0.00014504199498333037,1.0,,real,real-llama3.1-N2000,nli,frac-0.05,2000
14,log:C5,The post is about sports.,rewrite,2000,63,97,1840,0,1.0,1.0,1.0,193,1.0,False,1.0,False,0.0007329169966396876,1.0,False,real,real-llama3.1-N2000,nli,frac-0.05,2000
15,log:D1,The post argues about politics.,cold,2000,2000,0,0,0,1.0,1.0,1.0,297,,,,,0.00015125000209081918,1.0,,real,real-llama3.1-N2000,nli,frac-0.05,2000
16,log:D2,The post argues about gun control policy.,cold,2000,2000,0,0,0,1.0,1.0,1.0,48,,,,,0.0001433749930583872,1.0,,real,real-llama3.1-N2000,nli,frac-0.05,2000
17,log:D3,The post expresses a religious belief.,rewrite,2000,1891,20,89,0,1.0,1.0,1.0,145,1.0,False,1.0,False,0.0002165830010198988,1.0,False,real,real-llama3.1-N2000,nli,frac-0.05,2000
18,log:D4,The post argues about religion.,cold,2000,2000,0,0,0,1.0,1.0,1.0,218,,,,,0.00015262500528478995,1.0,,real,real-llama3.1-N2000,nli,frac-0.05,2000
19,log:D5,The post discusses the Middle East.,rewrite,2000,484,76,1440,0,1.0,1.0,1.0,62,1.0,False,1.0,False,0.0006363330030580983,1.0,False,real,real-llama3.1-N2000,nli,frac-0.05,2000
20,log:D6,The post criticizes a government or a government policy.,cold,2000,2000,0,0,0,1.0,1.0,1.0,207,,,,,0.0001662499998928979,1.0,,real,real-llama3.1-N2000,nli,frac-0.05,2000
21,log:E1,The author of the post is frustrated or angry.,cold,2000,2000,0,0,0,1.0,1.0,1.0,1112,,,,,0.0001592499975231476,1.0,,real,real-llama3.1-N2000,nli,frac-0.05,2000
22,log:E2,The post contains a question.,rewrite,1941,0,100,1841,0,1.0,0.9527027027027027,0.9757785467128028,740,0.9227748691099477,False,1.0,False,0.01719666600547498,0.9527027027027027,False,real,real-llama3.1-N2000,nli,frac-0.05,2000
23,log:E3,The post quotes another message.,rewrite,1864,0,100,1764,0,1.0,0.9463350785340314,0.972427706792199,1528,0.9140328697850821,False,1.0,False,0.0025337080005556345,0.9463350785340314,False,real,real-llama3.1-N2000,nli,frac-0.05,2000
24,log:E4,The post uses technical jargon.,cold,2000,2000,0,0,0,1.0,1.0,1.0,813,,,,,0.0007426660013152286,1.0,,real,real-llama3.1-N2000,nli,frac-0.05,2000
25,log:E5,The post makes a factual claim that could be checked.,rewrite,1946,0,100,1846,0,1.0,0.9589519650655022,0.9790459206419974,1145,0.953125,False,1.0,False,0.0010744169994723052,0.9589519650655022,False,real,real-llama3.1-N2000,nli,frac-0.05,2000
26,log:F1,The post discusses medicine or health.,rewrite,2000,582,72,1346,0,1.0,1.0,1.0,100,1.0,False,1.0,False,0.000450999999884516,1.0,False,real,real-llama3.1-N2000,nli,frac-0.05,2000
27,log:F2,The post discusses a specific disease or medical condition.,rewrite,2000,582,72,1346,0,1.0,1.0,1.0,49,1.0,False,1.0,False,0.0003936669963877648,1.0,False,real,real-llama3.1-N2000,nli,frac-0.05,2000
28,log:F3,The post discusses space or astronomy.,rewrite,2000,1295,36,669,0,1.0,1.0,1.0,73,1.0,False,1.0,False,0.0003073330008191988,1.0,False,real,real-llama3.1-N2000,nli,frac-0.05,2000
29,log:F4,The post discusses cryptography or encryption.,rewrite,2000,1295,36,669,0,1.0,1.0,1.0,62,1.0,False,1.0,False,0.00029925000126240775,1.0,False,real,real-llama3.1-N2000,nli,frac-0.05,2000
30,log:F5,The post discusses computer security.,rewrite,2000,582,72,1346,0,1.0,1.0,1.0,98,1.0,False,1.0,False,0.0005284590006340295,1.0,False,real,real-llama3.1-N2000,nli,frac-0.05,2000
31,log:F6,The post discusses science.,rewrite,1985,1417,30,538,0,1.0,0.9770992366412213,0.9884169884169884,262,0.9446494464944649,False,1.0,False,0.000989042004221119,0.9770992366412213,False,real,real-llama3.1-N2000,nli,frac-0.05,2000
32,log:G1,The post mentions an operating system.,rewrite,2000,1503,43,454,0,1.0,1.0,1.0,196,1.0,False,1.0,False,0.0007899999982328154,1.0,False,real,real-llama3.1-N2000,nli,frac-0.05,2000
33,log:G2,The post mentions Microsoft Windows.,rewrite,2000,1368,44,588,0,1.0,1.0,1.0,73,1.0,False,1.0,False,0.0007134580009733327,1.0,False,real,real-llama3.1-N2000,nli,frac-0.05,2000
34,log:G3,The post mentions the X Window System.,rewrite,2000,1503,43,454,0,1.0,1.0,1.0,76,1.0,False,1.0,False,0.05141566700331168,1.0,False,real,real-llama3.1-N2000,nli,frac-0.05,2000
35,log:G4,The post discusses software rather than hardware.,rewrite,1996,2,100,1894,0,1.0,0.9973333333333333,0.9986648865153538,375,0.9894179894179894,False,1.0,False,0.00894295799662359,0.9973333333333333,False,real,real-llama3.1-N2000,nli,frac-0.05,2000
36,log:G5,The post recommends a product or a service.,rewrite,2000,0,100,1900,0,1.0,1.0,1.0,83,1.0,False,1.0,False,0.0011015839991159737,1.0,False,real,real-llama3.1-N2000,nli,frac-0.05,2000
37,log:H1,The post asks for technical help with computer hardware.,exact-hit,0,0,0,0,0,1.0,1.0,1.0,271,,,,,5.000001692678779e-06,1.0,,real,real-llama3.1-N2000,nli,frac-0.05,2000
38,log:H2,The post is selling something.,rewrite,1987,1085,64,838,0,0.9893617021276596,1.0,0.9946524064171123,93,0.989010989010989,False,0.9574468085106383,False,0.0009625839957152493,1.0,False,real,real-llama3.1-N2000,nli,frac-0.05,2000
39,log:H3,The post is about a motor vehicle.,rewrite,2000,1196,56,748,0,1.0,1.0,1.0,155,1.0,False,1.0,False,0.0003912920001312159,1.0,False,real,real-llama3.1-N2000,nli,frac-0.05,2000
40,log:H4,The post is about a car or a motorcycle.,rewrite,1996,844,114,1038,0,1.0,1.0,1.0,138,1.0,False,0.9855072463768116,False,0.0008496249938616529,1.0,False,real,real-llama3.1-N2000,nli,frac-0.05,2000
41,log:H5,The post gives advice about maintaining a vehicle.,rewrite,1999,1160,42,797,0,1.0,1.0,1.0,37,0.9736842105263158,False,1.0,False,0.0008316670064232312,1.0,False,real,real-llama3.1-N2000,nli,frac-0.05,2000
42,log:H6,The tone of the post is angry or annoyed.,rewrite,1918,52,98,1768,0,1.0,0.9362808842652796,0.9670920080591,769,0.9,False,1.0,False,0.0017408339990652166,0.9362808842652796,False,real,real-llama3.1-N2000,nli,frac-0.05,2000
43,log:H7,The post is about a computer operating system.,rewrite,1997,923,54,1020,0,1.0,1.0,1.0,176,0.9832402234636871,False,1.0,False,0.0007897090035839938,1.0,False,real,real-llama3.1-N2000,nli,frac-0.05,2000
44,log:H8,The post is a for-sale advertisement.,rewrite,1980,80,114,1786,0,1.0,1.0,1.0,87,0.9642857142857143,False,0.9310344827586207,False,0.0009445420000702143,1.0,False,real,real-llama3.1-N2000,nli,frac-0.05,2000
45,log:H9,The post discusses encryption algorithms or key management.,rewrite,2000,1228,75,697,0,1.0,1.0,1.0,46,1.0,False,1.0,False,0.0004162499972153455,1.0,False,real,real-llama3.1-N2000,nli,frac-0.05,2000
46,log:H10,The post asks a question about computer hardware.,rewrite,1986,705,65,1216,0,1.0,0.9602272727272727,0.9797101449275363,352,0.9602272727272727,False,1.0,False,0.0009246249974239618,0.9602272727272727,False,real,real-llama3.1-N2000,nli,frac-0.05,2000
0,log:A1,The post asks for technical help with computer hardware.,cold,2000,2000,0,0,0,1.0,1.0,1.0,271,,,,,4.083399835508317e-05,1.0,,real,real-llama3.1-N2000,nli,frac-0.10,2000
1,log:A2,The post asks for technical help with a personal computer's hardware.,rewrite,2000,1729,28,243,0,1.0,1.0,1.0,235,1.0,False,1.0,False,0.00023695900017628446,1.0,False,real,real-llama3.1-N2000,nli,frac-0.10,2000
2,log:A3,The post is a request for technical assistance concerning computer hardware.,rewrite,1788,46,196,1546,0,0.9933110367892977,0.9737704918032787,0.9834437086092715,305,0.9619771863117871,False,0.8461538461538461,False,0.000979666001512669,0.9737704918032787,False,real,real-llama3.1-N2000,nli,frac-0.10,2000
3,log:A4,The post asks for help with Macintosh hardware.,rewrite,2000,1690,30,280,0,1.0,1.0,1.0,59,1.0,False,1.0,False,0.00022600000374950469,1.0,False,real,real-llama3.1-N2000,nli,frac-0.10,2000
4,log:A5,The post describes a hardware problem the author is experiencing.,cold,2000,2000,0,0,0,1.0,1.0,1.0,172,,,,,0.00011087500024586916,1.0,,real,real-llama3.1-N2000,nli,frac-0.10,2000
5,log:B1,The post offers an item for sale.,cold,2000,2000,0,0,0,1.0,1.0,1.0,96,,,,,0.00010687499889172614,1.0,,real,real-llama3.1-N2000,nli,frac-0.10,2000
6,log:B2,The post offers a computer or a computer part for sale.,rewrite,2000,1904,20,76,0,1.0,1.0,1.0,48,1.0,False,1.0,False,0.0001792920011212118,1.0,False,real,real-llama3.1-N2000,nli,frac-0.10,2000
7,log:B3,The post mentions a specific price in dollars.,cold,2000,2000,0,0,0,1.0,1.0,1.0,139,,,,,0.00011320899648126215,1.0,,real,real-llama3.1-N2000,nli,frac-0.10,2000
8,log:B4,The post is an advertisement.,rewrite,1996,2,200,1794,0,1.0,0.9732142857142857,0.9864253393665159,112,0.9646017699115044,False,1.0,False,0.001043500000378117,0.9732142857142857,False,real,real-llama3.1-N2000,nli,frac-0.10,2000
9,log:B5,The post is looking to buy something rather than to sell something.,rewrite,1982,32,197,1753,0,1.0,0.9719887955182073,0.9857954545454545,357,0.9506849315068493,False,1.0,False,0.0012996250006835908,0.9719887955182073,False,real,real-llama3.1-N2000,nli,frac-0.10,2000
10,log:C1,The post discusses a professional sports team.,cold,2000,2000,0,0,0,1.0,1.0,1.0,166,,,,,0.00014391699369298294,1.0,,real,real-llama3.1-N2000,nli,frac-0.10,2000
11,log:C2,The post discusses a professional baseball team.,rewrite,2000,262,174,1564,0,1.0,1.0,1.0,90,1.0,False,1.0,False,0.0006106660002842546,1.0,False,real,real-llama3.1-N2000,nli,frac-0.10,2000
12,log:C3,The post mentions a player's statistics.,rewrite,2000,96,191,1713,0,1.0,1.0,1.0,55,1.0,False,1.0,False,0.00062570800218964,1.0,False,real,real-llama3.1-N2000,nli,frac-0.10,2000
13,log:C4,The post is about a sporting event that has already taken place.,cold,2000,2000,0,0,0,1.0,1.0,1.0,132,,,,,0.00014925000141374767,1.0,,real,real-llama3.1-N2000,nli,frac-0.10,2000
14,log:C5,The post is about sports.,rewrite,2000,63,194,1743,0,1.0,1.0,1.0,193,1.0,False,1.0,False,0.0007121669987100177,1.0,False,real,real-llama3.1-N2000,nli,frac-0.10,2000
15,log:D1,The post argues about politics.,cold,2000,2000,0,0,0,1.0,1.0,1.0,297,,,,,0.00015491699741687626,1.0,,real,real-llama3.1-N2000,nli,frac-0.10,2000
16,log:D2,The post argues about gun control policy.,cold,2000,2000,0,0,0,1.0,1.0,1.0,48,,,,,0.0001418329993612133,1.0,,real,real-llama3.1-N2000,nli,frac-0.10,2000
17,log:D3,The post expresses a religious belief.,rewrite,2000,1891,20,89,0,1.0,1.0,1.0,145,1.0,False,1.0,False,0.00021237500186543912,1.0,False,real,real-llama3.1-N2000,nli,frac-0.10,2000
18,log:D4,The post argues about religion.,cold,2000,2000,0,0,0,1.0,1.0,1.0,218,,,,,0.00014904099953128025,1.0,,real,real-llama3.1-N2000,nli,frac-0.10,2000
19,log:D5,The post discusses the Middle East.,rewrite,2000,484,152,1364,0,1.0,1.0,1.0,62,1.0,False,1.0,False,0.0006408340050256811,1.0,False,real,real-llama3.1-N2000,nli,frac-0.10,2000
20,log:D6,The post criticizes a government or a government policy.,cold,2000,2000,0,0,0,1.0,1.0,1.0,207,,,,,0.0001687909971224144,1.0,,real,real-llama3.1-N2000,nli,frac-0.10,2000
21,log:E1,The author of the post is frustrated or angry.,cold,2000,2000,0,0,0,1.0,1.0,1.0,1112,,,,,0.0001586660000612028,1.0,,real,real-llama3.1-N2000,nli,frac-0.10,2000
22,log:E2,The post contains a question.,rewrite,1947,0,200,1747,0,1.0,0.9581081081081081,0.9786059351276744,740,0.9316688567674113,False,1.0,False,0.0013369160005822778,0.9581081081081081,False,real,real-llama3.1-N2000,nli,frac-0.10,2000
23,log:E3,The post quotes another message.,rewrite,1875,0,200,1675,0,1.0,0.9482984293193717,0.9734632180047027,1528,0.943359375,False,1.0,False,0.0017827089977799915,0.9482984293193717,False,real,real-llama3.1-N2000,nli,frac-0.10,2000
24,log:E4,The post uses technical jargon.,cold,2000,2000,0,0,0,1.0,1.0,1.0,813,,,,,0.0006532079933094792,1.0,,real,real-llama3.1-N2000,nli,frac-0.10,2000
25,log:E5,The post makes a factual claim that could be checked.,rewrite,1948,0,200,1748,0,1.0,0.9606986899563319,0.9799554565701559,1145,0.9548611111111112,False,1.0,False,0.03472354100085795,0.9606986899563319,False,real,real-llama3.1-N2000,nli,frac-0.10,2000
26,log:F1,The post discusses medicine or health.,rewrite,2000,580,143,1277,0,1.0,1.0,1.0,100,1.0,False,1.0,False,0.008148208005877677,1.0,False,real,real-llama3.1-N2000,nli,frac-0.10,2000
27,log:F2,The post discusses a specific disease or medical condition.,rewrite,2000,580,143,1277,0,1.0,1.0,1.0,49,1.0,False,1.0,False,0.03621874999953434,1.0,False,real,real-llama3.1-N2000,nli,frac-0.10,2000
28,log:F3,The post discusses space or astronomy.,rewrite,2000,1291,71,638,0,1.0,1.0,1.0,73,1.0,False,1.0,False,0.0005919579998590052,1.0,False,real,real-llama3.1-N2000,nli,frac-0.10,2000
29,log:F4,The post discusses cryptography or encryption.,rewrite,2000,1291,71,638,0,1.0,1.0,1.0,62,1.0,False,1.0,False,0.00035229200148023665,1.0,False,real,real-llama3.1-N2000,nli,frac-0.10,2000
30,log:F5,The post discusses computer security.,rewrite,2000,580,143,1277,0,1.0,1.0,1.0,98,1.0,False,1.0,False,0.000396167000872083,1.0,False,real,real-llama3.1-N2000,nli,frac-0.10,2000
31,log:F6,The post discusses science.,rewrite,1984,1419,58,507,0,1.0,0.9770992366412213,0.9884169884169884,262,0.9411764705882353,False,1.0,False,0.0009638330011512153,0.9770992366412213,False,real,real-llama3.1-N2000,nli,frac-0.10,2000
32,log:G1,The post mentions an operating system.,rewrite,2000,1507,65,428,0,1.0,1.0,1.0,196,1.0,False,1.0,False,0.0007806249996065162,1.0,False,real,real-llama3.1-N2000,nli,frac-0.10,2000
33,log:G2,The post mentions Microsoft Windows.,rewrite,2000,1371,67,562,0,1.0,1.0,1.0,73,1.0,False,1.0,False,0.0007170000026235357,1.0,False,real,real-llama3.1-N2000,nli,frac-0.10,2000
34,log:G3,The post mentions the X Window System.,rewrite,2000,1507,65,428,0,1.0,1.0,1.0,76,1.0,False,1.0,False,0.02017737500136718,1.0,False,real,real-llama3.1-N2000,nli,frac-0.10,2000
35,log:G4,The post discusses software rather than hardware.,rewrite,1996,2,200,1794,0,1.0,0.9973333333333333,0.9986648865153538,375,0.9894179894179894,False,1.0,False,0.0011641669989330694,0.9973333333333333,False,real,real-llama3.1-N2000,nli,frac-0.10,2000
36,log:G5,The post recommends a product or a service.,rewrite,2000,0,200,1800,0,1.0,1.0,1.0,83,1.0,False,1.0,False,0.0010082919980050065,1.0,False,real,real-llama3.1-N2000,nli,frac-0.10,2000
37,log:H1,The post asks for technical help with computer hardware.,exact-hit,0,0,0,0,0,1.0,1.0,1.0,271,,,,,6.20899663772434e-06,1.0,,real,real-llama3.1-N2000,nli,frac-0.10,2000
38,log:H2,The post is selling something.,rewrite,1987,1087,108,792,0,1.0,1.0,1.0,93,0.9887640449438202,False,0.946236559139785,False,0.0009922499957610853,1.0,False,real,real-llama3.1-N2000,nli,frac-0.10,2000
39,log:H3,The post is about a motor vehicle.,rewrite,2000,1192,91,717,0,1.0,1.0,1.0,155,1.0,False,1.0,False,0.00040541700582252815,1.0,False,real,real-llama3.1-N2000,nli,frac-0.10,2000
40,log:H4,The post is about a car or a motorcycle.,rewrite,1996,848,167,981,0,1.0,1.0,1.0,138,1.0,False,0.9855072463768116,False,0.0008535419983672909,1.0,False,real,real-llama3.1-N2000,nli,frac-0.10,2000
41,log:H5,The post gives advice about maintaining a vehicle.,rewrite,1999,1162,84,753,0,1.0,1.0,1.0,37,0.9736842105263158,False,1.0,False,0.0008988749978016131,1.0,False,real,real-llama3.1-N2000,nli,frac-0.10,2000
42,log:H6,The tone of the post is angry or annoyed.,rewrite,1922,52,195,1675,0,1.0,0.9388816644993498,0.9684775318578136,769,0.9093198992443325,False,1.0,False,0.0018721249944064766,0.9388816644993498,False,real,real-llama3.1-N2000,nli,frac-0.10,2000
43,log:H7,The post is about a computer operating system.,rewrite,1997,925,108,964,0,1.0,1.0,1.0,176,0.9832402234636871,False,1.0,False,0.0008568339981138706,1.0,False,real,real-llama3.1-N2000,nli,frac-0.10,2000
44,log:H8,The post is a for-sale advertisement.,rewrite,1980,80,208,1692,0,1.0,1.0,1.0,87,0.9642857142857143,False,0.9310344827586207,False,0.011834833996545058,1.0,False,real,real-llama3.1-N2000,nli,frac-0.10,2000
45,log:H9,The post discusses encryption algorithms or key management.,rewrite,2000,1225,109,666,0,1.0,1.0,1.0,46,1.0,False,1.0,False,0.0036253750004107133,1.0,False,real,real-llama3.1-N2000,nli,frac-0.10,2000
46,log:H10,The post asks a question about computer hardware.,rewrite,1986,709,130,1147,0,1.0,0.9602272727272727,0.9797101449275363,352,0.9602272727272727,False,1.0,False,0.00131695900199702,0.9602272727272727,False,real,real-llama3.1-N2000,nli,frac-0.10,2000
0,log:A1,The post asks for technical help with computer hardware.,cold,2000,2000,0,0,0,1.0,1.0,1.0,271,,,,,4.362500476418063e-05,1.0,,real,real-llama3.1-N2000,nli,recall-only,2000
1,log:A2,The post asks for technical help with a personal computer's hardware.,rewrite,1758,1729,29,0,0,0.8576642335766423,1.0,0.9233791748526523,235,1.0,False,,,0.000513375001901295,1.0,False,real,real-llama3.1-N2000,nli,recall-only,2000
2,log:A3,The post is a request for technical assistance concerning computer hardware.,rewrite,1763,7,430,1326,0,0.9834983498349835,0.9770491803278688,0.9802631578947368,305,0.9675090252707581,False,,,0.0009673330059740692,0.9770491803278688,False,real,real-llama3.1-N2000,nli,recall-only,2000
3,log:A4,The post asks for help with Macintosh hardware.,rewrite,1733,1687,36,10,0,0.20921985815602837,1.0,0.3460410557184751,59,1.0,False,,,0.0004395830037537962,1.0,False,real,real-llama3.1-N2000,nli,recall-only,2000
4,log:A5,The post describes a hardware problem the author is experiencing.,cold,2000,2000,0,0,0,1.0,1.0,1.0,172,,,,,0.00011795899627031758,1.0,,real,real-llama3.1-N2000,nli,recall-only,2000
5,log:B1,The post offers an item for sale.,cold,2000,2000,0,0,0,1.0,1.0,1.0,96,,,,,0.0001111250021494925,1.0,,real,real-llama3.1-N2000,nli,recall-only,2000
6,log:B2,The post offers a computer or a computer part for sale.,rewrite,1933,1904,29,0,0,0.5517241379310345,1.0,0.7111111111111111,48,1.0,False,,,0.019862375003867783,1.0,False,real,real-llama3.1-N2000,nli,recall-only,2000
7,log:B3,The post mentions a specific price in dollars.,cold,2000,2000,0,0,0,1.0,1.0,1.0,139,,,,,0.0003448330026003532,1.0,,real,real-llama3.1-N2000,nli,recall-only,2000
8,log:B4,The post is an advertisement.,rewrite,2000,7,0,1993,0,1.0,1.0,1.0,112,1.0,False,,,0.011379874995327555,1.0,False,real,real-llama3.1-N2000,nli,recall-only,2000
9,log:B5,The post is looking to buy something rather than to sell something.,rewrite,1976,112,1656,208,0,1.0,0.9719887955182073,0.9857954545454545,357,0.9532967032967034,False,,,0.0015635419986210763,0.9719887955182073,False,real,real-llama3.1-N2000,nli,recall-only,2000
10,log:C1,The post discusses a professional sports team.,cold,2000,2000,0,0,0,1.0,1.0,1.0,166,,,,,0.0002276660015922971,1.0,,real,real-llama3.1-N2000,nli,recall-only,2000
11,log:C2,The post discusses a professional baseball team.,rewrite,1080,262,818,0,0,1.0,0.9777777777777777,0.9887640449438202,90,0.946236559139785,False,,,0.0013128329956089146,0.9777777777777777,False,real,real-llama3.1-N2000,nli,recall-only,2000
12,log:C3,The post mentions a player's statistics.,rewrite,2000,96,0,1904,0,1.0,1.0,1.0,55,1.0,False,,,0.00025062499480554834,1.0,False,real,real-llama3.1-N2000,nli,recall-only,2000
13,log:C4,The post is about a sporting event that has already taken place.,cold,2000,2000,0,0,0,1.0,1.0,1.0,132,,,,,0.00014745799853699282,1.0,,real,real-llama3.1-N2000,nli,recall-only,2000
14,log:C5,The post is about sports.,rewrite,1993,63,1514,416,0,1.0,0.9637305699481865,0.9815303430079156,193,0.9637305699481865,False,,,0.010743708000518382,0.9637305699481865,False,real,real-llama3.1-N2000,nli,recall-only,2000
15,log:D1,The post argues about politics.,cold,2000,2000,0,0,0,1.0,1.0,1.0,297,,,,,0.00033558299764990807,1.0,,real,real-llama3.1-N2000,nli,recall-only,2000
16,log:D2,The post argues about gun control policy.,cold,2000,2000,0,0,0,1.0,1.0,1.0,48,,,,,0.00017625000327825546,1.0,,real,real-llama3.1-N2000,nli,recall-only,2000
17,log:D3,The post expresses a religious belief.,rewrite,1917,1888,29,0,0,0.6359649122807017,1.0,0.7774798927613942,145,1.0,False,,,0.0002777920017251745,1.0,False,real,real-llama3.1-N2000,nli,recall-only,2000
18,log:D4,The post argues about religion.,cold,2000,2000,0,0,0,1.0,1.0,1.0,218,,,,,0.00016491600399604067,1.0,,real,real-llama3.1-N2000,nli,recall-only,2000
19,log:D5,The post discusses the Middle East.,rewrite,1857,503,1354,0,0,0.8051948051948052,1.0,0.8920863309352518,62,0.9393939393939394,False,,,0.0011604160026763566,1.0,False,real,real-llama3.1-N2000,nli,recall-only,2000
20,log:D6,The post criticizes a government or a government policy.,cold,2000,2000,0,0,0,1.0,1.0,1.0,207,,,,,0.00020383299852255732,1.0,,real,real-llama3.1-N2000,nli,recall-only,2000
21,log:E1,The author of the post is frustrated or angry.,cold,2000,2000,0,0,0,1.0,1.0,1.0,1112,,,,,0.00016695800150046125,1.0,,real,real-llama3.1-N2000,nli,recall-only,2000
22,log:E2,The post contains a question.,rewrite,2000,0,0,2000,0,1.0,1.0,1.0,740,1.0,False,,,0.0003399170018383302,1.0,False,real,real-llama3.1-N2000,nli,recall-only,2000
23,log:E3,The post quotes another message.,rewrite,2000,0,0,2000,0,1.0,1.0,1.0,1528,1.0,False,,,0.00034383300226181746,1.0,False,real,real-llama3.1-N2000,nli,recall-only,2000
24,log:E4,The post uses technical jargon.,cold,2000,2000,0,0,0,1.0,1.0,1.0,813,,,,,0.0001824589999159798,1.0,,real,real-llama3.1-N2000,nli,recall-only,2000
25,log:E5,The post makes a factual claim that could be checked.,rewrite,2000,0,0,2000,0,1.0,1.0,1.0,1145,1.0,False,,,0.0003252500027883798,1.0,False,real,real-llama3.1-N2000,nli,recall-only,2000
26,log:F1,The post discusses medicine or health.,rewrite,620,548,72,0,0,0.07168458781362007,1.0,0.13377926421404682,100,1.0,False,,,0.00034212500031571835,1.0,False,real,real-llama3.1-N2000,nli,recall-only,2000
27,log:F2,The post discusses a specific disease or medical condition.,rewrite,620,548,72,0,0,0.03522645578720345,1.0,0.06805555555555555,49,1.0,False,,,0.0005556250034715049,1.0,False,real,real-llama3.1-N2000,nli,recall-only,2000
28,log:F3,The post discusses space or astronomy.,rewrite,1289,1260,29,0,0,0.09567496723460026,1.0,0.17464114832535885,73,1.0,False,,,0.0002562080044299364,1.0,False,real,real-llama3.1-N2000,nli,recall-only,2000
29,log:F4,The post discusses cryptography or encryption.,rewrite,1289,1260,29,0,0,0.08222811671087533,1.0,0.15196078431372548,62,1.0,False,,,0.026302291997126304,1.0,False,real,real-llama3.1-N2000,nli,recall-only,2000
30,log:F5,The post discusses computer security.,rewrite,620,548,72,0,0,0.06970128022759602,1.0,0.13031914893617022,98,1.0,False,,,0.005739749998610932,1.0,False,real,real-llama3.1-N2000,nli,recall-only,2000
31,log:F6,The post discusses science.,rewrite,1829,1260,160,409,0,0.6377171215880894,0.9809160305343512,0.7729323308270678,262,0.9440298507462687,False,,,0.0013252919961814769,0.9809160305343512,False,real,real-llama3.1-N2000,nli,recall-only,2000
32,log:G1,The post mentions an operating system.,rewrite,1842,1467,148,227,0,0.6405228758169934,1.0,0.7808764940239044,196,1.0,False,,,0.0010398330050520599,1.0,False,real,real-llama3.1-N2000,nli,recall-only,2000
33,log:G2,The post mentions Microsoft Windows.,rewrite,1742,1429,311,2,0,0.35784313725490197,1.0,0.5270758122743682,73,0.9358974358974359,False,,,0.0012107919974368997,1.0,False,real,real-llama3.1-N2000,nli,recall-only,2000
34,log:G3,The post mentions the X Window System.,rewrite,1842,1467,42,333,0,0.3584905660377358,1.0,0.5277777777777778,76,1.0,False,,,0.00041125000279862434,1.0,False,real,real-llama3.1-N2000,nli,recall-only,2000
35,log:G4,The post discusses software rather than hardware.,rewrite,2000,21,0,1979,0,1.0,1.0,1.0,375,1.0,False,,,0.00033504200109746307,1.0,False,real,real-llama3.1-N2000,nli,recall-only,2000
36,log:G5,The post recommends a product or a service.,rewrite,2000,0,0,2000,0,1.0,1.0,1.0,83,1.0,False,,,0.00033995899866567925,1.0,False,real,real-llama3.1-N2000,nli,recall-only,2000
37,log:H1,The post asks for technical help with computer hardware.,exact-hit,0,0,0,0,0,1.0,1.0,1.0,271,,,,,5.374997272156179e-06,1.0,,real,real-llama3.1-N2000,nli,recall-only,2000
38,log:H2,The post is selling something.,rewrite,1654,1097,549,8,0,1.0,1.0,1.0,93,0.946236559139785,False,,,0.0019784169999184087,1.0,False,real,real-llama3.1-N2000,nli,recall-only,2000
39,log:H3,The post is about a motor vehicle.,rewrite,1231,1159,72,0,0,0.1781609195402299,1.0,0.30243902439024395,155,1.0,False,,,0.0007362079995800741,1.0,False,real,real-llama3.1-N2000,nli,recall-only,2000
40,log:H4,The post is about a car or a motorcycle.,rewrite,1959,880,436,643,0,0.8263473053892215,1.0,0.9049180327868852,138,1.0,False,,,0.0009083750046556816,1.0,False,real,real-llama3.1-N2000,nli,recall-only,2000
41,log:H5,The post gives advice about maintaining a vehicle.,rewrite,2000,1485,0,515,0,1.0,1.0,1.0,37,1.0,False,,,0.0003581669952836819,1.0,False,real,real-llama3.1-N2000,nli,recall-only,2000
42,log:H6,The tone of the post is angry or annoyed.,rewrite,2000,52,0,1948,0,1.0,1.0,1.0,769,1.0,False,,,0.00037366600008681417,1.0,False,real,real-llama3.1-N2000,nli,recall-only,2000
43,log:H7,The post is about a computer operating system.,rewrite,1299,968,311,20,0,1.0,0.9886363636363636,0.9942857142857142,176,0.9354838709677419,False,,,0.0012939160005771555,0.9886363636363636,False,real,real-llama3.1-N2000,nli,recall-only,2000
44,log:H8,The post is a for-sale advertisement.,rewrite,1296,41,1243,12,0,0.9772727272727273,0.9885057471264368,0.9828571428571428,87,0.9545454545454546,False,,,0.0015530830060015433,0.9885057471264368,False,real,real-llama3.1-N2000,nli,recall-only,2000
45,log:H9,The post discusses encryption algorithms or key management.,rewrite,663,557,78,28,0,0.0343796711509716,1.0,0.06647398843930635,46,1.0,False,,,0.0003886659978888929,1.0,False,real,real-llama3.1-N2000,nli,recall-only,2000
46,log:H10,The post asks a question about computer hardware.,rewrite,1965,737,395,833,0,1.0,0.9090909090909091,0.9523809523809523,352,0.9014084507042254,False,,,0.0010164999985136092,0.9090909090909091,False,real,real-llama3.1-N2000,nli,recall-only,2000
0,log:A1,The post asks for technical help with computer hardware.,cold,2000,2000,0,0,0,1.0,1.0,1.0,271,,,,,3.779199323616922e-05,1.0,,real,real-llama3.1-N2000,nli,recall-trust,2000
1,log:A2,The post asks for technical help with a personal computer's hardware.,rewrite,1729,1729,0,0,0,0.8362989323843416,1.0,0.9108527131782946,235,1.0,False,,,0.00017125000158557668,1.0,False,real,real-llama3.1-N2000,nli,recall-trust,2000
2,log:A3,The post is a request for technical assistance concerning computer hardware.,rewrite,1729,0,0,1729,0,0.9807073954983923,1.0,0.9902597402597403,305,1.0,False,,,0.00017949999892152846,1.0,False,real,real-llama3.1-N2000,nli,recall-trust,2000
3,log:A4,The post asks for help with Macintosh hardware.,rewrite,1687,1687,0,0,0,0.18670886075949367,1.0,0.31466666666666665,59,1.0,False,,,0.00013058300100965425,1.0,False,real,real-llama3.1-N2000,nli,recall-trust,2000
4,log:A5,The post describes a hardware problem the author is experiencing.,cold,2000,2000,0,0,0,1.0,1.0,1.0,172,,,,,0.00010712500079534948,1.0,,real,real-llama3.1-N2000,nli,recall-trust,2000
5,log:B1,The post offers an item for sale.,cold,2000,2000,0,0,0,1.0,1.0,1.0,96,,,,,0.00010583300172584131,1.0,,real,real-llama3.1-N2000,nli,recall-trust,2000
6,log:B2,The post offers a computer or a computer part for sale.,rewrite,1904,1904,0,0,0,0.48,1.0,0.6486486486486487,48,1.0,False,,,0.00013112500164425,1.0,False,real,real-llama3.1-N2000,nli,recall-trust,2000
7,log:B3,The post mentions a specific price in dollars.,cold,2000,2000,0,0,0,1.0,1.0,1.0,139,,,,,0.00011341599747538567,1.0,,real,real-llama3.1-N2000,nli,recall-trust,2000
8,log:B4,The post is an advertisement.,rewrite,2000,8,0,1992,0,1.0,1.0,1.0,112,1.0,False,,,0.00019845800125040114,1.0,False,real,real-llama3.1-N2000,nli,recall-trust,2000
9,log:B5,The post is looking to buy something rather than to sell something.,rewrite,1966,122,1593,251,0,1.0,0.9327731092436975,0.9652173913043478,357,0.9380281690140845,True,,,0.0012591660051839426,0.9327731092436975,True,real,real-llama3.1-N2000,nli,recall-trust,2000
10,log:C1,The post discusses a professional sports team.,cold,2000,2000,0,0,0,1.0,1.0,1.0,166,,,,,0.00014404200192075223,1.0,,real,real-llama3.1-N2000,nli,recall-trust,2000
11,log:C2,The post discusses a professional baseball team.,rewrite,1080,262,818,0,0,1.0,0.9777777777777777,0.9887640449438202,90,0.946236559139785,False,,,0.0012426670000422746,0.9777777777777777,False,real,real-llama3.1-N2000,nli,recall-trust,2000
12,log:C3,The post mentions a player's statistics.,rewrite,2000,96,0,1904,0,1.0,1.0,1.0,55,1.0,False,,,0.00019866700313286856,1.0,False,real,real-llama3.1-N2000,nli,recall-trust,2000
13,log:C4,The post is about a sporting event that has already taken place.,cold,2000,2000,0,0,0,1.0,1.0,1.0,132,,,,,0.00013662499986821786,1.0,,real,real-llama3.1-N2000,nli,recall-trust,2000
14,log:C5,The post is about sports.,rewrite,1981,63,1514,404,0,1.0,0.9015544041450777,0.9482288828337874,193,0.9015544041450777,False,,,0.06354524999915157,0.9015544041450777,False,real,real-llama3.1-N2000,nli,recall-trust,2000
15,log:D1,The post argues about politics.,cold,2000,2000,0,0,0,1.0,1.0,1.0,297,,,,,0.0003322500051581301,1.0,,real,real-llama3.1-N2000,nli,recall-trust,2000
16,log:D2,The post argues about gun control policy.,cold,2000,2000,0,0,0,1.0,1.0,1.0,48,,,,,0.0005323749937815592,1.0,,real,real-llama3.1-N2000,nli,recall-trust,2000
17,log:D3,The post expresses a religious belief.,rewrite,1888,1888,0,0,0,0.5642023346303502,1.0,0.7213930348258707,145,1.0,False,,,0.00023350000265054405,1.0,False,real,real-llama3.1-N2000,nli,recall-trust,2000
18,log:D4,The post argues about religion.,cold,2000,2000,0,0,0,1.0,1.0,1.0,218,,,,,0.00017337499593850225,1.0,,real,real-llama3.1-N2000,nli,recall-trust,2000
19,log:D5,The post discusses the Middle East.,rewrite,1581,477,1104,0,0,0.40559440559440557,0.9354838709677419,0.5658536585365853,62,0.9206349206349206,False,,,0.01459320800495334,0.9354838709677419,False,real,real-llama3.1-N2000,nli,recall-trust,2000
20,log:D6,The post criticizes a government or a government policy.,cold,2000,2000,0,0,0,1.0,1.0,1.0,207,,,,,0.0007172080004238524,1.0,,real,real-llama3.1-N2000,nli,recall-trust,2000
21,log:E1,The author of the post is frustrated or angry.,cold,2000,2000,0,0,0,1.0,1.0,1.0,1112,,,,,0.000541791996511165,1.0,,real,real-llama3.1-N2000,nli,recall-trust,2000
22,log:E2,The post contains a question.,rewrite,2000,0,0,2000,0,1.0,1.0,1.0,740,1.0,False,,,0.0008549580015824176,1.0,False,real,real-llama3.1-N2000,nli,recall-trust,2000
23,log:E3,The post quotes another message.,rewrite,2000,0,0,2000,0,1.0,1.0,1.0,1528,1.0,False,,,0.0009027080013765953,1.0,False,real,real-llama3.1-N2000,nli,recall-trust,2000
24,log:E4,The post uses technical jargon.,cold,2000,2000,0,0,0,1.0,1.0,1.0,813,,,,,0.000549292002688162,1.0,,real,real-llama3.1-N2000,nli,recall-trust,2000
25,log:E5,The post makes a factual claim that could be checked.,rewrite,2000,0,0,2000,0,1.0,1.0,1.0,1145,1.0,False,,,0.0008762500001466833,1.0,False,real,real-llama3.1-N2000,nli,recall-trust,2000
26,log:F1,The post discusses medicine or health.,rewrite,548,548,0,0,0,0.06825938566552901,1.0,0.12779552715654954,100,1.0,False,,,0.00046066600043559447,1.0,False,real,real-llama3.1-N2000,nli,recall-trust,2000
27,log:F2,The post discusses a specific disease or medical condition.,rewrite,548,548,0,0,0,0.033607681755829906,1.0,0.0650298606502986,49,1.0,False,,,0.00024733299505896866,1.0,False,real,real-llama3.1-N2000,nli,recall-trust,2000
28,log:F3,The post discusses space or astronomy.,rewrite,1260,1260,0,0,0,0.09217171717171717,1.0,0.16878612716763006,73,1.0,False,,,0.0002197499998146668,1.0,False,real,real-llama3.1-N2000,nli,recall-trust,2000
29,log:F4,The post discusses cryptography or encryption.,rewrite,1260,1260,0,0,0,0.0792838874680307,1.0,0.14691943127962087,62,1.0,False,,,0.0002162079981644638,1.0,False,real,real-llama3.1-N2000,nli,recall-trust,2000
30,log:F5,The post discusses computer security.,rewrite,548,548,0,0,0,0.06644067796610169,1.0,0.1246026700572155,98,1.0,False,,,0.00022075000015320256,1.0,False,real,real-llama3.1-N2000,nli,recall-trust,2000
31,log:F6,The post discusses science.,rewrite,1787,1252,111,424,0,0.5795454545454546,0.9732824427480916,0.7264957264957266,262,0.967741935483871,False,,,0.0012180420017102733,0.9732824427480916,False,real,real-llama3.1-N2000,nli,recall-trust,2000
32,log:G1,The post mentions an operating system.,rewrite,1771,1449,119,203,0,0.5521126760563381,1.0,0.7114337568058076,196,1.0,False,,,0.000629750000371132,1.0,False,real,real-llama3.1-N2000,nli,recall-trust,2000
33,log:G2,The post mentions Microsoft Windows.,rewrite,1658,1433,225,0,0,0.29435483870967744,1.0,0.45482866043613707,73,0.9240506329113924,False,,,0.0010328749995096587,1.0,False,real,real-llama3.1-N2000,nli,recall-trust,2000
34,log:G3,The post mentions the X Window System.,rewrite,1751,1449,302,0,0,0.26714801444043323,0.9736842105263158,0.4192634560906517,76,0.96,False,,,0.0007965420008986257,0.9736842105263158,False,real,real-llama3.1-N2000,nli,recall-trust,2000
35,log:G4,The post discusses software rather than hardware.,rewrite,2000,30,0,1970,0,1.0,1.0,1.0,375,1.0,False,,,0.00035433399898465723,1.0,False,real,real-llama3.1-N2000,nli,recall-trust,2000
36,log:G5,The post recommends a product or a service.,rewrite,2000,0,0,2000,0,1.0,1.0,1.0,83,1.0,False,,,0.00034937499731313437,1.0,False,real,real-llama3.1-N2000,nli,recall-trust,2000
37,log:H1,The post asks for technical help with computer hardware.,exact-hit,0,0,0,0,0,1.0,1.0,1.0,271,,,,,5.832996976096183e-06,1.0,,real,real-llama3.1-N2000,nli,recall-trust,2000
38,log:H2,The post is selling something.,rewrite,1916,1084,0,832,0,0.96875,1.0,0.9841269841269841,93,1.0,False,,,0.00031820800359128043,1.0,False,real,real-llama3.1-N2000,nli,recall-trust,2000
39,log:H3,The post is about a motor vehicle.,rewrite,1159,1159,0,0,0,0.16542155816435433,1.0,0.2838827838827839,155,1.0,False,,,0.00025791699590627104,1.0,False,real,real-llama3.1-N2000,nli,recall-trust,2000
40,log:H4,The post is about a car or a motorcycle.,rewrite,1895,885,376,634,0,0.6301369863013698,1.0,0.773109243697479,138,1.0,False,,,0.0006922920001670718,1.0,False,real,real-llama3.1-N2000,nli,recall-trust,2000
41,log:H5,The post gives advice about maintaining a vehicle.,rewrite,1994,1502,0,492,0,0.8604651162790697,1.0,0.9249999999999999,37,1.0,False,,,0.00034500000037951395,1.0,False,real,real-llama3.1-N2000,nli,recall-trust,2000
42,log:H6,The tone of the post is angry or annoyed.,rewrite,2000,52,0,1948,0,1.0,1.0,1.0,769,1.0,False,,,0.0003761249972740188,1.0,False,real,real-llama3.1-N2000,nli,recall-trust,2000
43,log:H7,The post is about a computer operating system.,rewrite,1270,981,289,0,0,0.9408602150537635,0.9943181818181818,0.9668508287292819,176,0.9345238095238095,False,,,0.001313875000050757,0.9943181818181818,False,real,real-llama3.1-N2000,nli,recall-trust,2000
44,log:H8,The post is a for-sale advertisement.,rewrite,1904,28,0,1876,0,0.8877551020408163,1.0,0.9405405405405405,87,1.0,False,,,0.00036375000490806997,1.0,False,real,real-llama3.1-N2000,nli,recall-trust,2000
45,log:H9,The post discusses encryption algorithms or key management.,rewrite,523,523,0,0,0,0.03114421123899797,1.0,0.06040709126723572,46,1.0,False,,,0.00028066699451301247,1.0,False,real,real-llama3.1-N2000,nli,recall-trust,2000
46,log:H10,The post asks a question about computer hardware.,rewrite,1963,738,358,867,0,1.0,0.9488636363636364,0.9737609329446064,352,0.9304347826086956,False,,,0.0010967080015689135,0.9488636363636364,False,real,real-llama3.1-N2000,nli,recall-trust,2000
0,log:A1,The post asks for technical help with computer hardware.,cold,2000,2000,0,0,0,1.0,1.0,1.0,271,,,,,5.9833997511304915e-05,1.0,,real,real-llama3.1-N2000,gt,shipped,2000
1,log:A2,The post asks for technical help with a personal computer's hardware.,cold,2000,2000,0,0,0,1.0,1.0,1.0,235,,,,,4.5082997530698776e-05,1.0,,real,real-llama3.1-N2000,gt,shipped,2000
2,log:A3,The post is a request for technical assistance concerning computer hardware.,cold,2000,2000,0,0,0,1.0,1.0,1.0,305,,,,,3.891700180247426e-05,1.0,,real,real-llama3.1-N2000,gt,shipped,2000
3,log:A4,The post asks for help with Macintosh hardware.,cold,2000,2000,0,0,0,1.0,1.0,1.0,59,,,,,0.007569917004730087,1.0,,real,real-llama3.1-N2000,gt,shipped,2000
4,log:A5,The post describes a hardware problem the author is experiencing.,cold,2000,2000,0,0,0,1.0,1.0,1.0,172,,,,,9.94160000118427e-05,1.0,,real,real-llama3.1-N2000,gt,shipped,2000
5,log:B1,The post offers an item for sale.,cold,2000,2000,0,0,0,1.0,1.0,1.0,96,,,,,5.63749999855645e-05,1.0,,real,real-llama3.1-N2000,gt,shipped,2000
6,log:B2,The post offers a computer or a computer part for sale.,cold,2000,2000,0,0,0,1.0,1.0,1.0,48,,,,,5.2624993259087205e-05,1.0,,real,real-llama3.1-N2000,gt,shipped,2000
7,log:B3,The post mentions a specific price in dollars.,cold,2000,2000,0,0,0,1.0,1.0,1.0,139,,,,,5.545900057768449e-05,1.0,,real,real-llama3.1-N2000,gt,shipped,2000
8,log:B4,The post is an advertisement.,cold,2000,2000,0,0,0,1.0,1.0,1.0,112,,,,,5.937500100117177e-05,1.0,,real,real-llama3.1-N2000,gt,shipped,2000
9,log:B5,The post is looking to buy something rather than to sell something.,cold,2000,2000,0,0,0,1.0,1.0,1.0,357,,,,,6.587499956367537e-05,1.0,,real,real-llama3.1-N2000,gt,shipped,2000
10,log:C1,The post discusses a professional sports team.,rewrite,1694,1535,159,0,0,1.0,0.9939759036144579,0.9969788519637462,166,0.9375,False,1.0,False,0.0011833750031655654,0.9939759036144579,False,real,real-llama3.1-N2000,gt,shipped,2000
11,log:C2,The post discusses a professional baseball team.,rewrite,1813,1484,329,0,0,1.0,0.9888888888888889,0.9944134078212291,90,0.956989247311828,False,1.0,False,0.0010677910031517968,0.9888888888888889,False,real,real-llama3.1-N2000,gt,shipped,2000
12,log:C3,The post mentions a player's statistics.,rewrite,2000,1535,0,465,0,1.0,1.0,1.0,55,1.0,False,1.0,False,0.00021075000404380262,1.0,False,real,real-llama3.1-N2000,gt,shipped,2000
13,log:C4,The post is about a sporting event that has already taken place.,rewrite,1739,1535,204,0,0,1.0,0.9924242424242424,0.9961977186311787,132,0.903448275862069,False,1.0,False,0.00101508400257444,0.9924242424242424,False,real,real-llama3.1-N2000,gt,shipped,2000
14,log:C5,The post is about sports.,rewrite,1661,1441,220,0,0,0.9948186528497409,0.9948186528497409,0.9948186528497409,193,0.9137055837563451,False,0.9326424870466321,False,0.0013753329985775054,0.9948186528497409,False,real,real-llama3.1-N2000,gt,shipped,2000
15,log:D1,The post argues about politics.,rewrite,1752,1375,123,254,0,1.0,0.9932659932659933,0.9966216216216216,297,0.9104938271604939,False,1.0,False,0.0016454590004286729,0.9932659932659933,False,real,real-llama3.1-N2000,gt,shipped,2000
16,log:D2,The post argues about gun control policy.,rewrite,2000,1378,0,622,0,1.0,1.0,1.0,48,1.0,False,1.0,False,0.000222250004298985,1.0,False,real,real-llama3.1-N2000,gt,shipped,2000
17,log:D3,The post expresses a religious belief.,rewrite,1626,1375,251,0,0,1.0,1.0,1.0,145,0.9177215189873418,False,1.0,False,0.0011148330013384111,1.0,False,real,real-llama3.1-N2000,gt,shipped,2000
18,log:D4,The post argues about religion.,rewrite,1466,1232,234,0,0,0.9908256880733946,0.9908256880733946,0.9908256880733946,218,0.9321266968325792,False,0.944954128440367,False,0.0031283750067814253,0.9908256880733946,False,real,real-llama3.1-N2000,gt,shipped,2000
19,log:D5,The post discusses the Middle East.,rewrite,1965,1422,543,0,0,1.0,1.0,1.0,62,0.9841269841269841,False,1.0,False,0.0011049169988837093,1.0,False,real,real-llama3.1-N2000,gt,shipped,2000
20,log:D6,The post criticizes a government or a government policy.,rewrite,1885,1375,180,330,0,1.0,0.9903381642512077,0.9951456310679612,207,0.9192825112107623,False,1.0,False,0.002289167001435999,0.9903381642512077,False,real,real-llama3.1-N2000,gt,shipped,2000
21,log:E1,The author of the post is frustrated or angry.,cold,2000,2000,0,0,0,1.0,1.0,1.0,1112,,,,,0.00016062500071711838,1.0,,real,real-llama3.1-N2000,gt,shipped,2000
22,log:E2,The post contains a question.,cold,2000,2000,0,0,0,1.0,1.0,1.0,740,,,,,0.0001309159997617826,1.0,,real,real-llama3.1-N2000,gt,shipped,2000
23,log:E3,The post quotes another message.,cold,2000,2000,0,0,0,1.0,1.0,1.0,1528,,,,,0.00013187500007916242,1.0,,real,real-llama3.1-N2000,gt,shipped,2000
24,log:E4,The post uses technical jargon.,cold,2000,2000,0,0,0,1.0,1.0,1.0,813,,,,,0.0001351670071016997,1.0,,real,real-llama3.1-N2000,gt,shipped,2000
25,log:E5,The post makes a factual claim that could be checked.,cold,2000,2000,0,0,0,1.0,1.0,1.0,1145,,,,,0.00013933300215285271,1.0,,real,real-llama3.1-N2000,gt,shipped,2000
26,log:F1,The post discusses medicine or health.,rewrite,1698,1258,440,0,0,1.0,1.0,1.0,100,0.9174311926605505,False,1.0,False,0.0011887500004377216,1.0,False,real,real-llama3.1-N2000,gt,shipped,2000
27,log:F2,The post discusses a specific disease or medical condition.,rewrite,2000,1419,0,581,0,1.0,1.0,1.0,49,1.0,False,1.0,False,0.00030987499485490844,1.0,False,real,real-llama3.1-N2000,gt,shipped,2000
28,log:F3,The post discusses space or astronomy.,rewrite,1884,1258,626,0,0,1.0,0.9863013698630136,0.993103448275862,73,0.9473684210526315,False,1.0,False,0.001052958999935072,0.9863013698630136,False,real,real-llama3.1-N2000,gt,shipped,2000
29,log:F4,The post discusses cryptography or encryption.,rewrite,1970,1346,624,0,0,1.0,1.0,1.0,62,0.96875,False,1.0,False,0.0008997920012916438,1.0,False,real,real-llama3.1-N2000,gt,shipped,2000
30,log:F5,The post discusses computer security.,rewrite,1757,1414,343,0,0,1.0,1.0,1.0,98,0.9333333333333333,False,1.0,False,0.001122041001508478,1.0,False,real,real-llama3.1-N2000,gt,shipped,2000
31,log:F6,The post discusses science.,rewrite,1850,1820,30,0,0,1.0,0.9885496183206107,0.9942418426103647,262,0.925,False,1.0,False,0.0009614589944249019,0.9885496183206107,False,real,real-llama3.1-N2000,gt,shipped,2000
32,log:G1,The post mentions an operating system.,rewrite,1455,1226,229,0,0,1.0,1.0,1.0,196,0.9333333333333333,False,1.0,False,0.010183625003264751,1.0,False,real,real-llama3.1-N2000,gt,shipped,2000
33,log:G2,The post mentions Microsoft Windows.,rewrite,1836,1187,649,0,0,1.0,1.0,1.0,73,0.9605263157894737,False,1.0,False,0.001214332995004952,1.0,False,real,real-llama3.1-N2000,gt,shipped,2000
34,log:G3,The post mentions the X Window System.,rewrite,1711,523,1188,0,0,1.0,0.9868421052631579,0.9933774834437086,76,0.9493670886075949,False,1.0,False,0.0012431249997462146,0.9868421052631579,False,real,real-llama3.1-N2000,gt,shipped,2000
35,log:G4,The post discusses software rather than hardware.,rewrite,1682,1632,50,0,0,1.0,0.9866666666666667,0.9932885906040269,375,0.925,False,1.0,False,0.0010855420041480102,0.9866666666666667,False,real,real-llama3.1-N2000,gt,shipped,2000
36,log:G5,The post recommends a product or a service.,rewrite,1789,1226,563,0,0,1.0,1.0,1.0,83,0.9222222222222223,False,1.0,False,0.001168374998087529,1.0,False,real,real-llama3.1-N2000,gt,shipped,2000
37,log:H1,The post asks for technical help with computer hardware.,exact-hit,0,0,0,0,0,1.0,1.0,1.0,271,,,,,6.833004590589553e-06,1.0,,real,real-llama3.1-N2000,gt,shipped,2000
38,log:H2,The post is selling something.,rewrite,1715,1226,489,0,0,1.0,0.989247311827957,0.9945945945945946,93,0.9484536082474226,False,1.0,False,0.0011615839976002462,0.989247311827957,False,real,real-llama3.1-N2000,gt,shipped,2000
39,log:H3,The post is about a motor vehicle.,rewrite,1468,1147,321,0,0,1.0,1.0,1.0,155,0.9171597633136095,False,1.0,False,0.0012521250027930364,1.0,False,real,real-llama3.1-N2000,gt,shipped,2000
40,log:H4,The post is about a car or a motorcycle.,rewrite,1598,1307,291,0,0,1.0,1.0,1.0,138,0.9387755102040817,False,1.0,False,0.0011528340037330054,1.0,False,real,real-llama3.1-N2000,gt,shipped,2000
41,log:H5,The post gives advice about maintaining a vehicle.,rewrite,2000,1232,0,768,0,1.0,1.0,1.0,37,1.0,False,1.0,False,0.00034820900327758864,1.0,False,real,real-llama3.1-N2000,gt,shipped,2000
42,log:H6,The tone of the post is angry or annoyed.,rewrite,1159,1112,47,0,0,1.0,0.9960988296488946,0.9980456026058632,769,0.9217809867629362,False,1.0,False,0.0011717499946826138,0.9960988296488946,False,real,real-llama3.1-N2000,gt,shipped,2000
43,log:H7,The post is about a computer operating system.,rewrite,1560,1342,218,0,0,1.0,1.0,1.0,176,0.9119170984455959,False,1.0,False,0.030676416005007923,1.0,False,real,real-llama3.1-N2000,gt,shipped,2000
44,log:H8,The post is a for-sale advertisement.,rewrite,1735,1180,555,0,0,1.0,1.0,1.0,87,0.9354838709677419,False,1.0,False,0.007182625005953014,1.0,False,real,real-llama3.1-N2000,gt,shipped,2000
45,log:H9,The post discusses encryption algorithms or key management.,rewrite,2000,1313,0,687,0,1.0,1.0,1.0,46,1.0,False,1.0,False,0.0003908340004272759,1.0,False,real,real-llama3.1-N2000,gt,shipped,2000
46,log:H10,The post asks a question about computer hardware.,rewrite,1350,1167,183,0,0,1.0,0.9914772727272727,0.9957203994293866,352,0.9272237196765498,False,0.9856733524355301,False,0.001563249999890104,0.9914772727272727,False,real,real-llama3.1-N2000,gt,shipped,2000
0,log:A1,The post asks for technical help with computer hardware.,cold,2000,2000,0,0,0,1.0,1.0,1.0,271,,,,,4.175000503892079e-05,1.0,,real,real-llama3.1-N2000,gt,separate,2000
1,log:A2,The post asks for technical help with a personal computer's hardware.,cold,2000,2000,0,0,0,1.0,1.0,1.0,235,,,,,3.47500026691705e-05,1.0,,real,real-llama3.1-N2000,gt,separate,2000
2,log:A3,The post is a request for technical assistance concerning computer hardware.,cold,2000,2000,0,0,0,1.0,1.0,1.0,305,,,,,3.4500000765547156e-05,1.0,,real,real-llama3.1-N2000,gt,separate,2000
3,log:A4,The post asks for help with Macintosh hardware.,cold,2000,2000,0,0,0,1.0,1.0,1.0,59,,,,,3.5875003959517926e-05,1.0,,real,real-llama3.1-N2000,gt,separate,2000
4,log:A5,The post describes a hardware problem the author is experiencing.,cold,2000,2000,0,0,0,1.0,1.0,1.0,172,,,,,4.050000279676169e-05,1.0,,real,real-llama3.1-N2000,gt,separate,2000
5,log:B1,The post offers an item for sale.,cold,2000,2000,0,0,0,1.0,1.0,1.0,96,,,,,4.4874999730382115e-05,1.0,,real,real-llama3.1-N2000,gt,separate,2000
6,log:B2,The post offers a computer or a computer part for sale.,cold,2000,2000,0,0,0,1.0,1.0,1.0,48,,,,,4.8000001697801054e-05,1.0,,real,real-llama3.1-N2000,gt,separate,2000
7,log:B3,The post mentions a specific price in dollars.,cold,2000,2000,0,0,0,1.0,1.0,1.0,139,,,,,5.158299609320238e-05,1.0,,real,real-llama3.1-N2000,gt,separate,2000
8,log:B4,The post is an advertisement.,cold,2000,2000,0,0,0,1.0,1.0,1.0,112,,,,,5.716699524782598e-05,1.0,,real,real-llama3.1-N2000,gt,separate,2000
9,log:B5,The post is looking to buy something rather than to sell something.,cold,2000,2000,0,0,0,1.0,1.0,1.0,357,,,,,6.179200136102736e-05,1.0,,real,real-llama3.1-N2000,gt,separate,2000
10,log:C1,The post discusses a professional sports team.,rewrite,2000,1535,0,465,0,1.0,1.0,1.0,166,1.0,False,1.0,False,0.00019549999706214294,1.0,False,real,real-llama3.1-N2000,gt,separate,2000
11,log:C2,The post discusses a professional baseball team.,rewrite,2000,1484,0,516,0,1.0,1.0,1.0,90,1.0,False,1.0,False,0.0001751669988152571,1.0,False,real,real-llama3.1-N2000,gt,separate,2000
12,log:C3,The post mentions a player's statistics.,rewrite,2000,1535,0,465,0,1.0,1.0,1.0,55,1.0,False,1.0,False,0.00017141600255854428,1.0,False,real,real-llama3.1-N2000,gt,separate,2000
13,log:C4,The post is about a sporting event that has already taken place.,rewrite,2000,1535,0,465,0,1.0,1.0,1.0,132,1.0,False,1.0,False,0.00017445900448365137,1.0,False,real,real-llama3.1-N2000,gt,separate,2000
14,log:C5,The post is about sports.,rewrite,1771,1440,157,174,0,0.9948186528497409,0.9948186528497409,0.9948186528497409,193,0.9375,False,0.9326424870466321,False,0.0008588339987909421,0.9948186528497409,False,real,real-llama3.1-N2000,gt,separate,2000
15,log:D1,The post argues about politics.,rewrite,1822,1375,40,407,0,1.0,1.0,1.0,297,0.928125,False,1.0,False,0.00047095800255192444,1.0,False,real,real-llama3.1-N2000,gt,separate,2000
16,log:D2,The post argues about gun control policy.,rewrite,2000,1378,0,622,0,1.0,1.0,1.0,48,1.0,False,1.0,False,0.00019662499835249037,1.0,False,real,real-llama3.1-N2000,gt,separate,2000
17,log:D3,The post expresses a religious belief.,rewrite,2000,1375,0,625,0,1.0,1.0,1.0,145,1.0,False,1.0,False,0.0002013749981415458,1.0,False,real,real-llama3.1-N2000,gt,separate,2000
18,log:D4,The post argues about religion.,rewrite,1892,1232,36,624,0,0.9954337899543378,1.0,0.9977116704805492,218,1.0,False,0.9223744292237442,False,0.0004679589983425103,1.0,False,real,real-llama3.1-N2000,gt,separate,2000
19,log:D5,The post discusses the Middle East.,rewrite,2000,1421,0,579,0,1.0,1.0,1.0,62,1.0,False,1.0,False,0.00020829099958064035,1.0,False,real,real-llama3.1-N2000,gt,separate,2000
20,log:D6,The post criticizes a government or a government policy.,rewrite,2000,1375,0,625,0,1.0,1.0,1.0,207,1.0,False,1.0,False,0.00021566600480582565,1.0,False,real,real-llama3.1-N2000,gt,separate,2000
21,log:E1,The author of the post is frustrated or angry.,cold,2000,2000,0,0,0,1.0,1.0,1.0,1112,,,,,0.00012395899830153212,1.0,,real,real-llama3.1-N2000,gt,separate,2000
22,log:E2,The post contains a question.,cold,2000,2000,0,0,0,1.0,1.0,1.0,740,,,,,0.00012441699800547212,1.0,,real,real-llama3.1-N2000,gt,separate,2000
23,log:E3,The post quotes another message.,cold,2000,2000,0,0,0,1.0,1.0,1.0,1528,,,,,0.00012887499906355515,1.0,,real,real-llama3.1-N2000,gt,separate,2000
24,log:E4,The post uses technical jargon.,cold,2000,2000,0,0,0,1.0,1.0,1.0,813,,,,,0.00013287500041769817,1.0,,real,real-llama3.1-N2000,gt,separate,2000
25,log:E5,The post makes a factual claim that could be checked.,cold,2000,2000,0,0,0,1.0,1.0,1.0,1145,,,,,0.00013587500143330544,1.0,,real,real-llama3.1-N2000,gt,separate,2000
26,log:F1,The post discusses medicine or health.,rewrite,2000,1258,0,742,0,1.0,1.0,1.0,100,1.0,False,1.0,False,0.0002435000060359016,1.0,False,real,real-llama3.1-N2000,gt,separate,2000
27,log:F2,The post discusses a specific disease or medical condition.,rewrite,2000,1419,0,581,0,1.0,1.0,1.0,49,1.0,False,1.0,False,0.0002382079983362928,1.0,False,real,real-llama3.1-N2000,gt,separate,2000
28,log:F3,The post discusses space or astronomy.,rewrite,2000,1258,0,742,0,1.0,1.0,1.0,73,1.0,False,1.0,False,0.0002466249934514053,1.0,False,real,real-llama3.1-N2000,gt,separate,2000
29,log:F4,The post discusses cryptography or encryption.,rewrite,2000,1346,0,654,0,1.0,1.0,1.0,62,1.0,False,1.0,False,0.0002517079992685467,1.0,False,real,real-llama3.1-N2000,gt,separate,2000
30,log:F5,The post discusses computer security.,rewrite,2000,1412,0,588,0,1.0,1.0,1.0,98,1.0,False,1.0,False,0.0002537499967729673,1.0,False,real,real-llama3.1-N2000,gt,separate,2000
31,log:F6,The post discusses science.,rewrite,2000,1819,25,156,0,1.0,1.0,1.0,262,1.0,False,1.0,False,0.0005148749987711199,1.0,False,real,real-llama3.1-N2000,gt,separate,2000
32,log:G1,The post mentions an operating system.,rewrite,2000,1225,0,775,0,1.0,1.0,1.0,196,1.0,False,1.0,False,0.0002699999968172051,1.0,False,real,real-llama3.1-N2000,gt,separate,2000
33,log:G2,The post mentions Microsoft Windows.,rewrite,2000,1185,0,815,0,1.0,1.0,1.0,73,1.0,False,1.0,False,0.00026795899611897767,1.0,False,real,real-llama3.1-N2000,gt,separate,2000
34,log:G3,The post mentions the X Window System.,rewrite,2000,522,0,1478,0,1.0,1.0,1.0,76,1.0,False,1.0,False,0.00029075000202283263,1.0,False,real,real-llama3.1-N2000,gt,separate,2000
35,log:G4,The post discusses software rather than hardware.,rewrite,1769,1630,134,5,0,1.0,0.9946666666666667,0.9973262032085561,375,0.9119804400977995,False,1.0,False,0.000875583995366469,0.9946666666666667,False,real,real-llama3.1-N2000,gt,separate,2000
36,log:G5,The post recommends a product or a service.,rewrite,2000,1225,0,775,0,1.0,1.0,1.0,83,1.0,False,1.0,False,0.0002908750029746443,1.0,False,real,real-llama3.1-N2000,gt,separate,2000
37,log:H1,The post asks for technical help with computer hardware.,exact-hit,0,0,0,0,0,1.0,1.0,1.0,271,,,,,5.000001692678779e-06,1.0,,real,real-llama3.1-N2000,gt,separate,2000
38,log:H2,The post is selling something.,rewrite,2000,1225,0,775,0,1.0,1.0,1.0,93,1.0,False,1.0,False,0.00028625000413740054,1.0,False,real,real-llama3.1-N2000,gt,separate,2000
39,log:H3,The post is about a motor vehicle.,rewrite,2000,1146,0,854,0,1.0,1.0,1.0,155,1.0,False,1.0,False,0.0003001670047524385,1.0,False,real,real-llama3.1-N2000,gt,separate,2000
40,log:H4,The post is about a car or a motorcycle.,rewrite,2000,1306,0,694,0,1.0,1.0,1.0,138,1.0,False,1.0,False,0.00029762499616481364,1.0,False,real,real-llama3.1-N2000,gt,separate,2000
41,log:H5,The post gives advice about maintaining a vehicle.,rewrite,2000,1231,0,769,0,1.0,1.0,1.0,37,1.0,False,1.0,False,0.0002992910012835637,1.0,False,real,real-llama3.1-N2000,gt,separate,2000
42,log:H6,The tone of the post is angry or annoyed.,rewrite,1150,1112,38,0,0,1.0,0.9960988296488946,0.9980456026058632,769,0.9217809867629362,False,1.0,False,0.0005999999993946403,0.9960988296488946,False,real,real-llama3.1-N2000,gt,separate,2000
43,log:H7,The post is about a computer operating system.,rewrite,2000,1340,0,660,0,1.0,1.0,1.0,176,1.0,False,1.0,False,0.00032320899481419474,1.0,False,real,real-llama3.1-N2000,gt,separate,2000
44,log:H8,The post is a for-sale advertisement.,rewrite,2000,1178,0,822,0,1.0,1.0,1.0,87,1.0,False,1.0,False,0.0003139590044156648,1.0,False,real,real-llama3.1-N2000,gt,separate,2000
45,log:H9,The post discusses encryption algorithms or key management.,rewrite,2000,1312,0,688,0,1.0,1.0,1.0,46,1.0,False,1.0,False,0.0003169999981764704,1.0,False,real,real-llama3.1-N2000,gt,separate,2000
46,log:H10,The post asks a question about computer hardware.,rewrite,1807,1166,73,568,0,1.0,1.0,1.0,352,0.9278074866310161,False,0.9857954545454546,False,0.006931666001037229,1.0,False,real,real-llama3.1-N2000,gt,separate,2000
0,log:A1,The post asks for technical help with computer hardware.,cold,2000,2000,0,0,0,1.0,1.0,1.0,271,,,,,0.00534749999496853,1.0,,real,real-llama3.1-N2000,gt,separate-prop,2000
1,log:A2,The post asks for technical help with a personal computer's hardware.,cold,2000,2000,0,0,0,1.0,1.0,1.0,235,,,,,0.00015395799709949642,1.0,,real,real-llama3.1-N2000,gt,separate-prop,2000
2,log:A3,The post is a request for technical assistance concerning computer hardware.,cold,2000,2000,0,0,0,1.0,1.0,1.0,305,,,,,0.00010849999671336263,1.0,,real,real-llama3.1-N2000,gt,separate-prop,2000
3,log:A4,The post asks for help with Macintosh hardware.,cold,2000,2000,0,0,0,1.0,1.0,1.0,59,,,,,9.287499415222555e-05,1.0,,real,real-llama3.1-N2000,gt,separate-prop,2000
4,log:A5,The post describes a hardware problem the author is experiencing.,cold,2000,2000,0,0,0,1.0,1.0,1.0,172,,,,,0.00012304200208745897,1.0,,real,real-llama3.1-N2000,gt,separate-prop,2000
5,log:B1,The post offers an item for sale.,cold,2000,2000,0,0,0,1.0,1.0,1.0,96,,,,,0.00014375000318977982,1.0,,real,real-llama3.1-N2000,gt,separate-prop,2000
6,log:B2,The post offers a computer or a computer part for sale.,cold,2000,2000,0,0,0,1.0,1.0,1.0,48,,,,,6.170800043037161e-05,1.0,,real,real-llama3.1-N2000,gt,separate-prop,2000
7,log:B3,The post mentions a specific price in dollars.,cold,2000,2000,0,0,0,1.0,1.0,1.0,139,,,,,5.97079997533001e-05,1.0,,real,real-llama3.1-N2000,gt,separate-prop,2000
8,log:B4,The post is an advertisement.,cold,2000,2000,0,0,0,1.0,1.0,1.0,112,,,,,6.058400322217494e-05,1.0,,real,real-llama3.1-N2000,gt,separate-prop,2000
9,log:B5,The post is looking to buy something rather than to sell something.,cold,2000,2000,0,0,0,1.0,1.0,1.0,357,,,,,6.812500214437023e-05,1.0,,real,real-llama3.1-N2000,gt,separate-prop,2000
10,log:C1,The post discusses a professional sports team.,rewrite,1853,1535,71,247,0,1.0,1.0,1.0,166,0.9325842696629213,False,1.0,False,0.0006446250044973567,1.0,False,real,real-llama3.1-N2000,gt,separate-prop,2000
11,log:C2,The post discusses a professional baseball team.,rewrite,2000,1484,0,516,0,1.0,1.0,1.0,90,1.0,False,1.0,False,0.00019683300342876464,1.0,False,real,real-llama3.1-N2000,gt,separate-prop,2000
12,log:C3,The post mentions a player's statistics.,rewrite,2000,1535,0,465,0,1.0,1.0,1.0,55,1.0,False,1.0,False,0.00017366700194543228,1.0,False,real,real-llama3.1-N2000,gt,separate-prop,2000
13,log:C4,The post is about a sporting event that has already taken place.,rewrite,1874,1535,92,247,0,1.0,1.0,1.0,132,0.9428571428571428,False,1.0,False,0.00045420799870043993,1.0,False,real,real-llama3.1-N2000,gt,separate-prop,2000
14,log:C5,The post is about sports.,rewrite,1773,1440,159,174,0,1.0,1.0,1.0,193,0.917098445595855,False,0.917098445595855,False,0.0008369580027647316,1.0,False,real,real-llama3.1-N2000,gt,separate-prop,2000
15,log:D1,The post argues about politics.,rewrite,1822,1375,40,407,0,1.0,1.0,1.0,297,0.928125,False,1.0,False,0.0007323329991777427,1.0,False,real,real-llama3.1-N2000,gt,separate-prop,2000
16,log:D2,The post argues about gun control policy.,rewrite,2000,1378,0,622,0,1.0,1.0,1.0,48,1.0,False,1.0,False,0.00024291699810419232,1.0,False,real,real-llama3.1-N2000,gt,separate-prop,2000
17,log:D3,The post expresses a religious belief.,rewrite,2000,1375,0,625,0,1.0,1.0,1.0,145,1.0,False,1.0,False,0.00021870899945497513,1.0,False,real,real-llama3.1-N2000,gt,separate-prop,2000
18,log:D4,The post argues about religion.,rewrite,1740,1232,102,406,0,0.990909090909091,1.0,0.995433789954338,218,0.9327354260089686,False,0.9454545454545454,False,0.0007917920011095703,1.0,False,real,real-llama3.1-N2000,gt,separate-prop,2000
19,log:D5,The post discusses the Middle East.,rewrite,2000,1421,0,579,0,1.0,1.0,1.0,62,1.0,False,1.0,False,0.00023024999973131344,1.0,False,real,real-llama3.1-N2000,gt,separate-prop,2000
20,log:D6,The post criticizes a government or a government policy.,rewrite,1842,1375,60,407,0,1.0,1.0,1.0,207,0.9324324324324325,False,1.0,False,0.0005071249979664572,1.0,False,real,real-llama3.1-N2000,gt,separate-prop,2000
21,log:E1,The author of the post is frustrated or angry.,cold,2000,2000,0,0,0,1.0,1.0,1.0,1112,,,,,0.00013704099546885118,1.0,,real,real-llama3.1-N2000,gt,separate-prop,2000
22,log:E2,The post contains a question.,cold,2000,2000,0,0,0,1.0,1.0,1.0,740,,,,,0.00012791700282832608,1.0,,real,real-llama3.1-N2000,gt,separate-prop,2000
23,log:E3,The post quotes another message.,cold,2000,2000,0,0,0,1.0,1.0,1.0,1528,,,,,0.00013583300460595638,1.0,,real,real-llama3.1-N2000,gt,separate-prop,2000
24,log:E4,The post uses technical jargon.,cold,2000,2000,0,0,0,1.0,1.0,1.0,813,,,,,0.00013254200166556984,1.0,,real,real-llama3.1-N2000,gt,separate-prop,2000
25,log:E5,The post makes a factual claim that could be checked.,cold,2000,2000,0,0,0,1.0,1.0,1.0,1145,,,,,0.00013745800242759287,1.0,,real,real-llama3.1-N2000,gt,separate-prop,2000
26,log:F1,The post discusses medicine or health.,rewrite,2000,1257,0,743,0,1.0,1.0,1.0,100,1.0,False,1.0,False,0.00027629199757939205,1.0,False,real,real-llama3.1-N2000,gt,separate-prop,2000
27,log:F2,The post discusses a specific disease or medical condition.,rewrite,2000,1419,0,581,0,1.0,1.0,1.0,49,1.0,False,1.0,False,0.0002467079975758679,1.0,False,real,real-llama3.1-N2000,gt,separate-prop,2000
28,log:F3,The post discusses space or astronomy.,rewrite,2000,1257,0,743,0,1.0,1.0,1.0,73,1.0,False,1.0,False,0.0113727919961093,1.0,False,real,real-llama3.1-N2000,gt,separate-prop,2000
29,log:F4,The post discusses cryptography or encryption.,rewrite,2000,1345,0,655,0,1.0,1.0,1.0,62,1.0,False,1.0,False,0.0003214170064893551,1.0,False,real,real-llama3.1-N2000,gt,separate-prop,2000
30,log:F5,The post discusses computer security.,rewrite,2000,1412,0,588,0,1.0,1.0,1.0,98,1.0,False,1.0,False,0.00026604199956636876,1.0,False,real,real-llama3.1-N2000,gt,separate-prop,2000
31,log:F6,The post discusses science.,rewrite,1859,1819,25,15,0,1.0,0.9923664122137404,0.9961685823754789,262,0.9252669039145908,False,1.0,False,0.0006524170021293685,0.9923664122137404,False,real,real-llama3.1-N2000,gt,separate-prop,2000
32,log:G1,The post mentions an operating system.,rewrite,2000,1224,0,776,0,1.0,1.0,1.0,196,1.0,False,1.0,False,0.0003306660000816919,1.0,False,real,real-llama3.1-N2000,gt,separate-prop,2000
33,log:G2,The post mentions Microsoft Windows.,rewrite,2000,1184,0,816,0,1.0,1.0,1.0,73,1.0,False,1.0,False,0.00028883400227641687,1.0,False,real,real-llama3.1-N2000,gt,separate-prop,2000
34,log:G3,The post mentions the X Window System.,rewrite,1748,522,935,291,0,1.0,0.9868421052631579,0.9933774834437086,76,0.9615384615384616,False,1.0,False,0.0006649589995504357,0.9868421052631579,False,real,real-llama3.1-N2000,gt,separate-prop,2000
35,log:G4,The post discusses software rather than hardware.,rewrite,1775,1630,141,4,0,1.0,0.9866666666666667,0.9932885906040269,375,0.9390862944162437,False,1.0,False,0.0007535409968113527,0.9866666666666667,False,real,real-llama3.1-N2000,gt,separate-prop,2000
36,log:G5,The post recommends a product or a service.,rewrite,2000,1224,0,776,0,1.0,1.0,1.0,83,1.0,False,1.0,False,0.0003012079978361726,1.0,False,real,real-llama3.1-N2000,gt,separate-prop,2000
37,log:H1,The post asks for technical help with computer hardware.,exact-hit,0,0,0,0,0,1.0,1.0,1.0,271,,,,,5.709000106435269e-06,1.0,,real,real-llama3.1-N2000,gt,separate-prop,2000
38,log:H2,The post is selling something.,rewrite,2000,1224,0,776,0,1.0,1.0,1.0,93,1.0,False,1.0,False,0.0002902080013882369,1.0,False,real,real-llama3.1-N2000,gt,separate-prop,2000
39,log:H3,The post is about a motor vehicle.,rewrite,2000,1145,0,855,0,1.0,1.0,1.0,155,1.0,False,1.0,False,0.0002999159987666644,1.0,False,real,real-llama3.1-N2000,gt,separate-prop,2000
40,log:H4,The post is about a car or a motorcycle.,rewrite,2000,1306,0,694,0,1.0,1.0,1.0,138,1.0,False,1.0,False,0.0003015409965883009,1.0,False,real,real-llama3.1-N2000,gt,separate-prop,2000
41,log:H5,The post gives advice about maintaining a vehicle.,rewrite,2000,1231,0,769,0,1.0,1.0,1.0,37,1.0,False,1.0,False,0.0003052910033147782,1.0,False,real,real-llama3.1-N2000,gt,separate-prop,2000
42,log:H6,The tone of the post is angry or annoyed.,rewrite,2000,1112,38,850,0,1.0,1.0,1.0,769,1.0,False,1.0,False,0.0006839170018793084,1.0,False,real,real-llama3.1-N2000,gt,separate-prop,2000
43,log:H7,The post is about a computer operating system.,rewrite,2000,1340,0,660,0,1.0,1.0,1.0,176,1.0,False,1.0,False,0.00032508300500921905,1.0,False,real,real-llama3.1-N2000,gt,separate-prop,2000
44,log:H8,The post is a for-sale advertisement.,rewrite,2000,1177,0,823,0,1.0,1.0,1.0,87,1.0,False,1.0,False,0.0003129169999738224,1.0,False,real,real-llama3.1-N2000,gt,separate-prop,2000
45,log:H9,The post discusses encryption algorithms or key management.,rewrite,2000,1312,0,688,0,1.0,1.0,1.0,46,1.0,False,1.0,False,0.0003175000019837171,1.0,False,real,real-llama3.1-N2000,gt,separate-prop,2000
46,log:H10,The post asks a question about computer hardware.,rewrite,1729,1165,176,388,0,0.9971428571428571,0.9914772727272727,0.9943019943019943,352,0.9353099730458221,False,0.9914285714285714,False,0.0009729999947012402,0.9914772727272727,False,real,real-llama3.1-N2000,gt,separate-prop,2000
0,log:A1,The post asks for technical help with computer hardware.,cold,2000,2000,0,0,0,1.0,1.0,1.0,271,,,,,5.854199844179675e-05,1.0,,real,real-llama3.1-N2000,gt,fixed-100,2000
1,log:A2,The post asks for technical help with a personal computer's hardware.,cold,2000,2000,0,0,0,1.0,1.0,1.0,235,,,,,3.820800338871777e-05,1.0,,real,real-llama3.1-N2000,gt,fixed-100,2000
2,log:A3,The post is a request for technical assistance concerning computer hardware.,cold,2000,2000,0,0,0,1.0,1.0,1.0,305,,,,,3.470899537205696e-05,1.0,,real,real-llama3.1-N2000,gt,fixed-100,2000
3,log:A4,The post asks for help with Macintosh hardware.,cold,2000,2000,0,0,0,1.0,1.0,1.0,59,,,,,3.7458994484040886e-05,1.0,,real,real-llama3.1-N2000,gt,fixed-100,2000
4,log:A5,The post describes a hardware problem the author is experiencing.,cold,2000,2000,0,0,0,1.0,1.0,1.0,172,,,,,4.549999721348286e-05,1.0,,real,real-llama3.1-N2000,gt,fixed-100,2000
5,log:B1,The post offers an item for sale.,cold,2000,2000,0,0,0,1.0,1.0,1.0,96,,,,,4.462499782675877e-05,1.0,,real,real-llama3.1-N2000,gt,fixed-100,2000
6,log:B2,The post offers a computer or a computer part for sale.,cold,2000,2000,0,0,0,1.0,1.0,1.0,48,,,,,4.737500421470031e-05,1.0,,real,real-llama3.1-N2000,gt,fixed-100,2000
7,log:B3,The post mentions a specific price in dollars.,cold,2000,2000,0,0,0,1.0,1.0,1.0,139,,,,,5.212500400375575e-05,1.0,,real,real-llama3.1-N2000,gt,fixed-100,2000
8,log:B4,The post is an advertisement.,cold,2000,2000,0,0,0,1.0,1.0,1.0,112,,,,,5.654200504068285e-05,1.0,,real,real-llama3.1-N2000,gt,fixed-100,2000
9,log:B5,The post is looking to buy something rather than to sell something.,cold,2000,2000,0,0,0,1.0,1.0,1.0,357,,,,,6.17500045336783e-05,1.0,,real,real-llama3.1-N2000,gt,fixed-100,2000
10,log:C1,The post discusses a professional sports team.,rewrite,1809,1535,100,174,0,1.0,0.9939759036144579,0.9969788519637462,166,0.9016393442622951,False,1.0,False,0.0013657500021508895,0.9939759036144579,False,real,real-llama3.1-N2000,gt,fixed-100,2000
11,log:C2,The post discusses a professional baseball team.,rewrite,2000,1484,100,416,0,1.0,1.0,1.0,90,1.0,False,1.0,False,0.0018090840021613985,1.0,False,real,real-llama3.1-N2000,gt,fixed-100,2000
12,log:C3,The post mentions a player's statistics.,rewrite,2000,1535,100,365,0,1.0,1.0,1.0,55,1.0,False,1.0,False,0.001589208004588727,1.0,False,real,real-llama3.1-N2000,gt,fixed-100,2000
13,log:C4,The post is about a sporting event that has already taken place.,rewrite,1932,1535,100,297,0,1.0,0.9924242424242424,0.9961977186311787,132,0.903448275862069,False,1.0,False,0.001697666994004976,0.9924242424242424,False,real,real-llama3.1-N2000,gt,fixed-100,2000
14,log:C5,The post is about sports.,rewrite,1867,1441,100,326,0,1.0,0.9948186528497409,0.9974025974025974,193,0.909952606635071,False,1.0,False,0.001264459002413787,0.9948186528497409,False,real,real-llama3.1-N2000,gt,fixed-100,2000
15,log:D1,The post argues about politics.,rewrite,1475,1375,100,0,0,1.0,0.9865319865319865,0.9932203389830507,297,0.9099378881987578,False,1.0,False,0.0011074580033891834,0.9865319865319865,False,real,real-llama3.1-N2000,gt,fixed-100,2000
16,log:D2,The post argues about gun control policy.,rewrite,2000,1378,100,522,0,1.0,1.0,1.0,48,1.0,False,1.0,False,0.0022148749994812533,1.0,False,real,real-llama3.1-N2000,gt,fixed-100,2000
17,log:D3,The post expresses a religious belief.,rewrite,1985,1375,100,510,0,1.0,1.0,1.0,145,0.9294871794871795,False,1.0,False,0.005699834000552073,1.0,False,real,real-llama3.1-N2000,gt,fixed-100,2000
18,log:D4,The post argues about religion.,rewrite,1910,1232,200,478,0,1.0,1.0,1.0,218,0.9063829787234042,False,0.9770642201834863,False,0.007214291996206157,1.0,False,real,real-llama3.1-N2000,gt,fixed-100,2000
19,log:D5,The post discusses the Middle East.,rewrite,2000,1422,100,478,0,1.0,1.0,1.0,62,1.0,False,1.0,False,0.0023517500012530945,1.0,False,real,real-llama3.1-N2000,gt,fixed-100,2000
20,log:D6,The post criticizes a government or a government policy.,rewrite,1985,1375,100,510,0,1.0,1.0,1.0,207,0.9495412844036697,False,1.0,False,0.021712542002205737,1.0,False,real,real-llama3.1-N2000,gt,fixed-100,2000
21,log:E1,The author of the post is frustrated or angry.,cold,2000,2000,0,0,0,1.0,1.0,1.0,1112,,,,,0.00018658299813978374,1.0,,real,real-llama3.1-N2000,gt,fixed-100,2000
22,log:E2,The post contains a question.,cold,2000,2000,0,0,0,1.0,1.0,1.0,740,,,,,0.0001335420020041056,1.0,,real,real-llama3.1-N2000,gt,fixed-100,2000
23,log:E3,The post quotes another message.,cold,2000,2000,0,0,0,1.0,1.0,1.0,1528,,,,,0.00013333300012163818,1.0,,real,real-llama3.1-N2000,gt,fixed-100,2000
24,log:E4,The post uses technical jargon.,cold,2000,2000,0,0,0,1.0,1.0,1.0,813,,,,,0.00013824999768985435,1.0,,real,real-llama3.1-N2000,gt,fixed-100,2000
25,log:E5,The post makes a factual claim that could be checked.,cold,2000,2000,0,0,0,1.0,1.0,1.0,1145,,,,,0.00014208399807102978,1.0,,real,real-llama3.1-N2000,gt,fixed-100,2000
26,log:F1,The post discusses medicine or health.,rewrite,2000,1259,100,641,0,1.0,1.0,1.0,100,1.0,False,1.0,False,0.0025322920046164654,1.0,False,real,real-llama3.1-N2000,gt,fixed-100,2000
27,log:F2,The post discusses a specific disease or medical condition.,rewrite,2000,1419,100,481,0,1.0,1.0,1.0,49,1.0,False,1.0,False,0.0024708749988349155,1.0,False,real,real-llama3.1-N2000,gt,fixed-100,2000
28,log:F3,The post discusses space or astronomy.,rewrite,2000,1259,100,641,0,1.0,1.0,1.0,73,1.0,False,1.0,False,0.016738542006351054,1.0,False,real,real-llama3.1-N2000,gt,fixed-100,2000
29,log:F4,The post discusses cryptography or encryption.,rewrite,2000,1347,100,553,0,1.0,1.0,1.0,62,1.0,False,1.0,False,0.0036408750020200387,1.0,False,real,real-llama3.1-N2000,gt,fixed-100,2000
30,log:F5,The post discusses computer security.,rewrite,1998,1413,100,485,0,1.0,1.0,1.0,98,0.98,False,1.0,False,0.0021125419953023084,1.0,False,real,real-llama3.1-N2000,gt,fixed-100,2000
31,log:F6,The post discusses science.,rewrite,1920,1820,100,0,0,1.0,0.9961832061068703,0.9980879541108987,262,0.9702602230483272,False,1.0,False,0.0009513330005574971,0.9961832061068703,False,real,real-llama3.1-N2000,gt,fixed-100,2000
32,log:G1,The post mentions an operating system.,rewrite,1984,1228,100,656,0,1.0,1.0,1.0,196,0.9333333333333333,False,1.0,False,0.0026117919987882487,1.0,False,real,real-llama3.1-N2000,gt,fixed-100,2000
33,log:G2,The post mentions Microsoft Windows.,rewrite,2000,1188,100,712,0,1.0,1.0,1.0,73,1.0,False,1.0,False,0.002435166999930516,1.0,False,real,real-llama3.1-N2000,gt,fixed-100,2000
34,log:G3,The post mentions the X Window System.,rewrite,1997,523,100,1374,0,1.0,1.0,1.0,76,0.9620253164556962,False,1.0,False,0.0023374999946099706,1.0,False,real,real-llama3.1-N2000,gt,fixed-100,2000
35,log:G4,The post discusses software rather than hardware.,rewrite,1730,1630,100,0,0,1.0,0.9866666666666667,0.9932885906040269,375,0.9635416666666666,False,1.0,False,0.0010695409946492873,0.9866666666666667,False,real,real-llama3.1-N2000,gt,fixed-100,2000
36,log:G5,The post recommends a product or a service.,rewrite,2000,1228,100,672,0,1.0,1.0,1.0,83,1.0,False,1.0,False,0.008859957997628953,1.0,False,real,real-llama3.1-N2000,gt,fixed-100,2000
37,log:H1,The post asks for technical help with computer hardware.,exact-hit,0,0,0,0,0,1.0,1.0,1.0,271,,,,,1.7499995010439306e-05,1.0,,real,real-llama3.1-N2000,gt,fixed-100,2000
38,log:H2,The post is selling something.,rewrite,2000,1228,100,672,0,1.0,1.0,1.0,93,1.0,False,1.0,False,0.007013499998720363,1.0,False,real,real-llama3.1-N2000,gt,fixed-100,2000
39,log:H3,The post is about a motor vehicle.,rewrite,2000,1147,100,753,0,1.0,1.0,1.0,155,1.0,False,1.0,False,0.006520374998217449,1.0,False,real,real-llama3.1-N2000,gt,fixed-100,2000
40,log:H4,The post is about a car or a motorcycle.,rewrite,2000,1306,100,594,0,1.0,1.0,1.0,138,1.0,False,1.0,False,0.0026455830011400394,1.0,False,real,real-llama3.1-N2000,gt,fixed-100,2000
41,log:H5,The post gives advice about maintaining a vehicle.,rewrite,2000,1231,100,669,0,1.0,1.0,1.0,37,1.0,False,1.0,False,0.0038960000019869767,1.0,False,real,real-llama3.1-N2000,gt,fixed-100,2000
42,log:H6,The tone of the post is angry or annoyed.,rewrite,1212,1112,100,0,0,1.0,0.9960988296488946,0.9980456026058632,769,0.9623115577889447,False,1.0,False,0.0012244999961694703,0.9960988296488946,False,real,real-llama3.1-N2000,gt,fixed-100,2000
43,log:H7,The post is about a computer operating system.,rewrite,1984,1340,100,544,0,1.0,1.0,1.0,176,0.9166666666666666,False,1.0,False,0.0023862500020186417,1.0,False,real,real-llama3.1-N2000,gt,fixed-100,2000
44,log:H8,The post is a for-sale advertisement.,rewrite,2000,1181,100,719,0,1.0,1.0,1.0,87,1.0,False,1.0,False,0.0026064580015372485,1.0,False,real,real-llama3.1-N2000,gt,fixed-100,2000
45,log:H9,The post discusses encryption algorithms or key management.,rewrite,2000,1312,100,588,0,1.0,1.0,1.0,46,1.0,False,1.0,False,0.002443541001412086,1.0,False,real,real-llama3.1-N2000,gt,fixed-100,2000
46,log:H10,The post asks a question about computer hardware.,rewrite,1666,1169,100,397,0,1.0,1.0,1.0,352,0.9048843187660668,False,1.0,False,0.0020699590022559278,1.0,False,real,real-llama3.1-N2000,gt,fixed-100,2000
0,log:A1,The post asks for technical help with computer hardware.,cold,2000,2000,0,0,0,1.0,1.0,1.0,271,,,,,4.041699867229909e-05,1.0,,real,real-llama3.1-N2000,gt,fixed-400,2000
1,log:A2,The post asks for technical help with a personal computer's hardware.,cold,2000,2000,0,0,0,1.0,1.0,1.0,235,,,,,3.4500000765547156e-05,1.0,,real,real-llama3.1-N2000,gt,fixed-400,2000
2,log:A3,The post is a request for technical assistance concerning computer hardware.,cold,2000,2000,0,0,0,1.0,1.0,1.0,305,,,,,3.3042000723071396e-05,1.0,,real,real-llama3.1-N2000,gt,fixed-400,2000
3,log:A4,The post asks for help with Macintosh hardware.,cold,2000,2000,0,0,0,1.0,1.0,1.0,59,,,,,3.6958997952751815e-05,1.0,,real,real-llama3.1-N2000,gt,fixed-400,2000
4,log:A5,The post describes a hardware problem the author is experiencing.,cold,2000,2000,0,0,0,1.0,1.0,1.0,172,,,,,3.954100247938186e-05,1.0,,real,real-llama3.1-N2000,gt,fixed-400,2000
5,log:B1,The post offers an item for sale.,cold,2000,2000,0,0,0,1.0,1.0,1.0,96,,,,,4.3499996536411345e-05,1.0,,real,real-llama3.1-N2000,gt,fixed-400,2000
6,log:B2,The post offers a computer or a computer part for sale.,cold,2000,2000,0,0,0,1.0,1.0,1.0,48,,,,,4.808399535249919e-05,1.0,,real,real-llama3.1-N2000,gt,fixed-400,2000
7,log:B3,The post mentions a specific price in dollars.,cold,2000,2000,0,0,0,1.0,1.0,1.0,139,,,,,5.2374998631421477e-05,1.0,,real,real-llama3.1-N2000,gt,fixed-400,2000
8,log:B4,The post is an advertisement.,cold,2000,2000,0,0,0,1.0,1.0,1.0,112,,,,,5.7124998420476913e-05,1.0,,real,real-llama3.1-N2000,gt,fixed-400,2000
9,log:B5,The post is looking to buy something rather than to sell something.,cold,2000,2000,0,0,0,1.0,1.0,1.0,357,,,,,6.366699381032959e-05,1.0,,real,real-llama3.1-N2000,gt,fixed-400,2000
10,log:C1,The post discusses a professional sports team.,rewrite,1935,1535,400,0,0,1.0,1.0,1.0,166,0.9822485207100592,False,1.0,False,0.000897541998710949,1.0,False,real,real-llama3.1-N2000,gt,fixed-400,2000
11,log:C2,The post discusses a professional baseball team.,rewrite,1884,1484,400,0,0,1.0,1.0,1.0,90,0.9574468085106383,False,1.0,False,0.0009387079990119673,1.0,False,real,real-llama3.1-N2000,gt,fixed-400,2000
12,log:C3,The post mentions a player's statistics.,rewrite,1935,1535,400,0,0,1.0,0.9818181818181818,0.9908256880733944,55,0.9642857142857143,False,1.0,False,0.0008341249995282851,0.9818181818181818,False,real,real-llama3.1-N2000,gt,fixed-400,2000
13,log:C4,The post is about a sporting event that has already taken place.,rewrite,1935,1535,400,0,0,1.0,0.9924242424242424,0.9961977186311787,132,0.9776119402985075,False,1.0,False,0.0008520409974153154,0.9924242424242424,False,real,real-llama3.1-N2000,gt,fixed-400,2000
14,log:C5,The post is about sports.,rewrite,2000,1440,0,560,0,1.0,1.0,1.0,193,1.0,False,1.0,False,0.0002115419993060641,1.0,False,real,real-llama3.1-N2000,gt,fixed-400,2000
15,log:D1,The post argues about politics.,rewrite,1775,1375,400,0,0,1.0,1.0,1.0,297,0.9674267100977199,False,1.0,False,0.0010488749976502731,1.0,False,real,real-llama3.1-N2000,gt,fixed-400,2000
16,log:D2,The post argues about gun control policy.,rewrite,1778,1378,400,0,0,1.0,1.0,1.0,48,0.9056603773584906,False,1.0,False,0.0010405419961898588,1.0,False,real,real-llama3.1-N2000,gt,fixed-400,2000
17,log:D3,The post expresses a religious belief.,rewrite,1775,1375,400,0,0,1.0,1.0,1.0,145,0.9602649006622517,False,1.0,False,0.0010418750025564805,1.0,False,real,real-llama3.1-N2000,gt,fixed-400,2000
18,log:D4,The post argues about religion.,rewrite,1776,1232,400,144,0,1.0,1.0,1.0,218,0.9646017699115044,False,1.0,False,0.0010777920033433475,1.0,False,real,real-llama3.1-N2000,gt,fixed-400,2000
19,log:D5,The post discusses the Middle East.,rewrite,1822,1422,400,0,0,1.0,1.0,1.0,62,0.9393939393939394,False,1.0,False,0.001051500003086403,1.0,False,real,real-llama3.1-N2000,gt,fixed-400,2000
20,log:D6,The post criticizes a government or a government policy.,rewrite,1775,1375,400,0,0,1.0,0.9855072463768116,0.9927007299270074,207,0.9577464788732394,False,1.0,False,0.008195832997444086,0.9855072463768116,False,real,real-llama3.1-N2000,gt,fixed-400,2000
21,log:E1,The author of the post is frustrated or angry.,cold,2000,2000,0,0,0,1.0,1.0,1.0,1112,,,,,0.009466499999689404,1.0,,real,real-llama3.1-N2000,gt,fixed-400,2000
22,log:E2,The post contains a question.,cold,2000,2000,0,0,0,1.0,1.0,1.0,740,,,,,0.00014654099504696205,1.0,,real,real-llama3.1-N2000,gt,fixed-400,2000
23,log:E3,The post quotes another message.,cold,2000,2000,0,0,0,1.0,1.0,1.0,1528,,,,,0.00013229100295575336,1.0,,real,real-llama3.1-N2000,gt,fixed-400,2000
24,log:E4,The post uses technical jargon.,cold,2000,2000,0,0,0,1.0,1.0,1.0,813,,,,,0.00013500000204658136,1.0,,real,real-llama3.1-N2000,gt,fixed-400,2000
25,log:E5,The post makes a factual claim that could be checked.,cold,2000,2000,0,0,0,1.0,1.0,1.0,1145,,,,,0.0038667920016450807,1.0,,real,real-llama3.1-N2000,gt,fixed-400,2000
26,log:F1,The post discusses medicine or health.,rewrite,1660,1260,400,0,0,1.0,0.98,0.98989898989899,100,0.9423076923076923,False,1.0,False,0.0012868330013589002,0.98,False,real,real-llama3.1-N2000,gt,fixed-400,2000
27,log:F2,The post discusses a specific disease or medical condition.,rewrite,1820,1420,400,0,0,1.0,1.0,1.0,49,0.9245283018867925,False,1.0,False,0.0011217080027563497,1.0,False,real,real-llama3.1-N2000,gt,fixed-400,2000
28,log:F3,The post discusses space or astronomy.,rewrite,1928,1260,400,268,0,1.0,0.9863013698630136,0.993103448275862,73,0.9,False,1.0,False,0.006740833996445872,0.9863013698630136,False,real,real-llama3.1-N2000,gt,fixed-400,2000
29,log:F4,The post discusses cryptography or encryption.,rewrite,1748,1348,400,0,0,1.0,0.9838709677419355,0.991869918699187,62,0.9242424242424242,False,1.0,False,0.0011807500050053932,0.9838709677419355,False,real,real-llama3.1-N2000,gt,fixed-400,2000
30,log:F5,The post discusses computer security.,rewrite,1813,1413,400,0,0,1.0,1.0,1.0,98,0.9514563106796117,False,1.0,False,0.012897458000225015,1.0,False,real,real-llama3.1-N2000,gt,fixed-400,2000
31,log:F6,The post discusses science.,rewrite,2000,1820,0,180,0,1.0,1.0,1.0,262,1.0,False,1.0,False,0.0002806249976856634,1.0,False,real,real-llama3.1-N2000,gt,fixed-400,2000
32,log:G1,The post mentions an operating system.,rewrite,1627,1227,400,0,0,1.0,1.0,1.0,196,0.9655172413793104,False,1.0,False,0.001253750000614673,1.0,False,real,real-llama3.1-N2000,gt,fixed-400,2000
33,log:G2,The post mentions Microsoft Windows.,rewrite,1587,1187,400,0,0,1.0,1.0,1.0,73,0.9125,False,1.0,False,0.0012230840002303012,1.0,False,real,real-llama3.1-N2000,gt,fixed-400,2000
34,log:G3,The post mentions the X Window System.,rewrite,1988,524,400,1064,0,1.0,1.0,1.0,76,0.9047619047619048,False,1.0,False,0.0022647079968010075,1.0,False,real,real-llama3.1-N2000,gt,fixed-400,2000
35,log:G4,The post discusses software rather than hardware.,rewrite,2000,1631,0,369,0,1.0,1.0,1.0,375,1.0,False,1.0,False,0.00028608399588847533,1.0,False,real,real-llama3.1-N2000,gt,fixed-400,2000
36,log:G5,The post recommends a product or a service.,rewrite,1627,1227,400,0,0,1.0,0.9759036144578314,0.9878048780487805,83,0.9204545454545454,False,1.0,False,0.0012207500039949082,0.9759036144578314,False,real,real-llama3.1-N2000,gt,fixed-400,2000
37,log:H1,The post asks for technical help with computer hardware.,exact-hit,0,0,0,0,0,1.0,1.0,1.0,271,,,,,5.583999154623598e-06,1.0,,real,real-llama3.1-N2000,gt,fixed-400,2000
38,log:H2,The post is selling something.,rewrite,1627,1227,400,0,0,1.0,1.0,1.0,93,0.93,False,1.0,False,0.0012104589986847714,1.0,False,real,real-llama3.1-N2000,gt,fixed-400,2000
39,log:H3,The post is about a motor vehicle.,rewrite,1547,1147,400,0,0,1.0,0.9935483870967742,0.9967637540453074,155,0.9506172839506173,False,1.0,False,0.0012310840029385872,0.9935483870967742,False,real,real-llama3.1-N2000,gt,fixed-400,2000
40,log:H4,The post is about a car or a motorcycle.,rewrite,1707,1307,400,0,0,1.0,1.0,1.0,138,0.965034965034965,False,1.0,False,0.001143833993410226,1.0,False,real,real-llama3.1-N2000,gt,fixed-400,2000
41,log:H5,The post gives advice about maintaining a vehicle.,rewrite,2000,1232,400,368,0,1.0,1.0,1.0,37,1.0,False,1.0,False,0.00245395799720427,1.0,False,real,real-llama3.1-N2000,gt,fixed-400,2000
42,log:H6,The tone of the post is angry or annoyed.,rewrite,1512,1112,400,0,0,1.0,0.9973992197659298,0.9986979166666667,769,0.9896774193548387,False,1.0,False,0.0012022500013699755,0.9973992197659298,False,real,real-llama3.1-N2000,gt,fixed-400,2000
43,log:H7,The post is about a computer operating system.,rewrite,1742,1342,400,0,0,1.0,0.9943181818181818,0.9971509971509972,176,0.9722222222222222,False,1.0,False,0.0011696250003296882,0.9943181818181818,False,real,real-llama3.1-N2000,gt,fixed-400,2000
44,log:H8,The post is a for-sale advertisement.,rewrite,1817,1179,400,238,0,1.0,1.0,1.0,87,0.925531914893617,False,1.0,False,0.0020809579946217127,1.0,False,real,real-llama3.1-N2000,gt,fixed-400,2000
45,log:H9,The post discusses encryption algorithms or key management.,rewrite,1713,1313,400,0,0,1.0,1.0,1.0,46,0.9019607843137255,False,1.0,False,0.0011837499987450428,1.0,False,real,real-llama3.1-N2000,gt,fixed-400,2000
46,log:H10,The post asks a question about computer hardware.,rewrite,1627,1168,400,59,0,1.0,0.9971590909090909,0.9985775248933144,352,0.9669421487603306,False,1.0,False,0.0012979160019312985,0.9971590909090909,False,real,real-llama3.1-N2000,gt,fixed-400,2000
0,log:A1,The post asks for technical help with computer hardware.,cold,2000,2000,0,0,0,1.0,1.0,1.0,271,,,,,7.900000491645187e-05,1.0,,real,real-llama3.1-N2000,gt,fixed-1600,2000
1,log:A2,The post asks for technical help with a personal computer's hardware.,cold,2000,2000,0,0,0,1.0,1.0,1.0,235,,,,,4.816699947696179e-05,1.0,,real,real-llama3.1-N2000,gt,fixed-1600,2000
2,log:A3,The post is a request for technical assistance concerning computer hardware.,cold,2000,2000,0,0,0,1.0,1.0,1.0,305,,,,,3.7582998629659414e-05,1.0,,real,real-llama3.1-N2000,gt,fixed-1600,2000
3,log:A4,The post asks for help with Macintosh hardware.,cold,2000,2000,0,0,0,1.0,1.0,1.0,59,,,,,3.899999865097925e-05,1.0,,real,real-llama3.1-N2000,gt,fixed-1600,2000
4,log:A5,The post describes a hardware problem the author is experiencing.,cold,2000,2000,0,0,0,1.0,1.0,1.0,172,,,,,4.366599750937894e-05,1.0,,real,real-llama3.1-N2000,gt,fixed-1600,2000
5,log:B1,The post offers an item for sale.,cold,2000,2000,0,0,0,1.0,1.0,1.0,96,,,,,4.641700070351362e-05,1.0,,real,real-llama3.1-N2000,gt,fixed-1600,2000
6,log:B2,The post offers a computer or a computer part for sale.,cold,2000,2000,0,0,0,1.0,1.0,1.0,48,,,,,4.9166003009304404e-05,1.0,,real,real-llama3.1-N2000,gt,fixed-1600,2000
7,log:B3,The post mentions a specific price in dollars.,cold,2000,2000,0,0,0,1.0,1.0,1.0,139,,,,,5.416700150817633e-05,1.0,,real,real-llama3.1-N2000,gt,fixed-1600,2000
8,log:B4,The post is an advertisement.,cold,2000,2000,0,0,0,1.0,1.0,1.0,112,,,,,5.8707999414764345e-05,1.0,,real,real-llama3.1-N2000,gt,fixed-1600,2000
9,log:B5,The post is looking to buy something rather than to sell something.,cold,2000,2000,0,0,0,1.0,1.0,1.0,357,,,,,6.445799954235554e-05,1.0,,real,real-llama3.1-N2000,gt,fixed-1600,2000
10,log:C1,The post discusses a professional sports team.,rewrite,2000,1535,0,465,0,1.0,1.0,1.0,166,1.0,False,1.0,False,0.00024166699586203322,1.0,False,real,real-llama3.1-N2000,gt,fixed-1600,2000
11,log:C2,The post discusses a professional baseball team.,rewrite,2000,1484,0,516,0,1.0,1.0,1.0,90,1.0,False,1.0,False,0.0001988340009120293,1.0,False,real,real-llama3.1-N2000,gt,fixed-1600,2000
12,log:C3,The post mentions a player's statistics.,rewrite,2000,1535,0,465,0,1.0,1.0,1.0,55,1.0,False,1.0,False,0.00017999999545281753,1.0,False,real,real-llama3.1-N2000,gt,fixed-1600,2000
13,log:C4,The post is about a sporting event that has already taken place.,rewrite,2000,1535,0,465,0,1.0,1.0,1.0,132,1.0,False,1.0,False,0.0001862499993876554,1.0,False,real,real-llama3.1-N2000,gt,fixed-1600,2000
14,log:C5,The post is about sports.,rewrite,2000,1440,0,560,0,1.0,1.0,1.0,193,1.0,False,1.0,False,0.0002099999983329326,1.0,False,real,real-llama3.1-N2000,gt,fixed-1600,2000
15,log:D1,The post argues about politics.,rewrite,2000,1375,0,625,0,1.0,1.0,1.0,297,1.0,False,1.0,False,0.0002156249975087121,1.0,False,real,real-llama3.1-N2000,gt,fixed-1600,2000
16,log:D2,The post argues about gun control policy.,rewrite,2000,1378,0,622,0,1.0,1.0,1.0,48,1.0,False,1.0,False,0.00020670900266850367,1.0,False,real,real-llama3.1-N2000,gt,fixed-1600,2000
17,log:D3,The post expresses a religious belief.,rewrite,2000,1375,0,625,0,1.0,1.0,1.0,145,1.0,False,1.0,False,0.00021300000662449747,1.0,False,real,real-llama3.1-N2000,gt,fixed-1600,2000
18,log:D4,The post argues about religion.,rewrite,2000,1232,0,768,0,1.0,1.0,1.0,218,1.0,False,1.0,False,0.0002460000032442622,1.0,False,real,real-llama3.1-N2000,gt,fixed-1600,2000
19,log:D5,The post discusses the Middle East.,rewrite,2000,1421,0,579,0,1.0,1.0,1.0,62,1.0,False,1.0,False,0.00021712500165449455,1.0,False,real,real-llama3.1-N2000,gt,fixed-1600,2000
20,log:D6,The post criticizes a government or a government policy.,rewrite,2000,1375,0,625,0,1.0,1.0,1.0,207,1.0,False,1.0,False,0.00022745899332221597,1.0,False,real,real-llama3.1-N2000,gt,fixed-1600,2000
21,log:E1,The author of the post is frustrated or angry.,cold,2000,2000,0,0,0,1.0,1.0,1.0,1112,,,,,0.00012679200153797865,1.0,,real,real-llama3.1-N2000,gt,fixed-1600,2000
22,log:E2,The post contains a question.,cold,2000,2000,0,0,0,1.0,1.0,1.0,740,,,,,0.00012474999675760046,1.0,,real,real-llama3.1-N2000,gt,fixed-1600,2000
23,log:E3,The post quotes another message.,cold,2000,2000,0,0,0,1.0,1.0,1.0,1528,,,,,0.00012974999845027924,1.0,,real,real-llama3.1-N2000,gt,fixed-1600,2000
24,log:E4,The post uses technical jargon.,cold,2000,2000,0,0,0,1.0,1.0,1.0,813,,,,,0.00013087499974062666,1.0,,real,real-llama3.1-N2000,gt,fixed-1600,2000
25,log:E5,The post makes a factual claim that could be checked.,cold,2000,2000,0,0,0,1.0,1.0,1.0,1145,,,,,0.00013774999388260767,1.0,,real,real-llama3.1-N2000,gt,fixed-1600,2000
26,log:F1,The post discusses medicine or health.,rewrite,2000,1259,0,741,0,1.0,1.0,1.0,100,1.0,False,1.0,False,0.0002713330031838268,1.0,False,real,real-llama3.1-N2000,gt,fixed-1600,2000
27,log:F2,The post discusses a specific disease or medical condition.,rewrite,2000,1419,0,581,0,1.0,1.0,1.0,49,1.0,False,1.0,False,0.0002565000031609088,1.0,False,real,real-llama3.1-N2000,gt,fixed-1600,2000
28,log:F3,The post discusses space or astronomy.,rewrite,2000,1259,0,741,0,1.0,1.0,1.0,73,1.0,False,1.0,False,0.00026316699950257316,1.0,False,real,real-llama3.1-N2000,gt,fixed-1600,2000
29,log:F4,The post discusses cryptography or encryption.,rewrite,2000,1347,0,653,0,1.0,1.0,1.0,62,1.0,False,1.0,False,0.00026950000028591603,1.0,False,real,real-llama3.1-N2000,gt,fixed-1600,2000
30,log:F5,The post discusses computer security.,rewrite,2000,1412,0,588,0,1.0,1.0,1.0,98,1.0,False,1.0,False,0.0002670419999049045,1.0,False,real,real-llama3.1-N2000,gt,fixed-1600,2000
31,log:F6,The post discusses science.,rewrite,2000,1819,0,181,0,1.0,1.0,1.0,262,1.0,False,1.0,False,0.00021691599977202713,1.0,False,real,real-llama3.1-N2000,gt,fixed-1600,2000
32,log:G1,The post mentions an operating system.,rewrite,2000,1226,0,774,0,1.0,1.0,1.0,196,1.0,False,1.0,False,0.00028220799867995083,1.0,False,real,real-llama3.1-N2000,gt,fixed-1600,2000
33,log:G2,The post mentions Microsoft Windows.,rewrite,2000,1186,0,814,0,1.0,1.0,1.0,73,1.0,False,1.0,False,0.00028250000468688086,1.0,False,real,real-llama3.1-N2000,gt,fixed-1600,2000
34,log:G3,The post mentions the X Window System.,rewrite,2000,523,0,1477,0,1.0,1.0,1.0,76,1.0,False,1.0,False,0.0003228329951525666,1.0,False,real,real-llama3.1-N2000,gt,fixed-1600,2000
35,log:G4,The post discusses software rather than hardware.,rewrite,2000,1630,0,370,0,1.0,1.0,1.0,375,1.0,False,1.0,False,0.0002714590009418316,1.0,False,real,real-llama3.1-N2000,gt,fixed-1600,2000
36,log:G5,The post recommends a product or a service.,rewrite,2000,1226,0,774,0,1.0,1.0,1.0,83,1.0,False,1.0,False,0.0003065000055357814,1.0,False,real,real-llama3.1-N2000,gt,fixed-1600,2000
37,log:H1,The post asks for technical help with computer hardware.,exact-hit,0,0,0,0,0,1.0,1.0,1.0,271,,,,,4.665998858399689e-06,1.0,,real,real-llama3.1-N2000,gt,fixed-1600,2000
38,log:H2,The post is selling something.,rewrite,2000,1226,0,774,0,1.0,1.0,1.0,93,1.0,False,1.0,False,0.00030179099849192426,1.0,False,real,real-llama3.1-N2000,gt,fixed-1600,2000
39,log:H3,The post is about a motor vehicle.,rewrite,2000,1147,0,853,0,1.0,1.0,1.0,155,1.0,False,1.0,False,0.0003192910007783212,1.0,False,real,real-llama3.1-N2000,gt,fixed-1600,2000
40,log:H4,The post is about a car or a motorcycle.,rewrite,2000,1306,0,694,0,1.0,1.0,1.0,138,1.0,False,1.0,False,0.00031370800570584834,1.0,False,real,real-llama3.1-N2000,gt,fixed-1600,2000
41,log:H5,The post gives advice about maintaining a vehicle.,rewrite,2000,1231,0,769,0,1.0,1.0,1.0,37,1.0,False,1.0,False,0.00032037499477155507,1.0,False,real,real-llama3.1-N2000,gt,fixed-1600,2000
42,log:H6,The tone of the post is angry or annoyed.,rewrite,2000,1112,0,888,0,1.0,1.0,1.0,769,1.0,False,1.0,False,0.0002762080039246939,1.0,False,real,real-llama3.1-N2000,gt,fixed-1600,2000
43,log:H7,The post is about a computer operating system.,rewrite,2000,1340,0,660,0,1.0,1.0,1.0,176,1.0,False,1.0,False,0.0011524170040502213,1.0,False,real,real-llama3.1-N2000,gt,fixed-1600,2000
44,log:H8,The post is a for-sale advertisement.,rewrite,2000,1179,0,821,0,1.0,1.0,1.0,87,1.0,False,1.0,False,0.000902833002328407,1.0,False,real,real-llama3.1-N2000,gt,fixed-1600,2000
45,log:H9,The post discusses encryption algorithms or key management.,rewrite,2000,1312,0,688,0,1.0,1.0,1.0,46,1.0,False,1.0,False,0.0008785829995758832,1.0,False,real,real-llama3.1-N2000,gt,fixed-1600,2000
46,log:H10,The post asks a question about computer hardware.,rewrite,2000,1167,0,833,0,1.0,1.0,1.0,352,1.0,False,1.0,False,0.0009373339999001473,1.0,False,real,real-llama3.1-N2000,gt,fixed-1600,2000
0,log:A1,The post asks for technical help with computer hardware.,cold,2000,2000,0,0,0,1.0,1.0,1.0,271,,,,,9.645800309954211e-05,1.0,,real,real-llama3.1-N2000,gt,frac-0.02,2000
1,log:A2,The post asks for technical help with a personal computer's hardware.,cold,2000,2000,0,0,0,1.0,1.0,1.0,235,,,,,7.675000233575702e-05,1.0,,real,real-llama3.1-N2000,gt,frac-0.02,2000
2,log:A3,The post is a request for technical assistance concerning computer hardware.,cold,2000,2000,0,0,0,1.0,1.0,1.0,305,,,,,7.349999941652641e-05,1.0,,real,real-llama3.1-N2000,gt,frac-0.02,2000
3,log:A4,The post asks for help with Macintosh hardware.,cold,2000,2000,0,0,0,1.0,1.0,1.0,59,,,,,8.283300121547654e-05,1.0,,real,real-llama3.1-N2000,gt,frac-0.02,2000
4,log:A5,The post describes a hardware problem the author is experiencing.,cold,2000,2000,0,0,0,1.0,1.0,1.0,172,,,,,9.591700654709712e-05,1.0,,real,real-llama3.1-N2000,gt,frac-0.02,2000
5,log:B1,The post offers an item for sale.,cold,2000,2000,0,0,0,1.0,1.0,1.0,96,,,,,0.00010641699918778613,1.0,,real,real-llama3.1-N2000,gt,frac-0.02,2000
6,log:B2,The post offers a computer or a computer part for sale.,cold,2000,2000,0,0,0,1.0,1.0,1.0,48,,,,,0.00011799999629147351,1.0,,real,real-llama3.1-N2000,gt,frac-0.02,2000
7,log:B3,The post mentions a specific price in dollars.,cold,2000,2000,0,0,0,1.0,1.0,1.0,139,,,,,0.000130749998788815,1.0,,real,real-llama3.1-N2000,gt,frac-0.02,2000
8,log:B4,The post is an advertisement.,cold,2000,2000,0,0,0,1.0,1.0,1.0,112,,,,,0.0001417499952367507,1.0,,real,real-llama3.1-N2000,gt,frac-0.02,2000
9,log:B5,The post is looking to buy something rather than to sell something.,cold,2000,2000,0,0,0,1.0,1.0,1.0,357,,,,,0.00015558300219709054,1.0,,real,real-llama3.1-N2000,gt,frac-0.02,2000
10,log:C1,The post discusses a professional sports team.,rewrite,1991,1535,20,436,0,1.0,1.0,1.0,166,0.9485714285714286,False,1.0,False,0.03448429100535577,1.0,False,real,real-llama3.1-N2000,gt,frac-0.02,2000
11,log:C2,The post discusses a professional baseball team.,rewrite,1999,1484,20,495,0,1.0,1.0,1.0,90,0.989010989010989,False,1.0,False,0.004502292002143804,1.0,False,real,real-llama3.1-N2000,gt,frac-0.02,2000
12,log:C3,The post mentions a player's statistics.,rewrite,1999,1535,20,444,0,1.0,1.0,1.0,55,0.9821428571428571,False,1.0,False,0.0017432499953429215,1.0,False,real,real-llama3.1-N2000,gt,frac-0.02,2000
13,log:C4,The post is about a sporting event that has already taken place.,rewrite,1992,1535,20,437,0,1.0,1.0,1.0,132,0.9428571428571428,False,1.0,False,0.0016983329987851903,1.0,False,real,real-llama3.1-N2000,gt,frac-0.02,2000
14,log:C5,The post is about sports.,rewrite,1870,1440,60,370,0,0.9948453608247423,1.0,0.9974160206718347,193,0.9877300613496932,False,0.8298969072164949,False,0.0018430410054861568,1.0,False,real,real-llama3.1-N2000,gt,frac-0.02,2000
15,log:D1,The post argues about politics.,rewrite,1980,1375,20,585,0,1.0,1.0,1.0,297,0.9369085173501577,False,1.0,False,0.002308458999323193,1.0,False,real,real-llama3.1-N2000,gt,frac-0.02,2000
16,log:D2,The post argues about gun control policy.,rewrite,2000,1378,20,602,0,1.0,1.0,1.0,48,1.0,False,1.0,False,0.0019775840046349913,1.0,False,real,real-llama3.1-N2000,gt,frac-0.02,2000
17,log:D3,The post expresses a religious belief.,rewrite,2000,1375,20,605,0,1.0,1.0,1.0,145,1.0,False,1.0,False,0.0024207910028053448,1.0,False,real,real-llama3.1-N2000,gt,frac-0.02,2000
18,log:D4,The post argues about religion.,rewrite,1856,1232,40,584,0,0.990909090909091,1.0,0.995433789954338,218,0.908256880733945,False,0.9,False,0.005538666999200359,1.0,False,real,real-llama3.1-N2000,gt,frac-0.02,2000
19,log:D5,The post discusses the Middle East.,rewrite,2000,1421,20,559,0,1.0,1.0,1.0,62,1.0,False,1.0,False,0.007294625000213273,1.0,False,real,real-llama3.1-N2000,gt,frac-0.02,2000
20,log:D6,The post criticizes a government or a government policy.,rewrite,1980,1375,20,585,0,1.0,1.0,1.0,207,0.9118942731277533,False,1.0,False,0.0021434579975903034,1.0,False,real,real-llama3.1-N2000,gt,frac-0.02,2000
21,log:E1,The author of the post is frustrated or angry.,cold,2000,2000,0,0,0,1.0,1.0,1.0,1112,,,,,0.00013954099995316938,1.0,,real,real-llama3.1-N2000,gt,frac-0.02,2000
22,log:E2,The post contains a question.,cold,2000,2000,0,0,0,1.0,1.0,1.0,740,,,,,0.0001265419996343553,1.0,,real,real-llama3.1-N2000,gt,frac-0.02,2000
23,log:E3,The post quotes another message.,cold,2000,2000,0,0,0,1.0,1.0,1.0,1528,,,,,0.00012854200031142682,1.0,,real,real-llama3.1-N2000,gt,frac-0.02,2000
24,log:E4,The post uses technical jargon.,cold,2000,2000,0,0,0,1.0,1.0,1.0,813,,,,,0.00013158300134819,1.0,,real,real-llama3.1-N2000,gt,frac-0.02,2000
25,log:E5,The post makes a factual claim that could be checked.,cold,2000,2000,0,0,0,1.0,1.0,1.0,1145,,,,,0.00013666599988937378,1.0,,real,real-llama3.1-N2000,gt,frac-0.02,2000
26,log:F1,The post discusses medicine or health.,rewrite,2000,1257,20,723,0,1.0,1.0,1.0,100,1.0,False,1.0,False,0.0022422499969252385,1.0,False,real,real-llama3.1-N2000,gt,frac-0.02,2000
27,log:F2,The post discusses a specific disease or medical condition.,rewrite,2000,1419,20,561,0,1.0,1.0,1.0,49,1.0,False,1.0,False,0.0020385410025482997,1.0,False,real,real-llama3.1-N2000,gt,frac-0.02,2000
28,log:F3,The post discusses space or astronomy.,rewrite,2000,1257,20,723,0,1.0,1.0,1.0,73,1.0,False,1.0,False,0.0023130000045057386,1.0,False,real,real-llama3.1-N2000,gt,frac-0.02,2000
29,log:F4,The post discusses cryptography or encryption.,rewrite,2000,1345,20,635,0,1.0,1.0,1.0,62,1.0,False,1.0,False,0.0022427079966291785,1.0,False,real,real-llama3.1-N2000,gt,frac-0.02,2000
30,log:F5,The post discusses computer security.,rewrite,2000,1412,20,568,0,1.0,1.0,1.0,98,1.0,False,1.0,False,0.002105416999256704,1.0,False,real,real-llama3.1-N2000,gt,frac-0.02,2000
31,log:F6,The post discusses science.,rewrite,1985,1819,20,146,0,1.0,0.9961832061068703,0.9980879541108987,262,0.9456521739130435,False,1.0,False,0.0005877079966012388,0.9961832061068703,False,real,real-llama3.1-N2000,gt,frac-0.02,2000
32,log:G1,The post mentions an operating system.,rewrite,1982,1224,20,738,0,1.0,1.0,1.0,196,0.9158878504672897,False,1.0,False,0.0023552920029032975,1.0,False,real,real-llama3.1-N2000,gt,frac-0.02,2000
33,log:G2,The post mentions Microsoft Windows.,rewrite,2000,1184,20,796,0,1.0,1.0,1.0,73,1.0,False,1.0,False,0.0025246669974876568,1.0,False,real,real-llama3.1-N2000,gt,frac-0.02,2000
34,log:G3,The post mentions the X Window System.,rewrite,1997,523,30,1444,0,1.0,1.0,1.0,76,0.9620253164556962,False,1.0,False,0.0013217079977039248,1.0,False,real,real-llama3.1-N2000,gt,frac-0.02,2000
35,log:G4,The post discusses software rather than hardware.,rewrite,1952,1630,20,302,0,1.0,1.0,1.0,375,0.9168704156479217,False,1.0,False,0.0014396670012502,1.0,False,real,real-llama3.1-N2000,gt,frac-0.02,2000
36,log:G5,The post recommends a product or a service.,rewrite,2000,1224,20,756,0,1.0,1.0,1.0,83,1.0,False,1.0,False,0.002168749997508712,1.0,False,real,real-llama3.1-N2000,gt,frac-0.02,2000
37,log:H1,The post asks for technical help with computer hardware.,exact-hit,0,0,0,0,0,1.0,1.0,1.0,271,,,,,5.6249991757795215e-06,1.0,,real,real-llama3.1-N2000,gt,frac-0.02,2000
38,log:H2,The post is selling something.,rewrite,2000,1224,20,756,0,1.0,1.0,1.0,93,1.0,False,1.0,False,0.002302707995113451,1.0,False,real,real-llama3.1-N2000,gt,frac-0.02,2000
39,log:H3,The post is about a motor vehicle.,rewrite,2000,1145,20,835,0,1.0,1.0,1.0,155,1.0,False,1.0,False,0.002554042002884671,1.0,False,real,real-llama3.1-N2000,gt,frac-0.02,2000
40,log:H4,The post is about a car or a motorcycle.,rewrite,2000,1306,20,674,0,1.0,1.0,1.0,138,1.0,False,1.0,False,0.0023837499975343235,1.0,False,real,real-llama3.1-N2000,gt,frac-0.02,2000
41,log:H5,The post gives advice about maintaining a vehicle.,rewrite,2000,1231,20,749,0,1.0,1.0,1.0,37,1.0,False,1.0,False,0.0024974159969133325,1.0,False,real,real-llama3.1-N2000,gt,frac-0.02,2000
42,log:H6,The tone of the post is angry or annoyed.,rewrite,2000,1112,20,868,0,1.0,1.0,1.0,769,1.0,False,1.0,False,0.0006279169974732213,1.0,False,real,real-llama3.1-N2000,gt,frac-0.02,2000
43,log:H7,The post is about a computer operating system.,rewrite,1984,1341,20,623,0,1.0,1.0,1.0,176,0.9166666666666666,False,1.0,False,0.0023037080027279444,1.0,False,real,real-llama3.1-N2000,gt,frac-0.02,2000
44,log:H8,The post is a for-sale advertisement.,rewrite,2000,1177,20,803,0,1.0,1.0,1.0,87,1.0,False,1.0,False,0.002582041001005564,1.0,False,real,real-llama3.1-N2000,gt,frac-0.02,2000
45,log:H9,The post discusses encryption algorithms or key management.,rewrite,2000,1312,20,668,0,1.0,1.0,1.0,46,1.0,False,1.0,False,0.002284666996274609,1.0,False,real,real-llama3.1-N2000,gt,frac-0.02,2000
46,log:H10,The post asks a question about computer hardware.,rewrite,1943,1165,40,738,0,1.0,1.0,1.0,352,0.9498607242339833,False,0.96875,False,0.0024183749992516823,1.0,False,real,real-llama3.1-N2000,gt,frac-0.02,2000
0,log:A1,The post asks for technical help with computer hardware.,cold,2000,2000,0,0,0,1.0,1.0,1.0,271,,,,,3.441699664108455e-05,1.0,,real,real-llama3.1-N2000,gt,frac-0.05,2000
1,log:A2,The post asks for technical help with a personal computer's hardware.,cold,2000,2000,0,0,0,1.0,1.0,1.0,235,,,,,3.258400101913139e-05,1.0,,real,real-llama3.1-N2000,gt,frac-0.05,2000
2,log:A3,The post is a request for technical assistance concerning computer hardware.,cold,2000,2000,0,0,0,1.0,1.0,1.0,305,,,,,3.2999996619764715e-05,1.0,,real,real-llama3.1-N2000,gt,frac-0.05,2000
3,log:A4,The post asks for help with Macintosh hardware.,cold,2000,2000,0,0,0,1.0,1.0,1.0,59,,,,,3.587499668356031e-05,1.0,,real,real-llama3.1-N2000,gt,frac-0.05,2000
4,log:A5,The post describes a hardware problem the author is experiencing.,cold,2000,2000,0,0,0,1.0,1.0,1.0,172,,,,,4.058400372741744e-05,1.0,,real,real-llama3.1-N2000,gt,frac-0.05,2000
5,log:B1,The post offers an item for sale.,cold,2000,2000,0,0,0,1.0,1.0,1.0,96,,,,,4.3791995267383754e-05,1.0,,real,real-llama3.1-N2000,gt,frac-0.05,2000
6,log:B2,The post offers a computer or a computer part for sale.,cold,2000,2000,0,0,0,1.0,1.0,1.0,48,,,,,4.7790999815333635e-05,1.0,,real,real-llama3.1-N2000,gt,frac-0.05,2000
7,log:B3,The post mentions a specific price in dollars.,cold,2000,2000,0,0,0,1.0,1.0,1.0,139,,,,,5.1750001148320735e-05,1.0,,real,real-llama3.1-N2000,gt,frac-0.05,2000
8,log:B4,The post is an advertisement.,cold,2000,2000,0,0,0,1.0,1.0,1.0,112,,,,,5.654199776472524e-05,1.0,,real,real-llama3.1-N2000,gt,frac-0.05,2000
9,log:B5,The post is looking to buy something rather than to sell something.,cold,2000,2000,0,0,0,1.0,1.0,1.0,357,,,,,6.158299947855994e-05,1.0,,real,real-llama3.1-N2000,gt,frac-0.05,2000
10,log:C1,The post discusses a professional sports team.,rewrite,1991,1535,24,432,0,1.0,1.0,1.0,166,0.9485714285714286,False,1.0,False,0.0015907499982859008,1.0,False,real,real-llama3.1-N2000,gt,frac-0.05,2000
11,log:C2,The post discusses a professional baseball team.,rewrite,1999,1484,26,489,0,1.0,1.0,1.0,90,0.989010989010989,False,1.0,False,0.01813154199771816,1.0,False,real,real-llama3.1-N2000,gt,frac-0.05,2000
12,log:C3,The post mentions a player's statistics.,rewrite,1999,1535,24,440,0,1.0,1.0,1.0,55,0.9821428571428571,False,1.0,False,0.017033541997079737,1.0,False,real,real-llama3.1-N2000,gt,frac-0.05,2000
13,log:C4,The post is about a sporting event that has already taken place.,rewrite,1991,1535,24,432,0,1.0,1.0,1.0,132,0.9361702127659575,False,1.0,False,0.00256808300036937,1.0,False,real,real-llama3.1-N2000,gt,frac-0.05,2000
14,log:C5,The post is about sports.,rewrite,1870,1440,60,370,0,0.9948453608247423,1.0,0.9974160206718347,193,0.9877300613496932,False,0.8298969072164949,False,0.007405459000437986,1.0,False,real,real-llama3.1-N2000,gt,frac-0.05,2000
15,log:D1,The post argues about politics.,rewrite,1981,1375,32,574,0,1.0,1.0,1.0,297,0.939873417721519,False,1.0,False,0.006571750003786292,1.0,False,real,real-llama3.1-N2000,gt,frac-0.05,2000
16,log:D2,The post argues about gun control policy.,rewrite,2000,1378,32,590,0,1.0,1.0,1.0,48,1.0,False,1.0,False,0.02246762499999022,1.0,False,real,real-llama3.1-N2000,gt,frac-0.05,2000
17,log:D3,The post expresses a religious belief.,rewrite,2000,1375,32,593,0,1.0,1.0,1.0,145,1.0,False,1.0,False,0.002430459004244767,1.0,False,real,real-llama3.1-N2000,gt,frac-0.05,2000
18,log:D4,The post argues about religion.,rewrite,1856,1232,52,572,0,0.990909090909091,1.0,0.995433789954338,218,0.908256880733945,False,0.9,False,0.002310666000994388,1.0,False,real,real-llama3.1-N2000,gt,frac-0.05,2000
19,log:D5,The post discusses the Middle East.,rewrite,2000,1421,29,550,0,1.0,1.0,1.0,62,1.0,False,1.0,False,0.015277958002116065,1.0,False,real,real-llama3.1-N2000,gt,frac-0.05,2000
20,log:D6,The post criticizes a government or a government policy.,rewrite,1981,1375,32,574,0,1.0,1.0,1.0,207,0.915929203539823,False,1.0,False,0.003256707997934427,1.0,False,real,real-llama3.1-N2000,gt,frac-0.05,2000
21,log:E1,The author of the post is frustrated or angry.,cold,2000,2000,0,0,0,1.0,1.0,1.0,1112,,,,,0.00015454200183739886,1.0,,real,real-llama3.1-N2000,gt,frac-0.05,2000
22,log:E2,The post contains a question.,cold,2000,2000,0,0,0,1.0,1.0,1.0,740,,,,,0.0001291250009671785,1.0,,real,real-llama3.1-N2000,gt,frac-0.05,2000
23,log:E3,The post quotes another message.,cold,2000,2000,0,0,0,1.0,1.0,1.0,1528,,,,,0.00013091699656797573,1.0,,real,real-llama3.1-N2000,gt,frac-0.05,2000
24,log:E4,The post uses technical jargon.,cold,2000,2000,0,0,0,1.0,1.0,1.0,813,,,,,0.00013320900325197726,1.0,,real,real-llama3.1-N2000,gt,frac-0.05,2000
25,log:E5,The post makes a factual claim that could be checked.,cold,2000,2000,0,0,0,1.0,1.0,1.0,1145,,,,,0.00013791699893772602,1.0,,real,real-llama3.1-N2000,gt,frac-0.05,2000
26,log:F1,The post discusses medicine or health.,rewrite,2000,1257,38,705,0,1.0,1.0,1.0,100,1.0,False,1.0,False,0.002303916997334454,1.0,False,real,real-llama3.1-N2000,gt,frac-0.05,2000
27,log:F2,The post discusses a specific disease or medical condition.,rewrite,2000,1419,30,551,0,1.0,1.0,1.0,49,1.0,False,1.0,False,0.0022919999973964877,1.0,False,real,real-llama3.1-N2000,gt,frac-0.05,2000
28,log:F3,The post discusses space or astronomy.,rewrite,2000,1257,38,705,0,1.0,1.0,1.0,73,1.0,False,1.0,False,0.002442125005472917,1.0,False,real,real-llama3.1-N2000,gt,frac-0.05,2000
29,log:F4,The post discusses cryptography or encryption.,rewrite,2000,1345,33,622,0,1.0,1.0,1.0,62,1.0,False,1.0,False,0.013858167003490962,1.0,False,real,real-llama3.1-N2000,gt,frac-0.05,2000
30,log:F5,The post discusses computer security.,rewrite,2000,1412,30,558,0,1.0,1.0,1.0,98,1.0,False,1.0,False,0.002087375003611669,1.0,False,real,real-llama3.1-N2000,gt,frac-0.05,2000
31,log:F6,The post discusses science.,rewrite,1987,1819,20,148,0,1.0,0.9961832061068703,0.9980879541108987,262,0.9560439560439561,False,1.0,False,0.0009981249968404882,0.9961832061068703,False,real,real-llama3.1-N2000,gt,frac-0.05,2000
32,log:G1,The post mentions an operating system.,rewrite,1983,1224,39,720,0,1.0,1.0,1.0,196,0.92018779342723,False,1.0,False,0.002444875004584901,1.0,False,real,real-llama3.1-N2000,gt,frac-0.05,2000
33,log:G2,The post mentions Microsoft Windows.,rewrite,2000,1184,41,775,0,1.0,1.0,1.0,73,1.0,False,1.0,False,0.002644957996380981,1.0,False,real,real-llama3.1-N2000,gt,frac-0.05,2000
34,log:G3,The post mentions the X Window System.,rewrite,1997,523,74,1400,0,1.0,1.0,1.0,76,0.9620253164556962,False,1.0,False,0.001768916001310572,1.0,False,real,real-llama3.1-N2000,gt,frac-0.05,2000
35,log:G4,The post discusses software rather than hardware.,rewrite,1996,1630,20,346,0,1.0,1.0,1.0,375,0.9894459102902374,False,1.0,False,0.0011724169962690212,1.0,False,real,real-llama3.1-N2000,gt,frac-0.05,2000
36,log:G5,The post recommends a product or a service.,rewrite,2000,1224,39,737,0,1.0,1.0,1.0,83,1.0,False,1.0,False,0.0023420409997925162,1.0,False,real,real-llama3.1-N2000,gt,frac-0.05,2000
37,log:H1,The post asks for technical help with computer hardware.,exact-hit,0,0,0,0,0,1.0,1.0,1.0,271,,,,,6.165995728224516e-06,1.0,,real,real-llama3.1-N2000,gt,frac-0.05,2000
38,log:H2,The post is selling something.,rewrite,2000,1224,39,737,0,1.0,1.0,1.0,93,1.0,False,1.0,False,0.007594165996124502,1.0,False,real,real-llama3.1-N2000,gt,frac-0.05,2000
39,log:H3,The post is about a motor vehicle.,rewrite,2000,1145,43,812,0,1.0,1.0,1.0,155,1.0,False,1.0,False,0.0027057920015067793,1.0,False,real,real-llama3.1-N2000,gt,frac-0.05,2000
40,log:H4,The post is about a car or a motorcycle.,rewrite,2000,1306,35,659,0,1.0,1.0,1.0,138,1.0,False,1.0,False,0.0026126250013476238,1.0,False,real,real-llama3.1-N2000,gt,frac-0.05,2000
41,log:H5,The post gives advice about maintaining a vehicle.,rewrite,2000,1231,39,730,0,1.0,1.0,1.0,37,1.0,False,1.0,False,0.0024115830019582063,1.0,False,real,real-llama3.1-N2000,gt,frac-0.05,2000
42,log:H6,The tone of the post is angry or annoyed.,rewrite,1157,1112,45,0,0,1.0,0.9960988296488946,0.9980456026058632,769,0.9184652278177458,False,1.0,False,0.0011740420013666153,0.9960988296488946,False,real,real-llama3.1-N2000,gt,frac-0.05,2000
43,log:H7,The post is about a computer operating system.,rewrite,1987,1341,33,613,0,1.0,1.0,1.0,176,0.9361702127659575,False,1.0,False,0.0027353330006008036,1.0,False,real,real-llama3.1-N2000,gt,frac-0.05,2000
44,log:H8,The post is a for-sale advertisement.,rewrite,2000,1177,42,781,0,1.0,1.0,1.0,87,1.0,False,1.0,False,0.0024585840001236647,1.0,False,real,real-llama3.1-N2000,gt,frac-0.05,2000
45,log:H9,The post discusses encryption algorithms or key management.,rewrite,2000,1312,35,653,0,1.0,1.0,1.0,46,1.0,False,1.0,False,0.002322540996829048,1.0,False,real,real-llama3.1-N2000,gt,frac-0.05,2000
46,log:H10,The post asks a question about computer hardware.,rewrite,1943,1165,59,719,0,0.9971671388101983,1.0,0.9985815602836879,352,0.9504132231404959,False,0.9773371104815864,False,0.002617708007164765,1.0,False,real,real-llama3.1-N2000,gt,frac-0.05,2000
0,log:A1,The post asks for technical help with computer hardware.,cold,2000,2000,0,0,0,1.0,1.0,1.0,271,,,,,3.833300434052944e-05,1.0,,real,real-llama3.1-N2000,gt,frac-0.10,2000
1,log:A2,The post asks for technical help with a personal computer's hardware.,cold,2000,2000,0,0,0,1.0,1.0,1.0,235,,,,,3.3333999454043806e-05,1.0,,real,real-llama3.1-N2000,gt,frac-0.10,2000
2,log:A3,The post is a request for technical assistance concerning computer hardware.,cold,2000,2000,0,0,0,1.0,1.0,1.0,305,,,,,3.354199725436047e-05,1.0,,real,real-llama3.1-N2000,gt,frac-0.10,2000
3,log:A4,The post asks for help with Macintosh hardware.,cold,2000,2000,0,0,0,1.0,1.0,1.0,59,,,,,3.683400427689776e-05,1.0,,real,real-llama3.1-N2000,gt,frac-0.10,2000
4,log:A5,The post describes a hardware problem the author is experiencing.,cold,2000,2000,0,0,0,1.0,1.0,1.0,172,,,,,3.92909932998009e-05,1.0,,real,real-llama3.1-N2000,gt,frac-0.10,2000
5,log:B1,The post offers an item for sale.,cold,2000,2000,0,0,0,1.0,1.0,1.0,96,,,,,4.337500286055729e-05,1.0,,real,real-llama3.1-N2000,gt,frac-0.10,2000
6,log:B2,The post offers a computer or a computer part for sale.,cold,2000,2000,0,0,0,1.0,1.0,1.0,48,,,,,4.7458997869398445e-05,1.0,,real,real-llama3.1-N2000,gt,frac-0.10,2000
7,log:B3,The post mentions a specific price in dollars.,cold,2000,2000,0,0,0,1.0,1.0,1.0,139,,,,,5.162500019650906e-05,1.0,,real,real-llama3.1-N2000,gt,frac-0.10,2000
8,log:B4,The post is an advertisement.,cold,2000,2000,0,0,0,1.0,1.0,1.0,112,,,,,5.608300125459209e-05,1.0,,real,real-llama3.1-N2000,gt,frac-0.10,2000
9,log:B5,The post is looking to buy something rather than to sell something.,cold,2000,2000,0,0,0,1.0,1.0,1.0,357,,,,,6.158299947855994e-05,1.0,,real,real-llama3.1-N2000,gt,frac-0.10,2000
10,log:C1,The post discusses a professional sports team.,rewrite,1992,1535,47,410,0,1.0,1.0,1.0,166,0.9540229885057471,False,1.0,False,0.0016852499975357205,1.0,False,real,real-llama3.1-N2000,gt,frac-0.10,2000
11,log:C2,The post discusses a professional baseball team.,rewrite,1999,1484,52,463,0,1.0,1.0,1.0,90,0.989010989010989,False,1.0,False,0.0018561670003691688,1.0,False,real,real-llama3.1-N2000,gt,frac-0.10,2000
12,log:C3,The post mentions a player's statistics.,rewrite,1999,1535,47,417,0,1.0,1.0,1.0,55,0.9821428571428571,False,1.0,False,0.0016018340029404499,1.0,False,real,real-llama3.1-N2000,gt,frac-0.10,2000
13,log:C4,The post is about a sporting event that has already taken place.,rewrite,1992,1535,47,410,0,1.0,1.0,1.0,132,0.9428571428571428,False,1.0,False,0.0016237500021816231,1.0,False,real,real-llama3.1-N2000,gt,frac-0.10,2000
14,log:C5,The post is about sports.,rewrite,1871,1440,80,351,0,0.9948453608247423,1.0,0.9974160206718347,193,0.9938271604938271,False,0.8298969072164949,False,0.0019829170050797984,1.0,False,real,real-llama3.1-N2000,gt,frac-0.10,2000
15,log:D1,The post argues about politics.,rewrite,1982,1375,63,544,0,1.0,1.0,1.0,297,0.945859872611465,False,1.0,False,0.002656165997905191,1.0,False,real,real-llama3.1-N2000,gt,frac-0.10,2000
16,log:D2,The post argues about gun control policy.,rewrite,2000,1378,63,559,0,1.0,1.0,1.0,48,1.0,False,1.0,False,0.0021793339983560145,1.0,False,real,real-llama3.1-N2000,gt,frac-0.10,2000
17,log:D3,The post expresses a religious belief.,rewrite,2000,1375,63,562,0,1.0,1.0,1.0,145,1.0,False,1.0,False,0.002135041999281384,1.0,False,real,real-llama3.1-N2000,gt,frac-0.10,2000
18,log:D4,The post argues about religion.,rewrite,1857,1232,83,542,0,0.990909090909091,1.0,0.995433789954338,218,0.9124423963133641,False,0.9,False,0.0025367920025018975,1.0,False,real,real-llama3.1-N2000,gt,frac-0.10,2000
19,log:D5,The post discusses the Middle East.,rewrite,2000,1421,58,521,0,1.0,1.0,1.0,62,1.0,False,1.0,False,0.0021862920038984157,1.0,False,real,real-llama3.1-N2000,gt,frac-0.10,2000
20,log:D6,The post criticizes a government or a government policy.,rewrite,1983,1375,63,545,0,1.0,1.0,1.0,207,0.9324324324324325,False,1.0,False,0.007026958999631461,1.0,False,real,real-llama3.1-N2000,gt,frac-0.10,2000
21,log:E1,The author of the post is frustrated or angry.,cold,2000,2000,0,0,0,1.0,1.0,1.0,1112,,,,,0.00015991699910955504,1.0,,real,real-llama3.1-N2000,gt,frac-0.10,2000
22,log:E2,The post contains a question.,cold,2000,2000,0,0,0,1.0,1.0,1.0,740,,,,,0.0001298749994020909,1.0,,real,real-llama3.1-N2000,gt,frac-0.10,2000
23,log:E3,The post quotes another message.,cold,2000,2000,0,0,0,1.0,1.0,1.0,1528,,,,,0.00013120900257490575,1.0,,real,real-llama3.1-N2000,gt,frac-0.10,2000
24,log:E4,The post uses technical jargon.,cold,2000,2000,0,0,0,1.0,1.0,1.0,813,,,,,0.00013387500075623393,1.0,,real,real-llama3.1-N2000,gt,frac-0.10,2000
25,log:E5,The post makes a factual claim that could be checked.,cold,2000,2000,0,0,0,1.0,1.0,1.0,1145,,,,,0.00013787499483441934,1.0,,real,real-llama3.1-N2000,gt,frac-0.10,2000
26,log:F1,The post discusses medicine or health.,rewrite,2000,1257,75,668,0,1.0,1.0,1.0,100,1.0,False,1.0,False,0.002466042002197355,1.0,False,real,real-llama3.1-N2000,gt,frac-0.10,2000
27,log:F2,The post discusses a specific disease or medical condition.,rewrite,2000,1419,59,522,0,1.0,1.0,1.0,49,1.0,False,1.0,False,0.0023859580032876693,1.0,False,real,real-llama3.1-N2000,gt,frac-0.10,2000
28,log:F3,The post discusses space or astronomy.,rewrite,2000,1257,75,668,0,1.0,1.0,1.0,73,1.0,False,1.0,False,0.002244666997285094,1.0,False,real,real-llama3.1-N2000,gt,frac-0.10,2000
29,log:F4,The post discusses cryptography or encryption.,rewrite,2000,1345,66,589,0,1.0,1.0,1.0,62,1.0,False,1.0,False,0.002273416001116857,1.0,False,real,real-llama3.1-N2000,gt,frac-0.10,2000
30,log:F5,The post discusses computer security.,rewrite,2000,1412,59,529,0,1.0,1.0,1.0,98,1.0,False,1.0,False,0.0019455840010778047,1.0,False,real,real-llama3.1-N2000,gt,frac-0.10,2000
31,log:F6,The post discusses science.,rewrite,1986,1819,20,147,0,1.0,0.9961832061068703,0.9980879541108987,262,0.9490909090909091,False,1.0,False,0.009199333006108645,0.9961832061068703,False,real,real-llama3.1-N2000,gt,frac-0.10,2000
32,log:G1,The post mentions an operating system.,rewrite,1984,1224,78,682,0,1.0,1.0,1.0,196,0.9333333333333333,False,1.0,False,0.0027946670015808195,1.0,False,real,real-llama3.1-N2000,gt,frac-0.10,2000
33,log:G2,The post mentions Microsoft Windows.,rewrite,2000,1184,82,734,0,1.0,1.0,1.0,73,1.0,False,1.0,False,0.0025677080047898926,1.0,False,real,real-llama3.1-N2000,gt,frac-0.10,2000
34,log:G3,The post mentions the X Window System.,rewrite,1997,523,148,1326,0,1.0,1.0,1.0,76,0.9620253164556962,False,1.0,False,0.001999332998821046,1.0,False,real,real-llama3.1-N2000,gt,frac-0.10,2000
35,log:G4,The post discusses software rather than hardware.,rewrite,1667,1630,37,0,0,1.0,0.9866666666666667,0.9932885906040269,375,0.9002433090024331,False,1.0,False,0.0011669169980450533,0.9866666666666667,False,real,real-llama3.1-N2000,gt,frac-0.10,2000
36,log:G5,The post recommends a product or a service.,rewrite,2000,1224,78,698,0,1.0,1.0,1.0,83,1.0,False,1.0,False,0.002562624998972751,1.0,False,real,real-llama3.1-N2000,gt,frac-0.10,2000
37,log:H1,The post asks for technical help with computer hardware.,exact-hit,0,0,0,0,0,1.0,1.0,1.0,271,,,,,7.415997970383614e-06,1.0,,real,real-llama3.1-N2000,gt,frac-0.10,2000
38,log:H2,The post is selling something.,rewrite,2000,1224,78,698,0,1.0,1.0,1.0,93,1.0,False,1.0,False,0.00243604199931724,1.0,False,real,real-llama3.1-N2000,gt,frac-0.10,2000
39,log:H3,The post is about a motor vehicle.,rewrite,2000,1145,86,769,0,1.0,1.0,1.0,155,1.0,False,1.0,False,0.0027053750018239953,1.0,False,real,real-llama3.1-N2000,gt,frac-0.10,2000
40,log:H4,The post is about a car or a motorcycle.,rewrite,2000,1306,70,624,0,1.0,1.0,1.0,138,1.0,False,1.0,False,0.0025515410015941598,1.0,False,real,real-llama3.1-N2000,gt,frac-0.10,2000
41,log:H5,The post gives advice about maintaining a vehicle.,rewrite,2000,1231,77,692,0,1.0,1.0,1.0,37,1.0,False,1.0,False,0.022702834001393057,1.0,False,real,real-llama3.1-N2000,gt,frac-0.10,2000
42,log:H6,The tone of the post is angry or annoyed.,rewrite,1201,1112,89,0,0,1.0,0.9960988296488946,0.9980456026058632,769,0.9575,False,1.0,False,0.0014366670002345927,0.9960988296488946,False,real,real-llama3.1-N2000,gt,frac-0.10,2000
43,log:H7,The post is about a computer operating system.,rewrite,1986,1341,66,579,0,1.0,1.0,1.0,176,0.9263157894736842,False,1.0,False,0.018383875001745764,1.0,False,real,real-llama3.1-N2000,gt,frac-0.10,2000
44,log:H8,The post is a for-sale advertisement.,rewrite,2000,1177,83,740,0,1.0,1.0,1.0,87,1.0,False,1.0,False,0.0026654579996829852,1.0,False,real,real-llama3.1-N2000,gt,frac-0.10,2000
45,log:H9,The post discusses encryption algorithms or key management.,rewrite,2000,1312,69,619,0,1.0,1.0,1.0,46,1.0,False,1.0,False,0.002406791005341802,1.0,False,real,real-llama3.1-N2000,gt,frac-0.10,2000
46,log:H10,The post asks a question about computer hardware.,rewrite,1901,1165,98,638,0,1.0,1.0,1.0,352,0.9045092838196287,False,0.96875,False,0.0029607500036945567,1.0,False,real,real-llama3.1-N2000,gt,frac-0.10,2000
0,log:A1,The post asks for technical help with computer hardware.,cold,2000,2000,0,0,0,1.0,1.0,1.0,271,,,,,4.033299774164334e-05,1.0,,real,real-llama3.1-N2000,gt,recall-only,2000
1,log:A2,The post asks for technical help with a personal computer's hardware.,cold,2000,2000,0,0,0,1.0,1.0,1.0,235,,,,,3.483299951767549e-05,1.0,,real,real-llama3.1-N2000,gt,recall-only,2000
2,log:A3,The post is a request for technical assistance concerning computer hardware.,cold,2000,2000,0,0,0,1.0,1.0,1.0,305,,,,,3.304199344711378e-05,1.0,,real,real-llama3.1-N2000,gt,recall-only,2000
3,log:A4,The post asks for help with Macintosh hardware.,cold,2000,2000,0,0,0,1.0,1.0,1.0,59,,,,,3.629099956015125e-05,1.0,,real,real-llama3.1-N2000,gt,recall-only,2000
4,log:A5,The post describes a hardware problem the author is experiencing.,cold,2000,2000,0,0,0,1.0,1.0,1.0,172,,,,,4.050000279676169e-05,1.0,,real,real-llama3.1-N2000,gt,recall-only,2000
5,log:B1,The post offers an item for sale.,cold,2000,2000,0,0,0,1.0,1.0,1.0,96,,,,,4.429199907463044e-05,1.0,,real,real-llama3.1-N2000,gt,recall-only,2000
6,log:B2,The post offers a computer or a computer part for sale.,cold,2000,2000,0,0,0,1.0,1.0,1.0,48,,,,,4.824999632546678e-05,1.0,,real,real-llama3.1-N2000,gt,recall-only,2000
7,log:B3,The post mentions a specific price in dollars.,cold,2000,2000,0,0,0,1.0,1.0,1.0,139,,,,,0.01850824999564793,1.0,,real,real-llama3.1-N2000,gt,recall-only,2000
8,log:B4,The post is an advertisement.,cold,2000,2000,0,0,0,1.0,1.0,1.0,112,,,,,0.00917962500534486,1.0,,real,real-llama3.1-N2000,gt,recall-only,2000
9,log:B5,The post is looking to buy something rather than to sell something.,cold,2000,2000,0,0,0,1.0,1.0,1.0,357,,,,,0.0002029169991146773,1.0,,real,real-llama3.1-N2000,gt,recall-only,2000
10,log:C1,The post discusses a professional sports team.,rewrite,1694,1535,159,0,0,1.0,0.9939759036144579,0.9969788519637462,166,0.9375,False,,,0.0027007500029867515,0.9939759036144579,False,real,real-llama3.1-N2000,gt,recall-only,2000
11,log:C2,The post discusses a professional baseball team.,rewrite,1813,1484,329,0,0,1.0,0.9888888888888889,0.9944134078212291,90,0.956989247311828,False,,,0.004231999999319669,0.9888888888888889,False,real,real-llama3.1-N2000,gt,recall-only,2000
12,log:C3,The post mentions a player's statistics.,rewrite,2000,1535,0,465,0,1.0,1.0,1.0,55,1.0,False,,,0.0005638750008074567,1.0,False,real,real-llama3.1-N2000,gt,recall-only,2000
13,log:C4,The post is about a sporting event that has already taken place.,rewrite,1739,1535,204,0,0,1.0,0.9924242424242424,0.9961977186311787,132,0.903448275862069,False,,,0.002541249996284023,0.9924242424242424,False,real,real-llama3.1-N2000,gt,recall-only,2000
14,log:C5,The post is about sports.,rewrite,1661,1441,220,0,0,0.9948186528497409,0.9948186528497409,0.9948186528497409,193,0.9137055837563451,False,,,0.001873207998869475,0.9948186528497409,False,real,real-llama3.1-N2000,gt,recall-only,2000
15,log:D1,The post argues about politics.,rewrite,1752,1375,123,254,0,1.0,0.9932659932659933,0.9966216216216216,297,0.9104938271604939,False,,,0.001695291000942234,0.9932659932659933,False,real,real-llama3.1-N2000,gt,recall-only,2000
16,log:D2,The post argues about gun control policy.,rewrite,2000,1378,0,622,0,1.0,1.0,1.0,48,1.0,False,,,0.00023024999973131344,1.0,False,real,real-llama3.1-N2000,gt,recall-only,2000
17,log:D3,The post expresses a religious belief.,rewrite,1626,1375,251,0,0,1.0,1.0,1.0,145,0.9177215189873418,False,,,0.0011252090043853968,1.0,False,real,real-llama3.1-N2000,gt,recall-only,2000
18,log:D4,The post argues about religion.,rewrite,1466,1232,234,0,0,0.9908256880733946,0.9908256880733946,0.9908256880733946,218,0.9321266968325792,False,,,0.0013649579996126704,0.9908256880733946,False,real,real-llama3.1-N2000,gt,recall-only,2000
19,log:D5,The post discusses the Middle East.,rewrite,1965,1422,543,0,0,1.0,1.0,1.0,62,0.9841269841269841,False,,,0.0008125000022118911,1.0,False,real,real-llama3.1-N2000,gt,recall-only,2000
20,log:D6,The post criticizes a government or a government policy.,rewrite,1885,1375,180,330,0,1.0,0.9903381642512077,0.9951456310679612,207,0.9192825112107623,False,,,0.031968082999810576,0.9903381642512077,False,real,real-llama3.1-N2000,gt,recall-only,2000
21,log:E1,The author of the post is frustrated or angry.,cold,2000,2000,0,0,0,1.0,1.0,1.0,1112,,,,,0.000185500000952743,1.0,,real,real-llama3.1-N2000,gt,recall-only,2000
22,log:E2,The post contains a question.,cold,2000,2000,0,0,0,1.0,1.0,1.0,740,,,,,0.000131665998196695,1.0,,real,real-llama3.1-N2000,gt,recall-only,2000
23,log:E3,The post quotes another message.,cold,2000,2000,0,0,0,1.0,1.0,1.0,1528,,,,,0.0054959169938229024,1.0,,real,real-llama3.1-N2000,gt,recall-only,2000
24,log:E4,The post uses technical jargon.,cold,2000,2000,0,0,0,1.0,1.0,1.0,813,,,,,0.00018970800010720268,1.0,,real,real-llama3.1-N2000,gt,recall-only,2000
25,log:E5,The post makes a factual claim that could be checked.,cold,2000,2000,0,0,0,1.0,1.0,1.0,1145,,,,,0.0001515830008429475,1.0,,real,real-llama3.1-N2000,gt,recall-only,2000
26,log:F1,The post discusses medicine or health.,rewrite,1698,1258,440,0,0,1.0,1.0,1.0,100,0.9174311926605505,False,,,0.0013426669975160621,1.0,False,real,real-llama3.1-N2000,gt,recall-only,2000
27,log:F2,The post discusses a specific disease or medical condition.,rewrite,2000,1419,0,581,0,1.0,1.0,1.0,49,1.0,False,,,0.00030670800333609805,1.0,False,real,real-llama3.1-N2000,gt,recall-only,2000
28,log:F3,The post discusses space or astronomy.,rewrite,1884,1258,626,0,0,1.0,0.9863013698630136,0.993103448275862,73,0.9473684210526315,False,,,0.0013693330038222484,0.9863013698630136,False,real,real-llama3.1-N2000,gt,recall-only,2000
29,log:F4,The post discusses cryptography or encryption.,rewrite,1970,1346,624,0,0,1.0,1.0,1.0,62,0.96875,False,,,0.0009254589967895299,1.0,False,real,real-llama3.1-N2000,gt,recall-only,2000
30,log:F5,The post discusses computer security.,rewrite,1757,1414,343,0,0,1.0,1.0,1.0,98,0.9333333333333333,False,,,0.0011181250010849908,1.0,False,real,real-llama3.1-N2000,gt,recall-only,2000
31,log:F6,The post discusses science.,rewrite,1850,1820,30,0,0,1.0,0.9885496183206107,0.9942418426103647,262,0.925,False,,,0.0009478749998379499,0.9885496183206107,False,real,real-llama3.1-N2000,gt,recall-only,2000
32,log:G1,The post mentions an operating system.,rewrite,1455,1226,229,0,0,1.0,1.0,1.0,196,0.9333333333333333,False,,,0.0011948749961447902,1.0,False,real,real-llama3.1-N2000,gt,recall-only,2000
33,log:G2,The post mentions Microsoft Windows.,rewrite,1836,1187,649,0,0,1.0,1.0,1.0,73,0.9605263157894737,False,,,0.001170625000668224,1.0,False,real,real-llama3.1-N2000,gt,recall-only,2000
34,log:G3,The post mentions the X Window System.,rewrite,1711,523,1188,0,0,1.0,0.9868421052631579,0.9933774834437086,76,0.9493670886075949,False,,,0.0011913749985978939,0.9868421052631579,False,real,real-llama3.1-N2000,gt,recall-only,2000
35,log:G4,The post discusses software rather than hardware.,rewrite,1682,1632,50,0,0,1.0,0.9866666666666667,0.9932885906040269,375,0.925,False,,,0.001073917002941016,0.9866666666666667,False,real,real-llama3.1-N2000,gt,recall-only,2000
36,log:G5,The post recommends a product or a service.,rewrite,1789,1226,563,0,0,1.0,1.0,1.0,83,0.9222222222222223,False,,,0.0011505829970701598,1.0,False,real,real-llama3.1-N2000,gt,recall-only,2000
37,log:H1,The post asks for technical help with computer hardware.,exact-hit,0,0,0,0,0,1.0,1.0,1.0,271,,,,,5.707996024284512e-06,1.0,,real,real-llama3.1-N2000,gt,recall-only,2000
38,log:H2,The post is selling something.,rewrite,1715,1226,489,0,0,1.0,0.989247311827957,0.9945945945945946,93,0.9484536082474226,False,,,0.0011394169996492565,0.989247311827957,False,real,real-llama3.1-N2000,gt,recall-only,2000
39,log:H3,The post is about a motor vehicle.,rewrite,1468,1147,321,0,0,1.0,1.0,1.0,155,0.9171597633136095,False,,,0.001233417002367787,1.0,False,real,real-llama3.1-N2000,gt,recall-only,2000
40,log:H4,The post is about a car or a motorcycle.,rewrite,1598,1307,291,0,0,1.0,1.0,1.0,138,0.9387755102040817,False,,,0.0011457910004537553,1.0,False,real,real-llama3.1-N2000,gt,recall-only,2000
41,log:H5,The post gives advice about maintaining a vehicle.,rewrite,2000,1232,0,768,0,1.0,1.0,1.0,37,1.0,False,,,0.0003322080010548234,1.0,False,real,real-llama3.1-N2000,gt,recall-only,2000
42,log:H6,The tone of the post is angry or annoyed.,rewrite,1159,1112,47,0,0,1.0,0.9960988296488946,0.9980456026058632,769,0.9217809867629362,False,,,0.0011642079989542253,0.9960988296488946,False,real,real-llama3.1-N2000,gt,recall-only,2000
43,log:H7,The post is about a computer operating system.,rewrite,1560,1342,218,0,0,1.0,1.0,1.0,176,0.9119170984455959,False,,,0.0012492919995565899,1.0,False,real,real-llama3.1-N2000,gt,recall-only,2000
44,log:H8,The post is a for-sale advertisement.,rewrite,1735,1180,555,0,0,1.0,1.0,1.0,87,0.9354838709677419,False,,,0.0011817909980891272,1.0,False,real,real-llama3.1-N2000,gt,recall-only,2000
45,log:H9,The post discusses encryption algorithms or key management.,rewrite,2000,1313,0,687,0,1.0,1.0,1.0,46,1.0,False,,,0.0003461660016910173,1.0,False,real,real-llama3.1-N2000,gt,recall-only,2000
46,log:H10,The post asks a question about computer hardware.,rewrite,1350,1167,183,0,0,1.0,0.9914772727272727,0.9957203994293866,352,0.9272237196765498,False,,,0.0015040829966892488,0.9914772727272727,False,real,real-llama3.1-N2000,gt,recall-only,2000
0,log:A1,The post asks for technical help with computer hardware.,cold,2000,2000,0,0,0,1.0,1.0,1.0,271,,,,,3.4666998544707894e-05,1.0,,real,real-llama3.1-N2000,gt,recall-trust,2000
1,log:A2,The post asks for technical help with a personal computer's hardware.,cold,2000,2000,0,0,0,1.0,1.0,1.0,235,,,,,3.216700133634731e-05,1.0,,real,real-llama3.1-N2000,gt,recall-trust,2000
2,log:A3,The post is a request for technical assistance concerning computer hardware.,cold,2000,2000,0,0,0,1.0,1.0,1.0,305,,,,,3.366699820617214e-05,1.0,,real,real-llama3.1-N2000,gt,recall-trust,2000
3,log:A4,The post asks for help with Macintosh hardware.,cold,2000,2000,0,0,0,1.0,1.0,1.0,59,,,,,3.60000049113296e-05,1.0,,real,real-llama3.1-N2000,gt,recall-trust,2000
4,log:A5,The post describes a hardware problem the author is experiencing.,cold,2000,2000,0,0,0,1.0,1.0,1.0,172,,,,,3.983399801654741e-05,1.0,,real,real-llama3.1-N2000,gt,recall-trust,2000
5,log:B1,The post offers an item for sale.,cold,2000,2000,0,0,0,1.0,1.0,1.0,96,,,,,4.337500286055729e-05,1.0,,real,real-llama3.1-N2000,gt,recall-trust,2000
6,log:B2,The post offers a computer or a computer part for sale.,cold,2000,2000,0,0,0,1.0,1.0,1.0,48,,,,,4.73749969387427e-05,1.0,,real,real-llama3.1-N2000,gt,recall-trust,2000
7,log:B3,The post mentions a specific price in dollars.,cold,2000,2000,0,0,0,1.0,1.0,1.0,139,,,,,5.1166993216611445e-05,1.0,,real,real-llama3.1-N2000,gt,recall-trust,2000
8,log:B4,The post is an advertisement.,cold,2000,2000,0,0,0,1.0,1.0,1.0,112,,,,,5.6166005379054695e-05,1.0,,real,real-llama3.1-N2000,gt,recall-trust,2000
9,log:B5,The post is looking to buy something rather than to sell something.,cold,2000,2000,0,0,0,1.0,1.0,1.0,357,,,,,6.220899376785383e-05,1.0,,real,real-llama3.1-N2000,gt,recall-trust,2000
10,log:C1,The post discusses a professional sports team.,rewrite,1694,1535,159,0,0,1.0,0.9939759036144579,0.9969788519637462,166,0.9375,False,,,0.0010232079948764294,0.9939759036144579,False,real,real-llama3.1-N2000,gt,recall-trust,2000
11,log:C2,The post discusses a professional baseball team.,rewrite,1813,1484,329,0,0,1.0,0.9888888888888889,0.9944134078212291,90,0.956989247311828,False,,,0.0010140000013052486,0.9888888888888889,False,real,real-llama3.1-N2000,gt,recall-trust,2000
12,log:C3,The post mentions a player's statistics.,rewrite,2000,1535,0,465,0,1.0,1.0,1.0,55,1.0,False,,,0.00019170799350831658,1.0,False,real,real-llama3.1-N2000,gt,recall-trust,2000
13,log:C4,The post is about a sporting event that has already taken place.,rewrite,1739,1535,204,0,0,1.0,0.9924242424242424,0.9961977186311787,132,0.903448275862069,False,,,0.03085237499908544,0.9924242424242424,False,real,real-llama3.1-N2000,gt,recall-trust,2000
14,log:C5,The post is about sports.,rewrite,1833,1441,0,392,0,0.9897435897435898,1.0,0.9948453608247423,193,1.0,False,,,0.000284333000308834,1.0,False,real,real-llama3.1-N2000,gt,recall-trust,2000
15,log:D1,The post argues about politics.,rewrite,1498,1375,123,0,0,1.0,0.9865319865319865,0.9932203389830507,297,0.9272151898734177,False,,,0.0016366249983548187,0.9865319865319865,False,real,real-llama3.1-N2000,gt,recall-trust,2000
16,log:D2,The post argues about gun control policy.,rewrite,2000,1378,0,622,0,1.0,1.0,1.0,48,1.0,False,,,0.0002504579970263876,1.0,False,real,real-llama3.1-N2000,gt,recall-trust,2000
17,log:D3,The post expresses a religious belief.,rewrite,1626,1375,251,0,0,1.0,1.0,1.0,145,0.9177215189873418,False,,,0.0012949169977218844,1.0,False,real,real-llama3.1-N2000,gt,recall-trust,2000
18,log:D4,The post argues about religion.,rewrite,1723,1232,491,0,0,0.990909090909091,1.0,0.995433789954338,218,0.9382716049382716,False,,,0.0010324579998268746,1.0,False,real,real-llama3.1-N2000,gt,recall-trust,2000
19,log:D5,The post discusses the Middle East.,rewrite,1965,1422,543,0,0,1.0,1.0,1.0,62,0.9841269841269841,False,,,0.0008187919956981204,1.0,False,real,real-llama3.1-N2000,gt,recall-trust,2000
20,log:D6,The post criticizes a government or a government policy.,rewrite,1555,1375,180,0,0,1.0,0.9758454106280193,0.9877750611246945,207,0.9099099099099099,False,,,0.0011982500000158325,0.9758454106280193,False,real,real-llama3.1-N2000,gt,recall-trust,2000
21,log:E1,The author of the post is frustrated or angry.,cold,2000,2000,0,0,0,1.0,1.0,1.0,1112,,,,,0.00014575000386685133,1.0,,real,real-llama3.1-N2000,gt,recall-trust,2000
22,log:E2,The post contains a question.,cold,2000,2000,0,0,0,1.0,1.0,1.0,740,,,,,0.00013016699813306332,1.0,,real,real-llama3.1-N2000,gt,recall-trust,2000
23,log:E3,The post quotes another message.,cold,2000,2000,0,0,0,1.0,1.0,1.0,1528,,,,,0.00094645799981663,1.0,,real,real-llama3.1-N2000,gt,recall-trust,2000
24,log:E4,The post uses technical jargon.,cold,2000,2000,0,0,0,1.0,1.0,1.0,813,,,,,0.00013974999455967918,1.0,,real,real-llama3.1-N2000,gt,recall-trust,2000
25,log:E5,The post makes a factual claim that could be checked.,cold,2000,2000,0,0,0,1.0,1.0,1.0,1145,,,,,0.0001400420005666092,1.0,,real,real-llama3.1-N2000,gt,recall-trust,2000
26,log:F1,The post discusses medicine or health.,rewrite,1698,1257,441,0,0,1.0,1.0,1.0,100,0.9174311926605505,False,,,0.0011977079993812367,1.0,False,real,real-llama3.1-N2000,gt,recall-trust,2000
27,log:F2,The post discusses a specific disease or medical condition.,rewrite,2000,1419,0,581,0,1.0,1.0,1.0,49,1.0,False,,,0.00028079200274078175,1.0,False,real,real-llama3.1-N2000,gt,recall-trust,2000
28,log:F3,The post discusses space or astronomy.,rewrite,1884,1257,627,0,0,1.0,1.0,1.0,73,0.9358974358974359,False,,,0.0010512910012039356,1.0,False,real,real-llama3.1-N2000,gt,recall-trust,2000
29,log:F4,The post discusses cryptography or encryption.,rewrite,1970,1345,625,0,0,1.0,1.0,1.0,62,0.96875,False,,,0.0008785839963820763,1.0,False,real,real-llama3.1-N2000,gt,recall-trust,2000
30,log:F5,The post discusses computer security.,rewrite,1756,1413,343,0,0,1.0,0.9897959183673469,0.9948717948717948,98,0.9509803921568627,False,,,0.0011042499972973019,0.9897959183673469,False,real,real-llama3.1-N2000,gt,recall-trust,2000
31,log:F6,The post discusses science.,rewrite,1850,1820,30,0,0,1.0,0.9885496183206107,0.9942418426103647,262,0.925,False,,,0.0009436250038561411,0.9885496183206107,False,real,real-llama3.1-N2000,gt,recall-trust,2000
32,log:G1,The post mentions an operating system.,rewrite,1455,1226,229,0,0,1.0,1.0,1.0,196,0.9333333333333333,False,,,0.0011986250028712675,1.0,False,real,real-llama3.1-N2000,gt,recall-trust,2000
33,log:G2,The post mentions Microsoft Windows.,rewrite,1836,1187,649,0,0,1.0,1.0,1.0,73,0.9605263157894737,False,,,0.0011419580041547306,1.0,False,real,real-llama3.1-N2000,gt,recall-trust,2000
34,log:G3,The post mentions the X Window System.,rewrite,1711,523,1188,0,0,1.0,1.0,1.0,76,0.95,False,,,0.005498916005308274,1.0,False,real,real-llama3.1-N2000,gt,recall-trust,2000
35,log:G4,The post discusses software rather than hardware.,rewrite,1867,1630,50,187,0,1.0,0.9973333333333333,0.9986648865153538,375,0.9257425742574258,False,,,0.05250091600464657,0.9973333333333333,False,real,real-llama3.1-N2000,gt,recall-trust,2000
36,log:G5,The post recommends a product or a service.,rewrite,1789,1226,563,0,0,1.0,0.9759036144578314,0.9878048780487805,83,0.9418604651162791,False,,,0.019760916999075562,0.9759036144578314,False,real,real-llama3.1-N2000,gt,recall-trust,2000
37,log:H1,The post asks for technical help with computer hardware.,exact-hit,0,0,0,0,0,1.0,1.0,1.0,271,,,,,1.0083000233862549e-05,1.0,,real,real-llama3.1-N2000,gt,recall-trust,2000
38,log:H2,The post is selling something.,rewrite,1715,1226,489,0,0,1.0,1.0,1.0,93,0.9393939393939394,False,,,0.0012169159963377751,1.0,False,real,real-llama3.1-N2000,gt,recall-trust,2000
39,log:H3,The post is about a motor vehicle.,rewrite,1468,1146,322,0,0,1.0,1.0,1.0,155,0.9171597633136095,False,,,0.0012587500023073517,1.0,False,real,real-llama3.1-N2000,gt,recall-trust,2000
40,log:H4,The post is about a car or a motorcycle.,rewrite,1598,1307,291,0,0,1.0,1.0,1.0,138,0.9387755102040817,False,,,0.0011574999953154474,1.0,False,real,real-llama3.1-N2000,gt,recall-trust,2000
41,log:H5,The post gives advice about maintaining a vehicle.,rewrite,2000,1233,0,767,0,1.0,1.0,1.0,37,1.0,False,,,0.00034654200135264546,1.0,False,real,real-llama3.1-N2000,gt,recall-trust,2000
42,log:H6,The tone of the post is angry or annoyed.,rewrite,1159,1112,47,0,0,1.0,0.9960988296488946,0.9980456026058632,769,0.9217809867629362,False,,,0.0011705409997375682,0.9960988296488946,False,real,real-llama3.1-N2000,gt,recall-trust,2000
43,log:H7,The post is about a computer operating system.,rewrite,1560,1342,218,0,0,1.0,0.9943181818181818,0.9971509971509972,176,0.9358288770053476,False,,,0.0012350409961072728,0.9943181818181818,False,real,real-llama3.1-N2000,gt,recall-trust,2000
44,log:H8,The post is a for-sale advertisement.,rewrite,1735,1180,555,0,0,1.0,1.0,1.0,87,0.9354838709677419,False,,,0.0011935839938814752,1.0,False,real,real-llama3.1-N2000,gt,recall-trust,2000
45,log:H9,The post discusses encryption algorithms or key management.,rewrite,2000,1313,0,687,0,1.0,1.0,1.0,46,1.0,False,,,0.00035933299659518525,1.0,False,real,real-llama3.1-N2000,gt,recall-trust,2000
46,log:H10,The post asks a question about computer hardware.,rewrite,1320,1167,153,0,0,0.9971509971509972,0.9943181818181818,0.995732574679943,352,0.9012345679012346,False,,,0.0013598750010714866,0.9943181818181818,False,real,real-llama3.1-N2000,gt,recall-trust,2000
