query_index,predicate_name,predicate_text,reuse_kind,oracle_calls,candidate_calls,audit_calls,escalation_calls,nli_pair_scores,precision,recall,f1,n_true_pos_rows,recall_bound,bound_violated,precision_bound,precision_bound_violated,latency_s,recall_oracle,bound_violated_oracle,method,corpus,n_rows,seed
0,log:A1,The post asks for technical help with computer hardware.,cold,500,500,0,0,0,1.0,1.0,1.0,63,,,,,1.8749968148767948e-05,1.0,,cold,20ng-sub4000-pre500,500,0
1,log:A2,The post asks for technical help with a personal computer's hardware.,cold,500,500,0,0,0,1.0,1.0,1.0,56,,,,,6.249989382922649e-06,1.0,,cold,20ng-sub4000-pre500,500,0
2,log:A3,The post is a request for technical assistance concerning computer hardware.,cold,500,500,0,0,0,1.0,1.0,1.0,76,,,,,3.5410048440098763e-06,1.0,,cold,20ng-sub4000-pre500,500,0
3,log:A4,The post asks for help with Macintosh hardware.,cold,500,500,0,0,0,1.0,1.0,1.0,13,,,,,2.7090427465736866e-06,1.0,,cold,20ng-sub4000-pre500,500,0
4,log:A5,The post describes a hardware problem the author is experiencing.,cold,500,500,0,0,0,1.0,1.0,1.0,47,,,,,3.04199056699872e-06,1.0,,cold,20ng-sub4000-pre500,500,0
5,log:B1,The post offers an item for sale.,cold,500,500,0,0,0,1.0,1.0,1.0,29,,,,,2.9579969123005867e-06,1.0,,cold,20ng-sub4000-pre500,500,0
6,log:B2,The post offers a computer or a computer part for sale.,cold,500,500,0,0,0,1.0,1.0,1.0,15,,,,,2.3329630494117737e-06,1.0,,cold,20ng-sub4000-pre500,500,0
7,log:B3,The post mentions a specific price in dollars.,cold,500,500,0,0,0,1.0,1.0,1.0,34,,,,,2.207991201430559e-06,1.0,,cold,20ng-sub4000-pre500,500,0
8,log:B4,The post is an advertisement.,cold,500,500,0,0,0,1.0,1.0,1.0,32,,,,,2.6249908842146397e-06,1.0,,cold,20ng-sub4000-pre500,500,0
9,log:B5,The post is looking to buy something rather than to sell something.,cold,500,500,0,0,0,1.0,1.0,1.0,75,,,,,2.2919848561286926e-06,1.0,,cold,20ng-sub4000-pre500,500,0
10,log:C1,The post discusses a professional sports team.,cold,500,500,0,0,0,1.0,1.0,1.0,40,,,,,2.04198295250535e-06,1.0,,cold,20ng-sub4000-pre500,500,0
11,log:C2,The post discusses a professional baseball team.,cold,500,500,0,0,0,1.0,1.0,1.0,21,,,,,2.2909953258931637e-06,1.0,,cold,20ng-sub4000-pre500,500,0
12,log:C3,The post mentions a player's statistics.,cold,500,500,0,0,0,1.0,1.0,1.0,12,,,,,2.0830193534493446e-06,1.0,,cold,20ng-sub4000-pre500,500,0
13,log:C4,The post is about a sporting event that has already taken place.,cold,500,500,0,0,0,1.0,1.0,1.0,30,,,,,1.9579892978072166e-06,1.0,,cold,20ng-sub4000-pre500,500,0
14,log:C5,The post is about sports.,cold,500,500,0,0,0,1.0,1.0,1.0,45,,,,,1.9589788280427456e-06,1.0,,cold,20ng-sub4000-pre500,500,0
15,log:D1,The post argues about politics.,cold,500,500,0,0,0,1.0,1.0,1.0,74,,,,,1.9999570213258266e-06,1.0,,cold,20ng-sub4000-pre500,500,0
16,log:D2,The post argues about gun control policy.,cold,500,500,0,0,0,1.0,1.0,1.0,15,,,,,1.8749851733446121e-06,1.0,,cold,20ng-sub4000-pre500,500,0
17,log:D3,The post expresses a religious belief.,cold,500,500,0,0,0,1.0,1.0,1.0,41,,,,,2.0420411601662636e-06,1.0,,cold,20ng-sub4000-pre500,500,0
18,log:D4,The post argues about religion.,cold,500,500,0,0,0,1.0,1.0,1.0,56,,,,,1.8749851733446121e-06,1.0,,cold,20ng-sub4000-pre500,500,0
19,log:D5,The post discusses the Middle East.,cold,500,500,0,0,0,1.0,1.0,1.0,15,,,,,2.00001522898674e-06,1.0,,cold,20ng-sub4000-pre500,500,0
20,log:D6,The post criticizes a government or a government policy.,cold,500,500,0,0,0,1.0,1.0,1.0,56,,,,,2.4170149117708206e-06,1.0,,cold,20ng-sub4000-pre500,500,0
21,log:E1,The author of the post is frustrated or angry.,cold,500,500,0,0,0,1.0,1.0,1.0,283,,,,,2.040993422269821e-06,1.0,,cold,20ng-sub4000-pre500,500,0
22,log:E2,The post contains a question.,cold,500,500,0,0,0,1.0,1.0,1.0,170,,,,,2.2090389393270016e-06,1.0,,cold,20ng-sub4000-pre500,500,0
23,log:E3,The post quotes another message.,cold,500,500,0,0,0,1.0,1.0,1.0,367,,,,,2.0420411601662636e-06,1.0,,cold,20ng-sub4000-pre500,500,0
24,log:E4,The post uses technical jargon.,cold,500,500,0,0,0,1.0,1.0,1.0,192,,,,,1.792039256542921e-06,1.0,,cold,20ng-sub4000-pre500,500,0
25,log:E5,The post makes a factual claim that could be checked.,cold,500,500,0,0,0,1.0,1.0,1.0,293,,,,,2.04198295250535e-06,1.0,,cold,20ng-sub4000-pre500,500,0
26,log:F1,The post discusses medicine or health.,cold,500,500,0,0,0,1.0,1.0,1.0,26,,,,,2.1669548004865646e-06,1.0,,cold,20ng-sub4000-pre500,500,0
27,log:F2,The post discusses a specific disease or medical condition.,cold,500,500,0,0,0,1.0,1.0,1.0,13,,,,,2.00001522898674e-06,1.0,,cold,20ng-sub4000-pre500,500,0
28,log:F3,The post discusses space or astronomy.,cold,500,500,0,0,0,1.0,1.0,1.0,23,,,,,1.9160215742886066e-06,1.0,,cold,20ng-sub4000-pre500,500,0
29,log:F4,The post discusses cryptography or encryption.,cold,500,500,0,0,0,1.0,1.0,1.0,19,,,,,1.9170111045241356e-06,1.0,,cold,20ng-sub4000-pre500,500,0
30,log:F5,The post discusses computer security.,cold,500,500,0,0,0,1.0,1.0,1.0,27,,,,,1.792039256542921e-06,1.0,,cold,20ng-sub4000-pre500,500,0
31,log:F6,The post discusses science.,cold,500,500,0,0,0,1.0,1.0,1.0,60,,,,,1.8749851733446121e-06,1.0,,cold,20ng-sub4000-pre500,500,0
32,log:G1,The post mentions an operating system.,cold,500,500,0,0,0,1.0,1.0,1.0,44,,,,,1.916952896863222e-06,1.0,,cold,20ng-sub4000-pre500,500,0
33,log:G2,The post mentions Microsoft Windows.,cold,500,500,0,0,0,1.0,1.0,1.0,20,,,,,1.915963366627693e-06,1.0,,cold,20ng-sub4000-pre500,500,0
34,log:G3,The post mentions the X Window System.,cold,500,500,0,0,0,1.0,1.0,1.0,18,,,,,2.082961145788431e-06,1.0,,cold,20ng-sub4000-pre500,500,0
35,log:G4,The post discusses software rather than hardware.,cold,500,500,0,0,0,1.0,1.0,1.0,92,,,,,1.834006980061531e-06,1.0,,cold,20ng-sub4000-pre500,500,0
36,log:G5,The post recommends a product or a service.,cold,500,500,0,0,0,1.0,1.0,1.0,21,,,,,1.8749851733446121e-06,1.0,,cold,20ng-sub4000-pre500,500,0
37,log:H1,The post asks for technical help with computer hardware.,cold,500,500,0,0,0,1.0,1.0,1.0,63,,,,,1.7500133253633976e-06,1.0,,cold,20ng-sub4000-pre500,500,0
38,log:H2,The post is selling something.,cold,500,500,0,0,0,1.0,1.0,1.0,28,,,,,1.9170111045241356e-06,1.0,,cold,20ng-sub4000-pre500,500,0
39,log:H3,The post is about a motor vehicle.,cold,500,500,0,0,0,1.0,1.0,1.0,34,,,,,1.8330174498260021e-06,1.0,,cold,20ng-sub4000-pre500,500,0
40,log:H4,The post is about a car or a motorcycle.,cold,500,500,0,0,0,1.0,1.0,1.0,32,,,,,1.9589788280427456e-06,1.0,,cold,20ng-sub4000-pre500,500,0
41,log:H5,The post gives advice about maintaining a vehicle.,cold,500,500,0,0,0,1.0,1.0,1.0,8,,,,,2.00001522898674e-06,1.0,,cold,20ng-sub4000-pre500,500,0
42,log:H6,The tone of the post is angry or annoyed.,cold,500,500,0,0,0,1.0,1.0,1.0,202,,,,,1.834006980061531e-06,1.0,,cold,20ng-sub4000-pre500,500,0
43,log:H7,The post is about a computer operating system.,cold,500,500,0,0,0,1.0,1.0,1.0,35,,,,,1.9579892978072166e-06,1.0,,cold,20ng-sub4000-pre500,500,0
44,log:H8,The post is a for-sale advertisement.,cold,500,500,0,0,0,1.0,1.0,1.0,26,,,,,2.040993422269821e-06,1.0,,cold,20ng-sub4000-pre500,500,0
45,log:H9,The post discusses encryption algorithms or key management.,cold,500,500,0,0,0,1.0,1.0,1.0,15,,,,,1.8749851733446121e-06,1.0,,cold,20ng-sub4000-pre500,500,0
46,log:H10,The post asks a question about computer hardware.,cold,500,500,0,0,0,1.0,1.0,1.0,87,,,,,1.9579892978072166e-06,1.0,,cold,20ng-sub4000-pre500,500,0
0,log:A1,The post asks for technical help with computer hardware.,cold,500,500,0,0,0,1.0,1.0,1.0,63,,,,,4.537502536550164e-05,1.0,,exact,20ng-sub4000-pre500,500,0
1,log:A2,The post asks for technical help with a personal computer's hardware.,cold,500,500,0,0,0,1.0,1.0,1.0,56,,,,,1.4291028492152691e-05,1.0,,exact,20ng-sub4000-pre500,500,0
2,log:A3,The post is a request for technical assistance concerning computer hardware.,cold,500,500,0,0,0,1.0,1.0,1.0,76,,,,,7.5410353019833565e-06,1.0,,exact,20ng-sub4000-pre500,500,0
3,log:A4,The post asks for help with Macintosh hardware.,cold,500,500,0,0,0,1.0,1.0,1.0,13,,,,,5.707959644496441e-06,1.0,,exact,20ng-sub4000-pre500,500,0
4,log:A5,The post describes a hardware problem the author is experiencing.,cold,500,500,0,0,0,1.0,1.0,1.0,47,,,,,6.209011189639568e-06,1.0,,exact,20ng-sub4000-pre500,500,0
5,log:B1,The post offers an item for sale.,cold,500,500,0,0,0,1.0,1.0,1.0,29,,,,,5.374953616410494e-06,1.0,,exact,20ng-sub4000-pre500,500,0
6,log:B2,The post offers a computer or a computer part for sale.,cold,500,500,0,0,0,1.0,1.0,1.0,15,,,,,5.499983672052622e-06,1.0,,exact,20ng-sub4000-pre500,500,0
7,log:B3,The post mentions a specific price in dollars.,cold,500,500,0,0,0,1.0,1.0,1.0,34,,,,,5.249981768429279e-06,1.0,,exact,20ng-sub4000-pre500,500,0
8,log:B4,The post is an advertisement.,cold,500,500,0,0,0,1.0,1.0,1.0,32,,,,,5.167035851627588e-06,1.0,,exact,20ng-sub4000-pre500,500,0
9,log:B5,The post is looking to buy something rather than to sell something.,cold,500,500,0,0,0,1.0,1.0,1.0,75,,,,,5.542009603232145e-06,1.0,,exact,20ng-sub4000-pre500,500,0
10,log:C1,The post discusses a professional sports team.,cold,500,500,0,0,0,1.0,1.0,1.0,40,,,,,5.499983672052622e-06,1.0,,exact,20ng-sub4000-pre500,500,0
11,log:C2,The post discusses a professional baseball team.,cold,500,500,0,0,0,1.0,1.0,1.0,21,,,,,5.208014044910669e-06,1.0,,exact,20ng-sub4000-pre500,500,0
12,log:C3,The post mentions a player's statistics.,cold,500,500,0,0,0,1.0,1.0,1.0,12,,,,,5.00003807246685e-06,1.0,,exact,20ng-sub4000-pre500,500,0
13,log:C4,The post is about a sporting event that has already taken place.,cold,500,500,0,0,0,1.0,1.0,1.0,30,,,,,5.332985892891884e-06,1.0,,exact,20ng-sub4000-pre500,500,0
14,log:C5,The post is about sports.,cold,500,500,0,0,0,1.0,1.0,1.0,45,,,,,4.708999767899513e-06,1.0,,exact,20ng-sub4000-pre500,500,0
15,log:D1,The post argues about politics.,cold,500,500,0,0,0,1.0,1.0,1.0,74,,,,,4.915986210107803e-06,1.0,,exact,20ng-sub4000-pre500,500,0
16,log:D2,The post argues about gun control policy.,cold,500,500,0,0,0,1.0,1.0,1.0,15,,,,,1.0791991371661425e-05,1.0,,exact,20ng-sub4000-pre500,500,0
17,log:D3,The post expresses a religious belief.,cold,500,500,0,0,0,1.0,1.0,1.0,41,,,,,5.542009603232145e-06,1.0,,exact,20ng-sub4000-pre500,500,0
18,log:D4,The post argues about religion.,cold,500,500,0,0,0,1.0,1.0,1.0,56,,,,,4.833040293306112e-06,1.0,,exact,20ng-sub4000-pre500,500,0
19,log:D5,The post discusses the Middle East.,cold,500,500,0,0,0,1.0,1.0,1.0,15,,,,,4.875008016824722e-06,1.0,,exact,20ng-sub4000-pre500,500,0
20,log:D6,The post criticizes a government or a government policy.,cold,500,500,0,0,0,1.0,1.0,1.0,56,,,,,5.249981768429279e-06,1.0,,exact,20ng-sub4000-pre500,500,0
21,log:E1,The author of the post is frustrated or angry.,cold,500,500,0,0,0,1.0,1.0,1.0,283,,,,,5.291949491947889e-06,1.0,,exact,20ng-sub4000-pre500,500,0
22,log:E2,The post contains a question.,cold,500,500,0,0,0,1.0,1.0,1.0,170,,,,,4.749977961182594e-06,1.0,,exact,20ng-sub4000-pre500,500,0
23,log:E3,The post quotes another message.,cold,500,500,0,0,0,1.0,1.0,1.0,367,,,,,4.667032044380903e-06,1.0,,exact,20ng-sub4000-pre500,500,0
24,log:E4,The post uses technical jargon.,cold,500,500,0,0,0,1.0,1.0,1.0,192,,,,,5.124951712787151e-06,1.0,,exact,20ng-sub4000-pre500,500,0
25,log:E5,The post makes a factual claim that could be checked.,cold,500,500,0,0,0,1.0,1.0,1.0,293,,,,,5.416979547590017e-06,1.0,,exact,20ng-sub4000-pre500,500,0
26,log:F1,The post discusses medicine or health.,cold,500,500,0,0,0,1.0,1.0,1.0,26,,,,,4.999979864805937e-06,1.0,,exact,20ng-sub4000-pre500,500,0
27,log:F2,The post discusses a specific disease or medical condition.,cold,500,500,0,0,0,1.0,1.0,1.0,13,,,,,5.957961548119783e-06,1.0,,exact,20ng-sub4000-pre500,500,0
28,log:F3,The post discusses space or astronomy.,cold,500,500,0,0,0,1.0,1.0,1.0,23,,,,,6.375019438564777e-06,1.0,,exact,20ng-sub4000-pre500,500,0
29,log:F4,The post discusses cryptography or encryption.,cold,500,500,0,0,0,1.0,1.0,1.0,19,,,,,5.249981768429279e-06,1.0,,exact,20ng-sub4000-pre500,500,0
30,log:F5,The post discusses computer security.,cold,500,500,0,0,0,1.0,1.0,1.0,27,,,,,5.208014044910669e-06,1.0,,exact,20ng-sub4000-pre500,500,0
31,log:F6,The post discusses science.,cold,500,500,0,0,0,1.0,1.0,1.0,60,,,,,5.250039976090193e-06,1.0,,exact,20ng-sub4000-pre500,500,0
32,log:G1,The post mentions an operating system.,cold,500,500,0,0,0,1.0,1.0,1.0,44,,,,,9.374984074383974e-06,1.0,,exact,20ng-sub4000-pre500,500,0
33,log:G2,The post mentions Microsoft Windows.,cold,500,500,0,0,0,1.0,1.0,1.0,20,,,,,5.416979547590017e-06,1.0,,exact,20ng-sub4000-pre500,500,0
34,log:G3,The post mentions the X Window System.,cold,500,500,0,0,0,1.0,1.0,1.0,18,,,,,4.750036168843508e-06,1.0,,exact,20ng-sub4000-pre500,500,0
35,log:G4,The post discusses software rather than hardware.,cold,500,500,0,0,0,1.0,1.0,1.0,92,,,,,5.04200579598546e-06,1.0,,exact,20ng-sub4000-pre500,500,0
36,log:G5,The post recommends a product or a service.,cold,500,500,0,0,0,1.0,1.0,1.0,21,,,,,4.875008016824722e-06,1.0,,exact,20ng-sub4000-pre500,500,0
37,log:H1,The post asks for technical help with computer hardware.,exact-hit,0,0,0,0,0,1.0,1.0,1.0,63,,,,,2.207991201430559e-06,1.0,,exact,20ng-sub4000-pre500,500,0
38,log:H2,The post is selling something.,cold,500,500,0,0,0,1.0,1.0,1.0,28,,,,,4.999979864805937e-06,1.0,,exact,20ng-sub4000-pre500,500,0
39,log:H3,The post is about a motor vehicle.,cold,500,500,0,0,0,1.0,1.0,1.0,34,,,,,4.915986210107803e-06,1.0,,exact,20ng-sub4000-pre500,500,0
40,log:H4,The post is about a car or a motorcycle.,cold,500,500,0,0,0,1.0,1.0,1.0,32,,,,,5.125009920448065e-06,1.0,,exact,20ng-sub4000-pre500,500,0
41,log:H5,The post gives advice about maintaining a vehicle.,cold,500,500,0,0,0,1.0,1.0,1.0,8,,,,,5.499983672052622e-06,1.0,,exact,20ng-sub4000-pre500,500,0
42,log:H6,The tone of the post is angry or annoyed.,cold,500,500,0,0,0,1.0,1.0,1.0,202,,,,,4.999979864805937e-06,1.0,,exact,20ng-sub4000-pre500,500,0
43,log:H7,The post is about a computer operating system.,cold,500,500,0,0,0,1.0,1.0,1.0,35,,,,,5.459005478769541e-06,1.0,,exact,20ng-sub4000-pre500,500,0
44,log:H8,The post is a for-sale advertisement.,cold,500,500,0,0,0,1.0,1.0,1.0,26,,,,,5.08397351950407e-06,1.0,,exact,20ng-sub4000-pre500,500,0
45,log:H9,The post discusses encryption algorithms or key management.,cold,500,500,0,0,0,1.0,1.0,1.0,15,,,,,4.916975740343332e-06,1.0,,exact,20ng-sub4000-pre500,500,0
46,log:H10,The post asks a question about computer hardware.,cold,500,500,0,0,0,1.0,1.0,1.0,87,,,,,4.917033948004246e-06,1.0,,exact,20ng-sub4000-pre500,500,0
0,log:A1,The post asks for technical help with computer hardware.,cold,500,500,0,0,0,1.0,1.0,1.0,63,,,,,0.017925499996636063,1.0,,embed@0.8,20ng-sub4000-pre500,500,0
1,log:A2,The post asks for technical help with a personal computer's hardware.,embed-hit@0.94,0,0,0,0,0,0.8253968253968254,0.9285714285714286,0.8739495798319328,56,,,,,0.016017874993849546,0.9285714285714286,,embed@0.8,20ng-sub4000-pre500,500,0
2,log:A3,The post is a request for technical assistance concerning computer hardware.,embed-hit@0.92,0,0,0,0,0,1.0,0.8289473684210527,0.9064748201438849,76,,,,,0.012530041974969208,0.8289473684210527,,embed@0.8,20ng-sub4000-pre500,500,0
3,log:A4,The post asks for help with Macintosh hardware.,cold,500,500,0,0,0,1.0,1.0,1.0,13,,,,,0.012056957988534123,1.0,,embed@0.8,20ng-sub4000-pre500,500,0
4,log:A5,The post describes a hardware problem the author is experiencing.,cold,500,500,0,0,0,1.0,1.0,1.0,47,,,,,0.011576791002880782,1.0,,embed@0.8,20ng-sub4000-pre500,500,0
5,log:B1,The post offers an item for sale.,cold,500,500,0,0,0,1.0,1.0,1.0,29,,,,,0.011725792021024972,1.0,,embed@0.8,20ng-sub4000-pre500,500,0
6,log:B2,The post offers a computer or a computer part for sale.,cold,500,500,0,0,0,1.0,1.0,1.0,15,,,,,0.004606084024999291,1.0,,embed@0.8,20ng-sub4000-pre500,500,0
7,log:B3,The post mentions a specific price in dollars.,cold,500,500,0,0,0,1.0,1.0,1.0,34,,,,,0.00444683397654444,1.0,,embed@0.8,20ng-sub4000-pre500,500,0
8,log:B4,The post is an advertisement.,cold,500,500,0,0,0,1.0,1.0,1.0,32,,,,,0.017498583998531103,1.0,,embed@0.8,20ng-sub4000-pre500,500,0
9,log:B5,The post is looking to buy something rather than to sell something.,cold,500,500,0,0,0,1.0,1.0,1.0,75,,,,,0.012445292028132826,1.0,,embed@0.8,20ng-sub4000-pre500,500,0
10,log:C1,The post discusses a professional sports team.,cold,500,500,0,0,0,1.0,1.0,1.0,40,,,,,0.004661749990191311,1.0,,embed@0.8,20ng-sub4000-pre500,500,0
11,log:C2,The post discusses a professional baseball team.,embed-hit@0.85,0,0,0,0,0,0.5,0.9523809523809523,0.6557377049180327,21,,,,,0.0046909580123610795,0.9523809523809523,,embed@0.8,20ng-sub4000-pre500,500,0
12,log:C3,The post mentions a player's statistics.,cold,500,500,0,0,0,1.0,1.0,1.0,12,,,,,0.005199084000196308,1.0,,embed@0.8,20ng-sub4000-pre500,500,0
13,log:C4,The post is about a sporting event that has already taken place.,cold,500,500,0,0,0,1.0,1.0,1.0,30,,,,,0.004786416015122086,1.0,,embed@0.8,20ng-sub4000-pre500,500,0
14,log:C5,The post is about sports.,embed-hit@0.81,0,0,0,0,0,0.9,0.6,0.7200000000000001,45,,,,,0.0048979579587467015,0.6,,embed@0.8,20ng-sub4000-pre500,500,0
15,log:D1,The post argues about politics.,cold,500,500,0,0,0,1.0,1.0,1.0,74,,,,,0.0049570000264793634,1.0,,embed@0.8,20ng-sub4000-pre500,500,0
16,log:D2,The post argues about gun control policy.,cold,500,500,0,0,0,1.0,1.0,1.0,15,,,,,0.004376999975647777,1.0,,embed@0.8,20ng-sub4000-pre500,500,0
17,log:D3,The post expresses a religious belief.,cold,500,500,0,0,0,1.0,1.0,1.0,41,,,,,0.011580958031117916,1.0,,embed@0.8,20ng-sub4000-pre500,500,0
18,log:D4,The post argues about religion.,embed-hit@0.82,0,0,0,0,0,0.975609756097561,0.7142857142857143,0.8247422680412371,56,,,,,0.005089374957606196,0.7142857142857143,,embed@0.8,20ng-sub4000-pre500,500,0
19,log:D5,The post discusses the Middle East.,cold,500,500,0,0,0,1.0,1.0,1.0,15,,,,,0.004292875004466623,1.0,,embed@0.8,20ng-sub4000-pre500,500,0
20,log:D6,The post criticizes a government or a government policy.,cold,500,500,0,0,0,1.0,1.0,1.0,56,,,,,0.004307832976337522,1.0,,embed@0.8,20ng-sub4000-pre500,500,0
21,log:E1,The author of the post is frustrated or angry.,cold,500,500,0,0,0,1.0,1.0,1.0,283,,,,,0.004396624979563057,1.0,,embed@0.8,20ng-sub4000-pre500,500,0
22,log:E2,The post contains a question.,cold,500,500,0,0,0,1.0,1.0,1.0,170,,,,,0.0047952920431271195,1.0,,embed@0.8,20ng-sub4000-pre500,500,0
23,log:E3,The post quotes another message.,cold,500,500,0,0,0,1.0,1.0,1.0,367,,,,,0.004940500017255545,1.0,,embed@0.8,20ng-sub4000-pre500,500,0
24,log:E4,The post uses technical jargon.,cold,500,500,0,0,0,1.0,1.0,1.0,192,,,,,0.004895250021945685,1.0,,embed@0.8,20ng-sub4000-pre500,500,0
25,log:E5,The post makes a factual claim that could be checked.,cold,500,500,0,0,0,1.0,1.0,1.0,293,,,,,0.004408458014950156,1.0,,embed@0.8,20ng-sub4000-pre500,500,0
26,log:F1,The post discusses medicine or health.,cold,500,500,0,0,0,1.0,1.0,1.0,26,,,,,0.004439625015947968,1.0,,embed@0.8,20ng-sub4000-pre500,500,0
27,log:F2,The post discusses a specific disease or medical condition.,cold,500,500,0,0,0,1.0,1.0,1.0,13,,,,,0.0041733329999260604,1.0,,embed@0.8,20ng-sub4000-pre500,500,0
28,log:F3,The post discusses space or astronomy.,cold,500,500,0,0,0,1.0,1.0,1.0,23,,,,,0.004209125007037073,1.0,,embed@0.8,20ng-sub4000-pre500,500,0
29,log:F4,The post discusses cryptography or encryption.,cold,500,500,0,0,0,1.0,1.0,1.0,19,,,,,0.004203166055958718,1.0,,embed@0.8,20ng-sub4000-pre500,500,0
30,log:F5,The post discusses computer security.,cold,500,500,0,0,0,1.0,1.0,1.0,27,,,,,0.004745834041386843,1.0,,embed@0.8,20ng-sub4000-pre500,500,0
31,log:F6,The post discusses science.,cold,500,500,0,0,0,1.0,1.0,1.0,60,,,,,0.017431832966394722,1.0,,embed@0.8,20ng-sub4000-pre500,500,0
32,log:G1,The post mentions an operating system.,cold,500,500,0,0,0,1.0,1.0,1.0,44,,,,,0.0044150419998914,1.0,,embed@0.8,20ng-sub4000-pre500,500,0
33,log:G2,The post mentions Microsoft Windows.,embed-hit@0.81,0,0,0,0,0,0.4318181818181818,0.95,0.59375,20,,,,,0.0049718749942258,0.95,,embed@0.8,20ng-sub4000-pre500,500,0
34,log:G3,The post mentions the X Window System.,cold,500,500,0,0,0,1.0,1.0,1.0,18,,,,,0.004449166008271277,1.0,,embed@0.8,20ng-sub4000-pre500,500,0
35,log:G4,The post discusses software rather than hardware.,cold,500,500,0,0,0,1.0,1.0,1.0,92,,,,,0.004307458992116153,1.0,,embed@0.8,20ng-sub4000-pre500,500,0
36,log:G5,The post recommends a product or a service.,cold,500,500,0,0,0,1.0,1.0,1.0,21,,,,,0.004225749988108873,1.0,,embed@0.8,20ng-sub4000-pre500,500,0
37,log:H1,The post asks for technical help with computer hardware.,embed-hit@1.00,0,0,0,0,0,1.0,1.0,1.0,63,,,,,2.19999928958714e-05,1.0,,embed@0.8,20ng-sub4000-pre500,500,0
38,log:H2,The post is selling something.,embed-hit@0.82,0,0,0,0,0,0.04,0.10714285714285714,0.05825242718446603,28,,,,,0.004760417039506137,0.10714285714285714,,embed@0.8,20ng-sub4000-pre500,500,0
39,log:H3,The post is about a motor vehicle.,cold,500,500,0,0,0,1.0,1.0,1.0,34,,,,,0.004708207969088107,1.0,,embed@0.8,20ng-sub4000-pre500,500,0
40,log:H4,The post is about a car or a motorcycle.,embed-hit@0.87,0,0,0,0,0,0.9117647058823529,0.96875,0.9393939393939394,32,,,,,0.004276374995242804,0.96875,,embed@0.8,20ng-sub4000-pre500,500,0
41,log:H5,The post gives advice about maintaining a vehicle.,cold,500,500,0,0,0,1.0,1.0,1.0,8,,,,,0.004890916985459626,1.0,,embed@0.8,20ng-sub4000-pre500,500,0
42,log:H6,The tone of the post is angry or annoyed.,cold,500,500,0,0,0,1.0,1.0,1.0,202,,,,,0.0049344999715685844,1.0,,embed@0.8,20ng-sub4000-pre500,500,0
43,log:H7,The post is about a computer operating system.,cold,500,500,0,0,0,1.0,1.0,1.0,35,,,,,0.004769999999552965,1.0,,embed@0.8,20ng-sub4000-pre500,500,0
44,log:H8,The post is a for-sale advertisement.,embed-hit@0.91,0,0,0,0,0,0.78125,0.9615384615384616,0.8620689655172413,26,,,,,0.004243833012878895,0.9615384615384616,,embed@0.8,20ng-sub4000-pre500,500,0
45,log:H9,The post discusses encryption algorithms or key management.,embed-hit@0.82,0,0,0,0,0,0.7894736842105263,1.0,0.8823529411764706,15,,,,,0.004207958991173655,1.0,,embed@0.8,20ng-sub4000-pre500,500,0
46,log:H10,The post asks a question about computer hardware.,embed-hit@0.86,0,0,0,0,0,0.9523809523809523,0.6896551724137931,0.7999999999999999,87,,,,,0.0041657499969005585,0.6896551724137931,,embed@0.8,20ng-sub4000-pre500,500,0
0,log:A1,The post asks for technical help with computer hardware.,cold,500,500,0,0,0,1.0,1.0,1.0,63,,,,,0.007270083006005734,1.0,,embed@0.9,20ng-sub4000-pre500,500,0
1,log:A2,The post asks for technical help with a personal computer's hardware.,embed-hit@0.94,0,0,0,0,0,0.8253968253968254,0.9285714285714286,0.8739495798319328,56,,,,,0.005324584024492651,0.9285714285714286,,embed@0.9,20ng-sub4000-pre500,500,0
2,log:A3,The post is a request for technical assistance concerning computer hardware.,embed-hit@0.92,0,0,0,0,0,1.0,0.8289473684210527,0.9064748201438849,76,,,,,0.004436875053215772,0.8289473684210527,,embed@0.9,20ng-sub4000-pre500,500,0
3,log:A4,The post asks for help with Macintosh hardware.,cold,500,500,0,0,0,1.0,1.0,1.0,13,,,,,0.004279250046238303,1.0,,embed@0.9,20ng-sub4000-pre500,500,0
4,log:A5,The post describes a hardware problem the author is experiencing.,cold,500,500,0,0,0,1.0,1.0,1.0,47,,,,,0.004338665981777012,1.0,,embed@0.9,20ng-sub4000-pre500,500,0
5,log:B1,The post offers an item for sale.,cold,500,500,0,0,0,1.0,1.0,1.0,29,,,,,0.004216041008476168,1.0,,embed@0.9,20ng-sub4000-pre500,500,0
6,log:B2,The post offers a computer or a computer part for sale.,cold,500,500,0,0,0,1.0,1.0,1.0,15,,,,,0.00423933396814391,1.0,,embed@0.9,20ng-sub4000-pre500,500,0
7,log:B3,The post mentions a specific price in dollars.,cold,500,500,0,0,0,1.0,1.0,1.0,34,,,,,0.004201499978080392,1.0,,embed@0.9,20ng-sub4000-pre500,500,0
8,log:B4,The post is an advertisement.,cold,500,500,0,0,0,1.0,1.0,1.0,32,,,,,0.004904458008240908,1.0,,embed@0.9,20ng-sub4000-pre500,500,0
9,log:B5,The post is looking to buy something rather than to sell something.,cold,500,500,0,0,0,1.0,1.0,1.0,75,,,,,0.004361334023997188,1.0,,embed@0.9,20ng-sub4000-pre500,500,0
10,log:C1,The post discusses a professional sports team.,cold,500,500,0,0,0,1.0,1.0,1.0,40,,,,,0.004526750009972602,1.0,,embed@0.9,20ng-sub4000-pre500,500,0
11,log:C2,The post discusses a professional baseball team.,cold,500,500,0,0,0,1.0,1.0,1.0,21,,,,,0.004265375027898699,1.0,,embed@0.9,20ng-sub4000-pre500,500,0
12,log:C3,The post mentions a player's statistics.,cold,500,500,0,0,0,1.0,1.0,1.0,12,,,,,0.004182916018180549,1.0,,embed@0.9,20ng-sub4000-pre500,500,0
13,log:C4,The post is about a sporting event that has already taken place.,cold,500,500,0,0,0,1.0,1.0,1.0,30,,,,,0.00428962497971952,1.0,,embed@0.9,20ng-sub4000-pre500,500,0
14,log:C5,The post is about sports.,cold,500,500,0,0,0,1.0,1.0,1.0,45,,,,,0.004832667007576674,1.0,,embed@0.9,20ng-sub4000-pre500,500,0
15,log:D1,The post argues about politics.,cold,500,500,0,0,0,1.0,1.0,1.0,74,,,,,0.005111875012516975,1.0,,embed@0.9,20ng-sub4000-pre500,500,0
16,log:D2,The post argues about gun control policy.,cold,500,500,0,0,0,1.0,1.0,1.0,15,,,,,0.004547874967101961,1.0,,embed@0.9,20ng-sub4000-pre500,500,0
17,log:D3,The post expresses a religious belief.,cold,500,500,0,0,0,1.0,1.0,1.0,41,,,,,0.004244791984092444,1.0,,embed@0.9,20ng-sub4000-pre500,500,0
18,log:D4,The post argues about religion.,cold,500,500,0,0,0,1.0,1.0,1.0,56,,,,,0.005486709007527679,1.0,,embed@0.9,20ng-sub4000-pre500,500,0
19,log:D5,The post discusses the Middle East.,cold,500,500,0,0,0,1.0,1.0,1.0,15,,,,,0.0047517079510726035,1.0,,embed@0.9,20ng-sub4000-pre500,500,0
20,log:D6,The post criticizes a government or a government policy.,cold,500,500,0,0,0,1.0,1.0,1.0,56,,,,,0.004704249964561313,1.0,,embed@0.9,20ng-sub4000-pre500,500,0
21,log:E1,The author of the post is frustrated or angry.,cold,500,500,0,0,0,1.0,1.0,1.0,283,,,,,0.004259834007825702,1.0,,embed@0.9,20ng-sub4000-pre500,500,0
22,log:E2,The post contains a question.,cold,500,500,0,0,0,1.0,1.0,1.0,170,,,,,0.004775125009473413,1.0,,embed@0.9,20ng-sub4000-pre500,500,0
23,log:E3,The post quotes another message.,cold,500,500,0,0,0,1.0,1.0,1.0,367,,,,,0.004801041970495135,1.0,,embed@0.9,20ng-sub4000-pre500,500,0
24,log:E4,The post uses technical jargon.,cold,500,500,0,0,0,1.0,1.0,1.0,192,,,,,0.004665874992497265,1.0,,embed@0.9,20ng-sub4000-pre500,500,0
25,log:E5,The post makes a factual claim that could be checked.,cold,500,500,0,0,0,1.0,1.0,1.0,293,,,,,0.004331625008489937,1.0,,embed@0.9,20ng-sub4000-pre500,500,0
26,log:F1,The post discusses medicine or health.,cold,500,500,0,0,0,1.0,1.0,1.0,26,,,,,0.004194541019387543,1.0,,embed@0.9,20ng-sub4000-pre500,500,0
27,log:F2,The post discusses a specific disease or medical condition.,cold,500,500,0,0,0,1.0,1.0,1.0,13,,,,,0.004224125004839152,1.0,,embed@0.9,20ng-sub4000-pre500,500,0
28,log:F3,The post discusses space or astronomy.,cold,500,500,0,0,0,1.0,1.0,1.0,23,,,,,0.004166667000390589,1.0,,embed@0.9,20ng-sub4000-pre500,500,0
29,log:F4,The post discusses cryptography or encryption.,cold,500,500,0,0,0,1.0,1.0,1.0,19,,,,,0.0042121660080738366,1.0,,embed@0.9,20ng-sub4000-pre500,500,0
30,log:F5,The post discusses computer security.,cold,500,500,0,0,0,1.0,1.0,1.0,27,,,,,0.0053580839885398746,1.0,,embed@0.9,20ng-sub4000-pre500,500,0
31,log:F6,The post discusses science.,cold,500,500,0,0,0,1.0,1.0,1.0,60,,,,,0.00488812499679625,1.0,,embed@0.9,20ng-sub4000-pre500,500,0
32,log:G1,The post mentions an operating system.,cold,500,500,0,0,0,1.0,1.0,1.0,44,,,,,0.004352041985839605,1.0,,embed@0.9,20ng-sub4000-pre500,500,0
33,log:G2,The post mentions Microsoft Windows.,cold,500,500,0,0,0,1.0,1.0,1.0,20,,,,,0.004796833032742143,1.0,,embed@0.9,20ng-sub4000-pre500,500,0
34,log:G3,The post mentions the X Window System.,cold,500,500,0,0,0,1.0,1.0,1.0,18,,,,,0.004622292006388307,1.0,,embed@0.9,20ng-sub4000-pre500,500,0
35,log:G4,The post discusses software rather than hardware.,cold,500,500,0,0,0,1.0,1.0,1.0,92,,,,,0.004471166001167148,1.0,,embed@0.9,20ng-sub4000-pre500,500,0
36,log:G5,The post recommends a product or a service.,cold,500,500,0,0,0,1.0,1.0,1.0,21,,,,,0.004308667033910751,1.0,,embed@0.9,20ng-sub4000-pre500,500,0
37,log:H1,The post asks for technical help with computer hardware.,embed-hit@1.00,0,0,0,0,0,1.0,1.0,1.0,63,,,,,2.5333021767437458e-05,1.0,,embed@0.9,20ng-sub4000-pre500,500,0
38,log:H2,The post is selling something.,cold,500,500,0,0,0,1.0,1.0,1.0,28,,,,,0.005247917026281357,1.0,,embed@0.9,20ng-sub4000-pre500,500,0
39,log:H3,The post is about a motor vehicle.,cold,500,500,0,0,0,1.0,1.0,1.0,34,,,,,0.004425124963745475,1.0,,embed@0.9,20ng-sub4000-pre500,500,0
40,log:H4,The post is about a car or a motorcycle.,cold,500,500,0,0,0,1.0,1.0,1.0,32,,,,,0.004641791980247945,1.0,,embed@0.9,20ng-sub4000-pre500,500,0
41,log:H5,The post gives advice about maintaining a vehicle.,cold,500,500,0,0,0,1.0,1.0,1.0,8,,,,,0.004491458006668836,1.0,,embed@0.9,20ng-sub4000-pre500,500,0
42,log:H6,The tone of the post is angry or annoyed.,cold,500,500,0,0,0,1.0,1.0,1.0,202,,,,,0.004272875026799738,1.0,,embed@0.9,20ng-sub4000-pre500,500,0
43,log:H7,The post is about a computer operating system.,cold,500,500,0,0,0,1.0,1.0,1.0,35,,,,,0.004488500009756535,1.0,,embed@0.9,20ng-sub4000-pre500,500,0
44,log:H8,The post is a for-sale advertisement.,embed-hit@0.91,0,0,0,0,0,0.78125,0.9615384615384616,0.8620689655172413,26,,,,,0.0042080829734914005,0.9615384615384616,,embed@0.9,20ng-sub4000-pre500,500,0
45,log:H9,The post discusses encryption algorithms or key management.,cold,500,500,0,0,0,1.0,1.0,1.0,15,,,,,0.004195916990283877,1.0,,embed@0.9,20ng-sub4000-pre500,500,0
46,log:H10,The post asks a question about computer hardware.,cold,500,500,0,0,0,1.0,1.0,1.0,87,,,,,0.004179041017778218,1.0,,embed@0.9,20ng-sub4000-pre500,500,0
0,log:A1,The post asks for technical help with computer hardware.,cold,500,500,0,0,0,1.0,1.0,1.0,63,,,,,6.641697837039828e-05,1.0,,semreuse,20ng-sub4000-pre500,500,0
1,log:A2,The post asks for technical help with a personal computer's hardware.,rewrite,500,437,29,34,2,1.0,1.0,1.0,56,1.0,False,1.0,False,0.04190837498754263,1.0,False,semreuse,20ng-sub4000-pre500,500,0
2,log:A3,The post is a request for technical assistance concerning computer hardware.,rewrite,437,11,426,0,4,1.0,0.9473684210526315,0.972972972972973,76,0.9324324324324325,False,0.9583333333333334,False,0.04406091698911041,0.9473684210526315,False,semreuse,20ng-sub4000-pre500,500,0
3,log:A4,The post asks for help with Macintosh hardware.,rewrite,500,426,36,38,6,1.0,1.0,1.0,13,1.0,False,1.0,False,0.03213508304907009,1.0,False,semreuse,20ng-sub4000-pre500,500,0
4,log:A5,The post describes a hardware problem the author is experiencing.,cold,500,500,0,0,8,1.0,1.0,1.0,47,,,,,0.034130832995288074,1.0,,semreuse,20ng-sub4000-pre500,500,0
5,log:B1,The post offers an item for sale.,cold,500,500,0,0,10,1.0,1.0,1.0,29,,,,,0.044370500021614134,1.0,,semreuse,20ng-sub4000-pre500,500,0
6,log:B2,The post offers a computer or a computer part for sale.,rewrite,500,471,0,29,12,1.0,1.0,1.0,15,1.0,False,1.0,False,0.03648075001547113,1.0,False,semreuse,20ng-sub4000-pre500,500,0
7,log:B3,The post mentions a specific price in dollars.,cold,500,500,0,0,14,1.0,1.0,1.0,34,,,,,0.035894916974939406,1.0,,semreuse,20ng-sub4000-pre500,500,0
8,log:B4,The post is an advertisement.,rewrite,500,1,0,499,16,1.0,1.0,1.0,32,1.0,False,1.0,False,0.034830666962079704,1.0,False,semreuse,20ng-sub4000-pre500,500,0
9,log:B5,The post is looking to buy something rather than to sell something.,rewrite,500,9,0,491,18,1.0,1.0,1.0,75,1.0,False,1.0,False,0.04722458298783749,1.0,False,semreuse,20ng-sub4000-pre500,500,0
10,log:C1,The post discusses a professional sports team.,cold,500,500,0,0,20,1.0,1.0,1.0,40,,,,,0.035453125019557774,1.0,,semreuse,20ng-sub4000-pre500,500,0
11,log:C2,The post discusses a professional baseball team.,rewrite,500,69,0,431,22,1.0,1.0,1.0,21,1.0,False,1.0,False,0.038140083954203874,1.0,False,semreuse,20ng-sub4000-pre500,500,0
12,log:C3,The post mentions a player's statistics.,rewrite,500,29,0,471,24,1.0,1.0,1.0,12,1.0,False,1.0,False,0.04315350000979379,1.0,False,semreuse,20ng-sub4000-pre500,500,0
13,log:C4,The post is about a sporting event that has already taken place.,cold,500,500,0,0,26,1.0,1.0,1.0,30,,,,,0.04119695897679776,1.0,,semreuse,20ng-sub4000-pre500,500,0
14,log:C5,The post is about sports.,rewrite,500,14,0,486,28,1.0,1.0,1.0,45,1.0,False,1.0,False,0.04282174998661503,1.0,False,semreuse,20ng-sub4000-pre500,500,0
15,log:D1,The post argues about politics.,cold,500,500,0,0,30,1.0,1.0,1.0,74,,,,,0.0426108330138959,1.0,,semreuse,20ng-sub4000-pre500,500,0
16,log:D2,The post argues about gun control policy.,cold,500,500,0,0,32,1.0,1.0,1.0,15,,,,,0.04510512499837205,1.0,,semreuse,20ng-sub4000-pre500,500,0
17,log:D3,The post expresses a religious belief.,rewrite,500,468,29,3,34,1.0,1.0,1.0,41,1.0,False,1.0,False,0.05150695896008983,1.0,False,semreuse,20ng-sub4000-pre500,500,0
18,log:D4,The post argues about religion.,cold,500,500,0,0,36,1.0,1.0,1.0,56,,,,,0.04614370799390599,1.0,,semreuse,20ng-sub4000-pre500,500,0
19,log:D5,The post discusses the Middle East.,rewrite,500,130,0,370,38,1.0,1.0,1.0,15,1.0,False,1.0,False,0.045040707977022976,1.0,False,semreuse,20ng-sub4000-pre500,500,0
20,log:D6,The post criticizes a government or a government policy.,cold,500,500,0,0,40,1.0,1.0,1.0,56,,,,,0.048490290995687246,1.0,,semreuse,20ng-sub4000-pre500,500,0
21,log:E1,The author of the post is frustrated or angry.,cold,500,500,0,0,42,1.0,1.0,1.0,283,,,,,0.04923495801631361,1.0,,semreuse,20ng-sub4000-pre500,500,0
22,log:E2,The post contains a question.,rewrite,500,0,0,500,44,1.0,1.0,1.0,170,1.0,False,1.0,False,0.04797770798904821,1.0,False,semreuse,20ng-sub4000-pre500,500,0
23,log:E3,The post quotes another message.,rewrite,500,0,0,500,46,1.0,1.0,1.0,367,1.0,False,1.0,False,0.05176895798649639,1.0,False,semreuse,20ng-sub4000-pre500,500,0
24,log:E4,The post uses technical jargon.,cold,500,500,0,0,48,1.0,1.0,1.0,192,,,,,0.0498396250186488,1.0,,semreuse,20ng-sub4000-pre500,500,0
25,log:E5,The post makes a factual claim that could be checked.,rewrite,500,0,0,500,50,1.0,1.0,1.0,293,1.0,False,1.0,False,0.05508570896927267,1.0,False,semreuse,20ng-sub4000-pre500,500,0
26,log:F1,The post discusses medicine or health.,rewrite,500,133,72,295,52,1.0,1.0,1.0,26,1.0,False,1.0,False,0.04630345798796043,1.0,False,semreuse,20ng-sub4000-pre500,500,0
27,log:F2,The post discusses a specific disease or medical condition.,rewrite,500,133,72,295,54,1.0,1.0,1.0,13,1.0,False,1.0,False,0.04539483296684921,1.0,False,semreuse,20ng-sub4000-pre500,500,0
28,log:F3,The post discusses space or astronomy.,rewrite,500,330,29,141,56,1.0,1.0,1.0,23,1.0,False,1.0,False,0.06456533301388845,1.0,False,semreuse,20ng-sub4000-pre500,500,0
29,log:F4,The post discusses cryptography or encryption.,rewrite,500,330,29,141,58,1.0,1.0,1.0,19,1.0,False,1.0,False,0.04868766700383276,1.0,False,semreuse,20ng-sub4000-pre500,500,0
30,log:F5,The post discusses computer security.,rewrite,500,133,72,295,60,1.0,1.0,1.0,27,1.0,False,1.0,False,0.05111345899058506,1.0,False,semreuse,20ng-sub4000-pre500,500,0
31,log:F6,The post discusses science.,rewrite,481,367,114,0,62,1.0,0.9666666666666667,0.983050847457627,60,0.9354838709677419,False,1.0,False,0.05126800003927201,0.9666666666666667,False,semreuse,20ng-sub4000-pre500,500,0
32,log:G1,The post mentions an operating system.,rewrite,500,378,0,122,64,1.0,1.0,1.0,44,1.0,False,1.0,False,0.05458345799706876,1.0,False,semreuse,20ng-sub4000-pre500,500,0
33,log:G2,The post mentions Microsoft Windows.,rewrite,500,341,36,123,66,1.0,1.0,1.0,20,1.0,False,1.0,False,0.055189582984894514,1.0,False,semreuse,20ng-sub4000-pre500,500,0
34,log:G3,The post mentions the X Window System.,rewrite,500,378,0,122,68,1.0,1.0,1.0,18,1.0,False,1.0,False,0.06046208296902478,1.0,False,semreuse,20ng-sub4000-pre500,500,0
35,log:G4,The post discusses software rather than hardware.,rewrite,500,0,0,500,70,1.0,1.0,1.0,92,1.0,False,1.0,False,0.06150220800191164,1.0,False,semreuse,20ng-sub4000-pre500,500,0
36,log:G5,The post recommends a product or a service.,rewrite,500,0,0,500,72,1.0,1.0,1.0,21,1.0,False,1.0,False,0.05430274998070672,1.0,False,semreuse,20ng-sub4000-pre500,500,0
37,log:H1,The post asks for technical help with computer hardware.,exact-hit,0,0,0,0,0,1.0,1.0,1.0,63,,,,,5.500041879713535e-06,1.0,,semreuse,20ng-sub4000-pre500,500,0
38,log:H2,The post is selling something.,rewrite,500,288,0,212,74,1.0,1.0,1.0,28,1.0,False,1.0,False,0.055252499994821846,1.0,False,semreuse,20ng-sub4000-pre500,500,0
39,log:H3,The post is about a motor vehicle.,rewrite,500,301,36,163,76,1.0,1.0,1.0,34,1.0,False,1.0,False,0.054709625022951514,1.0,False,semreuse,20ng-sub4000-pre500,500,0
40,log:H4,The post is about a car or a motorcycle.,rewrite,500,196,0,304,78,1.0,1.0,1.0,32,1.0,False,1.0,False,0.06250737502705306,1.0,False,semreuse,20ng-sub4000-pre500,500,0
41,log:H5,The post gives advice about maintaining a vehicle.,rewrite,500,317,0,183,80,1.0,1.0,1.0,8,1.0,False,1.0,False,0.06111220800084993,1.0,False,semreuse,20ng-sub4000-pre500,500,0
42,log:H6,The tone of the post is angry or annoyed.,rewrite,500,13,0,487,82,1.0,1.0,1.0,202,1.0,False,1.0,False,0.06560254096984863,1.0,False,semreuse,20ng-sub4000-pre500,500,0
43,log:H7,The post is about a computer operating system.,rewrite,500,219,0,281,84,1.0,1.0,1.0,35,1.0,False,1.0,False,0.06749495799886063,1.0,False,semreuse,20ng-sub4000-pre500,500,0
44,log:H8,The post is a for-sale advertisement.,rewrite,500,21,0,479,86,1.0,1.0,1.0,26,1.0,False,1.0,False,0.07245137501740828,1.0,False,semreuse,20ng-sub4000-pre500,500,0
45,log:H9,The post discusses encryption algorithms or key management.,rewrite,500,316,39,145,88,1.0,1.0,1.0,15,1.0,False,1.0,False,0.06794383301166818,1.0,False,semreuse,20ng-sub4000-pre500,500,0
46,log:H10,The post asks a question about computer hardware.,rewrite,500,170,0,330,90,1.0,1.0,1.0,87,1.0,False,1.0,False,0.06831924995640293,1.0,False,semreuse,20ng-sub4000-pre500,500,0
0,log:A1,The post asks for technical help with computer hardware.,cold,500,500,0,0,0,1.0,1.0,1.0,63,,,,,2.2458028979599476e-05,1.0,,semreuse-noaudit,20ng-sub4000-pre500,500,0
1,log:A2,The post asks for technical help with a personal computer's hardware.,rewrite,437,437,0,0,0,0.835820895522388,1.0,0.9105691056910569,56,,,,,0.0001153330085799098,1.0,,semreuse-noaudit,20ng-sub4000-pre500,500,0
2,log:A3,The post is a request for technical assistance concerning computer hardware.,rewrite,0,0,0,0,0,1.0,0.8289473684210527,0.9064748201438849,76,,,,,0.00010258296970278025,0.8289473684210527,,semreuse-noaudit,20ng-sub4000-pre500,500,0
3,log:A4,The post asks for help with Macintosh hardware.,rewrite,433,433,0,0,0,0.19402985074626866,1.0,0.325,13,,,,,9.720801608636975e-05,1.0,,semreuse-noaudit,20ng-sub4000-pre500,500,0
4,log:A5,The post describes a hardware problem the author is experiencing.,cold,500,500,0,0,0,1.0,1.0,1.0,47,,,,,9.029096690937877e-05,1.0,,semreuse-noaudit,20ng-sub4000-pre500,500,0
5,log:B1,The post offers an item for sale.,cold,500,500,0,0,0,1.0,1.0,1.0,29,,,,,9.062502067536116e-05,1.0,,semreuse-noaudit,20ng-sub4000-pre500,500,0
6,log:B2,The post offers a computer or a computer part for sale.,rewrite,471,471,0,0,0,0.5172413793103449,1.0,0.6818181818181819,15,,,,,9.799998952075839e-05,1.0,,semreuse-noaudit,20ng-sub4000-pre500,500,0
7,log:B3,The post mentions a specific price in dollars.,cold,500,500,0,0,0,1.0,1.0,1.0,34,,,,,9.950000094249845e-05,1.0,,semreuse-noaudit,20ng-sub4000-pre500,500,0
8,log:B4,The post is an advertisement.,rewrite,2,2,0,0,0,1.0,0.0625,0.11764705882352941,32,,,,,0.00011075002839788795,0.0625,,semreuse-noaudit,20ng-sub4000-pre500,500,0
9,log:B5,The post is looking to buy something rather than to sell something.,rewrite,31,31,0,0,0,1.0,0.14666666666666667,0.2558139534883721,75,,,,,0.00011924997670575976,0.14666666666666667,,semreuse-noaudit,20ng-sub4000-pre500,500,0
10,log:C1,The post discusses a professional sports team.,cold,500,500,0,0,0,1.0,1.0,1.0,40,,,,,0.0001193339703604579,1.0,,semreuse-noaudit,20ng-sub4000-pre500,500,0
11,log:C2,The post discusses a professional baseball team.,rewrite,69,69,0,0,0,1.0,0.9523809523809523,0.975609756097561,21,,,,,0.00014695798745378852,0.9523809523809523,,semreuse-noaudit,20ng-sub4000-pre500,500,0
12,log:C3,The post mentions a player's statistics.,rewrite,29,29,0,0,0,1.0,0.0,0.0,12,,,,,0.00013212504563853145,0.0,,semreuse-noaudit,20ng-sub4000-pre500,500,0
13,log:C4,The post is about a sporting event that has already taken place.,cold,500,500,0,0,0,1.0,1.0,1.0,30,,,,,0.00012520799646154046,1.0,,semreuse-noaudit,20ng-sub4000-pre500,500,0
14,log:C5,The post is about sports.,rewrite,14,14,0,0,0,1.0,0.3111111111111111,0.4745762711864407,45,,,,,0.00013399997260421515,0.3111111111111111,,semreuse-noaudit,20ng-sub4000-pre500,500,0
15,log:D1,The post argues about politics.,cold,500,500,0,0,0,1.0,1.0,1.0,74,,,,,0.00012983300257474184,1.0,,semreuse-noaudit,20ng-sub4000-pre500,500,0
16,log:D2,The post argues about gun control policy.,cold,500,500,0,0,0,1.0,1.0,1.0,15,,,,,0.00012912496458739042,1.0,,semreuse-noaudit,20ng-sub4000-pre500,500,0
17,log:D3,The post expresses a religious belief.,rewrite,498,498,0,0,0,0.9534883720930233,1.0,0.9761904761904763,41,,,,,0.00014179199934005737,1.0,,semreuse-noaudit,20ng-sub4000-pre500,500,0
18,log:D4,The post argues about religion.,cold,500,500,0,0,0,1.0,1.0,1.0,56,,,,,0.00014179199934005737,1.0,,semreuse-noaudit,20ng-sub4000-pre500,500,0
19,log:D5,The post discusses the Middle East.,rewrite,142,142,0,0,0,0.875,0.9333333333333333,0.9032258064516129,15,,,,,0.00016208295710384846,0.9333333333333333,,semreuse-noaudit,20ng-sub4000-pre500,500,0
20,log:D6,The post criticizes a government or a government policy.,cold,500,500,0,0,0,1.0,1.0,1.0,56,,,,,0.0001408749958500266,1.0,,semreuse-noaudit,20ng-sub4000-pre500,500,0
21,log:E1,The author of the post is frustrated or angry.,cold,500,500,0,0,0,1.0,1.0,1.0,283,,,,,0.00014154199743643403,1.0,,semreuse-noaudit,20ng-sub4000-pre500,500,0
22,log:E2,The post contains a question.,rewrite,0,0,0,0,0,1.0,0.0,0.0,170,,,,,0.00016250001499429345,0.0,,semreuse-noaudit,20ng-sub4000-pre500,500,0
23,log:E3,The post quotes another message.,rewrite,0,0,0,0,0,1.0,0.0,0.0,367,,,,,0.00015712500317022204,0.0,,semreuse-noaudit,20ng-sub4000-pre500,500,0
24,log:E4,The post uses technical jargon.,cold,500,500,0,0,0,1.0,1.0,1.0,192,,,,,0.0001473750453442335,1.0,,semreuse-noaudit,20ng-sub4000-pre500,500,0
25,log:E5,The post makes a factual claim that could be checked.,rewrite,0,0,0,0,0,1.0,0.0,0.0,293,,,,,0.00016737502301111817,0.0,,semreuse-noaudit,20ng-sub4000-pre500,500,0
26,log:F1,The post discusses medicine or health.,rewrite,500,500,0,0,0,1.0,1.0,1.0,26,,,,,0.0001604999997653067,1.0,,semreuse-noaudit,20ng-sub4000-pre500,500,0
27,log:F2,The post discusses a specific disease or medical condition.,rewrite,500,500,0,0,0,1.0,1.0,1.0,13,,,,,0.00016133300960063934,1.0,,semreuse-noaudit,20ng-sub4000-pre500,500,0
28,log:F3,The post discusses space or astronomy.,rewrite,500,500,0,0,0,1.0,1.0,1.0,23,,,,,0.00016250001499429345,1.0,,semreuse-noaudit,20ng-sub4000-pre500,500,0
29,log:F4,The post discusses cryptography or encryption.,rewrite,500,500,0,0,0,1.0,1.0,1.0,19,,,,,0.00016250001499429345,1.0,,semreuse-noaudit,20ng-sub4000-pre500,500,0
30,log:F5,The post discusses computer security.,rewrite,500,500,0,0,0,1.0,1.0,1.0,27,,,,,0.0001764170010574162,1.0,,semreuse-noaudit,20ng-sub4000-pre500,500,0
31,log:F6,The post discusses science.,rewrite,0,0,0,0,0,1.0,0.0,0.0,60,,,,,0.00017954199574887753,0.0,,semreuse-noaudit,20ng-sub4000-pre500,500,0
32,log:G1,The post mentions an operating system.,rewrite,65,65,0,0,0,1.0,0.4090909090909091,0.5806451612903226,44,,,,,0.0001784159685485065,0.4090909090909091,,semreuse-noaudit,20ng-sub4000-pre500,500,0
33,log:G2,The post mentions Microsoft Windows.,rewrite,74,74,0,0,0,1.0,0.35,0.5185185185185185,20,,,,,0.0001961250090971589,0.35,,semreuse-noaudit,20ng-sub4000-pre500,500,0
34,log:G3,The post mentions the X Window System.,rewrite,65,65,0,0,0,0.7142857142857143,0.2777777777777778,0.4,18,,,,,0.00018733402248471975,0.2777777777777778,,semreuse-noaudit,20ng-sub4000-pre500,500,0
35,log:G4,The post discusses software rather than hardware.,rewrite,0,0,0,0,0,1.0,0.0,0.0,92,,,,,0.0001906669931486249,0.0,,semreuse-noaudit,20ng-sub4000-pre500,500,0
36,log:G5,The post recommends a product or a service.,rewrite,0,0,0,0,0,1.0,0.0,0.0,21,,,,,0.00020266702631488442,0.0,,semreuse-noaudit,20ng-sub4000-pre500,500,0
37,log:H1,The post asks for technical help with computer hardware.,exact-hit,0,0,0,0,0,1.0,1.0,1.0,63,,,,,4.249974153935909e-06,1.0,,semreuse-noaudit,20ng-sub4000-pre500,500,0
38,log:H2,The post is selling something.,rewrite,27,27,0,0,0,1.0,0.9642857142857143,0.9818181818181818,28,,,,,0.00020837498595938087,0.9642857142857143,,semreuse-noaudit,20ng-sub4000-pre500,500,0
39,log:H3,The post is about a motor vehicle.,rewrite,498,498,0,0,0,0.9444444444444444,1.0,0.9714285714285714,34,,,,,0.00021187501261010766,1.0,,semreuse-noaudit,20ng-sub4000-pre500,500,0
40,log:H4,The post is about a car or a motorcycle.,rewrite,56,56,0,0,0,0.96875,0.96875,0.96875,32,,,,,0.00020725000649690628,0.96875,,semreuse-noaudit,20ng-sub4000-pre500,500,0
41,log:H5,The post gives advice about maintaining a vehicle.,rewrite,37,37,0,0,0,1.0,0.75,0.8571428571428571,8,,,,,0.00021370797185227275,0.75,,semreuse-noaudit,20ng-sub4000-pre500,500,0
42,log:H6,The tone of the post is angry or annoyed.,rewrite,0,0,0,0,0,1.0,0.0,0.0,202,,,,,0.00020875001791864634,0.0,,semreuse-noaudit,20ng-sub4000-pre500,500,0
43,log:H7,The post is about a computer operating system.,rewrite,18,18,0,0,0,1.0,0.3142857142857143,0.4782608695652174,35,,,,,0.00022212497424334288,0.3142857142857143,,semreuse-noaudit,20ng-sub4000-pre500,500,0
44,log:H8,The post is a for-sale advertisement.,rewrite,0,0,0,0,0,0.8620689655172413,0.9615384615384616,0.9090909090909091,26,,,,,0.00021295796614140272,0.9615384615384616,,semreuse-noaudit,20ng-sub4000-pre500,500,0
45,log:H9,The post discusses encryption algorithms or key management.,rewrite,473,473,0,0,0,0.5555555555555556,1.0,0.7142857142857143,15,,,,,0.0002155840047635138,1.0,,semreuse-noaudit,20ng-sub4000-pre500,500,0
46,log:H10,The post asks a question about computer hardware.,rewrite,0,0,0,0,0,1.0,0.0,0.0,87,,,,,0.00023200002033263445,0.0,,semreuse-noaudit,20ng-sub4000-pre500,500,0
0,log:A1,The post asks for technical help with computer hardware.,cold,500,500,0,0,0,1.0,1.0,1.0,63,,,,,1.791701652109623e-05,1.0,,semreuse-gt,20ng-sub4000-pre500,500,0
1,log:A2,The post asks for technical help with a personal computer's hardware.,cold,500,500,0,0,0,1.0,1.0,1.0,56,,,,,2.420798409730196e-05,1.0,,semreuse-gt,20ng-sub4000-pre500,500,0
2,log:A3,The post is a request for technical assistance concerning computer hardware.,rewrite,473,433,36,4,0,1.0,1.0,1.0,76,1.0,False,0.9473684210526315,False,0.0003032079548574984,1.0,False,semreuse-gt,20ng-sub4000-pre500,500,0
3,log:A4,The post asks for help with Macintosh hardware.,rewrite,500,55,0,445,0,1.0,1.0,1.0,13,1.0,False,1.0,False,7.90000194683671e-05,1.0,False,semreuse-gt,20ng-sub4000-pre500,500,0
4,log:A5,The post describes a hardware problem the author is experiencing.,cold,500,500,0,0,0,1.0,1.0,1.0,47,,,,,3.63329891115427e-05,1.0,,semreuse-gt,20ng-sub4000-pre500,500,0
5,log:B1,The post offers an item for sale.,cold,500,500,0,0,0,1.0,1.0,1.0,29,,,,,3.554200520738959e-05,1.0,,semreuse-gt,20ng-sub4000-pre500,500,0
6,log:B2,The post offers a computer or a computer part for sale.,rewrite,500,29,0,471,0,1.0,1.0,1.0,15,1.0,False,1.0,False,7.666699821129441e-05,1.0,False,semreuse-gt,20ng-sub4000-pre500,500,0
7,log:B3,The post mentions a specific price in dollars.,cold,500,500,0,0,0,1.0,1.0,1.0,34,,,,,4.2458996176719666e-05,1.0,,semreuse-gt,20ng-sub4000-pre500,500,0
8,log:B4,The post is an advertisement.,rewrite,500,453,0,47,0,1.0,1.0,1.0,32,1.0,False,1.0,False,7.583299884572625e-05,1.0,False,semreuse-gt,20ng-sub4000-pre500,500,0
9,log:B5,The post is looking to buy something rather than to sell something.,cold,500,500,0,0,0,1.0,1.0,1.0,75,,,,,5.0292001105844975e-05,1.0,,semreuse-gt,20ng-sub4000-pre500,500,0
10,log:C1,The post discusses a professional sports team.,rewrite,500,379,0,121,0,1.0,1.0,1.0,40,1.0,False,1.0,False,0.0001355829881504178,1.0,False,semreuse-gt,20ng-sub4000-pre500,500,0
11,log:C2,The post discusses a professional baseball team.,rewrite,500,372,0,128,0,1.0,1.0,1.0,21,1.0,False,1.0,False,0.00013533298624679446,1.0,False,semreuse-gt,20ng-sub4000-pre500,500,0
12,log:C3,The post mentions a player's statistics.,rewrite,500,39,0,461,0,1.0,1.0,1.0,12,1.0,False,1.0,False,0.00011137500405311584,1.0,False,semreuse-gt,20ng-sub4000-pre500,500,0
13,log:C4,The post is about a sporting event that has already taken place.,rewrite,500,379,0,121,0,1.0,1.0,1.0,30,1.0,False,1.0,False,0.00013216701336205006,1.0,False,semreuse-gt,20ng-sub4000-pre500,500,0
14,log:C5,The post is about sports.,rewrite,500,361,0,139,0,1.0,1.0,1.0,45,1.0,False,1.0,False,0.00015345803694799542,1.0,False,semreuse-gt,20ng-sub4000-pre500,500,0
15,log:D1,The post argues about politics.,rewrite,468,357,111,0,0,1.0,1.0,1.0,74,0.961038961038961,False,1.0,False,0.0006980000180192292,1.0,False,semreuse-gt,20ng-sub4000-pre500,500,0
16,log:D2,The post argues about gun control policy.,rewrite,500,344,0,156,0,1.0,1.0,1.0,15,1.0,False,1.0,False,0.00015712500317022204,1.0,False,semreuse-gt,20ng-sub4000-pre500,500,0
17,log:D3,The post expresses a religious belief.,rewrite,500,304,0,196,0,1.0,1.0,1.0,41,1.0,False,1.0,False,0.000155624991748482,1.0,False,semreuse-gt,20ng-sub4000-pre500,500,0
18,log:D4,The post argues about religion.,rewrite,500,345,0,155,0,1.0,1.0,1.0,56,1.0,False,1.0,False,0.00015962502220645547,1.0,False,semreuse-gt,20ng-sub4000-pre500,500,0
19,log:D5,The post discusses the Middle East.,rewrite,500,355,0,145,0,1.0,1.0,1.0,15,1.0,False,1.0,False,0.00015587499365210533,1.0,False,semreuse-gt,20ng-sub4000-pre500,500,0
20,log:D6,The post criticizes a government or a government policy.,rewrite,500,328,0,172,0,1.0,1.0,1.0,56,1.0,False,1.0,False,0.00016820902237668633,1.0,False,semreuse-gt,20ng-sub4000-pre500,500,0
21,log:E1,The author of the post is frustrated or angry.,cold,500,500,0,0,0,1.0,1.0,1.0,283,,,,,8.820800576359034e-05,1.0,,semreuse-gt,20ng-sub4000-pre500,500,0
22,log:E2,The post contains a question.,cold,500,500,0,0,0,1.0,1.0,1.0,170,,,,,8.60420404933393e-05,1.0,,semreuse-gt,20ng-sub4000-pre500,500,0
23,log:E3,The post quotes another message.,cold,500,500,0,0,0,1.0,1.0,1.0,367,,,,,8.995900861918926e-05,1.0,,semreuse-gt,20ng-sub4000-pre500,500,0
24,log:E4,The post uses technical jargon.,rewrite,500,472,0,28,0,1.0,1.0,1.0,192,1.0,False,1.0,False,0.00012624997179955244,1.0,False,semreuse-gt,20ng-sub4000-pre500,500,0
25,log:E5,The post makes a factual claim that could be checked.,rewrite,500,488,0,12,0,1.0,1.0,1.0,293,1.0,False,1.0,False,0.00011849997099488974,1.0,False,semreuse-gt,20ng-sub4000-pre500,500,0
26,log:F1,The post discusses medicine or health.,rewrite,500,317,0,183,0,1.0,1.0,1.0,26,1.0,False,1.0,False,0.00018083298346027732,1.0,False,semreuse-gt,20ng-sub4000-pre500,500,0
27,log:F2,The post discusses a specific disease or medical condition.,rewrite,500,272,0,228,0,1.0,1.0,1.0,13,1.0,False,1.0,False,0.00018679199274629354,1.0,False,semreuse-gt,20ng-sub4000-pre500,500,0
28,log:F3,The post discusses space or astronomy.,rewrite,500,327,0,173,0,1.0,1.0,1.0,23,1.0,False,1.0,False,0.0001925419783219695,1.0,False,semreuse-gt,20ng-sub4000-pre500,500,0
29,log:F4,The post discusses cryptography or encryption.,rewrite,500,331,0,169,0,1.0,1.0,1.0,19,1.0,False,1.0,False,0.0002035840298049152,1.0,False,semreuse-gt,20ng-sub4000-pre500,500,0
30,log:F5,The post discusses computer security.,rewrite,500,330,0,170,0,1.0,1.0,1.0,27,1.0,False,1.0,False,0.00021895801182836294,1.0,False,semreuse-gt,20ng-sub4000-pre500,500,0
31,log:F6,The post discusses science.,rewrite,497,359,138,0,0,1.0,1.0,1.0,60,0.9836065573770492,False,1.0,False,0.0005366670084185898,1.0,False,semreuse-gt,20ng-sub4000-pre500,500,0
32,log:G1,The post mentions an operating system.,rewrite,500,299,0,201,0,1.0,1.0,1.0,44,1.0,False,1.0,False,0.00021983298938721418,1.0,False,semreuse-gt,20ng-sub4000-pre500,500,0
33,log:G2,The post mentions Microsoft Windows.,rewrite,500,290,0,210,0,1.0,1.0,1.0,20,1.0,False,1.0,False,0.00021937501151114702,1.0,False,semreuse-gt,20ng-sub4000-pre500,500,0
34,log:G3,The post mentions the X Window System.,rewrite,500,110,0,390,0,1.0,1.0,1.0,18,1.0,False,1.0,False,0.00023108301684260368,1.0,False,semreuse-gt,20ng-sub4000-pre500,500,0
35,log:G4,The post discusses software rather than hardware.,rewrite,441,348,93,0,0,1.0,1.0,1.0,92,0.9387755102040817,False,1.0,False,0.0008347079856321216,1.0,False,semreuse-gt,20ng-sub4000-pre500,500,0
36,log:G5,The post recommends a product or a service.,rewrite,500,298,0,202,0,1.0,1.0,1.0,21,1.0,False,1.0,False,0.0002354159951210022,1.0,False,semreuse-gt,20ng-sub4000-pre500,500,0
37,log:H1,The post asks for technical help with computer hardware.,exact-hit,0,0,0,0,0,1.0,1.0,1.0,63,,,,,4.208006430417299e-06,1.0,,semreuse-gt,20ng-sub4000-pre500,500,0
38,log:H2,The post is selling something.,rewrite,500,299,0,201,0,1.0,1.0,1.0,28,1.0,False,1.0,False,0.00022958399495109916,1.0,False,semreuse-gt,20ng-sub4000-pre500,500,0
39,log:H3,The post is about a motor vehicle.,rewrite,500,307,0,193,0,1.0,1.0,1.0,34,1.0,False,1.0,False,0.00023550004698336124,1.0,False,semreuse-gt,20ng-sub4000-pre500,500,0
40,log:H4,The post is about a car or a motorcycle.,rewrite,500,299,0,201,0,1.0,1.0,1.0,32,1.0,False,1.0,False,0.00024204200599342585,1.0,False,semreuse-gt,20ng-sub4000-pre500,500,0
41,log:H5,The post gives advice about maintaining a vehicle.,rewrite,500,299,0,201,0,1.0,1.0,1.0,8,1.0,False,1.0,False,0.00024174997815862298,1.0,False,semreuse-gt,20ng-sub4000-pre500,500,0
42,log:H6,The tone of the post is angry or annoyed.,rewrite,326,283,43,0,0,1.0,0.995049504950495,0.9975186104218362,202,0.9262672811059908,False,1.0,False,0.0009689999860711396,0.995049504950495,False,semreuse-gt,20ng-sub4000-pre500,500,0
43,log:H7,The post is about a computer operating system.,rewrite,500,337,0,163,0,1.0,1.0,1.0,35,1.0,False,1.0,False,0.0002568329800851643,1.0,False,semreuse-gt,20ng-sub4000-pre500,500,0
44,log:H8,The post is a for-sale advertisement.,rewrite,500,287,0,213,0,1.0,1.0,1.0,26,1.0,False,1.0,False,0.00026016600895673037,1.0,False,semreuse-gt,20ng-sub4000-pre500,500,0
45,log:H9,The post discusses encryption algorithms or key management.,rewrite,500,19,0,481,0,1.0,1.0,1.0,15,1.0,False,1.0,False,0.0002306249807588756,1.0,False,semreuse-gt,20ng-sub4000-pre500,500,0
46,log:H10,The post asks a question about computer hardware.,rewrite,451,286,152,13,0,1.0,1.0,1.0,87,0.9456521739130435,False,1.0,False,0.0008945000008679926,1.0,False,semreuse-gt,20ng-sub4000-pre500,500,0
0,log:A1,The post asks for technical help with computer hardware.,cold,1000,1000,0,0,0,1.0,1.0,1.0,141,,,,,1.066701952368021e-05,1.0,,cold,20ng-sub4000-pre1000,1000,0
1,log:A2,The post asks for technical help with a personal computer's hardware.,cold,1000,1000,0,0,0,1.0,1.0,1.0,122,,,,,4.125002305954695e-06,1.0,,cold,20ng-sub4000-pre1000,1000,0
2,log:A3,The post is a request for technical assistance concerning computer hardware.,cold,1000,1000,0,0,0,1.0,1.0,1.0,160,,,,,2.874992787837982e-06,1.0,,cold,20ng-sub4000-pre1000,1000,0
3,log:A4,The post asks for help with Macintosh hardware.,cold,1000,1000,0,0,0,1.0,1.0,1.0,29,,,,,2.6249908842146397e-06,1.0,,cold,20ng-sub4000-pre1000,1000,0
4,log:A5,The post describes a hardware problem the author is experiencing.,cold,1000,1000,0,0,0,1.0,1.0,1.0,91,,,,,2.541986759752035e-06,1.0,,cold,20ng-sub4000-pre1000,1000,0
5,log:B1,The post offers an item for sale.,cold,1000,1000,0,0,0,1.0,1.0,1.0,52,,,,,2.333021257072687e-06,1.0,,cold,20ng-sub4000-pre1000,1000,0
6,log:B2,The post offers a computer or a computer part for sale.,cold,1000,1000,0,0,0,1.0,1.0,1.0,27,,,,,2.374988980591297e-06,1.0,,cold,20ng-sub4000-pre1000,1000,0
7,log:B3,The post mentions a specific price in dollars.,cold,1000,1000,0,0,0,1.0,1.0,1.0,63,,,,,2.1249870769679546e-06,1.0,,cold,20ng-sub4000-pre1000,1000,0
8,log:B4,The post is an advertisement.,cold,1000,1000,0,0,0,1.0,1.0,1.0,59,,,,,2.1249870769679546e-06,1.0,,cold,20ng-sub4000-pre1000,1000,0
9,log:B5,The post is looking to buy something rather than to sell something.,cold,1000,1000,0,0,0,1.0,1.0,1.0,168,,,,,2.2909953258931637e-06,1.0,,cold,20ng-sub4000-pre1000,1000,0
10,log:C1,The post discusses a professional sports team.,cold,1000,1000,0,0,0,1.0,1.0,1.0,77,,,,,2.5420449674129486e-06,1.0,,cold,20ng-sub4000-pre1000,1000,0
11,log:C2,The post discusses a professional baseball team.,cold,1000,1000,0,0,0,1.0,1.0,1.0,37,,,,,2.207991201430559e-06,1.0,,cold,20ng-sub4000-pre1000,1000,0
12,log:C3,The post mentions a player's statistics.,cold,1000,1000,0,0,0,1.0,1.0,1.0,25,,,,,2.167013008147478e-06,1.0,,cold,20ng-sub4000-pre1000,1000,0
13,log:C4,The post is about a sporting event that has already taken place.,cold,1000,1000,0,0,0,1.0,1.0,1.0,58,,,,,2.3339525796473026e-06,1.0,,cold,20ng-sub4000-pre1000,1000,0
14,log:C5,The post is about sports.,cold,1000,1000,0,0,0,1.0,1.0,1.0,88,,,,,2.334010787308216e-06,1.0,,cold,20ng-sub4000-pre1000,1000,0
15,log:D1,The post argues about politics.,cold,1000,1000,0,0,0,1.0,1.0,1.0,150,,,,,2.125045284628868e-06,1.0,,cold,20ng-sub4000-pre1000,1000,0
16,log:D2,The post argues about gun control policy.,cold,1000,1000,0,0,0,1.0,1.0,1.0,29,,,,,2.167013008147478e-06,1.0,,cold,20ng-sub4000-pre1000,1000,0
17,log:D3,The post expresses a religious belief.,cold,1000,1000,0,0,0,1.0,1.0,1.0,73,,,,,2.0830193534493446e-06,1.0,,cold,20ng-sub4000-pre1000,1000,0
18,log:D4,The post argues about religion.,cold,1000,1000,0,0,0,1.0,1.0,1.0,102,,,,,2.2500171326100826e-06,1.0,,cold,20ng-sub4000-pre1000,1000,0
19,log:D5,The post discusses the Middle East.,cold,1000,1000,0,0,0,1.0,1.0,1.0,31,,,,,2.04198295250535e-06,1.0,,cold,20ng-sub4000-pre1000,1000,0
20,log:D6,The post criticizes a government or a government policy.,cold,1000,1000,0,0,0,1.0,1.0,1.0,115,,,,,2.1249870769679546e-06,1.0,,cold,20ng-sub4000-pre1000,1000,0
21,log:E1,The author of the post is frustrated or angry.,cold,1000,1000,0,0,0,1.0,1.0,1.0,561,,,,,2.2500171326100826e-06,1.0,,cold,20ng-sub4000-pre1000,1000,0
22,log:E2,The post contains a question.,cold,1000,1000,0,0,0,1.0,1.0,1.0,355,,,,,2.334010787308216e-06,1.0,,cold,20ng-sub4000-pre1000,1000,0
23,log:E3,The post quotes another message.,cold,1000,1000,0,0,0,1.0,1.0,1.0,758,,,,,2.125045284628868e-06,1.0,,cold,20ng-sub4000-pre1000,1000,0
24,log:E4,The post uses technical jargon.,cold,1000,1000,0,0,0,1.0,1.0,1.0,415,,,,,2.0420411601662636e-06,1.0,,cold,20ng-sub4000-pre1000,1000,0
25,log:E5,The post makes a factual claim that could be checked.,cold,1000,1000,0,0,0,1.0,1.0,1.0,561,,,,,2.207991201430559e-06,1.0,,cold,20ng-sub4000-pre1000,1000,0
26,log:F1,The post discusses medicine or health.,cold,1000,1000,0,0,0,1.0,1.0,1.0,48,,,,,2.166023477911949e-06,1.0,,cold,20ng-sub4000-pre1000,1000,0
27,log:F2,The post discusses a specific disease or medical condition.,cold,1000,1000,0,0,0,1.0,1.0,1.0,26,,,,,2.2080494090914726e-06,1.0,,cold,20ng-sub4000-pre1000,1000,0
28,log:F3,The post discusses space or astronomy.,cold,1000,1000,0,0,0,1.0,1.0,1.0,40,,,,,2.167013008147478e-06,1.0,,cold,20ng-sub4000-pre1000,1000,0
29,log:F4,The post discusses cryptography or encryption.,cold,1000,1000,0,0,0,1.0,1.0,1.0,34,,,,,2.208980731666088e-06,1.0,,cold,20ng-sub4000-pre1000,1000,0
30,log:F5,The post discusses computer security.,cold,1000,1000,0,0,0,1.0,1.0,1.0,55,,,,,2.0830193534493446e-06,1.0,,cold,20ng-sub4000-pre1000,1000,0
31,log:F6,The post discusses science.,cold,1000,1000,0,0,0,1.0,1.0,1.0,125,,,,,2.082961145788431e-06,1.0,,cold,20ng-sub4000-pre1000,1000,0
32,log:G1,The post mentions an operating system.,cold,1000,1000,0,0,0,1.0,1.0,1.0,101,,,,,2.1669548004865646e-06,1.0,,cold,20ng-sub4000-pre1000,1000,0
33,log:G2,The post mentions Microsoft Windows.,cold,1000,1000,0,0,0,1.0,1.0,1.0,37,,,,,2.1669548004865646e-06,1.0,,cold,20ng-sub4000-pre1000,1000,0
34,log:G3,The post mentions the X Window System.,cold,1000,1000,0,0,0,1.0,1.0,1.0,45,,,,,2.458051312714815e-06,1.0,,cold,20ng-sub4000-pre1000,1000,0
35,log:G4,The post discusses software rather than hardware.,cold,1000,1000,0,0,0,1.0,1.0,1.0,196,,,,,2.0830193534493446e-06,1.0,,cold,20ng-sub4000-pre1000,1000,0
36,log:G5,The post recommends a product or a service.,cold,1000,1000,0,0,0,1.0,1.0,1.0,45,,,,,2.4579931050539017e-06,1.0,,cold,20ng-sub4000-pre1000,1000,0
37,log:H1,The post asks for technical help with computer hardware.,cold,1000,1000,0,0,0,1.0,1.0,1.0,141,,,,,2.0830193534493446e-06,1.0,,cold,20ng-sub4000-pre1000,1000,0
38,log:H2,The post is selling something.,cold,1000,1000,0,0,0,1.0,1.0,1.0,49,,,,,2.00001522898674e-06,1.0,,cold,20ng-sub4000-pre1000,1000,0
39,log:H3,The post is about a motor vehicle.,cold,1000,1000,0,0,0,1.0,1.0,1.0,71,,,,,2.249958924949169e-06,1.0,,cold,20ng-sub4000-pre1000,1000,0
40,log:H4,The post is about a car or a motorcycle.,cold,1000,1000,0,0,0,1.0,1.0,1.0,64,,,,,2.08395067602396e-06,1.0,,cold,20ng-sub4000-pre1000,1000,0
41,log:H5,The post gives advice about maintaining a vehicle.,cold,1000,1000,0,0,0,1.0,1.0,1.0,22,,,,,2.249958924949169e-06,1.0,,cold,20ng-sub4000-pre1000,1000,0
42,log:H6,The tone of the post is angry or annoyed.,cold,1000,1000,0,0,0,1.0,1.0,1.0,395,,,,,2.082961145788431e-06,1.0,,cold,20ng-sub4000-pre1000,1000,0
43,log:H7,The post is about a computer operating system.,cold,1000,1000,0,0,0,1.0,1.0,1.0,87,,,,,2.2500171326100826e-06,1.0,,cold,20ng-sub4000-pre1000,1000,0
44,log:H8,The post is a for-sale advertisement.,cold,1000,1000,0,0,0,1.0,1.0,1.0,49,,,,,2.2500171326100826e-06,1.0,,cold,20ng-sub4000-pre1000,1000,0
45,log:H9,The post discusses encryption algorithms or key management.,cold,1000,1000,0,0,0,1.0,1.0,1.0,27,,,,,2.2080494090914726e-06,1.0,,cold,20ng-sub4000-pre1000,1000,0
46,log:H10,The post asks a question about computer hardware.,cold,1000,1000,0,0,0,1.0,1.0,1.0,185,,,,,2.2500171326100826e-06,1.0,,cold,20ng-sub4000-pre1000,1000,0
0,log:A1,The post asks for technical help with computer hardware.,cold,1000,1000,0,0,0,1.0,1.0,1.0,141,,,,,2.1333980839699507e-05,1.0,,exact,20ng-sub4000-pre1000,1000,0
1,log:A2,The post asks for technical help with a personal computer's hardware.,cold,1000,1000,0,0,0,1.0,1.0,1.0,122,,,,,7.833004929125309e-06,1.0,,exact,20ng-sub4000-pre1000,1000,0
2,log:A3,The post is a request for technical assistance concerning computer hardware.,cold,1000,1000,0,0,0,1.0,1.0,1.0,160,,,,,6.250047590583563e-06,1.0,,exact,20ng-sub4000-pre1000,1000,0
3,log:A4,The post asks for help with Macintosh hardware.,cold,1000,1000,0,0,0,1.0,1.0,1.0,29,,,,,6.333983037620783e-06,1.0,,exact,20ng-sub4000-pre1000,1000,0
4,log:A5,The post describes a hardware problem the author is experiencing.,cold,1000,1000,0,0,0,1.0,1.0,1.0,91,,,,,6.125017534941435e-06,1.0,,exact,20ng-sub4000-pre1000,1000,0
5,log:B1,The post offers an item for sale.,cold,1000,1000,0,0,0,1.0,1.0,1.0,52,,,,,6.04201341047883e-06,1.0,,exact,20ng-sub4000-pre1000,1000,0
6,log:B2,The post offers a computer or a computer part for sale.,cold,1000,1000,0,0,0,1.0,1.0,1.0,27,,,,,5.999987479299307e-06,1.0,,exact,20ng-sub4000-pre1000,1000,0
7,log:B3,The post mentions a specific price in dollars.,cold,1000,1000,0,0,0,1.0,1.0,1.0,63,,,,,5.833979230374098e-06,1.0,,exact,20ng-sub4000-pre1000,1000,0
8,log:B4,The post is an advertisement.,cold,1000,1000,0,0,0,1.0,1.0,1.0,59,,,,,9.04203625395894e-06,1.0,,exact,20ng-sub4000-pre1000,1000,0
9,log:B5,The post is looking to buy something rather than to sell something.,cold,1000,1000,0,0,0,1.0,1.0,1.0,168,,,,,6.125017534941435e-06,1.0,,exact,20ng-sub4000-pre1000,1000,0
10,log:C1,The post discusses a professional sports team.,cold,1000,1000,0,0,0,1.0,1.0,1.0,77,,,,,5.66698145121336e-06,1.0,,exact,20ng-sub4000-pre1000,1000,0
11,log:C2,The post discusses a professional baseball team.,cold,1000,1000,0,0,0,1.0,1.0,1.0,37,,,,,5.875015631318092e-06,1.0,,exact,20ng-sub4000-pre1000,1000,0
12,log:C3,The post mentions a player's statistics.,cold,1000,1000,0,0,0,1.0,1.0,1.0,25,,,,,5.208014044910669e-06,1.0,,exact,20ng-sub4000-pre1000,1000,0
13,log:C4,The post is about a sporting event that has already taken place.,cold,1000,1000,0,0,0,1.0,1.0,1.0,58,,,,,6.041023880243301e-06,1.0,,exact,20ng-sub4000-pre1000,1000,0
14,log:C5,The post is about sports.,cold,1000,1000,0,0,0,1.0,1.0,1.0,88,,,,,5.166977643966675e-06,1.0,,exact,20ng-sub4000-pre1000,1000,0
15,log:D1,The post argues about politics.,cold,1000,1000,0,0,0,1.0,1.0,1.0,150,,,,,5.165988113731146e-06,1.0,,exact,20ng-sub4000-pre1000,1000,0
16,log:D2,The post argues about gun control policy.,cold,1000,1000,0,0,0,1.0,1.0,1.0,29,,,,,5.125009920448065e-06,1.0,,exact,20ng-sub4000-pre1000,1000,0
17,log:D3,The post expresses a religious belief.,cold,1000,1000,0,0,0,1.0,1.0,1.0,73,,,,,5.292007699608803e-06,1.0,,exact,20ng-sub4000-pre1000,1000,0
18,log:D4,The post argues about religion.,cold,1000,1000,0,0,0,1.0,1.0,1.0,102,,,,,4.875008016824722e-06,1.0,,exact,20ng-sub4000-pre1000,1000,0
19,log:D5,The post discusses the Middle East.,cold,1000,1000,0,0,0,1.0,1.0,1.0,31,,,,,5.125009920448065e-06,1.0,,exact,20ng-sub4000-pre1000,1000,0
20,log:D6,The post criticizes a government or a government policy.,cold,1000,1000,0,0,0,1.0,1.0,1.0,115,,,,,5.874957423657179e-06,1.0,,exact,20ng-sub4000-pre1000,1000,0
21,log:E1,The author of the post is frustrated or angry.,cold,1000,1000,0,0,0,1.0,1.0,1.0,561,,,,,5.583977326750755e-06,1.0,,exact,20ng-sub4000-pre1000,1000,0
22,log:E2,The post contains a question.,cold,1000,1000,0,0,0,1.0,1.0,1.0,355,,,,,4.915986210107803e-06,1.0,,exact,20ng-sub4000-pre1000,1000,0
23,log:E3,The post quotes another message.,cold,1000,1000,0,0,0,1.0,1.0,1.0,758,,,,,4.916975740343332e-06,1.0,,exact,20ng-sub4000-pre1000,1000,0
24,log:E4,The post uses technical jargon.,cold,1000,1000,0,0,0,1.0,1.0,1.0,415,,,,,5.167035851627588e-06,1.0,,exact,20ng-sub4000-pre1000,1000,0
25,log:E5,The post makes a factual claim that could be checked.,cold,1000,1000,0,0,0,1.0,1.0,1.0,561,,,,,5.334033630788326e-06,1.0,,exact,20ng-sub4000-pre1000,1000,0
26,log:F1,The post discusses medicine or health.,cold,1000,1000,0,0,0,1.0,1.0,1.0,48,,,,,4.957953933626413e-06,1.0,,exact,20ng-sub4000-pre1000,1000,0
27,log:F2,The post discusses a specific disease or medical condition.,cold,1000,1000,0,0,0,1.0,1.0,1.0,26,,,,,7.00005330145359e-06,1.0,,exact,20ng-sub4000-pre1000,1000,0
28,log:F3,The post discusses space or astronomy.,cold,1000,1000,0,0,0,1.0,1.0,1.0,40,,,,,6.9160014390945435e-06,1.0,,exact,20ng-sub4000-pre1000,1000,0
29,log:F4,The post discusses cryptography or encryption.,cold,1000,1000,0,0,0,1.0,1.0,1.0,34,,,,,7.166992872953415e-06,1.0,,exact,20ng-sub4000-pre1000,1000,0
30,log:F5,The post discusses computer security.,cold,1000,1000,0,0,0,1.0,1.0,1.0,55,,,,,5.249981768429279e-06,1.0,,exact,20ng-sub4000-pre1000,1000,0
31,log:F6,The post discusses science.,cold,1000,1000,0,0,0,1.0,1.0,1.0,125,,,,,5.041016265749931e-06,1.0,,exact,20ng-sub4000-pre1000,1000,0
32,log:G1,The post mentions an operating system.,cold,1000,1000,0,0,0,1.0,1.0,1.0,101,,,,,5.041016265749931e-06,1.0,,exact,20ng-sub4000-pre1000,1000,0
33,log:G2,The post mentions Microsoft Windows.,cold,1000,1000,0,0,0,1.0,1.0,1.0,37,,,,,4.792003892362118e-06,1.0,,exact,20ng-sub4000-pre1000,1000,0
34,log:G3,The post mentions the X Window System.,cold,1000,1000,0,0,0,1.0,1.0,1.0,45,,,,,5.291018169373274e-06,1.0,,exact,20ng-sub4000-pre1000,1000,0
35,log:G4,The post discusses software rather than hardware.,cold,1000,1000,0,0,0,1.0,1.0,1.0,196,,,,,4.792003892362118e-06,1.0,,exact,20ng-sub4000-pre1000,1000,0
36,log:G5,The post recommends a product or a service.,cold,1000,1000,0,0,0,1.0,1.0,1.0,45,,,,,5.041016265749931e-06,1.0,,exact,20ng-sub4000-pre1000,1000,0
37,log:H1,The post asks for technical help with computer hardware.,exact-hit,0,0,0,0,0,1.0,1.0,1.0,141,,,,,2.1249870769679546e-06,1.0,,exact,20ng-sub4000-pre1000,1000,0
38,log:H2,The post is selling something.,cold,1000,1000,0,0,0,1.0,1.0,1.0,49,,,,,5.125009920448065e-06,1.0,,exact,20ng-sub4000-pre1000,1000,0
39,log:H3,The post is about a motor vehicle.,cold,1000,1000,0,0,0,1.0,1.0,1.0,71,,,,,4.999979864805937e-06,1.0,,exact,20ng-sub4000-pre1000,1000,0
40,log:H4,The post is about a car or a motorcycle.,cold,1000,1000,0,0,0,1.0,1.0,1.0,64,,,,,5.249981768429279e-06,1.0,,exact,20ng-sub4000-pre1000,1000,0
41,log:H5,The post gives advice about maintaining a vehicle.,cold,1000,1000,0,0,0,1.0,1.0,1.0,22,,,,,5.624955520033836e-06,1.0,,exact,20ng-sub4000-pre1000,1000,0
42,log:H6,The tone of the post is angry or annoyed.,cold,1000,1000,0,0,0,1.0,1.0,1.0,395,,,,,4.833971615880728e-06,1.0,,exact,20ng-sub4000-pre1000,1000,0
43,log:H7,The post is about a computer operating system.,cold,1000,1000,0,0,0,1.0,1.0,1.0,87,,,,,5.375011824071407e-06,1.0,,exact,20ng-sub4000-pre1000,1000,0
44,log:H8,The post is a for-sale advertisement.,cold,1000,1000,0,0,0,1.0,1.0,1.0,49,,,,,4.875008016824722e-06,1.0,,exact,20ng-sub4000-pre1000,1000,0
45,log:H9,The post discusses encryption algorithms or key management.,cold,1000,1000,0,0,0,1.0,1.0,1.0,27,,,,,5.375011824071407e-06,1.0,,exact,20ng-sub4000-pre1000,1000,0
46,log:H10,The post asks a question about computer hardware.,cold,1000,1000,0,0,0,1.0,1.0,1.0,185,,,,,5.167035851627588e-06,1.0,,exact,20ng-sub4000-pre1000,1000,0
0,log:A1,The post asks for technical help with computer hardware.,cold,1000,1000,0,0,0,1.0,1.0,1.0,141,,,,,0.006449792010243982,1.0,,embed@0.8,20ng-sub4000-pre1000,1000,0
1,log:A2,The post asks for technical help with a personal computer's hardware.,embed-hit@0.94,0,0,0,0,0,0.8226950354609929,0.9508196721311475,0.8821292775665398,122,,,,,0.005069082952104509,0.9508196721311475,,embed@0.8,20ng-sub4000-pre1000,1000,0
2,log:A3,The post is a request for technical assistance concerning computer hardware.,embed-hit@0.92,0,0,0,0,0,0.9787234042553191,0.8625,0.9169435215946844,160,,,,,0.004345750028733164,0.8625,,embed@0.8,20ng-sub4000-pre1000,1000,0
3,log:A4,The post asks for help with Macintosh hardware.,cold,1000,1000,0,0,0,1.0,1.0,1.0,29,,,,,0.0042244159849360585,1.0,,embed@0.8,20ng-sub4000-pre1000,1000,0
4,log:A5,The post describes a hardware problem the author is experiencing.,cold,1000,1000,0,0,0,1.0,1.0,1.0,91,,,,,0.004551207995973527,1.0,,embed@0.8,20ng-sub4000-pre1000,1000,0
5,log:B1,The post offers an item for sale.,cold,1000,1000,0,0,0,1.0,1.0,1.0,52,,,,,0.004668125009629875,1.0,,embed@0.8,20ng-sub4000-pre1000,1000,0
6,log:B2,The post offers a computer or a computer part for sale.,cold,1000,1000,0,0,0,1.0,1.0,1.0,27,,,,,0.004467291000764817,1.0,,embed@0.8,20ng-sub4000-pre1000,1000,0
7,log:B3,The post mentions a specific price in dollars.,cold,1000,1000,0,0,0,1.0,1.0,1.0,63,,,,,0.004392041999381036,1.0,,embed@0.8,20ng-sub4000-pre1000,1000,0
8,log:B4,The post is an advertisement.,cold,1000,1000,0,0,0,1.0,1.0,1.0,59,,,,,0.005065249977633357,1.0,,embed@0.8,20ng-sub4000-pre1000,1000,0
9,log:B5,The post is looking to buy something rather than to sell something.,cold,1000,1000,0,0,0,1.0,1.0,1.0,168,,,,,0.004459124989807606,1.0,,embed@0.8,20ng-sub4000-pre1000,1000,0
10,log:C1,The post discusses a professional sports team.,cold,1000,1000,0,0,0,1.0,1.0,1.0,77,,,,,0.004462666984181851,1.0,,embed@0.8,20ng-sub4000-pre1000,1000,0
11,log:C2,The post discusses a professional baseball team.,embed-hit@0.85,0,0,0,0,0,0.4675324675324675,0.972972972972973,0.6315789473684211,37,,,,,0.004268374992534518,0.972972972972973,,embed@0.8,20ng-sub4000-pre1000,1000,0
12,log:C3,The post mentions a player's statistics.,cold,1000,1000,0,0,0,1.0,1.0,1.0,25,,,,,0.004591875011101365,1.0,,embed@0.8,20ng-sub4000-pre1000,1000,0
13,log:C4,The post is about a sporting event that has already taken place.,cold,1000,1000,0,0,0,1.0,1.0,1.0,58,,,,,0.004193375003524125,1.0,,embed@0.8,20ng-sub4000-pre1000,1000,0
14,log:C5,The post is about sports.,embed-hit@0.81,0,0,0,0,0,0.9137931034482759,0.6022727272727273,0.7260273972602739,88,,,,,0.004756582959089428,0.6022727272727273,,embed@0.8,20ng-sub4000-pre1000,1000,0
15,log:D1,The post argues about politics.,cold,1000,1000,0,0,0,1.0,1.0,1.0,150,,,,,0.005041666969191283,1.0,,embed@0.8,20ng-sub4000-pre1000,1000,0
16,log:D2,The post argues about gun control policy.,cold,1000,1000,0,0,0,1.0,1.0,1.0,29,,,,,0.004360000020824373,1.0,,embed@0.8,20ng-sub4000-pre1000,1000,0
17,log:D3,The post expresses a religious belief.,cold,1000,1000,0,0,0,1.0,1.0,1.0,73,,,,,0.004527833021711558,1.0,,embed@0.8,20ng-sub4000-pre1000,1000,0
18,log:D4,The post argues about religion.,embed-hit@0.82,0,0,0,0,0,0.9863013698630136,0.7058823529411765,0.8228571428571428,102,,,,,0.004873541998676956,0.7058823529411765,,embed@0.8,20ng-sub4000-pre1000,1000,0
19,log:D5,The post discusses the Middle East.,cold,1000,1000,0,0,0,1.0,1.0,1.0,31,,,,,0.00439245899906382,1.0,,embed@0.8,20ng-sub4000-pre1000,1000,0
20,log:D6,The post criticizes a government or a government policy.,cold,1000,1000,0,0,0,1.0,1.0,1.0,115,,,,,0.004435042035765946,1.0,,embed@0.8,20ng-sub4000-pre1000,1000,0
21,log:E1,The author of the post is frustrated or angry.,cold,1000,1000,0,0,0,1.0,1.0,1.0,561,,,,,0.004732166999019682,1.0,,embed@0.8,20ng-sub4000-pre1000,1000,0
22,log:E2,The post contains a question.,cold,1000,1000,0,0,0,1.0,1.0,1.0,355,,,,,0.0055078750010579824,1.0,,embed@0.8,20ng-sub4000-pre1000,1000,0
23,log:E3,The post quotes another message.,cold,1000,1000,0,0,0,1.0,1.0,1.0,758,,,,,0.005058458016719669,1.0,,embed@0.8,20ng-sub4000-pre1000,1000,0
24,log:E4,The post uses technical jargon.,cold,1000,1000,0,0,0,1.0,1.0,1.0,415,,,,,0.004735083028208464,1.0,,embed@0.8,20ng-sub4000-pre1000,1000,0
25,log:E5,The post makes a factual claim that could be checked.,cold,1000,1000,0,0,0,1.0,1.0,1.0,561,,,,,0.004677374963648617,1.0,,embed@0.8,20ng-sub4000-pre1000,1000,0
26,log:F1,The post discusses medicine or health.,cold,1000,1000,0,0,0,1.0,1.0,1.0,48,,,,,0.004711167013738304,1.0,,embed@0.8,20ng-sub4000-pre1000,1000,0
27,log:F2,The post discusses a specific disease or medical condition.,cold,1000,1000,0,0,0,1.0,1.0,1.0,26,,,,,0.004564207978546619,1.0,,embed@0.8,20ng-sub4000-pre1000,1000,0
28,log:F3,The post discusses space or astronomy.,cold,1000,1000,0,0,0,1.0,1.0,1.0,40,,,,,0.004424958024173975,1.0,,embed@0.8,20ng-sub4000-pre1000,1000,0
29,log:F4,The post discusses cryptography or encryption.,cold,1000,1000,0,0,0,1.0,1.0,1.0,34,,,,,0.004288625030312687,1.0,,embed@0.8,20ng-sub4000-pre1000,1000,0
30,log:F5,The post discusses computer security.,cold,1000,1000,0,0,0,1.0,1.0,1.0,55,,,,,0.0049964579520747066,1.0,,embed@0.8,20ng-sub4000-pre1000,1000,0
31,log:F6,The post discusses science.,cold,1000,1000,0,0,0,1.0,1.0,1.0,125,,,,,0.0048799170181155205,1.0,,embed@0.8,20ng-sub4000-pre1000,1000,0
32,log:G1,The post mentions an operating system.,cold,1000,1000,0,0,0,1.0,1.0,1.0,101,,,,,0.004295167047530413,1.0,,embed@0.8,20ng-sub4000-pre1000,1000,0
33,log:G2,The post mentions Microsoft Windows.,embed-hit@0.81,0,0,0,0,0,0.3465346534653465,0.9459459459459459,0.5072463768115941,37,,,,,0.005404875031672418,0.9459459459459459,,embed@0.8,20ng-sub4000-pre1000,1000,0
34,log:G3,The post mentions the X Window System.,cold,1000,1000,0,0,0,1.0,1.0,1.0,45,,,,,0.004837332991883159,1.0,,embed@0.8,20ng-sub4000-pre1000,1000,0
35,log:G4,The post discusses software rather than hardware.,cold,1000,1000,0,0,0,1.0,1.0,1.0,196,,,,,0.004483791999518871,1.0,,embed@0.8,20ng-sub4000-pre1000,1000,0
36,log:G5,The post recommends a product or a service.,cold,1000,1000,0,0,0,1.0,1.0,1.0,45,,,,,0.004204999946523458,1.0,,embed@0.8,20ng-sub4000-pre1000,1000,0
37,log:H1,The post asks for technical help with computer hardware.,embed-hit@1.00,0,0,0,0,0,1.0,1.0,1.0,141,,,,,2.5290995836257935e-05,1.0,,embed@0.8,20ng-sub4000-pre1000,1000,0
38,log:H2,The post is selling something.,embed-hit@0.82,0,0,0,0,0,0.023809523809523808,0.08163265306122448,0.03686635944700461,49,,,,,0.004644792003091425,0.08163265306122448,,embed@0.8,20ng-sub4000-pre1000,1000,0
39,log:H3,The post is about a motor vehicle.,cold,1000,1000,0,0,0,1.0,1.0,1.0,71,,,,,0.004045667010359466,1.0,,embed@0.8,20ng-sub4000-pre1000,1000,0
40,log:H4,The post is about a car or a motorcycle.,embed-hit@0.87,0,0,0,0,0,0.8591549295774648,0.953125,0.9037037037037037,64,,,,,0.00409170804778114,0.953125,,embed@0.8,20ng-sub4000-pre1000,1000,0
41,log:H5,The post gives advice about maintaining a vehicle.,cold,1000,1000,0,0,0,1.0,1.0,1.0,22,,,,,0.0040022500324994326,1.0,,embed@0.8,20ng-sub4000-pre1000,1000,0
42,log:H6,The tone of the post is angry or annoyed.,cold,1000,1000,0,0,0,1.0,1.0,1.0,395,,,,,0.004183290991932154,1.0,,embed@0.8,20ng-sub4000-pre1000,1000,0
43,log:H7,The post is about a computer operating system.,cold,1000,1000,0,0,0,1.0,1.0,1.0,87,,,,,0.004077334015164524,1.0,,embed@0.8,20ng-sub4000-pre1000,1000,0
44,log:H8,The post is a for-sale advertisement.,embed-hit@0.91,0,0,0,0,0,0.7966101694915254,0.9591836734693877,0.8703703703703702,49,,,,,0.003985791001468897,0.9591836734693877,,embed@0.8,20ng-sub4000-pre1000,1000,0
45,log:H9,The post discusses encryption algorithms or key management.,embed-hit@0.82,0,0,0,0,0,0.7941176470588235,1.0,0.8852459016393442,27,,,,,0.003984624985605478,1.0,,embed@0.8,20ng-sub4000-pre1000,1000,0
46,log:H10,The post asks a question about computer hardware.,embed-hit@0.86,0,0,0,0,0,0.9787234042553191,0.745945945945946,0.8466257668711658,185,,,,,0.004057208017911762,0.745945945945946,,embed@0.8,20ng-sub4000-pre1000,1000,0
0,log:A1,The post asks for technical help with computer hardware.,cold,1000,1000,0,0,0,1.0,1.0,1.0,141,,,,,0.006006792013067752,1.0,,embed@0.9,20ng-sub4000-pre1000,1000,0
1,log:A2,The post asks for technical help with a personal computer's hardware.,embed-hit@0.94,0,0,0,0,0,0.8226950354609929,0.9508196721311475,0.8821292775665398,122,,,,,0.005392167018726468,0.9508196721311475,,embed@0.9,20ng-sub4000-pre1000,1000,0
2,log:A3,The post is a request for technical assistance concerning computer hardware.,embed-hit@0.92,0,0,0,0,0,0.9787234042553191,0.8625,0.9169435215946844,160,,,,,0.0044122920371592045,0.8625,,embed@0.9,20ng-sub4000-pre1000,1000,0
3,log:A4,The post asks for help with Macintosh hardware.,cold,1000,1000,0,0,0,1.0,1.0,1.0,29,,,,,0.00467245903564617,1.0,,embed@0.9,20ng-sub4000-pre1000,1000,0
4,log:A5,The post describes a hardware problem the author is experiencing.,cold,1000,1000,0,0,0,1.0,1.0,1.0,91,,,,,0.004656417004298419,1.0,,embed@0.9,20ng-sub4000-pre1000,1000,0
5,log:B1,The post offers an item for sale.,cold,1000,1000,0,0,0,1.0,1.0,1.0,52,,,,,0.004332165990490466,1.0,,embed@0.9,20ng-sub4000-pre1000,1000,0
6,log:B2,The post offers a computer or a computer part for sale.,cold,1000,1000,0,0,0,1.0,1.0,1.0,27,,,,,0.004337582970038056,1.0,,embed@0.9,20ng-sub4000-pre1000,1000,0
7,log:B3,The post mentions a specific price in dollars.,cold,1000,1000,0,0,0,1.0,1.0,1.0,63,,,,,0.004712417023256421,1.0,,embed@0.9,20ng-sub4000-pre1000,1000,0
8,log:B4,The post is an advertisement.,cold,1000,1000,0,0,0,1.0,1.0,1.0,59,,,,,0.005127458018250763,1.0,,embed@0.9,20ng-sub4000-pre1000,1000,0
9,log:B5,The post is looking to buy something rather than to sell something.,cold,1000,1000,0,0,0,1.0,1.0,1.0,168,,,,,0.004304250003769994,1.0,,embed@0.9,20ng-sub4000-pre1000,1000,0
10,log:C1,The post discusses a professional sports team.,cold,1000,1000,0,0,0,1.0,1.0,1.0,77,,,,,0.004322416032664478,1.0,,embed@0.9,20ng-sub4000-pre1000,1000,0
11,log:C2,The post discusses a professional baseball team.,cold,1000,1000,0,0,0,1.0,1.0,1.0,37,,,,,0.00491600000532344,1.0,,embed@0.9,20ng-sub4000-pre1000,1000,0
12,log:C3,The post mentions a player's statistics.,cold,1000,1000,0,0,0,1.0,1.0,1.0,25,,,,,0.004288374970201403,1.0,,embed@0.9,20ng-sub4000-pre1000,1000,0
13,log:C4,The post is about a sporting event that has already taken place.,cold,1000,1000,0,0,0,1.0,1.0,1.0,58,,,,,0.005068750004284084,1.0,,embed@0.9,20ng-sub4000-pre1000,1000,0
14,log:C5,The post is about sports.,cold,1000,1000,0,0,0,1.0,1.0,1.0,88,,,,,0.005126959003973752,1.0,,embed@0.9,20ng-sub4000-pre1000,1000,0
15,log:D1,The post argues about politics.,cold,1000,1000,0,0,0,1.0,1.0,1.0,150,,,,,0.0049131669802591205,1.0,,embed@0.9,20ng-sub4000-pre1000,1000,0
16,log:D2,The post argues about gun control policy.,cold,1000,1000,0,0,0,1.0,1.0,1.0,29,,,,,0.004336000012699515,1.0,,embed@0.9,20ng-sub4000-pre1000,1000,0
17,log:D3,The post expresses a religious belief.,cold,1000,1000,0,0,0,1.0,1.0,1.0,73,,,,,0.004276166029740125,1.0,,embed@0.9,20ng-sub4000-pre1000,1000,0
18,log:D4,The post argues about religion.,cold,1000,1000,0,0,0,1.0,1.0,1.0,102,,,,,0.004837459011469036,1.0,,embed@0.9,20ng-sub4000-pre1000,1000,0
19,log:D5,The post discusses the Middle East.,cold,1000,1000,0,0,0,1.0,1.0,1.0,31,,,,,0.00427316699642688,1.0,,embed@0.9,20ng-sub4000-pre1000,1000,0
20,log:D6,The post criticizes a government or a government policy.,cold,1000,1000,0,0,0,1.0,1.0,1.0,115,,,,,0.004291542049031705,1.0,,embed@0.9,20ng-sub4000-pre1000,1000,0
21,log:E1,The author of the post is frustrated or angry.,cold,1000,1000,0,0,0,1.0,1.0,1.0,561,,,,,0.004268291988410056,1.0,,embed@0.9,20ng-sub4000-pre1000,1000,0
22,log:E2,The post contains a question.,cold,1000,1000,0,0,0,1.0,1.0,1.0,355,,,,,0.004773041990119964,1.0,,embed@0.9,20ng-sub4000-pre1000,1000,0
23,log:E3,The post quotes another message.,cold,1000,1000,0,0,0,1.0,1.0,1.0,758,,,,,0.00474833301268518,1.0,,embed@0.9,20ng-sub4000-pre1000,1000,0
24,log:E4,The post uses technical jargon.,cold,1000,1000,0,0,0,1.0,1.0,1.0,415,,,,,0.004263707960490137,1.0,,embed@0.9,20ng-sub4000-pre1000,1000,0
25,log:E5,The post makes a factual claim that could be checked.,cold,1000,1000,0,0,0,1.0,1.0,1.0,561,,,,,0.004497499961871654,1.0,,embed@0.9,20ng-sub4000-pre1000,1000,0
26,log:F1,The post discusses medicine or health.,cold,1000,1000,0,0,0,1.0,1.0,1.0,48,,,,,0.004247249977197498,1.0,,embed@0.9,20ng-sub4000-pre1000,1000,0
27,log:F2,The post discusses a specific disease or medical condition.,cold,1000,1000,0,0,0,1.0,1.0,1.0,26,,,,,0.004184041987173259,1.0,,embed@0.9,20ng-sub4000-pre1000,1000,0
28,log:F3,The post discusses space or astronomy.,cold,1000,1000,0,0,0,1.0,1.0,1.0,40,,,,,0.0043431249796412885,1.0,,embed@0.9,20ng-sub4000-pre1000,1000,0
29,log:F4,The post discusses cryptography or encryption.,cold,1000,1000,0,0,0,1.0,1.0,1.0,34,,,,,0.004460167023353279,1.0,,embed@0.9,20ng-sub4000-pre1000,1000,0
30,log:F5,The post discusses computer security.,cold,1000,1000,0,0,0,1.0,1.0,1.0,55,,,,,0.004822291957680136,1.0,,embed@0.9,20ng-sub4000-pre1000,1000,0
31,log:F6,The post discusses science.,cold,1000,1000,0,0,0,1.0,1.0,1.0,125,,,,,0.004838749999180436,1.0,,embed@0.9,20ng-sub4000-pre1000,1000,0
32,log:G1,The post mentions an operating system.,cold,1000,1000,0,0,0,1.0,1.0,1.0,101,,,,,0.004349209018982947,1.0,,embed@0.9,20ng-sub4000-pre1000,1000,0
33,log:G2,The post mentions Microsoft Windows.,cold,1000,1000,0,0,0,1.0,1.0,1.0,37,,,,,0.004759082978125662,1.0,,embed@0.9,20ng-sub4000-pre1000,1000,0
34,log:G3,The post mentions the X Window System.,cold,1000,1000,0,0,0,1.0,1.0,1.0,45,,,,,0.004263625014573336,1.0,,embed@0.9,20ng-sub4000-pre1000,1000,0
35,log:G4,The post discusses software rather than hardware.,cold,1000,1000,0,0,0,1.0,1.0,1.0,196,,,,,0.004279958026017994,1.0,,embed@0.9,20ng-sub4000-pre1000,1000,0
36,log:G5,The post recommends a product or a service.,cold,1000,1000,0,0,0,1.0,1.0,1.0,45,,,,,0.004249916994012892,1.0,,embed@0.9,20ng-sub4000-pre1000,1000,0
37,log:H1,The post asks for technical help with computer hardware.,embed-hit@1.00,0,0,0,0,0,1.0,1.0,1.0,141,,,,,2.7542002499103546e-05,1.0,,embed@0.9,20ng-sub4000-pre1000,1000,0
38,log:H2,The post is selling something.,cold,1000,1000,0,0,0,1.0,1.0,1.0,49,,,,,0.005128999997396022,1.0,,embed@0.9,20ng-sub4000-pre1000,1000,0
39,log:H3,The post is about a motor vehicle.,cold,1000,1000,0,0,0,1.0,1.0,1.0,71,,,,,0.0043500420288182795,1.0,,embed@0.9,20ng-sub4000-pre1000,1000,0
40,log:H4,The post is about a car or a motorcycle.,cold,1000,1000,0,0,0,1.0,1.0,1.0,64,,,,,0.004327417002059519,1.0,,embed@0.9,20ng-sub4000-pre1000,1000,0
41,log:H5,The post gives advice about maintaining a vehicle.,cold,1000,1000,0,0,0,1.0,1.0,1.0,22,,,,,0.004671458969824016,1.0,,embed@0.9,20ng-sub4000-pre1000,1000,0
42,log:H6,The tone of the post is angry or annoyed.,cold,1000,1000,0,0,0,1.0,1.0,1.0,395,,,,,0.004291500023100525,1.0,,embed@0.9,20ng-sub4000-pre1000,1000,0
43,log:H7,The post is about a computer operating system.,cold,1000,1000,0,0,0,1.0,1.0,1.0,87,,,,,0.004253040999174118,1.0,,embed@0.9,20ng-sub4000-pre1000,1000,0
44,log:H8,The post is a for-sale advertisement.,embed-hit@0.91,0,0,0,0,0,0.7966101694915254,0.9591836734693877,0.8703703703703702,49,,,,,0.004275041981600225,0.9591836734693877,,embed@0.9,20ng-sub4000-pre1000,1000,0
45,log:H9,The post discusses encryption algorithms or key management.,cold,1000,1000,0,0,0,1.0,1.0,1.0,27,,,,,0.004763582954183221,1.0,,embed@0.9,20ng-sub4000-pre1000,1000,0
46,log:H10,The post asks a question about computer hardware.,cold,1000,1000,0,0,0,1.0,1.0,1.0,185,,,,,0.004269375000149012,1.0,,embed@0.9,20ng-sub4000-pre1000,1000,0
0,log:A1,The post asks for technical help with computer hardware.,cold,1000,1000,0,0,0,1.0,1.0,1.0,141,,,,,4.437501775100827e-05,1.0,,semreuse,20ng-sub4000-pre1000,1000,0
1,log:A2,The post asks for technical help with a personal computer's hardware.,rewrite,1000,859,29,112,2,1.0,1.0,1.0,122,1.0,False,1.0,False,0.030695000023115426,1.0,False,semreuse,20ng-sub4000-pre1000,1000,0
2,log:A3,The post is a request for technical assistance concerning computer hardware.,rewrite,916,25,390,501,4,0.9936708860759493,0.98125,0.9874213836477987,160,0.9738562091503268,False,0.9430379746835443,False,0.029425417014863342,0.98125,False,semreuse,20ng-sub4000-pre1000,1000,0
3,log:A4,The post asks for help with Macintosh hardware.,rewrite,1000,838,36,126,6,1.0,1.0,1.0,29,1.0,False,1.0,False,0.024421750043984503,1.0,False,semreuse,20ng-sub4000-pre1000,1000,0
4,log:A5,The post describes a hardware problem the author is experiencing.,cold,1000,1000,0,0,8,1.0,1.0,1.0,91,,,,,0.02581637498224154,1.0,,semreuse,20ng-sub4000-pre1000,1000,0
5,log:B1,The post offers an item for sale.,cold,1000,1000,0,0,10,1.0,1.0,1.0,52,,,,,0.02683737501502037,1.0,,semreuse,20ng-sub4000-pre1000,1000,0
6,log:B2,The post offers a computer or a computer part for sale.,rewrite,1000,948,29,23,12,1.0,1.0,1.0,27,1.0,False,1.0,False,0.03147133399033919,1.0,False,semreuse,20ng-sub4000-pre1000,1000,0
7,log:B3,The post mentions a specific price in dollars.,cold,1000,1000,0,0,14,1.0,1.0,1.0,63,,,,,0.03268008300801739,1.0,,semreuse,20ng-sub4000-pre1000,1000,0
8,log:B4,The post is an advertisement.,rewrite,1000,1,0,999,16,1.0,1.0,1.0,59,1.0,False,1.0,False,0.03193629201268777,1.0,False,semreuse,20ng-sub4000-pre1000,1000,0
9,log:B5,The post is looking to buy something rather than to sell something.,rewrite,1000,16,0,984,18,1.0,1.0,1.0,168,1.0,False,1.0,False,0.028902374964673072,1.0,False,semreuse,20ng-sub4000-pre1000,1000,0
10,log:C1,The post discusses a professional sports team.,cold,1000,1000,0,0,20,1.0,1.0,1.0,77,,,,,0.02902241697302088,1.0,,semreuse,20ng-sub4000-pre1000,1000,0
11,log:C2,The post discusses a professional baseball team.,rewrite,1000,129,0,871,22,1.0,1.0,1.0,37,1.0,False,1.0,False,0.029700334009248763,1.0,False,semreuse,20ng-sub4000-pre1000,1000,0
12,log:C3,The post mentions a player's statistics.,rewrite,1000,52,0,948,24,1.0,1.0,1.0,25,1.0,False,1.0,False,0.03132241702405736,1.0,False,semreuse,20ng-sub4000-pre1000,1000,0
13,log:C4,The post is about a sporting event that has already taken place.,cold,1000,1000,0,0,26,1.0,1.0,1.0,58,,,,,0.032577000034507364,1.0,,semreuse,20ng-sub4000-pre1000,1000,0
14,log:C5,The post is about sports.,rewrite,1000,24,0,976,28,1.0,1.0,1.0,88,1.0,False,1.0,False,0.033584624994546175,1.0,False,semreuse,20ng-sub4000-pre1000,1000,0
15,log:D1,The post argues about politics.,cold,1000,1000,0,0,30,1.0,1.0,1.0,150,,,,,0.03493633295875043,1.0,,semreuse,20ng-sub4000-pre1000,1000,0
16,log:D2,The post argues about gun control policy.,cold,1000,1000,0,0,32,1.0,1.0,1.0,29,,,,,0.03584050002973527,1.0,,semreuse,20ng-sub4000-pre1000,1000,0
17,log:D3,The post expresses a religious belief.,rewrite,1000,941,29,30,34,1.0,1.0,1.0,73,1.0,False,1.0,False,0.038610666000749916,1.0,False,semreuse,20ng-sub4000-pre1000,1000,0
18,log:D4,The post argues about religion.,cold,1000,1000,0,0,36,1.0,1.0,1.0,102,,,,,0.03915387502638623,1.0,,semreuse,20ng-sub4000-pre1000,1000,0
19,log:D5,The post discusses the Middle East.,rewrite,1000,248,0,752,38,1.0,1.0,1.0,31,1.0,False,1.0,False,0.044315667008049786,1.0,False,semreuse,20ng-sub4000-pre1000,1000,0
20,log:D6,The post criticizes a government or a government policy.,cold,1000,1000,0,0,40,1.0,1.0,1.0,115,,,,,0.0456840000115335,1.0,,semreuse,20ng-sub4000-pre1000,1000,0
21,log:E1,The author of the post is frustrated or angry.,cold,1000,1000,0,0,42,1.0,1.0,1.0,561,,,,,0.04579654202098027,1.0,,semreuse,20ng-sub4000-pre1000,1000,0
22,log:E2,The post contains a question.,rewrite,1000,0,0,1000,44,1.0,1.0,1.0,355,1.0,False,1.0,False,0.04642158298520371,1.0,False,semreuse,20ng-sub4000-pre1000,1000,0
23,log:E3,The post quotes another message.,rewrite,1000,0,0,1000,46,1.0,1.0,1.0,758,1.0,False,1.0,False,0.04588487499859184,1.0,False,semreuse,20ng-sub4000-pre1000,1000,0
24,log:E4,The post uses technical jargon.,cold,1000,1000,0,0,48,1.0,1.0,1.0,415,,,,,0.045810666983015835,1.0,,semreuse,20ng-sub4000-pre1000,1000,0
25,log:E5,The post makes a factual claim that could be checked.,rewrite,1000,0,0,1000,50,1.0,1.0,1.0,561,1.0,False,1.0,False,0.051425541983917356,1.0,False,semreuse,20ng-sub4000-pre1000,1000,0
26,log:F1,The post discusses medicine or health.,rewrite,1000,274,72,654,52,1.0,1.0,1.0,48,1.0,False,1.0,False,0.03995987499365583,1.0,False,semreuse,20ng-sub4000-pre1000,1000,0
27,log:F2,The post discusses a specific disease or medical condition.,rewrite,1000,274,72,654,54,1.0,1.0,1.0,26,1.0,False,1.0,False,0.04165124997962266,1.0,False,semreuse,20ng-sub4000-pre1000,1000,0
28,log:F3,The post discusses space or astronomy.,rewrite,1000,645,29,326,56,1.0,1.0,1.0,40,1.0,False,1.0,False,0.046765333972871304,1.0,False,semreuse,20ng-sub4000-pre1000,1000,0
29,log:F4,The post discusses cryptography or encryption.,rewrite,1000,645,29,326,58,1.0,1.0,1.0,34,1.0,False,1.0,False,0.043597540992777795,1.0,False,semreuse,20ng-sub4000-pre1000,1000,0
30,log:F5,The post discusses computer security.,rewrite,1000,274,72,654,60,1.0,1.0,1.0,55,1.0,False,1.0,False,0.04497574997367337,1.0,False,semreuse,20ng-sub4000-pre1000,1000,0
31,log:F6,The post discusses science.,rewrite,995,725,129,141,62,1.0,0.976,0.9878542510121457,125,0.9606299212598425,False,1.0,False,0.047580249956808984,0.976,False,semreuse,20ng-sub4000-pre1000,1000,0
32,log:G1,The post mentions an operating system.,rewrite,1000,778,110,112,64,1.0,1.0,1.0,101,1.0,False,1.0,False,0.04808895802125335,1.0,False,semreuse,20ng-sub4000-pre1000,1000,0
33,log:G2,The post mentions Microsoft Windows.,rewrite,1000,694,36,270,66,1.0,1.0,1.0,37,1.0,False,1.0,False,0.049012041999958456,1.0,False,semreuse,20ng-sub4000-pre1000,1000,0
34,log:G3,The post mentions the X Window System.,rewrite,1000,778,0,222,68,1.0,1.0,1.0,45,1.0,False,1.0,False,0.05220183404162526,1.0,False,semreuse,20ng-sub4000-pre1000,1000,0
35,log:G4,The post discusses software rather than hardware.,rewrite,1000,2,0,998,70,1.0,1.0,1.0,196,1.0,False,1.0,False,0.05576766701415181,1.0,False,semreuse,20ng-sub4000-pre1000,1000,0
36,log:G5,The post recommends a product or a service.,rewrite,1000,0,0,1000,72,1.0,1.0,1.0,45,1.0,False,1.0,False,0.058635583030991256,1.0,False,semreuse,20ng-sub4000-pre1000,1000,0
37,log:H1,The post asks for technical help with computer hardware.,exact-hit,0,0,0,0,0,1.0,1.0,1.0,141,,,,,5.62501372769475e-06,1.0,,semreuse,20ng-sub4000-pre1000,1000,0
38,log:H2,The post is selling something.,rewrite,1000,550,0,450,74,1.0,1.0,1.0,49,1.0,False,1.0,False,0.06185258296318352,1.0,False,semreuse,20ng-sub4000-pre1000,1000,0
39,log:H3,The post is about a motor vehicle.,rewrite,1000,591,72,337,76,1.0,1.0,1.0,71,1.0,False,1.0,False,0.05213575001107529,1.0,False,semreuse,20ng-sub4000-pre1000,1000,0
40,log:H4,The post is about a car or a motorcycle.,rewrite,896,428,427,41,78,1.0,1.0,1.0,64,0.9411764705882353,False,1.0,False,0.0570890000090003,1.0,False,semreuse,20ng-sub4000-pre1000,1000,0
41,log:H5,The post gives advice about maintaining a vehicle.,rewrite,1000,599,0,401,80,1.0,1.0,1.0,22,1.0,False,1.0,False,0.05940866598393768,1.0,False,semreuse,20ng-sub4000-pre1000,1000,0
42,log:H6,The tone of the post is angry or annoyed.,rewrite,1000,22,0,978,82,1.0,1.0,1.0,395,1.0,False,1.0,False,0.05809012503596023,1.0,False,semreuse,20ng-sub4000-pre1000,1000,0
43,log:H7,The post is about a computer operating system.,rewrite,999,463,293,243,84,1.0,1.0,1.0,87,0.9886363636363636,False,1.0,False,0.05896183295408264,1.0,False,semreuse,20ng-sub4000-pre1000,1000,0
44,log:H8,The post is a for-sale advertisement.,rewrite,1000,39,0,961,86,1.0,1.0,1.0,49,1.0,False,1.0,False,0.06269070797134191,1.0,False,semreuse,20ng-sub4000-pre1000,1000,0
45,log:H9,The post discusses encryption algorithms or key management.,rewrite,1000,613,39,348,88,1.0,1.0,1.0,27,1.0,False,1.0,False,0.06575191701995209,1.0,False,semreuse,20ng-sub4000-pre1000,1000,0
46,log:H10,The post asks a question about computer hardware.,rewrite,993,355,329,309,90,1.0,0.9621621621621622,0.9807162534435263,185,0.9621621621621622,False,1.0,False,0.06525708397384733,0.9621621621621622,False,semreuse,20ng-sub4000-pre1000,1000,0
0,log:A1,The post asks for technical help with computer hardware.,cold,1000,1000,0,0,0,1.0,1.0,1.0,141,,,,,2.8834037948399782e-05,1.0,,semreuse-noaudit,20ng-sub4000-pre1000,1000,0
1,log:A2,The post asks for technical help with a personal computer's hardware.,rewrite,859,859,0,0,0,0.8299319727891157,1.0,0.9070631970260223,122,,,,,0.00014604197349399328,1.0,,semreuse-noaudit,20ng-sub4000-pre1000,1000,0
2,log:A3,The post is a request for technical assistance concerning computer hardware.,rewrite,0,0,0,0,0,0.9787234042553191,0.8625,0.9169435215946844,160,,,,,0.00011399999493733048,0.8625,,semreuse-noaudit,20ng-sub4000-pre1000,1000,0
3,log:A4,The post asks for help with Macintosh hardware.,rewrite,853,853,0,0,0,0.19727891156462585,1.0,0.32954545454545453,29,,,,,0.00010941701475530863,1.0,,semreuse-noaudit,20ng-sub4000-pre1000,1000,0
4,log:A5,The post describes a hardware problem the author is experiencing.,cold,1000,1000,0,0,0,1.0,1.0,1.0,91,,,,,0.00010008300887420774,1.0,,semreuse-noaudit,20ng-sub4000-pre1000,1000,0
5,log:B1,The post offers an item for sale.,cold,1000,1000,0,0,0,1.0,1.0,1.0,52,,,,,0.0001016660244204104,1.0,,semreuse-noaudit,20ng-sub4000-pre1000,1000,0
6,log:B2,The post offers a computer or a computer part for sale.,rewrite,948,948,0,0,0,0.5,1.0,0.6666666666666666,27,,,,,0.00011024996638298035,1.0,,semreuse-noaudit,20ng-sub4000-pre1000,1000,0
7,log:B3,The post mentions a specific price in dollars.,cold,1000,1000,0,0,0,1.0,1.0,1.0,63,,,,,0.00010983401443809271,1.0,,semreuse-noaudit,20ng-sub4000-pre1000,1000,0
8,log:B4,The post is an advertisement.,rewrite,4,4,0,0,0,1.0,0.05084745762711865,0.0967741935483871,59,,,,,0.00012674997560679913,0.05084745762711865,,semreuse-noaudit,20ng-sub4000-pre1000,1000,0
9,log:B5,The post is looking to buy something rather than to sell something.,rewrite,63,63,0,0,0,1.0,0.18452380952380953,0.31155778894472363,168,,,,,0.00012937502469867468,0.18452380952380953,,semreuse-noaudit,20ng-sub4000-pre1000,1000,0
10,log:C1,The post discusses a professional sports team.,cold,1000,1000,0,0,0,1.0,1.0,1.0,77,,,,,0.00010820804163813591,1.0,,semreuse-noaudit,20ng-sub4000-pre1000,1000,0
11,log:C2,The post discusses a professional baseball team.,rewrite,129,129,0,0,0,1.0,0.972972972972973,0.9863013698630138,37,,,,,0.00012445799075067043,0.972972972972973,,semreuse-noaudit,20ng-sub4000-pre1000,1000,0
12,log:C3,The post mentions a player's statistics.,rewrite,52,52,0,0,0,1.0,0.04,0.07692307692307693,25,,,,,0.00011691701365634799,0.04,,semreuse-noaudit,20ng-sub4000-pre1000,1000,0
13,log:C4,The post is about a sporting event that has already taken place.,cold,1000,1000,0,0,0,1.0,1.0,1.0,58,,,,,0.00011662498582154512,1.0,,semreuse-noaudit,20ng-sub4000-pre1000,1000,0
14,log:C5,The post is about sports.,rewrite,24,24,0,0,0,1.0,0.2727272727272727,0.42857142857142855,88,,,,,0.00012695800978690386,0.2727272727272727,,semreuse-noaudit,20ng-sub4000-pre1000,1000,0
15,log:D1,The post argues about politics.,cold,1000,1000,0,0,0,1.0,1.0,1.0,150,,,,,0.0001194999786093831,1.0,,semreuse-noaudit,20ng-sub4000-pre1000,1000,0
16,log:D2,The post argues about gun control policy.,cold,1000,1000,0,0,0,1.0,1.0,1.0,29,,,,,0.00012133299605920911,1.0,,semreuse-noaudit,20ng-sub4000-pre1000,1000,0
17,log:D3,The post expresses a religious belief.,rewrite,997,997,0,0,0,0.9605263157894737,1.0,0.9798657718120806,73,,,,,0.00013116700574755669,1.0,,semreuse-noaudit,20ng-sub4000-pre1000,1000,0
18,log:D4,The post argues about religion.,cold,1000,1000,0,0,0,1.0,1.0,1.0,102,,,,,0.00012674997560679913,1.0,,semreuse-noaudit,20ng-sub4000-pre1000,1000,0
19,log:D5,The post discusses the Middle East.,rewrite,272,272,0,0,0,0.9,0.8709677419354839,0.8852459016393444,31,,,,,0.00015033397357910872,0.8709677419354839,,semreuse-noaudit,20ng-sub4000-pre1000,1000,0
20,log:D6,The post criticizes a government or a government policy.,cold,1000,1000,0,0,0,1.0,1.0,1.0,115,,,,,0.00013495900202542543,1.0,,semreuse-noaudit,20ng-sub4000-pre1000,1000,0
21,log:E1,The author of the post is frustrated or angry.,cold,1000,1000,0,0,0,1.0,1.0,1.0,561,,,,,0.00013704196317121387,1.0,,semreuse-noaudit,20ng-sub4000-pre1000,1000,0
22,log:E2,The post contains a question.,rewrite,0,0,0,0,0,1.0,0.0,0.0,355,,,,,0.00016150000737980008,0.0,,semreuse-noaudit,20ng-sub4000-pre1000,1000,0
23,log:E3,The post quotes another message.,rewrite,0,0,0,0,0,1.0,0.0,0.0,758,,,,,0.0001562919933348894,0.0,,semreuse-noaudit,20ng-sub4000-pre1000,1000,0
24,log:E4,The post uses technical jargon.,cold,1000,1000,0,0,0,1.0,1.0,1.0,415,,,,,0.00014779099728912115,1.0,,semreuse-noaudit,20ng-sub4000-pre1000,1000,0
25,log:E5,The post makes a factual claim that could be checked.,rewrite,0,0,0,0,0,1.0,0.0,0.0,561,,,,,0.00017320801271125674,0.0,,semreuse-noaudit,20ng-sub4000-pre1000,1000,0
26,log:F1,The post discusses medicine or health.,rewrite,1000,1000,0,0,0,1.0,1.0,1.0,48,,,,,0.0001604999997653067,1.0,,semreuse-noaudit,20ng-sub4000-pre1000,1000,0
27,log:F2,The post discusses a specific disease or medical condition.,rewrite,1000,1000,0,0,0,1.0,1.0,1.0,26,,,,,0.00016437500016763806,1.0,,semreuse-noaudit,20ng-sub4000-pre1000,1000,0
28,log:F3,The post discusses space or astronomy.,rewrite,1000,1000,0,0,0,1.0,1.0,1.0,40,,,,,0.00016216596122831106,1.0,,semreuse-noaudit,20ng-sub4000-pre1000,1000,0
29,log:F4,The post discusses cryptography or encryption.,rewrite,1000,1000,0,0,0,1.0,1.0,1.0,34,,,,,0.00016420905012637377,1.0,,semreuse-noaudit,20ng-sub4000-pre1000,1000,0
30,log:F5,The post discusses computer security.,rewrite,1000,1000,0,0,0,1.0,1.0,1.0,55,,,,,0.0001687919721007347,1.0,,semreuse-noaudit,20ng-sub4000-pre1000,1000,0
31,log:F6,The post discusses science.,rewrite,0,0,0,0,0,1.0,0.0,0.0,125,,,,,0.00018862501019611955,0.0,,semreuse-noaudit,20ng-sub4000-pre1000,1000,0
32,log:G1,The post mentions an operating system.,rewrite,144,144,0,0,0,0.975,0.38613861386138615,0.5531914893617021,101,,,,,0.00018016702961176634,0.38613861386138615,,semreuse-noaudit,20ng-sub4000-pre1000,1000,0
33,log:G2,The post mentions Microsoft Windows.,rewrite,155,155,0,0,0,1.0,0.35135135135135137,0.52,37,,,,,0.00019812502432614565,0.35135135135135137,,semreuse-noaudit,20ng-sub4000-pre1000,1000,0
34,log:G3,The post mentions the X Window System.,rewrite,144,144,0,0,0,0.8,0.26666666666666666,0.4,45,,,,,0.00018874998204410076,0.26666666666666666,,semreuse-noaudit,20ng-sub4000-pre1000,1000,0
35,log:G4,The post discusses software rather than hardware.,rewrite,0,0,0,0,0,1.0,0.0,0.0,196,,,,,0.00018875004025176167,0.0,,semreuse-noaudit,20ng-sub4000-pre1000,1000,0
36,log:G5,The post recommends a product or a service.,rewrite,0,0,0,0,0,1.0,0.0,0.0,45,,,,,0.00020583299919962883,0.0,,semreuse-noaudit,20ng-sub4000-pre1000,1000,0
37,log:H1,The post asks for technical help with computer hardware.,exact-hit,0,0,0,0,0,1.0,1.0,1.0,141,,,,,3.875000402331352e-06,1.0,,semreuse-noaudit,20ng-sub4000-pre1000,1000,0
38,log:H2,The post is selling something.,rewrite,49,49,0,0,0,1.0,0.9795918367346939,0.9896907216494846,49,,,,,0.00020837504416704178,0.9795918367346939,,semreuse-noaudit,20ng-sub4000-pre1000,1000,0
39,log:H3,The post is about a motor vehicle.,rewrite,997,997,0,0,0,0.9594594594594594,1.0,0.9793103448275862,71,,,,,0.00019729096675291657,1.0,,semreuse-noaudit,20ng-sub4000-pre1000,1000,0
40,log:H4,The post is about a car or a motorcycle.,rewrite,115,115,0,0,0,0.9838709677419355,0.953125,0.9682539682539683,64,,,,,0.0002073749783448875,0.953125,,semreuse-noaudit,20ng-sub4000-pre1000,1000,0
41,log:H5,The post gives advice about maintaining a vehicle.,rewrite,76,76,0,0,0,1.0,0.8181818181818182,0.9,22,,,,,0.00021795800421386957,0.8181818181818182,,semreuse-noaudit,20ng-sub4000-pre1000,1000,0
42,log:H6,The tone of the post is angry or annoyed.,rewrite,0,0,0,0,0,1.0,0.0,0.0,395,,,,,0.0002125839819200337,0.0,,semreuse-noaudit,20ng-sub4000-pre1000,1000,0
43,log:H7,The post is about a computer operating system.,rewrite,40,40,0,0,0,1.0,0.2988505747126437,0.46017699115044247,87,,,,,0.000224083021748811,0.2988505747126437,,semreuse-noaudit,20ng-sub4000-pre1000,1000,0
44,log:H8,The post is a for-sale advertisement.,rewrite,0,0,0,0,0,0.9038461538461539,0.9591836734693877,0.9306930693069307,49,,,,,0.00021999998716637492,0.9591836734693877,,semreuse-noaudit,20ng-sub4000-pre1000,1000,0
45,log:H9,The post discusses encryption algorithms or key management.,rewrite,944,944,0,0,0,0.48214285714285715,1.0,0.6506024096385542,27,,,,,0.00022229197202250361,1.0,,semreuse-noaudit,20ng-sub4000-pre1000,1000,0
46,log:H10,The post asks a question about computer hardware.,rewrite,0,0,0,0,0,1.0,0.0,0.0,185,,,,,0.00023249996593222022,0.0,,semreuse-noaudit,20ng-sub4000-pre1000,1000,0
0,log:A1,The post asks for technical help with computer hardware.,cold,1000,1000,0,0,0,1.0,1.0,1.0,141,,,,,1.8874998204410076e-05,1.0,,semreuse-gt,20ng-sub4000-pre1000,1000,0
1,log:A2,The post asks for technical help with a personal computer's hardware.,cold,1000,1000,0,0,0,1.0,1.0,1.0,122,,,,,2.4958979338407516e-05,1.0,,semreuse-gt,20ng-sub4000-pre1000,1000,0
2,log:A3,The post is a request for technical assistance concerning computer hardware.,rewrite,907,878,29,0,0,0.9876543209876543,1.0,0.9937888198757764,160,1.0,False,0.9382716049382716,False,0.00028899998869746923,1.0,False,semreuse-gt,20ng-sub4000-pre1000,1000,0
3,log:A4,The post asks for help with Macintosh hardware.,rewrite,1000,122,0,878,0,1.0,1.0,1.0,29,1.0,False,1.0,False,7.162499241530895e-05,1.0,False,semreuse-gt,20ng-sub4000-pre1000,1000,0
4,log:A5,The post describes a hardware problem the author is experiencing.,cold,1000,1000,0,0,0,1.0,1.0,1.0,91,,,,,3.470899537205696e-05,1.0,,semreuse-gt,20ng-sub4000-pre1000,1000,0
5,log:B1,The post offers an item for sale.,cold,1000,1000,0,0,0,1.0,1.0,1.0,52,,,,,3.474997356534004e-05,1.0,,semreuse-gt,20ng-sub4000-pre1000,1000,0
6,log:B2,The post offers a computer or a computer part for sale.,cold,1000,1000,0,0,0,1.0,1.0,1.0,27,,,,,3.7375022657215595e-05,1.0,,semreuse-gt,20ng-sub4000-pre1000,1000,0
7,log:B3,The post mentions a specific price in dollars.,cold,1000,1000,0,0,0,1.0,1.0,1.0,63,,,,,3.970798570662737e-05,1.0,,semreuse-gt,20ng-sub4000-pre1000,1000,0
8,log:B4,The post is an advertisement.,rewrite,973,909,64,0,0,1.0,0.9830508474576272,0.9914529914529915,59,0.9666666666666667,False,1.0,False,0.0006012909580022097,0.9830508474576272,False,semreuse-gt,20ng-sub4000-pre1000,1000,0
9,log:B5,The post is looking to buy something rather than to sell something.,cold,1000,1000,0,0,0,1.0,1.0,1.0,168,,,,,5.2708026487380266e-05,1.0,,semreuse-gt,20ng-sub4000-pre1000,1000,0
10,log:C1,The post discusses a professional sports team.,rewrite,928,738,190,0,0,1.0,1.0,1.0,77,0.9506172839506173,False,1.0,False,0.0007505419780500233,1.0,False,semreuse-gt,20ng-sub4000-pre1000,1000,0
11,log:C2,The post discusses a professional baseball team.,rewrite,1000,738,0,262,0,1.0,1.0,1.0,37,1.0,False,1.0,False,0.00014129100600257516,1.0,False,semreuse-gt,20ng-sub4000-pre1000,1000,0
12,log:C3,The post mentions a player's statistics.,rewrite,1000,712,0,288,0,1.0,1.0,1.0,25,1.0,False,1.0,False,0.0001342499745078385,1.0,False,semreuse-gt,20ng-sub4000-pre1000,1000,0
13,log:C4,The post is about a sporting event that has already taken place.,rewrite,992,738,254,0,0,1.0,1.0,1.0,58,0.9830508474576272,False,1.0,False,0.0005294169532135129,1.0,False,semreuse-gt,20ng-sub4000-pre1000,1000,0
14,log:C5,The post is about sports.,rewrite,897,671,226,0,0,0.9887640449438202,1.0,0.9943502824858756,88,0.9438202247191011,False,0.9438202247191011,False,0.0008962909923866391,1.0,False,semreuse-gt,20ng-sub4000-pre1000,1000,0
15,log:D1,The post argues about politics.,rewrite,810,690,120,0,0,1.0,0.9933333333333333,0.9966555183946488,150,0.9141104294478528,False,1.0,False,0.0008830829756334424,0.9933333333333333,False,semreuse-gt,20ng-sub4000-pre1000,1000,0
16,log:D2,The post argues about gun control policy.,rewrite,1000,691,0,309,0,1.0,1.0,1.0,29,1.0,False,1.0,False,0.00017741601914167404,1.0,False,semreuse-gt,20ng-sub4000-pre1000,1000,0
17,log:D3,The post expresses a religious belief.,rewrite,938,684,254,0,0,1.0,1.0,1.0,73,0.948051948051948,False,1.0,False,0.0008125409949570894,1.0,False,semreuse-gt,20ng-sub4000-pre1000,1000,0
18,log:D4,The post argues about religion.,rewrite,860,607,253,0,0,0.9902912621359223,1.0,0.9951219512195122,102,0.9423076923076923,False,0.9514563106796117,False,0.0010212909546680748,1.0,False,semreuse-gt,20ng-sub4000-pre1000,1000,0
19,log:D5,The post discusses the Middle East.,rewrite,1000,703,0,297,0,1.0,1.0,1.0,31,1.0,False,1.0,False,0.00019583402900025249,1.0,False,semreuse-gt,20ng-sub4000-pre1000,1000,0
20,log:D6,The post criticizes a government or a government policy.,rewrite,848,684,164,0,0,1.0,0.9826086956521739,0.9912280701754386,115,0.9112903225806451,False,1.0,False,0.0008878340013325214,0.9826086956521739,False,semreuse-gt,20ng-sub4000-pre1000,1000,0
21,log:E1,The author of the post is frustrated or angry.,cold,1000,1000,0,0,0,1.0,1.0,1.0,561,,,,,0.00010466697858646512,1.0,,semreuse-gt,20ng-sub4000-pre1000,1000,0
22,log:E2,The post contains a question.,cold,1000,1000,0,0,0,1.0,1.0,1.0,355,,,,,0.0001041659852489829,1.0,,semreuse-gt,20ng-sub4000-pre1000,1000,0
23,log:E3,The post quotes another message.,cold,1000,1000,0,0,0,1.0,1.0,1.0,758,,,,,0.00010745797771960497,1.0,,semreuse-gt,20ng-sub4000-pre1000,1000,0
24,log:E4,The post uses technical jargon.,cold,1000,1000,0,0,0,1.0,1.0,1.0,415,,,,,0.00010987499263137579,1.0,,semreuse-gt,20ng-sub4000-pre1000,1000,0
25,log:E5,The post makes a factual claim that could be checked.,cold,1000,1000,0,0,0,1.0,1.0,1.0,561,,,,,0.0001134999911300838,1.0,,semreuse-gt,20ng-sub4000-pre1000,1000,0
26,log:F1,The post discusses medicine or health.,rewrite,1000,634,0,366,0,1.0,1.0,1.0,48,1.0,False,1.0,False,0.00022300001000985503,1.0,False,semreuse-gt,20ng-sub4000-pre1000,1000,0
27,log:F2,The post discusses a specific disease or medical condition.,rewrite,1000,549,0,451,0,1.0,1.0,1.0,26,1.0,False,1.0,False,0.00022362498566508293,1.0,False,semreuse-gt,20ng-sub4000-pre1000,1000,0
28,log:F3,The post discusses space or astronomy.,rewrite,1000,653,0,347,0,1.0,1.0,1.0,40,1.0,False,1.0,False,0.00020995899103581905,1.0,False,semreuse-gt,20ng-sub4000-pre1000,1000,0
29,log:F4,The post discusses cryptography or encryption.,rewrite,1000,682,0,318,0,1.0,1.0,1.0,34,1.0,False,1.0,False,0.0002209999947808683,1.0,False,semreuse-gt,20ng-sub4000-pre1000,1000,0
30,log:F5,The post discusses computer security.,rewrite,1000,718,0,282,0,1.0,1.0,1.0,55,1.0,False,1.0,False,0.00021491700317710638,1.0,False,semreuse-gt,20ng-sub4000-pre1000,1000,0
31,log:F6,The post discusses science.,rewrite,936,814,77,45,0,1.0,1.0,1.0,125,0.9057971014492754,False,1.0,False,0.0010899580083787441,1.0,False,semreuse-gt,20ng-sub4000-pre1000,1000,0
32,log:G1,The post mentions an operating system.,rewrite,838,620,218,0,0,1.0,1.0,1.0,101,0.9439252336448598,False,1.0,False,0.0009443330345675349,1.0,False,semreuse-gt,20ng-sub4000-pre1000,1000,0
33,log:G2,The post mentions Microsoft Windows.,rewrite,1000,602,0,398,0,1.0,1.0,1.0,37,1.0,False,1.0,False,0.000244333001319319,1.0,False,semreuse-gt,20ng-sub4000-pre1000,1000,0
34,log:G3,The post mentions the X Window System.,rewrite,1000,602,0,398,0,1.0,1.0,1.0,45,1.0,False,1.0,False,0.00023979198886081576,1.0,False,semreuse-gt,20ng-sub4000-pre1000,1000,0
35,log:G4,The post discusses software rather than hardware.,rewrite,865,818,47,0,0,1.0,0.9948979591836735,0.9974424552429668,196,0.9330143540669856,False,1.0,False,0.0009122500196099281,0.9948979591836735,False,semreuse-gt,20ng-sub4000-pre1000,1000,0
36,log:G5,The post recommends a product or a service.,rewrite,1000,582,0,418,0,1.0,1.0,1.0,45,1.0,False,1.0,False,0.0002460000105202198,1.0,False,semreuse-gt,20ng-sub4000-pre1000,1000,0
37,log:H1,The post asks for technical help with computer hardware.,exact-hit,0,0,0,0,0,1.0,1.0,1.0,141,,,,,3.916968125849962e-06,1.0,,semreuse-gt,20ng-sub4000-pre1000,1000,0
38,log:H2,The post is selling something.,rewrite,1000,631,0,369,0,1.0,1.0,1.0,49,1.0,False,1.0,False,0.00024245900567620993,1.0,False,semreuse-gt,20ng-sub4000-pre1000,1000,0
39,log:H3,The post is about a motor vehicle.,rewrite,923,580,343,0,0,1.0,1.0,1.0,71,0.9594594594594594,False,1.0,False,0.0008836250053718686,1.0,False,semreuse-gt,20ng-sub4000-pre1000,1000,0
40,log:H4,The post is about a car or a motorcycle.,rewrite,974,594,380,0,0,1.0,1.0,1.0,64,0.9696969696969697,False,1.0,False,0.0008166670450009406,1.0,False,semreuse-gt,20ng-sub4000-pre1000,1000,0
41,log:H5,The post gives advice about maintaining a vehicle.,rewrite,1000,608,0,392,0,1.0,1.0,1.0,22,1.0,False,1.0,False,0.0002788330311886966,1.0,False,semreuse-gt,20ng-sub4000-pre1000,1000,0
42,log:H6,The tone of the post is angry or annoyed.,rewrite,606,561,45,0,0,1.0,0.9974683544303797,0.9987325728770595,395,0.9248826291079812,False,1.0,False,0.0010696249664761126,0.9974683544303797,False,semreuse-gt,20ng-sub4000-pre1000,1000,0
43,log:H7,The post is about a computer operating system.,rewrite,894,685,209,0,0,1.0,1.0,1.0,87,0.9560439560439561,False,1.0,False,0.0009757499792613089,1.0,False,semreuse-gt,20ng-sub4000-pre1000,1000,0
44,log:H8,The post is a for-sale advertisement.,rewrite,1000,594,0,406,0,1.0,1.0,1.0,49,1.0,False,1.0,False,0.0002832919708453119,1.0,False,semreuse-gt,20ng-sub4000-pre1000,1000,0
45,log:H9,The post discusses encryption algorithms or key management.,rewrite,1000,33,0,967,0,1.0,1.0,1.0,27,1.0,False,1.0,False,0.0002619169536046684,1.0,False,semreuse-gt,20ng-sub4000-pre1000,1000,0
46,log:H10,The post asks a question about computer hardware.,rewrite,755,591,135,29,0,1.0,0.9945945945945946,0.997289972899729,185,0.9154228855721394,False,1.0,False,0.0010810410021804273,0.9945945945945946,False,semreuse-gt,20ng-sub4000-pre1000,1000,0
0,log:A1,The post asks for technical help with computer hardware.,cold,2000,2000,0,0,0,1.0,1.0,1.0,271,,,,,1.133297337219119e-05,1.0,,cold,20ng-sub4000-pre2000,2000,0
1,log:A2,The post asks for technical help with a personal computer's hardware.,cold,2000,2000,0,0,0,1.0,1.0,1.0,235,,,,,4.541012458503246e-06,1.0,,cold,20ng-sub4000-pre2000,2000,0
2,log:A3,The post is a request for technical assistance concerning computer hardware.,cold,2000,2000,0,0,0,1.0,1.0,1.0,305,,,,,3.4170225262641907e-06,1.0,,cold,20ng-sub4000-pre2000,2000,0
3,log:A4,The post asks for help with Macintosh hardware.,cold,2000,2000,0,0,0,1.0,1.0,1.0,59,,,,,3.125052899122238e-06,1.0,,cold,20ng-sub4000-pre2000,2000,0
4,log:A5,The post describes a hardware problem the author is experiencing.,cold,2000,2000,0,0,0,1.0,1.0,1.0,172,,,,,3.04199056699872e-06,1.0,,cold,20ng-sub4000-pre2000,2000,0
5,log:B1,The post offers an item for sale.,cold,2000,2000,0,0,0,1.0,1.0,1.0,96,,,,,2.7500209398567677e-06,1.0,,cold,20ng-sub4000-pre2000,2000,0
6,log:B2,The post offers a computer or a computer part for sale.,cold,2000,2000,0,0,0,1.0,1.0,1.0,48,,,,,2.707995008677244e-06,1.0,,cold,20ng-sub4000-pre2000,2000,0
7,log:B3,The post mentions a specific price in dollars.,cold,2000,2000,0,0,0,1.0,1.0,1.0,139,,,,,2.834014594554901e-06,1.0,,cold,20ng-sub4000-pre2000,2000,0
8,log:B4,The post is an advertisement.,cold,2000,2000,0,0,0,1.0,1.0,1.0,112,,,,,2.7500209398567677e-06,1.0,,cold,20ng-sub4000-pre2000,2000,0
9,log:B5,The post is looking to buy something rather than to sell something.,cold,2000,2000,0,0,0,1.0,1.0,1.0,357,,,,,2.707995008677244e-06,1.0,,cold,20ng-sub4000-pre2000,2000,0
10,log:C1,The post discusses a professional sports team.,cold,2000,2000,0,0,0,1.0,1.0,1.0,166,,,,,2.9579969123005867e-06,1.0,,cold,20ng-sub4000-pre2000,2000,0
11,log:C2,The post discusses a professional baseball team.,cold,2000,2000,0,0,0,1.0,1.0,1.0,90,,,,,3.0829687602818012e-06,1.0,,cold,20ng-sub4000-pre2000,2000,0
12,log:C3,The post mentions a player's statistics.,cold,2000,2000,0,0,0,1.0,1.0,1.0,55,,,,,2.708984538912773e-06,1.0,,cold,20ng-sub4000-pre2000,2000,0
13,log:C4,The post is about a sporting event that has already taken place.,cold,2000,2000,0,0,0,1.0,1.0,1.0,132,,,,,2.5830231606960297e-06,1.0,,cold,20ng-sub4000-pre2000,2000,0
14,log:C5,The post is about sports.,cold,2000,2000,0,0,0,1.0,1.0,1.0,193,,,,,2.9170187190175056e-06,1.0,,cold,20ng-sub4000-pre2000,2000,0
15,log:D1,The post argues about politics.,cold,2000,2000,0,0,0,1.0,1.0,1.0,297,,,,,2.459040842950344e-06,1.0,,cold,20ng-sub4000-pre2000,2000,0
16,log:D2,The post argues about gun control policy.,cold,2000,2000,0,0,0,1.0,1.0,1.0,48,,,,,3.374996595084667e-06,1.0,,cold,20ng-sub4000-pre2000,2000,0
17,log:D3,The post expresses a religious belief.,cold,2000,2000,0,0,0,1.0,1.0,1.0,145,,,,,2.9579969123005867e-06,1.0,,cold,20ng-sub4000-pre2000,2000,0
18,log:D4,The post argues about religion.,cold,2000,2000,0,0,0,1.0,1.0,1.0,218,,,,,2.7500209398567677e-06,1.0,,cold,20ng-sub4000-pre2000,2000,0
19,log:D5,The post discusses the Middle East.,cold,2000,2000,0,0,0,1.0,1.0,1.0,62,,,,,2.7500209398567677e-06,1.0,,cold,20ng-sub4000-pre2000,2000,0
20,log:D6,The post criticizes a government or a government policy.,cold,2000,2000,0,0,0,1.0,1.0,1.0,207,,,,,2.874992787837982e-06,1.0,,cold,20ng-sub4000-pre2000,2000,0
21,log:E1,The author of the post is frustrated or angry.,cold,2000,2000,0,0,0,1.0,1.0,1.0,1112,,,,,2.707995008677244e-06,1.0,,cold,20ng-sub4000-pre2000,2000,0
22,log:E2,The post contains a question.,cold,2000,2000,0,0,0,1.0,1.0,1.0,740,,,,,2.708984538912773e-06,1.0,,cold,20ng-sub4000-pre2000,2000,0
23,log:E3,The post quotes another message.,cold,2000,2000,0,0,0,1.0,1.0,1.0,1528,,,,,2.9170187190175056e-06,1.0,,cold,20ng-sub4000-pre2000,2000,0
24,log:E4,The post uses technical jargon.,cold,2000,2000,0,0,0,1.0,1.0,1.0,813,,,,,2.874992787837982e-06,1.0,,cold,20ng-sub4000-pre2000,2000,0
25,log:E5,The post makes a factual claim that could be checked.,cold,2000,2000,0,0,0,1.0,1.0,1.0,1145,,,,,3.374996595084667e-06,1.0,,cold,20ng-sub4000-pre2000,2000,0
26,log:F1,The post discusses medicine or health.,cold,2000,2000,0,0,0,1.0,1.0,1.0,100,,,,,3.2080570235848427e-06,1.0,,cold,20ng-sub4000-pre2000,2000,0
27,log:F2,The post discusses a specific disease or medical condition.,cold,2000,2000,0,0,0,1.0,1.0,1.0,49,,,,,3.0410010367631912e-06,1.0,,cold,20ng-sub4000-pre2000,2000,0
28,log:F3,The post discusses space or astronomy.,cold,2000,2000,0,0,0,1.0,1.0,1.0,73,,,,,2.9579969123005867e-06,1.0,,cold,20ng-sub4000-pre2000,2000,0
29,log:F4,The post discusses cryptography or encryption.,cold,2000,2000,0,0,0,1.0,1.0,1.0,62,,,,,3.00002284348011e-06,1.0,,cold,20ng-sub4000-pre2000,2000,0
30,log:F5,The post discusses computer security.,cold,2000,2000,0,0,0,1.0,1.0,1.0,98,,,,,2.7919886633753777e-06,1.0,,cold,20ng-sub4000-pre2000,2000,0
31,log:F6,The post discusses science.,cold,2000,2000,0,0,0,1.0,1.0,1.0,262,,,,,2.7919886633753777e-06,1.0,,cold,20ng-sub4000-pre2000,2000,0
32,log:G1,The post mentions an operating system.,cold,2000,2000,0,0,0,1.0,1.0,1.0,196,,,,,2.708984538912773e-06,1.0,,cold,20ng-sub4000-pre2000,2000,0
33,log:G2,The post mentions Microsoft Windows.,cold,2000,2000,0,0,0,1.0,1.0,1.0,73,,,,,2.5830231606960297e-06,1.0,,cold,20ng-sub4000-pre2000,2000,0
34,log:G3,The post mentions the X Window System.,cold,2000,2000,0,0,0,1.0,1.0,1.0,76,,,,,2.916960511356592e-06,1.0,,cold,20ng-sub4000-pre2000,2000,0
35,log:G4,The post discusses software rather than hardware.,cold,2000,2000,0,0,0,1.0,1.0,1.0,375,,,,,2.9160291887819767e-06,1.0,,cold,20ng-sub4000-pre2000,2000,0
36,log:G5,The post recommends a product or a service.,cold,2000,2000,0,0,0,1.0,1.0,1.0,83,,,,,2.874992787837982e-06,1.0,,cold,20ng-sub4000-pre2000,2000,0
37,log:H1,The post asks for technical help with computer hardware.,cold,2000,2000,0,0,0,1.0,1.0,1.0,271,,,,,2.500019036233425e-06,1.0,,cold,20ng-sub4000-pre2000,2000,0
38,log:H2,The post is selling something.,cold,2000,2000,0,0,0,1.0,1.0,1.0,93,,,,,2.667016815394163e-06,1.0,,cold,20ng-sub4000-pre2000,2000,0
39,log:H3,The post is about a motor vehicle.,cold,2000,2000,0,0,0,1.0,1.0,1.0,155,,,,,3.04199056699872e-06,1.0,,cold,20ng-sub4000-pre2000,2000,0
40,log:H4,The post is about a car or a motorcycle.,cold,2000,2000,0,0,0,1.0,1.0,1.0,138,,,,,2.707995008677244e-06,1.0,,cold,20ng-sub4000-pre2000,2000,0
41,log:H5,The post gives advice about maintaining a vehicle.,cold,2000,2000,0,0,0,1.0,1.0,1.0,37,,,,,2.8750509954988956e-06,1.0,,cold,20ng-sub4000-pre2000,2000,0
42,log:H6,The tone of the post is angry or annoyed.,cold,2000,2000,0,0,0,1.0,1.0,1.0,769,,,,,3.0829687602818012e-06,1.0,,cold,20ng-sub4000-pre2000,2000,0
43,log:H7,The post is about a computer operating system.,cold,2000,2000,0,0,0,1.0,1.0,1.0,176,,,,,2.8329668566584587e-06,1.0,,cold,20ng-sub4000-pre2000,2000,0
44,log:H8,The post is a for-sale advertisement.,cold,2000,2000,0,0,0,1.0,1.0,1.0,87,,,,,2.9160291887819767e-06,1.0,,cold,20ng-sub4000-pre2000,2000,0
45,log:H9,The post discusses encryption algorithms or key management.,cold,2000,2000,0,0,0,1.0,1.0,1.0,46,,,,,2.6249908842146397e-06,1.0,,cold,20ng-sub4000-pre2000,2000,0
46,log:H10,The post asks a question about computer hardware.,cold,2000,2000,0,0,0,1.0,1.0,1.0,352,,,,,3.4159747883677483e-06,1.0,,cold,20ng-sub4000-pre2000,2000,0
0,log:A1,The post asks for technical help with computer hardware.,cold,2000,2000,0,0,0,1.0,1.0,1.0,271,,,,,2.1707965061068535e-05,1.0,,exact,20ng-sub4000-pre2000,2000,0
1,log:A2,The post asks for technical help with a personal computer's hardware.,cold,2000,2000,0,0,0,1.0,1.0,1.0,235,,,,,8.459028322249651e-06,1.0,,exact,20ng-sub4000-pre2000,2000,0
2,log:A3,The post is a request for technical assistance concerning computer hardware.,cold,2000,2000,0,0,0,1.0,1.0,1.0,305,,,,,7.62502895668149e-06,1.0,,exact,20ng-sub4000-pre2000,2000,0
3,log:A4,The post asks for help with Macintosh hardware.,cold,2000,2000,0,0,0,1.0,1.0,1.0,59,,,,,6.207963451743126e-06,1.0,,exact,20ng-sub4000-pre2000,2000,0
4,log:A5,The post describes a hardware problem the author is experiencing.,cold,2000,2000,0,0,0,1.0,1.0,1.0,172,,,,,6.667047273367643e-06,1.0,,exact,20ng-sub4000-pre2000,2000,0
5,log:B1,The post offers an item for sale.,cold,2000,2000,0,0,0,1.0,1.0,1.0,96,,,,,6.749993190169334e-06,1.0,,exact,20ng-sub4000-pre2000,2000,0
6,log:B2,The post offers a computer or a computer part for sale.,cold,2000,2000,0,0,0,1.0,1.0,1.0,48,,,,,5.999987479299307e-06,1.0,,exact,20ng-sub4000-pre2000,2000,0
7,log:B3,The post mentions a specific price in dollars.,cold,2000,2000,0,0,0,1.0,1.0,1.0,139,,,,,5.542009603232145e-06,1.0,,exact,20ng-sub4000-pre2000,2000,0
8,log:B4,The post is an advertisement.,cold,2000,2000,0,0,0,1.0,1.0,1.0,112,,,,,5.458015948534012e-06,1.0,,exact,20ng-sub4000-pre2000,2000,0
9,log:B5,The post is looking to buy something rather than to sell something.,cold,2000,2000,0,0,0,1.0,1.0,1.0,357,,,,,6.332993507385254e-06,1.0,,exact,20ng-sub4000-pre2000,2000,0
10,log:C1,The post discusses a professional sports team.,cold,2000,2000,0,0,0,1.0,1.0,1.0,166,,,,,5.708017852157354e-06,1.0,,exact,20ng-sub4000-pre2000,2000,0
11,log:C2,The post discusses a professional baseball team.,cold,2000,2000,0,0,0,1.0,1.0,1.0,90,,,,,5.292007699608803e-06,1.0,,exact,20ng-sub4000-pre2000,2000,0
12,log:C3,The post mentions a player's statistics.,cold,2000,2000,0,0,0,1.0,1.0,1.0,55,,,,,5.499983672052622e-06,1.0,,exact,20ng-sub4000-pre2000,2000,0
13,log:C4,The post is about a sporting event that has already taken place.,cold,2000,2000,0,0,0,1.0,1.0,1.0,132,,,,,6.166985258460045e-06,1.0,,exact,20ng-sub4000-pre2000,2000,0
14,log:C5,The post is about sports.,cold,2000,2000,0,0,0,1.0,1.0,1.0,193,,,,,5.542009603232145e-06,1.0,,exact,20ng-sub4000-pre2000,2000,0
15,log:D1,The post argues about politics.,cold,2000,2000,0,0,0,1.0,1.0,1.0,297,,,,,5.333975423127413e-06,1.0,,exact,20ng-sub4000-pre2000,2000,0
16,log:D2,The post argues about gun control policy.,cold,2000,2000,0,0,0,1.0,1.0,1.0,48,,,,,5.62501372769475e-06,1.0,,exact,20ng-sub4000-pre2000,2000,0
17,log:D3,The post expresses a religious belief.,cold,2000,2000,0,0,0,1.0,1.0,1.0,145,,,,,5.833047907799482e-06,1.0,,exact,20ng-sub4000-pre2000,2000,0
18,log:D4,The post argues about religion.,cold,2000,2000,0,0,0,1.0,1.0,1.0,218,,,,,5.582987796515226e-06,1.0,,exact,20ng-sub4000-pre2000,2000,0
19,log:D5,The post discusses the Middle East.,cold,2000,2000,0,0,0,1.0,1.0,1.0,62,,,,,5.582987796515226e-06,1.0,,exact,20ng-sub4000-pre2000,2000,0
20,log:D6,The post criticizes a government or a government policy.,cold,2000,2000,0,0,0,1.0,1.0,1.0,207,,,,,5.999987479299307e-06,1.0,,exact,20ng-sub4000-pre2000,2000,0
21,log:E1,The author of the post is frustrated or angry.,cold,2000,2000,0,0,0,1.0,1.0,1.0,1112,,,,,6.08398113399744e-06,1.0,,exact,20ng-sub4000-pre2000,2000,0
22,log:E2,The post contains a question.,cold,2000,2000,0,0,0,1.0,1.0,1.0,740,,,,,5.458015948534012e-06,1.0,,exact,20ng-sub4000-pre2000,2000,0
23,log:E3,The post quotes another message.,cold,2000,2000,0,0,0,1.0,1.0,1.0,1528,,,,,5.375011824071407e-06,1.0,,exact,20ng-sub4000-pre2000,2000,0
24,log:E4,The post uses technical jargon.,cold,2000,2000,0,0,0,1.0,1.0,1.0,813,,,,,5.458015948534012e-06,1.0,,exact,20ng-sub4000-pre2000,2000,0
25,log:E5,The post makes a factual claim that could be checked.,cold,2000,2000,0,0,0,1.0,1.0,1.0,1145,,,,,5.875015631318092e-06,1.0,,exact,20ng-sub4000-pre2000,2000,0
26,log:F1,The post discusses medicine or health.,cold,2000,2000,0,0,0,1.0,1.0,1.0,100,,,,,5.416979547590017e-06,1.0,,exact,20ng-sub4000-pre2000,2000,0
27,log:F2,The post discusses a specific disease or medical condition.,cold,2000,2000,0,0,0,1.0,1.0,1.0,49,,,,,5.749985575675964e-06,1.0,,exact,20ng-sub4000-pre2000,2000,0
28,log:F3,The post discusses space or astronomy.,cold,2000,2000,0,0,0,1.0,1.0,1.0,73,,,,,5.708017852157354e-06,1.0,,exact,20ng-sub4000-pre2000,2000,0
29,log:F4,The post discusses cryptography or encryption.,cold,2000,2000,0,0,0,1.0,1.0,1.0,62,,,,,5.499983672052622e-06,1.0,,exact,20ng-sub4000-pre2000,2000,0
30,log:F5,The post discusses computer security.,cold,2000,2000,0,0,0,1.0,1.0,1.0,98,,,,,5.499983672052622e-06,1.0,,exact,20ng-sub4000-pre2000,2000,0
31,log:F6,The post discusses science.,cold,2000,2000,0,0,0,1.0,1.0,1.0,262,,,,,5.332985892891884e-06,1.0,,exact,20ng-sub4000-pre2000,2000,0
32,log:G1,The post mentions an operating system.,cold,2000,2000,0,0,0,1.0,1.0,1.0,196,,,,,5.459005478769541e-06,1.0,,exact,20ng-sub4000-pre2000,2000,0
33,log:G2,The post mentions Microsoft Windows.,cold,2000,2000,0,0,0,1.0,1.0,1.0,73,,,,,5.62501372769475e-06,1.0,,exact,20ng-sub4000-pre2000,2000,0
34,log:G3,The post mentions the X Window System.,cold,2000,2000,0,0,0,1.0,1.0,1.0,76,,,,,5.458015948534012e-06,1.0,,exact,20ng-sub4000-pre2000,2000,0
35,log:G4,The post discusses software rather than hardware.,cold,2000,2000,0,0,0,1.0,1.0,1.0,375,,,,,5.499983672052622e-06,1.0,,exact,20ng-sub4000-pre2000,2000,0
36,log:G5,The post recommends a product or a service.,cold,2000,2000,0,0,0,1.0,1.0,1.0,83,,,,,5.62501372769475e-06,1.0,,exact,20ng-sub4000-pre2000,2000,0
37,log:H1,The post asks for technical help with computer hardware.,exact-hit,0,0,0,0,0,1.0,1.0,1.0,271,,,,,2.082961145788431e-06,1.0,,exact,20ng-sub4000-pre2000,2000,0
38,log:H2,The post is selling something.,cold,2000,2000,0,0,0,1.0,1.0,1.0,93,,,,,5.542009603232145e-06,1.0,,exact,20ng-sub4000-pre2000,2000,0
39,log:H3,The post is about a motor vehicle.,cold,2000,2000,0,0,0,1.0,1.0,1.0,155,,,,,5.458015948534012e-06,1.0,,exact,20ng-sub4000-pre2000,2000,0
40,log:H4,The post is about a car or a motorcycle.,cold,2000,2000,0,0,0,1.0,1.0,1.0,138,,,,,5.62501372769475e-06,1.0,,exact,20ng-sub4000-pre2000,2000,0
41,log:H5,The post gives advice about maintaining a vehicle.,cold,2000,2000,0,0,0,1.0,1.0,1.0,37,,,,,6.249989382922649e-06,1.0,,exact,20ng-sub4000-pre2000,2000,0
42,log:H6,The tone of the post is angry or annoyed.,cold,2000,2000,0,0,0,1.0,1.0,1.0,769,,,,,7.166003342717886e-06,1.0,,exact,20ng-sub4000-pre2000,2000,0
43,log:H7,The post is about a computer operating system.,cold,2000,2000,0,0,0,1.0,1.0,1.0,176,,,,,5.832989700138569e-06,1.0,,exact,20ng-sub4000-pre2000,2000,0
44,log:H8,The post is a for-sale advertisement.,cold,2000,2000,0,0,0,1.0,1.0,1.0,87,,,,,5.542009603232145e-06,1.0,,exact,20ng-sub4000-pre2000,2000,0
45,log:H9,The post discusses encryption algorithms or key management.,cold,2000,2000,0,0,0,1.0,1.0,1.0,46,,,,,5.665991920977831e-06,1.0,,exact,20ng-sub4000-pre2000,2000,0
46,log:H10,The post asks a question about computer hardware.,cold,2000,2000,0,0,0,1.0,1.0,1.0,352,,,,,5.66698145121336e-06,1.0,,exact,20ng-sub4000-pre2000,2000,0
0,log:A1,The post asks for technical help with computer hardware.,cold,2000,2000,0,0,0,1.0,1.0,1.0,271,,,,,0.005957124987617135,1.0,,embed@0.8,20ng-sub4000-pre2000,2000,0
1,log:A2,The post asks for technical help with a personal computer's hardware.,embed-hit@0.94,0,0,0,0,0,0.8302583025830258,0.9574468085106383,0.8893280632411067,235,,,,,0.005750750016886741,0.9574468085106383,,embed@0.8,20ng-sub4000-pre2000,2000,0
2,log:A3,The post is a request for technical assistance concerning computer hardware.,embed-hit@0.92,0,0,0,0,0,0.977859778597786,0.8688524590163934,0.9201388888888888,305,,,,,0.004607582988683134,0.8688524590163934,,embed@0.8,20ng-sub4000-pre2000,2000,0
3,log:A4,The post asks for help with Macintosh hardware.,cold,2000,2000,0,0,0,1.0,1.0,1.0,59,,,,,0.004504333017393947,1.0,,embed@0.8,20ng-sub4000-pre2000,2000,0
4,log:A5,The post describes a hardware problem the author is experiencing.,cold,2000,2000,0,0,0,1.0,1.0,1.0,172,,,,,0.00434345897519961,1.0,,embed@0.8,20ng-sub4000-pre2000,2000,0
5,log:B1,The post offers an item for sale.,cold,2000,2000,0,0,0,1.0,1.0,1.0,96,,,,,0.004276082967408001,1.0,,embed@0.8,20ng-sub4000-pre2000,2000,0
6,log:B2,The post offers a computer or a computer part for sale.,cold,2000,2000,0,0,0,1.0,1.0,1.0,48,,,,,0.0044977079960517585,1.0,,embed@0.8,20ng-sub4000-pre2000,2000,0
7,log:B3,The post mentions a specific price in dollars.,cold,2000,2000,0,0,0,1.0,1.0,1.0,139,,,,,0.0042392079485580325,1.0,,embed@0.8,20ng-sub4000-pre2000,2000,0
8,log:B4,The post is an advertisement.,cold,2000,2000,0,0,0,1.0,1.0,1.0,112,,,,,0.005080334027297795,1.0,,embed@0.8,20ng-sub4000-pre2000,2000,0
9,log:B5,The post is looking to buy something rather than to sell something.,cold,2000,2000,0,0,0,1.0,1.0,1.0,357,,,,,0.0047796249855309725,1.0,,embed@0.8,20ng-sub4000-pre2000,2000,0
10,log:C1,The post discusses a professional sports team.,cold,2000,2000,0,0,0,1.0,1.0,1.0,166,,,,,0.004344333021435887,1.0,,embed@0.8,20ng-sub4000-pre2000,2000,0
11,log:C2,The post discusses a professional baseball team.,embed-hit@0.85,0,0,0,0,0,0.5301204819277109,0.9777777777777777,0.6875000000000001,90,,,,,0.0042142500169575214,0.9777777777777777,,embed@0.8,20ng-sub4000-pre2000,2000,0
12,log:C3,The post mentions a player's statistics.,cold,2000,2000,0,0,0,1.0,1.0,1.0,55,,,,,0.004934417025651783,1.0,,embed@0.8,20ng-sub4000-pre2000,2000,0
13,log:C4,The post is about a sporting event that has already taken place.,cold,2000,2000,0,0,0,1.0,1.0,1.0,132,,,,,0.004567749972920865,1.0,,embed@0.8,20ng-sub4000-pre2000,2000,0
14,log:C5,The post is about sports.,embed-hit@0.81,0,0,0,0,0,0.9393939393939394,0.6424870466321243,0.7630769230769231,193,,,,,0.005127749987877905,0.6424870466321243,,embed@0.8,20ng-sub4000-pre2000,2000,0
15,log:D1,The post argues about politics.,cold,2000,2000,0,0,0,1.0,1.0,1.0,297,,,,,0.0053334159892983735,1.0,,embed@0.8,20ng-sub4000-pre2000,2000,0
16,log:D2,The post argues about gun control policy.,cold,2000,2000,0,0,0,1.0,1.0,1.0,48,,,,,0.004665292042773217,1.0,,embed@0.8,20ng-sub4000-pre2000,2000,0
17,log:D3,The post expresses a religious belief.,cold,2000,2000,0,0,0,1.0,1.0,1.0,145,,,,,0.004524249990936369,1.0,,embed@0.8,20ng-sub4000-pre2000,2000,0
18,log:D4,The post argues about religion.,embed-hit@0.82,0,0,0,0,0,0.9862068965517241,0.6559633027522935,0.7878787878787877,218,,,,,0.005354124994482845,0.6559633027522935,,embed@0.8,20ng-sub4000-pre2000,2000,0
19,log:D5,The post discusses the Middle East.,cold,2000,2000,0,0,0,1.0,1.0,1.0,62,,,,,0.004411457979585975,1.0,,embed@0.8,20ng-sub4000-pre2000,2000,0
20,log:D6,The post criticizes a government or a government policy.,cold,2000,2000,0,0,0,1.0,1.0,1.0,207,,,,,0.004321583022829145,1.0,,embed@0.8,20ng-sub4000-pre2000,2000,0
21,log:E1,The author of the post is frustrated or angry.,cold,2000,2000,0,0,0,1.0,1.0,1.0,1112,,,,,0.0042725420207716525,1.0,,embed@0.8,20ng-sub4000-pre2000,2000,0
22,log:E2,The post contains a question.,cold,2000,2000,0,0,0,1.0,1.0,1.0,740,,,,,0.004753875022288412,1.0,,embed@0.8,20ng-sub4000-pre2000,2000,0
23,log:E3,The post quotes another message.,cold,2000,2000,0,0,0,1.0,1.0,1.0,1528,,,,,0.004806625016499311,1.0,,embed@0.8,20ng-sub4000-pre2000,2000,0
24,log:E4,The post uses technical jargon.,cold,2000,2000,0,0,0,1.0,1.0,1.0,813,,,,,0.004248083976563066,1.0,,embed@0.8,20ng-sub4000-pre2000,2000,0
25,log:E5,The post makes a factual claim that could be checked.,cold,2000,2000,0,0,0,1.0,1.0,1.0,1145,,,,,0.00445637502707541,1.0,,embed@0.8,20ng-sub4000-pre2000,2000,0
26,log:F1,The post discusses medicine or health.,cold,2000,2000,0,0,0,1.0,1.0,1.0,100,,,,,0.004336832964327186,1.0,,embed@0.8,20ng-sub4000-pre2000,2000,0
27,log:F2,The post discusses a specific disease or medical condition.,cold,2000,2000,0,0,0,1.0,1.0,1.0,49,,,,,0.004234791966155171,1.0,,embed@0.8,20ng-sub4000-pre2000,2000,0
28,log:F3,The post discusses space or astronomy.,cold,2000,2000,0,0,0,1.0,1.0,1.0,73,,,,,0.004216208006255329,1.0,,embed@0.8,20ng-sub4000-pre2000,2000,0
29,log:F4,The post discusses cryptography or encryption.,cold,2000,2000,0,0,0,1.0,1.0,1.0,62,,,,,0.004417582997120917,1.0,,embed@0.8,20ng-sub4000-pre2000,2000,0
30,log:F5,The post discusses computer security.,cold,2000,2000,0,0,0,1.0,1.0,1.0,98,,,,,0.004792125022504479,1.0,,embed@0.8,20ng-sub4000-pre2000,2000,0
31,log:F6,The post discusses science.,cold,2000,2000,0,0,0,1.0,1.0,1.0,262,,,,,0.004859042004682124,1.0,,embed@0.8,20ng-sub4000-pre2000,2000,0
32,log:G1,The post mentions an operating system.,cold,2000,2000,0,0,0,1.0,1.0,1.0,196,,,,,0.004419417004100978,1.0,,embed@0.8,20ng-sub4000-pre2000,2000,0
33,log:G2,The post mentions Microsoft Windows.,embed-hit@0.81,0,0,0,0,0,0.3520408163265306,0.9452054794520548,0.5130111524163569,73,,,,,0.004802957992069423,0.9452054794520548,,embed@0.8,20ng-sub4000-pre2000,2000,0
34,log:G3,The post mentions the X Window System.,cold,2000,2000,0,0,0,1.0,1.0,1.0,76,,,,,0.004410207970067859,1.0,,embed@0.8,20ng-sub4000-pre2000,2000,0
35,log:G4,The post discusses software rather than hardware.,cold,2000,2000,0,0,0,1.0,1.0,1.0,375,,,,,0.00426458305446431,1.0,,embed@0.8,20ng-sub4000-pre2000,2000,0
36,log:G5,The post recommends a product or a service.,cold,2000,2000,0,0,0,1.0,1.0,1.0,83,,,,,0.004320833017118275,1.0,,embed@0.8,20ng-sub4000-pre2000,2000,0
37,log:H1,The post asks for technical help with computer hardware.,embed-hit@1.00,0,0,0,0,0,1.0,1.0,1.0,271,,,,,2.2499996703118086e-05,1.0,,embed@0.8,20ng-sub4000-pre2000,2000,0
38,log:H2,The post is selling something.,embed-hit@0.82,0,0,0,0,0,0.0196078431372549,0.07526881720430108,0.031111111111111114,93,,,,,0.004774084023665637,0.07526881720430108,,embed@0.8,20ng-sub4000-pre2000,2000,0
39,log:H3,The post is about a motor vehicle.,cold,2000,2000,0,0,0,1.0,1.0,1.0,155,,,,,0.004276124993339181,1.0,,embed@0.8,20ng-sub4000-pre2000,2000,0
40,log:H4,The post is about a car or a motorcycle.,embed-hit@0.87,0,0,0,0,0,0.8580645161290322,0.9637681159420289,0.9078498293515358,138,,,,,0.004306709044612944,0.9637681159420289,,embed@0.8,20ng-sub4000-pre2000,2000,0
41,log:H5,The post gives advice about maintaining a vehicle.,cold,2000,2000,0,0,0,1.0,1.0,1.0,37,,,,,0.004270792007446289,1.0,,embed@0.8,20ng-sub4000-pre2000,2000,0
42,log:H6,The tone of the post is angry or annoyed.,cold,2000,2000,0,0,0,1.0,1.0,1.0,769,,,,,0.004190250008832663,1.0,,embed@0.8,20ng-sub4000-pre2000,2000,0
43,log:H7,The post is about a computer operating system.,cold,2000,2000,0,0,0,1.0,1.0,1.0,176,,,,,0.004627874994184822,1.0,,embed@0.8,20ng-sub4000-pre2000,2000,0
44,log:H8,The post is a for-sale advertisement.,embed-hit@0.91,0,0,0,0,0,0.7321428571428571,0.9425287356321839,0.8241206030150753,87,,,,,0.004754458030220121,0.9425287356321839,,embed@0.8,20ng-sub4000-pre2000,2000,0
45,log:H9,The post discusses encryption algorithms or key management.,embed-hit@0.82,0,0,0,0,0,0.7258064516129032,0.9782608695652174,0.8333333333333333,46,,,,,0.004254583036527038,0.9782608695652174,,embed@0.8,20ng-sub4000-pre2000,2000,0
46,log:H10,The post asks a question about computer hardware.,embed-hit@0.86,0,0,0,0,0,0.966789667896679,0.7443181818181818,0.841091492776886,352,,,,,0.00422850000904873,0.7443181818181818,,embed@0.8,20ng-sub4000-pre2000,2000,0
0,log:A1,The post asks for technical help with computer hardware.,cold,2000,2000,0,0,0,1.0,1.0,1.0,271,,,,,0.006731875007972121,1.0,,embed@0.9,20ng-sub4000-pre2000,2000,0
1,log:A2,The post asks for technical help with a personal computer's hardware.,embed-hit@0.94,0,0,0,0,0,0.8302583025830258,0.9574468085106383,0.8893280632411067,235,,,,,0.006165500031784177,0.9574468085106383,,embed@0.9,20ng-sub4000-pre2000,2000,0
2,log:A3,The post is a request for technical assistance concerning computer hardware.,embed-hit@0.92,0,0,0,0,0,0.977859778597786,0.8688524590163934,0.9201388888888888,305,,,,,0.005633374967146665,0.8688524590163934,,embed@0.9,20ng-sub4000-pre2000,2000,0
3,log:A4,The post asks for help with Macintosh hardware.,cold,2000,2000,0,0,0,1.0,1.0,1.0,59,,,,,0.005211000039707869,1.0,,embed@0.9,20ng-sub4000-pre2000,2000,0
4,log:A5,The post describes a hardware problem the author is experiencing.,cold,2000,2000,0,0,0,1.0,1.0,1.0,172,,,,,0.005113666993565857,1.0,,embed@0.9,20ng-sub4000-pre2000,2000,0
5,log:B1,The post offers an item for sale.,cold,2000,2000,0,0,0,1.0,1.0,1.0,96,,,,,0.005325792008079588,1.0,,embed@0.9,20ng-sub4000-pre2000,2000,0
6,log:B2,The post offers a computer or a computer part for sale.,cold,2000,2000,0,0,0,1.0,1.0,1.0,48,,,,,0.0052655000472441316,1.0,,embed@0.9,20ng-sub4000-pre2000,2000,0
7,log:B3,The post mentions a specific price in dollars.,cold,2000,2000,0,0,0,1.0,1.0,1.0,139,,,,,0.0050583750125952065,1.0,,embed@0.9,20ng-sub4000-pre2000,2000,0
8,log:B4,The post is an advertisement.,cold,2000,2000,0,0,0,1.0,1.0,1.0,112,,,,,0.005917250004131347,1.0,,embed@0.9,20ng-sub4000-pre2000,2000,0
9,log:B5,The post is looking to buy something rather than to sell something.,cold,2000,2000,0,0,0,1.0,1.0,1.0,357,,,,,0.005081165989395231,1.0,,embed@0.9,20ng-sub4000-pre2000,2000,0
10,log:C1,The post discusses a professional sports team.,cold,2000,2000,0,0,0,1.0,1.0,1.0,166,,,,,0.005407541990280151,1.0,,embed@0.9,20ng-sub4000-pre2000,2000,0
11,log:C2,The post discusses a professional baseball team.,cold,2000,2000,0,0,0,1.0,1.0,1.0,90,,,,,0.0052661250228993595,1.0,,embed@0.9,20ng-sub4000-pre2000,2000,0
12,log:C3,The post mentions a player's statistics.,cold,2000,2000,0,0,0,1.0,1.0,1.0,55,,,,,0.004878332954831421,1.0,,embed@0.9,20ng-sub4000-pre2000,2000,0
13,log:C4,The post is about a sporting event that has already taken place.,cold,2000,2000,0,0,0,1.0,1.0,1.0,132,,,,,0.00547808303963393,1.0,,embed@0.9,20ng-sub4000-pre2000,2000,0
14,log:C5,The post is about sports.,cold,2000,2000,0,0,0,1.0,1.0,1.0,193,,,,,0.00651362503413111,1.0,,embed@0.9,20ng-sub4000-pre2000,2000,0
15,log:D1,The post argues about politics.,cold,2000,2000,0,0,0,1.0,1.0,1.0,297,,,,,0.006003957998473197,1.0,,embed@0.9,20ng-sub4000-pre2000,2000,0
16,log:D2,The post argues about gun control policy.,cold,2000,2000,0,0,0,1.0,1.0,1.0,48,,,,,0.00488345802295953,1.0,,embed@0.9,20ng-sub4000-pre2000,2000,0
17,log:D3,The post expresses a religious belief.,cold,2000,2000,0,0,0,1.0,1.0,1.0,145,,,,,0.004818624991457909,1.0,,embed@0.9,20ng-sub4000-pre2000,2000,0
18,log:D4,The post argues about religion.,cold,2000,2000,0,0,0,1.0,1.0,1.0,218,,,,,0.0057341670035384595,1.0,,embed@0.9,20ng-sub4000-pre2000,2000,0
19,log:D5,The post discusses the Middle East.,cold,2000,2000,0,0,0,1.0,1.0,1.0,62,,,,,0.00470008299453184,1.0,,embed@0.9,20ng-sub4000-pre2000,2000,0
20,log:D6,The post criticizes a government or a government policy.,cold,2000,2000,0,0,0,1.0,1.0,1.0,207,,,,,0.004694374976679683,1.0,,embed@0.9,20ng-sub4000-pre2000,2000,0
21,log:E1,The author of the post is frustrated or angry.,cold,2000,2000,0,0,0,1.0,1.0,1.0,1112,,,,,0.004938917001709342,1.0,,embed@0.9,20ng-sub4000-pre2000,2000,0
22,log:E2,The post contains a question.,cold,2000,2000,0,0,0,1.0,1.0,1.0,740,,,,,0.005369917023926973,1.0,,embed@0.9,20ng-sub4000-pre2000,2000,0
23,log:E3,The post quotes another message.,cold,2000,2000,0,0,0,1.0,1.0,1.0,1528,,,,,0.005424875009339303,1.0,,embed@0.9,20ng-sub4000-pre2000,2000,0
24,log:E4,The post uses technical jargon.,cold,2000,2000,0,0,0,1.0,1.0,1.0,813,,,,,0.005025332968216389,1.0,,embed@0.9,20ng-sub4000-pre2000,2000,0
25,log:E5,The post makes a factual claim that could be checked.,cold,2000,2000,0,0,0,1.0,1.0,1.0,1145,,,,,0.005013749992940575,1.0,,embed@0.9,20ng-sub4000-pre2000,2000,0
26,log:F1,The post discusses medicine or health.,cold,2000,2000,0,0,0,1.0,1.0,1.0,100,,,,,0.0059429589891806245,1.0,,embed@0.9,20ng-sub4000-pre2000,2000,0
27,log:F2,The post discusses a specific disease or medical condition.,cold,2000,2000,0,0,0,1.0,1.0,1.0,49,,,,,0.00585562497144565,1.0,,embed@0.9,20ng-sub4000-pre2000,2000,0
28,log:F3,The post discusses space or astronomy.,cold,2000,2000,0,0,0,1.0,1.0,1.0,73,,,,,0.005089416983537376,1.0,,embed@0.9,20ng-sub4000-pre2000,2000,0
29,log:F4,The post discusses cryptography or encryption.,cold,2000,2000,0,0,0,1.0,1.0,1.0,62,,,,,0.004926875000819564,1.0,,embed@0.9,20ng-sub4000-pre2000,2000,0
30,log:F5,The post discusses computer security.,cold,2000,2000,0,0,0,1.0,1.0,1.0,98,,,,,0.0053178329835645854,1.0,,embed@0.9,20ng-sub4000-pre2000,2000,0
31,log:F6,The post discusses science.,cold,2000,2000,0,0,0,1.0,1.0,1.0,262,,,,,0.005157374951522797,1.0,,embed@0.9,20ng-sub4000-pre2000,2000,0
32,log:G1,The post mentions an operating system.,cold,2000,2000,0,0,0,1.0,1.0,1.0,196,,,,,0.004581666958983988,1.0,,embed@0.9,20ng-sub4000-pre2000,2000,0
33,log:G2,The post mentions Microsoft Windows.,cold,2000,2000,0,0,0,1.0,1.0,1.0,73,,,,,0.005156250030267984,1.0,,embed@0.9,20ng-sub4000-pre2000,2000,0
34,log:G3,The post mentions the X Window System.,cold,2000,2000,0,0,0,1.0,1.0,1.0,76,,,,,0.00493616599123925,1.0,,embed@0.9,20ng-sub4000-pre2000,2000,0
35,log:G4,The post discusses software rather than hardware.,cold,2000,2000,0,0,0,1.0,1.0,1.0,375,,,,,0.004619041981641203,1.0,,embed@0.9,20ng-sub4000-pre2000,2000,0
36,log:G5,The post recommends a product or a service.,cold,2000,2000,0,0,0,1.0,1.0,1.0,83,,,,,0.004571416997350752,1.0,,embed@0.9,20ng-sub4000-pre2000,2000,0
37,log:H1,The post asks for technical help with computer hardware.,embed-hit@1.00,0,0,0,0,0,1.0,1.0,1.0,271,,,,,2.7332978788763285e-05,1.0,,embed@0.9,20ng-sub4000-pre2000,2000,0
38,log:H2,The post is selling something.,cold,2000,2000,0,0,0,1.0,1.0,1.0,93,,,,,0.0062108749989420176,1.0,,embed@0.9,20ng-sub4000-pre2000,2000,0
39,log:H3,The post is about a motor vehicle.,cold,2000,2000,0,0,0,1.0,1.0,1.0,155,,,,,0.004969417001120746,1.0,,embed@0.9,20ng-sub4000-pre2000,2000,0
40,log:H4,The post is about a car or a motorcycle.,cold,2000,2000,0,0,0,1.0,1.0,1.0,138,,,,,0.004797208006493747,1.0,,embed@0.9,20ng-sub4000-pre2000,2000,0
41,log:H5,The post gives advice about maintaining a vehicle.,cold,2000,2000,0,0,0,1.0,1.0,1.0,37,,,,,0.00442945898976177,1.0,,embed@0.9,20ng-sub4000-pre2000,2000,0
42,log:H6,The tone of the post is angry or annoyed.,cold,2000,2000,0,0,0,1.0,1.0,1.0,769,,,,,0.0045110840001143515,1.0,,embed@0.9,20ng-sub4000-pre2000,2000,0
43,log:H7,The post is about a computer operating system.,cold,2000,2000,0,0,0,1.0,1.0,1.0,176,,,,,0.004662459017708898,1.0,,embed@0.9,20ng-sub4000-pre2000,2000,0
44,log:H8,The post is a for-sale advertisement.,embed-hit@0.91,0,0,0,0,0,0.7321428571428571,0.9425287356321839,0.8241206030150753,87,,,,,0.005039583018515259,0.9425287356321839,,embed@0.9,20ng-sub4000-pre2000,2000,0
45,log:H9,The post discusses encryption algorithms or key management.,cold,2000,2000,0,0,0,1.0,1.0,1.0,46,,,,,0.00512608396820724,1.0,,embed@0.9,20ng-sub4000-pre2000,2000,0
46,log:H10,The post asks a question about computer hardware.,cold,2000,2000,0,0,0,1.0,1.0,1.0,352,,,,,0.005371542007196695,1.0,,embed@0.9,20ng-sub4000-pre2000,2000,0
0,log:A1,The post asks for technical help with computer hardware.,cold,2000,2000,0,0,0,1.0,1.0,1.0,271,,,,,5.1667040679603815e-05,1.0,,semreuse,20ng-sub4000-pre2000,2000,0
1,log:A2,The post asks for technical help with a personal computer's hardware.,rewrite,2000,1729,29,242,2,1.0,1.0,1.0,235,1.0,False,1.0,False,0.03882691700709984,1.0,False,semreuse,20ng-sub4000-pre2000,2000,0
2,log:A3,The post is a request for technical assistance concerning computer hardware.,rewrite,1802,46,410,1346,4,0.9900332225913622,0.9770491803278688,0.9834983498349835,305,0.9689655172413794,False,0.9335548172757475,False,0.0301571250311099,0.9770491803278688,False,semreuse,20ng-sub4000-pre2000,2000,0
3,log:A4,The post asks for help with Macintosh hardware.,rewrite,2000,1690,36,274,6,1.0,1.0,1.0,59,1.0,False,1.0,False,0.0331211659940891,1.0,False,semreuse,20ng-sub4000-pre2000,2000,0
4,log:A5,The post describes a hardware problem the author is experiencing.,cold,2000,2000,0,0,8,1.0,1.0,1.0,172,,,,,0.03449975000694394,1.0,,semreuse,20ng-sub4000-pre2000,2000,0
5,log:B1,The post offers an item for sale.,cold,2000,2000,0,0,10,1.0,1.0,1.0,96,,,,,0.03355095797451213,1.0,,semreuse,20ng-sub4000-pre2000,2000,0
6,log:B2,The post offers a computer or a computer part for sale.,rewrite,2000,1904,29,67,12,1.0,1.0,1.0,48,1.0,False,1.0,False,0.034544291032943875,1.0,False,semreuse,20ng-sub4000-pre2000,2000,0
7,log:B3,The post mentions a specific price in dollars.,cold,2000,2000,0,0,14,1.0,1.0,1.0,139,,,,,0.033551290980540216,1.0,,semreuse,20ng-sub4000-pre2000,2000,0
8,log:B4,The post is an advertisement.,rewrite,2000,2,0,1998,16,1.0,1.0,1.0,112,1.0,False,1.0,False,0.03421441704267636,1.0,False,semreuse,20ng-sub4000-pre2000,2000,0
9,log:B5,The post is looking to buy something rather than to sell something.,rewrite,2000,32,0,1968,18,1.0,1.0,1.0,357,1.0,False,1.0,False,0.03669487498700619,1.0,False,semreuse,20ng-sub4000-pre2000,2000,0
10,log:C1,The post discusses a professional sports team.,cold,2000,2000,0,0,20,1.0,1.0,1.0,166,,,,,0.03607808402739465,1.0,,semreuse,20ng-sub4000-pre2000,2000,0
11,log:C2,The post discusses a professional baseball team.,rewrite,1080,262,818,0,22,1.0,0.9777777777777777,0.9887640449438202,90,0.946236559139785,False,1.0,False,0.03749908396275714,0.9777777777777777,False,semreuse,20ng-sub4000-pre2000,2000,0
12,log:C3,The post mentions a player's statistics.,rewrite,2000,96,0,1904,24,1.0,1.0,1.0,55,1.0,False,1.0,False,0.038052041025366634,1.0,False,semreuse,20ng-sub4000-pre2000,2000,0
13,log:C4,The post is about a sporting event that has already taken place.,cold,2000,2000,0,0,26,1.0,1.0,1.0,132,,,,,0.040310333017259836,1.0,,semreuse,20ng-sub4000-pre2000,2000,0
14,log:C5,The post is about sports.,rewrite,1991,63,1514,414,28,1.0,0.9533678756476683,0.9761273209549072,193,0.9533678756476683,False,1.0,False,0.03956345800543204,0.9533678756476683,False,semreuse,20ng-sub4000-pre2000,2000,0
15,log:D1,The post argues about politics.,cold,2000,2000,0,0,30,1.0,1.0,1.0,297,,,,,0.04295216704485938,1.0,,semreuse,20ng-sub4000-pre2000,2000,0
16,log:D2,The post argues about gun control policy.,cold,2000,2000,0,0,32,1.0,1.0,1.0,48,,,,,0.040950957976747304,1.0,,semreuse,20ng-sub4000-pre2000,2000,0
17,log:D3,The post expresses a religious belief.,rewrite,2000,1888,29,83,34,1.0,1.0,1.0,145,1.0,False,1.0,False,0.043609167041722685,1.0,False,semreuse,20ng-sub4000-pre2000,2000,0
18,log:D4,The post argues about religion.,cold,2000,2000,0,0,36,1.0,1.0,1.0,218,,,,,0.04275970795424655,1.0,,semreuse,20ng-sub4000-pre2000,2000,0
19,log:D5,The post discusses the Middle East.,rewrite,1648,484,1164,0,38,1.0,0.9516129032258065,0.9752066115702479,62,0.921875,False,1.0,False,0.04517774999840185,0.9516129032258065,False,semreuse,20ng-sub4000-pre2000,2000,0
20,log:D6,The post criticizes a government or a government policy.,cold,2000,2000,0,0,40,1.0,1.0,1.0,207,,,,,0.04908283398253843,1.0,,semreuse,20ng-sub4000-pre2000,2000,0
21,log:E1,The author of the post is frustrated or angry.,cold,2000,2000,0,0,42,1.0,1.0,1.0,1112,,,,,0.0501656670239754,1.0,,semreuse,20ng-sub4000-pre2000,2000,0
22,log:E2,The post contains a question.,rewrite,2000,0,0,2000,44,1.0,1.0,1.0,740,1.0,False,1.0,False,0.04771070898277685,1.0,False,semreuse,20ng-sub4000-pre2000,2000,0
23,log:E3,The post quotes another message.,rewrite,2000,0,0,2000,46,1.0,1.0,1.0,1528,1.0,False,1.0,False,0.05125841696280986,1.0,False,semreuse,20ng-sub4000-pre2000,2000,0
24,log:E4,The post uses technical jargon.,cold,2000,2000,0,0,48,1.0,1.0,1.0,813,,,,,0.05049254099139944,1.0,,semreuse,20ng-sub4000-pre2000,2000,0
25,log:E5,The post makes a factual claim that could be checked.,rewrite,2000,0,0,2000,50,1.0,1.0,1.0,1145,1.0,False,1.0,False,0.055700625001918525,1.0,False,semreuse,20ng-sub4000-pre2000,2000,0
26,log:F1,The post discusses medicine or health.,rewrite,2000,548,72,1380,52,1.0,1.0,1.0,100,1.0,False,1.0,False,0.05288233404280618,1.0,False,semreuse,20ng-sub4000-pre2000,2000,0
27,log:F2,The post discusses a specific disease or medical condition.,rewrite,2000,548,72,1380,54,1.0,1.0,1.0,49,1.0,False,1.0,False,0.04438545904122293,1.0,False,semreuse,20ng-sub4000-pre2000,2000,0
28,log:F3,The post discusses space or astronomy.,rewrite,2000,1260,29,711,56,1.0,1.0,1.0,73,1.0,False,1.0,False,0.04640495899366215,1.0,False,semreuse,20ng-sub4000-pre2000,2000,0
29,log:F4,The post discusses cryptography or encryption.,rewrite,2000,1260,29,711,58,1.0,1.0,1.0,62,1.0,False,1.0,False,0.04920408298494294,1.0,False,semreuse,20ng-sub4000-pre2000,2000,0
30,log:F5,The post discusses computer security.,rewrite,2000,548,72,1380,60,1.0,1.0,1.0,98,1.0,False,1.0,False,0.04728495795279741,1.0,False,semreuse,20ng-sub4000-pre2000,2000,0
31,log:F6,The post discusses science.,rewrite,1985,1451,122,412,62,1.0,0.9770992366412213,0.9884169884169884,262,0.9446494464944649,False,1.0,False,0.05100245797075331,0.9770992366412213,False,semreuse,20ng-sub4000-pre2000,2000,0
32,log:G1,The post mentions an operating system.,rewrite,2000,1560,157,283,64,1.0,1.0,1.0,196,1.0,False,1.0,False,0.05078408296685666,1.0,False,semreuse,20ng-sub4000-pre2000,2000,0
33,log:G2,The post mentions Microsoft Windows.,rewrite,1873,1429,305,139,66,1.0,0.9863013698630136,0.993103448275862,73,0.96,False,1.0,False,0.05737904098350555,0.9863013698630136,False,semreuse,20ng-sub4000-pre2000,2000,0
34,log:G3,The post mentions the X Window System.,rewrite,1894,1560,325,9,68,1.0,0.9473684210526315,0.972972972972973,76,0.9113924050632911,False,1.0,False,0.058940916031133384,0.9473684210526315,False,semreuse,20ng-sub4000-pre2000,2000,0
35,log:G4,The post discusses software rather than hardware.,rewrite,2000,2,0,1998,70,1.0,1.0,1.0,375,1.0,False,1.0,False,0.06479350000154227,1.0,False,semreuse,20ng-sub4000-pre2000,2000,0
36,log:G5,The post recommends a product or a service.,rewrite,2000,0,0,2000,72,1.0,1.0,1.0,83,1.0,False,1.0,False,0.06906025001080707,1.0,False,semreuse,20ng-sub4000-pre2000,2000,0
37,log:H1,The post asks for technical help with computer hardware.,exact-hit,0,0,0,0,0,1.0,1.0,1.0,271,,,,,6.416987162083387e-06,1.0,,semreuse,20ng-sub4000-pre2000,2000,0
38,log:H2,The post is selling something.,rewrite,1648,1128,480,40,74,1.0,1.0,1.0,93,0.9489795918367347,False,1.0,False,0.05663087498396635,1.0,False,semreuse,20ng-sub4000-pre2000,2000,0
39,log:H3,The post is about a motor vehicle.,rewrite,2000,1159,72,769,76,1.0,1.0,1.0,155,1.0,False,1.0,False,0.06412733398610726,1.0,False,semreuse,20ng-sub4000-pre2000,2000,0
40,log:H4,The post is about a car or a motorcycle.,rewrite,1340,873,377,90,78,1.0,0.9855072463768116,0.9927007299270074,138,0.912751677852349,False,1.0,False,0.06889325001975521,0.9855072463768116,False,semreuse,20ng-sub4000-pre2000,2000,0
41,log:H5,The post gives advice about maintaining a vehicle.,rewrite,2000,1206,0,794,80,1.0,1.0,1.0,37,1.0,False,1.0,False,0.07178954198025167,1.0,False,semreuse,20ng-sub4000-pre2000,2000,0
42,log:H6,The tone of the post is angry or annoyed.,rewrite,2000,52,0,1948,82,1.0,1.0,1.0,769,1.0,False,1.0,False,0.07036283297929913,1.0,False,semreuse,20ng-sub4000-pre2000,2000,0
43,log:H7,The post is about a computer operating system.,rewrite,1998,948,282,768,84,1.0,1.0,1.0,176,0.9887640449438202,False,1.0,False,0.07829912495799363,1.0,False,semreuse,20ng-sub4000-pre2000,2000,0
44,log:H8,The post is a for-sale advertisement.,rewrite,1297,80,1173,44,86,1.0,1.0,1.0,87,0.9354838709677419,False,1.0,False,0.08885783300502226,1.0,False,semreuse,20ng-sub4000-pre2000,2000,0
45,log:H9,The post discusses encryption algorithms or key management.,rewrite,2000,1195,78,727,88,1.0,1.0,1.0,46,1.0,False,1.0,False,0.0856472920277156,1.0,False,semreuse,20ng-sub4000-pre2000,2000,0
46,log:H10,The post asks a question about computer hardware.,rewrite,1982,740,325,917,90,1.0,0.9517045454545454,0.975254730713246,352,0.9490084985835694,False,1.0,False,0.07681233301991597,0.9517045454545454,False,semreuse,20ng-sub4000-pre2000,2000,0
0,log:A1,The post asks for technical help with computer hardware.,cold,2000,2000,0,0,0,1.0,1.0,1.0,271,,,,,3.579095937311649e-05,1.0,,semreuse-noaudit,20ng-sub4000-pre2000,2000,0
1,log:A2,The post asks for technical help with a personal computer's hardware.,rewrite,1729,1729,0,0,0,0.8362989323843416,1.0,0.9108527131782946,235,,,,,0.00018324999837204814,1.0,,semreuse-noaudit,20ng-sub4000-pre2000,2000,0
2,log:A3,The post is a request for technical assistance concerning computer hardware.,rewrite,0,0,0,0,0,0.977859778597786,0.8688524590163934,0.9201388888888888,305,,,,,0.0001246670144610107,0.8688524590163934,,semreuse-noaudit,20ng-sub4000-pre2000,2000,0
3,log:A4,The post asks for help with Macintosh hardware.,rewrite,1719,1719,0,0,0,0.20774647887323944,1.0,0.34402332361516036,59,,,,,0.00011570798233151436,1.0,,semreuse-noaudit,20ng-sub4000-pre2000,2000,0
4,log:A5,The post describes a hardware problem the author is experiencing.,cold,2000,2000,0,0,0,1.0,1.0,1.0,172,,,,,0.00010641699191182852,1.0,,semreuse-noaudit,20ng-sub4000-pre2000,2000,0
5,log:B1,The post offers an item for sale.,cold,2000,2000,0,0,0,1.0,1.0,1.0,96,,,,,0.00010766700142994523,1.0,,semreuse-noaudit,20ng-sub4000-pre2000,2000,0
6,log:B2,The post offers a computer or a computer part for sale.,rewrite,1904,1904,0,0,0,0.48,1.0,0.6486486486486487,48,,,,,0.00011849997099488974,1.0,,semreuse-noaudit,20ng-sub4000-pre2000,2000,0
7,log:B3,The post mentions a specific price in dollars.,cold,2000,2000,0,0,0,1.0,1.0,1.0,139,,,,,0.0001160409883596003,1.0,,semreuse-noaudit,20ng-sub4000-pre2000,2000,0
8,log:B4,The post is an advertisement.,rewrite,8,8,0,0,0,1.0,0.044642857142857144,0.08547008547008547,112,,,,,0.00013354199472814798,0.044642857142857144,,semreuse-noaudit,20ng-sub4000-pre2000,2000,0
9,log:B5,The post is looking to buy something rather than to sell something.,rewrite,122,122,0,0,0,1.0,0.17086834733893558,0.29186602870813394,357,,,,,0.00014479202218353748,0.17086834733893558,,semreuse-noaudit,20ng-sub4000-pre2000,2000,0
10,log:C1,The post discusses a professional sports team.,cold,2000,2000,0,0,0,1.0,1.0,1.0,166,,,,,0.00012687500566244125,1.0,,semreuse-noaudit,20ng-sub4000-pre2000,2000,0
11,log:C2,The post discusses a professional baseball team.,rewrite,262,262,0,0,0,1.0,0.9777777777777777,0.9887640449438202,90,,,,,0.00014687504153698683,0.9777777777777777,,semreuse-noaudit,20ng-sub4000-pre2000,2000,0
12,log:C3,The post mentions a player's statistics.,rewrite,96,96,0,0,0,1.0,0.01818181818181818,0.03571428571428572,55,,,,,0.000134292000439018,0.01818181818181818,,semreuse-noaudit,20ng-sub4000-pre2000,2000,0
13,log:C4,The post is about a sporting event that has already taken place.,cold,2000,2000,0,0,0,1.0,1.0,1.0,132,,,,,0.00013391696847975254,1.0,,semreuse-noaudit,20ng-sub4000-pre2000,2000,0
14,log:C5,The post is about sports.,rewrite,63,63,0,0,0,1.0,0.32642487046632124,0.4921875,193,,,,,0.00015375000657513738,0.32642487046632124,,semreuse-noaudit,20ng-sub4000-pre2000,2000,0
15,log:D1,The post argues about politics.,cold,2000,2000,0,0,0,1.0,1.0,1.0,297,,,,,0.0001525839907117188,1.0,,semreuse-noaudit,20ng-sub4000-pre2000,2000,0
16,log:D2,The post argues about gun control policy.,cold,2000,2000,0,0,0,1.0,1.0,1.0,48,,,,,0.00015070795780047774,1.0,,semreuse-noaudit,20ng-sub4000-pre2000,2000,0
17,log:D3,The post expresses a religious belief.,rewrite,1995,1995,0,0,0,0.9666666666666667,1.0,0.983050847457627,145,,,,,0.0001670419587753713,1.0,,semreuse-noaudit,20ng-sub4000-pre2000,2000,0
18,log:D4,The post argues about religion.,cold,2000,2000,0,0,0,1.0,1.0,1.0,218,,,,,0.0001629579928703606,1.0,,semreuse-noaudit,20ng-sub4000-pre2000,2000,0
19,log:D5,The post discusses the Middle East.,rewrite,531,531,0,0,0,0.9152542372881356,0.8709677419354839,0.8925619834710744,62,,,,,0.00019866600632667542,0.8709677419354839,,semreuse-noaudit,20ng-sub4000-pre2000,2000,0
20,log:D6,The post criticizes a government or a government policy.,cold,2000,2000,0,0,0,1.0,1.0,1.0,207,,,,,0.00018274999456480145,1.0,,semreuse-noaudit,20ng-sub4000-pre2000,2000,0
21,log:E1,The author of the post is frustrated or angry.,cold,2000,2000,0,0,0,1.0,1.0,1.0,1112,,,,,0.00017470796592533588,1.0,,semreuse-noaudit,20ng-sub4000-pre2000,2000,0
22,log:E2,The post contains a question.,rewrite,0,0,0,0,0,1.0,0.0,0.0,740,,,,,0.0002050000475719571,0.0,,semreuse-noaudit,20ng-sub4000-pre2000,2000,0
23,log:E3,The post quotes another message.,rewrite,0,0,0,0,0,1.0,0.0,0.0,1528,,,,,0.00020062498515471816,0.0,,semreuse-noaudit,20ng-sub4000-pre2000,2000,0
24,log:E4,The post uses technical jargon.,cold,2000,2000,0,0,0,1.0,1.0,1.0,813,,,,,0.00018662505317479372,1.0,,semreuse-noaudit,20ng-sub4000-pre2000,2000,0
25,log:E5,The post makes a factual claim that could be checked.,rewrite,0,0,0,0,0,1.0,0.0,0.0,1145,,,,,0.00021899997955188155,0.0,,semreuse-noaudit,20ng-sub4000-pre2000,2000,0
26,log:F1,The post discusses medicine or health.,rewrite,2000,2000,0,0,0,1.0,1.0,1.0,100,,,,,0.0002032499760389328,1.0,,semreuse-noaudit,20ng-sub4000-pre2000,2000,0
27,log:F2,The post discusses a specific disease or medical condition.,rewrite,2000,2000,0,0,0,1.0,1.0,1.0,49,,,,,0.00020312500419095159,1.0,,semreuse-noaudit,20ng-sub4000-pre2000,2000,0
28,log:F3,The post discusses space or astronomy.,rewrite,2000,2000,0,0,0,1.0,1.0,1.0,73,,,,,0.00020533398492261767,1.0,,semreuse-noaudit,20ng-sub4000-pre2000,2000,0
29,log:F4,The post discusses cryptography or encryption.,rewrite,2000,2000,0,0,0,1.0,1.0,1.0,62,,,,,0.00020645797485485673,1.0,,semreuse-noaudit,20ng-sub4000-pre2000,2000,0
30,log:F5,The post discusses computer security.,rewrite,2000,2000,0,0,0,1.0,1.0,1.0,98,,,,,0.00020637502893805504,1.0,,semreuse-noaudit,20ng-sub4000-pre2000,2000,0
31,log:F6,The post discusses science.,rewrite,0,0,0,0,0,1.0,0.0,0.0,262,,,,,0.0002217909786850214,0.0,,semreuse-noaudit,20ng-sub4000-pre2000,2000,0
32,log:G1,The post mentions an operating system.,rewrite,279,279,0,0,0,0.9634146341463414,0.4030612244897959,0.5683453237410072,196,,,,,0.0002315420424565673,0.4030612244897959,,semreuse-noaudit,20ng-sub4000-pre2000,2000,0
33,log:G2,The post mentions Microsoft Windows.,rewrite,289,289,0,0,0,1.0,0.4520547945205479,0.6226415094339622,73,,,,,0.00025104201631620526,0.4520547945205479,,semreuse-noaudit,20ng-sub4000-pre2000,2000,0
34,log:G3,The post mentions the X Window System.,rewrite,279,279,0,0,0,0.7727272727272727,0.2236842105263158,0.3469387755102041,76,,,,,0.0002394170151092112,0.2236842105263158,,semreuse-noaudit,20ng-sub4000-pre2000,2000,0
35,log:G4,The post discusses software rather than hardware.,rewrite,0,0,0,0,0,1.0,0.0,0.0,375,,,,,0.00023483397671952844,0.0,,semreuse-noaudit,20ng-sub4000-pre2000,2000,0
36,log:G5,The post recommends a product or a service.,rewrite,0,0,0,0,0,1.0,0.0,0.0,83,,,,,0.00025679200189188123,0.0,,semreuse-noaudit,20ng-sub4000-pre2000,2000,0
37,log:H1,The post asks for technical help with computer hardware.,exact-hit,0,0,0,0,0,1.0,1.0,1.0,271,,,,,4.582980182021856e-06,1.0,,semreuse-noaudit,20ng-sub4000-pre2000,2000,0
38,log:H2,The post is selling something.,rewrite,91,91,0,0,0,1.0,0.946236559139785,0.9723756906077349,93,,,,,0.00027320795925334096,0.946236559139785,,semreuse-noaudit,20ng-sub4000-pre2000,2000,0
39,log:H3,The post is about a motor vehicle.,rewrite,1995,1995,0,0,0,0.96875,1.0,0.9841269841269841,155,,,,,0.0002563329762779176,1.0,,semreuse-noaudit,20ng-sub4000-pre2000,2000,0
40,log:H4,The post is about a car or a motorcycle.,rewrite,247,247,0,0,0,0.9851851851851852,0.9637681159420289,0.9743589743589742,138,,,,,0.0002776249893940985,0.9637681159420289,,semreuse-noaudit,20ng-sub4000-pre2000,2000,0
41,log:H5,The post gives advice about maintaining a vehicle.,rewrite,157,157,0,0,0,0.8648648648648649,0.8648648648648649,0.8648648648648649,37,,,,,0.0003077500150538981,0.8648648648648649,,semreuse-noaudit,20ng-sub4000-pre2000,2000,0
42,log:H6,The tone of the post is angry or annoyed.,rewrite,0,0,0,0,0,1.0,0.0,0.0,769,,,,,0.0005136660183779895,0.0,,semreuse-noaudit,20ng-sub4000-pre2000,2000,0
43,log:H7,The post is about a computer operating system.,rewrite,82,82,0,0,0,1.0,0.3125,0.47619047619047616,176,,,,,0.00031066598603501916,0.3125,,semreuse-noaudit,20ng-sub4000-pre2000,2000,0
44,log:H8,The post is a for-sale advertisement.,rewrite,0,0,0,0,0,0.8854166666666666,0.9770114942528736,0.9289617486338797,87,,,,,0.0002435420174151659,0.9770114942528736,,semreuse-noaudit,20ng-sub4000-pre2000,2000,0
45,log:H9,The post discusses encryption algorithms or key management.,rewrite,1900,1900,0,0,0,0.45544554455445546,1.0,0.6258503401360545,46,,,,,0.0002626660279929638,1.0,,semreuse-noaudit,20ng-sub4000-pre2000,2000,0
46,log:H10,The post asks a question about computer hardware.,rewrite,0,0,0,0,0,1.0,0.0,0.0,352,,,,,0.00027712504379451275,0.0,,semreuse-noaudit,20ng-sub4000-pre2000,2000,0
0,log:A1,The post asks for technical help with computer hardware.,cold,2000,2000,0,0,0,1.0,1.0,1.0,271,,,,,4.199997056275606e-05,1.0,,semreuse-gt,20ng-sub4000-pre2000,2000,0
1,log:A2,The post asks for technical help with a personal computer's hardware.,cold,2000,2000,0,0,0,1.0,1.0,1.0,235,,,,,4.0082959458231926e-05,1.0,,semreuse-gt,20ng-sub4000-pre2000,2000,0
2,log:A3,The post is a request for technical assistance concerning computer hardware.,cold,2000,2000,0,0,0,1.0,1.0,1.0,305,,,,,3.56250093318522e-05,1.0,,semreuse-gt,20ng-sub4000-pre2000,2000,0
3,log:A4,The post asks for help with Macintosh hardware.,cold,2000,2000,0,0,0,1.0,1.0,1.0,59,,,,,3.7207966670393944e-05,1.0,,semreuse-gt,20ng-sub4000-pre2000,2000,0
4,log:A5,The post describes a hardware problem the author is experiencing.,cold,2000,2000,0,0,0,1.0,1.0,1.0,172,,,,,4.0499959141016006e-05,1.0,,semreuse-gt,20ng-sub4000-pre2000,2000,0
5,log:B1,The post offers an item for sale.,cold,2000,2000,0,0,0,1.0,1.0,1.0,96,,,,,5.924998549744487e-05,1.0,,semreuse-gt,20ng-sub4000-pre2000,2000,0
6,log:B2,The post offers a computer or a computer part for sale.,cold,2000,2000,0,0,0,1.0,1.0,1.0,48,,,,,4.9416034016758204e-05,1.0,,semreuse-gt,20ng-sub4000-pre2000,2000,0
7,log:B3,The post mentions a specific price in dollars.,cold,2000,2000,0,0,0,1.0,1.0,1.0,139,,,,,5.308398976922035e-05,1.0,,semreuse-gt,20ng-sub4000-pre2000,2000,0
8,log:B4,The post is an advertisement.,cold,2000,2000,0,0,0,1.0,1.0,1.0,112,,,,,0.0001128750154748559,1.0,,semreuse-gt,20ng-sub4000-pre2000,2000,0
9,log:B5,The post is looking to buy something rather than to sell something.,cold,2000,2000,0,0,0,1.0,1.0,1.0,357,,,,,7.491698488593102e-05,1.0,,semreuse-gt,20ng-sub4000-pre2000,2000,0
10,log:C1,The post discusses a professional sports team.,rewrite,1694,1535,159,0,0,1.0,0.9939759036144579,0.9969788519637462,166,0.9375,False,1.0,False,0.0011760829947888851,0.9939759036144579,False,semreuse-gt,20ng-sub4000-pre2000,2000,0
11,log:C2,The post discusses a professional baseball team.,rewrite,1813,1484,329,0,0,1.0,0.9888888888888889,0.9944134078212291,90,0.956989247311828,False,1.0,False,0.0009585829684510827,0.9888888888888889,False,semreuse-gt,20ng-sub4000-pre2000,2000,0
12,log:C3,The post mentions a player's statistics.,rewrite,2000,1535,0,465,0,1.0,1.0,1.0,55,1.0,False,1.0,False,0.0001866249949671328,1.0,False,semreuse-gt,20ng-sub4000-pre2000,2000,0
13,log:C4,The post is about a sporting event that has already taken place.,rewrite,1739,1535,204,0,0,1.0,0.9924242424242424,0.9961977186311787,132,0.903448275862069,False,1.0,False,0.0009138750028796494,0.9924242424242424,False,semreuse-gt,20ng-sub4000-pre2000,2000,0
14,log:C5,The post is about sports.,rewrite,1661,1441,220,0,0,0.9948186528497409,0.9948186528497409,0.9948186528497409,193,0.9137055837563451,False,0.9326424870466321,False,0.001298084040172398,0.9948186528497409,False,semreuse-gt,20ng-sub4000-pre2000,2000,0
15,log:D1,The post argues about politics.,rewrite,1752,1375,123,254,0,1.0,0.9932659932659933,0.9966216216216216,297,0.9104938271604939,False,1.0,False,0.0015920420410111547,0.9932659932659933,False,semreuse-gt,20ng-sub4000-pre2000,2000,0
16,log:D2,The post argues about gun control policy.,rewrite,2000,1378,0,622,0,1.0,1.0,1.0,48,1.0,False,1.0,False,0.00020133296493440866,1.0,False,semreuse-gt,20ng-sub4000-pre2000,2000,0
17,log:D3,The post expresses a religious belief.,rewrite,1626,1375,251,0,0,1.0,1.0,1.0,145,0.9177215189873418,False,1.0,False,0.0010546660050749779,1.0,False,semreuse-gt,20ng-sub4000-pre2000,2000,0
18,log:D4,The post argues about religion.,rewrite,1466,1232,234,0,0,0.9908256880733946,0.9908256880733946,0.9908256880733946,218,0.9321266968325792,False,0.944954128440367,False,0.001308040984440595,0.9908256880733946,False,semreuse-gt,20ng-sub4000-pre2000,2000,0
19,log:D5,The post discusses the Middle East.,rewrite,1965,1422,543,0,0,1.0,1.0,1.0,62,0.9841269841269841,False,1.0,False,0.0007755830301903188,1.0,False,semreuse-gt,20ng-sub4000-pre2000,2000,0
20,log:D6,The post criticizes a government or a government policy.,rewrite,1885,1375,180,330,0,1.0,0.9903381642512077,0.9951456310679612,207,0.9192825112107623,False,1.0,False,0.002119584009051323,0.9903381642512077,False,semreuse-gt,20ng-sub4000-pre2000,2000,0
21,log:E1,The author of the post is frustrated or angry.,cold,2000,2000,0,0,0,1.0,1.0,1.0,1112,,,,,0.0001308329519815743,1.0,,semreuse-gt,20ng-sub4000-pre2000,2000,0
22,log:E2,The post contains a question.,cold,2000,2000,0,0,0,1.0,1.0,1.0,740,,,,,0.00012275000335648656,1.0,,semreuse-gt,20ng-sub4000-pre2000,2000,0
23,log:E3,The post quotes another message.,cold,2000,2000,0,0,0,1.0,1.0,1.0,1528,,,,,0.0001267909538000822,1.0,,semreuse-gt,20ng-sub4000-pre2000,2000,0
24,log:E4,The post uses technical jargon.,cold,2000,2000,0,0,0,1.0,1.0,1.0,813,,,,,0.00013020896585658193,1.0,,semreuse-gt,20ng-sub4000-pre2000,2000,0
25,log:E5,The post makes a factual claim that could be checked.,cold,2000,2000,0,0,0,1.0,1.0,1.0,1145,,,,,0.0001355829881504178,1.0,,semreuse-gt,20ng-sub4000-pre2000,2000,0
26,log:F1,The post discusses medicine or health.,rewrite,1698,1258,440,0,0,1.0,1.0,1.0,100,0.9174311926605505,False,1.0,False,0.0010718340054154396,1.0,False,semreuse-gt,20ng-sub4000-pre2000,2000,0
27,log:F2,The post discusses a specific disease or medical condition.,rewrite,2000,1419,0,581,0,1.0,1.0,1.0,49,1.0,False,1.0,False,0.0002637500292621553,1.0,False,semreuse-gt,20ng-sub4000-pre2000,2000,0
28,log:F3,The post discusses space or astronomy.,rewrite,1884,1258,626,0,0,1.0,0.9863013698630136,0.993103448275862,73,0.9473684210526315,False,1.0,False,0.0010125419939868152,0.9863013698630136,False,semreuse-gt,20ng-sub4000-pre2000,2000,0
29,log:F4,The post discusses cryptography or encryption.,rewrite,1970,1346,624,0,0,1.0,1.0,1.0,62,0.96875,False,1.0,False,0.0009358749957755208,1.0,False,semreuse-gt,20ng-sub4000-pre2000,2000,0
30,log:F5,The post discusses computer security.,rewrite,1757,1414,343,0,0,1.0,1.0,1.0,98,0.9333333333333333,False,1.0,False,0.0011326670064590871,1.0,False,semreuse-gt,20ng-sub4000-pre2000,2000,0
31,log:F6,The post discusses science.,rewrite,1850,1820,30,0,0,1.0,0.9885496183206107,0.9942418426103647,262,0.925,False,1.0,False,0.001254917006008327,0.9885496183206107,False,semreuse-gt,20ng-sub4000-pre2000,2000,0
32,log:G1,The post mentions an operating system.,rewrite,1455,1226,229,0,0,1.0,1.0,1.0,196,0.9333333333333333,False,1.0,False,0.001386291056405753,1.0,False,semreuse-gt,20ng-sub4000-pre2000,2000,0
33,log:G2,The post mentions Microsoft Windows.,rewrite,1836,1187,649,0,0,1.0,1.0,1.0,73,0.9605263157894737,False,1.0,False,0.0012566660298034549,1.0,False,semreuse-gt,20ng-sub4000-pre2000,2000,0
34,log:G3,The post mentions the X Window System.,rewrite,1711,523,1188,0,0,1.0,0.9868421052631579,0.9933774834437086,76,0.9493670886075949,False,1.0,False,0.0013124170363880694,0.9868421052631579,False,semreuse-gt,20ng-sub4000-pre2000,2000,0
35,log:G4,The post discusses software rather than hardware.,rewrite,1682,1632,50,0,0,1.0,0.9866666666666667,0.9932885906040269,375,0.925,False,1.0,False,0.0011935409856960177,0.9866666666666667,False,semreuse-gt,20ng-sub4000-pre2000,2000,0
36,log:G5,The post recommends a product or a service.,rewrite,1789,1226,563,0,0,1.0,1.0,1.0,83,0.9222222222222223,False,1.0,False,0.0013428330421447754,1.0,False,semreuse-gt,20ng-sub4000-pre2000,2000,0
37,log:H1,The post asks for technical help with computer hardware.,exact-hit,0,0,0,0,0,1.0,1.0,1.0,271,,,,,9.750016033649445e-06,1.0,,semreuse-gt,20ng-sub4000-pre2000,2000,0
38,log:H2,The post is selling something.,rewrite,1715,1226,489,0,0,1.0,0.989247311827957,0.9945945945945946,93,0.9484536082474226,False,1.0,False,0.0013736659893766046,0.989247311827957,False,semreuse-gt,20ng-sub4000-pre2000,2000,0
39,log:H3,The post is about a motor vehicle.,rewrite,1468,1147,321,0,0,1.0,1.0,1.0,155,0.9171597633136095,False,1.0,False,0.001536583004053682,1.0,False,semreuse-gt,20ng-sub4000-pre2000,2000,0
40,log:H4,The post is about a car or a motorcycle.,rewrite,1598,1307,291,0,0,1.0,1.0,1.0,138,0.9387755102040817,False,1.0,False,0.0014278750168159604,1.0,False,semreuse-gt,20ng-sub4000-pre2000,2000,0
41,log:H5,The post gives advice about maintaining a vehicle.,rewrite,2000,1232,0,768,0,1.0,1.0,1.0,37,1.0,False,1.0,False,0.0004633330390788615,1.0,False,semreuse-gt,20ng-sub4000-pre2000,2000,0
42,log:H6,The tone of the post is angry or annoyed.,rewrite,1159,1112,47,0,0,1.0,0.9960988296488946,0.9980456026058632,769,0.9217809867629362,False,1.0,False,0.0014242079923860729,0.9960988296488946,False,semreuse-gt,20ng-sub4000-pre2000,2000,0
43,log:H7,The post is about a computer operating system.,rewrite,1560,1342,218,0,0,1.0,1.0,1.0,176,0.9119170984455959,False,1.0,False,0.001459833001717925,1.0,False,semreuse-gt,20ng-sub4000-pre2000,2000,0
44,log:H8,The post is a for-sale advertisement.,rewrite,1735,1180,555,0,0,1.0,1.0,1.0,87,0.9354838709677419,False,1.0,False,0.0013437920133583248,1.0,False,semreuse-gt,20ng-sub4000-pre2000,2000,0
45,log:H9,The post discusses encryption algorithms or key management.,rewrite,2000,1313,0,687,0,1.0,1.0,1.0,46,1.0,False,1.0,False,0.0004353750264272094,1.0,False,semreuse-gt,20ng-sub4000-pre2000,2000,0
46,log:H10,The post asks a question about computer hardware.,rewrite,1350,1167,183,0,0,1.0,0.9914772727272727,0.9957203994293866,352,0.9272237196765498,False,0.9856733524355301,False,0.00177575001725927,0.9914772727272727,False,semreuse-gt,20ng-sub4000-pre2000,2000,0
0,log:A1,The post asks for technical help with computer hardware.,cold,3000,3000,0,0,0,1.0,1.0,1.0,403,,,,,2.1916988771408796e-05,1.0,,cold,20ng-sub4000-pre3000,3000,0
1,log:A2,The post asks for technical help with a personal computer's hardware.,cold,3000,3000,0,0,0,1.0,1.0,1.0,353,,,,,8.20803688839078e-06,1.0,,cold,20ng-sub4000-pre3000,3000,0
2,log:A3,The post is a request for technical assistance concerning computer hardware.,cold,3000,3000,0,0,0,1.0,1.0,1.0,446,,,,,6.292015314102173e-06,1.0,,cold,20ng-sub4000-pre3000,3000,0
3,log:A4,The post asks for help with Macintosh hardware.,cold,3000,3000,0,0,0,1.0,1.0,1.0,92,,,,,5.166977643966675e-06,1.0,,cold,20ng-sub4000-pre3000,3000,0
4,log:A5,The post describes a hardware problem the author is experiencing.,cold,3000,3000,0,0,0,1.0,1.0,1.0,246,,,,,5.084031727164984e-06,1.0,,cold,20ng-sub4000-pre3000,3000,0
5,log:B1,The post offers an item for sale.,cold,3000,3000,0,0,0,1.0,1.0,1.0,154,,,,,4.499976057559252e-06,1.0,,cold,20ng-sub4000-pre3000,3000,0
6,log:B2,The post offers a computer or a computer part for sale.,cold,3000,3000,0,0,0,1.0,1.0,1.0,71,,,,,5.416048225015402e-06,1.0,,cold,20ng-sub4000-pre3000,3000,0
7,log:B3,The post mentions a specific price in dollars.,cold,3000,3000,0,0,0,1.0,1.0,1.0,215,,,,,4.541012458503246e-06,1.0,,cold,20ng-sub4000-pre3000,3000,0
8,log:B4,The post is an advertisement.,cold,3000,3000,0,0,0,1.0,1.0,1.0,170,,,,,4.792003892362118e-06,1.0,,cold,20ng-sub4000-pre3000,3000,0
9,log:B5,The post is looking to buy something rather than to sell something.,cold,3000,3000,0,0,0,1.0,1.0,1.0,535,,,,,4.541012458503246e-06,1.0,,cold,20ng-sub4000-pre3000,3000,0
10,log:C1,The post discusses a professional sports team.,cold,3000,3000,0,0,0,1.0,1.0,1.0,253,,,,,4.458008334040642e-06,1.0,,cold,20ng-sub4000-pre3000,3000,0
11,log:C2,The post discusses a professional baseball team.,cold,3000,3000,0,0,0,1.0,1.0,1.0,131,,,,,4.665984306484461e-06,1.0,,cold,20ng-sub4000-pre3000,3000,0
12,log:C3,The post mentions a player's statistics.,cold,3000,3000,0,0,0,1.0,1.0,1.0,85,,,,,4.332978278398514e-06,1.0,,cold,20ng-sub4000-pre3000,3000,0
13,log:C4,The post is about a sporting event that has already taken place.,cold,3000,3000,0,0,0,1.0,1.0,1.0,193,,,,,4.249974153935909e-06,1.0,,cold,20ng-sub4000-pre3000,3000,0
14,log:C5,The post is about sports.,cold,3000,3000,0,0,0,1.0,1.0,1.0,286,,,,,3.917026333510876e-06,1.0,,cold,20ng-sub4000-pre3000,3000,0
15,log:D1,The post argues about politics.,cold,3000,3000,0,0,0,1.0,1.0,1.0,449,,,,,4.66697383671999e-06,1.0,,cold,20ng-sub4000-pre3000,3000,0
16,log:D2,The post argues about gun control policy.,cold,3000,3000,0,0,0,1.0,1.0,1.0,65,,,,,4.62500611320138e-06,1.0,,cold,20ng-sub4000-pre3000,3000,0
17,log:D3,The post expresses a religious belief.,cold,3000,3000,0,0,0,1.0,1.0,1.0,228,,,,,4.499976057559252e-06,1.0,,cold,20ng-sub4000-pre3000,3000,0
18,log:D4,The post argues about religion.,cold,3000,3000,0,0,0,1.0,1.0,1.0,325,,,,,4.62500611320138e-06,1.0,,cold,20ng-sub4000-pre3000,3000,0
19,log:D5,The post discusses the Middle East.,cold,3000,3000,0,0,0,1.0,1.0,1.0,94,,,,,4.500034265220165e-06,1.0,,cold,20ng-sub4000-pre3000,3000,0
20,log:D6,The post criticizes a government or a government policy.,cold,3000,3000,0,0,0,1.0,1.0,1.0,307,,,,,4.542001988738775e-06,1.0,,cold,20ng-sub4000-pre3000,3000,0
21,log:E1,The author of the post is frustrated or angry.,cold,3000,3000,0,0,0,1.0,1.0,1.0,1639,,,,,4.707952030003071e-06,1.0,,cold,20ng-sub4000-pre3000,3000,0
22,log:E2,The post contains a question.,cold,3000,3000,0,0,0,1.0,1.0,1.0,1120,,,,,4.458008334040642e-06,1.0,,cold,20ng-sub4000-pre3000,3000,0
23,log:E3,The post quotes another message.,cold,3000,3000,0,0,0,1.0,1.0,1.0,2303,,,,,4.250032361596823e-06,1.0,,cold,20ng-sub4000-pre3000,3000,0
24,log:E4,The post uses technical jargon.,cold,3000,3000,0,0,0,1.0,1.0,1.0,1236,,,,,4.292000085115433e-06,1.0,,cold,20ng-sub4000-pre3000,3000,0
25,log:E5,The post makes a factual claim that could be checked.,cold,3000,3000,0,0,0,1.0,1.0,1.0,1735,,,,,4.165980499237776e-06,1.0,,cold,20ng-sub4000-pre3000,3000,0
26,log:F1,The post discusses medicine or health.,cold,3000,3000,0,0,0,1.0,1.0,1.0,158,,,,,4.791014362126589e-06,1.0,,cold,20ng-sub4000-pre3000,3000,0
27,log:F2,The post discusses a specific disease or medical condition.,cold,3000,3000,0,0,0,1.0,1.0,1.0,79,,,,,4.584027919918299e-06,1.0,,cold,20ng-sub4000-pre3000,3000,0
28,log:F3,The post discusses space or astronomy.,cold,3000,3000,0,0,0,1.0,1.0,1.0,109,,,,,4.458008334040642e-06,1.0,,cold,20ng-sub4000-pre3000,3000,0
29,log:F4,The post discusses cryptography or encryption.,cold,3000,3000,0,0,0,1.0,1.0,1.0,97,,,,,4.250032361596823e-06,1.0,,cold,20ng-sub4000-pre3000,3000,0
30,log:F5,The post discusses computer security.,cold,3000,3000,0,0,0,1.0,1.0,1.0,156,,,,,4.416040610522032e-06,1.0,,cold,20ng-sub4000-pre3000,3000,0
31,log:F6,The post discusses science.,cold,3000,3000,0,0,0,1.0,1.0,1.0,415,,,,,4.499976057559252e-06,1.0,,cold,20ng-sub4000-pre3000,3000,0
32,log:G1,The post mentions an operating system.,cold,3000,3000,0,0,0,1.0,1.0,1.0,289,,,,,4.250032361596823e-06,1.0,,cold,20ng-sub4000-pre3000,3000,0
33,log:G2,The post mentions Microsoft Windows.,cold,3000,3000,0,0,0,1.0,1.0,1.0,109,,,,,4.292000085115433e-06,1.0,,cold,20ng-sub4000-pre3000,3000,0
34,log:G3,The post mentions the X Window System.,cold,3000,3000,0,0,0,1.0,1.0,1.0,113,,,,,4.416971933096647e-06,1.0,,cold,20ng-sub4000-pre3000,3000,0
35,log:G4,The post discusses software rather than hardware.,cold,3000,3000,0,0,0,1.0,1.0,1.0,565,,,,,4.04199818149209e-06,1.0,,cold,20ng-sub4000-pre3000,3000,0
36,log:G5,The post recommends a product or a service.,cold,3000,3000,0,0,0,1.0,1.0,1.0,132,,,,,4.458008334040642e-06,1.0,,cold,20ng-sub4000-pre3000,3000,0
37,log:H1,The post asks for technical help with computer hardware.,cold,3000,3000,0,0,0,1.0,1.0,1.0,403,,,,,4.62500611320138e-06,1.0,,cold,20ng-sub4000-pre3000,3000,0
38,log:H2,The post is selling something.,cold,3000,3000,0,0,0,1.0,1.0,1.0,149,,,,,4.417030140757561e-06,1.0,,cold,20ng-sub4000-pre3000,3000,0
39,log:H3,The post is about a motor vehicle.,cold,3000,3000,0,0,0,1.0,1.0,1.0,245,,,,,4.208006430417299e-06,1.0,,cold,20ng-sub4000-pre3000,3000,0
40,log:H4,The post is about a car or a motorcycle.,cold,3000,3000,0,0,0,1.0,1.0,1.0,220,,,,,4.542001988738775e-06,1.0,,cold,20ng-sub4000-pre3000,3000,0
41,log:H5,The post gives advice about maintaining a vehicle.,cold,3000,3000,0,0,0,1.0,1.0,1.0,59,,,,,4.958012141287327e-06,1.0,,cold,20ng-sub4000-pre3000,3000,0
42,log:H6,The tone of the post is angry or annoyed.,cold,3000,3000,0,0,0,1.0,1.0,1.0,1144,,,,,4.62500611320138e-06,1.0,,cold,20ng-sub4000-pre3000,3000,0
43,log:H7,The post is about a computer operating system.,cold,3000,3000,0,0,0,1.0,1.0,1.0,263,,,,,4.499976057559252e-06,1.0,,cold,20ng-sub4000-pre3000,3000,0
44,log:H8,The post is a for-sale advertisement.,cold,3000,3000,0,0,0,1.0,1.0,1.0,138,,,,,4.04199818149209e-06,1.0,,cold,20ng-sub4000-pre3000,3000,0
45,log:H9,The post discusses encryption algorithms or key management.,cold,3000,3000,0,0,0,1.0,1.0,1.0,75,,,,,4.500034265220165e-06,1.0,,cold,20ng-sub4000-pre3000,3000,0
46,log:H10,The post asks a question about computer hardware.,cold,3000,3000,0,0,0,1.0,1.0,1.0,527,,,,,4.249974153935909e-06,1.0,,cold,20ng-sub4000-pre3000,3000,0
0,log:A1,The post asks for technical help with computer hardware.,cold,3000,3000,0,0,0,1.0,1.0,1.0,403,,,,,5.208299262449145e-05,1.0,,exact,20ng-sub4000-pre3000,3000,0
1,log:A2,The post asks for technical help with a personal computer's hardware.,cold,3000,3000,0,0,0,1.0,1.0,1.0,353,,,,,1.958396751433611e-05,1.0,,exact,20ng-sub4000-pre3000,3000,0
2,log:A3,The post is a request for technical assistance concerning computer hardware.,cold,3000,3000,0,0,0,1.0,1.0,1.0,446,,,,,1.2582982890307903e-05,1.0,,exact,20ng-sub4000-pre3000,3000,0
3,log:A4,The post asks for help with Macintosh hardware.,cold,3000,3000,0,0,0,1.0,1.0,1.0,92,,,,,1.0750023648142815e-05,1.0,,exact,20ng-sub4000-pre3000,3000,0
4,log:A5,The post describes a hardware problem the author is experiencing.,cold,3000,3000,0,0,0,1.0,1.0,1.0,246,,,,,1.2333039194345474e-05,1.0,,exact,20ng-sub4000-pre3000,3000,0
5,log:B1,The post offers an item for sale.,cold,3000,3000,0,0,0,1.0,1.0,1.0,154,,,,,1.129199517890811e-05,1.0,,exact,20ng-sub4000-pre3000,3000,0
6,log:B2,The post offers a computer or a computer part for sale.,cold,3000,3000,0,0,0,1.0,1.0,1.0,71,,,,,3.554200520738959e-05,1.0,,exact,20ng-sub4000-pre3000,3000,0
7,log:B3,The post mentions a specific price in dollars.,cold,3000,3000,0,0,0,1.0,1.0,1.0,215,,,,,1.1583964806050062e-05,1.0,,exact,20ng-sub4000-pre3000,3000,0
8,log:B4,The post is an advertisement.,cold,3000,3000,0,0,0,1.0,1.0,1.0,170,,,,,1.029198756441474e-05,1.0,,exact,20ng-sub4000-pre3000,3000,0
9,log:B5,The post is looking to buy something rather than to sell something.,cold,3000,3000,0,0,0,1.0,1.0,1.0,535,,,,,1.2041011359542608e-05,1.0,,exact,20ng-sub4000-pre3000,3000,0
10,log:C1,The post discusses a professional sports team.,cold,3000,3000,0,0,0,1.0,1.0,1.0,253,,,,,1.0540999937802553e-05,1.0,,exact,20ng-sub4000-pre3000,3000,0
11,log:C2,The post discusses a professional baseball team.,cold,3000,3000,0,0,0,1.0,1.0,1.0,131,,,,,2.0666047930717468e-05,1.0,,exact,20ng-sub4000-pre3000,3000,0
12,log:C3,The post mentions a player's statistics.,cold,3000,3000,0,0,0,1.0,1.0,1.0,85,,,,,1.0167015716433525e-05,1.0,,exact,20ng-sub4000-pre3000,3000,0
13,log:C4,The post is about a sporting event that has already taken place.,cold,3000,3000,0,0,0,1.0,1.0,1.0,193,,,,,1.0457995813339949e-05,1.0,,exact,20ng-sub4000-pre3000,3000,0
14,log:C5,The post is about sports.,cold,3000,3000,0,0,0,1.0,1.0,1.0,286,,,,,1.0624993592500687e-05,1.0,,exact,20ng-sub4000-pre3000,3000,0
15,log:D1,The post argues about politics.,cold,3000,3000,0,0,0,1.0,1.0,1.0,449,,,,,9.29099041968584e-06,1.0,,exact,20ng-sub4000-pre3000,3000,0
16,log:D2,The post argues about gun control policy.,cold,3000,3000,0,0,0,1.0,1.0,1.0,65,,,,,3.4334021620452404e-05,1.0,,exact,20ng-sub4000-pre3000,3000,0
17,log:D3,The post expresses a religious belief.,cold,3000,3000,0,0,0,1.0,1.0,1.0,228,,,,,1.0499963536858559e-05,1.0,,exact,20ng-sub4000-pre3000,3000,0
18,log:D4,The post argues about religion.,cold,3000,3000,0,0,0,1.0,1.0,1.0,325,,,,,8.66700429469347e-06,1.0,,exact,20ng-sub4000-pre3000,3000,0
19,log:D5,The post discusses the Middle East.,cold,3000,3000,0,0,0,1.0,1.0,1.0,94,,,,,1.0167015716433525e-05,1.0,,exact,20ng-sub4000-pre3000,3000,0
20,log:D6,The post criticizes a government or a government policy.,cold,3000,3000,0,0,0,1.0,1.0,1.0,307,,,,,9.333016350865364e-06,1.0,,exact,20ng-sub4000-pre3000,3000,0
21,log:E1,The author of the post is frustrated or angry.,cold,3000,3000,0,0,0,1.0,1.0,1.0,1639,,,,,1.7833022866398096e-05,1.0,,exact,20ng-sub4000-pre3000,3000,0
22,log:E2,The post contains a question.,cold,3000,3000,0,0,0,1.0,1.0,1.0,1120,,,,,9.167008101940155e-06,1.0,,exact,20ng-sub4000-pre3000,3000,0
23,log:E3,The post quotes another message.,cold,3000,3000,0,0,0,1.0,1.0,1.0,2303,,,,,8.583010639995337e-06,1.0,,exact,20ng-sub4000-pre3000,3000,0
24,log:E4,The post uses technical jargon.,cold,3000,3000,0,0,0,1.0,1.0,1.0,1236,,,,,9.750016033649445e-06,1.0,,exact,20ng-sub4000-pre3000,3000,0
25,log:E5,The post makes a factual claim that could be checked.,cold,3000,3000,0,0,0,1.0,1.0,1.0,1735,,,,,8.875038474798203e-06,1.0,,exact,20ng-sub4000-pre3000,3000,0
26,log:F1,The post discusses medicine or health.,cold,3000,3000,0,0,0,1.0,1.0,1.0,158,,,,,1.7457990907132626e-05,1.0,,exact,20ng-sub4000-pre3000,3000,0
27,log:F2,The post discusses a specific disease or medical condition.,cold,3000,3000,0,0,0,1.0,1.0,1.0,79,,,,,1.0040996130555868e-05,1.0,,exact,20ng-sub4000-pre3000,3000,0
28,log:F3,The post discusses space or astronomy.,cold,3000,3000,0,0,0,1.0,1.0,1.0,109,,,,,9.167008101940155e-06,1.0,,exact,20ng-sub4000-pre3000,3000,0
29,log:F4,The post discusses cryptography or encryption.,cold,3000,3000,0,0,0,1.0,1.0,1.0,97,,,,,9.959039743989706e-06,1.0,,exact,20ng-sub4000-pre3000,3000,0
30,log:F5,The post discusses computer security.,cold,3000,3000,0,0,0,1.0,1.0,1.0,156,,,,,8.542032446712255e-06,1.0,,exact,20ng-sub4000-pre3000,3000,0
31,log:F6,The post discusses science.,cold,3000,3000,0,0,0,1.0,1.0,1.0,415,,,,,1.7416023183614016e-05,1.0,,exact,20ng-sub4000-pre3000,3000,0
32,log:G1,The post mentions an operating system.,cold,3000,3000,0,0,0,1.0,1.0,1.0,289,,,,,9.374984074383974e-06,1.0,,exact,20ng-sub4000-pre3000,3000,0
33,log:G2,The post mentions Microsoft Windows.,cold,3000,3000,0,0,0,1.0,1.0,1.0,109,,,,,9.040988516062498e-06,1.0,,exact,20ng-sub4000-pre3000,3000,0
34,log:G3,The post mentions the X Window System.,cold,3000,3000,0,0,0,1.0,1.0,1.0,113,,,,,9.374984074383974e-06,1.0,,exact,20ng-sub4000-pre3000,3000,0
35,log:G4,The post discusses software rather than hardware.,cold,3000,3000,0,0,0,1.0,1.0,1.0,565,,,,,9.374984074383974e-06,1.0,,exact,20ng-sub4000-pre3000,3000,0
36,log:G5,The post recommends a product or a service.,cold,3000,3000,0,0,0,1.0,1.0,1.0,132,,,,,1.6000005416572094e-05,1.0,,exact,20ng-sub4000-pre3000,3000,0
37,log:H1,The post asks for technical help with computer hardware.,exact-hit,0,0,0,0,0,1.0,1.0,1.0,403,,,,,3.875000402331352e-06,1.0,,exact,20ng-sub4000-pre3000,3000,0
38,log:H2,The post is selling something.,cold,3000,3000,0,0,0,1.0,1.0,1.0,149,,,,,9.916024282574654e-06,1.0,,exact,20ng-sub4000-pre3000,3000,0
39,log:H3,The post is about a motor vehicle.,cold,3000,3000,0,0,0,1.0,1.0,1.0,245,,,,,1.0457995813339949e-05,1.0,,exact,20ng-sub4000-pre3000,3000,0
40,log:H4,The post is about a car or a motorcycle.,cold,3000,3000,0,0,0,1.0,1.0,1.0,220,,,,,9.707990102469921e-06,1.0,,exact,20ng-sub4000-pre3000,3000,0
41,log:H5,The post gives advice about maintaining a vehicle.,cold,3000,3000,0,0,0,1.0,1.0,1.0,59,,,,,9.333016350865364e-06,1.0,,exact,20ng-sub4000-pre3000,3000,0
42,log:H6,The tone of the post is angry or annoyed.,cold,3000,3000,0,0,0,1.0,1.0,1.0,1144,,,,,1.7874990589916706e-05,1.0,,exact,20ng-sub4000-pre3000,3000,0
43,log:H7,The post is about a computer operating system.,cold,3000,3000,0,0,0,1.0,1.0,1.0,263,,,,,1.0624993592500687e-05,1.0,,exact,20ng-sub4000-pre3000,3000,0
44,log:H8,The post is a for-sale advertisement.,cold,3000,3000,0,0,0,1.0,1.0,1.0,138,,,,,9.624985978007317e-06,1.0,,exact,20ng-sub4000-pre3000,3000,0
45,log:H9,The post discusses encryption algorithms or key management.,cold,3000,3000,0,0,0,1.0,1.0,1.0,75,,,,,1.0333023965358734e-05,1.0,,exact,20ng-sub4000-pre3000,3000,0
46,log:H10,The post asks a question about computer hardware.,cold,3000,3000,0,0,0,1.0,1.0,1.0,527,,,,,8.791976142674685e-06,1.0,,exact,20ng-sub4000-pre3000,3000,0
0,log:A1,The post asks for technical help with computer hardware.,cold,3000,3000,0,0,0,1.0,1.0,1.0,403,,,,,0.006572209007572383,1.0,,embed@0.8,20ng-sub4000-pre3000,3000,0
1,log:A2,The post asks for technical help with a personal computer's hardware.,embed-hit@0.94,0,0,0,0,0,0.8411910669975186,0.9603399433427762,0.8968253968253969,353,,,,,0.006647749978583306,0.9603399433427762,,embed@0.8,20ng-sub4000-pre3000,3000,0
2,log:A3,The post is a request for technical assistance concerning computer hardware.,embed-hit@0.92,0,0,0,0,0,0.9801488833746899,0.8856502242152466,0.9305064782096585,446,,,,,0.0056089580175466835,0.8856502242152466,,embed@0.8,20ng-sub4000-pre3000,3000,0
3,log:A4,The post asks for help with Macintosh hardware.,cold,3000,3000,0,0,0,1.0,1.0,1.0,92,,,,,0.005068374972324818,1.0,,embed@0.8,20ng-sub4000-pre3000,3000,0
4,log:A5,The post describes a hardware problem the author is experiencing.,cold,3000,3000,0,0,0,1.0,1.0,1.0,246,,,,,0.005343375029042363,1.0,,embed@0.8,20ng-sub4000-pre3000,3000,0
5,log:B1,The post offers an item for sale.,cold,3000,3000,0,0,0,1.0,1.0,1.0,154,,,,,0.004873625002801418,1.0,,embed@0.8,20ng-sub4000-pre3000,3000,0
6,log:B2,The post offers a computer or a computer part for sale.,cold,3000,3000,0,0,0,1.0,1.0,1.0,71,,,,,0.0060653340187855065,1.0,,embed@0.8,20ng-sub4000-pre3000,3000,0
7,log:B3,The post mentions a specific price in dollars.,cold,3000,3000,0,0,0,1.0,1.0,1.0,215,,,,,0.007059750030748546,1.0,,embed@0.8,20ng-sub4000-pre3000,3000,0
8,log:B4,The post is an advertisement.,cold,3000,3000,0,0,0,1.0,1.0,1.0,170,,,,,0.008963041997049004,1.0,,embed@0.8,20ng-sub4000-pre3000,3000,0
9,log:B5,The post is looking to buy something rather than to sell something.,cold,3000,3000,0,0,0,1.0,1.0,1.0,535,,,,,0.007480500033125281,1.0,,embed@0.8,20ng-sub4000-pre3000,3000,0
10,log:C1,The post discusses a professional sports team.,cold,3000,3000,0,0,0,1.0,1.0,1.0,253,,,,,0.006717125012073666,1.0,,embed@0.8,20ng-sub4000-pre3000,3000,0
11,log:C2,The post discusses a professional baseball team.,embed-hit@0.85,0,0,0,0,0,0.5098814229249012,0.9847328244274809,0.6718750000000001,131,,,,,0.007127958000637591,0.9847328244274809,,embed@0.8,20ng-sub4000-pre3000,3000,0
12,log:C3,The post mentions a player's statistics.,cold,3000,3000,0,0,0,1.0,1.0,1.0,85,,,,,0.006132625043392181,1.0,,embed@0.8,20ng-sub4000-pre3000,3000,0
13,log:C4,The post is about a sporting event that has already taken place.,cold,3000,3000,0,0,0,1.0,1.0,1.0,193,,,,,0.006294249964412302,1.0,,embed@0.8,20ng-sub4000-pre3000,3000,0
14,log:C5,The post is about sports.,embed-hit@0.81,0,0,0,0,0,0.9378238341968912,0.6328671328671329,0.7557411273486431,286,,,,,0.008322665991727263,0.6328671328671329,,embed@0.8,20ng-sub4000-pre3000,3000,0
15,log:D1,The post argues about politics.,cold,3000,3000,0,0,0,1.0,1.0,1.0,449,,,,,0.009038416959811002,1.0,,embed@0.8,20ng-sub4000-pre3000,3000,0
16,log:D2,The post argues about gun control policy.,cold,3000,3000,0,0,0,1.0,1.0,1.0,65,,,,,0.008831792045384645,1.0,,embed@0.8,20ng-sub4000-pre3000,3000,0
17,log:D3,The post expresses a religious belief.,cold,3000,3000,0,0,0,1.0,1.0,1.0,228,,,,,0.0071167919668368995,1.0,,embed@0.8,20ng-sub4000-pre3000,3000,0
18,log:D4,The post argues about religion.,embed-hit@0.82,0,0,0,0,0,0.9824561403508771,0.6892307692307692,0.8101265822784811,325,,,,,0.00782354100374505,0.6892307692307692,,embed@0.8,20ng-sub4000-pre3000,3000,0
19,log:D5,The post discusses the Middle East.,cold,3000,3000,0,0,0,1.0,1.0,1.0,94,,,,,0.006805832963436842,1.0,,embed@0.8,20ng-sub4000-pre3000,3000,0
20,log:D6,The post criticizes a government or a government policy.,cold,3000,3000,0,0,0,1.0,1.0,1.0,307,,,,,0.006990083027631044,1.0,,embed@0.8,20ng-sub4000-pre3000,3000,0
21,log:E1,The author of the post is frustrated or angry.,cold,3000,3000,0,0,0,1.0,1.0,1.0,1639,,,,,0.005582707992289215,1.0,,embed@0.8,20ng-sub4000-pre3000,3000,0
22,log:E2,The post contains a question.,cold,3000,3000,0,0,0,1.0,1.0,1.0,1120,,,,,0.005352209031116217,1.0,,embed@0.8,20ng-sub4000-pre3000,3000,0
23,log:E3,The post quotes another message.,cold,3000,3000,0,0,0,1.0,1.0,1.0,2303,,,,,0.005231208982877433,1.0,,embed@0.8,20ng-sub4000-pre3000,3000,0
24,log:E4,The post uses technical jargon.,cold,3000,3000,0,0,0,1.0,1.0,1.0,1236,,,,,0.004727124993223697,1.0,,embed@0.8,20ng-sub4000-pre3000,3000,0
25,log:E5,The post makes a factual claim that could be checked.,cold,3000,3000,0,0,0,1.0,1.0,1.0,1735,,,,,0.004791416984517127,1.0,,embed@0.8,20ng-sub4000-pre3000,3000,0
26,log:F1,The post discusses medicine or health.,cold,3000,3000,0,0,0,1.0,1.0,1.0,158,,,,,0.004728041996713728,1.0,,embed@0.8,20ng-sub4000-pre3000,3000,0
27,log:F2,The post discusses a specific disease or medical condition.,cold,3000,3000,0,0,0,1.0,1.0,1.0,79,,,,,0.004748999956063926,1.0,,embed@0.8,20ng-sub4000-pre3000,3000,0
28,log:F3,The post discusses space or astronomy.,cold,3000,3000,0,0,0,1.0,1.0,1.0,109,,,,,0.004682875005528331,1.0,,embed@0.8,20ng-sub4000-pre3000,3000,0
29,log:F4,The post discusses cryptography or encryption.,cold,3000,3000,0,0,0,1.0,1.0,1.0,97,,,,,0.004652374947909266,1.0,,embed@0.8,20ng-sub4000-pre3000,3000,0
30,log:F5,The post discusses computer security.,cold,3000,3000,0,0,0,1.0,1.0,1.0,156,,,,,0.005611791042611003,1.0,,embed@0.8,20ng-sub4000-pre3000,3000,0
31,log:F6,The post discusses science.,cold,3000,3000,0,0,0,1.0,1.0,1.0,415,,,,,0.005335666995961219,1.0,,embed@0.8,20ng-sub4000-pre3000,3000,0
32,log:G1,The post mentions an operating system.,cold,3000,3000,0,0,0,1.0,1.0,1.0,289,,,,,0.004712541995104402,1.0,,embed@0.8,20ng-sub4000-pre3000,3000,0
33,log:G2,The post mentions Microsoft Windows.,embed-hit@0.81,0,0,0,0,0,0.356401384083045,0.944954128440367,0.5175879396984925,109,,,,,0.006577833031769842,0.944954128440367,,embed@0.8,20ng-sub4000-pre3000,3000,0
34,log:G3,The post mentions the X Window System.,cold,3000,3000,0,0,0,1.0,1.0,1.0,113,,,,,0.005895125039387494,1.0,,embed@0.8,20ng-sub4000-pre3000,3000,0
35,log:G4,The post discusses software rather than hardware.,cold,3000,3000,0,0,0,1.0,1.0,1.0,565,,,,,0.006594333040993661,1.0,,embed@0.8,20ng-sub4000-pre3000,3000,0
36,log:G5,The post recommends a product or a service.,cold,3000,3000,0,0,0,1.0,1.0,1.0,132,,,,,0.006322958972305059,1.0,,embed@0.8,20ng-sub4000-pre3000,3000,0
37,log:H1,The post asks for technical help with computer hardware.,embed-hit@1.00,0,0,0,0,0,1.0,1.0,1.0,403,,,,,3.241602098569274e-05,1.0,,embed@0.8,20ng-sub4000-pre3000,3000,0
38,log:H2,The post is selling something.,embed-hit@0.82,0,0,0,0,0,0.020560747663551402,0.0738255033557047,0.03216374269005848,149,,,,,0.009569458023179322,0.0738255033557047,,embed@0.8,20ng-sub4000-pre3000,3000,0
39,log:H3,The post is about a motor vehicle.,cold,3000,3000,0,0,0,1.0,1.0,1.0,245,,,,,0.005515750031918287,1.0,,embed@0.8,20ng-sub4000-pre3000,3000,0
40,log:H4,The post is about a car or a motorcycle.,embed-hit@0.87,0,0,0,0,0,0.8693877551020408,0.9681818181818181,0.9161290322580645,220,,,,,0.005622833967208862,0.9681818181818181,,embed@0.8,20ng-sub4000-pre3000,3000,0
41,log:H5,The post gives advice about maintaining a vehicle.,cold,3000,3000,0,0,0,1.0,1.0,1.0,59,,,,,0.005823209008667618,1.0,,embed@0.8,20ng-sub4000-pre3000,3000,0
42,log:H6,The tone of the post is angry or annoyed.,cold,3000,3000,0,0,0,1.0,1.0,1.0,1144,,,,,0.007076165988110006,1.0,,embed@0.8,20ng-sub4000-pre3000,3000,0
43,log:H7,The post is about a computer operating system.,cold,3000,3000,0,0,0,1.0,1.0,1.0,263,,,,,0.006740540964528918,1.0,,embed@0.8,20ng-sub4000-pre3000,3000,0
44,log:H8,The post is a for-sale advertisement.,embed-hit@0.91,0,0,0,0,0,0.7764705882352941,0.9565217391304348,0.8571428571428571,138,,,,,0.006912250013556331,0.9565217391304348,,embed@0.8,20ng-sub4000-pre3000,3000,0
45,log:H9,The post discusses encryption algorithms or key management.,embed-hit@0.82,0,0,0,0,0,0.7525773195876289,0.9733333333333334,0.8488372093023255,75,,,,,0.0069017920177429914,0.9733333333333334,,embed@0.8,20ng-sub4000-pre3000,3000,0
46,log:H10,The post asks a question about computer hardware.,embed-hit@0.86,0,0,0,0,0,0.967741935483871,0.7400379506641366,0.8387096774193549,527,,,,,0.00679512502392754,0.7400379506641366,,embed@0.8,20ng-sub4000-pre3000,3000,0
0,log:A1,The post asks for technical help with computer hardware.,cold,3000,3000,0,0,0,1.0,1.0,1.0,403,,,,,0.007121667033061385,1.0,,embed@0.9,20ng-sub4000-pre3000,3000,0
1,log:A2,The post asks for technical help with a personal computer's hardware.,embed-hit@0.94,0,0,0,0,0,0.8411910669975186,0.9603399433427762,0.8968253968253969,353,,,,,0.008641667023766786,0.9603399433427762,,embed@0.9,20ng-sub4000-pre3000,3000,0
2,log:A3,The post is a request for technical assistance concerning computer hardware.,embed-hit@0.92,0,0,0,0,0,0.9801488833746899,0.8856502242152466,0.9305064782096585,446,,,,,0.007779542007483542,0.8856502242152466,,embed@0.9,20ng-sub4000-pre3000,3000,0
3,log:A4,The post asks for help with Macintosh hardware.,cold,3000,3000,0,0,0,1.0,1.0,1.0,92,,,,,0.008019583998247981,1.0,,embed@0.9,20ng-sub4000-pre3000,3000,0
4,log:A5,The post describes a hardware problem the author is experiencing.,cold,3000,3000,0,0,0,1.0,1.0,1.0,246,,,,,0.007430750003550202,1.0,,embed@0.9,20ng-sub4000-pre3000,3000,0
5,log:B1,The post offers an item for sale.,cold,3000,3000,0,0,0,1.0,1.0,1.0,154,,,,,0.0065799999865703285,1.0,,embed@0.9,20ng-sub4000-pre3000,3000,0
6,log:B2,The post offers a computer or a computer part for sale.,cold,3000,3000,0,0,0,1.0,1.0,1.0,71,,,,,0.005054166016634554,1.0,,embed@0.9,20ng-sub4000-pre3000,3000,0
7,log:B3,The post mentions a specific price in dollars.,cold,3000,3000,0,0,0,1.0,1.0,1.0,215,,,,,0.0048932909849099815,1.0,,embed@0.9,20ng-sub4000-pre3000,3000,0
8,log:B4,The post is an advertisement.,cold,3000,3000,0,0,0,1.0,1.0,1.0,170,,,,,0.006047292030416429,1.0,,embed@0.9,20ng-sub4000-pre3000,3000,0
9,log:B5,The post is looking to buy something rather than to sell something.,cold,3000,3000,0,0,0,1.0,1.0,1.0,535,,,,,0.005589167005382478,1.0,,embed@0.9,20ng-sub4000-pre3000,3000,0
10,log:C1,The post discusses a professional sports team.,cold,3000,3000,0,0,0,1.0,1.0,1.0,253,,,,,0.005449708958622068,1.0,,embed@0.9,20ng-sub4000-pre3000,3000,0
11,log:C2,The post discusses a professional baseball team.,cold,3000,3000,0,0,0,1.0,1.0,1.0,131,,,,,0.005322457989677787,1.0,,embed@0.9,20ng-sub4000-pre3000,3000,0
12,log:C3,The post mentions a player's statistics.,cold,3000,3000,0,0,0,1.0,1.0,1.0,85,,,,,0.005523999978322536,1.0,,embed@0.9,20ng-sub4000-pre3000,3000,0
13,log:C4,The post is about a sporting event that has already taken place.,cold,3000,3000,0,0,0,1.0,1.0,1.0,193,,,,,0.0055954999988898635,1.0,,embed@0.9,20ng-sub4000-pre3000,3000,0
14,log:C5,The post is about sports.,cold,3000,3000,0,0,0,1.0,1.0,1.0,286,,,,,0.006498292030300945,1.0,,embed@0.9,20ng-sub4000-pre3000,3000,0
15,log:D1,The post argues about politics.,cold,3000,3000,0,0,0,1.0,1.0,1.0,449,,,,,0.006823250034358352,1.0,,embed@0.9,20ng-sub4000-pre3000,3000,0
16,log:D2,The post argues about gun control policy.,cold,3000,3000,0,0,0,1.0,1.0,1.0,65,,,,,0.00751679198583588,1.0,,embed@0.9,20ng-sub4000-pre3000,3000,0
17,log:D3,The post expresses a religious belief.,cold,3000,3000,0,0,0,1.0,1.0,1.0,228,,,,,0.007064124976750463,1.0,,embed@0.9,20ng-sub4000-pre3000,3000,0
18,log:D4,The post argues about religion.,cold,3000,3000,0,0,0,1.0,1.0,1.0,325,,,,,0.008542499970644712,1.0,,embed@0.9,20ng-sub4000-pre3000,3000,0
19,log:D5,The post discusses the Middle East.,cold,3000,3000,0,0,0,1.0,1.0,1.0,94,,,,,0.007307457970455289,1.0,,embed@0.9,20ng-sub4000-pre3000,3000,0
20,log:D6,The post criticizes a government or a government policy.,cold,3000,3000,0,0,0,1.0,1.0,1.0,307,,,,,0.0074205000419169664,1.0,,embed@0.9,20ng-sub4000-pre3000,3000,0
21,log:E1,The author of the post is frustrated or angry.,cold,3000,3000,0,0,0,1.0,1.0,1.0,1639,,,,,0.007535165990702808,1.0,,embed@0.9,20ng-sub4000-pre3000,3000,0
22,log:E2,The post contains a question.,cold,3000,3000,0,0,0,1.0,1.0,1.0,1120,,,,,0.00890466698911041,1.0,,embed@0.9,20ng-sub4000-pre3000,3000,0
23,log:E3,The post quotes another message.,cold,3000,3000,0,0,0,1.0,1.0,1.0,2303,,,,,0.008179540978744626,1.0,,embed@0.9,20ng-sub4000-pre3000,3000,0
24,log:E4,The post uses technical jargon.,cold,3000,3000,0,0,0,1.0,1.0,1.0,1236,,,,,0.006523124990053475,1.0,,embed@0.9,20ng-sub4000-pre3000,3000,0
25,log:E5,The post makes a factual claim that could be checked.,cold,3000,3000,0,0,0,1.0,1.0,1.0,1735,,,,,0.00723379198461771,1.0,,embed@0.9,20ng-sub4000-pre3000,3000,0
26,log:F1,The post discusses medicine or health.,cold,3000,3000,0,0,0,1.0,1.0,1.0,158,,,,,0.007172084006015211,1.0,,embed@0.9,20ng-sub4000-pre3000,3000,0
27,log:F2,The post discusses a specific disease or medical condition.,cold,3000,3000,0,0,0,1.0,1.0,1.0,79,,,,,0.007514542026910931,1.0,,embed@0.9,20ng-sub4000-pre3000,3000,0
28,log:F3,The post discusses space or astronomy.,cold,3000,3000,0,0,0,1.0,1.0,1.0,109,,,,,0.007261833001393825,1.0,,embed@0.9,20ng-sub4000-pre3000,3000,0
29,log:F4,The post discusses cryptography or encryption.,cold,3000,3000,0,0,0,1.0,1.0,1.0,97,,,,,0.006828333018347621,1.0,,embed@0.9,20ng-sub4000-pre3000,3000,0
30,log:F5,The post discusses computer security.,cold,3000,3000,0,0,0,1.0,1.0,1.0,156,,,,,0.005900791962631047,1.0,,embed@0.9,20ng-sub4000-pre3000,3000,0
31,log:F6,The post discusses science.,cold,3000,3000,0,0,0,1.0,1.0,1.0,415,,,,,0.007368292019236833,1.0,,embed@0.9,20ng-sub4000-pre3000,3000,0
32,log:G1,The post mentions an operating system.,cold,3000,3000,0,0,0,1.0,1.0,1.0,289,,,,,0.006419791025109589,1.0,,embed@0.9,20ng-sub4000-pre3000,3000,0
33,log:G2,The post mentions Microsoft Windows.,cold,3000,3000,0,0,0,1.0,1.0,1.0,109,,,,,0.007290292007382959,1.0,,embed@0.9,20ng-sub4000-pre3000,3000,0
34,log:G3,The post mentions the X Window System.,cold,3000,3000,0,0,0,1.0,1.0,1.0,113,,,,,0.006390166992787272,1.0,,embed@0.9,20ng-sub4000-pre3000,3000,0
35,log:G4,The post discusses software rather than hardware.,cold,3000,3000,0,0,0,1.0,1.0,1.0,565,,,,,0.0062122910167090595,1.0,,embed@0.9,20ng-sub4000-pre3000,3000,0
36,log:G5,The post recommends a product or a service.,cold,3000,3000,0,0,0,1.0,1.0,1.0,132,,,,,0.005299875047057867,1.0,,embed@0.9,20ng-sub4000-pre3000,3000,0
37,log:H1,The post asks for technical help with computer hardware.,embed-hit@1.00,0,0,0,0,0,1.0,1.0,1.0,403,,,,,3.120803739875555e-05,1.0,,embed@0.9,20ng-sub4000-pre3000,3000,0
38,log:H2,The post is selling something.,cold,3000,3000,0,0,0,1.0,1.0,1.0,149,,,,,0.006298040971159935,1.0,,embed@0.9,20ng-sub4000-pre3000,3000,0
39,log:H3,The post is about a motor vehicle.,cold,3000,3000,0,0,0,1.0,1.0,1.0,245,,,,,0.006698250013869256,1.0,,embed@0.9,20ng-sub4000-pre3000,3000,0
40,log:H4,The post is about a car or a motorcycle.,cold,3000,3000,0,0,0,1.0,1.0,1.0,220,,,,,0.006682167004328221,1.0,,embed@0.9,20ng-sub4000-pre3000,3000,0
41,log:H5,The post gives advice about maintaining a vehicle.,cold,3000,3000,0,0,0,1.0,1.0,1.0,59,,,,,0.00553433399181813,1.0,,embed@0.9,20ng-sub4000-pre3000,3000,0
42,log:H6,The tone of the post is angry or annoyed.,cold,3000,3000,0,0,0,1.0,1.0,1.0,1144,,,,,0.004817042034119368,1.0,,embed@0.9,20ng-sub4000-pre3000,3000,0
43,log:H7,The post is about a computer operating system.,cold,3000,3000,0,0,0,1.0,1.0,1.0,263,,,,,0.006791750027332455,1.0,,embed@0.9,20ng-sub4000-pre3000,3000,0
44,log:H8,The post is a for-sale advertisement.,embed-hit@0.91,0,0,0,0,0,0.7764705882352941,0.9565217391304348,0.8571428571428571,138,,,,,0.006519457965623587,0.9565217391304348,,embed@0.9,20ng-sub4000-pre3000,3000,0
45,log:H9,The post discusses encryption algorithms or key management.,cold,3000,3000,0,0,0,1.0,1.0,1.0,75,,,,,0.0065898330067284405,1.0,,embed@0.9,20ng-sub4000-pre3000,3000,0
46,log:H10,The post asks a question about computer hardware.,cold,3000,3000,0,0,0,1.0,1.0,1.0,527,,,,,0.0066393749439157546,1.0,,embed@0.9,20ng-sub4000-pre3000,3000,0
0,log:A1,The post asks for technical help with computer hardware.,cold,3000,3000,0,0,0,1.0,1.0,1.0,403,,,,,8.745800005272031e-05,1.0,,semreuse,20ng-sub4000-pre3000,3000,0
1,log:A2,The post asks for technical help with a personal computer's hardware.,rewrite,3000,2597,29,374,2,1.0,1.0,1.0,353,1.0,False,1.0,False,0.040117249998729676,1.0,False,semreuse,20ng-sub4000-pre3000,3000,0
2,log:A3,The post is a request for technical assistance concerning computer hardware.,rewrite,2684,64,413,2207,4,0.9886621315192744,0.9775784753363229,0.9830890642615558,446,0.9692671394799054,False,0.9297052154195011,False,0.03755225002532825,0.9775784753363229,False,semreuse,20ng-sub4000-pre3000,3000,0
3,log:A4,The post asks for help with Macintosh hardware.,rewrite,3000,2545,36,419,6,1.0,1.0,1.0,92,1.0,False,1.0,False,0.0475073330453597,1.0,False,semreuse,20ng-sub4000-pre3000,3000,0
4,log:A5,The post describes a hardware problem the author is experiencing.,cold,3000,3000,0,0,8,1.0,1.0,1.0,246,,,,,0.041273207985796034,1.0,,semreuse,20ng-sub4000-pre3000,3000,0
5,log:B1,The post offers an item for sale.,cold,3000,3000,0,0,10,1.0,1.0,1.0,154,,,,,0.03642991604283452,1.0,,semreuse,20ng-sub4000-pre3000,3000,0
6,log:B2,The post offers a computer or a computer part for sale.,rewrite,3000,2846,29,125,12,1.0,1.0,1.0,71,1.0,False,1.0,False,0.040379917016252875,1.0,False,semreuse,20ng-sub4000-pre3000,3000,0
7,log:B3,The post mentions a specific price in dollars.,cold,3000,3000,0,0,14,1.0,1.0,1.0,215,,,,,0.05016337498091161,1.0,,semreuse,20ng-sub4000-pre3000,3000,0
8,log:B4,The post is an advertisement.,rewrite,3000,3,0,2997,16,1.0,1.0,1.0,170,1.0,False,1.0,False,0.05171712505398318,1.0,False,semreuse,20ng-sub4000-pre3000,3000,0
9,log:B5,The post is looking to buy something rather than to sell something.,rewrite,3000,45,0,2955,18,1.0,1.0,1.0,535,1.0,False,1.0,False,0.04052766697714105,1.0,False,semreuse,20ng-sub4000-pre3000,3000,0
10,log:C1,The post discusses a professional sports team.,cold,3000,3000,0,0,20,1.0,1.0,1.0,253,,,,,0.040939792001154274,1.0,,semreuse,20ng-sub4000-pre3000,3000,0
11,log:C2,The post discusses a professional baseball team.,rewrite,3000,405,990,1605,22,1.0,1.0,1.0,131,1.0,False,1.0,False,0.05061970802489668,1.0,False,semreuse,20ng-sub4000-pre3000,3000,0
12,log:C3,The post mentions a player's statistics.,rewrite,3000,154,0,2846,24,1.0,1.0,1.0,85,1.0,False,1.0,False,0.04638000001432374,1.0,False,semreuse,20ng-sub4000-pre3000,3000,0
13,log:C4,The post is about a sporting event that has already taken place.,cold,3000,3000,0,0,26,1.0,1.0,1.0,193,,,,,0.04829458298627287,1.0,,semreuse,20ng-sub4000-pre3000,3000,0
14,log:C5,The post is about sports.,rewrite,2978,90,1610,1278,28,1.0,0.9265734265734266,0.9618874773139745,286,0.9233449477351916,False,1.0,False,0.047958250041119754,0.9265734265734266,False,semreuse,20ng-sub4000-pre3000,3000,0
15,log:D1,The post argues about politics.,cold,3000,3000,0,0,30,1.0,1.0,1.0,449,,,,,0.05018262501107529,1.0,,semreuse,20ng-sub4000-pre3000,3000,0
16,log:D2,The post argues about gun control policy.,cold,3000,3000,0,0,32,1.0,1.0,1.0,65,,,,,0.04739083303138614,1.0,,semreuse,20ng-sub4000-pre3000,3000,0
17,log:D3,The post expresses a religious belief.,rewrite,3000,2830,29,141,34,1.0,1.0,1.0,228,1.0,False,1.0,False,0.05366487498395145,1.0,False,semreuse,20ng-sub4000-pre3000,3000,0
18,log:D4,The post argues about religion.,cold,3000,3000,0,0,36,1.0,1.0,1.0,325,,,,,0.05435525003122166,1.0,,semreuse,20ng-sub4000-pre3000,3000,0
19,log:D5,The post discusses the Middle East.,rewrite,3000,735,1131,1134,38,1.0,1.0,1.0,94,1.0,False,1.0,False,0.0505619160248898,1.0,False,semreuse,20ng-sub4000-pre3000,3000,0
20,log:D6,The post criticizes a government or a government policy.,cold,3000,3000,0,0,40,1.0,1.0,1.0,307,,,,,0.058508665999397635,1.0,,semreuse,20ng-sub4000-pre3000,3000,0
21,log:E1,The author of the post is frustrated or angry.,cold,3000,3000,0,0,42,1.0,1.0,1.0,1639,,,,,0.06303733395179734,1.0,,semreuse,20ng-sub4000-pre3000,3000,0
22,log:E2,The post contains a question.,rewrite,3000,0,0,3000,44,1.0,1.0,1.0,1120,1.0,False,1.0,False,0.056538957986049354,1.0,False,semreuse,20ng-sub4000-pre3000,3000,0
23,log:E3,The post quotes another message.,rewrite,3000,0,0,3000,46,1.0,1.0,1.0,2303,1.0,False,1.0,False,0.05395037500420585,1.0,False,semreuse,20ng-sub4000-pre3000,3000,0
24,log:E4,The post uses technical jargon.,cold,3000,3000,0,0,48,1.0,1.0,1.0,1236,,,,,0.059111874958034605,1.0,,semreuse,20ng-sub4000-pre3000,3000,0
25,log:E5,The post makes a factual claim that could be checked.,rewrite,3000,0,0,3000,50,1.0,1.0,1.0,1735,1.0,False,1.0,False,0.06264841696247458,1.0,False,semreuse,20ng-sub4000-pre3000,3000,0
26,log:F1,The post discusses medicine or health.,rewrite,3000,803,72,2125,52,1.0,1.0,1.0,158,1.0,False,1.0,False,0.05946754099568352,1.0,False,semreuse,20ng-sub4000-pre3000,3000,0
27,log:F2,The post discusses a specific disease or medical condition.,rewrite,3000,803,72,2125,54,1.0,1.0,1.0,79,1.0,False,1.0,False,0.05881812499137595,1.0,False,semreuse,20ng-sub4000-pre3000,3000,0
28,log:F3,The post discusses space or astronomy.,rewrite,3000,1880,29,1091,56,1.0,1.0,1.0,109,1.0,False,1.0,False,0.05983462498988956,1.0,False,semreuse,20ng-sub4000-pre3000,3000,0
29,log:F4,The post discusses cryptography or encryption.,rewrite,3000,1880,29,1091,58,1.0,1.0,1.0,97,1.0,False,1.0,False,0.06276624999009073,1.0,False,semreuse,20ng-sub4000-pre3000,3000,0
30,log:F5,The post discusses computer security.,rewrite,3000,803,72,2125,60,1.0,1.0,1.0,156,1.0,False,1.0,False,0.06565316603519022,1.0,False,semreuse,20ng-sub4000-pre3000,3000,0
31,log:F6,The post discusses science.,rewrite,2981,2196,114,671,62,1.0,0.983132530120482,0.991494532199271,415,0.955503512880562,False,1.0,False,0.05910579103510827,0.983132530120482,False,semreuse,20ng-sub4000-pre3000,3000,0
32,log:G1,The post mentions an operating system.,rewrite,3000,2355,155,490,64,1.0,1.0,1.0,289,1.0,False,1.0,False,0.07270570797845721,1.0,False,semreuse,20ng-sub4000-pre3000,3000,0
33,log:G2,The post mentions Microsoft Windows.,rewrite,2683,2157,304,222,66,1.0,1.0,1.0,109,0.9008264462809917,False,1.0,False,0.07403991703176871,1.0,False,semreuse,20ng-sub4000-pre3000,3000,0
34,log:G3,The post mentions the X Window System.,rewrite,3000,2355,319,326,68,1.0,1.0,1.0,113,1.0,False,1.0,False,0.06561804102966562,1.0,False,semreuse,20ng-sub4000-pre3000,3000,0
35,log:G4,The post discusses software rather than hardware.,rewrite,3000,6,0,2994,70,1.0,1.0,1.0,565,1.0,False,1.0,False,0.06992091698339209,1.0,False,semreuse,20ng-sub4000-pre3000,3000,0
36,log:G5,The post recommends a product or a service.,rewrite,3000,0,0,3000,72,1.0,1.0,1.0,132,1.0,False,1.0,False,0.0680771250044927,1.0,False,semreuse,20ng-sub4000-pre3000,3000,0
37,log:H1,The post asks for technical help with computer hardware.,exact-hit,0,0,0,0,0,1.0,1.0,1.0,403,,,,,1.0082963854074478e-05,1.0,,semreuse,20ng-sub4000-pre3000,3000,0
38,log:H2,The post is selling something.,rewrite,2215,1718,488,9,74,0.9932885906040269,0.9932885906040269,0.9932885906040269,149,0.9363057324840764,False,0.9865771812080537,False,0.07489270798396319,0.9932885906040269,False,semreuse,20ng-sub4000-pre3000,3000,0
39,log:H3,The post is about a motor vehicle.,rewrite,3000,1726,72,1202,76,1.0,1.0,1.0,245,1.0,False,1.0,False,0.07311879098415375,1.0,False,semreuse,20ng-sub4000-pre3000,3000,0
40,log:H4,The post is about a car or a motorcycle.,rewrite,3000,1329,395,1276,78,1.0,1.0,1.0,220,1.0,False,1.0,False,0.08481020800536498,1.0,False,semreuse,20ng-sub4000-pre3000,3000,0
41,log:H5,The post gives advice about maintaining a vehicle.,rewrite,3000,1833,0,1167,80,1.0,1.0,1.0,59,1.0,False,1.0,False,0.08137450000504032,1.0,False,semreuse,20ng-sub4000-pre3000,3000,0
42,log:H6,The tone of the post is angry or annoyed.,rewrite,3000,70,0,2930,82,1.0,1.0,1.0,1144,1.0,False,1.0,False,0.08066708303522319,1.0,False,semreuse,20ng-sub4000-pre3000,3000,0
43,log:H7,The post is about a computer operating system.,rewrite,2997,1426,284,1287,84,1.0,1.0,1.0,263,0.9887218045112782,False,1.0,False,0.08022820804035291,1.0,False,semreuse,20ng-sub4000-pre3000,3000,0
44,log:H8,The post is a for-sale advertisement.,rewrite,1308,122,1179,7,86,1.0,1.0,1.0,138,0.9178082191780822,False,0.9710144927536232,False,0.08934258297085762,1.0,False,semreuse,20ng-sub4000-pre3000,3000,0
45,log:H9,The post discusses encryption algorithms or key management.,rewrite,3000,1774,78,1148,88,1.0,1.0,1.0,75,1.0,False,1.0,False,0.07144266599789262,1.0,False,semreuse,20ng-sub4000-pre3000,3000,0
46,log:H10,The post asks a question about computer hardware.,rewrite,2973,1120,337,1516,90,1.0,0.9544592030360531,0.9766990291262135,527,0.9490566037735849,False,1.0,False,0.07349470799090341,0.9544592030360531,False,semreuse,20ng-sub4000-pre3000,3000,0
0,log:A1,The post asks for technical help with computer hardware.,cold,3000,3000,0,0,0,1.0,1.0,1.0,403,,,,,5.887501174584031e-05,1.0,,semreuse-noaudit,20ng-sub4000-pre3000,3000,0
1,log:A2,The post asks for technical help with a personal computer's hardware.,rewrite,2597,2597,0,0,0,0.8465227817745803,1.0,0.9168831168831169,353,,,,,0.0002782079973258078,1.0,,semreuse-noaudit,20ng-sub4000-pre3000,3000,0
2,log:A3,The post is a request for technical assistance concerning computer hardware.,rewrite,0,0,0,0,0,0.9801488833746899,0.8856502242152466,0.9305064782096585,446,,,,,0.000144458026625216,0.8856502242152466,,semreuse-noaudit,20ng-sub4000-pre3000,3000,0
3,log:A4,The post asks for help with Macintosh hardware.,rewrite,2583,2583,0,0,0,0.21904761904761905,1.0,0.35937499999999994,92,,,,,0.0001314579858444631,1.0,,semreuse-noaudit,20ng-sub4000-pre3000,3000,0
4,log:A5,The post describes a hardware problem the author is experiencing.,cold,3000,3000,0,0,0,1.0,1.0,1.0,246,,,,,0.00011733401333913207,1.0,,semreuse-noaudit,20ng-sub4000-pre3000,3000,0
5,log:B1,The post offers an item for sale.,cold,3000,3000,0,0,0,1.0,1.0,1.0,154,,,,,0.00011745799565687776,1.0,,semreuse-noaudit,20ng-sub4000-pre3000,3000,0
6,log:B2,The post offers a computer or a computer part for sale.,rewrite,2846,2846,0,0,0,0.44654088050314467,1.0,0.6173913043478261,71,,,,,0.00013162498362362385,1.0,,semreuse-noaudit,20ng-sub4000-pre3000,3000,0
7,log:B3,The post mentions a specific price in dollars.,cold,3000,3000,0,0,0,1.0,1.0,1.0,215,,,,,0.00013045797822996974,1.0,,semreuse-noaudit,20ng-sub4000-pre3000,3000,0
8,log:B4,The post is an advertisement.,rewrite,12,12,0,0,0,1.0,0.041176470588235294,0.0790960451977401,170,,,,,0.00016491697169840336,0.041176470588235294,,semreuse-noaudit,20ng-sub4000-pre3000,3000,0
9,log:B5,The post is looking to buy something rather than to sell something.,rewrite,172,172,0,0,0,1.0,0.16261682242990655,0.27974276527331193,535,,,,,0.0001800000318326056,0.16261682242990655,,semreuse-noaudit,20ng-sub4000-pre3000,3000,0
10,log:C1,The post discusses a professional sports team.,cold,3000,3000,0,0,0,1.0,1.0,1.0,253,,,,,0.00015454198000952601,1.0,,semreuse-noaudit,20ng-sub4000-pre3000,3000,0
11,log:C2,The post discusses a professional baseball team.,rewrite,405,405,0,0,0,1.0,0.9847328244274809,0.9923076923076923,131,,,,,0.00017970800399780273,0.9847328244274809,,semreuse-noaudit,20ng-sub4000-pre3000,3000,0
12,log:C3,The post mentions a player's statistics.,rewrite,154,154,0,0,0,1.0,0.023529411764705882,0.04597701149425288,85,,,,,0.0001790410024113953,0.023529411764705882,,semreuse-noaudit,20ng-sub4000-pre3000,3000,0
13,log:C4,The post is about a sporting event that has already taken place.,cold,3000,3000,0,0,0,1.0,1.0,1.0,193,,,,,0.0001757920254021883,1.0,,semreuse-noaudit,20ng-sub4000-pre3000,3000,0
14,log:C5,The post is about sports.,rewrite,90,90,0,0,0,1.0,0.3111888111888112,0.4746666666666667,286,,,,,0.00019216700457036495,0.3111888111888112,,semreuse-noaudit,20ng-sub4000-pre3000,3000,0
15,log:D1,The post argues about politics.,cold,3000,3000,0,0,0,1.0,1.0,1.0,449,,,,,0.00018450000789016485,1.0,,semreuse-noaudit,20ng-sub4000-pre3000,3000,0
16,log:D2,The post argues about gun control policy.,cold,3000,3000,0,0,0,1.0,1.0,1.0,65,,,,,0.0001804589992389083,1.0,,semreuse-noaudit,20ng-sub4000-pre3000,3000,0
17,log:D3,The post expresses a religious belief.,rewrite,2993,2993,0,0,0,0.9702127659574468,1.0,0.9848812095032397,228,,,,,0.00019816600251942873,1.0,,semreuse-noaudit,20ng-sub4000-pre3000,3000,0
18,log:D4,The post argues about religion.,cold,3000,3000,0,0,0,1.0,1.0,1.0,325,,,,,0.00018720899242907763,1.0,,semreuse-noaudit,20ng-sub4000-pre3000,3000,0
19,log:D5,The post discusses the Middle East.,rewrite,816,816,0,0,0,0.9222222222222223,0.8829787234042553,0.9021739130434783,94,,,,,0.00023116701049730182,0.8829787234042553,,semreuse-noaudit,20ng-sub4000-pre3000,3000,0
20,log:D6,The post criticizes a government or a government policy.,cold,3000,3000,0,0,0,1.0,1.0,1.0,307,,,,,0.00020524999126791954,1.0,,semreuse-noaudit,20ng-sub4000-pre3000,3000,0
21,log:E1,The author of the post is frustrated or angry.,cold,3000,3000,0,0,0,1.0,1.0,1.0,1639,,,,,0.00021470896899700165,1.0,,semreuse-noaudit,20ng-sub4000-pre3000,3000,0
22,log:E2,The post contains a question.,rewrite,0,0,0,0,0,1.0,0.0,0.0,1120,,,,,0.00023791694547981024,0.0,,semreuse-noaudit,20ng-sub4000-pre3000,3000,0
23,log:E3,The post quotes another message.,rewrite,0,0,0,0,0,1.0,0.0,0.0,2303,,,,,0.0002371249720454216,0.0,,semreuse-noaudit,20ng-sub4000-pre3000,3000,0
24,log:E4,The post uses technical jargon.,cold,3000,3000,0,0,0,1.0,1.0,1.0,1236,,,,,0.0002209999947808683,1.0,,semreuse-noaudit,20ng-sub4000-pre3000,3000,0
25,log:E5,The post makes a factual claim that could be checked.,rewrite,0,0,0,0,0,1.0,0.0,0.0,1735,,,,,0.00025066599482670426,0.0,,semreuse-noaudit,20ng-sub4000-pre3000,3000,0
26,log:F1,The post discusses medicine or health.,rewrite,3000,3000,0,0,0,1.0,1.0,1.0,158,,,,,0.00024037499679252505,1.0,,semreuse-noaudit,20ng-sub4000-pre3000,3000,0
27,log:F2,The post discusses a specific disease or medical condition.,rewrite,3000,3000,0,0,0,1.0,1.0,1.0,79,,,,,0.00023562501883134246,1.0,,semreuse-noaudit,20ng-sub4000-pre3000,3000,0
28,log:F3,The post discusses space or astronomy.,rewrite,3000,3000,0,0,0,1.0,1.0,1.0,109,,,,,0.00023545802105218172,1.0,,semreuse-noaudit,20ng-sub4000-pre3000,3000,0
29,log:F4,The post discusses cryptography or encryption.,rewrite,3000,3000,0,0,0,1.0,1.0,1.0,97,,,,,0.0002506250166334212,1.0,,semreuse-noaudit,20ng-sub4000-pre3000,3000,0
30,log:F5,The post discusses computer security.,rewrite,3000,3000,0,0,0,1.0,1.0,1.0,156,,,,,0.00025245797587558627,1.0,,semreuse-noaudit,20ng-sub4000-pre3000,3000,0
31,log:F6,The post discusses science.,rewrite,0,0,0,0,0,1.0,0.0,0.0,415,,,,,0.00025462498888373375,0.0,,semreuse-noaudit,20ng-sub4000-pre3000,3000,0
32,log:G1,The post mentions an operating system.,rewrite,413,413,0,0,0,0.9568965517241379,0.38408304498269896,0.5481481481481483,289,,,,,0.00026945798890665174,0.38408304498269896,,semreuse-noaudit,20ng-sub4000-pre3000,3000,0
33,log:G2,The post mentions Microsoft Windows.,rewrite,423,423,0,0,0,1.0,0.42201834862385323,0.5935483870967742,109,,,,,0.00028124998789280653,0.42201834862385323,,semreuse-noaudit,20ng-sub4000-pre3000,3000,0
34,log:G3,The post mentions the X Window System.,rewrite,413,413,0,0,0,0.7666666666666667,0.20353982300884957,0.3216783216783217,113,,,,,0.00027424999279901385,0.20353982300884957,,semreuse-noaudit,20ng-sub4000-pre3000,3000,0
35,log:G4,The post discusses software rather than hardware.,rewrite,0,0,0,0,0,1.0,0.0,0.0,565,,,,,0.0005619580042548478,0.0,,semreuse-noaudit,20ng-sub4000-pre3000,3000,0
36,log:G5,The post recommends a product or a service.,rewrite,0,0,0,0,0,1.0,0.0,0.0,132,,,,,0.0005088750040158629,0.0,,semreuse-noaudit,20ng-sub4000-pre3000,3000,0
37,log:H1,The post asks for technical help with computer hardware.,exact-hit,0,0,0,0,0,1.0,1.0,1.0,403,,,,,7.6669966802001e-06,1.0,,semreuse-noaudit,20ng-sub4000-pre3000,3000,0
38,log:H2,The post is selling something.,rewrite,147,147,0,0,0,1.0,0.9395973154362416,0.9688581314878892,149,,,,,0.00045283400686457753,0.9395973154362416,,semreuse-noaudit,20ng-sub4000-pre3000,3000,0
39,log:H3,The post is about a motor vehicle.,rewrite,2993,2993,0,0,0,0.9722222222222222,1.0,0.9859154929577464,245,,,,,0.00040616700425744057,1.0,,semreuse-noaudit,20ng-sub4000-pre3000,3000,0
40,log:H4,The post is about a car or a motorcycle.,rewrite,387,387,0,0,0,0.9861111111111112,0.9681818181818181,0.9770642201834862,220,,,,,0.0004152920446358621,0.9681818181818181,,semreuse-noaudit,20ng-sub4000-pre3000,3000,0
41,log:H5,The post gives advice about maintaining a vehicle.,rewrite,249,249,0,0,0,0.9122807017543859,0.8813559322033898,0.8965517241379309,59,,,,,0.0004295420367270708,0.8813559322033898,,semreuse-noaudit,20ng-sub4000-pre3000,3000,0
42,log:H6,The tone of the post is angry or annoyed.,rewrite,0,0,0,0,0,1.0,0.0,0.0,1144,,,,,0.00040629098657518625,0.0,,semreuse-noaudit,20ng-sub4000-pre3000,3000,0
43,log:H7,The post is about a computer operating system.,rewrite,116,116,0,0,0,1.0,0.30038022813688214,0.4619883040935673,263,,,,,0.00041966699063777924,0.30038022813688214,,semreuse-noaudit,20ng-sub4000-pre3000,3000,0
44,log:H8,The post is a for-sale advertisement.,rewrite,0,0,0,0,0,0.8831168831168831,0.9855072463768116,0.9315068493150684,138,,,,,0.0004077500198036432,0.9855072463768116,,semreuse-noaudit,20ng-sub4000-pre3000,3000,0
45,log:H9,The post discusses encryption algorithms or key management.,rewrite,2842,2842,0,0,0,0.4716981132075472,1.0,0.641025641025641,75,,,,,0.00041279103606939316,1.0,,semreuse-noaudit,20ng-sub4000-pre3000,3000,0
46,log:H10,The post asks a question about computer hardware.,rewrite,0,0,0,0,0,1.0,0.0,0.0,527,,,,,0.0004466670216061175,0.0,,semreuse-noaudit,20ng-sub4000-pre3000,3000,0
0,log:A1,The post asks for technical help with computer hardware.,cold,3000,3000,0,0,0,1.0,1.0,1.0,403,,,,,6.320897955447435e-05,1.0,,semreuse-gt,20ng-sub4000-pre3000,3000,0
1,log:A2,The post asks for technical help with a personal computer's hardware.,cold,3000,3000,0,0,0,1.0,1.0,1.0,353,,,,,5.395803600549698e-05,1.0,,semreuse-gt,20ng-sub4000-pre3000,3000,0
2,log:A3,The post is a request for technical assistance concerning computer hardware.,rewrite,2626,2597,29,0,0,0.9823788546255506,1.0,0.9911111111111112,446,1.0,False,0.9162995594713657,False,0.0005942080169916153,1.0,False,semreuse-gt,20ng-sub4000-pre3000,3000,0
3,log:A4,The post asks for help with Macintosh hardware.,cold,3000,3000,0,0,0,1.0,1.0,1.0,92,,,,,7.079099304974079e-05,1.0,,semreuse-gt,20ng-sub4000-pre3000,3000,0
4,log:A5,The post describes a hardware problem the author is experiencing.,cold,3000,3000,0,0,0,1.0,1.0,1.0,246,,,,,6.445799954235554e-05,1.0,,semreuse-gt,20ng-sub4000-pre3000,3000,0
5,log:B1,The post offers an item for sale.,cold,3000,3000,0,0,0,1.0,1.0,1.0,154,,,,,6.454199319705367e-05,1.0,,semreuse-gt,20ng-sub4000-pre3000,3000,0
6,log:B2,The post offers a computer or a computer part for sale.,cold,3000,3000,0,0,0,1.0,1.0,1.0,71,,,,,6.9500005338341e-05,1.0,,semreuse-gt,20ng-sub4000-pre3000,3000,0
7,log:B3,The post mentions a specific price in dollars.,cold,3000,3000,0,0,0,1.0,1.0,1.0,215,,,,,7.279100827872753e-05,1.0,,semreuse-gt,20ng-sub4000-pre3000,3000,0
8,log:B4,The post is an advertisement.,cold,3000,3000,0,0,0,1.0,1.0,1.0,170,,,,,8.233304833993316e-05,1.0,,semreuse-gt,20ng-sub4000-pre3000,3000,0
9,log:B5,The post is looking to buy something rather than to sell something.,cold,3000,3000,0,0,0,1.0,1.0,1.0,535,,,,,8.895801147446036e-05,1.0,,semreuse-gt,20ng-sub4000-pre3000,3000,0
10,log:C1,The post discusses a professional sports team.,rewrite,2467,2312,155,0,0,1.0,0.9920948616600791,0.996031746031746,253,0.9028776978417267,False,1.0,False,0.0015692919841967523,0.9920948616600791,False,semreuse-gt,20ng-sub4000-pre3000,3000,0
11,log:C2,The post discusses a professional baseball team.,rewrite,2994,244,1085,1665,0,1.0,0.9770992366412213,0.9884169884169884,131,0.9552238805970149,False,1.0,False,0.001216874981764704,0.9770992366412213,False,semreuse-gt,20ng-sub4000-pre3000,3000,0
12,log:C3,The post mentions a player's statistics.,rewrite,2804,2425,379,0,0,1.0,1.0,1.0,85,0.9340659340659341,False,1.0,False,0.0013479579938575625,1.0,False,semreuse-gt,20ng-sub4000-pre3000,3000,0
13,log:C4,The post is about a sporting event that has already taken place.,rewrite,2517,2312,205,0,0,1.0,0.9896373056994818,0.9947916666666666,193,0.9095238095238095,False,1.0,False,0.0015525839990004897,0.9896373056994818,False,semreuse-gt,20ng-sub4000-pre3000,3000,0
14,log:C5,The post is about sports.,rewrite,2345,2174,171,0,0,0.9895470383275261,0.993006993006993,0.9912739965095986,286,0.9298245614035088,False,0.9233449477351916,False,0.001764457963872701,0.993006993006993,False,semreuse-gt,20ng-sub4000-pre3000,3000,0
15,log:D1,The post argues about politics.,rewrite,2188,2067,121,0,0,1.0,0.9844097995545658,0.9921436588103255,449,0.9246861924686193,False,1.0,False,0.0016624170239083469,0.9844097995545658,False,semreuse-gt,20ng-sub4000-pre3000,3000,0
16,log:D2,The post argues about gun control policy.,rewrite,2932,2092,840,0,0,1.0,1.0,1.0,65,0.9701492537313433,False,1.0,False,0.0013187500298954546,1.0,False,semreuse-gt,20ng-sub4000-pre3000,3000,0
17,log:D3,The post expresses a religious belief.,rewrite,2368,2151,217,0,0,1.0,0.9956140350877193,0.9978021978021978,228,0.908,False,1.0,False,0.0016734580276533961,0.9956140350877193,False,semreuse-gt,20ng-sub4000-pre3000,3000,0
18,log:D4,The post argues about religion.,rewrite,2083,1840,243,0,0,0.9907692307692307,0.9907692307692307,0.9907692307692307,325,0.9051987767584098,False,0.9107692307692308,False,0.00207070802571252,0.9907692307692307,False,semreuse-gt,20ng-sub4000-pre3000,3000,0
19,log:D5,The post discusses the Middle East.,rewrite,2682,2151,531,0,0,1.0,0.9893617021276596,0.9946524064171123,94,0.9489795918367347,False,1.0,False,0.001523874991107732,0.9893617021276596,False,semreuse-gt,20ng-sub4000-pre3000,3000,0
20,log:D6,The post criticizes a government or a government policy.,rewrite,2246,2067,179,0,0,1.0,0.9837133550488599,0.9917898193760263,307,0.9014925373134328,False,1.0,False,0.0015665420214645565,0.9837133550488599,False,semreuse-gt,20ng-sub4000-pre3000,3000,0
21,log:E1,The author of the post is frustrated or angry.,cold,3000,3000,0,0,0,1.0,1.0,1.0,1639,,,,,0.000194708991330117,1.0,,semreuse-gt,20ng-sub4000-pre3000,3000,0
22,log:E2,The post contains a question.,cold,3000,3000,0,0,0,1.0,1.0,1.0,1120,,,,,0.00014558399561792612,1.0,,semreuse-gt,20ng-sub4000-pre3000,3000,0
23,log:E3,The post quotes another message.,cold,3000,3000,0,0,0,1.0,1.0,1.0,2303,,,,,0.00014833302702754736,1.0,,semreuse-gt,20ng-sub4000-pre3000,3000,0
24,log:E4,The post uses technical jargon.,cold,3000,3000,0,0,0,1.0,1.0,1.0,1236,,,,,0.0001538749784231186,1.0,,semreuse-gt,20ng-sub4000-pre3000,3000,0
25,log:E5,The post makes a factual claim that could be checked.,cold,3000,3000,0,0,0,1.0,1.0,1.0,1735,,,,,0.00015620799968019128,1.0,,semreuse-gt,20ng-sub4000-pre3000,3000,0
26,log:F1,The post discusses medicine or health.,rewrite,2363,1981,382,0,0,1.0,0.9810126582278481,0.9904153354632589,158,0.9393939393939394,False,1.0,False,0.0012476249830797315,0.9810126582278481,False,semreuse-gt,20ng-sub4000-pre3000,3000,0
27,log:F2,The post discusses a specific disease or medical condition.,rewrite,2746,1913,833,0,0,1.0,1.0,1.0,79,0.9294117647058824,False,1.0,False,0.001215083000715822,1.0,False,semreuse-gt,20ng-sub4000-pre3000,3000,0
28,log:F3,The post discusses space or astronomy.,rewrite,2477,1797,680,0,0,1.0,0.963302752293578,0.9813084112149533,109,0.9130434782608695,False,1.0,False,0.0013914579758420587,0.963302752293578,False,semreuse-gt,20ng-sub4000-pre3000,3000,0
29,log:F4,The post discusses cryptography or encryption.,rewrite,2616,2025,591,0,0,1.0,1.0,1.0,97,0.9326923076923077,False,1.0,False,0.0014608330093324184,1.0,False,semreuse-gt,20ng-sub4000-pre3000,3000,0
30,log:F5,The post discusses computer security.,rewrite,2452,2121,331,0,0,1.0,0.9935897435897436,0.9967845659163987,156,0.9171597633136095,False,1.0,False,0.0014042080147191882,0.9935897435897436,False,semreuse-gt,20ng-sub4000-pre3000,3000,0
31,log:F6,The post discusses science.,rewrite,2564,2506,58,0,0,1.0,0.980722891566265,0.9902676399026764,415,0.925,False,1.0,False,0.0011652919929474592,0.980722891566265,False,semreuse-gt,20ng-sub4000-pre3000,3000,0
32,log:G1,The post mentions an operating system.,rewrite,2079,1848,231,0,0,1.0,1.0,1.0,289,0.9292604501607717,False,1.0,False,0.001546958985272795,1.0,False,semreuse-gt,20ng-sub4000-pre3000,3000,0
33,log:G2,The post mentions Microsoft Windows.,rewrite,2475,1848,627,0,0,1.0,0.9908256880733946,0.9953917050691244,109,0.9310344827586207,False,1.0,False,0.0016358749708160758,0.9908256880733946,False,semreuse-gt,20ng-sub4000-pre3000,3000,0
34,log:G3,The post mentions the X Window System.,rewrite,1971,783,1188,0,0,1.0,0.9911504424778761,0.9955555555555555,113,0.9256198347107438,False,1.0,False,0.0017443340038880706,0.9911504424778761,False,semreuse-gt,20ng-sub4000-pre3000,3000,0
35,log:G4,The post discusses software rather than hardware.,rewrite,2944,2709,22,213,0,1.0,1.0,1.0,565,0.9625212947189097,False,1.0,False,0.0015246670227497816,1.0,False,semreuse-gt,20ng-sub4000-pre3000,3000,0
36,log:G5,The post recommends a product or a service.,rewrite,2386,1882,504,0,0,1.0,0.9924242424242424,0.9961977186311787,132,0.903448275862069,False,1.0,False,0.0015964579652063549,0.9924242424242424,False,semreuse-gt,20ng-sub4000-pre3000,3000,0
37,log:H1,The post asks for technical help with computer hardware.,exact-hit,0,0,0,0,0,1.0,1.0,1.0,403,,,,,1.2708012945950031e-05,1.0,,semreuse-gt,20ng-sub4000-pre3000,3000,0
38,log:H2,The post is selling something.,rewrite,2318,1882,436,0,0,1.0,1.0,1.0,149,0.9371069182389937,False,1.0,False,0.0015434999950230122,1.0,False,semreuse-gt,20ng-sub4000-pre3000,3000,0
39,log:H3,The post is about a motor vehicle.,rewrite,2101,1814,287,0,0,1.0,0.9795918367346939,0.9896907216494846,245,0.9302325581395349,False,1.0,False,0.0016253340290859342,0.9795918367346939,False,semreuse-gt,20ng-sub4000-pre3000,3000,0
40,log:H4,The post is about a car or a motorcycle.,rewrite,2195,1901,294,0,0,1.0,0.990909090909091,0.995433789954338,220,0.9083333333333333,False,1.0,False,0.001655499974731356,0.990909090909091,False,semreuse-gt,20ng-sub4000-pre3000,3000,0
41,log:H5,The post gives advice about maintaining a vehicle.,rewrite,3000,1866,0,1134,0,1.0,1.0,1.0,59,1.0,False,1.0,False,0.0005245000356808305,1.0,False,semreuse-gt,20ng-sub4000-pre3000,3000,0
42,log:H6,The tone of the post is angry or annoyed.,rewrite,3000,1639,48,1313,0,1.0,1.0,1.0,1144,1.0,False,1.0,False,0.0009809579933062196,1.0,False,semreuse-gt,20ng-sub4000-pre3000,3000,0
43,log:H7,The post is about a computer operating system.,rewrite,2226,2005,221,0,0,1.0,0.9961977186311787,0.9980952380952381,263,0.903448275862069,False,1.0,False,0.001827166008297354,0.9961977186311787,False,semreuse-gt,20ng-sub4000-pre3000,3000,0
44,log:H8,The post is a for-sale advertisement.,rewrite,1116,153,963,0,0,1.0,0.9927536231884058,0.9963636363636363,138,0.9072847682119205,False,1.0,False,0.0019421250326558948,0.9927536231884058,False,semreuse-gt,20ng-sub4000-pre3000,3000,0
45,log:H9,The post discusses encryption algorithms or key management.,rewrite,2250,145,2105,0,0,1.0,0.9866666666666667,0.9932885906040269,75,0.9487179487179487,False,1.0,False,0.002001749991904944,0.9866666666666667,False,semreuse-gt,20ng-sub4000-pre3000,3000,0
46,log:H10,The post asks a question about computer hardware.,rewrite,2651,1671,147,833,0,1.0,1.0,1.0,527,0.9245614035087719,False,1.0,False,0.0034709579776972532,1.0,False,semreuse-gt,20ng-sub4000-pre3000,3000,0
0,log:A1,The post asks for technical help with computer hardware.,cold,4000,4000,0,0,0,1.0,1.0,1.0,535,,,,,2.3083004634827375e-05,1.0,,cold,20ng-sub4000,4000,0
1,log:A2,The post asks for technical help with a personal computer's hardware.,cold,4000,4000,0,0,0,1.0,1.0,1.0,465,,,,,8.167000487446785e-06,1.0,,cold,20ng-sub4000,4000,0
2,log:A3,The post is a request for technical assistance concerning computer hardware.,cold,4000,4000,0,0,0,1.0,1.0,1.0,603,,,,,6.665999535471201e-06,1.0,,cold,20ng-sub4000,4000,0
3,log:A4,The post asks for help with Macintosh hardware.,cold,4000,4000,0,0,0,1.0,1.0,1.0,119,,,,,6.709014996886253e-06,1.0,,cold,20ng-sub4000,4000,0
4,log:A5,The post describes a hardware problem the author is experiencing.,cold,4000,4000,0,0,0,1.0,1.0,1.0,325,,,,,5.665991920977831e-06,1.0,,cold,20ng-sub4000,4000,0
5,log:B1,The post offers an item for sale.,cold,4000,4000,0,0,0,1.0,1.0,1.0,207,,,,,5.125009920448065e-06,1.0,,cold,20ng-sub4000,4000,0
6,log:B2,The post offers a computer or a computer part for sale.,cold,4000,4000,0,0,0,1.0,1.0,1.0,96,,,,,5.709007382392883e-06,1.0,,cold,20ng-sub4000,4000,0
7,log:B3,The post mentions a specific price in dollars.,cold,4000,4000,0,0,0,1.0,1.0,1.0,293,,,,,4.958012141287327e-06,1.0,,cold,20ng-sub4000,4000,0
8,log:B4,The post is an advertisement.,cold,4000,4000,0,0,0,1.0,1.0,1.0,234,,,,,5.125009920448065e-06,1.0,,cold,20ng-sub4000,4000,0
9,log:B5,The post is looking to buy something rather than to sell something.,cold,4000,4000,0,0,0,1.0,1.0,1.0,705,,,,,5.416979547590017e-06,1.0,,cold,20ng-sub4000,4000,0
10,log:C1,The post discusses a professional sports team.,cold,4000,4000,0,0,0,1.0,1.0,1.0,341,,,,,5.29095996171236e-06,1.0,,cold,20ng-sub4000,4000,0
11,log:C2,The post discusses a professional baseball team.,cold,4000,4000,0,0,0,1.0,1.0,1.0,174,,,,,4.791014362126589e-06,1.0,,cold,20ng-sub4000,4000,0
12,log:C3,The post mentions a player's statistics.,cold,4000,4000,0,0,0,1.0,1.0,1.0,112,,,,,4.792003892362118e-06,1.0,,cold,20ng-sub4000,4000,0
13,log:C4,The post is about a sporting event that has already taken place.,cold,4000,4000,0,0,0,1.0,1.0,1.0,259,,,,,4.958012141287327e-06,1.0,,cold,20ng-sub4000,4000,0
14,log:C5,The post is about sports.,cold,4000,4000,0,0,0,1.0,1.0,1.0,398,,,,,4.792003892362118e-06,1.0,,cold,20ng-sub4000,4000,0
15,log:D1,The post argues about politics.,cold,4000,4000,0,0,0,1.0,1.0,1.0,630,,,,,4.791014362126589e-06,1.0,,cold,20ng-sub4000,4000,0
16,log:D2,The post argues about gun control policy.,cold,4000,4000,0,0,0,1.0,1.0,1.0,81,,,,,5.749985575675964e-06,1.0,,cold,20ng-sub4000,4000,0
17,log:D3,The post expresses a religious belief.,cold,4000,4000,0,0,0,1.0,1.0,1.0,291,,,,,5.041947588324547e-06,1.0,,cold,20ng-sub4000,4000,0
18,log:D4,The post argues about religion.,cold,4000,4000,0,0,0,1.0,1.0,1.0,418,,,,,4.833040293306112e-06,1.0,,cold,20ng-sub4000,4000,0
19,log:D5,The post discusses the Middle East.,cold,4000,4000,0,0,0,1.0,1.0,1.0,122,,,,,4.66697383671999e-06,1.0,,cold,20ng-sub4000,4000,0
20,log:D6,The post criticizes a government or a government policy.,cold,4000,4000,0,0,0,1.0,1.0,1.0,403,,,,,4.66697383671999e-06,1.0,,cold,20ng-sub4000,4000,0
21,log:E1,The author of the post is frustrated or angry.,cold,4000,4000,0,0,0,1.0,1.0,1.0,2170,,,,,4.749977961182594e-06,1.0,,cold,20ng-sub4000,4000,0
22,log:E2,The post contains a question.,cold,4000,4000,0,0,0,1.0,1.0,1.0,1526,,,,,4.750036168843508e-06,1.0,,cold,20ng-sub4000,4000,0
23,log:E3,The post quotes another message.,cold,4000,4000,0,0,0,1.0,1.0,1.0,3075,,,,,4.708999767899513e-06,1.0,,cold,20ng-sub4000,4000,0
24,log:E4,The post uses technical jargon.,cold,4000,4000,0,0,0,1.0,1.0,1.0,1636,,,,,4.792003892362118e-06,1.0,,cold,20ng-sub4000,4000,0
25,log:E5,The post makes a factual claim that could be checked.,cold,4000,4000,0,0,0,1.0,1.0,1.0,2314,,,,,4.875008016824722e-06,1.0,,cold,20ng-sub4000,4000,0
26,log:F1,The post discusses medicine or health.,cold,4000,4000,0,0,0,1.0,1.0,1.0,206,,,,,4.458008334040642e-06,1.0,,cold,20ng-sub4000,4000,0
27,log:F2,The post discusses a specific disease or medical condition.,cold,4000,4000,0,0,0,1.0,1.0,1.0,98,,,,,5.04200579598546e-06,1.0,,cold,20ng-sub4000,4000,0
28,log:F3,The post discusses space or astronomy.,cold,4000,4000,0,0,0,1.0,1.0,1.0,142,,,,,4.582980182021856e-06,1.0,,cold,20ng-sub4000,4000,0
29,log:F4,The post discusses cryptography or encryption.,cold,4000,4000,0,0,0,1.0,1.0,1.0,127,,,,,5.332985892891884e-06,1.0,,cold,20ng-sub4000,4000,0
30,log:F5,The post discusses computer security.,cold,4000,4000,0,0,0,1.0,1.0,1.0,203,,,,,4.708010237663984e-06,1.0,,cold,20ng-sub4000,4000,0
31,log:F6,The post discusses science.,cold,4000,4000,0,0,0,1.0,1.0,1.0,550,,,,,4.915986210107803e-06,1.0,,cold,20ng-sub4000,4000,0
32,log:G1,The post mentions an operating system.,cold,4000,4000,0,0,0,1.0,1.0,1.0,400,,,,,4.66697383671999e-06,1.0,,cold,20ng-sub4000,4000,0
33,log:G2,The post mentions Microsoft Windows.,cold,4000,4000,0,0,0,1.0,1.0,1.0,146,,,,,4.62500611320138e-06,1.0,,cold,20ng-sub4000,4000,0
34,log:G3,The post mentions the X Window System.,cold,4000,4000,0,0,0,1.0,1.0,1.0,150,,,,,5.040958058089018e-06,1.0,,cold,20ng-sub4000,4000,0
35,log:G4,The post discusses software rather than hardware.,cold,4000,4000,0,0,0,1.0,1.0,1.0,782,,,,,5.082983989268541e-06,1.0,,cold,20ng-sub4000,4000,0
36,log:G5,The post recommends a product or a service.,cold,4000,4000,0,0,0,1.0,1.0,1.0,182,,,,,5.082983989268541e-06,1.0,,cold,20ng-sub4000,4000,0
37,log:H1,The post asks for technical help with computer hardware.,cold,4000,4000,0,0,0,1.0,1.0,1.0,535,,,,,5.332985892891884e-06,1.0,,cold,20ng-sub4000,4000,0
38,log:H2,The post is selling something.,cold,4000,4000,0,0,0,1.0,1.0,1.0,201,,,,,4.459056071937084e-06,1.0,,cold,20ng-sub4000,4000,0
39,log:H3,The post is about a motor vehicle.,cold,4000,4000,0,0,0,1.0,1.0,1.0,328,,,,,4.833971615880728e-06,1.0,,cold,20ng-sub4000,4000,0
40,log:H4,The post is about a car or a motorcycle.,cold,4000,4000,0,0,0,1.0,1.0,1.0,292,,,,,5.04200579598546e-06,1.0,,cold,20ng-sub4000,4000,0
41,log:H5,The post gives advice about maintaining a vehicle.,cold,4000,4000,0,0,0,1.0,1.0,1.0,75,,,,,5.040958058089018e-06,1.0,,cold,20ng-sub4000,4000,0
42,log:H6,The tone of the post is angry or annoyed.,cold,4000,4000,0,0,0,1.0,1.0,1.0,1523,,,,,4.749977961182594e-06,1.0,,cold,20ng-sub4000,4000,0
43,log:H7,The post is about a computer operating system.,cold,4000,4000,0,0,0,1.0,1.0,1.0,365,,,,,5.416979547590017e-06,1.0,,cold,20ng-sub4000,4000,0
44,log:H8,The post is a for-sale advertisement.,cold,4000,4000,0,0,0,1.0,1.0,1.0,184,,,,,5.249981768429279e-06,1.0,,cold,20ng-sub4000,4000,0
45,log:H9,The post discusses encryption algorithms or key management.,cold,4000,4000,0,0,0,1.0,1.0,1.0,101,,,,,4.832982085645199e-06,1.0,,cold,20ng-sub4000,4000,0
46,log:H10,The post asks a question about computer hardware.,cold,4000,4000,0,0,0,1.0,1.0,1.0,704,,,,,5.00003807246685e-06,1.0,,cold,20ng-sub4000,4000,0
0,log:A1,The post asks for technical help with computer hardware.,cold,4000,4000,0,0,0,1.0,1.0,1.0,535,,,,,5.866598803550005e-05,1.0,,exact,20ng-sub4000,4000,0
1,log:A2,The post asks for technical help with a personal computer's hardware.,cold,4000,4000,0,0,0,1.0,1.0,1.0,465,,,,,1.8708989955484867e-05,1.0,,exact,20ng-sub4000,4000,0
2,log:A3,The post is a request for technical assistance concerning computer hardware.,cold,4000,4000,0,0,0,1.0,1.0,1.0,603,,,,,1.2082979083061218e-05,1.0,,exact,20ng-sub4000,4000,0
3,log:A4,The post asks for help with Macintosh hardware.,cold,4000,4000,0,0,0,1.0,1.0,1.0,119,,,,,1.1124997399747372e-05,1.0,,exact,20ng-sub4000,4000,0
4,log:A5,The post describes a hardware problem the author is experiencing.,cold,4000,4000,0,0,0,1.0,1.0,1.0,325,,,,,1.0791991371661425e-05,1.0,,exact,20ng-sub4000,4000,0
5,log:B1,The post offers an item for sale.,cold,4000,4000,0,0,0,1.0,1.0,1.0,207,,,,,1.3125012628734112e-05,1.0,,exact,20ng-sub4000,4000,0
6,log:B2,The post offers a computer or a computer part for sale.,cold,4000,4000,0,0,0,1.0,1.0,1.0,96,,,,,1.083302777260542e-05,1.0,,exact,20ng-sub4000,4000,0
7,log:B3,The post mentions a specific price in dollars.,cold,4000,4000,0,0,0,1.0,1.0,1.0,293,,,,,1.2999982573091984e-05,1.0,,exact,20ng-sub4000,4000,0
8,log:B4,The post is an advertisement.,cold,4000,4000,0,0,0,1.0,1.0,1.0,234,,,,,9.833020158112049e-06,1.0,,exact,20ng-sub4000,4000,0
9,log:B5,The post is looking to buy something rather than to sell something.,cold,4000,4000,0,0,0,1.0,1.0,1.0,705,,,,,1.3832992408424616e-05,1.0,,exact,20ng-sub4000,4000,0
10,log:C1,The post discusses a professional sports team.,cold,4000,4000,0,0,0,1.0,1.0,1.0,341,,,,,9.917013812810183e-06,1.0,,exact,20ng-sub4000,4000,0
11,log:C2,The post discusses a professional baseball team.,cold,4000,4000,0,0,0,1.0,1.0,1.0,174,,,,,1.0957999620586634e-05,1.0,,exact,20ng-sub4000,4000,0
12,log:C3,The post mentions a player's statistics.,cold,4000,4000,0,0,0,1.0,1.0,1.0,112,,,,,9.916024282574654e-06,1.0,,exact,20ng-sub4000,4000,0
13,log:C4,The post is about a sporting event that has already taken place.,cold,4000,4000,0,0,0,1.0,1.0,1.0,259,,,,,1.1041003745049238e-05,1.0,,exact,20ng-sub4000,4000,0
14,log:C5,The post is about sports.,cold,4000,4000,0,0,0,1.0,1.0,1.0,398,,,,,9.584007784724236e-06,1.0,,exact,20ng-sub4000,4000,0
15,log:D1,The post argues about politics.,cold,4000,4000,0,0,0,1.0,1.0,1.0,630,,,,,1.0917021427303553e-05,1.0,,exact,20ng-sub4000,4000,0
16,log:D2,The post argues about gun control policy.,cold,4000,4000,0,0,0,1.0,1.0,1.0,81,,,,,9.833020158112049e-06,1.0,,exact,20ng-sub4000,4000,0
17,log:D3,The post expresses a religious belief.,cold,4000,4000,0,0,0,1.0,1.0,1.0,291,,,,,1.070898724719882e-05,1.0,,exact,20ng-sub4000,4000,0
18,log:D4,The post argues about religion.,cold,4000,4000,0,0,0,1.0,1.0,1.0,418,,,,,1.0624993592500687e-05,1.0,,exact,20ng-sub4000,4000,0
19,log:D5,The post discusses the Middle East.,cold,4000,4000,0,0,0,1.0,1.0,1.0,122,,,,,1.0957999620586634e-05,1.0,,exact,20ng-sub4000,4000,0
20,log:D6,The post criticizes a government or a government policy.,cold,4000,4000,0,0,0,1.0,1.0,1.0,403,,,,,1.0124989785254002e-05,1.0,,exact,20ng-sub4000,4000,0
21,log:E1,The author of the post is frustrated or angry.,cold,4000,4000,0,0,0,1.0,1.0,1.0,2170,,,,,1.0457995813339949e-05,1.0,,exact,20ng-sub4000,4000,0
22,log:E2,The post contains a question.,cold,4000,4000,0,0,0,1.0,1.0,1.0,1526,,,,,9.417010005563498e-06,1.0,,exact,20ng-sub4000,4000,0
23,log:E3,The post quotes another message.,cold,4000,4000,0,0,0,1.0,1.0,1.0,3075,,,,,1.0000017937272787e-05,1.0,,exact,20ng-sub4000,4000,0
24,log:E4,The post uses technical jargon.,cold,4000,4000,0,0,0,1.0,1.0,1.0,1636,,,,,9.583018254488707e-06,1.0,,exact,20ng-sub4000,4000,0
25,log:E5,The post makes a factual claim that could be checked.,cold,4000,4000,0,0,0,1.0,1.0,1.0,2314,,,,,1.129199517890811e-05,1.0,,exact,20ng-sub4000,4000,0
26,log:F1,The post discusses medicine or health.,cold,4000,4000,0,0,0,1.0,1.0,1.0,206,,,,,9.958981536328793e-06,1.0,,exact,20ng-sub4000,4000,0
27,log:F2,The post discusses a specific disease or medical condition.,cold,4000,4000,0,0,0,1.0,1.0,1.0,98,,,,,1.0999967344105244e-05,1.0,,exact,20ng-sub4000,4000,0
28,log:F3,The post discusses space or astronomy.,cold,4000,4000,0,0,0,1.0,1.0,1.0,142,,,,,1.2042000889778137e-05,1.0,,exact,20ng-sub4000,4000,0
29,log:F4,The post discusses cryptography or encryption.,cold,4000,4000,0,0,0,1.0,1.0,1.0,127,,,,,1.0041985660791397e-05,1.0,,exact,20ng-sub4000,4000,0
30,log:F5,The post discusses computer security.,cold,4000,4000,0,0,0,1.0,1.0,1.0,203,,,,,9.333016350865364e-06,1.0,,exact,20ng-sub4000,4000,0
31,log:F6,The post discusses science.,cold,4000,4000,0,0,0,1.0,1.0,1.0,550,,,,,1.0749965440481901e-05,1.0,,exact,20ng-sub4000,4000,0
32,log:G1,The post mentions an operating system.,cold,4000,4000,0,0,0,1.0,1.0,1.0,400,,,,,9.66701190918684e-06,1.0,,exact,20ng-sub4000,4000,0
33,log:G2,The post mentions Microsoft Windows.,cold,4000,4000,0,0,0,1.0,1.0,1.0,146,,,,,1.0082963854074478e-05,1.0,,exact,20ng-sub4000,4000,0
34,log:G3,The post mentions the X Window System.,cold,4000,4000,0,0,0,1.0,1.0,1.0,150,,,,,9.249954018741846e-06,1.0,,exact,20ng-sub4000,4000,0
35,log:G4,The post discusses software rather than hardware.,cold,4000,4000,0,0,0,1.0,1.0,1.0,782,,,,,1.0374991688877344e-05,1.0,,exact,20ng-sub4000,4000,0
36,log:G5,The post recommends a product or a service.,cold,4000,4000,0,0,0,1.0,1.0,1.0,182,,,,,1.0041985660791397e-05,1.0,,exact,20ng-sub4000,4000,0
37,log:H1,The post asks for technical help with computer hardware.,exact-hit,0,0,0,0,0,1.0,1.0,1.0,535,,,,,3.958004526793957e-06,1.0,,exact,20ng-sub4000,4000,0
38,log:H2,The post is selling something.,cold,4000,4000,0,0,0,1.0,1.0,1.0,201,,,,,1.2541015166789293e-05,1.0,,exact,20ng-sub4000,4000,0
39,log:H3,The post is about a motor vehicle.,cold,4000,4000,0,0,0,1.0,1.0,1.0,328,,,,,1.0707997716963291e-05,1.0,,exact,20ng-sub4000,4000,0
40,log:H4,The post is about a car or a motorcycle.,cold,4000,4000,0,0,0,1.0,1.0,1.0,292,,,,,1.0791991371661425e-05,1.0,,exact,20ng-sub4000,4000,0
41,log:H5,The post gives advice about maintaining a vehicle.,cold,4000,4000,0,0,0,1.0,1.0,1.0,75,,,,,1.0499963536858559e-05,1.0,,exact,20ng-sub4000,4000,0
42,log:H6,The tone of the post is angry or annoyed.,cold,4000,4000,0,0,0,1.0,1.0,1.0,1523,,,,,1.091597368940711e-05,1.0,,exact,20ng-sub4000,4000,0
43,log:H7,The post is about a computer operating system.,cold,4000,4000,0,0,0,1.0,1.0,1.0,365,,,,,1.1417025234550238e-05,1.0,,exact,20ng-sub4000,4000,0
44,log:H8,The post is a for-sale advertisement.,cold,4000,4000,0,0,0,1.0,1.0,1.0,184,,,,,1.0040996130555868e-05,1.0,,exact,20ng-sub4000,4000,0
45,log:H9,The post discusses encryption algorithms or key management.,cold,4000,4000,0,0,0,1.0,1.0,1.0,101,,,,,1.025001984089613e-05,1.0,,exact,20ng-sub4000,4000,0
46,log:H10,The post asks a question about computer hardware.,cold,4000,4000,0,0,0,1.0,1.0,1.0,704,,,,,9.541981853544712e-06,1.0,,exact,20ng-sub4000,4000,0
0,log:A1,The post asks for technical help with computer hardware.,cold,4000,4000,0,0,0,1.0,1.0,1.0,535,,,,,0.008291499980259687,1.0,,embed@0.8,20ng-sub4000,4000,0
1,log:A2,The post asks for technical help with a personal computer's hardware.,embed-hit@0.94,0,0,0,0,0,0.8317757009345794,0.956989247311828,0.89,465,,,,,0.007663667027372867,0.956989247311828,,embed@0.8,20ng-sub4000,4000,0
2,log:A3,The post is a request for technical assistance concerning computer hardware.,embed-hit@0.92,0,0,0,0,0,0.9775700934579439,0.867330016583748,0.9191564147627417,603,,,,,0.007979500049259514,0.867330016583748,,embed@0.8,20ng-sub4000,4000,0
3,log:A4,The post asks for help with Macintosh hardware.,cold,4000,4000,0,0,0,1.0,1.0,1.0,119,,,,,0.006931833049748093,1.0,,embed@0.8,20ng-sub4000,4000,0
4,log:A5,The post describes a hardware problem the author is experiencing.,cold,4000,4000,0,0,0,1.0,1.0,1.0,325,,,,,0.008336291997693479,1.0,,embed@0.8,20ng-sub4000,4000,0
5,log:B1,The post offers an item for sale.,cold,4000,4000,0,0,0,1.0,1.0,1.0,207,,,,,0.008241250005085021,1.0,,embed@0.8,20ng-sub4000,4000,0
6,log:B2,The post offers a computer or a computer part for sale.,cold,4000,4000,0,0,0,1.0,1.0,1.0,96,,,,,0.007808084017597139,1.0,,embed@0.8,20ng-sub4000,4000,0
7,log:B3,The post mentions a specific price in dollars.,cold,4000,4000,0,0,0,1.0,1.0,1.0,293,,,,,0.007787666982039809,1.0,,embed@0.8,20ng-sub4000,4000,0
8,log:B4,The post is an advertisement.,cold,4000,4000,0,0,0,1.0,1.0,1.0,234,,,,,0.007483458030037582,1.0,,embed@0.8,20ng-sub4000,4000,0
9,log:B5,The post is looking to buy something rather than to sell something.,cold,4000,4000,0,0,0,1.0,1.0,1.0,705,,,,,0.006735959032084793,1.0,,embed@0.8,20ng-sub4000,4000,0
10,log:C1,The post discusses a professional sports team.,cold,4000,4000,0,0,0,1.0,1.0,1.0,341,,,,,0.0065586669952608645,1.0,,embed@0.8,20ng-sub4000,4000,0
11,log:C2,The post discusses a professional baseball team.,embed-hit@0.85,0,0,0,0,0,0.49853372434017595,0.9770114942528736,0.6601941747572816,174,,,,,0.006924832996446639,0.9770114942528736,,embed@0.8,20ng-sub4000,4000,0
12,log:C3,The post mentions a player's statistics.,cold,4000,4000,0,0,0,1.0,1.0,1.0,112,,,,,0.0060415000189095736,1.0,,embed@0.8,20ng-sub4000,4000,0
13,log:C4,The post is about a sporting event that has already taken place.,cold,4000,4000,0,0,0,1.0,1.0,1.0,259,,,,,0.006916708021890372,1.0,,embed@0.8,20ng-sub4000,4000,0
14,log:C5,The post is about sports.,embed-hit@0.81,0,0,0,0,0,0.9459459459459459,0.6155778894472361,0.7458143074581431,398,,,,,0.006745791994035244,0.6155778894472361,,embed@0.8,20ng-sub4000,4000,0
15,log:D1,The post argues about politics.,cold,4000,4000,0,0,0,1.0,1.0,1.0,630,,,,,0.007628916995599866,1.0,,embed@0.8,20ng-sub4000,4000,0
16,log:D2,The post argues about gun control policy.,cold,4000,4000,0,0,0,1.0,1.0,1.0,81,,,,,0.007514208031352609,1.0,,embed@0.8,20ng-sub4000,4000,0
17,log:D3,The post expresses a religious belief.,cold,4000,4000,0,0,0,1.0,1.0,1.0,291,,,,,0.0075692079844884574,1.0,,embed@0.8,20ng-sub4000,4000,0
18,log:D4,The post argues about religion.,embed-hit@0.82,0,0,0,0,0,0.9759450171821306,0.6794258373205742,0.8011283497884344,418,,,,,0.008836499997414649,0.6794258373205742,,embed@0.8,20ng-sub4000,4000,0
19,log:D5,The post discusses the Middle East.,cold,4000,4000,0,0,0,1.0,1.0,1.0,122,,,,,0.007747791009023786,1.0,,embed@0.8,20ng-sub4000,4000,0
20,log:D6,The post criticizes a government or a government policy.,cold,4000,4000,0,0,0,1.0,1.0,1.0,403,,,,,0.007633957953657955,1.0,,embed@0.8,20ng-sub4000,4000,0
21,log:E1,The author of the post is frustrated or angry.,cold,4000,4000,0,0,0,1.0,1.0,1.0,2170,,,,,0.006965165957808495,1.0,,embed@0.8,20ng-sub4000,4000,0
22,log:E2,The post contains a question.,cold,4000,4000,0,0,0,1.0,1.0,1.0,1526,,,,,0.009123208001255989,1.0,,embed@0.8,20ng-sub4000,4000,0
23,log:E3,The post quotes another message.,cold,4000,4000,0,0,0,1.0,1.0,1.0,3075,,,,,0.007455374987330288,1.0,,embed@0.8,20ng-sub4000,4000,0
24,log:E4,The post uses technical jargon.,cold,4000,4000,0,0,0,1.0,1.0,1.0,1636,,,,,0.007092334039043635,1.0,,embed@0.8,20ng-sub4000,4000,0
25,log:E5,The post makes a factual claim that could be checked.,cold,4000,4000,0,0,0,1.0,1.0,1.0,2314,,,,,0.005830541951581836,1.0,,embed@0.8,20ng-sub4000,4000,0
26,log:F1,The post discusses medicine or health.,cold,4000,4000,0,0,0,1.0,1.0,1.0,206,,,,,0.006111250026151538,1.0,,embed@0.8,20ng-sub4000,4000,0
27,log:F2,The post discusses a specific disease or medical condition.,cold,4000,4000,0,0,0,1.0,1.0,1.0,98,,,,,0.006895125028677285,1.0,,embed@0.8,20ng-sub4000,4000,0
28,log:F3,The post discusses space or astronomy.,cold,4000,4000,0,0,0,1.0,1.0,1.0,142,,,,,0.006106500048190355,1.0,,embed@0.8,20ng-sub4000,4000,0
29,log:F4,The post discusses cryptography or encryption.,cold,4000,4000,0,0,0,1.0,1.0,1.0,127,,,,,0.0075269590015523136,1.0,,embed@0.8,20ng-sub4000,4000,0
30,log:F5,The post discusses computer security.,cold,4000,4000,0,0,0,1.0,1.0,1.0,203,,,,,0.008682999992743134,1.0,,embed@0.8,20ng-sub4000,4000,0
31,log:F6,The post discusses science.,cold,4000,4000,0,0,0,1.0,1.0,1.0,550,,,,,0.009152207989245653,1.0,,embed@0.8,20ng-sub4000,4000,0
32,log:G1,The post mentions an operating system.,cold,4000,4000,0,0,0,1.0,1.0,1.0,400,,,,,0.007781958964187652,1.0,,embed@0.8,20ng-sub4000,4000,0
33,log:G2,The post mentions Microsoft Windows.,embed-hit@0.81,0,0,0,0,0,0.35,0.958904109589041,0.5128205128205128,146,,,,,0.008505082980263978,0.958904109589041,,embed@0.8,20ng-sub4000,4000,0
34,log:G3,The post mentions the X Window System.,cold,4000,4000,0,0,0,1.0,1.0,1.0,150,,,,,0.008304334012791514,1.0,,embed@0.8,20ng-sub4000,4000,0
35,log:G4,The post discusses software rather than hardware.,cold,4000,4000,0,0,0,1.0,1.0,1.0,782,,,,,0.008054542005993426,1.0,,embed@0.8,20ng-sub4000,4000,0
36,log:G5,The post recommends a product or a service.,cold,4000,4000,0,0,0,1.0,1.0,1.0,182,,,,,0.008964833978097886,1.0,,embed@0.8,20ng-sub4000,4000,0
37,log:H1,The post asks for technical help with computer hardware.,embed-hit@1.00,0,0,0,0,0,1.0,1.0,1.0,535,,,,,4.4708955101668835e-05,1.0,,embed@0.8,20ng-sub4000,4000,0
38,log:H2,The post is selling something.,embed-hit@0.82,0,0,0,0,0,0.01702127659574468,0.05970149253731343,0.02649006622516556,201,,,,,0.010804250021465123,0.05970149253731343,,embed@0.8,20ng-sub4000,4000,0
39,log:H3,The post is about a motor vehicle.,cold,4000,4000,0,0,0,1.0,1.0,1.0,328,,,,,0.007262042025104165,1.0,,embed@0.8,20ng-sub4000,4000,0
40,log:H4,The post is about a car or a motorcycle.,embed-hit@0.87,0,0,0,0,0,0.8597560975609756,0.9657534246575342,0.9096774193548387,292,,,,,0.0062944579985924065,0.9657534246575342,,embed@0.8,20ng-sub4000,4000,0
41,log:H5,The post gives advice about maintaining a vehicle.,cold,4000,4000,0,0,0,1.0,1.0,1.0,75,,,,,0.007541124999988824,1.0,,embed@0.8,20ng-sub4000,4000,0
42,log:H6,The tone of the post is angry or annoyed.,cold,4000,4000,0,0,0,1.0,1.0,1.0,1523,,,,,0.007499874976929277,1.0,,embed@0.8,20ng-sub4000,4000,0
43,log:H7,The post is about a computer operating system.,cold,4000,4000,0,0,0,1.0,1.0,1.0,365,,,,,0.007687457953579724,1.0,,embed@0.8,20ng-sub4000,4000,0
44,log:H8,The post is a for-sale advertisement.,embed-hit@0.91,0,0,0,0,0,0.7564102564102564,0.9619565217391305,0.84688995215311,184,,,,,0.006518125010188669,0.9619565217391305,,embed@0.8,20ng-sub4000,4000,0
45,log:H9,The post discusses encryption algorithms or key management.,embed-hit@0.82,0,0,0,0,0,0.7716535433070866,0.9702970297029703,0.8596491228070176,101,,,,,0.007444499991834164,0.9702970297029703,,embed@0.8,20ng-sub4000,4000,0
46,log:H10,The post asks a question about computer hardware.,embed-hit@0.86,0,0,0,0,0,0.9682242990654205,0.7357954545454546,0.8361581920903954,704,,,,,0.007140792033169419,0.7357954545454546,,embed@0.8,20ng-sub4000,4000,0
0,log:A1,The post asks for technical help with computer hardware.,cold,4000,4000,0,0,0,1.0,1.0,1.0,535,,,,,0.006727500003762543,1.0,,embed@0.9,20ng-sub4000,4000,0
1,log:A2,The post asks for technical help with a personal computer's hardware.,embed-hit@0.94,0,0,0,0,0,0.8317757009345794,0.956989247311828,0.89,465,,,,,0.006263416027650237,0.956989247311828,,embed@0.9,20ng-sub4000,4000,0
2,log:A3,The post is a request for technical assistance concerning computer hardware.,embed-hit@0.92,0,0,0,0,0,0.9775700934579439,0.867330016583748,0.9191564147627417,603,,,,,0.00509095803136006,0.867330016583748,,embed@0.9,20ng-sub4000,4000,0
3,log:A4,The post asks for help with Macintosh hardware.,cold,4000,4000,0,0,0,1.0,1.0,1.0,119,,,,,0.005304457969032228,1.0,,embed@0.9,20ng-sub4000,4000,0
4,log:A5,The post describes a hardware problem the author is experiencing.,cold,4000,4000,0,0,0,1.0,1.0,1.0,325,,,,,0.005203042004723102,1.0,,embed@0.9,20ng-sub4000,4000,0
5,log:B1,The post offers an item for sale.,cold,4000,4000,0,0,0,1.0,1.0,1.0,207,,,,,0.007144500035792589,1.0,,embed@0.9,20ng-sub4000,4000,0
6,log:B2,The post offers a computer or a computer part for sale.,cold,4000,4000,0,0,0,1.0,1.0,1.0,96,,,,,0.0068268749746493995,1.0,,embed@0.9,20ng-sub4000,4000,0
7,log:B3,The post mentions a specific price in dollars.,cold,4000,4000,0,0,0,1.0,1.0,1.0,293,,,,,0.005924917000811547,1.0,,embed@0.9,20ng-sub4000,4000,0
8,log:B4,The post is an advertisement.,cold,4000,4000,0,0,0,1.0,1.0,1.0,234,,,,,0.00804204202722758,1.0,,embed@0.9,20ng-sub4000,4000,0
9,log:B5,The post is looking to buy something rather than to sell something.,cold,4000,4000,0,0,0,1.0,1.0,1.0,705,,,,,0.005613249959424138,1.0,,embed@0.9,20ng-sub4000,4000,0
10,log:C1,The post discusses a professional sports team.,cold,4000,4000,0,0,0,1.0,1.0,1.0,341,,,,,0.0051735000452026725,1.0,,embed@0.9,20ng-sub4000,4000,0
11,log:C2,The post discusses a professional baseball team.,cold,4000,4000,0,0,0,1.0,1.0,1.0,174,,,,,0.005477291997522116,1.0,,embed@0.9,20ng-sub4000,4000,0
12,log:C3,The post mentions a player's statistics.,cold,4000,4000,0,0,0,1.0,1.0,1.0,112,,,,,0.0072131670312955976,1.0,,embed@0.9,20ng-sub4000,4000,0
13,log:C4,The post is about a sporting event that has already taken place.,cold,4000,4000,0,0,0,1.0,1.0,1.0,259,,,,,0.006132833019364625,1.0,,embed@0.9,20ng-sub4000,4000,0
14,log:C5,The post is about sports.,cold,4000,4000,0,0,0,1.0,1.0,1.0,398,,,,,0.007084709010086954,1.0,,embed@0.9,20ng-sub4000,4000,0
15,log:D1,The post argues about politics.,cold,4000,4000,0,0,0,1.0,1.0,1.0,630,,,,,0.005984542018268257,1.0,,embed@0.9,20ng-sub4000,4000,0
16,log:D2,The post argues about gun control policy.,cold,4000,4000,0,0,0,1.0,1.0,1.0,81,,,,,0.004902540997136384,1.0,,embed@0.9,20ng-sub4000,4000,0
17,log:D3,The post expresses a religious belief.,cold,4000,4000,0,0,0,1.0,1.0,1.0,291,,,,,0.004910290997941047,1.0,,embed@0.9,20ng-sub4000,4000,0
18,log:D4,The post argues about religion.,cold,4000,4000,0,0,0,1.0,1.0,1.0,418,,,,,0.0056627909652888775,1.0,,embed@0.9,20ng-sub4000,4000,0
19,log:D5,The post discusses the Middle East.,cold,4000,4000,0,0,0,1.0,1.0,1.0,122,,,,,0.005097208020742983,1.0,,embed@0.9,20ng-sub4000,4000,0
20,log:D6,The post criticizes a government or a government policy.,cold,4000,4000,0,0,0,1.0,1.0,1.0,403,,,,,0.004860165994614363,1.0,,embed@0.9,20ng-sub4000,4000,0
21,log:E1,The author of the post is frustrated or angry.,cold,4000,4000,0,0,0,1.0,1.0,1.0,2170,,,,,0.005023541045375168,1.0,,embed@0.9,20ng-sub4000,4000,0
22,log:E2,The post contains a question.,cold,4000,4000,0,0,0,1.0,1.0,1.0,1526,,,,,0.005832540977280587,1.0,,embed@0.9,20ng-sub4000,4000,0
23,log:E3,The post quotes another message.,cold,4000,4000,0,0,0,1.0,1.0,1.0,3075,,,,,0.008213875000365078,1.0,,embed@0.9,20ng-sub4000,4000,0
24,log:E4,The post uses technical jargon.,cold,4000,4000,0,0,0,1.0,1.0,1.0,1636,,,,,0.006105000036768615,1.0,,embed@0.9,20ng-sub4000,4000,0
25,log:E5,The post makes a factual claim that could be checked.,cold,4000,4000,0,0,0,1.0,1.0,1.0,2314,,,,,0.006901292013935745,1.0,,embed@0.9,20ng-sub4000,4000,0
26,log:F1,The post discusses medicine or health.,cold,4000,4000,0,0,0,1.0,1.0,1.0,206,,,,,0.007246041961479932,1.0,,embed@0.9,20ng-sub4000,4000,0
27,log:F2,The post discusses a specific disease or medical condition.,cold,4000,4000,0,0,0,1.0,1.0,1.0,98,,,,,0.006688874971587211,1.0,,embed@0.9,20ng-sub4000,4000,0
28,log:F3,The post discusses space or astronomy.,cold,4000,4000,0,0,0,1.0,1.0,1.0,142,,,,,0.006858916021883488,1.0,,embed@0.9,20ng-sub4000,4000,0
29,log:F4,The post discusses cryptography or encryption.,cold,4000,4000,0,0,0,1.0,1.0,1.0,127,,,,,0.006957791978493333,1.0,,embed@0.9,20ng-sub4000,4000,0
30,log:F5,The post discusses computer security.,cold,4000,4000,0,0,0,1.0,1.0,1.0,203,,,,,0.006987750006373972,1.0,,embed@0.9,20ng-sub4000,4000,0
31,log:F6,The post discusses science.,cold,4000,4000,0,0,0,1.0,1.0,1.0,550,,,,,0.006707332970108837,1.0,,embed@0.9,20ng-sub4000,4000,0
32,log:G1,The post mentions an operating system.,cold,4000,4000,0,0,0,1.0,1.0,1.0,400,,,,,0.007100291026290506,1.0,,embed@0.9,20ng-sub4000,4000,0
33,log:G2,The post mentions Microsoft Windows.,cold,4000,4000,0,0,0,1.0,1.0,1.0,146,,,,,0.008482333039864898,1.0,,embed@0.9,20ng-sub4000,4000,0
34,log:G3,The post mentions the X Window System.,cold,4000,4000,0,0,0,1.0,1.0,1.0,150,,,,,0.007141250011045486,1.0,,embed@0.9,20ng-sub4000,4000,0
35,log:G4,The post discusses software rather than hardware.,cold,4000,4000,0,0,0,1.0,1.0,1.0,782,,,,,0.006163374986499548,1.0,,embed@0.9,20ng-sub4000,4000,0
36,log:G5,The post recommends a product or a service.,cold,4000,4000,0,0,0,1.0,1.0,1.0,182,,,,,0.0067950410302728415,1.0,,embed@0.9,20ng-sub4000,4000,0
37,log:H1,The post asks for technical help with computer hardware.,embed-hit@1.00,0,0,0,0,0,1.0,1.0,1.0,535,,,,,3.770802868530154e-05,1.0,,embed@0.9,20ng-sub4000,4000,0
38,log:H2,The post is selling something.,cold,4000,4000,0,0,0,1.0,1.0,1.0,201,,,,,0.007796916994266212,1.0,,embed@0.9,20ng-sub4000,4000,0
39,log:H3,The post is about a motor vehicle.,cold,4000,4000,0,0,0,1.0,1.0,1.0,328,,,,,0.007188125047832727,1.0,,embed@0.9,20ng-sub4000,4000,0
40,log:H4,The post is about a car or a motorcycle.,cold,4000,4000,0,0,0,1.0,1.0,1.0,292,,,,,0.006657249992713332,1.0,,embed@0.9,20ng-sub4000,4000,0
41,log:H5,The post gives advice about maintaining a vehicle.,cold,4000,4000,0,0,0,1.0,1.0,1.0,75,,,,,0.0068941249628551304,1.0,,embed@0.9,20ng-sub4000,4000,0
42,log:H6,The tone of the post is angry or annoyed.,cold,4000,4000,0,0,0,1.0,1.0,1.0,1523,,,,,0.006006415991578251,1.0,,embed@0.9,20ng-sub4000,4000,0
43,log:H7,The post is about a computer operating system.,cold,4000,4000,0,0,0,1.0,1.0,1.0,365,,,,,0.005955707980319858,1.0,,embed@0.9,20ng-sub4000,4000,0
44,log:H8,The post is a for-sale advertisement.,embed-hit@0.91,0,0,0,0,0,0.7564102564102564,0.9619565217391305,0.84688995215311,184,,,,,0.005312542023602873,0.9619565217391305,,embed@0.9,20ng-sub4000,4000,0
45,log:H9,The post discusses encryption algorithms or key management.,cold,4000,4000,0,0,0,1.0,1.0,1.0,101,,,,,0.005746957962401211,1.0,,embed@0.9,20ng-sub4000,4000,0
46,log:H10,The post asks a question about computer hardware.,cold,4000,4000,0,0,0,1.0,1.0,1.0,704,,,,,0.0057866250281222165,1.0,,embed@0.9,20ng-sub4000,4000,0
0,log:A1,The post asks for technical help with computer hardware.,cold,4000,4000,0,0,0,1.0,1.0,1.0,535,,,,,6.0582999140024185e-05,1.0,,semreuse,20ng-sub4000,4000,0
1,log:A2,The post asks for technical help with a personal computer's hardware.,rewrite,4000,3465,29,506,2,1.0,1.0,1.0,465,1.0,False,1.0,False,0.04369370802305639,1.0,False,semreuse,20ng-sub4000,4000,0
2,log:A3,The post is a request for technical assistance concerning computer hardware.,rewrite,3573,90,435,3048,4,0.9932659932659933,0.978441127694859,0.9857978279030911,603,0.9673321234119783,False,0.8973063973063973,False,0.03924804099369794,0.978441127694859,False,semreuse,20ng-sub4000,4000,0
3,log:A4,The post asks for help with Macintosh hardware.,rewrite,4000,3387,36,577,6,1.0,1.0,1.0,119,1.0,False,1.0,False,0.03564270900096744,1.0,False,semreuse,20ng-sub4000,4000,0
4,log:A5,The post describes a hardware problem the author is experiencing.,cold,4000,4000,0,0,8,1.0,1.0,1.0,325,,,,,0.034204334020614624,1.0,,semreuse,20ng-sub4000,4000,0
5,log:B1,The post offers an item for sale.,cold,4000,4000,0,0,10,1.0,1.0,1.0,207,,,,,0.03501112497178838,1.0,,semreuse,20ng-sub4000,4000,0
6,log:B2,The post offers a computer or a computer part for sale.,rewrite,4000,3793,29,178,12,1.0,1.0,1.0,96,1.0,False,1.0,False,0.03801229101372883,1.0,False,semreuse,20ng-sub4000,4000,0
7,log:B3,The post mentions a specific price in dollars.,cold,4000,4000,0,0,14,1.0,1.0,1.0,293,,,,,0.04182220797520131,1.0,,semreuse,20ng-sub4000,4000,0
8,log:B4,The post is an advertisement.,rewrite,4000,3,0,3997,16,1.0,1.0,1.0,234,1.0,False,1.0,False,0.047666291997302324,1.0,False,semreuse,20ng-sub4000,4000,0
9,log:B5,The post is looking to buy something rather than to sell something.,rewrite,4000,54,0,3946,18,1.0,1.0,1.0,705,1.0,False,1.0,False,0.04128204198786989,1.0,False,semreuse,20ng-sub4000,4000,0
10,log:C1,The post discusses a professional sports team.,cold,4000,4000,0,0,20,1.0,1.0,1.0,341,,,,,0.0433548329747282,1.0,,semreuse,20ng-sub4000,4000,0
11,log:C2,The post discusses a professional baseball team.,rewrite,4000,546,1000,2454,22,1.0,1.0,1.0,174,1.0,False,1.0,False,0.04675620899070054,1.0,False,semreuse,20ng-sub4000,4000,0
12,log:C3,The post mentions a player's statistics.,rewrite,4000,207,0,3793,24,1.0,1.0,1.0,112,1.0,False,1.0,False,0.04299254104262218,1.0,False,semreuse,20ng-sub4000,4000,0
13,log:C4,The post is about a sporting event that has already taken place.,cold,4000,4000,0,0,26,1.0,1.0,1.0,259,,,,,0.044323625043034554,1.0,,semreuse,20ng-sub4000,4000,0
14,log:C5,The post is about sports.,rewrite,3965,115,1678,2172,28,1.0,0.914572864321608,0.9553805774278215,398,0.9122807017543859,False,1.0,False,0.05099650000920519,0.914572864321608,False,semreuse,20ng-sub4000,4000,0
15,log:D1,The post argues about politics.,cold,4000,4000,0,0,30,1.0,1.0,1.0,630,,,,,0.04618591599864885,1.0,,semreuse,20ng-sub4000,4000,0
16,log:D2,The post argues about gun control policy.,cold,4000,4000,0,0,32,1.0,1.0,1.0,81,,,,,0.04470391699578613,1.0,,semreuse,20ng-sub4000,4000,0
17,log:D3,The post expresses a religious belief.,rewrite,4000,3766,29,205,34,1.0,1.0,1.0,291,1.0,False,1.0,False,0.04965870903106406,1.0,False,semreuse,20ng-sub4000,4000,0
18,log:D4,The post argues about religion.,cold,4000,4000,0,0,36,1.0,1.0,1.0,418,,,,,0.04688537499168888,1.0,,semreuse,20ng-sub4000,4000,0
19,log:D5,The post discusses the Middle East.,rewrite,4000,998,1142,1860,38,1.0,1.0,1.0,122,1.0,False,1.0,False,0.04828537499997765,1.0,False,semreuse,20ng-sub4000,4000,0
20,log:D6,The post criticizes a government or a government policy.,cold,4000,4000,0,0,40,1.0,1.0,1.0,403,,,,,0.04785491601796821,1.0,,semreuse,20ng-sub4000,4000,0
21,log:E1,The author of the post is frustrated or angry.,cold,4000,4000,0,0,42,1.0,1.0,1.0,2170,,,,,0.05684458400355652,1.0,,semreuse,20ng-sub4000,4000,0
22,log:E2,The post contains a question.,rewrite,4000,0,0,4000,44,1.0,1.0,1.0,1526,1.0,False,1.0,False,0.042426375031936914,1.0,False,semreuse,20ng-sub4000,4000,0
23,log:E3,The post quotes another message.,rewrite,4000,0,0,4000,46,1.0,1.0,1.0,3075,1.0,False,1.0,False,0.042018958018161356,1.0,False,semreuse,20ng-sub4000,4000,0
24,log:E4,The post uses technical jargon.,cold,4000,4000,0,0,48,1.0,1.0,1.0,1636,,,,,0.04033579200040549,1.0,,semreuse,20ng-sub4000,4000,0
25,log:E5,The post makes a factual claim that could be checked.,rewrite,4000,0,0,4000,50,1.0,1.0,1.0,2314,1.0,False,1.0,False,0.04497054097009823,1.0,False,semreuse,20ng-sub4000,4000,0
26,log:F1,The post discusses medicine or health.,rewrite,4000,1069,72,2859,52,1.0,1.0,1.0,206,1.0,False,1.0,False,0.04348220903193578,1.0,False,semreuse,20ng-sub4000,4000,0
27,log:F2,The post discusses a specific disease or medical condition.,rewrite,4000,1069,72,2859,54,1.0,1.0,1.0,98,1.0,False,1.0,False,0.050075208011548966,1.0,False,semreuse,20ng-sub4000,4000,0
28,log:F3,The post discusses space or astronomy.,rewrite,4000,2474,29,1497,56,1.0,1.0,1.0,142,1.0,False,1.0,False,0.05580575001658872,1.0,False,semreuse,20ng-sub4000,4000,0
29,log:F4,The post discusses cryptography or encryption.,rewrite,4000,2474,29,1497,58,1.0,1.0,1.0,127,1.0,False,1.0,False,0.05630908295279369,1.0,False,semreuse,20ng-sub4000,4000,0
30,log:F5,The post discusses computer security.,rewrite,4000,1069,72,2859,60,1.0,1.0,1.0,203,1.0,False,1.0,False,0.054004541016183794,1.0,False,semreuse,20ng-sub4000,4000,0
31,log:F6,The post discusses science.,rewrite,3972,2930,116,926,62,1.0,0.9763636363636363,0.9880404783808647,550,0.9504424778761061,False,1.0,False,0.062366917030885816,0.9763636363636363,False,semreuse,20ng-sub4000,4000,0
32,log:G1,The post mentions an operating system.,rewrite,4000,3147,148,705,64,1.0,1.0,1.0,400,1.0,False,1.0,False,0.06900912499986589,1.0,False,semreuse,20ng-sub4000,4000,0
33,log:G2,The post mentions Microsoft Windows.,rewrite,3483,2876,308,299,66,1.0,0.9863013698630136,0.993103448275862,146,0.935064935064935,False,1.0,False,0.06451558298431337,0.9863013698630136,False,semreuse,20ng-sub4000,4000,0
34,log:G3,The post mentions the X Window System.,rewrite,4000,3147,318,535,68,1.0,1.0,1.0,150,1.0,False,1.0,False,0.060484290996100754,1.0,False,semreuse,20ng-sub4000,4000,0
35,log:G4,The post discusses software rather than hardware.,rewrite,4000,8,0,3992,70,1.0,1.0,1.0,782,1.0,False,1.0,False,0.058223499974701554,1.0,False,semreuse,20ng-sub4000,4000,0
36,log:G5,The post recommends a product or a service.,rewrite,4000,0,0,4000,72,1.0,1.0,1.0,182,1.0,False,1.0,False,0.058581957942806184,1.0,False,semreuse,20ng-sub4000,4000,0
37,log:H1,The post asks for technical help with computer hardware.,exact-hit,0,0,0,0,0,1.0,1.0,1.0,535,,,,,9.292038157582283e-06,1.0,,semreuse,20ng-sub4000,4000,0
38,log:H2,The post is selling something.,rewrite,2798,2294,492,12,74,1.0,0.9900497512437811,0.995,201,0.9326923076923077,False,0.9748743718592965,False,0.06610362499486655,0.9900497512437811,False,semreuse,20ng-sub4000,4000,0
39,log:H3,The post is about a motor vehicle.,rewrite,4000,2265,72,1663,76,1.0,1.0,1.0,328,1.0,False,1.0,False,0.06267991597997025,1.0,False,semreuse,20ng-sub4000,4000,0
40,log:H4,The post is about a car or a motorcycle.,rewrite,2330,1802,482,46,78,0.9965277777777778,0.9828767123287672,0.9896551724137932,292,0.9255663430420712,False,0.9930555555555556,False,0.07438079098938033,0.9828767123287672,False,semreuse,20ng-sub4000,4000,0
41,log:H5,The post gives advice about maintaining a vehicle.,rewrite,3695,2448,1241,6,80,1.0,0.9866666666666667,0.9932885906040269,75,0.9367088607594937,False,1.0,False,0.07110154198016971,0.9866666666666667,False,semreuse,20ng-sub4000,4000,0
42,log:H6,The tone of the post is angry or annoyed.,rewrite,3617,92,3157,368,82,1.0,0.9868680236375574,0.9933906146728354,1523,0.9791530944625407,False,1.0,False,0.08209470799192786,0.9868680236375574,False,semreuse,20ng-sub4000,4000,0
43,log:H7,The post is about a computer operating system.,rewrite,3998,1937,268,1793,84,1.0,1.0,1.0,365,0.9945504087193461,False,1.0,False,0.08158700005151331,1.0,False,semreuse,20ng-sub4000,4000,0
44,log:H8,The post is a for-sale advertisement.,rewrite,1338,167,1160,11,86,0.989247311827957,1.0,0.9945945945945946,184,0.9095477386934674,False,0.9731182795698925,False,0.07240462501067668,1.0,False,semreuse,20ng-sub4000,4000,0
45,log:H9,The post discusses encryption algorithms or key management.,rewrite,4000,2340,117,1543,88,1.0,1.0,1.0,101,1.0,False,1.0,False,0.0666602500132285,1.0,False,semreuse,20ng-sub4000,4000,0
46,log:H10,The post asks a question about computer hardware.,rewrite,3964,1526,337,2101,90,1.0,0.9545454545454546,0.9767441860465117,704,0.9491525423728814,False,1.0,False,0.07570045802276582,0.9545454545454546,False,semreuse,20ng-sub4000,4000,0
0,log:A1,The post asks for technical help with computer hardware.,cold,4000,4000,0,0,0,1.0,1.0,1.0,535,,,,,4.012498538941145e-05,1.0,,semreuse-noaudit,20ng-sub4000,4000,0
1,log:A2,The post asks for technical help with a personal computer's hardware.,rewrite,3465,3465,0,0,0,0.8378378378378378,1.0,0.911764705882353,465,,,,,0.00017212500097230077,1.0,,semreuse-noaudit,20ng-sub4000,4000,0
2,log:A3,The post is a request for technical assistance concerning computer hardware.,rewrite,0,0,0,0,0,0.9775700934579439,0.867330016583748,0.9191564147627417,603,,,,,0.00012820801930502057,0.867330016583748,,semreuse-noaudit,20ng-sub4000,4000,0
3,log:A4,The post asks for help with Macintosh hardware.,rewrite,3445,3445,0,0,0,0.21212121212121213,1.0,0.35,119,,,,,0.00012670800788328052,1.0,,semreuse-noaudit,20ng-sub4000,4000,0
4,log:A5,The post describes a hardware problem the author is experiencing.,cold,4000,4000,0,0,0,1.0,1.0,1.0,325,,,,,0.00011354201706126332,1.0,,semreuse-noaudit,20ng-sub4000,4000,0
5,log:B1,The post offers an item for sale.,cold,4000,4000,0,0,0,1.0,1.0,1.0,207,,,,,0.00011479196837171912,1.0,,semreuse-noaudit,20ng-sub4000,4000,0
6,log:B2,The post offers a computer or a computer part for sale.,rewrite,3793,3793,0,0,0,0.4485981308411215,1.0,0.6193548387096773,96,,,,,0.00012783397687599063,1.0,,semreuse-noaudit,20ng-sub4000,4000,0
7,log:B3,The post mentions a specific price in dollars.,cold,4000,4000,0,0,0,1.0,1.0,1.0,293,,,,,0.00012149999383836985,1.0,,semreuse-noaudit,20ng-sub4000,4000,0
8,log:B4,The post is an advertisement.,rewrite,12,12,0,0,0,1.0,0.029914529914529916,0.05809128630705395,234,,,,,0.00014050002209842205,0.029914529914529916,,semreuse-noaudit,20ng-sub4000,4000,0
9,log:B5,The post is looking to buy something rather than to sell something.,rewrite,229,229,0,0,0,1.0,0.16879432624113475,0.2888349514563107,705,,,,,0.00015591696137562394,0.16879432624113475,,semreuse-noaudit,20ng-sub4000,4000,0
10,log:C1,The post discusses a professional sports team.,cold,4000,4000,0,0,0,1.0,1.0,1.0,341,,,,,0.00013587501598522067,1.0,,semreuse-noaudit,20ng-sub4000,4000,0
11,log:C2,The post discusses a professional baseball team.,rewrite,546,546,0,0,0,1.0,0.9770114942528736,0.9883720930232558,174,,,,,0.00016150000737980008,0.9770114942528736,,semreuse-noaudit,20ng-sub4000,4000,0
12,log:C3,The post mentions a player's statistics.,rewrite,207,207,0,0,0,1.0,0.017857142857142856,0.03508771929824561,112,,,,,0.00014279200695455074,0.017857142857142856,,semreuse-noaudit,20ng-sub4000,4000,0
13,log:C4,The post is about a sporting event that has already taken place.,cold,4000,4000,0,0,0,1.0,1.0,1.0,259,,,,,0.00014162500156089664,1.0,,semreuse-noaudit,20ng-sub4000,4000,0
14,log:C5,The post is about sports.,rewrite,115,115,0,0,0,1.0,0.2864321608040201,0.4453125,398,,,,,0.00015879201237112284,0.2864321608040201,,semreuse-noaudit,20ng-sub4000,4000,0
15,log:D1,The post argues about politics.,cold,4000,4000,0,0,0,1.0,1.0,1.0,630,,,,,0.000144416990224272,1.0,,semreuse-noaudit,20ng-sub4000,4000,0
16,log:D2,The post argues about gun control policy.,cold,4000,4000,0,0,0,1.0,1.0,1.0,81,,,,,0.00014420802472159266,1.0,,semreuse-noaudit,20ng-sub4000,4000,0
17,log:D3,The post expresses a religious belief.,rewrite,3993,3993,0,0,0,0.9765100671140939,1.0,0.9881154499151102,291,,,,,0.00015733303735032678,1.0,,semreuse-noaudit,20ng-sub4000,4000,0
18,log:D4,The post argues about religion.,cold,4000,4000,0,0,0,1.0,1.0,1.0,418,,,,,0.00015454099047929049,1.0,,semreuse-noaudit,20ng-sub4000,4000,0
19,log:D5,The post discusses the Middle East.,rewrite,1109,1109,0,0,0,0.9396551724137931,0.8934426229508197,0.9159663865546218,122,,,,,0.00019304099259898067,0.8934426229508197,,semreuse-noaudit,20ng-sub4000,4000,0
20,log:D6,The post criticizes a government or a government policy.,cold,4000,4000,0,0,0,1.0,1.0,1.0,403,,,,,0.0001646250020712614,1.0,,semreuse-noaudit,20ng-sub4000,4000,0
21,log:E1,The author of the post is frustrated or angry.,cold,4000,4000,0,0,0,1.0,1.0,1.0,2170,,,,,0.00016545900143682957,1.0,,semreuse-noaudit,20ng-sub4000,4000,0
22,log:E2,The post contains a question.,rewrite,0,0,0,0,0,1.0,0.0,0.0,1526,,,,,0.00020074995700269938,0.0,,semreuse-noaudit,20ng-sub4000,4000,0
23,log:E3,The post quotes another message.,rewrite,0,0,0,0,0,1.0,0.0,0.0,3075,,,,,0.00019200000679120421,0.0,,semreuse-noaudit,20ng-sub4000,4000,0
24,log:E4,The post uses technical jargon.,cold,4000,4000,0,0,0,1.0,1.0,1.0,1636,,,,,0.00017366698011755943,1.0,,semreuse-noaudit,20ng-sub4000,4000,0
25,log:E5,The post makes a factual claim that could be checked.,rewrite,0,0,0,0,0,1.0,0.0,0.0,2314,,,,,0.00020170904463157058,0.0,,semreuse-noaudit,20ng-sub4000,4000,0
26,log:F1,The post discusses medicine or health.,rewrite,4000,4000,0,0,0,1.0,1.0,1.0,206,,,,,0.00018912495579570532,1.0,,semreuse-noaudit,20ng-sub4000,4000,0
27,log:F2,The post discusses a specific disease or medical condition.,rewrite,4000,4000,0,0,0,1.0,1.0,1.0,98,,,,,0.00018974998965859413,1.0,,semreuse-noaudit,20ng-sub4000,4000,0
28,log:F3,The post discusses space or astronomy.,rewrite,4000,4000,0,0,0,1.0,1.0,1.0,142,,,,,0.0001905839890241623,1.0,,semreuse-noaudit,20ng-sub4000,4000,0
29,log:F4,The post discusses cryptography or encryption.,rewrite,4000,4000,0,0,0,1.0,1.0,1.0,127,,,,,0.00019462505588307977,1.0,,semreuse-noaudit,20ng-sub4000,4000,0
30,log:F5,The post discusses computer security.,rewrite,4000,4000,0,0,0,1.0,1.0,1.0,203,,,,,0.0001985830022022128,1.0,,semreuse-noaudit,20ng-sub4000,4000,0
31,log:F6,The post discusses science.,rewrite,0,0,0,0,0,1.0,0.0,0.0,550,,,,,0.0002098329714499414,0.0,,semreuse-noaudit,20ng-sub4000,4000,0
32,log:G1,The post mentions an operating system.,rewrite,554,554,0,0,0,0.967741935483871,0.375,0.5405405405405406,400,,,,,0.0002187499776482582,0.375,,semreuse-noaudit,20ng-sub4000,4000,0
33,log:G2,The post mentions Microsoft Windows.,rewrite,558,558,0,0,0,1.0,0.4383561643835616,0.6095238095238095,146,,,,,0.00023691699607297778,0.4383561643835616,,semreuse-noaudit,20ng-sub4000,4000,0
34,log:G3,The post mentions the X Window System.,rewrite,554,554,0,0,0,0.8055555555555556,0.19333333333333333,0.3118279569892473,150,,,,,0.00022537499899044633,0.19333333333333333,,semreuse-noaudit,20ng-sub4000,4000,0
35,log:G4,The post discusses software rather than hardware.,rewrite,1,1,0,0,0,1.0,0.0,0.0,782,,,,,0.00022566597908735275,0.0,,semreuse-noaudit,20ng-sub4000,4000,0
36,log:G5,The post recommends a product or a service.,rewrite,0,0,0,0,0,1.0,0.0,0.0,182,,,,,0.00024562503676861525,0.0,,semreuse-noaudit,20ng-sub4000,4000,0
37,log:H1,The post asks for technical help with computer hardware.,exact-hit,0,0,0,0,0,1.0,1.0,1.0,535,,,,,4.416971933096647e-06,1.0,,semreuse-noaudit,20ng-sub4000,4000,0
38,log:H2,The post is selling something.,rewrite,200,200,0,0,0,1.0,0.9402985074626866,0.9692307692307692,201,,,,,0.00025112496223300695,0.9402985074626866,,semreuse-noaudit,20ng-sub4000,4000,0
39,log:H3,The post is about a motor vehicle.,rewrite,3993,3993,0,0,0,0.9791044776119403,1.0,0.9894419306184012,328,,,,,0.00023437500931322575,1.0,,semreuse-noaudit,20ng-sub4000,4000,0
40,log:H4,The post is about a car or a motorcycle.,rewrite,518,518,0,0,0,0.9826388888888888,0.9691780821917808,0.9758620689655172,292,,,,,0.0002603749744594097,0.9691780821917808,,semreuse-noaudit,20ng-sub4000,4000,0
41,log:H5,The post gives advice about maintaining a vehicle.,rewrite,332,332,0,0,0,0.9315068493150684,0.9066666666666666,0.918918918918919,75,,,,,0.00026862503727898,0.9066666666666666,,semreuse-noaudit,20ng-sub4000,4000,0
42,log:H6,The tone of the post is angry or annoyed.,rewrite,0,0,0,0,0,1.0,0.0,0.0,1523,,,,,0.0002525410382077098,0.0,,semreuse-noaudit,20ng-sub4000,4000,0
43,log:H7,The post is about a computer operating system.,rewrite,154,154,0,0,0,1.0,0.3013698630136986,0.4631578947368421,365,,,,,0.00027654203586280346,0.3013698630136986,,semreuse-noaudit,20ng-sub4000,4000,0
44,log:H8,The post is a for-sale advertisement.,rewrite,0,0,0,0,0,0.8792270531400966,0.9891304347826086,0.9309462915601022,184,,,,,0.00025645800633355975,0.9891304347826086,,semreuse-noaudit,20ng-sub4000,4000,0
45,log:H9,The post discusses encryption algorithms or key management.,rewrite,3795,3795,0,0,0,0.49029126213592233,1.0,0.6579804560260586,101,,,,,0.0002589999930933118,1.0,,semreuse-noaudit,20ng-sub4000,4000,0
46,log:H10,The post asks a question about computer hardware.,rewrite,1,1,0,0,0,1.0,0.0014204545454545455,0.0028368794326241132,704,,,,,0.0002857500221580267,0.0014204545454545455,,semreuse-noaudit,20ng-sub4000,4000,0
0,log:A1,The post asks for technical help with computer hardware.,cold,4000,4000,0,0,0,1.0,1.0,1.0,535,,,,,3.141601337119937e-05,1.0,,semreuse-gt,20ng-sub4000,4000,0
1,log:A2,The post asks for technical help with a personal computer's hardware.,cold,4000,4000,0,0,0,1.0,1.0,1.0,465,,,,,4.112499300390482e-05,1.0,,semreuse-gt,20ng-sub4000,4000,0
2,log:A3,The post is a request for technical assistance concerning computer hardware.,cold,4000,4000,0,0,0,1.0,1.0,1.0,603,,,,,4.0917017031461e-05,1.0,,semreuse-gt,20ng-sub4000,4000,0
3,log:A4,The post asks for help with Macintosh hardware.,cold,4000,4000,0,0,0,1.0,1.0,1.0,119,,,,,4.541699308902025e-05,1.0,,semreuse-gt,20ng-sub4000,4000,0
4,log:A5,The post describes a hardware problem the author is experiencing.,cold,4000,4000,0,0,0,1.0,1.0,1.0,325,,,,,5.099998088553548e-05,1.0,,semreuse-gt,20ng-sub4000,4000,0
5,log:B1,The post offers an item for sale.,cold,4000,4000,0,0,0,1.0,1.0,1.0,207,,,,,5.541701102629304e-05,1.0,,semreuse-gt,20ng-sub4000,4000,0
6,log:B2,The post offers a computer or a computer part for sale.,cold,4000,4000,0,0,0,1.0,1.0,1.0,96,,,,,6.158300675451756e-05,1.0,,semreuse-gt,20ng-sub4000,4000,0
7,log:B3,The post mentions a specific price in dollars.,cold,4000,4000,0,0,0,1.0,1.0,1.0,293,,,,,6.741698598489165e-05,1.0,,semreuse-gt,20ng-sub4000,4000,0
8,log:B4,The post is an advertisement.,cold,4000,4000,0,0,0,1.0,1.0,1.0,234,,,,,7.308402564376593e-05,1.0,,semreuse-gt,20ng-sub4000,4000,0
9,log:B5,The post is looking to buy something rather than to sell something.,cold,4000,4000,0,0,0,1.0,1.0,1.0,705,,,,,8.054199861362576e-05,1.0,,semreuse-gt,20ng-sub4000,4000,0
10,log:C1,The post discusses a professional sports team.,rewrite,3223,3066,157,0,0,1.0,0.9824046920821115,0.9911242603550295,341,0.925414364640884,False,1.0,False,0.0012316249776631594,0.9824046920821115,False,semreuse-gt,20ng-sub4000,4000,0
11,log:C2,The post discusses a professional baseball team.,rewrite,3882,3066,310,506,0,1.0,1.0,1.0,174,0.9157894736842105,False,1.0,False,0.0019123749807476997,1.0,False,semreuse-gt,20ng-sub4000,4000,0
12,log:C3,The post mentions a player's statistics.,rewrite,3562,3111,451,0,0,1.0,0.9910714285714286,0.9955156950672646,112,0.9098360655737705,False,1.0,False,0.0011642079916782677,0.9910714285714286,False,semreuse-gt,20ng-sub4000,4000,0
13,log:C4,The post is about a sporting event that has already taken place.,rewrite,3274,3066,208,0,0,1.0,0.9845559845559846,0.9922178988326849,259,0.9042553191489362,False,1.0,False,0.0011492499615997076,0.9845559845559846,False,semreuse-gt,20ng-sub4000,4000,0
14,log:C5,The post is about sports.,rewrite,3054,2887,167,0,0,0.9875,0.992462311557789,0.9899749373433584,398,0.9273182957393483,False,0.925,False,0.0014959590043872595,0.992462311557789,False,semreuse-gt,20ng-sub4000,4000,0
15,log:D1,The post argues about politics.,rewrite,3431,2736,116,579,0,1.0,0.9920634920634921,0.9960159362549801,630,0.9044862518089725,False,1.0,False,0.0018500829464755952,0.9920634920634921,False,semreuse-gt,20ng-sub4000,4000,0
16,log:D2,The post argues about gun control policy.,rewrite,3677,2768,909,0,0,1.0,1.0,1.0,81,0.9418604651162791,False,1.0,False,0.0011551249772310257,1.0,False,semreuse-gt,20ng-sub4000,4000,0
17,log:D3,The post expresses a religious belief.,rewrite,3090,2862,228,0,0,1.0,0.993127147766323,0.996551724137931,291,0.9292604501607717,False,1.0,False,0.0013334579998627305,0.993127147766323,False,semreuse-gt,20ng-sub4000,4000,0
18,log:D4,The post argues about religion.,rewrite,2912,2736,176,0,0,1.0,0.9904306220095693,0.9951923076923077,418,0.9241071428571429,False,1.0,False,0.0012732080067507923,0.9904306220095693,False,semreuse-gt,20ng-sub4000,4000,0
19,log:D5,The post discusses the Middle East.,rewrite,3339,2706,633,0,0,1.0,0.9836065573770492,0.9917355371900827,122,0.9230769230769231,False,1.0,False,0.0012232919689267874,0.9836065573770492,False,semreuse-gt,20ng-sub4000,4000,0
20,log:D6,The post criticizes a government or a government policy.,rewrite,3289,2736,184,369,0,1.0,0.9875930521091811,0.9937578027465668,403,0.9024943310657596,False,1.0,False,0.0016197090153582394,0.9875930521091811,False,semreuse-gt,20ng-sub4000,4000,0
21,log:E1,The author of the post is frustrated or angry.,cold,4000,4000,0,0,0,1.0,1.0,1.0,2170,,,,,0.00016012502601370215,1.0,,semreuse-gt,20ng-sub4000,4000,0
22,log:E2,The post contains a question.,cold,4000,4000,0,0,0,1.0,1.0,1.0,1526,,,,,0.00015366700245067477,1.0,,semreuse-gt,20ng-sub4000,4000,0
23,log:E3,The post quotes another message.,cold,4000,4000,0,0,0,1.0,1.0,1.0,3075,,,,,0.00015799998072907329,1.0,,semreuse-gt,20ng-sub4000,4000,0
24,log:E4,The post uses technical jargon.,cold,4000,4000,0,0,0,1.0,1.0,1.0,1636,,,,,0.00016383297042921185,1.0,,semreuse-gt,20ng-sub4000,4000,0
25,log:E5,The post makes a factual claim that could be checked.,cold,4000,4000,0,0,0,1.0,1.0,1.0,2314,,,,,0.00017016701167449355,1.0,,semreuse-gt,20ng-sub4000,4000,0
26,log:F1,The post discusses medicine or health.,rewrite,3633,2648,391,594,0,1.0,0.9951456310679612,0.9975669099756691,206,0.9360730593607306,False,1.0,False,0.0018486250191926956,0.9951456310679612,False,semreuse-gt,20ng-sub4000,4000,0
27,log:F2,The post discusses a specific disease or medical condition.,rewrite,3558,2876,682,0,0,1.0,1.0,1.0,98,0.9245283018867925,False,1.0,False,0.0012518749572336674,1.0,False,semreuse-gt,20ng-sub4000,4000,0
28,log:F3,The post discusses space or astronomy.,rewrite,3092,2412,680,0,0,1.0,0.971830985915493,0.9857142857142858,142,0.9019607843137255,False,1.0,False,0.0013735000393353403,0.971830985915493,False,semreuse-gt,20ng-sub4000,4000,0
29,log:F4,The post discusses cryptography or encryption.,rewrite,3322,2739,583,0,0,1.0,0.9921259842519685,0.9960474308300395,127,0.9402985074626866,False,1.0,False,0.0015725829871371388,0.9921259842519685,False,semreuse-gt,20ng-sub4000,4000,0
30,log:F5,The post discusses computer security.,rewrite,3166,2726,440,0,0,0.9950738916256158,0.9950738916256158,0.9950738916256159,203,0.912621359223301,False,0.9261083743842364,False,0.0018625000375322998,0.9950738916256158,False,semreuse-gt,20ng-sub4000,4000,0
31,log:F6,The post discusses science.,rewrite,3624,3588,36,0,0,1.0,0.9890909090909091,0.9945155393053016,550,0.9235993208828522,False,1.0,False,0.0012976659927517176,0.9890909090909091,False,semreuse-gt,20ng-sub4000,4000,0
32,log:G1,The post mentions an operating system.,rewrite,2691,2467,224,0,0,1.0,0.99,0.9949748743718593,400,0.9252336448598131,False,1.0,False,0.0014878749498166144,0.99,False,semreuse-gt,20ng-sub4000,4000,0
33,log:G2,The post mentions Microsoft Windows.,rewrite,3355,2494,613,248,0,1.0,1.0,1.0,146,0.9182389937106918,False,1.0,False,0.0019642499973997474,1.0,False,semreuse-gt,20ng-sub4000,4000,0
34,log:G3,The post mentions the X Window System.,rewrite,3662,1044,1221,1397,0,1.0,0.9866666666666667,0.9932885906040269,150,0.925,False,1.0,False,0.001860499964095652,0.9866666666666667,False,semreuse-gt,20ng-sub4000,4000,0
35,log:G4,The post discusses software rather than hardware.,rewrite,3820,3800,20,0,0,1.0,0.9974424552429667,0.998719590268886,782,0.9570552147239264,False,1.0,False,0.0012067080242559314,0.9974424552429667,False,semreuse-gt,20ng-sub4000,4000,0
36,log:G5,The post recommends a product or a service.,rewrite,3705,2586,459,660,0,1.0,0.9945054945054945,0.9972451790633609,182,0.905,False,1.0,False,0.002414582995697856,0.9945054945054945,False,semreuse-gt,20ng-sub4000,4000,0
37,log:H1,The post asks for technical help with computer hardware.,exact-hit,0,0,0,0,0,1.0,1.0,1.0,535,,,,,1.1000025551766157e-05,1.0,,semreuse-gt,20ng-sub4000,4000,0
38,log:H2,The post is selling something.,rewrite,2939,2501,438,0,0,1.0,0.9900497512437811,0.995,201,0.9342723004694836,False,1.0,False,0.0015745839918963611,0.9900497512437811,False,semreuse-gt,20ng-sub4000,4000,0
39,log:H3,The post is about a motor vehicle.,rewrite,2700,2416,284,0,0,1.0,0.9847560975609756,0.9923195084485407,328,0.9255014326647565,False,1.0,False,0.0016484579537063837,0.9847560975609756,False,semreuse-gt,20ng-sub4000,4000,0
40,log:H4,The post is about a car or a motorcycle.,rewrite,2830,2536,294,0,0,1.0,0.9897260273972602,0.9948364888123925,292,0.9292604501607717,False,1.0,False,0.0015171249979175627,0.9897260273972602,False,semreuse-gt,20ng-sub4000,4000,0
41,log:H5,The post gives advice about maintaining a vehicle.,rewrite,3696,2486,1210,0,0,1.0,1.0,1.0,75,0.9493670886075949,False,1.0,False,0.001407208968885243,1.0,False,semreuse-gt,20ng-sub4000,4000,0
42,log:H6,The tone of the post is angry or annoyed.,rewrite,2219,2170,49,0,0,1.0,0.9967170059093894,0.9983558040118383,1523,0.9211165048543689,False,1.0,False,0.001511459005996585,0.9967170059093894,False,semreuse-gt,20ng-sub4000,4000,0
43,log:H7,The post is about a computer operating system.,rewrite,2887,2675,212,0,0,1.0,0.9945205479452055,0.9972527472527473,365,0.9007444168734491,False,1.0,False,0.001531084009911865,0.9945205479452055,False,semreuse-gt,20ng-sub4000,4000,0
44,log:H8,The post is a for-sale advertisement.,rewrite,1295,196,1099,0,0,1.0,0.9728260869565217,0.9862258953168044,184,0.9322916666666666,False,1.0,False,0.0017746249795891345,0.9728260869565217,False,semreuse-gt,20ng-sub4000,4000,0
45,log:H9,The post discusses encryption algorithms or key management.,rewrite,2185,196,1989,0,0,1.0,0.9900990099009901,0.9950248756218906,101,0.9259259259259259,False,1.0,False,0.0017283750348724425,0.9900990099009901,False,semreuse-gt,20ng-sub4000,4000,0
46,log:H10,The post asks a question about computer hardware.,rewrite,2684,2566,118,0,0,1.0,0.9943181818181818,0.9971509971509972,704,0.922266139657444,False,1.0,False,0.0016246659797616303,0.9943181818181818,False,semreuse-gt,20ng-sub4000,4000,0
