query_index,predicate_name,predicate_text,reuse_kind,oracle_calls,candidate_calls,audit_calls,escalation_calls,nli_pair_scores,precision,recall,f1,n_true_pos_rows,recall_bound,bound_violated,precision_bound,precision_bound_violated,latency_s,recall_oracle,bound_violated_oracle,method,corpus,n_rows,seed
0,group:motor vehicles#t0,The document is about motor vehicles.,cold,7951,7951,0,0,0,1.0,1.0,1.0,800,,,,,0.00022662500850856304,1.0,,cold,20ng-sub7951,7951,0
1,group:religion#t3,This article covers the topic of religion.,cold,7951,7951,0,0,0,1.0,1.0,1.0,1151,,,,,0.00025174999609589577,1.0,,cold,20ng-sub7951,7951,0
2,leaf:religious debate#t0,The document is about religious debate.,cold,7951,7951,0,0,0,1.0,1.0,1.0,351,,,,,9.704200783744454e-05,1.0,,cold,20ng-sub7951,7951,0
3,group:politics#t1,This text discusses politics.,cold,7951,7951,0,0,0,1.0,1.0,1.0,1200,,,,,0.0002580000145826489,1.0,,cold,20ng-sub7951,7951,0
4,union:gun control|medicine#u0,The document is about gun control or about medicine.,cold,7951,7951,0,0,0,1.0,1.0,1.0,800,,,,,0.000181332987267524,1.0,,cold,20ng-sub7951,7951,0
5,group:motor vehicles#t0,The document is about motor vehicles.,cold,7951,7951,0,0,0,1.0,1.0,1.0,800,,,,,0.00016262501594610512,1.0,,cold,20ng-sub7951,7951,0
6,group:politics#t1,This text discusses politics.,cold,7951,7951,0,0,0,1.0,1.0,1.0,1200,,,,,0.00024654201115481555,1.0,,cold,20ng-sub7951,7951,0
7,group:religion#t0,The document is about religion.,cold,7951,7951,0,0,0,1.0,1.0,1.0,1151,,,,,0.0002477919915691018,1.0,,cold,20ng-sub7951,7951,0
8,leaf:political debate#t1,This text discusses political debate.,cold,7951,7951,0,0,0,1.0,1.0,1.0,400,,,,,9.59169992711395e-05,1.0,,cold,20ng-sub7951,7951,0
9,group:sports#t1,This text discusses sports.,cold,7951,7951,0,0,0,1.0,1.0,1.0,800,,,,,0.00016804199549369514,1.0,,cold,20ng-sub7951,7951,0
10,group:science#t1,This text discusses science.,cold,7951,7951,0,0,0,1.0,1.0,1.0,1600,,,,,0.00033075001556426287,1.0,,cold,20ng-sub7951,7951,0
11,leaf:hockey#t1,This text discusses hockey.,cold,7951,7951,0,0,0,1.0,1.0,1.0,400,,,,,0.00011749999248422682,1.0,,cold,20ng-sub7951,7951,0
12,leaf:religious debate#t2,The passage is related to religious debate.,cold,7951,7951,0,0,0,1.0,1.0,1.0,351,,,,,9.570899419486523e-05,1.0,,cold,20ng-sub7951,7951,0
13,leaf:political debate#t0,The document is about political debate.,cold,7951,7951,0,0,0,1.0,1.0,1.0,400,,,,,9.049999061971903e-05,1.0,,cold,20ng-sub7951,7951,0
14,leaf:items for sale#t3,This article covers the topic of items for sale.,cold,7951,7951,0,0,0,1.0,1.0,1.0,400,,,,,8.38330015540123e-05,1.0,,cold,20ng-sub7951,7951,0
15,leaf:Christianity#t3,This article covers the topic of Christianity.,cold,7951,7951,0,0,0,1.0,1.0,1.0,400,,,,,0.00010604099952615798,1.0,,cold,20ng-sub7951,7951,0
16,union:electronics|hockey#u0,The document is about electronics or about hockey.,cold,7951,7951,0,0,0,1.0,1.0,1.0,800,,,,,0.00016562500968575478,1.0,,cold,20ng-sub7951,7951,0
17,group:science#t2,The passage is related to science.,cold,7951,7951,0,0,0,1.0,1.0,1.0,1600,,,,,0.00031704199500381947,1.0,,cold,20ng-sub7951,7951,0
18,group:computers#t1,This text discusses computers.,cold,7951,7951,0,0,0,1.0,1.0,1.0,2000,,,,,0.0003996250161435455,1.0,,cold,20ng-sub7951,7951,0
19,union:Macintosh hardware|items for sale#u1,This text discusses either Macintosh hardware or items for sale.,cold,7951,7951,0,0,0,1.0,1.0,1.0,800,,,,,0.00016362499445676804,1.0,,cold,20ng-sub7951,7951,0
20,group:motor vehicles#t3,This article covers the topic of motor vehicles.,cold,7951,7951,0,0,0,1.0,1.0,1.0,800,,,,,0.00016887500532902777,1.0,,cold,20ng-sub7951,7951,0
21,group:sports#t3,This article covers the topic of sports.,cold,7951,7951,0,0,0,1.0,1.0,1.0,800,,,,,0.00016483297804370522,1.0,,cold,20ng-sub7951,7951,0
22,group:motor vehicles#t3,This article covers the topic of motor vehicles.,cold,7951,7951,0,0,0,1.0,1.0,1.0,800,,,,,0.00016216697986237705,1.0,,cold,20ng-sub7951,7951,0
23,group:motor vehicles#t3,This article covers the topic of motor vehicles.,cold,7951,7951,0,0,0,1.0,1.0,1.0,800,,,,,0.00016445800429210067,1.0,,cold,20ng-sub7951,7951,0
24,union:PC hardware|cryptography#u0,The document is about PC hardware or about cryptography.,cold,7951,7951,0,0,0,1.0,1.0,1.0,800,,,,,0.00017112502246163785,1.0,,cold,20ng-sub7951,7951,0
25,leaf:political debate#t1,This text discusses political debate.,cold,7951,7951,0,0,0,1.0,1.0,1.0,400,,,,,9.729198063723743e-05,1.0,,cold,20ng-sub7951,7951,0
26,union:Macintosh hardware|space exploration#u1,This text discusses either Macintosh hardware or space exploration.,cold,7951,7951,0,0,0,1.0,1.0,1.0,800,,,,,0.00016308299382217228,1.0,,cold,20ng-sub7951,7951,0
27,leaf:baseball#t2,The passage is related to baseball.,cold,7951,7951,0,0,0,1.0,1.0,1.0,400,,,,,9.100002353079617e-05,1.0,,cold,20ng-sub7951,7951,0
28,group:computers#t0,The document is about computers.,cold,7951,7951,0,0,0,1.0,1.0,1.0,2000,,,,,0.0003734589845407754,1.0,,cold,20ng-sub7951,7951,0
29,leaf:baseball#t3,This article covers the topic of baseball.,cold,7951,7951,0,0,0,1.0,1.0,1.0,400,,,,,9.549999958835542e-05,1.0,,cold,20ng-sub7951,7951,0
30,leaf:electronics#t0,The document is about electronics.,cold,7951,7951,0,0,0,1.0,1.0,1.0,400,,,,,9.899999713525176e-05,1.0,,cold,20ng-sub7951,7951,0
31,union:PC hardware|items for sale#u1,This text discusses either PC hardware or items for sale.,cold,7951,7951,0,0,0,1.0,1.0,1.0,800,,,,,0.00016487500397488475,1.0,,cold,20ng-sub7951,7951,0
32,union:computer graphics|motorcycles#u0,The document is about computer graphics or about motorcycles.,cold,7951,7951,0,0,0,1.0,1.0,1.0,800,,,,,0.00016754199168644845,1.0,,cold,20ng-sub7951,7951,0
33,union:Macintosh hardware|electronics#u0,The document is about Macintosh hardware or about electronics.,cold,7951,7951,0,0,0,1.0,1.0,1.0,800,,,,,0.00015679100761190057,1.0,,cold,20ng-sub7951,7951,0
34,group:computers#t1,This text discusses computers.,cold,7951,7951,0,0,0,1.0,1.0,1.0,2000,,,,,0.0003768749884329736,1.0,,cold,20ng-sub7951,7951,0
35,group:religion#t1,This text discusses religion.,cold,7951,7951,0,0,0,1.0,1.0,1.0,1151,,,,,0.0002514999941922724,1.0,,cold,20ng-sub7951,7951,0
36,group:computers#t0,The document is about computers.,cold,7951,7951,0,0,0,1.0,1.0,1.0,2000,,,,,0.000364125007763505,1.0,,cold,20ng-sub7951,7951,0
37,union:Middle East affairs|items for sale#u1,This text discusses either Middle East affairs or items for sale.,cold,7951,7951,0,0,0,1.0,1.0,1.0,800,,,,,0.00015979199088178575,1.0,,cold,20ng-sub7951,7951,0
38,leaf:the Microsoft Windows operating system#t1,This text discusses the Microsoft Windows operating system.,cold,7951,7951,0,0,0,1.0,1.0,1.0,400,,,,,7.820900646038353e-05,1.0,,cold,20ng-sub7951,7951,0
39,group:sports#t2,The passage is related to sports.,cold,7951,7951,0,0,0,1.0,1.0,1.0,800,,,,,0.00016483300714753568,1.0,,cold,20ng-sub7951,7951,0
40,leaf:motorcycles#t0,The document is about motorcycles.,cold,7951,7951,0,0,0,1.0,1.0,1.0,400,,,,,0.00010366601054556668,1.0,,cold,20ng-sub7951,7951,0
41,group:motor vehicles#t0,The document is about motor vehicles.,cold,7951,7951,0,0,0,1.0,1.0,1.0,800,,,,,0.00016183298430405557,1.0,,cold,20ng-sub7951,7951,0
42,union:Christianity|political debate#u1,This text discusses either Christianity or political debate.,cold,7951,7951,0,0,0,1.0,1.0,1.0,800,,,,,0.00016633301856927574,1.0,,cold,20ng-sub7951,7951,0
43,group:motor vehicles#t2,The passage is related to motor vehicles.,cold,7951,7951,0,0,0,1.0,1.0,1.0,800,,,,,0.000165749981533736,1.0,,cold,20ng-sub7951,7951,0
44,leaf:motorcycles#t2,The passage is related to motorcycles.,cold,7951,7951,0,0,0,1.0,1.0,1.0,400,,,,,9.616598254069686e-05,1.0,,cold,20ng-sub7951,7951,0
45,group:motor vehicles#t1,This text discusses motor vehicles.,cold,7951,7951,0,0,0,1.0,1.0,1.0,800,,,,,0.00016075000166893005,1.0,,cold,20ng-sub7951,7951,0
46,group:religion#t0,The document is about religion.,cold,7951,7951,0,0,0,1.0,1.0,1.0,1151,,,,,0.00023633299861103296,1.0,,cold,20ng-sub7951,7951,0
47,group:sports#t3,This article covers the topic of sports.,cold,7951,7951,0,0,0,1.0,1.0,1.0,800,,,,,0.0001644579751882702,1.0,,cold,20ng-sub7951,7951,0
48,union:Macintosh hardware|cars#u1,This text discusses either Macintosh hardware or cars.,cold,7951,7951,0,0,0,1.0,1.0,1.0,800,,,,,0.00014741599443368614,1.0,,cold,20ng-sub7951,7951,0
49,leaf:computer graphics#t1,This text discusses computer graphics.,cold,7951,7951,0,0,0,1.0,1.0,1.0,400,,,,,8.720799814909697e-05,1.0,,cold,20ng-sub7951,7951,0
50,union:atheism|hockey#u1,This text discusses either atheism or hockey.,cold,7951,7951,0,0,0,1.0,1.0,1.0,800,,,,,0.00015024997992441058,1.0,,cold,20ng-sub7951,7951,0
51,leaf:items for sale#t0,The document is about items for sale.,cold,7951,7951,0,0,0,1.0,1.0,1.0,400,,,,,8.358299965038896e-05,1.0,,cold,20ng-sub7951,7951,0
52,leaf:baseball#t0,The document is about baseball.,cold,7951,7951,0,0,0,1.0,1.0,1.0,400,,,,,9.570899419486523e-05,1.0,,cold,20ng-sub7951,7951,0
53,union:hockey|motorcycles#u0,The document is about hockey or about motorcycles.,cold,7951,7951,0,0,0,1.0,1.0,1.0,800,,,,,0.00020758301252499223,1.0,,cold,20ng-sub7951,7951,0
54,group:politics#t0,The document is about politics.,cold,7951,7951,0,0,0,1.0,1.0,1.0,1200,,,,,0.0002417079813312739,1.0,,cold,20ng-sub7951,7951,0
55,group:motor vehicles#t1,This text discusses motor vehicles.,cold,7951,7951,0,0,0,1.0,1.0,1.0,800,,,,,0.0001573750050738454,1.0,,cold,20ng-sub7951,7951,0
56,leaf:atheism#t3,This article covers the topic of atheism.,cold,7951,7951,0,0,0,1.0,1.0,1.0,400,,,,,8.379097562283278e-05,1.0,,cold,20ng-sub7951,7951,0
57,union:atheism|gun control#u1,This text discusses either atheism or gun control.,cold,7951,7951,0,0,0,1.0,1.0,1.0,800,,,,,0.00016916601452976465,1.0,,cold,20ng-sub7951,7951,0
58,leaf:cars#t2,The passage is related to cars.,cold,7951,7951,0,0,0,1.0,1.0,1.0,400,,,,,7.841698243282735e-05,1.0,,cold,20ng-sub7951,7951,0
59,group:sports#t2,The passage is related to sports.,cold,7951,7951,0,0,0,1.0,1.0,1.0,800,,,,,0.0001599589886609465,1.0,,cold,20ng-sub7951,7951,0
60,group:motor vehicles#t2,The passage is related to motor vehicles.,cold,7951,7951,0,0,0,1.0,1.0,1.0,800,,,,,0.00016454202705062926,1.0,,cold,20ng-sub7951,7951,0
61,group:computers#t0,The document is about computers.,cold,7951,7951,0,0,0,1.0,1.0,1.0,2000,,,,,0.00037437499850057065,1.0,,cold,20ng-sub7951,7951,0
62,union:medicine|the Microsoft Windows operating system#u0,The document is about medicine or about the Microsoft Windows operating system.,cold,7951,7951,0,0,0,1.0,1.0,1.0,800,,,,,0.0001653340004850179,1.0,,cold,20ng-sub7951,7951,0
63,union:baseball|items for sale#u0,The document is about baseball or about items for sale.,cold,7951,7951,0,0,0,1.0,1.0,1.0,800,,,,,0.00016095800674520433,1.0,,cold,20ng-sub7951,7951,0
64,union:atheism|medicine#u1,This text discusses either atheism or medicine.,cold,7951,7951,0,0,0,1.0,1.0,1.0,800,,,,,0.00016308302292600274,1.0,,cold,20ng-sub7951,7951,0
65,union:hockey|the X Window System#u1,This text discusses either hockey or the X Window System.,cold,7951,7951,0,0,0,1.0,1.0,1.0,800,,,,,0.0001552920148242265,1.0,,cold,20ng-sub7951,7951,0
66,leaf:cryptography#t0,The document is about cryptography.,cold,7951,7951,0,0,0,1.0,1.0,1.0,400,,,,,9.033299284055829e-05,1.0,,cold,20ng-sub7951,7951,0
67,leaf:motorcycles#t3,This article covers the topic of motorcycles.,cold,7951,7951,0,0,0,1.0,1.0,1.0,400,,,,,9.583300561644137e-05,1.0,,cold,20ng-sub7951,7951,0
68,leaf:hockey#t1,This text discusses hockey.,cold,7951,7951,0,0,0,1.0,1.0,1.0,400,,,,,8.716699085198343e-05,1.0,,cold,20ng-sub7951,7951,0
69,leaf:baseball#t2,The passage is related to baseball.,cold,7951,7951,0,0,0,1.0,1.0,1.0,400,,,,,9.449999197386205e-05,1.0,,cold,20ng-sub7951,7951,0
70,group:motor vehicles#t0,The document is about motor vehicles.,cold,7951,7951,0,0,0,1.0,1.0,1.0,800,,,,,0.0001669999910518527,1.0,,cold,20ng-sub7951,7951,0
71,leaf:the Microsoft Windows operating system#t2,The passage is related to the Microsoft Windows operating system.,cold,7951,7951,0,0,0,1.0,1.0,1.0,400,,,,,8.091700146906078e-05,1.0,,cold,20ng-sub7951,7951,0
72,leaf:motorcycles#t2,The passage is related to motorcycles.,cold,7951,7951,0,0,0,1.0,1.0,1.0,400,,,,,9.225000394508243e-05,1.0,,cold,20ng-sub7951,7951,0
73,group:sports#t2,The passage is related to sports.,cold,7951,7951,0,0,0,1.0,1.0,1.0,800,,,,,0.0001602920237928629,1.0,,cold,20ng-sub7951,7951,0
74,union:Macintosh hardware|electronics#u1,This text discusses either Macintosh hardware or electronics.,cold,7951,7951,0,0,0,1.0,1.0,1.0,800,,,,,0.00015783400158397853,1.0,,cold,20ng-sub7951,7951,0
75,leaf:Christianity#t3,This article covers the topic of Christianity.,cold,7951,7951,0,0,0,1.0,1.0,1.0,400,,,,,0.0001221249985974282,1.0,,cold,20ng-sub7951,7951,0
76,group:sports#t2,The passage is related to sports.,cold,7951,7951,0,0,0,1.0,1.0,1.0,800,,,,,0.00017204199684783816,1.0,,cold,20ng-sub7951,7951,0
77,leaf:religious debate#t3,This article covers the topic of religious debate.,cold,7951,7951,0,0,0,1.0,1.0,1.0,351,,,,,9.333298658020794e-05,1.0,,cold,20ng-sub7951,7951,0
78,union:atheism|baseball#u1,This text discusses either atheism or baseball.,cold,7951,7951,0,0,0,1.0,1.0,1.0,800,,,,,0.0001660000125411898,1.0,,cold,20ng-sub7951,7951,0
79,leaf:items for sale#t2,The passage is related to items for sale.,cold,7951,7951,0,0,0,1.0,1.0,1.0,400,,,,,8.662499021738768e-05,1.0,,cold,20ng-sub7951,7951,0
80,union:Macintosh hardware|religious debate#u0,The document is about Macintosh hardware or about religious debate.,cold,7951,7951,0,0,0,1.0,1.0,1.0,751,,,,,0.00015558398445136845,1.0,,cold,20ng-sub7951,7951,0
81,group:motor vehicles#t1,This text discusses motor vehicles.,cold,7951,7951,0,0,0,1.0,1.0,1.0,800,,,,,0.0001738330174703151,1.0,,cold,20ng-sub7951,7951,0
82,leaf:cars#t0,The document is about cars.,cold,7951,7951,0,0,0,1.0,1.0,1.0,400,,,,,8.48339986987412e-05,1.0,,cold,20ng-sub7951,7951,0
83,leaf:PC hardware#t0,The document is about PC hardware.,cold,7951,7951,0,0,0,1.0,1.0,1.0,400,,,,,9.583300561644137e-05,1.0,,cold,20ng-sub7951,7951,0
84,group:religion#t2,The passage is related to religion.,cold,7951,7951,0,0,0,1.0,1.0,1.0,1151,,,,,0.00023354199947789311,1.0,,cold,20ng-sub7951,7951,0
85,union:Christianity|hockey#u0,The document is about Christianity or about hockey.,cold,7951,7951,0,0,0,1.0,1.0,1.0,800,,,,,0.00016066699754446745,1.0,,cold,20ng-sub7951,7951,0
86,group:religion#t0,The document is about religion.,cold,7951,7951,0,0,0,1.0,1.0,1.0,1151,,,,,0.00023591599892824888,1.0,,cold,20ng-sub7951,7951,0
87,union:atheism|computer graphics#u1,This text discusses either atheism or computer graphics.,cold,7951,7951,0,0,0,1.0,1.0,1.0,800,,,,,0.00016687499010004103,1.0,,cold,20ng-sub7951,7951,0
88,union:motorcycles|political debate#u1,This text discusses either motorcycles or political debate.,cold,7951,7951,0,0,0,1.0,1.0,1.0,800,,,,,0.00017216699779964983,1.0,,cold,20ng-sub7951,7951,0
89,group:motor vehicles#t0,The document is about motor vehicles.,cold,7951,7951,0,0,0,1.0,1.0,1.0,800,,,,,0.00016333299572579563,1.0,,cold,20ng-sub7951,7951,0
90,union:PC hardware|political debate#u0,The document is about PC hardware or about political debate.,cold,7951,7951,0,0,0,1.0,1.0,1.0,800,,,,,0.00017350001144222915,1.0,,cold,20ng-sub7951,7951,0
91,leaf:Macintosh hardware#t0,The document is about Macintosh hardware.,cold,7951,7951,0,0,0,1.0,1.0,1.0,400,,,,,8.666698704473674e-05,1.0,,cold,20ng-sub7951,7951,0
92,leaf:items for sale#t1,This text discusses items for sale.,cold,7951,7951,0,0,0,1.0,1.0,1.0,400,,,,,8.529101614840329e-05,1.0,,cold,20ng-sub7951,7951,0
93,leaf:the Microsoft Windows operating system#t0,The document is about the Microsoft Windows operating system.,cold,7951,7951,0,0,0,1.0,1.0,1.0,400,,,,,8.633299148641527e-05,1.0,,cold,20ng-sub7951,7951,0
94,leaf:the Microsoft Windows operating system#t1,This text discusses the Microsoft Windows operating system.,cold,7951,7951,0,0,0,1.0,1.0,1.0,400,,,,,7.704200106672943e-05,1.0,,cold,20ng-sub7951,7951,0
95,group:computers#t3,This article covers the topic of computers.,cold,7951,7951,0,0,0,1.0,1.0,1.0,2000,,,,,0.00040020898450165987,1.0,,cold,20ng-sub7951,7951,0
96,leaf:PC hardware#t1,This text discusses PC hardware.,cold,7951,7951,0,0,0,1.0,1.0,1.0,400,,,,,0.00017683301120996475,1.0,,cold,20ng-sub7951,7951,0
97,leaf:cars#t2,The passage is related to cars.,cold,7951,7951,0,0,0,1.0,1.0,1.0,400,,,,,8.89579823706299e-05,1.0,,cold,20ng-sub7951,7951,0
98,union:Christianity|items for sale#u0,The document is about Christianity or about items for sale.,cold,7951,7951,0,0,0,1.0,1.0,1.0,800,,,,,0.0001579590025357902,1.0,,cold,20ng-sub7951,7951,0
99,group:politics#t2,The passage is related to politics.,cold,7951,7951,0,0,0,1.0,1.0,1.0,1200,,,,,0.00024287498672492802,1.0,,cold,20ng-sub7951,7951,0
100,leaf:gun control#t2,The passage is related to gun control.,cold,7951,7951,0,0,0,1.0,1.0,1.0,400,,,,,0.00010099998326040804,1.0,,cold,20ng-sub7951,7951,0
101,union:Middle East affairs|items for sale#u1,This text discusses either Middle East affairs or items for sale.,cold,7951,7951,0,0,0,1.0,1.0,1.0,800,,,,,0.00015287499991245568,1.0,,cold,20ng-sub7951,7951,0
102,leaf:computer graphics#t3,This article covers the topic of computer graphics.,cold,7951,7951,0,0,0,1.0,1.0,1.0,400,,,,,8.779199561104178e-05,1.0,,cold,20ng-sub7951,7951,0
103,leaf:religious debate#t3,This article covers the topic of religious debate.,cold,7951,7951,0,0,0,1.0,1.0,1.0,351,,,,,8.666599751450121e-05,1.0,,cold,20ng-sub7951,7951,0
104,leaf:atheism#t3,This article covers the topic of atheism.,cold,7951,7951,0,0,0,1.0,1.0,1.0,400,,,,,8.566700853407383e-05,1.0,,cold,20ng-sub7951,7951,0
105,group:religion#t1,This text discusses religion.,cold,7951,7951,0,0,0,1.0,1.0,1.0,1151,,,,,0.00024399999529123306,1.0,,cold,20ng-sub7951,7951,0
106,union:hockey|items for sale#u0,The document is about hockey or about items for sale.,cold,7951,7951,0,0,0,1.0,1.0,1.0,800,,,,,0.00016108297859318554,1.0,,cold,20ng-sub7951,7951,0
107,group:motor vehicles#t0,The document is about motor vehicles.,cold,7951,7951,0,0,0,1.0,1.0,1.0,800,,,,,0.00017549999756738544,1.0,,cold,20ng-sub7951,7951,0
108,union:space exploration|the Microsoft Windows operating system#u1,This text discusses either space exploration or the Microsoft Windows operating system.,cold,7951,7951,0,0,0,1.0,1.0,1.0,800,,,,,0.0001634579966776073,1.0,,cold,20ng-sub7951,7951,0
109,group:sports#t2,The passage is related to sports.,cold,7951,7951,0,0,0,1.0,1.0,1.0,800,,,,,0.00017795799067243934,1.0,,cold,20ng-sub7951,7951,0
110,group:sports#t1,This text discusses sports.,cold,7951,7951,0,0,0,1.0,1.0,1.0,800,,,,,0.00016141700325533748,1.0,,cold,20ng-sub7951,7951,0
111,leaf:atheism#t3,This article covers the topic of atheism.,cold,7951,7951,0,0,0,1.0,1.0,1.0,400,,,,,8.89160146471113e-05,1.0,,cold,20ng-sub7951,7951,0
112,leaf:Middle East affairs#t2,The passage is related to Middle East affairs.,cold,7951,7951,0,0,0,1.0,1.0,1.0,400,,,,,8.337499457411468e-05,1.0,,cold,20ng-sub7951,7951,0
113,union:Macintosh hardware|motorcycles#u1,This text discusses either Macintosh hardware or motorcycles.,cold,7951,7951,0,0,0,1.0,1.0,1.0,800,,,,,0.00016720799612812698,1.0,,cold,20ng-sub7951,7951,0
114,union:political debate|religious debate#u0,The document is about political debate or about religious debate.,cold,7951,7951,0,0,0,1.0,1.0,1.0,751,,,,,0.00015904201427474618,1.0,,cold,20ng-sub7951,7951,0
115,leaf:gun control#t3,This article covers the topic of gun control.,cold,7951,7951,0,0,0,1.0,1.0,1.0,400,,,,,9.950000094249845e-05,1.0,,cold,20ng-sub7951,7951,0
116,leaf:medicine#t2,The passage is related to medicine.,cold,7951,7951,0,0,0,1.0,1.0,1.0,400,,,,,9.262500680051744e-05,1.0,,cold,20ng-sub7951,7951,0
117,group:politics#t1,This text discusses politics.,cold,7951,7951,0,0,0,1.0,1.0,1.0,1200,,,,,0.00023987499298527837,1.0,,cold,20ng-sub7951,7951,0
118,group:science#t2,The passage is related to science.,cold,7951,7951,0,0,0,1.0,1.0,1.0,1600,,,,,0.00032858297345228493,1.0,,cold,20ng-sub7951,7951,0
119,group:religion#t0,The document is about religion.,cold,7951,7951,0,0,0,1.0,1.0,1.0,1151,,,,,0.0002445839927531779,1.0,,cold,20ng-sub7951,7951,0
0,group:motor vehicles#t0,The document is about motor vehicles.,proxy-cascade,6361,1050,596,4715,0,1.0,0.9975,0.9987484355444306,800,0.9355216881594373,False,1.0,False,0.011897167016286403,0.9975,False,proxy,20ng-sub7951,7951,0
1,group:religion#t3,This article covers the topic of religion.,proxy-cascade,3478,1644,330,1504,0,1.0,0.9800173761946134,0.9899078543220711,1151,0.9060240963855422,False,1.0,False,0.008566083997720852,0.9800173761946134,False,proxy,20ng-sub7951,7951,0
2,leaf:religious debate#t0,The document is about religious debate.,proxy-cascade,5431,603,4000,828,0,1.0,0.9601139601139601,0.9796511627906976,351,0.9232876712328767,False,1.0,False,0.008269208017736673,0.9601139601139601,False,proxy,20ng-sub7951,7951,0
3,group:politics#t1,This text discusses politics.,proxy-cascade,4898,1443,393,3062,0,1.0,0.9925,0.9962358845671266,1200,0.9211136890951276,False,1.0,False,0.009427832992514595,0.9925,False,proxy,20ng-sub7951,7951,0
4,union:gun control|medicine#u0,The document is about gun control or about medicine.,proxy-cascade,4941,1366,561,3014,0,1.0,0.9825,0.991172761664565,800,0.9390681003584229,False,1.0,False,0.008202500001061708,0.9825,False,proxy,20ng-sub7951,7951,0
5,group:motor vehicles#t0,The document is about motor vehicles.,proxy-cascade,6760,2829,345,3586,0,1.0,1.0,1.0,800,0.9280742459396751,False,1.0,False,0.0049907080247066915,1.0,False,proxy,20ng-sub7951,7951,0
6,group:politics#t1,This text discusses politics.,proxy-cascade,5328,2467,247,2614,0,1.0,0.9941666666666666,0.9970748015043878,1200,0.9219474497681608,False,1.0,False,0.004754624998895451,0.9941666666666666,False,proxy,20ng-sub7951,7951,0
7,group:religion#t0,The document is about religion.,proxy-cascade,4809,1294,399,3116,0,1.0,0.9921807124239791,0.9960750109027474,1151,0.9099601593625498,False,1.0,False,0.008498750015860423,0.9921807124239791,False,proxy,20ng-sub7951,7951,0
8,leaf:political debate#t1,This text discusses political debate.,proxy-cascade,4401,595,2626,1180,0,1.0,0.9575,0.9782886334610472,400,0.941031941031941,False,1.0,False,0.007699000008869916,0.9575,False,proxy,20ng-sub7951,7951,0
9,group:sports#t1,This text discusses sports.,proxy-cascade,3166,1045,521,1600,0,1.0,0.99,0.9949748743718593,800,0.9061784897025171,False,1.0,False,0.00852708300226368,0.99,False,proxy,20ng-sub7951,7951,0
10,group:science#t1,This text discusses science.,proxy-cascade,4963,1669,318,2976,0,1.0,0.965,0.9821882951653944,1600,0.9039812646370023,False,1.0,False,0.010566542012384161,0.965,False,proxy,20ng-sub7951,7951,0
11,leaf:hockey#t1,This text discusses hockey.,proxy-cascade,3719,605,1697,1417,0,1.0,0.9825,0.991172761664565,400,0.9424460431654677,False,1.0,False,0.007597999996505678,0.9825,False,proxy,20ng-sub7951,7951,0
12,leaf:religious debate#t2,The passage is related to religious debate.,proxy-cascade,5362,478,4000,884,0,1.0,0.9458689458689459,0.972181551976574,351,0.9146005509641874,False,1.0,False,0.0075764999783132225,0.9458689458689459,False,proxy,20ng-sub7951,7951,0
13,leaf:political debate#t0,The document is about political debate.,proxy-cascade,4029,650,2100,1279,0,1.0,0.955,0.9769820971867007,400,0.9138755980861244,False,1.0,False,0.007527000008849427,0.955,False,proxy,20ng-sub7951,7951,0
14,leaf:items for sale#t3,This article covers the topic of items for sale.,proxy-cascade,3983,604,2078,1301,0,1.0,0.9825,0.991172761664565,400,0.9312796208530806,False,1.0,False,0.007453042024280876,0.9825,False,proxy,20ng-sub7951,7951,0
15,leaf:Christianity#t3,This article covers the topic of Christianity.,proxy-cascade,7951,7951,0,0,0,1.0,1.0,1.0,400,,,,,0.00372533401241526,1.0,,proxy,20ng-sub7951,7951,0
16,union:electronics|hockey#u0,The document is about electronics or about hockey.,proxy-cascade,6425,871,906,4648,0,1.0,0.9825,0.991172761664565,800,0.9236192714453584,False,1.0,False,0.008874874998582527,0.9825,False,proxy,20ng-sub7951,7951,0
17,group:science#t2,The passage is related to science.,proxy-cascade,6527,1937,270,4320,0,1.0,0.991875,0.9959209287731409,1600,0.930791788856305,False,1.0,False,0.010412749979877844,0.991875,False,proxy,20ng-sub7951,7951,0
18,group:computers#t1,This text discusses computers.,proxy-cascade,3777,2199,179,1399,0,1.0,0.9905,0.9952273298166291,2000,0.909967845659164,False,1.0,False,0.009640959004173055,0.9905,False,proxy,20ng-sub7951,7951,0
19,union:Macintosh hardware|items for sale#u1,This text discusses either Macintosh hardware or items for sale.,proxy-cascade,4949,816,1157,2976,0,1.0,0.9925,0.9962358845671266,800,0.9441141498216409,False,1.0,False,0.00871291698422283,0.9925,False,proxy,20ng-sub7951,7951,0
20,group:motor vehicles#t3,This article covers the topic of motor vehicles.,proxy-cascade,4795,1016,636,3143,0,1.0,0.99,0.9949748743718593,800,0.9198606271777003,False,1.0,False,0.007793083001160994,0.99,False,proxy,20ng-sub7951,7951,0
21,group:sports#t3,This article covers the topic of sports.,proxy-cascade,4757,991,564,3202,0,1.0,0.9925,0.9962358845671266,800,0.9126436781609195,False,1.0,False,0.007978458976140246,0.9925,False,proxy,20ng-sub7951,7951,0
22,group:motor vehicles#t3,This article covers the topic of motor vehicles.,proxy-cascade,7951,2457,370,5124,0,1.0,1.0,1.0,800,1.0,False,1.0,False,0.004471874999580905,1.0,False,proxy,20ng-sub7951,7951,0
23,group:motor vehicles#t3,This article covers the topic of motor vehicles.,proxy-cascade,6020,3842,269,1909,0,1.0,0.99625,0.9981214777708203,800,0.9160919540229885,False,1.0,False,0.004550582991214469,0.99625,False,proxy,20ng-sub7951,7951,0
24,union:PC hardware|cryptography#u0,The document is about PC hardware or about cryptography.,proxy-cascade,4907,924,911,3072,0,1.0,0.97125,0.9854153455928979,800,0.9316546762589928,False,1.0,False,0.009955374989658594,0.97125,False,proxy,20ng-sub7951,7951,0
25,leaf:political debate#t1,This text discusses political debate.,proxy-cascade,3757,1139,1224,1394,0,1.0,0.97,0.9847715736040609,400,0.9216152019002375,False,1.0,False,0.003991166013292968,0.97,False,proxy,20ng-sub7951,7951,0
26,union:Macintosh hardware|space exploration#u1,This text discusses either Macintosh hardware or space exploration.,proxy-cascade,4988,860,1118,3010,0,1.0,0.965,0.9821882951653944,800,0.9093050647820966,False,1.0,False,0.009900375007418916,0.965,False,proxy,20ng-sub7951,7951,0
27,leaf:baseball#t2,The passage is related to baseball.,proxy-cascade,3894,585,1935,1374,0,1.0,0.9875,0.9937106918238994,400,0.9518072289156626,False,1.0,False,0.008620542008429766,0.9875,False,proxy,20ng-sub7951,7951,0
28,group:computers#t0,The document is about computers.,proxy-cascade,3711,2100,188,1423,0,1.0,0.9825,0.991172761664565,2000,0.9122562674094707,False,1.0,False,0.008888250013114884,0.9825,False,proxy,20ng-sub7951,7951,0
29,leaf:baseball#t3,This article covers the topic of baseball.,proxy-cascade,3876,596,1932,1348,0,1.0,0.99,0.9949748743718593,400,0.9383886255924171,False,1.0,False,0.009516332997009158,0.99,False,proxy,20ng-sub7951,7951,0
30,leaf:electronics#t0,The document is about electronics.,proxy-cascade,5291,431,4000,860,0,1.0,0.9525,0.9756722151088347,400,0.9071428571428571,False,1.0,False,0.008387291978579015,0.9525,False,proxy,20ng-sub7951,7951,0
31,union:PC hardware|items for sale#u1,This text discusses either PC hardware or items for sale.,proxy-cascade,3393,1081,789,1523,0,1.0,0.95625,0.9776357827476039,800,0.9053254437869822,False,1.0,False,0.008684667001944035,0.95625,False,proxy,20ng-sub7951,7951,0
32,union:computer graphics|motorcycles#u0,The document is about computer graphics or about motorcycles.,proxy-cascade,4933,1176,725,3032,0,1.0,0.985,0.9924433249370278,800,0.9173457508731082,False,1.0,False,0.013204542017774656,0.985,False,proxy,20ng-sub7951,7951,0
33,union:Macintosh hardware|electronics#u0,The document is about Macintosh hardware or about electronics.,proxy-cascade,4932,1078,856,2998,0,1.0,0.99,0.9949748743718593,800,0.9263157894736842,False,1.0,False,0.010890208010096103,0.99,False,proxy,20ng-sub7951,7951,0
34,group:computers#t1,This text discusses computers.,proxy-cascade,4026,2563,151,1312,0,1.0,0.9935,0.9967394030599448,2000,0.9276377217553688,False,1.0,False,0.006357707985443994,0.9935,False,proxy,20ng-sub7951,7951,0
35,group:religion#t1,This text discusses religion.,proxy-cascade,3408,1543,352,1513,0,1.0,0.9713292788879235,0.9854561480828559,1151,0.9059967585089141,False,1.0,False,0.010813250002684072,0.9713292788879235,False,proxy,20ng-sub7951,7951,0
36,group:computers#t0,The document is about computers.,proxy-cascade,5365,2610,148,2607,0,1.0,0.9955,0.9977449260836884,2000,0.9087174806024646,False,1.0,False,0.006015999999362975,0.9955,False,proxy,20ng-sub7951,7951,0
37,union:Middle East affairs|items for sale#u1,This text discusses either Middle East affairs or items for sale.,proxy-cascade,4924,706,1186,3032,0,1.0,0.97625,0.9879822896900696,800,0.9264531435349941,False,1.0,False,0.010608957993099466,0.97625,False,proxy,20ng-sub7951,7951,0
38,leaf:the Microsoft Windows operating system#t1,This text discusses the Microsoft Windows operating system.,proxy-cascade,4285,642,2395,1248,0,1.0,0.955,0.9769820971867007,400,0.9073634204275535,False,1.0,False,0.009001791011542082,0.955,False,proxy,20ng-sub7951,7951,0
39,group:sports#t2,The passage is related to sports.,proxy-cascade,3204,1131,471,1602,0,1.0,0.99125,0.9956057752667922,800,0.9285714285714286,False,1.0,False,0.009305333980591968,0.99125,False,proxy,20ng-sub7951,7951,0
40,leaf:motorcycles#t0,The document is about motorcycles.,proxy-cascade,4942,500,3445,997,0,1.0,0.9675,0.9834815756035579,400,0.9347826086956522,False,1.0,False,0.009081166004762053,0.9675,False,proxy,20ng-sub7951,7951,0
41,group:motor vehicles#t0,The document is about motor vehicles.,proxy-cascade,7951,1520,464,5967,0,1.0,1.0,1.0,800,1.0,False,1.0,False,0.005070667015388608,1.0,False,proxy,20ng-sub7951,7951,0
42,union:Christianity|political debate#u1,This text discusses either Christianity or political debate.,proxy-cascade,5190,769,1630,2791,0,1.0,0.99,0.9949748743718593,800,0.9439809296781884,False,1.0,False,0.010068832983961329,0.99,False,proxy,20ng-sub7951,7951,0
43,group:motor vehicles#t2,The passage is related to motor vehicles.,proxy-cascade,4798,1036,625,3137,0,1.0,0.98125,0.9905362776025236,800,0.9181286549707602,False,1.0,False,0.009029832988744602,0.98125,False,proxy,20ng-sub7951,7951,0
44,leaf:motorcycles#t2,The passage is related to motorcycles.,proxy-cascade,4304,543,2523,1238,0,1.0,0.97,0.9847715736040609,400,0.9260143198090692,False,1.0,False,0.0079400000104215,0.97,False,proxy,20ng-sub7951,7951,0
45,group:motor vehicles#t1,This text discusses motor vehicles.,proxy-cascade,4800,864,793,3143,0,1.0,0.985,0.9924433249370278,800,0.9184149184149184,False,1.0,False,0.012468041997635737,0.985,False,proxy,20ng-sub7951,7951,0
46,group:religion#t0,The document is about religion.,proxy-cascade,4146,2617,249,1280,0,1.0,0.9860990443092963,0.9930008748906387,1151,0.9257748776508973,False,1.0,False,0.0057402919919695705,0.9860990443092963,False,proxy,20ng-sub7951,7951,0
47,group:sports#t3,This article covers the topic of sports.,proxy-cascade,4159,3896,263,0,0,1.0,0.99,0.9949748743718593,800,0.9209302325581395,False,1.0,False,0.0031371249933727086,0.99,False,proxy,20ng-sub7951,7951,0
48,union:Macintosh hardware|cars#u1,This text discusses either Macintosh hardware or cars.,proxy-cascade,5038,844,1238,2956,0,1.0,0.9675,0.9834815756035579,800,0.9181494661921709,False,1.0,False,0.011250459006987512,0.9675,False,proxy,20ng-sub7951,7951,0
49,leaf:computer graphics#t1,This text discusses computer graphics.,proxy-cascade,5140,733,1589,2818,0,1.0,0.9925,0.9962358845671266,400,0.9126436781609195,False,1.0,False,0.008528791018761694,0.9925,False,proxy,20ng-sub7951,7951,0
50,union:atheism|hockey#u1,This text discusses either atheism or hockey.,proxy-cascade,4853,947,862,3044,0,1.0,0.9875,0.9937106918238994,800,0.9090909090909091,False,1.0,False,0.008442999998806044,0.9875,False,proxy,20ng-sub7951,7951,0
51,leaf:items for sale#t0,The document is about items for sale.,proxy-cascade,4684,535,3072,1077,0,1.0,0.975,0.9873417721518987,400,0.9466019417475728,False,1.0,False,0.008478500007186085,0.975,False,proxy,20ng-sub7951,7951,0
52,leaf:baseball#t0,The document is about baseball.,proxy-cascade,3856,590,1905,1361,0,1.0,0.985,0.9924433249370278,400,0.9248826291079812,False,1.0,False,0.00815716598299332,0.985,False,proxy,20ng-sub7951,7951,0
53,union:hockey|motorcycles#u0,The document is about hockey or about motorcycles.,proxy-cascade,4837,1177,580,3080,0,1.0,0.98625,0.9930774071743234,800,0.9359430604982206,False,1.0,False,0.011118084017653018,0.98625,False,proxy,20ng-sub7951,7951,0
54,group:politics#t0,The document is about politics.,proxy-cascade,3278,1255,478,1545,0,1.0,0.9633333333333334,0.9813242784380306,1200,0.9102362204724409,False,1.0,False,0.009429583005839959,0.9633333333333334,False,proxy,20ng-sub7951,7951,0
55,group:motor vehicles#t1,This text discusses motor vehicles.,proxy-cascade,4954,1484,463,3007,0,1.0,0.98625,0.9930774071743234,800,0.9293286219081273,False,1.0,False,0.005297957977745682,0.98625,False,proxy,20ng-sub7951,7951,0
56,leaf:atheism#t3,This article covers the topic of atheism.,proxy-cascade,5169,548,3686,935,0,1.0,0.94,0.9690721649484536,400,0.910411622276029,False,1.0,False,0.010489542008144781,0.94,False,proxy,20ng-sub7951,7951,0
57,union:atheism|gun control#u1,This text discusses either atheism or gun control.,proxy-cascade,5061,909,1292,2860,0,1.0,0.98875,0.994343180389692,800,0.9717444717444718,False,1.0,False,0.01247483299812302,0.98875,False,proxy,20ng-sub7951,7951,0
58,leaf:cars#t2,The passage is related to cars.,proxy-cascade,4518,543,2841,1134,0,1.0,0.95,0.9743589743589743,400,0.9178743961352657,False,1.0,False,0.008628582989331335,0.95,False,proxy,20ng-sub7951,7951,0
59,group:sports#t2,The passage is related to sports.,proxy-cascade,3144,1035,539,1570,0,1.0,0.99125,0.9956057752667922,800,0.9296600234466589,False,1.0,False,0.006113209004979581,0.99125,False,proxy,20ng-sub7951,7951,0
60,group:motor vehicles#t2,The passage is related to motor vehicles.,proxy-cascade,4980,1533,467,2980,0,1.0,0.98375,0.9918084436042848,800,0.9302600472813238,False,1.0,False,0.005452749988762662,0.98375,False,proxy,20ng-sub7951,7951,0
61,group:computers#t0,The document is about computers.,proxy-cascade,4022,2562,151,1309,0,1.0,0.986,0.9929506545820745,2000,0.924953095684803,False,1.0,False,0.005534957977943122,0.986,False,proxy,20ng-sub7951,7951,0
62,union:medicine|the Microsoft Windows operating system#u0,The document is about medicine or about the Microsoft Windows operating system.,proxy-cascade,4953,746,1187,3020,0,1.0,0.95375,0.9763275751759437,800,0.9361963190184049,False,1.0,False,0.01042470900574699,0.95375,False,proxy,20ng-sub7951,7951,0
63,union:baseball|items for sale#u0,The document is about baseball or about items for sale.,proxy-cascade,4807,906,826,3075,0,1.0,0.97125,0.9854153455928979,800,0.9151943462897526,False,1.0,False,0.012565042008645833,0.97125,False,proxy,20ng-sub7951,7951,0
64,union:atheism|medicine#u1,This text discusses either atheism or medicine.,proxy-cascade,4972,779,1201,2992,0,1.0,0.9825,0.991172761664565,800,0.9290780141843972,False,1.0,False,0.009334624977782369,0.9825,False,proxy,20ng-sub7951,7951,0
65,union:hockey|the X Window System#u1,This text discusses either hockey or the X Window System.,proxy-cascade,3238,962,693,1583,0,1.0,0.95875,0.978940650925335,800,0.9263285024154589,False,1.0,False,0.009214500023517758,0.95875,False,proxy,20ng-sub7951,7951,0
66,leaf:cryptography#t0,The document is about cryptography.,proxy-cascade,3515,777,1241,1497,0,1.0,0.97,0.9847715736040609,400,0.9023255813953488,False,1.0,False,0.00847570801852271,0.97,False,proxy,20ng-sub7951,7951,0
67,leaf:motorcycles#t3,This article covers the topic of motorcycles.,proxy-cascade,5259,603,1950,2706,0,1.0,1.0,1.0,400,0.9302325581395349,False,1.0,False,0.011530791991390288,1.0,False,proxy,20ng-sub7951,7951,0
68,leaf:hockey#t1,This text discusses hockey.,proxy-cascade,3421,839,1030,1552,0,1.0,0.9875,0.9937106918238994,400,0.9080459770114943,False,1.0,False,0.00410254200687632,0.9875,False,proxy,20ng-sub7951,7951,0
69,leaf:baseball#t2,The passage is related to baseball.,proxy-cascade,3445,735,1224,1486,0,1.0,0.985,0.9924433249370278,400,0.9403341288782816,False,1.0,False,0.004233917017700151,0.985,False,proxy,20ng-sub7951,7951,0
70,group:motor vehicles#t0,The document is about motor vehicles.,proxy-cascade,6721,2677,355,3689,0,1.0,0.99875,0.9993746091307067,800,0.9258400926998841,False,1.0,False,0.008532292005838826,0.99875,False,proxy,20ng-sub7951,7951,0
71,leaf:the Microsoft Windows operating system#t2,The passage is related to the Microsoft Windows operating system.,proxy-cascade,7951,7951,0,0,0,1.0,1.0,1.0,400,,,,,0.00644329100032337,1.0,,proxy,20ng-sub7951,7951,0
72,leaf:motorcycles#t2,The passage is related to motorcycles.,proxy-cascade,5054,870,1213,2971,0,1.0,0.99,0.9949748743718593,400,0.9252336448598131,False,1.0,False,0.004786208999576047,0.99,False,proxy,20ng-sub7951,7951,0
73,group:sports#t2,The passage is related to sports.,proxy-cascade,4763,1090,493,3180,0,1.0,0.99625,0.9981214777708203,800,0.9278230500582072,False,1.0,False,0.004830541991395876,0.99625,False,proxy,20ng-sub7951,7951,0
74,union:Macintosh hardware|electronics#u1,This text discusses either Macintosh hardware or electronics.,proxy-cascade,5012,1455,644,2913,0,1.0,0.9825,0.991172761664565,800,0.9236192714453584,False,1.0,False,0.007637167000211775,0.9825,False,proxy,20ng-sub7951,7951,0
75,leaf:Christianity#t3,This article covers the topic of Christianity.,proxy-cascade,5158,904,1376,2878,0,1.0,0.9975,0.9987484355444306,400,0.9366197183098591,False,1.0,False,0.00450329200248234,0.9975,False,proxy,20ng-sub7951,7951,0
76,group:sports#t2,The passage is related to sports.,proxy-cascade,3150,971,597,1582,0,1.0,0.99125,0.9956057752667922,800,0.9384615384615385,False,1.0,False,0.00405187500291504,0.99125,False,proxy,20ng-sub7951,7951,0
77,leaf:religious debate#t3,This article covers the topic of religious debate.,proxy-cascade,7951,7951,0,0,0,1.0,1.0,1.0,351,,,,,0.007527707988629118,1.0,,proxy,20ng-sub7951,7951,0
78,union:atheism|baseball#u1,This text discusses either atheism or baseball.,proxy-cascade,6434,978,848,4608,0,1.0,0.995,0.9974937343358395,800,0.9453681710213777,False,1.0,False,0.009013667004182935,0.995,False,proxy,20ng-sub7951,7951,0
79,leaf:items for sale#t2,The passage is related to items for sale.,proxy-cascade,3786,680,1718,1388,0,1.0,0.975,0.9873417721518987,400,0.9048723897911833,False,1.0,False,0.009375916997669265,0.975,False,proxy,20ng-sub7951,7951,0
80,union:Macintosh hardware|religious debate#u0,The document is about Macintosh hardware or about religious debate.,proxy-cascade,6706,775,2198,3733,0,1.0,0.9800266311584553,0.9899125756556826,751,0.9620915032679739,False,1.0,False,0.009221209009410813,0.9800266311584553,False,proxy,20ng-sub7951,7951,0
81,group:motor vehicles#t1,This text discusses motor vehicles.,proxy-cascade,3490,1553,452,1485,0,1.0,0.97375,0.9867004433185561,800,0.9262782401902497,False,1.0,False,0.004059917002450675,0.97375,False,proxy,20ng-sub7951,7951,0
82,leaf:cars#t0,The document is about cars.,proxy-cascade,5357,472,4000,885,0,1.0,0.96,0.9795918367346939,400,0.9253012048192771,False,1.0,False,0.0073918749985750765,0.96,False,proxy,20ng-sub7951,7951,0
83,leaf:PC hardware#t0,The document is about PC hardware.,proxy-cascade,5384,770,2031,2583,0,1.0,0.9975,0.9987484355444306,400,0.9684466019417476,False,1.0,False,0.008245917008025572,0.9975,False,proxy,20ng-sub7951,7951,0
84,group:religion#t2,The passage is related to religion.,proxy-cascade,4819,1304,403,3112,0,1.0,0.9904430929626412,0.9951986032300306,1151,0.9375,False,1.0,False,0.008739792014239356,0.9904430929626412,False,proxy,20ng-sub7951,7951,0
85,union:Christianity|hockey#u0,The document is about Christianity or about hockey.,proxy-cascade,4883,928,865,3090,0,1.0,0.9875,0.9937106918238994,800,0.9294117647058824,False,1.0,False,0.008904541988158599,0.9875,False,proxy,20ng-sub7951,7951,0
86,group:religion#t0,The document is about religion.,proxy-cascade,6711,2752,241,3718,0,1.0,0.9991311902693311,0.9995654063450673,1151,0.9236947791164659,False,1.0,False,0.0058893749956041574,0.9991311902693311,False,proxy,20ng-sub7951,7951,0
87,union:atheism|computer graphics#u1,This text discusses either atheism or computer graphics.,proxy-cascade,6491,848,1233,4410,0,1.0,0.98375,0.9918084436042848,800,0.9413875598086124,False,1.0,False,0.009016791998874396,0.98375,False,proxy,20ng-sub7951,7951,0
88,union:motorcycles|political debate#u1,This text discusses either motorcycles or political debate.,proxy-cascade,4945,1056,878,3011,0,1.0,0.985,0.9924433249370278,800,0.9173457508731082,False,1.0,False,0.010440917016239837,0.985,False,proxy,20ng-sub7951,7951,0
89,group:motor vehicles#t0,The document is about motor vehicles.,proxy-cascade,5767,3272,311,2184,0,1.0,0.995,0.9974937343358395,800,0.9234338747099768,False,1.0,False,0.004550791985820979,0.995,False,proxy,20ng-sub7951,7951,0
90,union:PC hardware|political debate#u0,The document is about PC hardware or about political debate.,proxy-cascade,6500,1038,1100,4362,0,1.0,0.97,0.9847715736040609,800,0.9338146811070999,False,1.0,False,0.00916112499544397,0.97,False,proxy,20ng-sub7951,7951,0
91,leaf:Macintosh hardware#t0,The document is about Macintosh hardware.,proxy-cascade,5036,564,3509,963,0,1.0,0.965,0.9821882951653944,400,0.9484029484029484,False,1.0,False,0.007412375009153038,0.965,False,proxy,20ng-sub7951,7951,0
92,leaf:items for sale#t1,This text discusses items for sale.,proxy-cascade,4220,573,2387,1260,0,1.0,0.98,0.98989898989899,400,0.92018779342723,False,1.0,False,0.007039292016997933,0.98,False,proxy,20ng-sub7951,7951,0
93,leaf:the Microsoft Windows operating system#t0,The document is about the Microsoft Windows operating system.,proxy-cascade,5354,471,4000,883,0,1.0,0.955,0.9769820971867007,400,0.9249394673123487,False,1.0,False,0.011678333015879616,0.955,False,proxy,20ng-sub7951,7951,0
94,leaf:the Microsoft Windows operating system#t1,This text discusses the Microsoft Windows operating system.,proxy-cascade,5160,1252,1136,2772,0,1.0,0.995,0.9974937343358395,400,0.9191685912240185,False,1.0,False,0.006592416000785306,0.995,False,proxy,20ng-sub7951,7951,0
95,group:computers#t3,This article covers the topic of computers.,proxy-cascade,3972,2489,154,1329,0,1.0,0.99,0.9949748743718593,2000,0.927400468384075,False,1.0,False,0.009784458001377061,0.99,False,proxy,20ng-sub7951,7951,0
96,leaf:PC hardware#t1,This text discusses PC hardware.,proxy-cascade,5586,651,2606,2329,0,1.0,0.98,0.98989898989899,400,0.9423076923076923,False,1.0,False,0.010519499977817759,0.98,False,proxy,20ng-sub7951,7951,0
97,leaf:cars#t2,The passage is related to cars.,proxy-cascade,5068,1099,1077,2892,0,1.0,0.9775,0.988621997471555,400,0.9135514018691588,False,1.0,False,0.004937209014315158,0.9775,False,proxy,20ng-sub7951,7951,0
98,union:Christianity|items for sale#u0,The document is about Christianity or about items for sale.,proxy-cascade,4946,882,1075,2989,0,1.0,0.975,0.9873417721518987,800,0.9285714285714286,False,1.0,False,0.010759541997686028,0.975,False,proxy,20ng-sub7951,7951,0
99,group:politics#t2,The passage is related to politics.,proxy-cascade,4873,1367,425,3081,0,1.0,0.9958333333333333,0.9979123173277662,1200,0.9469096671949286,False,1.0,False,0.010384999972302467,0.9958333333333333,False,proxy,20ng-sub7951,7951,0
100,leaf:gun control#t2,The passage is related to gun control.,proxy-cascade,5230,615,1988,2627,0,1.0,0.9875,0.9937106918238994,400,0.9250585480093677,False,1.0,False,0.009214125020662323,0.9875,False,proxy,20ng-sub7951,7951,0
101,union:Middle East affairs|items for sale#u1,This text discusses either Middle East affairs or items for sale.,proxy-cascade,5225,2089,431,2705,0,1.0,0.98,0.98989898989899,800,0.9256198347107438,False,1.0,False,0.004848042008234188,0.98,False,proxy,20ng-sub7951,7951,0
102,leaf:computer graphics#t3,This article covers the topic of computer graphics.,proxy-cascade,4286,578,2463,1245,0,1.0,0.955,0.9769820971867007,400,0.9095238095238095,False,1.0,False,0.008252125000581145,0.955,False,proxy,20ng-sub7951,7951,0
103,leaf:religious debate#t3,This article covers the topic of religious debate.,proxy-cascade,5400,1278,1555,2567,0,1.0,0.9971509971509972,0.9985734664764622,351,0.9536784741144414,False,1.0,False,0.004969749978045002,0.9971509971509972,False,proxy,20ng-sub7951,7951,0
104,leaf:atheism#t3,This article covers the topic of atheism.,proxy-cascade,5452,2004,899,2549,0,1.0,0.99,0.9949748743718593,400,0.9383886255924171,False,1.0,False,0.004671583999879658,0.99,False,proxy,20ng-sub7951,7951,0
105,group:religion#t1,This text discusses religion.,proxy-cascade,5404,2600,251,2553,0,1.0,0.9947871416159861,0.9973867595818815,1151,0.9256265157639451,False,1.0,False,0.005614583002170548,0.9947871416159861,False,proxy,20ng-sub7951,7951,0
106,union:hockey|items for sale#u0,The document is about hockey or about items for sale.,proxy-cascade,6387,874,831,4682,0,1.0,0.995,0.9974937343358395,800,0.9386792452830188,False,1.0,False,0.010640749998856336,0.995,False,proxy,20ng-sub7951,7951,0
107,group:motor vehicles#t0,The document is about motor vehicles.,proxy-cascade,5828,5683,145,0,0,1.0,0.99875,0.9993746091307067,800,0.9215686274509803,False,1.0,False,0.003983000002335757,0.99875,False,proxy,20ng-sub7951,7951,0
108,union:space exploration|the Microsoft Windows operating system#u1,This text discusses either space exploration or the Microsoft Windows operating system.,proxy-cascade,6459,1132,827,4500,0,1.0,0.9975,0.9987484355444306,800,0.9591346153846154,False,1.0,False,0.009549500013235956,0.9975,False,proxy,20ng-sub7951,7951,0
109,group:sports#t2,The passage is related to sports.,proxy-cascade,3164,1062,508,1594,0,1.0,0.99125,0.9956057752667922,800,0.9296600234466589,False,1.0,False,0.004789958999026567,0.99125,False,proxy,20ng-sub7951,7951,0
110,group:sports#t1,This text discusses sports.,proxy-cascade,3185,1128,470,1587,0,1.0,0.99,0.9949748743718593,800,0.9252336448598131,False,1.0,False,0.006189209001604468,0.99,False,proxy,20ng-sub7951,7951,0
111,leaf:atheism#t3,This article covers the topic of atheism.,proxy-cascade,4829,3145,648,1036,0,1.0,0.985,0.9924433249370278,400,0.9270588235294117,False,1.0,False,0.0038414589944295585,0.985,False,proxy,20ng-sub7951,7951,0
112,leaf:Middle East affairs#t2,The passage is related to Middle East affairs.,proxy-cascade,3517,667,1401,1449,0,1.0,0.99,0.9949748743718593,400,0.927400468384075,False,1.0,False,0.008893959020497277,0.99,False,proxy,20ng-sub7951,7951,0
113,union:Macintosh hardware|motorcycles#u1,This text discusses either Macintosh hardware or motorcycles.,proxy-cascade,4970,791,1206,2973,0,1.0,0.96875,0.9841269841269841,800,0.9193357058125742,False,1.0,False,0.012525917001767084,0.96875,False,proxy,20ng-sub7951,7951,0
114,union:political debate|religious debate#u0,The document is about political debate or about religious debate.,proxy-cascade,5119,909,1325,2885,0,1.0,0.9880159786950732,0.9939718687206965,751,0.9286608260325406,False,1.0,False,0.00952933300868608,0.9880159786950732,False,proxy,20ng-sub7951,7951,0
115,leaf:gun control#t3,This article covers the topic of gun control.,proxy-cascade,5449,576,2416,2457,0,1.0,0.9775,0.988621997471555,400,0.9354066985645934,False,1.0,False,0.00949925000895746,0.9775,False,proxy,20ng-sub7951,7951,0
116,leaf:medicine#t2,The passage is related to medicine.,proxy-cascade,4233,538,2444,1251,0,1.0,0.97,0.9847715736040609,400,0.9371980676328503,False,1.0,False,0.00993066598311998,0.97,False,proxy,20ng-sub7951,7951,0
117,group:politics#t1,This text discusses politics.,proxy-cascade,4296,2836,227,1233,0,1.0,0.9875,0.9937106918238994,1200,0.9265050820953871,False,1.0,False,0.004762749973451719,0.9875,False,proxy,20ng-sub7951,7951,0
118,group:science#t2,The passage is related to science.,proxy-cascade,5525,5444,81,0,0,1.0,0.97875,0.9892608970309539,1600,0.9200940070505288,False,1.0,False,0.0034446659847162664,0.97875,False,proxy,20ng-sub7951,7951,0
119,group:religion#t0,The document is about religion.,proxy-cascade,3390,1523,348,1519,0,1.0,0.9721980886185926,0.9859030837004406,1151,0.9053398058252428,False,1.0,False,0.005171374999918044,0.9721980886185926,False,proxy,20ng-sub7951,7951,0
0,group:motor vehicles#t0,The document is about motor vehicles.,cold,7951,7951,0,0,0,1.0,1.0,1.0,800,,,,,0.003094332991167903,1.0,,semreuse,20ng-sub7951,7951,0
1,group:religion#t3,This article covers the topic of religion.,cold,7951,7951,0,0,2,1.0,1.0,1.0,1151,,,,,0.248158208996756,1.0,,semreuse,20ng-sub7951,7951,0
2,leaf:religious debate#t0,The document is about religious debate.,rewrite,7951,6800,29,1122,4,1.0,1.0,1.0,351,1.0,False,1.0,False,0.22825904199271463,1.0,False,semreuse,20ng-sub7951,7951,0
3,group:politics#t1,This text discusses politics.,cold,7951,7951,0,0,6,1.0,1.0,1.0,1200,,,,,0.17329416601569392,1.0,,semreuse,20ng-sub7951,7951,0
4,union:gun control|medicine#u0,The document is about gun control or about medicine.,cold,7951,7951,0,0,8,1.0,1.0,1.0,800,,,,,0.17589525002404116,1.0,,semreuse,20ng-sub7951,7951,0
5,group:motor vehicles#t0,The document is about motor vehicles.,exact-hit,0,0,0,0,0,1.0,1.0,1.0,800,,,,,1.0332994861528277e-05,1.0,,semreuse,20ng-sub7951,7951,0
6,group:politics#t1,This text discusses politics.,exact-hit,0,0,0,0,0,1.0,1.0,1.0,1200,,,,,6.250018486753106e-06,1.0,,semreuse,20ng-sub7951,7951,0
7,group:religion#t0,The document is about religion.,rewrite,7951,351,897,6703,10,1.0,1.0,1.0,1151,1.0,False,1.0,False,0.23567949997959659,1.0,False,semreuse,20ng-sub7951,7951,0
8,leaf:political debate#t1,This text discusses political debate.,rewrite,7951,6751,29,1171,12,1.0,1.0,1.0,400,1.0,False,1.0,False,0.17990799999097362,1.0,False,semreuse,20ng-sub7951,7951,0
9,group:sports#t1,This text discusses sports.,cold,7951,7951,0,0,14,1.0,1.0,1.0,800,,,,,0.19445258399355225,1.0,,semreuse,20ng-sub7951,7951,0
10,group:science#t1,This text discusses science.,cold,7951,7951,0,0,16,1.0,1.0,1.0,1600,,,,,0.16793733401573263,1.0,,semreuse,20ng-sub7951,7951,0
11,leaf:hockey#t1,This text discusses hockey.,rewrite,7951,7151,29,771,18,1.0,1.0,1.0,400,1.0,False,1.0,False,0.13137070799712092,1.0,False,semreuse,20ng-sub7951,7951,0
12,leaf:religious debate#t2,The passage is related to religious debate.,rewrite,1885,800,1085,0,20,1.0,1.0,1.0,351,0.9246376811594202,False,0.9088319088319088,False,0.17262283398304135,1.0,False,semreuse,20ng-sub7951,7951,0
13,leaf:political debate#t0,The document is about political debate.,rewrite,1060,0,1060,0,22,1.0,1.0,1.0,400,0.9236641221374046,False,0.9075,False,0.3121558749990072,1.0,False,semreuse,20ng-sub7951,7951,0
14,leaf:items for sale#t3,This article covers the topic of items for sale.,rewrite,7951,800,0,7151,24,1.0,1.0,1.0,400,1.0,False,1.0,False,0.181357791996561,1.0,False,semreuse,20ng-sub7951,7951,0
15,leaf:Christianity#t3,This article covers the topic of Christianity.,rewrite,7951,6800,29,1122,26,1.0,1.0,1.0,400,1.0,False,1.0,False,0.21861608300241642,1.0,False,semreuse,20ng-sub7951,7951,0
16,union:electronics|hockey#u0,The document is about electronics or about hockey.,cold,7951,7951,0,0,28,1.0,1.0,1.0,800,,,,,0.21908162502222694,1.0,,semreuse,20ng-sub7951,7951,0
17,group:science#t2,The passage is related to science.,rewrite,251,0,251,0,30,1.0,1.0,1.0,1600,0.9204328453214513,False,0.90375,False,0.21373966700048186,1.0,False,semreuse,20ng-sub7951,7951,0
18,group:computers#t1,This text discusses computers.,cold,7951,7951,0,0,32,1.0,1.0,1.0,2000,,,,,0.24936374998651445,1.0,,semreuse,20ng-sub7951,7951,0
19,union:Macintosh hardware|items for sale#u1,This text discusses either Macintosh hardware or items for sale.,rewrite,7587,5551,72,1964,34,1.0,1.0,1.0,800,1.0,False,0.95375,False,0.23043220801628195,1.0,False,semreuse,20ng-sub7951,7951,0
20,group:motor vehicles#t3,This article covers the topic of motor vehicles.,cold,7951,7951,0,0,36,1.0,1.0,1.0,800,,,,,0.27246670800377615,1.0,,semreuse,20ng-sub7951,7951,0
21,group:sports#t3,This article covers the topic of sports.,rewrite,896,400,496,0,38,1.0,1.0,1.0,800,0.9214975845410628,False,0.95375,False,0.2411025420005899,1.0,False,semreuse,20ng-sub7951,7951,0
22,group:motor vehicles#t3,This article covers the topic of motor vehicles.,exact-hit,0,0,0,0,0,1.0,1.0,1.0,800,,,,,1.2791977496817708e-05,1.0,,semreuse,20ng-sub7951,7951,0
23,group:motor vehicles#t3,This article covers the topic of motor vehicles.,exact-hit,0,0,0,0,0,1.0,1.0,1.0,800,,,,,5.292007699608803e-06,1.0,,semreuse,20ng-sub7951,7951,0
24,union:PC hardware|cryptography#u0,The document is about PC hardware or about cryptography.,rewrite,7951,5951,29,1971,40,1.0,1.0,1.0,800,1.0,False,1.0,False,0.24301950001972727,1.0,False,semreuse,20ng-sub7951,7951,0
25,leaf:political debate#t1,This text discusses political debate.,exact-hit,0,0,0,0,0,1.0,1.0,1.0,400,1.0,False,1.0,False,1.3708020560443401e-05,1.0,False,semreuse,20ng-sub7951,7951,0
26,union:Macintosh hardware|space exploration#u1,This text discusses either Macintosh hardware or space exploration.,rewrite,7951,5951,29,1971,42,1.0,1.0,1.0,800,1.0,False,1.0,False,0.22757220899802633,1.0,False,semreuse,20ng-sub7951,7951,0
27,leaf:baseball#t2,The passage is related to baseball.,rewrite,7951,7151,29,771,44,1.0,1.0,1.0,400,1.0,False,1.0,False,0.29621516601764597,1.0,False,semreuse,20ng-sub7951,7951,0
28,group:computers#t0,The document is about computers.,rewrite,2135,2000,135,0,46,1.0,1.0,1.0,2000,0.9195402298850575,False,1.0,False,0.23052945800009184,1.0,False,semreuse,20ng-sub7951,7951,0
29,leaf:baseball#t3,This article covers the topic of baseball.,rewrite,7951,7151,29,771,48,1.0,1.0,1.0,400,1.0,False,1.0,False,0.31855020800139755,1.0,False,semreuse,20ng-sub7951,7951,0
30,leaf:electronics#t0,The document is about electronics.,rewrite,7951,0,0,7951,50,1.0,1.0,1.0,400,1.0,False,1.0,False,0.22378279198892415,1.0,False,semreuse,20ng-sub7951,7951,0
31,union:PC hardware|items for sale#u1,This text discusses either PC hardware or items for sale.,rewrite,7590,5151,117,2322,52,1.0,1.0,1.0,800,1.0,False,0.95375,False,0.2945825420028996,1.0,False,semreuse,20ng-sub7951,7951,0
32,union:computer graphics|motorcycles#u0,The document is about computer graphics or about motorcycles.,rewrite,7951,7151,29,771,54,1.0,1.0,1.0,800,1.0,False,1.0,False,0.3538833750062622,1.0,False,semreuse,20ng-sub7951,7951,0
33,union:Macintosh hardware|electronics#u0,The document is about Macintosh hardware or about electronics.,rewrite,7587,5551,72,1964,56,1.0,1.0,1.0,800,1.0,False,0.95375,False,0.2698035829816945,1.0,False,semreuse,20ng-sub7951,7951,0
34,group:computers#t1,This text discusses computers.,exact-hit,0,0,0,0,0,1.0,1.0,1.0,2000,,,,,1.533300383016467e-05,1.0,,semreuse,20ng-sub7951,7951,0
35,group:religion#t1,This text discusses religion.,rewrite,1395,1151,244,0,58,1.0,1.0,1.0,1151,0.9200639488409272,False,1.0,False,0.2606343750085216,1.0,False,semreuse,20ng-sub7951,7951,0
36,group:computers#t0,The document is about computers.,exact-hit,0,0,0,0,0,1.0,1.0,1.0,2000,0.9195402298850575,False,1.0,False,1.691700890660286e-05,1.0,False,semreuse,20ng-sub7951,7951,0
37,union:Middle East affairs|items for sale#u1,This text discusses either Middle East affairs or items for sale.,rewrite,7590,5200,117,2273,60,1.0,1.0,1.0,800,1.0,False,0.95375,False,0.2769057910190895,1.0,False,semreuse,20ng-sub7951,7951,0
38,leaf:the Microsoft Windows operating system#t1,This text discusses the Microsoft Windows operating system.,rewrite,7951,5951,29,1971,62,1.0,1.0,1.0,400,1.0,False,1.0,False,0.2513958339986857,1.0,False,semreuse,20ng-sub7951,7951,0
39,group:sports#t2,The passage is related to sports.,rewrite,1170,800,370,0,64,1.0,1.0,1.0,800,0.9205983889528193,False,1.0,False,0.3036707910068799,1.0,False,semreuse,20ng-sub7951,7951,0
40,leaf:motorcycles#t0,The document is about motorcycles.,rewrite,7951,7151,29,771,66,1.0,1.0,1.0,400,1.0,False,1.0,False,0.3931388750206679,1.0,False,semreuse,20ng-sub7951,7951,0
41,group:motor vehicles#t0,The document is about motor vehicles.,exact-hit,0,0,0,0,0,1.0,1.0,1.0,800,,,,,9.082985343411565e-06,1.0,,semreuse,20ng-sub7951,7951,0
42,union:Christianity|political debate#u1,This text discusses either Christianity or political debate.,rewrite,7590,5600,117,1873,68,1.0,1.0,1.0,800,1.0,False,0.95375,False,0.264677416998893,1.0,False,semreuse,20ng-sub7951,7951,0
43,group:motor vehicles#t2,The passage is related to motor vehicles.,rewrite,896,400,496,0,70,1.0,1.0,1.0,800,0.9214975845410628,False,0.95375,False,0.4842400409979746,1.0,False,semreuse,20ng-sub7951,7951,0
44,leaf:motorcycles#t2,The passage is related to motorcycles.,rewrite,1495,400,1095,0,72,1.0,1.0,1.0,400,0.9260204081632653,False,0.9075,False,0.28814008299377747,1.0,False,semreuse,20ng-sub7951,7951,0
45,group:motor vehicles#t1,This text discusses motor vehicles.,rewrite,896,400,496,0,74,1.0,1.0,1.0,800,0.9214975845410628,False,0.95375,False,0.3013897500059102,1.0,False,semreuse,20ng-sub7951,7951,0
46,group:religion#t0,The document is about religion.,exact-hit,0,0,0,0,0,1.0,1.0,1.0,1151,1.0,False,1.0,False,1.5041005099192262e-05,1.0,False,semreuse,20ng-sub7951,7951,0
47,group:sports#t3,This article covers the topic of sports.,exact-hit,0,0,0,0,0,1.0,1.0,1.0,800,0.9214975845410628,False,0.95375,False,8.041999535635114e-06,1.0,False,semreuse,20ng-sub7951,7951,0
48,union:Macintosh hardware|cars#u1,This text discusses either Macintosh hardware or cars.,rewrite,7951,7151,29,771,76,1.0,1.0,1.0,800,1.0,False,1.0,False,0.25554624997312203,1.0,False,semreuse,20ng-sub7951,7951,0
49,leaf:computer graphics#t1,This text discusses computer graphics.,rewrite,7951,5951,29,1971,78,1.0,1.0,1.0,400,1.0,False,1.0,False,0.36806045900448225,1.0,False,semreuse,20ng-sub7951,7951,0
50,union:atheism|hockey#u1,This text discusses either atheism or hockey.,rewrite,7951,7151,29,771,80,1.0,1.0,1.0,800,1.0,False,1.0,False,0.34992579199024476,1.0,False,semreuse,20ng-sub7951,7951,0
51,leaf:items for sale#t0,The document is about items for sale.,rewrite,1268,400,868,0,82,1.0,1.0,1.0,400,0.9237875288683602,False,1.0,False,0.3005540000158362,1.0,False,semreuse,20ng-sub7951,7951,0
52,leaf:baseball#t0,The document is about baseball.,rewrite,1405,400,1005,0,84,1.0,1.0,1.0,400,0.9236641221374046,False,0.9075,False,0.32077795901568606,1.0,False,semreuse,20ng-sub7951,7951,0
53,union:hockey|motorcycles#u0,The document is about hockey or about motorcycles.,rewrite,7951,7151,29,771,86,1.0,1.0,1.0,800,1.0,False,1.0,False,0.45608545900904574,1.0,False,semreuse,20ng-sub7951,7951,0
54,group:politics#t0,The document is about politics.,rewrite,1432,1200,232,0,88,1.0,1.0,1.0,1200,0.9202453987730062,False,1.0,False,0.35771999999997206,1.0,False,semreuse,20ng-sub7951,7951,0
55,group:motor vehicles#t1,This text discusses motor vehicles.,exact-hit,0,0,0,0,0,1.0,1.0,1.0,800,0.9214975845410628,False,0.95375,False,1.9166007405146956e-05,1.0,False,semreuse,20ng-sub7951,7951,0
56,leaf:atheism#t3,This article covers the topic of atheism.,rewrite,1541,800,741,0,90,1.0,1.0,1.0,400,0.9237875288683602,False,1.0,False,0.33541558298747987,1.0,False,semreuse,20ng-sub7951,7951,0
57,union:atheism|gun control#u1,This text discusses either atheism or gun control.,rewrite,7580,7551,29,0,92,1.0,1.0,1.0,800,1.0,False,0.95375,False,0.30600233300356194,1.0,False,semreuse,20ng-sub7951,7951,0
58,leaf:cars#t2,The passage is related to cars.,rewrite,1495,400,1095,0,94,1.0,1.0,1.0,400,0.9260204081632653,False,0.9075,False,0.39423370800795965,1.0,False,semreuse,20ng-sub7951,7951,0
59,group:sports#t2,The passage is related to sports.,exact-hit,0,0,0,0,0,1.0,1.0,1.0,800,0.9205983889528193,False,1.0,False,1.6458012396469712e-05,1.0,False,semreuse,20ng-sub7951,7951,0
60,group:motor vehicles#t2,The passage is related to motor vehicles.,exact-hit,0,0,0,0,0,1.0,1.0,1.0,800,0.9214975845410628,False,0.95375,False,6.792019121348858e-06,1.0,False,semreuse,20ng-sub7951,7951,0
61,group:computers#t0,The document is about computers.,exact-hit,0,0,0,0,0,1.0,1.0,1.0,2000,0.9195402298850575,False,1.0,False,5.542009603232145e-06,1.0,False,semreuse,20ng-sub7951,7951,0
62,union:medicine|the Microsoft Windows operating system#u0,The document is about medicine or about the Microsoft Windows operating system.,rewrite,7951,4351,72,3528,96,1.0,1.0,1.0,800,1.0,False,1.0,False,0.32933783301268704,1.0,False,semreuse,20ng-sub7951,7951,0
63,union:baseball|items for sale#u0,The document is about baseball or about items for sale.,rewrite,7587,6751,72,764,98,1.0,1.0,1.0,800,1.0,False,0.95375,False,0.39465854098671116,1.0,False,semreuse,20ng-sub7951,7951,0
64,union:atheism|medicine#u1,This text discusses either atheism or medicine.,rewrite,7580,7551,29,0,100,1.0,1.0,1.0,800,1.0,False,0.95375,False,0.377434166992316,1.0,False,semreuse,20ng-sub7951,7951,0
65,union:hockey|the X Window System#u1,This text discusses either hockey or the X Window System.,rewrite,7951,4751,117,3083,102,1.0,1.0,1.0,800,1.0,False,1.0,False,0.40937591600231826,1.0,False,semreuse,20ng-sub7951,7951,0
66,leaf:cryptography#t0,The document is about cryptography.,rewrite,1541,800,741,0,104,1.0,1.0,1.0,400,0.9237875288683602,False,1.0,False,0.3249502500111703,1.0,False,semreuse,20ng-sub7951,7951,0
67,leaf:motorcycles#t3,This article covers the topic of motorcycles.,rewrite,1751,800,951,0,106,1.0,1.0,1.0,400,0.9236641221374046,False,0.9075,False,0.3673331669997424,1.0,False,semreuse,20ng-sub7951,7951,0
68,leaf:hockey#t1,This text discusses hockey.,exact-hit,0,0,0,0,0,1.0,1.0,1.0,400,1.0,False,1.0,False,1.9041006453335285e-05,1.0,False,semreuse,20ng-sub7951,7951,0
69,leaf:baseball#t2,The passage is related to baseball.,exact-hit,0,0,0,0,0,1.0,1.0,1.0,400,1.0,False,1.0,False,7.0829992182552814e-06,1.0,False,semreuse,20ng-sub7951,7951,0
70,group:motor vehicles#t0,The document is about motor vehicles.,exact-hit,0,0,0,0,0,1.0,1.0,1.0,800,,,,,6.95799826644361e-06,1.0,,semreuse,20ng-sub7951,7951,0
71,leaf:the Microsoft Windows operating system#t2,The passage is related to the Microsoft Windows operating system.,rewrite,2517,1600,917,0,108,1.0,1.0,1.0,400,0.9260204081632653,False,0.9075,False,0.3167210840038024,1.0,False,semreuse,20ng-sub7951,7951,0
72,leaf:motorcycles#t2,The passage is related to motorcycles.,exact-hit,0,0,0,0,0,1.0,1.0,1.0,400,0.9260204081632653,False,0.9075,False,2.487501478753984e-05,1.0,False,semreuse,20ng-sub7951,7951,0
73,group:sports#t2,The passage is related to sports.,exact-hit,0,0,0,0,0,1.0,1.0,1.0,800,0.9205983889528193,False,1.0,False,8.792005246505141e-06,1.0,False,semreuse,20ng-sub7951,7951,0
74,union:Macintosh hardware|electronics#u1,This text discusses either Macintosh hardware or electronics.,rewrite,2426,2000,426,0,110,1.0,1.0,1.0,800,0.9214975845410628,False,0.95375,False,0.3164656250155531,1.0,False,semreuse,20ng-sub7951,7951,0
75,leaf:Christianity#t3,This article covers the topic of Christianity.,exact-hit,0,0,0,0,0,1.0,1.0,1.0,400,1.0,False,1.0,False,1.4582998119294643e-05,1.0,False,semreuse,20ng-sub7951,7951,0
76,group:sports#t2,The passage is related to sports.,exact-hit,0,0,0,0,0,1.0,1.0,1.0,800,0.9205983889528193,False,1.0,False,1.1249998351559043e-05,1.0,False,semreuse,20ng-sub7951,7951,0
77,leaf:religious debate#t3,This article covers the topic of religious debate.,rewrite,2448,1151,933,364,112,1.0,1.0,1.0,351,0.9261213720316622,False,1.0,False,0.33534041699022055,1.0,False,semreuse,20ng-sub7951,7951,0
78,union:atheism|baseball#u1,This text discusses either atheism or baseball.,rewrite,7587,6751,72,764,114,1.0,1.0,1.0,800,1.0,False,0.95375,False,0.41669470802298747,1.0,False,semreuse,20ng-sub7951,7951,0
79,leaf:items for sale#t2,The passage is related to items for sale.,rewrite,1268,400,868,0,116,1.0,1.0,1.0,400,0.9237875288683602,False,1.0,False,0.41669629100942984,1.0,False,semreuse,20ng-sub7951,7951,0
80,union:Macintosh hardware|religious debate#u0,The document is about Macintosh hardware or about religious debate.,rewrite,7642,4400,168,3074,118,1.0,1.0,1.0,751,1.0,False,0.9573901464713716,False,0.3531170419882983,1.0,False,semreuse,20ng-sub7951,7951,0
81,group:motor vehicles#t1,This text discusses motor vehicles.,exact-hit,0,0,0,0,0,1.0,1.0,1.0,800,0.9214975845410628,False,0.95375,False,1.6000005416572094e-05,1.0,False,semreuse,20ng-sub7951,7951,0
82,leaf:cars#t0,The document is about cars.,rewrite,1495,400,1095,0,120,1.0,1.0,1.0,400,0.9260204081632653,False,0.9075,False,0.32848433300387114,1.0,False,semreuse,20ng-sub7951,7951,0
83,leaf:PC hardware#t0,The document is about PC hardware.,rewrite,3038,2400,638,0,122,1.0,1.0,1.0,400,0.9237875288683602,False,1.0,False,0.3152964170149062,1.0,False,semreuse,20ng-sub7951,7951,0
84,group:religion#t2,The passage is related to religion.,rewrite,1395,1151,244,0,124,1.0,1.0,1.0,1151,0.9200639488409272,False,1.0,False,0.3956459580222145,1.0,False,semreuse,20ng-sub7951,7951,0
85,union:Christianity|hockey#u0,The document is about Christianity or about hockey.,rewrite,2347,1951,396,0,126,1.0,1.0,1.0,800,0.9214975845410628,False,0.95375,False,0.4433644580130931,1.0,False,semreuse,20ng-sub7951,7951,0
86,group:religion#t0,The document is about religion.,exact-hit,0,0,0,0,0,1.0,1.0,1.0,1151,1.0,False,1.0,False,1.4124991139397025e-05,1.0,False,semreuse,20ng-sub7951,7951,0
87,union:atheism|computer graphics#u1,This text discusses either atheism or computer graphics.,rewrite,7229,5551,117,1561,128,1.0,1.0,1.0,800,1.0,False,0.9075,False,0.36306429098476656,1.0,False,semreuse,20ng-sub7951,7951,0
88,union:motorcycles|political debate#u1,This text discusses either motorcycles or political debate.,rewrite,7587,6751,72,764,130,1.0,1.0,1.0,800,1.0,False,0.95375,False,0.4776600420009345,1.0,False,semreuse,20ng-sub7951,7951,0
89,group:motor vehicles#t0,The document is about motor vehicles.,exact-hit,0,0,0,0,0,1.0,1.0,1.0,800,,,,,1.2833974324166775e-05,1.0,,semreuse,20ng-sub7951,7951,0
90,union:PC hardware|political debate#u0,The document is about PC hardware or about political debate.,rewrite,3866,3200,302,364,132,1.0,1.0,1.0,800,0.9216589861751152,False,1.0,False,0.5094132499943953,1.0,False,semreuse,20ng-sub7951,7951,0
91,leaf:Macintosh hardware#t0,The document is about Macintosh hardware.,rewrite,2858,2000,858,0,134,1.0,1.0,1.0,400,0.9260204081632653,False,0.9075,False,0.5851622080081142,1.0,False,semreuse,20ng-sub7951,7951,0
92,leaf:items for sale#t1,This text discusses items for sale.,rewrite,1268,400,868,0,136,1.0,1.0,1.0,400,0.9237875288683602,False,1.0,False,0.46682979198521934,1.0,False,semreuse,20ng-sub7951,7951,0
93,leaf:the Microsoft Windows operating system#t0,The document is about the Microsoft Windows operating system.,rewrite,2517,1600,917,0,138,1.0,1.0,1.0,400,0.9260204081632653,False,0.9075,False,0.4928879590006545,1.0,False,semreuse,20ng-sub7951,7951,0
94,leaf:the Microsoft Windows operating system#t1,This text discusses the Microsoft Windows operating system.,exact-hit,0,0,0,0,0,1.0,1.0,1.0,400,1.0,False,1.0,False,1.3457989552989602e-05,1.0,False,semreuse,20ng-sub7951,7951,0
95,group:computers#t3,This article covers the topic of computers.,rewrite,2514,2400,114,0,140,1.0,1.0,1.0,2000,0.9199632014719411,False,1.0,False,0.41070249999756925,1.0,False,semreuse,20ng-sub7951,7951,0
96,leaf:PC hardware#t1,This text discusses PC hardware.,rewrite,3038,2400,638,0,142,1.0,1.0,1.0,400,0.9237875288683602,False,1.0,False,0.4082838750036899,1.0,False,semreuse,20ng-sub7951,7951,0
97,leaf:cars#t2,The passage is related to cars.,exact-hit,0,0,0,0,0,1.0,1.0,1.0,400,0.9260204081632653,False,0.9075,False,1.3917015166953206e-05,1.0,False,semreuse,20ng-sub7951,7951,0
98,union:Christianity|items for sale#u0,The document is about Christianity or about items for sale.,rewrite,7587,6400,72,1115,144,1.0,1.0,1.0,800,1.0,False,0.95375,False,0.40341283299494535,1.0,False,semreuse,20ng-sub7951,7951,0
99,group:politics#t2,The passage is related to politics.,rewrite,1458,1200,258,0,146,1.0,1.0,1.0,1200,0.9202453987730062,False,1.0,False,0.3706577080010902,1.0,False,semreuse,20ng-sub7951,7951,0
100,leaf:gun control#t2,The passage is related to gun control.,rewrite,1541,800,741,0,148,1.0,1.0,1.0,400,0.9237875288683602,False,1.0,False,0.3678499170055147,1.0,False,semreuse,20ng-sub7951,7951,0
101,union:Middle East affairs|items for sale#u1,This text discusses either Middle East affairs or items for sale.,exact-hit,0,0,0,0,0,1.0,1.0,1.0,800,1.0,False,0.95375,False,1.1166994227096438e-05,1.0,False,semreuse,20ng-sub7951,7951,0
102,leaf:computer graphics#t3,This article covers the topic of computer graphics.,rewrite,2517,1600,917,0,150,1.0,1.0,1.0,400,0.9260204081632653,False,0.9075,False,0.3505580000055488,1.0,False,semreuse,20ng-sub7951,7951,0
103,leaf:religious debate#t3,This article covers the topic of religious debate.,exact-hit,0,0,0,0,0,1.0,1.0,1.0,351,0.9261213720316622,False,1.0,False,1.812499249354005e-05,1.0,False,semreuse,20ng-sub7951,7951,0
104,leaf:atheism#t3,This article covers the topic of atheism.,exact-hit,0,0,0,0,0,1.0,1.0,1.0,400,0.9237875288683602,False,1.0,False,5.749985575675964e-06,1.0,False,semreuse,20ng-sub7951,7951,0
105,group:religion#t1,This text discusses religion.,exact-hit,0,0,0,0,0,1.0,1.0,1.0,1151,0.9200639488409272,False,1.0,False,4.5000051613897085e-06,1.0,False,semreuse,20ng-sub7951,7951,0
106,union:hockey|items for sale#u0,The document is about hockey or about items for sale.,rewrite,7587,6751,72,764,152,1.0,1.0,1.0,800,1.0,False,0.95375,False,0.3448773749987595,1.0,False,semreuse,20ng-sub7951,7951,0
107,group:motor vehicles#t0,The document is about motor vehicles.,exact-hit,0,0,0,0,0,1.0,1.0,1.0,800,,,,,1.0916002793237567e-05,1.0,,semreuse,20ng-sub7951,7951,0
108,union:space exploration|the Microsoft Windows operating system#u1,This text discusses either space exploration or the Microsoft Windows operating system.,rewrite,7951,5951,29,1971,154,1.0,1.0,1.0,800,1.0,False,1.0,False,0.2130429999961052,1.0,False,semreuse,20ng-sub7951,7951,0
109,group:sports#t2,The passage is related to sports.,exact-hit,0,0,0,0,0,1.0,1.0,1.0,800,0.9205983889528193,False,1.0,False,7.791997632011771e-06,1.0,False,semreuse,20ng-sub7951,7951,0
110,group:sports#t1,This text discusses sports.,exact-hit,0,0,0,0,0,1.0,1.0,1.0,800,,,,,4.5409833546727896e-06,1.0,,semreuse,20ng-sub7951,7951,0
111,leaf:atheism#t3,This article covers the topic of atheism.,exact-hit,0,0,0,0,0,1.0,1.0,1.0,400,0.9237875288683602,False,1.0,False,3.999972250312567e-06,1.0,False,semreuse,20ng-sub7951,7951,0
112,leaf:Middle East affairs#t2,The passage is related to Middle East affairs.,rewrite,3092,2351,741,0,156,1.0,1.0,1.0,400,0.9260204081632653,False,0.9075,False,0.1831060829863418,1.0,False,semreuse,20ng-sub7951,7951,0
113,union:Macintosh hardware|motorcycles#u1,This text discusses either Macintosh hardware or motorcycles.,rewrite,1645,1200,445,0,158,1.0,1.0,1.0,800,0.9214975845410628,False,0.95375,False,0.11644074998912401,1.0,False,semreuse,20ng-sub7951,7951,0
114,union:political debate|religious debate#u0,The document is about political debate or about religious debate.,rewrite,7590,5600,117,1873,160,1.0,1.0,1.0,751,1.0,False,0.9507323568575233,False,0.18600554199656472,1.0,False,semreuse,20ng-sub7951,7951,0
115,leaf:gun control#t3,This article covers the topic of gun control.,rewrite,1541,800,741,0,162,1.0,1.0,1.0,400,0.9237875288683602,False,1.0,False,0.23106287498376332,1.0,False,semreuse,20ng-sub7951,7951,0
116,leaf:medicine#t2,The passage is related to medicine.,rewrite,2176,1200,976,0,164,1.0,1.0,1.0,400,0.9260204081632653,False,0.9075,False,0.2435637080052402,1.0,False,semreuse,20ng-sub7951,7951,0
117,group:politics#t1,This text discusses politics.,exact-hit,0,0,0,0,0,1.0,1.0,1.0,1200,,,,,1.6582984244450927e-05,1.0,,semreuse,20ng-sub7951,7951,0
118,group:science#t2,The passage is related to science.,exact-hit,0,0,0,0,0,1.0,1.0,1.0,1600,0.9204328453214513,False,0.90375,False,6.457994459196925e-06,1.0,False,semreuse,20ng-sub7951,7951,0
119,group:religion#t0,The document is about religion.,exact-hit,0,0,0,0,0,1.0,1.0,1.0,1151,1.0,False,1.0,False,6.66698906570673e-06,1.0,False,semreuse,20ng-sub7951,7951,0
0,group:motor vehicles#t0,The document is about motor vehicles.,cold,6361,650,596,4715,0,1.0,0.9975,0.9987484355444306,800,0.9355216881594373,False,1.0,False,0.009311791975051165,0.9975,False,semreuse+proxy,20ng-sub7951,7951,0
1,group:religion#t3,This article covers the topic of religion.,cold,3478,1244,330,1504,0,1.0,0.9800173761946134,0.9899078543220711,1151,0.9060240963855422,False,1.0,False,0.007328709005378187,0.9800173761946134,False,semreuse+proxy,20ng-sub7951,7951,0
2,leaf:religious debate#t0,The document is about religious debate.,rewrite,7951,6423,29,1099,0,1.0,1.0,1.0,351,1.0,False,1.0,False,0.19230266701197252,1.0,False,semreuse+proxy,20ng-sub7951,7951,0
3,group:politics#t1,This text discusses politics.,cold,6434,1135,365,4534,0,1.0,0.9991666666666666,0.9995831596498541,1200,0.9131759329779132,False,1.0,False,0.01031141699058935,0.9991666666666666,False,semreuse+proxy,20ng-sub7951,7951,0
4,union:gun control|medicine#u0,The document is about gun control or about medicine.,cold,4945,334,1170,3041,0,1.0,0.95625,0.9776357827476039,800,0.9096313912009513,False,1.0,False,0.007859874982386827,0.95625,False,semreuse+proxy,20ng-sub7951,7951,0
5,group:motor vehicles#t0,The document is about motor vehicles.,exact-hit,0,0,0,0,0,1.0,0.9975,0.9987484355444306,800,0.9355216881594373,False,1.0,False,8.25000461190939e-06,0.9975,False,semreuse+proxy,20ng-sub7951,7951,0
6,group:politics#t1,This text discusses politics.,exact-hit,0,0,0,0,0,1.0,0.9991666666666666,0.9995831596498541,1200,0.9131759329779132,False,1.0,False,3.916997229680419e-06,0.9991666666666666,False,semreuse+proxy,20ng-sub7951,7951,0
7,group:religion#t0,The document is about religion.,rewrite,7951,0,897,6703,0,1.0,1.0,1.0,1151,1.0,False,1.0,False,0.7366282920120284,1.0,False,semreuse+proxy,20ng-sub7951,7951,0
8,leaf:political debate#t1,This text discusses political debate.,rewrite,7951,6352,29,1170,0,1.0,1.0,1.0,400,1.0,False,1.0,False,0.025312708981800824,1.0,False,semreuse+proxy,20ng-sub7951,7951,0
9,group:sports#t1,This text discusses sports.,cold,3158,698,481,1579,0,1.0,0.99125,0.9956057752667922,800,0.9242424242424242,False,1.0,False,0.009142333001364022,0.99125,False,semreuse+proxy,20ng-sub7951,7951,0
10,group:science#t1,This text discusses science.,cold,5091,1573,263,2855,0,1.0,0.964375,0.9818644607063315,1600,0.91301775147929,False,1.0,False,0.011545040993951261,0.964375,False,semreuse+proxy,20ng-sub7951,7951,0
11,leaf:hockey#t1,This text discusses hockey.,rewrite,7951,6758,29,764,0,1.0,1.0,1.0,400,1.0,False,1.0,False,0.39132520798011683,1.0,False,semreuse+proxy,20ng-sub7951,7951,0
12,leaf:religious debate#t2,The passage is related to religious debate.,rewrite,1885,400,1085,0,0,1.0,1.0,1.0,351,0.9246376811594202,False,0.9088319088319088,False,0.09301149999373592,1.0,False,semreuse+proxy,20ng-sub7951,7951,0
13,leaf:political debate#t0,The document is about political debate.,rewrite,1060,0,1060,0,0,1.0,1.0,1.0,400,0.9236641221374046,False,0.9075,False,0.0031914169958326966,1.0,False,semreuse+proxy,20ng-sub7951,7951,0
14,leaf:items for sale#t3,This article covers the topic of items for sale.,rewrite,7951,398,0,7153,0,1.0,1.0,1.0,400,1.0,False,1.0,False,0.10489608399802819,1.0,False,semreuse+proxy,20ng-sub7951,7951,0
15,leaf:Christianity#t3,This article covers the topic of Christianity.,rewrite,7951,6400,36,1115,0,1.0,1.0,1.0,400,1.0,False,1.0,False,0.01618262499687262,1.0,False,semreuse+proxy,20ng-sub7951,7951,0
16,union:electronics|hockey#u0,The document is about electronics or about hockey.,cold,6415,371,1023,4621,0,1.0,0.98625,0.9930774071743234,800,0.9506024096385542,False,1.0,False,0.009658333990955725,0.98625,False,semreuse+proxy,20ng-sub7951,7951,0
17,group:science#t2,The passage is related to science.,rewrite,6444,0,261,6183,0,1.0,1.0,1.0,1600,1.0,False,0.9075,False,0.002502542018191889,1.0,False,semreuse+proxy,20ng-sub7951,7951,0
18,group:computers#t1,This text discusses computers.,cold,3858,1919,166,1373,0,1.0,0.989,0.9944695827048768,2000,0.9060925332111773,False,1.0,False,0.009420290996786207,0.989,False,semreuse+proxy,20ng-sub7951,7951,0
19,union:Macintosh hardware|items for sale#u1,This text discusses either Macintosh hardware or items for sale.,rewrite,7587,5173,72,1942,0,1.0,1.0,1.0,800,1.0,False,0.95375,False,0.004956999997375533,1.0,False,semreuse+proxy,20ng-sub7951,7951,0
20,group:motor vehicles#t3,This article covers the topic of motor vehicles.,cold,4819,481,784,3154,0,1.0,0.97125,0.9854153455928979,800,0.9350180505415162,False,1.0,False,0.007955167006002739,0.97125,False,semreuse+proxy,20ng-sub7951,7951,0
21,group:sports#t3,This article covers the topic of sports.,rewrite,940,0,543,0,0,1.0,0.99125,0.9956057752667922,800,0.9220462850182704,False,0.9546027742749055,False,0.020613875007256866,0.99125,False,semreuse+proxy,20ng-sub7951,7951,0
22,group:motor vehicles#t3,This article covers the topic of motor vehicles.,exact-hit,0,0,0,0,0,1.0,0.97125,0.9854153455928979,800,0.9350180505415162,False,1.0,False,9.584007784724236e-06,0.97125,False,semreuse+proxy,20ng-sub7951,7951,0
23,group:motor vehicles#t3,This article covers the topic of motor vehicles.,exact-hit,0,0,0,0,0,1.0,0.97125,0.9854153455928979,800,0.9350180505415162,False,1.0,False,3.4580007195472717e-06,0.97125,False,semreuse+proxy,20ng-sub7951,7951,0
24,union:PC hardware|cryptography#u0,The document is about PC hardware or about cryptography.,rewrite,5527,310,482,4335,0,1.0,0.9975,0.9987484355444306,800,0.926829268292683,False,1.0,False,0.009176666004350409,0.9975,False,semreuse+proxy,20ng-sub7951,7951,0
25,leaf:political debate#t1,This text discusses political debate.,exact-hit,0,0,0,0,0,1.0,1.0,1.0,400,1.0,False,1.0,False,1.8959020962938666e-05,1.0,False,semreuse+proxy,20ng-sub7951,7951,0
26,union:Macintosh hardware|space exploration#u1,This text discusses either Macintosh hardware or space exploration.,rewrite,5513,156,597,4360,0,1.0,0.99375,0.9968652037617556,800,0.9419431279620853,False,1.0,False,0.009353416011435911,0.99375,False,semreuse+proxy,20ng-sub7951,7951,0
27,leaf:baseball#t2,The passage is related to baseball.,rewrite,7951,6758,29,764,0,1.0,1.0,1.0,400,1.0,False,1.0,False,0.017159167007775977,1.0,False,semreuse+proxy,20ng-sub7951,7951,0
28,group:computers#t0,The document is about computers.,rewrite,7850,1474,178,5798,0,1.0,0.9495,0.97409592203129,2000,0.9495,False,1.0,False,0.019387374981306493,0.9495,False,semreuse+proxy,20ng-sub7951,7951,0
29,leaf:baseball#t3,This article covers the topic of baseball.,rewrite,7951,6758,29,764,0,1.0,1.0,1.0,400,1.0,False,1.0,False,0.014350291981827468,1.0,False,semreuse+proxy,20ng-sub7951,7951,0
30,leaf:electronics#t0,The document is about electronics.,rewrite,7951,0,0,7951,0,1.0,1.0,1.0,400,1.0,False,1.0,False,0.0007594159978907555,1.0,False,semreuse+proxy,20ng-sub7951,7951,0
31,union:PC hardware|items for sale#u1,This text discusses either PC hardware or items for sale.,rewrite,7593,4751,126,2316,0,1.0,1.0,1.0,800,1.0,False,0.95375,False,0.11173395800869912,1.0,False,semreuse+proxy,20ng-sub7951,7951,0
32,union:computer graphics|motorcycles#u0,The document is about computer graphics or about motorcycles.,rewrite,3567,283,660,2224,0,1.0,0.9725,0.9860583016476552,800,0.9384800965018094,False,1.0,False,0.007394707994535565,0.9725,False,semreuse+proxy,20ng-sub7951,7951,0
33,union:Macintosh hardware|electronics#u0,The document is about Macintosh hardware or about electronics.,rewrite,7590,5151,78,1961,0,1.0,1.0,1.0,800,1.0,False,0.95375,False,0.014627833006670699,1.0,False,semreuse+proxy,20ng-sub7951,7951,0
34,group:computers#t1,This text discusses computers.,exact-hit,0,0,0,0,0,1.0,0.989,0.9944695827048768,2000,0.9060925332111773,False,1.0,False,9.167008101940155e-06,0.989,False,semreuse+proxy,20ng-sub7951,7951,0
35,group:religion#t1,This text discusses religion.,rewrite,7891,690,337,6464,0,1.0,0.947871416159861,0.9732381801962534,1151,0.947871416159861,False,1.0,False,0.010189666994847357,0.947871416159861,False,semreuse+proxy,20ng-sub7951,7951,0
36,group:computers#t0,The document is about computers.,exact-hit,0,0,0,0,0,1.0,0.9495,0.97409592203129,2000,0.9495,False,1.0,False,1.3082986697554588e-05,0.9495,False,semreuse+proxy,20ng-sub7951,7951,0
37,union:Middle East affairs|items for sale#u1,This text discusses either Middle East affairs or items for sale.,rewrite,7590,4861,117,2212,0,1.0,1.0,1.0,800,1.0,False,0.95375,False,0.016885749995708466,1.0,False,semreuse+proxy,20ng-sub7951,7951,0
38,leaf:the Microsoft Windows operating system#t1,This text discusses the Microsoft Windows operating system.,rewrite,7951,5551,36,1964,0,1.0,1.0,1.0,400,1.0,False,1.0,False,0.08238062498276122,1.0,False,semreuse+proxy,20ng-sub7951,7951,0
39,group:sports#t2,The passage is related to sports.,rewrite,7938,382,508,6648,0,1.0,0.98375,0.9918084436042848,800,0.98375,False,1.0,False,0.018115957995178178,0.98375,False,semreuse+proxy,20ng-sub7951,7951,0
40,leaf:motorcycles#t0,The document is about motorcycles.,rewrite,7951,6753,29,769,0,1.0,1.0,1.0,400,1.0,False,1.0,False,0.01662345801014453,1.0,False,semreuse+proxy,20ng-sub7951,7951,0
41,group:motor vehicles#t0,The document is about motor vehicles.,exact-hit,0,0,0,0,0,1.0,0.9975,0.9987484355444306,800,0.9355216881594373,False,1.0,False,1.0374991688877344e-05,0.9975,False,semreuse+proxy,20ng-sub7951,7951,0
42,union:Christianity|political debate#u1,This text discusses either Christianity or political debate.,rewrite,7597,5201,184,1812,0,1.0,1.0,1.0,800,1.0,False,0.95375,False,0.020944249990861863,1.0,False,semreuse+proxy,20ng-sub7951,7951,0
43,group:motor vehicles#t2,The passage is related to motor vehicles.,rewrite,7596,7,595,6594,0,1.0,0.9975,0.9987484355444306,800,0.9973821989528796,False,0.9548872180451128,False,0.017889625014504418,0.9975,False,semreuse+proxy,20ng-sub7951,7951,0
44,leaf:motorcycles#t2,The passage is related to motorcycles.,rewrite,1496,1,1095,0,0,1.0,1.0,1.0,400,0.9260204081632653,False,0.9075,False,0.005834167008288205,1.0,False,semreuse+proxy,20ng-sub7951,7951,0
45,group:motor vehicles#t1,This text discusses motor vehicles.,rewrite,949,10,539,0,0,1.0,0.99875,0.9993746091307067,800,0.9214975845410628,False,0.9549436795994993,False,0.01455995801370591,0.99875,False,semreuse+proxy,20ng-sub7951,7951,0
46,group:religion#t0,The document is about religion.,exact-hit,0,0,0,0,0,1.0,1.0,1.0,1151,1.0,False,1.0,False,8.790986612439156e-06,1.0,False,semreuse+proxy,20ng-sub7951,7951,0
47,group:sports#t3,This article covers the topic of sports.,exact-hit,0,0,0,0,0,1.0,0.99125,0.9956057752667922,800,0.9220462850182704,False,0.9546027742749055,False,4.958012141287327e-06,0.99125,False,semreuse+proxy,20ng-sub7951,7951,0
48,union:Macintosh hardware|cars#u1,This text discusses either Macintosh hardware or cars.,rewrite,3571,136,812,2223,0,1.0,0.97875,0.9892608970309539,800,0.902073732718894,False,1.0,False,0.007408165984088555,0.97875,False,semreuse+proxy,20ng-sub7951,7951,0
49,leaf:computer graphics#t1,This text discusses computer graphics.,rewrite,7951,5551,36,1964,0,1.0,1.0,1.0,400,1.0,False,1.0,False,0.031121832987992093,1.0,False,semreuse+proxy,20ng-sub7951,7951,0
50,union:atheism|hockey#u1,This text discusses either atheism or hockey.,rewrite,6504,363,696,5045,0,1.0,0.99875,0.9993746091307067,800,0.9162844036697247,False,1.0,False,0.008278541994513944,0.99875,False,semreuse+proxy,20ng-sub7951,7951,0
51,leaf:items for sale#t0,The document is about items for sale.,rewrite,1268,0,868,0,0,1.0,1.0,1.0,400,0.9237875288683602,False,1.0,False,0.016972582991002128,1.0,False,semreuse+proxy,20ng-sub7951,7951,0
52,leaf:baseball#t0,The document is about baseball.,rewrite,1419,0,1013,6,0,1.0,1.0,1.0,400,0.9238578680203046,False,0.91,False,0.026941707998048514,1.0,False,semreuse+proxy,20ng-sub7951,7951,0
53,union:hockey|motorcycles#u0,The document is about hockey or about motorcycles.,rewrite,3497,235,631,2231,0,1.0,0.99,0.9949748743718593,800,0.9092996555683123,False,1.0,False,0.008063459012191743,0.99,False,semreuse+proxy,20ng-sub7951,7951,0
54,group:politics#t0,The document is about politics.,rewrite,7919,764,312,6443,0,1.0,0.9733333333333334,0.9864864864864865,1200,0.9733333333333334,False,1.0,False,0.01452012499794364,0.9733333333333334,False,semreuse+proxy,20ng-sub7951,7951,0
55,group:motor vehicles#t1,This text discusses motor vehicles.,exact-hit,0,0,0,0,0,1.0,0.99875,0.9993746091307067,800,0.9214975845410628,False,0.9549436795994993,False,9.665993275120854e-06,0.99875,False,semreuse+proxy,20ng-sub7951,7951,0
56,leaf:atheism#t3,This article covers the topic of atheism.,rewrite,7812,177,1030,6205,0,1.0,1.0,1.0,400,0.9433962264150944,False,1.0,False,0.007091083010891452,1.0,False,semreuse+proxy,20ng-sub7951,7951,0
57,union:atheism|gun control#u1,This text discusses either atheism or gun control.,rewrite,4495,195,802,3098,0,1.0,0.9875,0.9937106918238994,800,0.944792973651192,False,0.9531645569620253,False,0.007787999988067895,0.9875,False,semreuse+proxy,20ng-sub7951,7951,0
58,leaf:cars#t2,The passage is related to cars.,rewrite,1678,0,1278,0,0,1.0,1.0,1.0,400,0.9263959390862944,False,0.9125,False,0.006666333007160574,1.0,False,semreuse+proxy,20ng-sub7951,7951,0
59,group:sports#t2,The passage is related to sports.,exact-hit,0,0,0,0,0,1.0,0.98375,0.9918084436042848,800,0.98375,False,1.0,False,1.1541997082531452e-05,0.98375,False,semreuse+proxy,20ng-sub7951,7951,0
60,group:motor vehicles#t2,The passage is related to motor vehicles.,exact-hit,0,0,0,0,0,1.0,0.9975,0.9987484355444306,800,0.9973821989528796,False,0.9548872180451128,False,4.6670029405504465e-06,0.9975,False,semreuse+proxy,20ng-sub7951,7951,0
61,group:computers#t0,The document is about computers.,exact-hit,0,0,0,0,0,1.0,0.9495,0.97409592203129,2000,0.9495,False,1.0,False,4.415982402861118e-06,0.9495,False,semreuse+proxy,20ng-sub7951,7951,0
62,union:medicine|the Microsoft Windows operating system#u0,The document is about medicine or about the Microsoft Windows operating system.,rewrite,7951,3951,132,3468,0,1.0,1.0,1.0,800,1.0,False,1.0,False,0.028775291983038187,1.0,False,semreuse+proxy,20ng-sub7951,7951,0
63,union:baseball|items for sale#u0,The document is about baseball or about items for sale.,rewrite,7593,6351,84,758,0,1.0,1.0,1.0,800,1.0,False,0.95375,False,0.022668207995593548,1.0,False,semreuse+proxy,20ng-sub7951,7951,0
64,union:atheism|medicine#u1,This text discusses either atheism or medicine.,rewrite,2910,168,796,1546,0,1.0,0.98875,0.994343180389692,800,0.9425,False,0.9532237673830595,False,0.008440124976914376,0.98875,False,semreuse+proxy,20ng-sub7951,7951,0
65,union:hockey|the X Window System#u1,This text discusses either hockey or the X Window System.,rewrite,7951,4363,132,3056,0,1.0,1.0,1.0,800,1.0,False,1.0,False,0.018894084001658484,1.0,False,semreuse+proxy,20ng-sub7951,7951,0
66,leaf:cryptography#t0,The document is about cryptography.,rewrite,1612,198,1014,0,0,1.0,0.975,0.9873417721518987,400,0.9241706161137441,False,1.0,False,0.006547249999130145,0.975,False,semreuse+proxy,20ng-sub7951,7951,0
67,leaf:motorcycles#t3,This article covers the topic of motorcycles.,rewrite,1749,379,960,10,0,1.0,0.9975,0.9987484355444306,400,0.9236641221374046,False,0.9097744360902256,False,0.015807124989805743,0.9975,False,semreuse+proxy,20ng-sub7951,7951,0
68,leaf:hockey#t1,This text discusses hockey.,exact-hit,0,0,0,0,0,1.0,1.0,1.0,400,1.0,False,1.0,False,9.708019206300378e-06,1.0,False,semreuse+proxy,20ng-sub7951,7951,0
69,leaf:baseball#t2,The passage is related to baseball.,exact-hit,0,0,0,0,0,1.0,1.0,1.0,400,1.0,False,1.0,False,5.290989065542817e-06,1.0,False,semreuse+proxy,20ng-sub7951,7951,0
70,group:motor vehicles#t0,The document is about motor vehicles.,exact-hit,0,0,0,0,0,1.0,0.9975,0.9987484355444306,800,0.9355216881594373,False,1.0,False,3.7910067476332188e-06,0.9975,False,semreuse+proxy,20ng-sub7951,7951,0
71,leaf:the Microsoft Windows operating system#t2,The passage is related to the Microsoft Windows operating system.,rewrite,2526,1200,923,3,0,1.0,1.0,1.0,400,0.9260204081632653,False,0.9075,False,0.024507790978532284,1.0,False,semreuse+proxy,20ng-sub7951,7951,0
72,leaf:motorcycles#t2,The passage is related to motorcycles.,exact-hit,0,0,0,0,0,1.0,1.0,1.0,400,0.9260204081632653,False,0.9075,False,8.708011591807008e-06,1.0,False,semreuse+proxy,20ng-sub7951,7951,0
73,group:sports#t2,The passage is related to sports.,exact-hit,0,0,0,0,0,1.0,0.98375,0.9918084436042848,800,0.98375,False,1.0,False,3.334018401801586e-06,0.98375,False,semreuse+proxy,20ng-sub7951,7951,0
74,union:Macintosh hardware|electronics#u1,This text discusses either Macintosh hardware or electronics.,rewrite,6988,269,684,5635,0,1.0,0.9975,0.9987484355444306,800,0.9038004750593824,False,0.9536340852130326,False,0.008053166995523497,0.9975,False,semreuse+proxy,20ng-sub7951,7951,0
75,leaf:Christianity#t3,This article covers the topic of Christianity.,exact-hit,0,0,0,0,0,1.0,1.0,1.0,400,1.0,False,1.0,False,1.0666990419849753e-05,1.0,False,semreuse+proxy,20ng-sub7951,7951,0
76,group:sports#t2,The passage is related to sports.,exact-hit,0,0,0,0,0,1.0,0.98375,0.9918084436042848,800,0.98375,False,1.0,False,3.7919962778687477e-06,0.98375,False,semreuse+proxy,20ng-sub7951,7951,0
77,leaf:religious debate#t3,This article covers the topic of religious debate.,rewrite,7846,256,1573,5617,0,1.0,0.9886039886039886,0.994269340974212,351,0.9228723404255319,False,1.0,False,0.006445125007303432,0.9886039886039886,False,semreuse+proxy,20ng-sub7951,7951,0
78,union:atheism|baseball#u1,This text discusses either atheism or baseball.,rewrite,7593,6351,84,758,0,1.0,1.0,1.0,800,1.0,False,0.95375,False,0.020547500025713816,1.0,False,semreuse+proxy,20ng-sub7951,7951,0
79,leaf:items for sale#t2,The passage is related to items for sale.,rewrite,1268,0,868,0,0,1.0,1.0,1.0,400,0.9237875288683602,False,1.0,False,0.013972374988952652,1.0,False,semreuse+proxy,20ng-sub7951,7951,0
80,union:Macintosh hardware|religious debate#u0,The document is about Macintosh hardware or about religious debate.,rewrite,7646,4037,230,2979,0,1.0,1.0,1.0,751,1.0,False,0.9573901464713716,False,0.02681558398762718,1.0,False,semreuse+proxy,20ng-sub7951,7951,0
81,group:motor vehicles#t1,This text discusses motor vehicles.,exact-hit,0,0,0,0,0,1.0,0.99875,0.9993746091307067,800,0.9214975845410628,False,0.9549436795994993,False,1.3834011042490602e-05,0.99875,False,semreuse+proxy,20ng-sub7951,7951,0
82,leaf:cars#t0,The document is about cars.,rewrite,1678,0,1278,0,0,1.0,1.0,1.0,400,0.9263959390862944,False,0.9125,False,0.008026208990486339,1.0,False,semreuse+proxy,20ng-sub7951,7951,0
83,leaf:PC hardware#t0,The document is about PC hardware.,rewrite,7661,579,1176,5506,0,1.0,0.995,0.9974937343358395,400,0.9453681710213777,False,1.0,False,0.009888583997962996,0.995,False,semreuse+proxy,20ng-sub7951,7951,0
84,group:religion#t2,The passage is related to religion.,rewrite,7879,675,343,6461,0,1.0,0.9374456993918332,0.967713004484305,1151,0.9374456993918332,False,1.0,False,0.009205041016684845,0.9374456993918332,False,semreuse+proxy,20ng-sub7951,7951,0
85,union:Christianity|hockey#u0,The document is about Christianity or about hockey.,rewrite,6876,471,629,5376,0,1.0,0.98875,0.994343180389692,800,0.90311004784689,False,0.95448798988622,False,0.008381999999983236,0.98875,False,semreuse+proxy,20ng-sub7951,7951,0
86,group:religion#t0,The document is about religion.,exact-hit,0,0,0,0,0,1.0,1.0,1.0,1151,1.0,False,1.0,False,1.0916992323473096e-05,1.0,False,semreuse+proxy,20ng-sub7951,7951,0
87,union:atheism|computer graphics#u1,This text discusses either atheism or computer graphics.,rewrite,7229,5162,117,1550,0,1.0,1.0,1.0,800,1.0,False,0.9075,False,0.010073874989757314,1.0,False,semreuse+proxy,20ng-sub7951,7951,0
88,union:motorcycles|political debate#u1,This text discusses either motorcycles or political debate.,rewrite,7590,6351,78,761,0,1.0,1.0,1.0,800,1.0,False,0.95375,False,0.00823791598668322,1.0,False,semreuse+proxy,20ng-sub7951,7951,0
89,group:motor vehicles#t0,The document is about motor vehicles.,exact-hit,0,0,0,0,0,1.0,0.9975,0.9987484355444306,800,0.9355216881594373,False,1.0,False,8.99998121894896e-06,0.9975,False,semreuse+proxy,20ng-sub7951,7951,0
90,union:PC hardware|political debate#u0,The document is about PC hardware or about political debate.,rewrite,7951,924,647,5980,0,1.0,1.0,1.0,800,1.0,False,1.0,False,0.007530665985541418,1.0,False,semreuse+proxy,20ng-sub7951,7951,0
91,leaf:Macintosh hardware#t0,The document is about Macintosh hardware.,rewrite,2878,1618,859,1,0,1.0,1.0,1.0,400,0.9263959390862944,False,0.9125,False,0.005225208995398134,1.0,False,semreuse+proxy,20ng-sub7951,7951,0
92,leaf:items for sale#t1,This text discusses items for sale.,rewrite,1268,0,868,0,0,1.0,1.0,1.0,400,0.9237875288683602,False,1.0,False,0.008402665989706293,1.0,False,semreuse+proxy,20ng-sub7951,7951,0
93,leaf:the Microsoft Windows operating system#t0,The document is about the Microsoft Windows operating system.,rewrite,2526,1200,923,3,0,1.0,1.0,1.0,400,0.9260204081632653,False,0.9075,False,0.025372708012582734,1.0,False,semreuse+proxy,20ng-sub7951,7951,0
94,leaf:the Microsoft Windows operating system#t1,This text discusses the Microsoft Windows operating system.,exact-hit,0,0,0,0,0,1.0,1.0,1.0,400,1.0,False,1.0,False,1.650000922381878e-05,1.0,False,semreuse+proxy,20ng-sub7951,7951,0
95,group:computers#t3,This article covers the topic of computers.,rewrite,7744,1563,179,5602,0,1.0,0.988,0.993963782696177,2000,0.9303201506591338,False,1.0,False,0.008144542021909729,0.988,False,semreuse+proxy,20ng-sub7951,7951,0
96,leaf:PC hardware#t1,This text discusses PC hardware.,rewrite,7301,359,1473,5069,0,1.0,0.995,0.9974937343358395,400,0.9476190476190476,False,1.0,False,0.009093417000258341,0.995,False,semreuse+proxy,20ng-sub7951,7951,0
97,leaf:cars#t2,The passage is related to cars.,exact-hit,0,0,0,0,0,1.0,1.0,1.0,400,0.9263959390862944,False,0.9125,False,1.0792020475491881e-05,1.0,False,semreuse+proxy,20ng-sub7951,7951,0
98,union:Christianity|items for sale#u0,The document is about Christianity or about items for sale.,rewrite,7587,6000,72,1115,0,1.0,1.0,1.0,800,1.0,False,0.95375,False,0.03559629200026393,1.0,False,semreuse+proxy,20ng-sub7951,7951,0
99,group:politics#t2,The passage is related to politics.,rewrite,7910,758,324,6428,0,1.0,0.9658333333333333,0.9826197541331072,1200,0.9658333333333333,False,1.0,False,0.017872249998617917,0.9658333333333333,False,semreuse+proxy,20ng-sub7951,7951,0
100,leaf:gun control#t2,The passage is related to gun control.,rewrite,7824,161,1101,6162,0,1.0,1.0,1.0,400,0.9456264775413712,False,1.0,False,0.006643958011409268,1.0,False,semreuse+proxy,20ng-sub7951,7951,0
101,union:Middle East affairs|items for sale#u1,This text discusses either Middle East affairs or items for sale.,exact-hit,0,0,0,0,0,1.0,1.0,1.0,800,1.0,False,0.95375,False,1.0540999937802553e-05,1.0,False,semreuse+proxy,20ng-sub7951,7951,0
102,leaf:computer graphics#t3,This article covers the topic of computer graphics.,rewrite,2532,1200,921,11,0,1.0,1.0,1.0,400,0.926208651399491,False,0.91,False,0.021259874978568405,1.0,False,semreuse+proxy,20ng-sub7951,7951,0
103,leaf:religious debate#t3,This article covers the topic of religious debate.,exact-hit,0,0,0,0,0,1.0,0.9886039886039886,0.994269340974212,351,0.9228723404255319,False,1.0,False,9.542010957375169e-06,0.9886039886039886,False,semreuse+proxy,20ng-sub7951,7951,0
104,leaf:atheism#t3,This article covers the topic of atheism.,exact-hit,0,0,0,0,0,1.0,1.0,1.0,400,0.9433962264150944,False,1.0,False,4.125002305954695e-06,1.0,False,semreuse+proxy,20ng-sub7951,7951,0
105,group:religion#t1,This text discusses religion.,exact-hit,0,0,0,0,0,1.0,0.947871416159861,0.9732381801962534,1151,0.947871416159861,False,1.0,False,4.04199818149209e-06,0.947871416159861,False,semreuse+proxy,20ng-sub7951,7951,0
106,union:hockey|items for sale#u0,The document is about hockey or about items for sale.,rewrite,7593,6353,84,756,0,1.0,1.0,1.0,800,1.0,False,0.95375,False,0.01658170801238157,1.0,False,semreuse+proxy,20ng-sub7951,7951,0
107,group:motor vehicles#t0,The document is about motor vehicles.,exact-hit,0,0,0,0,0,1.0,0.9975,0.9987484355444306,800,0.9355216881594373,False,1.0,False,1.0583025868982077e-05,0.9975,False,semreuse+proxy,20ng-sub7951,7951,0
108,union:space exploration|the Microsoft Windows operating system#u1,This text discusses either space exploration or the Microsoft Windows operating system.,rewrite,4302,196,562,3144,0,1.0,0.975,0.9873417721518987,800,0.935251798561151,False,1.0,False,0.007251625007484108,0.975,False,semreuse+proxy,20ng-sub7951,7951,0
109,group:sports#t2,The passage is related to sports.,exact-hit,0,0,0,0,0,1.0,0.98375,0.9918084436042848,800,0.98375,False,1.0,False,8.875009370967746e-06,0.98375,False,semreuse+proxy,20ng-sub7951,7951,0
110,group:sports#t1,This text discusses sports.,exact-hit,0,0,0,0,0,1.0,0.99125,0.9956057752667922,800,0.9242424242424242,False,1.0,False,4.04199818149209e-06,0.99125,False,semreuse+proxy,20ng-sub7951,7951,0
111,leaf:atheism#t3,This article covers the topic of atheism.,exact-hit,0,0,0,0,0,1.0,1.0,1.0,400,0.9433962264150944,False,1.0,False,3.790977643802762e-06,1.0,False,semreuse+proxy,20ng-sub7951,7951,0
112,leaf:Middle East affairs#t2,The passage is related to Middle East affairs.,rewrite,3092,1951,741,0,0,1.0,1.0,1.0,400,0.9260204081632653,False,0.9075,False,0.031444249994819984,1.0,False,semreuse+proxy,20ng-sub7951,7951,0
113,union:Macintosh hardware|motorcycles#u1,This text discusses either Macintosh hardware or motorcycles.,rewrite,7461,268,630,6163,0,1.0,0.99875,0.9993746091307067,800,0.9158653846153846,False,0.9536921151439299,False,0.007128208002541214,0.99875,False,semreuse+proxy,20ng-sub7951,7951,0
114,union:political debate|religious debate#u0,The document is about political debate or about religious debate.,rewrite,7593,5272,126,1795,0,1.0,1.0,1.0,751,1.0,False,0.9507323568575233,False,0.0045737079926766455,1.0,False,semreuse+proxy,20ng-sub7951,7951,0
115,leaf:gun control#t3,This article covers the topic of gun control.,rewrite,7815,181,1074,6160,0,1.0,0.9925,0.9962358845671266,400,0.927570093457944,False,1.0,False,0.005027333012549207,0.9925,False,semreuse+proxy,20ng-sub7951,7951,0
116,leaf:medicine#t2,The passage is related to medicine.,rewrite,7138,2,1334,5402,0,1.0,1.0,1.0,400,0.9336734693877551,False,0.915,False,0.006171249988256022,1.0,False,semreuse+proxy,20ng-sub7951,7951,0
117,group:politics#t1,This text discusses politics.,exact-hit,0,0,0,0,0,1.0,0.9991666666666666,0.9995831596498541,1200,0.9131759329779132,False,1.0,False,8.458009688183665e-06,0.9991666666666666,False,semreuse+proxy,20ng-sub7951,7951,0
118,group:science#t2,The passage is related to science.,exact-hit,0,0,0,0,0,1.0,1.0,1.0,1600,1.0,False,0.9075,False,3.916997229680419e-06,1.0,False,semreuse+proxy,20ng-sub7951,7951,0
119,group:religion#t0,The document is about religion.,exact-hit,0,0,0,0,0,1.0,1.0,1.0,1151,1.0,False,1.0,False,3.374996595084667e-06,1.0,False,semreuse+proxy,20ng-sub7951,7951,0
0,group:motor vehicles#t0,The document is about motor vehicles.,cold,7951,7951,0,0,0,1.0,1.0,1.0,800,,,,,0.0001847500097937882,1.0,,semreuse-gt,20ng-sub7951,7951,0
1,group:religion#t3,This article covers the topic of religion.,rewrite,7178,7151,27,0,0,1.0,1.0,1.0,1151,0.9200639488409272,False,1.0,False,0.001616083987755701,1.0,False,semreuse-gt,20ng-sub7951,7951,0
2,leaf:religious debate#t0,The document is about religious debate.,rewrite,1954,1151,803,0,0,1.0,1.0,1.0,351,0.9236842105263158,False,1.0,False,0.0018201670027337968,1.0,False,semreuse-gt,20ng-sub7951,7951,0
3,group:politics#t1,This text discusses politics.,rewrite,6078,6000,78,0,0,1.0,1.0,1.0,1200,0.9202453987730062,False,1.0,False,0.0017416250193491578,1.0,False,semreuse-gt,20ng-sub7951,7951,0
4,union:gun control|medicine#u0,The document is about gun control or about medicine.,rewrite,6119,6000,119,0,0,1.0,1.0,1.0,800,0.9216589861751152,False,1.0,False,0.0015953750116750598,1.0,False,semreuse-gt,20ng-sub7951,7951,0
5,group:motor vehicles#t0,The document is about motor vehicles.,exact-hit,0,0,0,0,0,1.0,1.0,1.0,800,,,,,5.417008651420474e-06,1.0,,semreuse-gt,20ng-sub7951,7951,0
6,group:politics#t1,This text discusses politics.,exact-hit,0,0,0,0,0,1.0,1.0,1.0,1200,0.9202453987730062,False,1.0,False,2.8329959604889154e-06,1.0,False,semreuse-gt,20ng-sub7951,7951,0
7,group:religion#t0,The document is about religion.,rewrite,404,0,404,0,0,1.0,1.0,1.0,1151,0.9204946996466431,False,0.9052997393570807,False,0.0028790420037694275,1.0,False,semreuse-gt,20ng-sub7951,7951,0
8,leaf:political debate#t1,This text discusses political debate.,rewrite,1622,800,822,0,0,1.0,1.0,1.0,400,0.9237875288683602,False,1.0,False,0.0017225829942617565,1.0,False,semreuse-gt,20ng-sub7951,7951,0
9,group:sports#t1,This text discusses sports.,rewrite,4637,4400,237,0,0,1.0,1.0,1.0,800,0.9216589861751152,False,1.0,False,0.0018026669858954847,1.0,False,semreuse-gt,20ng-sub7951,7951,0
10,group:science#t1,This text discusses science.,rewrite,4131,4000,131,0,0,1.0,1.0,1.0,1600,0.9200690051753881,False,1.0,False,0.0020521249971352518,1.0,False,semreuse-gt,20ng-sub7951,7951,0
11,leaf:hockey#t1,This text discusses hockey.,rewrite,1541,800,741,0,0,1.0,1.0,1.0,400,0.9237875288683602,False,1.0,False,0.00189200000022538,1.0,False,semreuse-gt,20ng-sub7951,7951,0
12,leaf:religious debate#t2,The passage is related to religious debate.,rewrite,1317,0,1317,0,0,1.0,1.0,1.0,351,0.9273255813953488,False,0.9088319088319088,False,0.002297833008924499,1.0,False,semreuse-gt,20ng-sub7951,7951,0
13,leaf:political debate#t0,The document is about political debate.,rewrite,1060,0,1060,0,0,1.0,1.0,1.0,400,0.9236641221374046,False,0.9075,False,0.0021720840013585985,1.0,False,semreuse-gt,20ng-sub7951,7951,0
14,leaf:items for sale#t3,This article covers the topic of items for sale.,rewrite,4219,3600,619,0,0,1.0,1.0,1.0,400,0.9259259259259259,False,1.0,False,0.001718124985927716,1.0,False,semreuse-gt,20ng-sub7951,7951,0
15,leaf:Christianity#t3,This article covers the topic of Christianity.,rewrite,1622,800,822,0,0,1.0,1.0,1.0,400,0.9237875288683602,False,1.0,False,0.001727249997202307,1.0,False,semreuse-gt,20ng-sub7951,7951,0
16,union:electronics|hockey#u0,The document is about electronics or about hockey.,rewrite,3970,3600,370,0,0,1.0,1.0,1.0,800,0.9226118500604595,False,0.95375,False,0.0022683339775539935,1.0,False,semreuse-gt,20ng-sub7951,7951,0
17,group:science#t2,The passage is related to science.,rewrite,251,0,251,0,0,1.0,1.0,1.0,1600,0.9204328453214513,False,0.90375,False,0.002429499989375472,1.0,False,semreuse-gt,20ng-sub7951,7951,0
18,group:computers#t1,This text discusses computers.,rewrite,4499,4400,99,0,0,1.0,1.0,1.0,2000,0.9199632014719411,False,1.0,False,0.0021286249975673854,1.0,False,semreuse-gt,20ng-sub7951,7951,0
19,union:Macintosh hardware|items for sale#u1,This text discusses either Macintosh hardware or items for sale.,rewrite,3604,3200,404,0,0,1.0,1.0,1.0,800,0.9226118500604595,False,0.95375,False,0.0024071669904515147,1.0,False,semreuse-gt,20ng-sub7951,7951,0
20,group:motor vehicles#t3,This article covers the topic of motor vehicles.,rewrite,521,0,521,0,0,1.0,1.0,1.0,800,0.9211195928753181,False,0.905,False,0.002417417010292411,1.0,False,semreuse-gt,20ng-sub7951,7951,0
21,group:sports#t3,This article covers the topic of sports.,rewrite,568,0,568,0,0,1.0,1.0,1.0,800,0.9213197969543148,False,0.9075,False,0.0026554999931249768,1.0,False,semreuse-gt,20ng-sub7951,7951,0
22,group:motor vehicles#t3,This article covers the topic of motor vehicles.,exact-hit,0,0,0,0,0,1.0,1.0,1.0,800,0.9211195928753181,False,0.905,False,5.959009286016226e-06,1.0,False,semreuse-gt,20ng-sub7951,7951,0
23,group:motor vehicles#t3,This article covers the topic of motor vehicles.,exact-hit,0,0,0,0,0,1.0,1.0,1.0,800,0.9211195928753181,False,0.905,False,2.708984538912773e-06,1.0,False,semreuse-gt,20ng-sub7951,7951,0
24,union:PC hardware|cryptography#u0,The document is about PC hardware or about cryptography.,rewrite,4280,4000,280,0,0,1.0,1.0,1.0,800,0.9216589861751152,False,1.0,False,0.0018267909763380885,1.0,False,semreuse-gt,20ng-sub7951,7951,0
25,leaf:political debate#t1,This text discusses political debate.,exact-hit,0,0,0,0,0,1.0,1.0,1.0,400,0.9237875288683602,False,1.0,False,6.874994141981006e-06,1.0,False,semreuse-gt,20ng-sub7951,7951,0
26,union:Macintosh hardware|space exploration#u1,This text discusses either Macintosh hardware or space exploration.,rewrite,4651,4400,251,0,0,1.0,1.0,1.0,800,0.9216589861751152,False,1.0,False,0.0017951659974642098,1.0,False,semreuse-gt,20ng-sub7951,7951,0
27,leaf:baseball#t2,The passage is related to baseball.,rewrite,1268,400,868,0,0,1.0,1.0,1.0,400,0.9237875288683602,False,1.0,False,0.0018829590117093176,1.0,False,semreuse-gt,20ng-sub7951,7951,0
28,group:computers#t0,The document is about computers.,rewrite,197,0,197,0,0,1.0,1.0,1.0,2000,0.920061099796334,False,0.9035,False,0.0025663329870440066,1.0,False,semreuse-gt,20ng-sub7951,7951,0
29,leaf:baseball#t3,This article covers the topic of baseball.,rewrite,1060,0,1060,0,0,1.0,1.0,1.0,400,0.9236641221374046,False,0.9075,False,0.002144541998859495,1.0,False,semreuse-gt,20ng-sub7951,7951,0
30,leaf:electronics#t0,The document is about electronics.,rewrite,1268,400,868,0,0,1.0,1.0,1.0,400,0.9237875288683602,False,1.0,False,0.001887999998871237,1.0,False,semreuse-gt,20ng-sub7951,7951,0
31,union:PC hardware|items for sale#u1,This text discusses either PC hardware or items for sale.,rewrite,4336,4000,336,0,0,1.0,1.0,1.0,800,0.9226118500604595,False,0.95375,False,0.002249707991722971,1.0,False,semreuse-gt,20ng-sub7951,7951,0
32,union:computer graphics|motorcycles#u0,The document is about computer graphics or about motorcycles.,rewrite,4280,4000,280,0,0,1.0,1.0,1.0,800,0.9216589861751152,False,1.0,False,0.0018587909871712327,1.0,False,semreuse-gt,20ng-sub7951,7951,0
33,union:Macintosh hardware|electronics#u0,The document is about Macintosh hardware or about electronics.,rewrite,3970,3600,370,0,0,1.0,1.0,1.0,800,0.9226118500604595,False,0.95375,False,0.0022451670083682984,1.0,False,semreuse-gt,20ng-sub7951,7951,0
34,group:computers#t1,This text discusses computers.,exact-hit,0,0,0,0,0,1.0,1.0,1.0,2000,0.9199632014719411,False,1.0,False,6.041984306648374e-06,1.0,False,semreuse-gt,20ng-sub7951,7951,0
35,group:religion#t1,This text discusses religion.,rewrite,404,0,404,0,0,1.0,1.0,1.0,1151,0.9204946996466431,False,0.9052997393570807,False,0.0028914590075146407,1.0,False,semreuse-gt,20ng-sub7951,7951,0
36,group:computers#t0,The document is about computers.,exact-hit,0,0,0,0,0,1.0,1.0,1.0,2000,0.920061099796334,False,0.9035,False,6.999995093792677e-06,1.0,False,semreuse-gt,20ng-sub7951,7951,0
37,union:Middle East affairs|items for sale#u1,This text discusses either Middle East affairs or items for sale.,rewrite,3970,3600,370,0,0,1.0,1.0,1.0,800,0.9226118500604595,False,0.95375,False,0.002217333996668458,1.0,False,semreuse-gt,20ng-sub7951,7951,0
38,leaf:the Microsoft Windows operating system#t1,This text discusses the Microsoft Windows operating system.,rewrite,2030,1200,830,0,0,1.0,1.0,1.0,400,0.9237875288683602,False,1.0,False,0.001847084000473842,1.0,False,semreuse-gt,20ng-sub7951,7951,0
39,group:sports#t2,The passage is related to sports.,rewrite,568,0,568,0,0,1.0,1.0,1.0,800,0.9213197969543148,False,0.9075,False,0.0026665830228012055,1.0,False,semreuse-gt,20ng-sub7951,7951,0
40,leaf:motorcycles#t0,The document is about motorcycles.,rewrite,1268,400,868,0,0,1.0,1.0,1.0,400,0.9237875288683602,False,1.0,False,0.0018792909977491945,1.0,False,semreuse-gt,20ng-sub7951,7951,0
41,group:motor vehicles#t0,The document is about motor vehicles.,exact-hit,0,0,0,0,0,1.0,1.0,1.0,800,,,,,4.5000051613897085e-06,1.0,,semreuse-gt,20ng-sub7951,7951,0
42,union:Christianity|political debate#u1,This text discusses either Christianity or political debate.,rewrite,4363,4000,363,0,0,1.0,1.0,1.0,800,0.9224904701397713,False,0.9075,False,0.0026112920022569597,1.0,False,semreuse-gt,20ng-sub7951,7951,0
43,group:motor vehicles#t2,The passage is related to motor vehicles.,rewrite,521,0,521,0,0,1.0,1.0,1.0,800,0.9211195928753181,False,0.905,False,0.0021783749980386347,1.0,False,semreuse-gt,20ng-sub7951,7951,0
44,leaf:motorcycles#t2,The passage is related to motorcycles.,rewrite,1154,0,1154,0,0,1.0,1.0,1.0,400,0.9260204081632653,False,0.9075,False,0.0021134169946890324,1.0,False,semreuse-gt,20ng-sub7951,7951,0
45,group:motor vehicles#t1,This text discusses motor vehicles.,rewrite,521,0,521,0,0,1.0,1.0,1.0,800,0.9211195928753181,False,0.905,False,0.002189082995755598,1.0,False,semreuse-gt,20ng-sub7951,7951,0
46,group:religion#t0,The document is about religion.,exact-hit,0,0,0,0,0,1.0,1.0,1.0,1151,0.9204946996466431,False,0.9052997393570807,False,4.458997864276171e-06,1.0,False,semreuse-gt,20ng-sub7951,7951,0
47,group:sports#t3,This article covers the topic of sports.,exact-hit,0,0,0,0,0,1.0,1.0,1.0,800,0.9213197969543148,False,0.9075,False,2.874992787837982e-06,1.0,False,semreuse-gt,20ng-sub7951,7951,0
48,union:Macintosh hardware|cars#u1,This text discusses either Macintosh hardware or cars.,rewrite,5017,4800,217,0,0,1.0,1.0,1.0,800,0.9216589861751152,False,1.0,False,0.001598083006683737,1.0,False,semreuse-gt,20ng-sub7951,7951,0
49,leaf:computer graphics#t1,This text discusses computer graphics.,rewrite,1268,400,868,0,0,1.0,1.0,1.0,400,0.9237875288683602,False,1.0,False,0.0017836659972090274,1.0,False,semreuse-gt,20ng-sub7951,7951,0
50,union:atheism|hockey#u1,This text discusses either atheism or hockey.,rewrite,4695,4400,295,0,0,1.0,1.0,1.0,800,0.9226118500604595,False,0.95375,False,0.002010666998103261,1.0,False,semreuse-gt,20ng-sub7951,7951,0
51,leaf:items for sale#t0,The document is about items for sale.,rewrite,1154,0,1154,0,0,1.0,1.0,1.0,400,0.9260204081632653,False,0.9075,False,0.002140166994649917,1.0,False,semreuse-gt,20ng-sub7951,7951,0
52,leaf:baseball#t0,The document is about baseball.,rewrite,1154,0,1154,0,0,1.0,1.0,1.0,400,0.9260204081632653,False,0.9075,False,0.0021000420092605054,1.0,False,semreuse-gt,20ng-sub7951,7951,0
53,union:hockey|motorcycles#u0,The document is about hockey or about motorcycles.,rewrite,4357,4000,357,0,0,1.0,1.0,1.0,800,0.9224904701397713,False,0.9075,False,0.002560041000833735,1.0,False,semreuse-gt,20ng-sub7951,7951,0
54,group:politics#t0,The document is about politics.,rewrite,389,0,389,0,0,1.0,1.0,1.0,1200,0.9203389830508475,False,0.905,False,0.00275462499121204,1.0,False,semreuse-gt,20ng-sub7951,7951,0
55,group:motor vehicles#t1,This text discusses motor vehicles.,exact-hit,0,0,0,0,0,1.0,1.0,1.0,800,0.9211195928753181,False,0.905,False,4.708010237663984e-06,1.0,False,semreuse-gt,20ng-sub7951,7951,0
56,leaf:atheism#t3,This article covers the topic of atheism.,rewrite,1268,400,868,0,0,1.0,1.0,1.0,400,0.9237875288683602,False,1.0,False,0.0017394589958712459,1.0,False,semreuse-gt,20ng-sub7951,7951,0
57,union:atheism|gun control#u1,This text discusses either atheism or gun control.,rewrite,4342,4000,342,0,0,1.0,1.0,1.0,800,0.9226118500604595,False,0.95375,False,0.002111999987391755,1.0,False,semreuse-gt,20ng-sub7951,7951,0
58,leaf:cars#t2,The passage is related to cars.,rewrite,1268,400,868,0,0,1.0,1.0,1.0,400,0.9237875288683602,False,1.0,False,0.0017383339873049408,1.0,False,semreuse-gt,20ng-sub7951,7951,0
59,group:sports#t2,The passage is related to sports.,exact-hit,0,0,0,0,0,1.0,1.0,1.0,800,0.9213197969543148,False,0.9075,False,5.041016265749931e-06,1.0,False,semreuse-gt,20ng-sub7951,7951,0
60,group:motor vehicles#t2,The passage is related to motor vehicles.,exact-hit,0,0,0,0,0,1.0,1.0,1.0,800,0.9211195928753181,False,0.905,False,2.583983587101102e-06,1.0,False,semreuse-gt,20ng-sub7951,7951,0
61,group:computers#t0,The document is about computers.,exact-hit,0,0,0,0,0,1.0,1.0,1.0,2000,0.920061099796334,False,0.9035,False,3.8330035749822855e-06,1.0,False,semreuse-gt,20ng-sub7951,7951,0
62,union:medicine|the Microsoft Windows operating system#u0,The document is about medicine or about the Microsoft Windows operating system.,rewrite,4342,4000,342,0,0,1.0,1.0,1.0,800,0.9226118500604595,False,0.95375,False,0.0020745839865412563,1.0,False,semreuse-gt,20ng-sub7951,7951,0
63,union:baseball|items for sale#u0,The document is about baseball or about items for sale.,rewrite,3999,3600,399,0,0,1.0,1.0,1.0,800,0.9224904701397713,False,0.9075,False,0.0024967500066850334,1.0,False,semreuse-gt,20ng-sub7951,7951,0
64,union:atheism|medicine#u1,This text discusses either atheism or medicine.,rewrite,3976,3600,376,0,0,1.0,1.0,1.0,800,0.9226118500604595,False,0.95375,False,0.0021054169919807464,1.0,False,semreuse-gt,20ng-sub7951,7951,0
65,union:hockey|the X Window System#u1,This text discusses either hockey or the X Window System.,rewrite,4695,4400,295,0,0,1.0,1.0,1.0,800,0.9226118500604595,False,0.95375,False,0.0019589159928727895,1.0,False,semreuse-gt,20ng-sub7951,7951,0
66,leaf:cryptography#t0,The document is about cryptography.,rewrite,1268,400,868,0,0,1.0,1.0,1.0,400,0.9237875288683602,False,1.0,False,0.0017555829836055636,1.0,False,semreuse-gt,20ng-sub7951,7951,0
67,leaf:motorcycles#t3,This article covers the topic of motorcycles.,rewrite,1154,0,1154,0,0,1.0,1.0,1.0,400,0.9260204081632653,False,0.9075,False,0.0020701659959740937,1.0,False,semreuse-gt,20ng-sub7951,7951,0
68,leaf:hockey#t1,This text discusses hockey.,exact-hit,0,0,0,0,0,1.0,1.0,1.0,400,0.9237875288683602,False,1.0,False,4.583009285852313e-06,1.0,False,semreuse-gt,20ng-sub7951,7951,0
69,leaf:baseball#t2,The passage is related to baseball.,exact-hit,0,0,0,0,0,1.0,1.0,1.0,400,0.9237875288683602,False,1.0,False,2.6249908842146397e-06,1.0,False,semreuse-gt,20ng-sub7951,7951,0
70,group:motor vehicles#t0,The document is about motor vehicles.,exact-hit,0,0,0,0,0,1.0,1.0,1.0,800,,,,,2.874992787837982e-06,1.0,,semreuse-gt,20ng-sub7951,7951,0
71,leaf:the Microsoft Windows operating system#t2,The passage is related to the Microsoft Windows operating system.,rewrite,1154,0,1154,0,0,1.0,1.0,1.0,400,0.9260204081632653,False,0.9075,False,0.002002624998567626,1.0,False,semreuse-gt,20ng-sub7951,7951,0
72,leaf:motorcycles#t2,The passage is related to motorcycles.,exact-hit,0,0,0,0,0,1.0,1.0,1.0,400,0.9260204081632653,False,0.9075,False,4.332978278398514e-06,1.0,False,semreuse-gt,20ng-sub7951,7951,0
73,group:sports#t2,The passage is related to sports.,exact-hit,0,0,0,0,0,1.0,1.0,1.0,800,0.9213197969543148,False,0.9075,False,2.2910244297236204e-06,1.0,False,semreuse-gt,20ng-sub7951,7951,0
74,union:Macintosh hardware|electronics#u1,This text discusses either Macintosh hardware or electronics.,rewrite,521,0,521,0,0,1.0,1.0,1.0,800,0.9211195928753181,False,0.905,False,0.002108374988893047,1.0,False,semreuse-gt,20ng-sub7951,7951,0
75,leaf:Christianity#t3,This article covers the topic of Christianity.,exact-hit,0,0,0,0,0,1.0,1.0,1.0,400,0.9237875288683602,False,1.0,False,4.1660096030682325e-06,1.0,False,semreuse-gt,20ng-sub7951,7951,0
76,group:sports#t2,The passage is related to sports.,exact-hit,0,0,0,0,0,1.0,1.0,1.0,800,0.9213197969543148,False,0.9075,False,2.1669839043170214e-06,1.0,False,semreuse-gt,20ng-sub7951,7951,0
77,leaf:religious debate#t3,This article covers the topic of religious debate.,rewrite,1209,0,1209,0,0,1.0,1.0,1.0,351,0.9246376811594202,False,0.9088319088319088,False,0.0020520410034805536,1.0,False,semreuse-gt,20ng-sub7951,7951,0
78,union:atheism|baseball#u1,This text discusses either atheism or baseball.,rewrite,3999,3600,399,0,0,1.0,1.0,1.0,800,0.9224904701397713,False,0.9075,False,0.002634042000863701,1.0,False,semreuse-gt,20ng-sub7951,7951,0
79,leaf:items for sale#t2,The passage is related to items for sale.,rewrite,1154,0,1154,0,0,1.0,1.0,1.0,400,0.9260204081632653,False,0.9075,False,0.002109082997776568,1.0,False,semreuse-gt,20ng-sub7951,7951,0
80,union:Macintosh hardware|religious debate#u0,The document is about Macintosh hardware or about religious debate.,rewrite,4716,4400,316,0,0,1.0,1.0,1.0,751,0.9229781771501926,False,0.9573901464713716,False,0.0020674999977927655,1.0,False,semreuse-gt,20ng-sub7951,7951,0
81,group:motor vehicles#t1,This text discusses motor vehicles.,exact-hit,0,0,0,0,0,1.0,1.0,1.0,800,0.9211195928753181,False,0.905,False,7.166992872953415e-06,1.0,False,semreuse-gt,20ng-sub7951,7951,0
82,leaf:cars#t0,The document is about cars.,rewrite,1154,0,1154,0,0,1.0,1.0,1.0,400,0.9260204081632653,False,0.9075,False,0.0028737910033669323,1.0,False,semreuse-gt,20ng-sub7951,7951,0
83,leaf:PC hardware#t0,The document is about PC hardware.,rewrite,1268,400,868,0,0,1.0,1.0,1.0,400,0.9237875288683602,False,1.0,False,0.0020412500016391277,1.0,False,semreuse-gt,20ng-sub7951,7951,0
84,group:religion#t2,The passage is related to religion.,rewrite,404,0,404,0,0,1.0,1.0,1.0,1151,0.9204946996466431,False,0.9052997393570807,False,0.0031033749983180314,1.0,False,semreuse-gt,20ng-sub7951,7951,0
85,union:Christianity|hockey#u0,The document is about Christianity or about hockey.,rewrite,3635,3200,435,0,0,1.0,1.0,1.0,800,0.9224904701397713,False,0.9075,False,0.003146291011944413,1.0,False,semreuse-gt,20ng-sub7951,7951,0
86,group:religion#t0,The document is about religion.,exact-hit,0,0,0,0,0,1.0,1.0,1.0,1151,0.9204946996466431,False,0.9052997393570807,False,1.5833007637411356e-05,1.0,False,semreuse-gt,20ng-sub7951,7951,0
87,union:atheism|computer graphics#u1,This text discusses either atheism or computer graphics.,rewrite,4363,4000,363,0,0,1.0,1.0,1.0,800,0.9224904701397713,False,0.9075,False,0.0026668329956009984,1.0,False,semreuse-gt,20ng-sub7951,7951,0
88,union:motorcycles|political debate#u1,This text discusses either motorcycles or political debate.,rewrite,4363,4000,363,0,0,1.0,1.0,1.0,800,0.9224904701397713,False,0.9075,False,0.002742458018474281,1.0,False,semreuse-gt,20ng-sub7951,7951,0
89,group:motor vehicles#t0,The document is about motor vehicles.,exact-hit,0,0,0,0,0,1.0,1.0,1.0,800,,,,,9.708019206300378e-06,1.0,,semreuse-gt,20ng-sub7951,7951,0
90,union:PC hardware|political debate#u0,The document is about PC hardware or about political debate.,rewrite,4722,4400,322,0,0,1.0,1.0,1.0,800,0.9224904701397713,False,0.9075,False,0.0025784170138649642,1.0,False,semreuse-gt,20ng-sub7951,7951,0
91,leaf:Macintosh hardware#t0,The document is about Macintosh hardware.,rewrite,1268,400,868,0,0,1.0,1.0,1.0,400,0.9237875288683602,False,1.0,False,0.0018352500046603382,1.0,False,semreuse-gt,20ng-sub7951,7951,0
92,leaf:items for sale#t1,This text discusses items for sale.,rewrite,1154,0,1154,0,0,1.0,1.0,1.0,400,0.9260204081632653,False,0.9075,False,0.002088791981805116,1.0,False,semreuse-gt,20ng-sub7951,7951,0
93,leaf:the Microsoft Windows operating system#t0,The document is about the Microsoft Windows operating system.,rewrite,1060,0,1060,0,0,1.0,1.0,1.0,400,0.9236641221374046,False,0.9075,False,0.002101958991261199,1.0,False,semreuse-gt,20ng-sub7951,7951,0
94,leaf:the Microsoft Windows operating system#t1,This text discusses the Microsoft Windows operating system.,exact-hit,0,0,0,0,0,1.0,1.0,1.0,400,0.9237875288683602,False,1.0,False,8.37500556372106e-06,1.0,False,semreuse-gt,20ng-sub7951,7951,0
95,group:computers#t3,This article covers the topic of computers.,rewrite,414,0,414,0,0,1.0,1.0,1.0,2000,0.9196563921172309,False,0.91,False,0.004996584000764415,1.0,False,semreuse-gt,20ng-sub7951,7951,0
96,leaf:PC hardware#t1,This text discusses PC hardware.,rewrite,1154,0,1154,0,0,1.0,1.0,1.0,400,0.9260204081632653,False,0.9075,False,0.0024505000037606806,1.0,False,semreuse-gt,20ng-sub7951,7951,0
97,leaf:cars#t2,The passage is related to cars.,exact-hit,0,0,0,0,0,1.0,1.0,1.0,400,0.9237875288683602,False,1.0,False,8.040980901569128e-06,1.0,False,semreuse-gt,20ng-sub7951,7951,0
98,union:Christianity|items for sale#u0,The document is about Christianity or about items for sale.,rewrite,3999,3600,399,0,0,1.0,1.0,1.0,800,0.9224904701397713,False,0.9075,False,0.0025566249969415367,1.0,False,semreuse-gt,20ng-sub7951,7951,0
99,group:politics#t2,The passage is related to politics.,rewrite,389,0,389,0,0,1.0,1.0,1.0,1200,0.9203389830508475,False,0.905,False,0.002708832995267585,1.0,False,semreuse-gt,20ng-sub7951,7951,0
100,leaf:gun control#t2,The passage is related to gun control.,rewrite,1268,400,868,0,0,1.0,1.0,1.0,400,0.9237875288683602,False,1.0,False,0.0018071249942295253,1.0,False,semreuse-gt,20ng-sub7951,7951,0
101,union:Middle East affairs|items for sale#u1,This text discusses either Middle East affairs or items for sale.,exact-hit,0,0,0,0,0,1.0,1.0,1.0,800,0.9226118500604595,False,0.95375,False,6.667018169537187e-06,1.0,False,semreuse-gt,20ng-sub7951,7951,0
102,leaf:computer graphics#t3,This article covers the topic of computer graphics.,rewrite,1060,0,1060,0,0,1.0,1.0,1.0,400,0.9236641221374046,False,0.9075,False,0.0021124170161783695,1.0,False,semreuse-gt,20ng-sub7951,7951,0
103,leaf:religious debate#t3,This article covers the topic of religious debate.,exact-hit,0,0,0,0,0,1.0,1.0,1.0,351,0.9246376811594202,False,0.9088319088319088,False,1.2457981938496232e-05,1.0,False,semreuse-gt,20ng-sub7951,7951,0
104,leaf:atheism#t3,This article covers the topic of atheism.,exact-hit,0,0,0,0,0,1.0,1.0,1.0,400,0.9237875288683602,False,1.0,False,4.208995960652828e-06,1.0,False,semreuse-gt,20ng-sub7951,7951,0
105,group:religion#t1,This text discusses religion.,exact-hit,0,0,0,0,0,1.0,1.0,1.0,1151,0.9204946996466431,False,0.9052997393570807,False,3.2500247471034527e-06,1.0,False,semreuse-gt,20ng-sub7951,7951,0
106,union:hockey|items for sale#u0,The document is about hockey or about items for sale.,rewrite,3635,3200,435,0,0,1.0,1.0,1.0,800,0.9224904701397713,False,0.9075,False,0.0025663340056780726,1.0,False,semreuse-gt,20ng-sub7951,7951,0
107,group:motor vehicles#t0,The document is about motor vehicles.,exact-hit,0,0,0,0,0,1.0,1.0,1.0,800,,,,,8.832983439788222e-06,1.0,,semreuse-gt,20ng-sub7951,7951,0
108,union:space exploration|the Microsoft Windows operating system#u1,This text discusses either space exploration or the Microsoft Windows operating system.,rewrite,5062,4800,262,0,0,1.0,1.0,1.0,800,0.9226118500604595,False,0.95375,False,0.0020290839893277735,1.0,False,semreuse-gt,20ng-sub7951,7951,0
109,group:sports#t2,The passage is related to sports.,exact-hit,0,0,0,0,0,1.0,1.0,1.0,800,0.9213197969543148,False,0.9075,False,6.33401214145124e-06,1.0,False,semreuse-gt,20ng-sub7951,7951,0
110,group:sports#t1,This text discusses sports.,exact-hit,0,0,0,0,0,1.0,1.0,1.0,800,0.9216589861751152,False,1.0,False,3.1660019885748625e-06,1.0,False,semreuse-gt,20ng-sub7951,7951,0
111,leaf:atheism#t3,This article covers the topic of atheism.,exact-hit,0,0,0,0,0,1.0,1.0,1.0,400,0.9237875288683602,False,1.0,False,3.416993422433734e-06,1.0,False,semreuse-gt,20ng-sub7951,7951,0
112,leaf:Middle East affairs#t2,The passage is related to Middle East affairs.,rewrite,1268,400,868,0,0,1.0,1.0,1.0,400,0.9237875288683602,False,1.0,False,0.0017923330015037209,1.0,False,semreuse-gt,20ng-sub7951,7951,0
113,union:Macintosh hardware|motorcycles#u1,This text discusses either Macintosh hardware or motorcycles.,rewrite,4722,4400,322,0,0,1.0,1.0,1.0,800,0.9224904701397713,False,0.9075,False,0.002450416999636218,1.0,False,semreuse-gt,20ng-sub7951,7951,0
114,union:political debate|religious debate#u0,The document is about political debate or about religious debate.,rewrite,4742,4400,342,0,0,1.0,1.0,1.0,751,0.9228687415426252,False,0.9081225033288948,False,0.00246845799847506,1.0,False,semreuse-gt,20ng-sub7951,7951,0
115,leaf:gun control#t3,This article covers the topic of gun control.,rewrite,1154,0,1154,0,0,1.0,1.0,1.0,400,0.9260204081632653,False,0.9075,False,0.002091041998937726,1.0,False,semreuse-gt,20ng-sub7951,7951,0
116,leaf:medicine#t2,The passage is related to medicine.,rewrite,1268,400,868,0,0,1.0,1.0,1.0,400,0.9237875288683602,False,1.0,False,0.002006958005949855,1.0,False,semreuse-gt,20ng-sub7951,7951,0
117,group:politics#t1,This text discusses politics.,exact-hit,0,0,0,0,0,1.0,1.0,1.0,1200,0.9202453987730062,False,1.0,False,1.2040982255712152e-05,1.0,False,semreuse-gt,20ng-sub7951,7951,0
118,group:science#t2,The passage is related to science.,exact-hit,0,0,0,0,0,1.0,1.0,1.0,1600,0.9204328453214513,False,0.90375,False,3.8330035749822855e-06,1.0,False,semreuse-gt,20ng-sub7951,7951,0
119,group:religion#t0,The document is about religion.,exact-hit,0,0,0,0,0,1.0,1.0,1.0,1151,0.9204946996466431,False,0.9052997393570807,False,3.2500247471034527e-06,1.0,False,semreuse-gt,20ng-sub7951,7951,0
0,group:motor vehicles#t0,The document is about motor vehicles.,cold,6361,650,596,4715,0,1.0,0.9975,0.9987484355444306,800,0.9355216881594373,False,1.0,False,0.008995459007564932,0.9975,False,semreuse-gt+proxy,20ng-sub7951,7951,0
1,group:religion#t3,This article covers the topic of religion.,rewrite,4507,1020,382,2705,0,1.0,0.9973935708079931,0.9986950848194868,1151,0.9379084967320261,False,1.0,False,0.006298291991697624,0.9973935708079931,False,semreuse-gt+proxy,20ng-sub7951,7951,0
2,leaf:religious debate#t0,The document is about religious debate.,rewrite,7859,523,1204,5732,0,1.0,0.98005698005698,0.9899280575539569,351,0.9052631578947369,False,1.0,False,0.0047123749973252416,0.98005698005698,False,semreuse-gt+proxy,20ng-sub7951,7951,0
3,group:politics#t1,This text discusses politics.,rewrite,3003,1236,338,1029,0,1.0,0.995,0.9974937343358395,1200,0.9284603421461898,False,1.0,False,0.005751082993810996,0.995,False,semreuse-gt+proxy,20ng-sub7951,7951,0
4,union:gun control|medicine#u0,The document is about gun control or about medicine.,rewrite,3991,715,683,2193,0,1.0,0.995,0.9974937343358395,800,0.9035187287173666,False,1.0,False,0.006621250009629875,0.995,False,semreuse-gt+proxy,20ng-sub7951,7951,0
5,group:motor vehicles#t0,The document is about motor vehicles.,exact-hit,0,0,0,0,0,1.0,0.9975,0.9987484355444306,800,0.9355216881594373,False,1.0,False,8.749979315325618e-06,0.9975,False,semreuse-gt+proxy,20ng-sub7951,7951,0
6,group:politics#t1,This text discusses politics.,exact-hit,0,0,0,0,0,1.0,0.995,0.9974937343358395,1200,0.9284603421461898,False,1.0,False,3.6249984987080097e-06,0.995,False,semreuse-gt+proxy,20ng-sub7951,7951,0
7,group:religion#t0,The document is about religion.,rewrite,406,0,404,0,0,1.0,0.9991311902693311,0.9995654063450673,1151,0.9204946996466431,False,0.9060869565217391,False,0.0029771249974146485,0.9991311902693311,False,semreuse-gt+proxy,20ng-sub7951,7951,0
8,leaf:political debate#t1,This text discusses political debate.,rewrite,7834,213,1049,6172,0,1.0,0.995,0.9974937343358395,400,0.943127962085308,False,1.0,False,0.005386375007219613,0.995,False,semreuse-gt+proxy,20ng-sub7951,7951,0
9,group:sports#t1,This text discusses sports.,rewrite,3452,657,562,1833,0,1.0,0.99625,0.9981214777708203,800,0.9299883313885647,False,1.0,False,0.005839374993229285,0.99625,False,semreuse-gt+proxy,20ng-sub7951,7951,0
10,group:science#t1,This text discusses science.,rewrite,6615,1586,240,4389,0,1.0,0.99125,0.9956057752667922,1600,0.9237041351193943,False,1.0,False,0.008456167008262128,0.99125,False,semreuse-gt+proxy,20ng-sub7951,7951,0
11,leaf:hockey#t1,This text discusses hockey.,rewrite,7833,211,1020,6202,0,1.0,0.9975,0.9987484355444306,400,0.9388235294117647,False,1.0,False,0.004629625007510185,0.9975,False,semreuse-gt+proxy,20ng-sub7951,7951,0
12,leaf:religious debate#t2,The passage is related to religious debate.,rewrite,7645,0,1343,6300,0,1.0,1.0,1.0,351,1.0,False,0.9116809116809117,False,0.0033617080189287663,1.0,False,semreuse-gt+proxy,20ng-sub7951,7951,0
13,leaf:political debate#t0,The document is about political debate.,rewrite,1065,0,1063,0,0,1.0,0.995,0.9974937343358395,400,0.9258312020460358,False,0.9095477386934674,False,0.008737041003769264,0.995,False,semreuse-gt+proxy,20ng-sub7951,7951,0
14,leaf:items for sale#t3,This article covers the topic of items for sale.,rewrite,5628,305,1622,3301,0,1.0,0.9825,0.991172761664565,400,0.9312796208530806,False,1.0,False,0.008340625005075708,0.9825,False,semreuse-gt+proxy,20ng-sub7951,7951,0
15,leaf:Christianity#t3,This article covers the topic of Christianity.,rewrite,7876,234,1109,6133,0,1.0,0.9875,0.9937106918238994,400,0.9207459207459208,False,1.0,False,0.005768333998275921,0.9875,False,semreuse-gt+proxy,20ng-sub7951,7951,0
16,union:electronics|hockey#u0,The document is about electronics or about hockey.,rewrite,4933,251,853,3429,0,1.0,0.99125,0.9956057752667922,800,0.907563025210084,False,0.9533417402269861,False,0.007890834007412195,0.99125,False,semreuse-gt+proxy,20ng-sub7951,7951,0
17,group:science#t2,The passage is related to science.,rewrite,6401,0,253,6148,0,1.0,1.0,1.0,1600,1.0,False,0.905,False,0.0018082500027958304,1.0,False,semreuse-gt+proxy,20ng-sub7951,7951,0
18,group:computers#t1,This text discusses computers.,rewrite,4517,1858,188,2071,0,1.0,0.989,0.9944695827048768,2000,0.9040219378427788,False,1.0,False,0.007130291982321069,0.989,False,semreuse-gt+proxy,20ng-sub7951,7951,0
19,union:Macintosh hardware|items for sale#u1,This text discusses either Macintosh hardware or items for sale.,rewrite,4587,425,751,3011,0,1.0,0.98375,0.9918084436042848,800,0.9059107358262968,False,0.9542566709021602,False,0.0074911249976139516,0.98375,False,semreuse-gt+proxy,20ng-sub7951,7951,0
20,group:motor vehicles#t3,This article covers the topic of motor vehicles.,rewrite,523,0,523,0,0,1.0,0.9975,0.9987484355444306,800,0.9220945083014048,False,0.9047619047619048,False,0.0022643330157734454,0.9975,False,semreuse-gt+proxy,20ng-sub7951,7951,0
21,group:sports#t3,This article covers the topic of sports.,rewrite,570,0,569,0,0,1.0,0.9975,0.9987484355444306,800,0.9211195928753181,False,0.9072681704260651,False,0.002753792010480538,0.9975,False,semreuse-gt+proxy,20ng-sub7951,7951,0
22,group:motor vehicles#t3,This article covers the topic of motor vehicles.,exact-hit,0,0,0,0,0,1.0,0.9975,0.9987484355444306,800,0.9220945083014048,False,0.9047619047619048,False,5.874986527487636e-06,0.9975,False,semreuse-gt+proxy,20ng-sub7951,7951,0
23,group:motor vehicles#t3,This article covers the topic of motor vehicles.,exact-hit,0,0,0,0,0,1.0,0.9975,0.9987484355444306,800,0.9220945083014048,False,0.9047619047619048,False,3.00002284348011e-06,0.9975,False,semreuse-gt+proxy,20ng-sub7951,7951,0
24,union:PC hardware|cryptography#u0,The document is about PC hardware or about cryptography.,rewrite,5273,777,655,3441,0,1.0,0.98625,0.9930774071743234,800,0.9381688466111772,False,1.0,False,0.007641042000614107,0.98625,False,semreuse-gt+proxy,20ng-sub7951,7951,0
25,leaf:political debate#t1,This text discusses political debate.,exact-hit,0,0,0,0,0,1.0,0.995,0.9974937343358395,400,0.943127962085308,False,1.0,False,1.3124983524903655e-05,0.995,False,semreuse-gt+proxy,20ng-sub7951,7951,0
26,union:Macintosh hardware|space exploration#u1,This text discusses either Macintosh hardware or space exploration.,rewrite,4063,719,745,2199,0,1.0,0.99125,0.9956057752667922,800,0.9242424242424242,False,1.0,False,0.007428499986417592,0.99125,False,semreuse-gt+proxy,20ng-sub7951,7951,0
27,leaf:baseball#t2,The passage is related to baseball.,rewrite,1333,0,934,0,0,1.0,0.995,0.9974937343358395,400,0.9234338747099768,False,1.0,False,0.0039764159882906824,0.995,False,semreuse-gt+proxy,20ng-sub7951,7951,0
28,group:computers#t0,The document is about computers.,rewrite,6009,0,199,5810,0,1.0,1.0,1.0,2000,1.0,False,0.905,False,0.0019382080063223839,1.0,False,semreuse-gt+proxy,20ng-sub7951,7951,0
29,leaf:baseball#t3,This article covers the topic of baseball.,rewrite,1066,0,1066,0,0,1.0,0.995,0.9974937343358395,400,0.9256410256410257,False,0.907035175879397,False,0.00207687501097098,0.995,False,semreuse-gt+proxy,20ng-sub7951,7951,0
30,leaf:electronics#t0,The document is about electronics.,rewrite,7938,0,972,6583,0,1.0,0.97,0.9847715736040609,400,0.9675810473815462,False,1.0,False,0.01359895899076946,0.97,False,semreuse-gt+proxy,20ng-sub7951,7951,0
31,union:PC hardware|items for sale#u1,This text discusses either PC hardware or items for sale.,rewrite,3745,417,795,2133,0,1.0,0.9925,0.9962358845671266,800,0.901307966706302,False,0.9546599496221663,False,0.007770041993353516,0.9925,False,semreuse-gt+proxy,20ng-sub7951,7951,0
32,union:computer graphics|motorcycles#u0,The document is about computer graphics or about motorcycles.,rewrite,5952,805,676,4071,0,1.0,0.99625,0.9981214777708203,800,0.9443127962085308,False,1.0,False,0.009266624983865768,0.99625,False,semreuse-gt+proxy,20ng-sub7951,7951,0
33,union:Macintosh hardware|electronics#u0,The document is about Macintosh hardware or about electronics.,rewrite,4926,315,766,3445,0,1.0,0.99375,0.9968652037617556,800,0.935881627620222,False,0.9547169811320755,False,0.00820933299837634,0.99375,False,semreuse-gt+proxy,20ng-sub7951,7951,0
34,group:computers#t1,This text discusses computers.,exact-hit,0,0,0,0,0,1.0,0.989,0.9944695827048768,2000,0.9040219378427788,False,1.0,False,1.2834003427997231e-05,0.989,False,semreuse-gt+proxy,20ng-sub7951,7951,0
35,group:religion#t1,This text discusses religion.,rewrite,406,0,404,0,0,1.0,0.9991311902693311,0.9995654063450673,1151,0.9204244031830239,False,0.9052173913043479,False,0.0030855000077281147,0.9991311902693311,False,semreuse-gt+proxy,20ng-sub7951,7951,0
36,group:computers#t0,The document is about computers.,exact-hit,0,0,0,0,0,1.0,1.0,1.0,2000,1.0,False,0.905,False,9.000010322779417e-06,1.0,False,semreuse-gt+proxy,20ng-sub7951,7951,0
37,union:Middle East affairs|items for sale#u1,This text discusses either Middle East affairs or items for sale.,rewrite,4232,294,720,2818,0,1.0,0.99375,0.9968652037617556,800,0.9301470588235294,False,0.9547169811320755,False,0.007921375014120713,0.99375,False,semreuse-gt+proxy,20ng-sub7951,7951,0
38,leaf:the Microsoft Windows operating system#t1,This text discusses the Microsoft Windows operating system.,rewrite,7667,351,1129,5787,0,1.0,0.985,0.9924433249370278,400,0.9120370370370371,False,1.0,False,0.006377374986186624,0.985,False,semreuse-gt+proxy,20ng-sub7951,7951,0
39,group:sports#t2,The passage is related to sports.,rewrite,579,0,577,1,0,1.0,0.9975,0.9987484355444306,800,0.9211195928753181,False,0.9072681704260651,False,0.0028317919932305813,0.9975,False,semreuse-gt+proxy,20ng-sub7951,7951,0
40,leaf:motorcycles#t0,The document is about motorcycles.,rewrite,7951,0,875,6679,0,1.0,1.0,1.0,400,1.0,False,1.0,False,0.0014507080195471644,1.0,False,semreuse-gt+proxy,20ng-sub7951,7951,0
41,group:motor vehicles#t0,The document is about motor vehicles.,exact-hit,0,0,0,0,0,1.0,0.9975,0.9987484355444306,800,0.9355216881594373,False,1.0,False,5.542009603232145e-06,0.9975,False,semreuse-gt+proxy,20ng-sub7951,7951,0
42,union:Christianity|political debate#u1,This text discusses either Christianity or political debate.,rewrite,4382,3620,362,0,0,1.0,1.0,1.0,800,0.9224904701397713,False,0.9075,False,0.004820792004466057,1.0,False,semreuse-gt+proxy,20ng-sub7951,7951,0
43,group:motor vehicles#t2,The passage is related to motor vehicles.,rewrite,523,0,522,0,0,1.0,0.99875,0.9993746091307067,800,0.9221938775510204,False,0.904881101376721,False,0.0023482090036850423,0.99875,False,semreuse-gt+proxy,20ng-sub7951,7951,0
44,leaf:motorcycles#t2,The passage is related to motorcycles.,rewrite,1154,0,1151,0,0,1.0,1.0,1.0,400,0.926208651399491,False,0.91,False,0.023704291990725324,1.0,False,semreuse-gt+proxy,20ng-sub7951,7951,0
45,group:motor vehicles#t1,This text discusses motor vehicles.,rewrite,523,0,522,0,0,1.0,0.99875,0.9993746091307067,800,0.9221938775510204,False,0.904881101376721,False,0.0023909169831313193,0.99875,False,semreuse-gt+proxy,20ng-sub7951,7951,0
46,group:religion#t0,The document is about religion.,exact-hit,0,0,0,0,0,1.0,0.9991311902693311,0.9995654063450673,1151,0.9204946996466431,False,0.9060869565217391,False,6.041984306648374e-06,0.9991311902693311,False,semreuse-gt+proxy,20ng-sub7951,7951,0
47,group:sports#t3,This article covers the topic of sports.,exact-hit,0,0,0,0,0,1.0,0.9975,0.9987484355444306,800,0.9211195928753181,False,0.9072681704260651,False,3.7080026231706142e-06,0.9975,False,semreuse-gt+proxy,20ng-sub7951,7951,0
48,union:Macintosh hardware|cars#u1,This text discusses either Macintosh hardware or cars.,rewrite,3530,663,821,1646,0,1.0,0.97875,0.9892608970309539,800,0.9299287410926366,False,1.0,False,0.006151458015665412,0.97875,False,semreuse-gt+proxy,20ng-sub7951,7951,0
49,leaf:computer graphics#t1,This text discusses computer graphics.,rewrite,6540,0,887,5261,0,1.0,1.0,1.0,400,0.9216589861751152,False,1.0,False,0.002025166992098093,1.0,False,semreuse-gt+proxy,20ng-sub7951,7951,0
50,union:atheism|hockey#u1,This text discusses either atheism or hockey.,rewrite,3156,188,926,1642,0,1.0,0.99625,0.9981214777708203,800,0.9245742092457421,False,0.9535759096612296,False,0.006625583017012104,0.99625,False,semreuse-gt+proxy,20ng-sub7951,7951,0
51,leaf:items for sale#t0,The document is about items for sale.,rewrite,1296,0,1296,0,0,1.0,0.9825,0.991172761664565,400,0.9272727272727272,False,0.9083969465648855,False,0.002041290979832411,0.9825,False,semreuse-gt+proxy,20ng-sub7951,7951,0
52,leaf:baseball#t0,The document is about baseball.,rewrite,7239,0,1161,6078,0,1.0,1.0,1.0,400,0.9143576826196473,False,0.9075,False,0.0019882500055246055,1.0,False,semreuse-gt+proxy,20ng-sub7951,7951,0
53,union:hockey|motorcycles#u0,The document is about hockey or about motorcycles.,rewrite,4371,3615,356,0,0,1.0,1.0,1.0,800,0.9224904701397713,False,0.9075,False,0.025761583994608372,1.0,False,semreuse-gt+proxy,20ng-sub7951,7951,0
54,group:politics#t0,The document is about politics.,rewrite,392,0,390,0,0,1.0,0.9966666666666667,0.9983305509181971,1200,0.9208510638297872,False,0.9046822742474916,False,0.0029532089829444885,0.9966666666666667,False,semreuse-gt+proxy,20ng-sub7951,7951,0
55,group:motor vehicles#t1,This text discusses motor vehicles.,exact-hit,0,0,0,0,0,1.0,0.99875,0.9993746091307067,800,0.9221938775510204,False,0.904881101376721,False,1.0917021427303553e-05,0.99875,False,semreuse-gt+proxy,20ng-sub7951,7951,0
56,leaf:atheism#t3,This article covers the topic of atheism.,rewrite,7600,0,877,6327,0,1.0,0.9975,0.9987484355444306,400,0.9322429906542056,False,1.0,False,0.02422970801126212,0.9975,False,semreuse-gt+proxy,20ng-sub7951,7951,0
57,union:atheism|gun control#u1,This text discusses either atheism or gun control.,rewrite,2238,317,784,737,0,1.0,0.98,0.98989898989899,800,0.9120879120879121,False,0.9528061224489796,False,0.007095290988218039,0.98,False,semreuse-gt+proxy,20ng-sub7951,7951,0
58,leaf:cars#t2,The passage is related to cars.,rewrite,7593,0,894,6310,0,1.0,0.9775,0.988621997471555,400,0.9030023094688222,False,1.0,False,0.018933165993075818,0.9775,False,semreuse-gt+proxy,20ng-sub7951,7951,0
59,group:sports#t2,The passage is related to sports.,exact-hit,0,0,0,0,0,1.0,0.9975,0.9987484355444306,800,0.9211195928753181,False,0.9072681704260651,False,7.541995728388429e-06,0.9975,False,semreuse-gt+proxy,20ng-sub7951,7951,0
60,group:motor vehicles#t2,The passage is related to motor vehicles.,exact-hit,0,0,0,0,0,1.0,0.99875,0.9993746091307067,800,0.9221938775510204,False,0.904881101376721,False,3.5840203054249287e-06,0.99875,False,semreuse-gt+proxy,20ng-sub7951,7951,0
61,group:computers#t0,The document is about computers.,exact-hit,0,0,0,0,0,1.0,1.0,1.0,2000,1.0,False,0.905,False,3.2919924706220627e-06,1.0,False,semreuse-gt+proxy,20ng-sub7951,7951,0
62,union:medicine|the Microsoft Windows operating system#u0,The document is about medicine or about the Microsoft Windows operating system.,rewrite,2206,236,814,756,0,1.0,0.98375,0.9918084436042848,800,0.9158536585365854,False,0.9542566709021602,False,0.007991167018190026,0.98375,False,semreuse-gt+proxy,20ng-sub7951,7951,0
63,union:baseball|items for sale#u0,The document is about baseball or about items for sale.,rewrite,4024,3216,406,2,0,1.0,1.0,1.0,800,0.9225888324873096,False,0.90875,False,0.005766415997641161,1.0,False,semreuse-gt+proxy,20ng-sub7951,7951,0
64,union:atheism|medicine#u1,This text discusses either atheism or medicine.,rewrite,3525,210,822,2093,0,1.0,0.99125,0.9956057752667922,800,0.9185905224787363,False,0.9533417402269861,False,0.007541541999671608,0.99125,False,semreuse-gt+proxy,20ng-sub7951,7951,0
65,union:hockey|the X Window System#u1,This text discusses either hockey or the X Window System.,rewrite,3140,232,839,1669,0,1.0,0.995,0.9974937343358395,800,0.9393564356435643,False,0.9535175879396985,False,0.006749166990630329,0.995,False,semreuse-gt+proxy,20ng-sub7951,7951,0
66,leaf:cryptography#t0,The document is about cryptography.,rewrite,1335,0,939,0,0,1.0,0.99,0.9949748743718593,400,0.9252336448598131,False,1.0,False,0.019504625000990927,0.99,False,semreuse-gt+proxy,20ng-sub7951,7951,0
67,leaf:motorcycles#t3,This article covers the topic of motorcycles.,rewrite,1154,0,1151,0,0,1.0,1.0,1.0,400,0.926208651399491,False,0.91,False,0.002567958988947794,1.0,False,semreuse-gt+proxy,20ng-sub7951,7951,0
68,leaf:hockey#t1,This text discusses hockey.,exact-hit,0,0,0,0,0,1.0,0.9975,0.9987484355444306,400,0.9388235294117647,False,1.0,False,8.417002391070127e-06,0.9975,False,semreuse-gt+proxy,20ng-sub7951,7951,0
69,leaf:baseball#t2,The passage is related to baseball.,exact-hit,0,0,0,0,0,1.0,0.995,0.9974937343358395,400,0.9234338747099768,False,1.0,False,3.583991201594472e-06,0.995,False,semreuse-gt+proxy,20ng-sub7951,7951,0
70,group:motor vehicles#t0,The document is about motor vehicles.,exact-hit,0,0,0,0,0,1.0,0.9975,0.9987484355444306,800,0.9355216881594373,False,1.0,False,3.1249946914613247e-06,0.9975,False,semreuse-gt+proxy,20ng-sub7951,7951,0
71,leaf:the Microsoft Windows operating system#t2,The passage is related to the Microsoft Windows operating system.,rewrite,1174,0,1171,0,0,1.0,0.985,0.9924433249370278,400,0.9250645994832042,False,0.9086294416243654,False,0.0021832080092281103,0.985,False,semreuse-gt+proxy,20ng-sub7951,7951,0
72,leaf:motorcycles#t2,The passage is related to motorcycles.,exact-hit,0,0,0,0,0,1.0,1.0,1.0,400,0.926208651399491,False,0.91,False,6.4159976318478584e-06,1.0,False,semreuse-gt+proxy,20ng-sub7951,7951,0
73,group:sports#t2,The passage is related to sports.,exact-hit,0,0,0,0,0,1.0,0.9975,0.9987484355444306,800,0.9211195928753181,False,0.9072681704260651,False,2.874992787837982e-06,0.9975,False,semreuse-gt+proxy,20ng-sub7951,7951,0
74,union:Macintosh hardware|electronics#u1,This text discusses either Macintosh hardware or electronics.,rewrite,524,0,524,0,0,1.0,0.99375,0.9968652037617556,800,0.9218950064020487,False,0.9056603773584906,False,0.0020857500203419477,0.99375,False,semreuse-gt+proxy,20ng-sub7951,7951,0
75,leaf:Christianity#t3,This article covers the topic of Christianity.,exact-hit,0,0,0,0,0,1.0,0.9875,0.9937106918238994,400,0.9207459207459208,False,1.0,False,6.290996680036187e-06,0.9875,False,semreuse-gt+proxy,20ng-sub7951,7951,0
76,group:sports#t2,The passage is related to sports.,exact-hit,0,0,0,0,0,1.0,0.9975,0.9987484355444306,800,0.9211195928753181,False,0.9072681704260651,False,2.2920139599591494e-06,0.9975,False,semreuse-gt+proxy,20ng-sub7951,7951,0
77,leaf:religious debate#t3,This article covers the topic of religious debate.,rewrite,1214,0,1205,0,0,1.0,1.0,1.0,351,0.9248554913294798,False,0.9116809116809117,False,0.012492875015595928,1.0,False,semreuse-gt+proxy,20ng-sub7951,7951,0
78,union:atheism|baseball#u1,This text discusses either atheism or baseball.,rewrite,4024,3216,406,2,0,1.0,1.0,1.0,800,0.9224904701397713,False,0.9075,False,0.0030257920152507722,1.0,False,semreuse-gt+proxy,20ng-sub7951,7951,0
79,leaf:items for sale#t2,The passage is related to items for sale.,rewrite,7589,0,1296,6293,0,1.0,0.9875,0.9937106918238994,400,0.9862637362637363,False,0.9088607594936708,False,0.0017692919936962426,0.9875,False,semreuse-gt+proxy,20ng-sub7951,7951,0
80,union:Macintosh hardware|religious debate#u0,The document is about Macintosh hardware or about religious debate.,rewrite,2378,361,810,807,0,1.0,0.9866844207723036,0.9932975871313673,751,0.9113110539845758,False,0.9568151147098516,False,0.006655625009443611,0.9866844207723036,False,semreuse-gt+proxy,20ng-sub7951,7951,0
81,group:motor vehicles#t1,This text discusses motor vehicles.,exact-hit,0,0,0,0,0,1.0,0.99875,0.9993746091307067,800,0.9221938775510204,False,0.904881101376721,False,1.1957978131249547e-05,0.99875,False,semreuse-gt+proxy,20ng-sub7951,7951,0
82,leaf:cars#t0,The document is about cars.,rewrite,7598,0,1181,6415,0,1.0,1.0,1.0,400,1.0,False,0.91,False,0.018743791995802894,1.0,False,semreuse-gt+proxy,20ng-sub7951,7951,0
83,leaf:PC hardware#t0,The document is about PC hardware.,rewrite,7589,0,970,6235,0,1.0,0.975,0.9873417721518987,400,0.9219858156028369,False,1.0,False,0.01756591600133106,0.975,False,semreuse-gt+proxy,20ng-sub7951,7951,0
84,group:religion#t2,The passage is related to religion.,rewrite,406,0,404,0,0,1.0,0.9991311902693311,0.9995654063450673,1151,0.9204244031830239,False,0.9052173913043479,False,0.0029948749870527536,0.9991311902693311,False,semreuse-gt+proxy,20ng-sub7951,7951,0
85,union:Christianity|hockey#u0,The document is about Christianity or about hockey.,rewrite,3654,2820,434,0,0,1.0,1.0,1.0,800,0.9224904701397713,False,0.9075,False,0.019002583983819932,1.0,False,semreuse-gt+proxy,20ng-sub7951,7951,0
86,group:religion#t0,The document is about religion.,exact-hit,0,0,0,0,0,1.0,0.9991311902693311,0.9995654063450673,1151,0.9204946996466431,False,0.9060869565217391,False,1.3665994629263878e-05,0.9991311902693311,False,semreuse-gt+proxy,20ng-sub7951,7951,0
87,union:atheism|computer graphics#u1,This text discusses either atheism or computer graphics.,rewrite,4384,3623,361,0,0,1.0,1.0,1.0,800,0.9224904701397713,False,0.9075,False,0.002839499997207895,1.0,False,semreuse-gt+proxy,20ng-sub7951,7951,0
88,union:motorcycles|political debate#u1,This text discusses either motorcycles or political debate.,rewrite,4387,3620,367,0,0,1.0,1.0,1.0,800,0.9224904701397713,False,0.9075,False,0.00315091700758785,1.0,False,semreuse-gt+proxy,20ng-sub7951,7951,0
89,group:motor vehicles#t0,The document is about motor vehicles.,exact-hit,0,0,0,0,0,1.0,0.9975,0.9987484355444306,800,0.9355216881594373,False,1.0,False,1.0082992957904935e-05,0.9975,False,semreuse-gt+proxy,20ng-sub7951,7951,0
90,union:PC hardware|political debate#u0,The document is about PC hardware or about political debate.,rewrite,4755,4024,331,0,0,1.0,1.0,1.0,800,0.9225888324873096,False,0.90875,False,0.005287542007863522,1.0,False,semreuse-gt+proxy,20ng-sub7951,7951,0
91,leaf:Macintosh hardware#t0,The document is about Macintosh hardware.,rewrite,7600,0,1115,6108,0,1.0,0.9725,0.9860583016476552,400,0.9284009546539379,False,1.0,False,0.017143959004897624,0.9725,False,semreuse-gt+proxy,20ng-sub7951,7951,0
92,leaf:items for sale#t1,This text discusses items for sale.,rewrite,1238,0,1236,0,0,1.0,0.99,0.9949748743718593,400,0.9,False,0.9090909090909091,False,0.002589916985016316,0.99,False,semreuse-gt+proxy,20ng-sub7951,7951,0
93,leaf:the Microsoft Windows operating system#t0,The document is about the Microsoft Windows operating system.,rewrite,1078,0,1075,0,0,1.0,0.985,0.9924433249370278,400,0.9250645994832042,False,0.9086294416243654,False,0.002198415983002633,0.985,False,semreuse-gt+proxy,20ng-sub7951,7951,0
94,leaf:the Microsoft Windows operating system#t1,This text discusses the Microsoft Windows operating system.,exact-hit,0,0,0,0,0,1.0,0.985,0.9924433249370278,400,0.9120370370370371,False,1.0,False,5.958019755780697e-06,0.985,False,semreuse-gt+proxy,20ng-sub7951,7951,0
95,group:computers#t3,This article covers the topic of computers.,rewrite,436,0,414,0,0,1.0,1.0,1.0,2000,0.9196563921172309,False,0.91,False,0.055756667017703876,1.0,False,semreuse-gt+proxy,20ng-sub7951,7951,0
96,leaf:PC hardware#t1,This text discusses PC hardware.,rewrite,7603,0,1181,6416,0,1.0,1.0,1.0,400,1.0,False,0.9125,False,0.021371584007283673,1.0,False,semreuse-gt+proxy,20ng-sub7951,7951,0
97,leaf:cars#t2,The passage is related to cars.,exact-hit,0,0,0,0,0,1.0,0.9775,0.988621997471555,400,0.9030023094688222,False,1.0,False,1.2958014849573374e-05,0.9775,False,semreuse-gt+proxy,20ng-sub7951,7951,0
98,union:Christianity|items for sale#u0,The document is about Christianity or about items for sale.,rewrite,4031,3218,412,1,0,1.0,1.0,1.0,800,0.9226869455006337,False,0.91,False,0.005683374998625368,1.0,False,semreuse-gt+proxy,20ng-sub7951,7951,0
99,group:politics#t2,The passage is related to politics.,rewrite,392,0,390,0,0,1.0,0.9966666666666667,0.9983305509181971,1200,0.9208510638297872,False,0.9046822742474916,False,0.003133083984721452,0.9966666666666667,False,semreuse-gt+proxy,20ng-sub7951,7951,0
100,leaf:gun control#t2,The passage is related to gun control.,rewrite,7942,0,975,6585,0,1.0,0.9775,0.988621997471555,400,0.9775,False,1.0,False,0.009611999994376674,0.9775,False,semreuse-gt+proxy,20ng-sub7951,7951,0
101,union:Middle East affairs|items for sale#u1,This text discusses either Middle East affairs or items for sale.,exact-hit,0,0,0,0,0,1.0,0.99375,0.9968652037617556,800,0.9301470588235294,False,0.9547169811320755,False,7.583992555737495e-06,0.99375,False,semreuse-gt+proxy,20ng-sub7951,7951,0
102,leaf:computer graphics#t3,This article covers the topic of computer graphics.,rewrite,1065,0,1057,0,0,1.0,1.0,1.0,400,0.9238578680203046,False,0.91,False,0.002309250005055219,1.0,False,semreuse-gt+proxy,20ng-sub7951,7951,0
103,leaf:religious debate#t3,This article covers the topic of religious debate.,exact-hit,0,0,0,0,0,1.0,1.0,1.0,351,0.9248554913294798,False,0.9116809116809117,False,6.458983989432454e-06,1.0,False,semreuse-gt+proxy,20ng-sub7951,7951,0
104,leaf:atheism#t3,This article covers the topic of atheism.,exact-hit,0,0,0,0,0,1.0,0.9975,0.9987484355444306,400,0.9322429906542056,False,1.0,False,4.5000051613897085e-06,0.9975,False,semreuse-gt+proxy,20ng-sub7951,7951,0
105,group:religion#t1,This text discusses religion.,exact-hit,0,0,0,0,0,1.0,0.9991311902693311,0.9995654063450673,1151,0.9204244031830239,False,0.9052173913043479,False,3.1249946914613247e-06,0.9991311902693311,False,semreuse-gt+proxy,20ng-sub7951,7951,0
106,union:hockey|items for sale#u0,The document is about hockey or about items for sale.,rewrite,3660,2818,441,1,0,1.0,1.0,1.0,800,0.9225888324873096,False,0.90875,False,0.002903667016653344,1.0,False,semreuse-gt+proxy,20ng-sub7951,7951,0
107,group:motor vehicles#t0,The document is about motor vehicles.,exact-hit,0,0,0,0,0,1.0,0.9975,0.9987484355444306,800,0.9355216881594373,False,1.0,False,7.708003977313638e-06,0.9975,False,semreuse-gt+proxy,20ng-sub7951,7951,0
108,union:space exploration|the Microsoft Windows operating system#u1,This text discusses either space exploration or the Microsoft Windows operating system.,rewrite,2412,237,858,917,0,1.0,0.9775,0.988621997471555,800,0.9020556227327691,False,0.9539641943734015,False,0.0068432090047281235,0.9775,False,semreuse-gt+proxy,20ng-sub7951,7951,0
109,group:sports#t2,The passage is related to sports.,exact-hit,0,0,0,0,0,1.0,0.9975,0.9987484355444306,800,0.9211195928753181,False,0.9072681704260651,False,1.5541008906438947e-05,0.9975,False,semreuse-gt+proxy,20ng-sub7951,7951,0
110,group:sports#t1,This text discusses sports.,exact-hit,0,0,0,0,0,1.0,0.99625,0.9981214777708203,800,0.9299883313885647,False,1.0,False,5.459005478769541e-06,0.99625,False,semreuse-gt+proxy,20ng-sub7951,7951,0
111,leaf:atheism#t3,This article covers the topic of atheism.,exact-hit,0,0,0,0,0,1.0,0.9975,0.9987484355444306,400,0.9322429906542056,False,1.0,False,3.209017449989915e-06,0.9975,False,semreuse-gt+proxy,20ng-sub7951,7951,0
112,leaf:Middle East affairs#t2,The passage is related to Middle East affairs.,rewrite,1269,0,870,0,0,1.0,0.9975,0.9987484355444306,400,0.9236111111111112,False,1.0,False,0.0020654999825637788,0.9975,False,semreuse-gt+proxy,20ng-sub7951,7951,0
113,union:Macintosh hardware|motorcycles#u1,This text discusses either Macintosh hardware or motorcycles.,rewrite,4745,4019,326,0,0,1.0,1.0,1.0,800,0.9225888324873096,False,0.90875,False,0.006354375014780089,1.0,False,semreuse-gt+proxy,20ng-sub7951,7951,0
114,union:political debate|religious debate#u0,The document is about political debate or about religious debate.,rewrite,4766,4020,346,0,0,1.0,1.0,1.0,751,0.9228687415426252,False,0.9081225033288948,False,0.00864991600974463,1.0,False,semreuse-gt+proxy,20ng-sub7951,7951,0
115,leaf:gun control#t3,This article covers the topic of gun control.,rewrite,7597,0,1246,6342,0,1.0,0.98,0.98989898989899,400,0.9780821917808219,False,0.9107142857142857,False,0.00836058400454931,0.98,False,semreuse-gt+proxy,20ng-sub7951,7951,0
116,leaf:medicine#t2,The passage is related to medicine.,rewrite,7942,0,1008,6546,0,1.0,0.9775,0.988621997471555,400,0.9775,False,1.0,False,0.008318000007420778,0.9775,False,semreuse-gt+proxy,20ng-sub7951,7951,0
117,group:politics#t1,This text discusses politics.,exact-hit,0,0,0,0,0,1.0,0.995,0.9974937343358395,1200,0.9284603421461898,False,1.0,False,8.58298153616488e-06,0.995,False,semreuse-gt+proxy,20ng-sub7951,7951,0
118,group:science#t2,The passage is related to science.,exact-hit,0,0,0,0,0,1.0,1.0,1.0,1600,1.0,False,0.905,False,3.875000402331352e-06,1.0,False,semreuse-gt+proxy,20ng-sub7951,7951,0
119,group:religion#t0,The document is about religion.,exact-hit,0,0,0,0,0,1.0,0.9991311902693311,0.9995654063450673,1151,0.9204946996466431,False,0.9060869565217391,False,3.2919924706220627e-06,0.9991311902693311,False,semreuse-gt+proxy,20ng-sub7951,7951,0
