query_index,predicate_name,predicate_text,reuse_kind,oracle_calls,candidate_calls,audit_calls,escalation_calls,nli_pair_scores,precision,recall,f1,n_true_pos_rows,recall_bound,bound_violated,precision_bound,precision_bound_violated,latency_s,recall_oracle,bound_violated_oracle,method,corpus,n_rows,seed
0,leaf:sports#t0,The document is about sports.,cold,8000,8000,0,0,0,1.0,1.0,1.0,2000,,,,,0.00015241600340232253,1.0,,cold,agnews,8000,0
1,union:business and finance|science and technology#u0,The document is about business and finance or about science and technology.,cold,8000,8000,0,0,0,1.0,1.0,1.0,4000,,,,,0.0001816249859984964,1.0,,cold,agnews,8000,0
2,leaf:business and finance#t2,The passage is related to business and finance.,cold,8000,8000,0,0,0,1.0,1.0,1.0,2000,,,,,9.766698349267244e-05,1.0,,cold,agnews,8000,0
3,union:science and technology|world news#u0,The document is about science and technology or about world news.,cold,8000,8000,0,0,0,1.0,1.0,1.0,4000,,,,,0.00018333300249651074,1.0,,cold,agnews,8000,0
4,leaf:world news#t0,The document is about world news.,cold,8000,8000,0,0,0,1.0,1.0,1.0,2000,,,,,0.00010354100959375501,1.0,,cold,agnews,8000,0
5,union:business and finance|world news#u1,This text discusses either business and finance or world news.,cold,8000,8000,0,0,0,1.0,1.0,1.0,4000,,,,,0.00019458401948213577,1.0,,cold,agnews,8000,0
6,leaf:sports#t1,This text discusses sports.,cold,8000,8000,0,0,0,1.0,1.0,1.0,2000,,,,,0.0001221249985974282,1.0,,cold,agnews,8000,0
7,leaf:sports#t0,The document is about sports.,cold,8000,8000,0,0,0,1.0,1.0,1.0,2000,,,,,0.0001295830006711185,1.0,,cold,agnews,8000,0
8,leaf:business and finance#t2,The passage is related to business and finance.,cold,8000,8000,0,0,0,1.0,1.0,1.0,2000,,,,,0.00010500001371838152,1.0,,cold,agnews,8000,0
9,leaf:world news#t3,This article covers the topic of world news.,cold,8000,8000,0,0,0,1.0,1.0,1.0,2000,,,,,0.00013408297672867775,1.0,,cold,agnews,8000,0
10,leaf:world news#t2,The passage is related to world news.,cold,8000,8000,0,0,0,1.0,1.0,1.0,2000,,,,,0.00010387500515207648,1.0,,cold,agnews,8000,0
11,leaf:science and technology#t2,The passage is related to science and technology.,cold,8000,8000,0,0,0,1.0,1.0,1.0,2000,,,,,9.962500189431012e-05,1.0,,cold,agnews,8000,0
12,union:science and technology|sports#u0,The document is about science and technology or about sports.,cold,8000,8000,0,0,0,1.0,1.0,1.0,4000,,,,,0.00019416699069552124,1.0,,cold,agnews,8000,0
13,leaf:science and technology#t1,This text discusses science and technology.,cold,8000,8000,0,0,0,1.0,1.0,1.0,2000,,,,,9.733298793435097e-05,1.0,,cold,agnews,8000,0
14,leaf:world news#t2,The passage is related to world news.,cold,8000,8000,0,0,0,1.0,1.0,1.0,2000,,,,,0.00010254100197926164,1.0,,cold,agnews,8000,0
15,leaf:business and finance#t3,This article covers the topic of business and finance.,cold,8000,8000,0,0,0,1.0,1.0,1.0,2000,,,,,9.683301323093474e-05,1.0,,cold,agnews,8000,0
16,union:business and finance|sports#u0,The document is about business and finance or about sports.,cold,8000,8000,0,0,0,1.0,1.0,1.0,4000,,,,,0.0001922499795909971,1.0,,cold,agnews,8000,0
17,union:business and finance|science and technology#u1,This text discusses either business and finance or science and technology.,cold,8000,8000,0,0,0,1.0,1.0,1.0,4000,,,,,0.00017350001144222915,1.0,,cold,agnews,8000,0
18,leaf:world news#t1,This text discusses world news.,cold,8000,8000,0,0,0,1.0,1.0,1.0,2000,,,,,0.00010241701966151595,1.0,,cold,agnews,8000,0
19,leaf:science and technology#t3,This article covers the topic of science and technology.,cold,8000,8000,0,0,0,1.0,1.0,1.0,2000,,,,,9.537499863654375e-05,1.0,,cold,agnews,8000,0
20,leaf:world news#t1,This text discusses world news.,cold,8000,8000,0,0,0,1.0,1.0,1.0,2000,,,,,9.937499999068677e-05,1.0,,cold,agnews,8000,0
21,leaf:world news#t2,The passage is related to world news.,cold,8000,8000,0,0,0,1.0,1.0,1.0,2000,,,,,9.929199586622417e-05,1.0,,cold,agnews,8000,0
22,union:business and finance|science and technology#u1,This text discusses either business and finance or science and technology.,cold,8000,8000,0,0,0,1.0,1.0,1.0,4000,,,,,0.00018775000353343785,1.0,,cold,agnews,8000,0
23,leaf:world news#t0,The document is about world news.,cold,8000,8000,0,0,0,1.0,1.0,1.0,2000,,,,,9.81659977696836e-05,1.0,,cold,agnews,8000,0
24,union:business and finance|sports#u0,The document is about business and finance or about sports.,cold,8000,8000,0,0,0,1.0,1.0,1.0,4000,,,,,0.0001934999891091138,1.0,,cold,agnews,8000,0
25,leaf:sports#t1,This text discusses sports.,cold,8000,8000,0,0,0,1.0,1.0,1.0,2000,,,,,0.00011908300803042948,1.0,,cold,agnews,8000,0
26,leaf:science and technology#t3,This article covers the topic of science and technology.,cold,8000,8000,0,0,0,1.0,1.0,1.0,2000,,,,,9.608399705030024e-05,1.0,,cold,agnews,8000,0
27,leaf:world news#t1,This text discusses world news.,cold,8000,8000,0,0,0,1.0,1.0,1.0,2000,,,,,0.0001003340003080666,1.0,,cold,agnews,8000,0
28,leaf:sports#t1,This text discusses sports.,cold,8000,8000,0,0,0,1.0,1.0,1.0,2000,,,,,0.00011649998486973345,1.0,,cold,agnews,8000,0
29,leaf:science and technology#t3,This article covers the topic of science and technology.,cold,8000,8000,0,0,0,1.0,1.0,1.0,2000,,,,,9.650000720284879e-05,1.0,,cold,agnews,8000,0
30,union:science and technology|world news#u1,This text discusses either science and technology or world news.,cold,8000,8000,0,0,0,1.0,1.0,1.0,4000,,,,,0.00017729098908603191,1.0,,cold,agnews,8000,0
31,union:sports|world news#u1,This text discusses either sports or world news.,cold,8000,8000,0,0,0,1.0,1.0,1.0,4000,,,,,0.0002047909947577864,1.0,,cold,agnews,8000,0
32,union:business and finance|science and technology#u0,The document is about business and finance or about science and technology.,cold,8000,8000,0,0,0,1.0,1.0,1.0,4000,,,,,0.00017924999701790512,1.0,,cold,agnews,8000,0
33,leaf:business and finance#t3,This article covers the topic of business and finance.,cold,8000,8000,0,0,0,1.0,1.0,1.0,2000,,,,,9.370798943564296e-05,1.0,,cold,agnews,8000,0
34,union:business and finance|world news#u0,The document is about business and finance or about world news.,cold,8000,8000,0,0,0,1.0,1.0,1.0,4000,,,,,0.0001796669967006892,1.0,,cold,agnews,8000,0
35,leaf:world news#t2,The passage is related to world news.,cold,8000,8000,0,0,0,1.0,1.0,1.0,2000,,,,,9.995899745263159e-05,1.0,,cold,agnews,8000,0
36,leaf:science and technology#t0,The document is about science and technology.,cold,8000,8000,0,0,0,1.0,1.0,1.0,2000,,,,,9.716697968542576e-05,1.0,,cold,agnews,8000,0
37,leaf:science and technology#t0,The document is about science and technology.,cold,8000,8000,0,0,0,1.0,1.0,1.0,2000,,,,,9.39579913392663e-05,1.0,,cold,agnews,8000,0
38,leaf:business and finance#t3,This article covers the topic of business and finance.,cold,8000,8000,0,0,0,1.0,1.0,1.0,2000,,,,,9.616700117476285e-05,1.0,,cold,agnews,8000,0
39,union:business and finance|science and technology#u0,The document is about business and finance or about science and technology.,cold,8000,8000,0,0,0,1.0,1.0,1.0,4000,,,,,0.00017283399938605726,1.0,,cold,agnews,8000,0
40,leaf:science and technology#t1,This text discusses science and technology.,cold,8000,8000,0,0,0,1.0,1.0,1.0,2000,,,,,9.59169992711395e-05,1.0,,cold,agnews,8000,0
41,leaf:sports#t2,The passage is related to sports.,cold,8000,8000,0,0,0,1.0,1.0,1.0,2000,,,,,0.00011783299851231277,1.0,,cold,agnews,8000,0
42,leaf:science and technology#t3,This article covers the topic of science and technology.,cold,8000,8000,0,0,0,1.0,1.0,1.0,2000,,,,,9.404198499396443e-05,1.0,,cold,agnews,8000,0
43,leaf:science and technology#t1,This text discusses science and technology.,cold,8000,8000,0,0,0,1.0,1.0,1.0,2000,,,,,9.558300371281803e-05,1.0,,cold,agnews,8000,0
44,leaf:business and finance#t3,This article covers the topic of business and finance.,cold,8000,8000,0,0,0,1.0,1.0,1.0,2000,,,,,9.408299229107797e-05,1.0,,cold,agnews,8000,0
45,union:science and technology|sports#u0,The document is about science and technology or about sports.,cold,8000,8000,0,0,0,1.0,1.0,1.0,4000,,,,,0.00019729099585674703,1.0,,cold,agnews,8000,0
46,leaf:business and finance#t3,This article covers the topic of business and finance.,cold,8000,8000,0,0,0,1.0,1.0,1.0,2000,,,,,9.458299609832466e-05,1.0,,cold,agnews,8000,0
47,union:science and technology|world news#u1,This text discusses either science and technology or world news.,cold,8000,8000,0,0,0,1.0,1.0,1.0,4000,,,,,0.00017912499606609344,1.0,,cold,agnews,8000,0
48,union:science and technology|sports#u0,The document is about science and technology or about sports.,cold,8000,8000,0,0,0,1.0,1.0,1.0,4000,,,,,0.00020183398737572134,1.0,,cold,agnews,8000,0
49,leaf:science and technology#t3,This article covers the topic of science and technology.,cold,8000,8000,0,0,0,1.0,1.0,1.0,2000,,,,,9.666700498200953e-05,1.0,,cold,agnews,8000,0
50,leaf:sports#t0,The document is about sports.,cold,8000,8000,0,0,0,1.0,1.0,1.0,2000,,,,,0.00011262501357123256,1.0,,cold,agnews,8000,0
51,leaf:world news#t2,The passage is related to world news.,cold,8000,8000,0,0,0,1.0,1.0,1.0,2000,,,,,0.00010112498421221972,1.0,,cold,agnews,8000,0
52,leaf:business and finance#t3,This article covers the topic of business and finance.,cold,8000,8000,0,0,0,1.0,1.0,1.0,2000,,,,,9.554100688546896e-05,1.0,,cold,agnews,8000,0
53,leaf:business and finance#t0,The document is about business and finance.,cold,8000,8000,0,0,0,1.0,1.0,1.0,2000,,,,,0.00010116599150933325,1.0,,cold,agnews,8000,0
54,union:science and technology|world news#u0,The document is about science and technology or about world news.,cold,8000,8000,0,0,0,1.0,1.0,1.0,4000,,,,,0.00018154201097786427,1.0,,cold,agnews,8000,0
55,leaf:sports#t1,This text discusses sports.,cold,8000,8000,0,0,0,1.0,1.0,1.0,2000,,,,,0.00011495800572447479,1.0,,cold,agnews,8000,0
56,leaf:science and technology#t3,This article covers the topic of science and technology.,cold,8000,8000,0,0,0,1.0,1.0,1.0,2000,,,,,9.541699546389282e-05,1.0,,cold,agnews,8000,0
57,leaf:business and finance#t3,This article covers the topic of business and finance.,cold,8000,8000,0,0,0,1.0,1.0,1.0,2000,,,,,9.575000149197876e-05,1.0,,cold,agnews,8000,0
58,union:sports|world news#u1,This text discusses either sports or world news.,cold,8000,8000,0,0,0,1.0,1.0,1.0,4000,,,,,0.00025462498888373375,1.0,,cold,agnews,8000,0
59,union:business and finance|world news#u1,This text discusses either business and finance or world news.,cold,8000,8000,0,0,0,1.0,1.0,1.0,4000,,,,,0.00019870797405019403,1.0,,cold,agnews,8000,0
60,leaf:science and technology#t3,This article covers the topic of science and technology.,cold,8000,8000,0,0,0,1.0,1.0,1.0,2000,,,,,0.00010254202061332762,1.0,,cold,agnews,8000,0
61,leaf:business and finance#t2,The passage is related to business and finance.,cold,8000,8000,0,0,0,1.0,1.0,1.0,2000,,,,,0.00010050000855699182,1.0,,cold,agnews,8000,0
62,union:science and technology|sports#u0,The document is about science and technology or about sports.,cold,8000,8000,0,0,0,1.0,1.0,1.0,4000,,,,,0.00020149999181739986,1.0,,cold,agnews,8000,0
63,leaf:business and finance#t2,The passage is related to business and finance.,cold,8000,8000,0,0,0,1.0,1.0,1.0,2000,,,,,9.929199586622417e-05,1.0,,cold,agnews,8000,0
64,leaf:sports#t2,The passage is related to sports.,cold,8000,8000,0,0,0,1.0,1.0,1.0,2000,,,,,0.00011583301238715649,1.0,,cold,agnews,8000,0
65,leaf:sports#t2,The passage is related to sports.,cold,8000,8000,0,0,0,1.0,1.0,1.0,2000,,,,,0.00011649998486973345,1.0,,cold,agnews,8000,0
66,leaf:sports#t3,This article covers the topic of sports.,cold,8000,8000,0,0,0,1.0,1.0,1.0,2000,,,,,0.00011720799375325441,1.0,,cold,agnews,8000,0
67,leaf:sports#t0,The document is about sports.,cold,8000,8000,0,0,0,1.0,1.0,1.0,2000,,,,,0.00011449999874457717,1.0,,cold,agnews,8000,0
68,leaf:business and finance#t2,The passage is related to business and finance.,cold,8000,8000,0,0,0,1.0,1.0,1.0,2000,,,,,9.954199776984751e-05,1.0,,cold,agnews,8000,0
69,leaf:sports#t0,The document is about sports.,cold,8000,8000,0,0,0,1.0,1.0,1.0,2000,,,,,0.00011575000826269388,1.0,,cold,agnews,8000,0
70,leaf:science and technology#t0,The document is about science and technology.,cold,8000,8000,0,0,0,1.0,1.0,1.0,2000,,,,,9.595899609848857e-05,1.0,,cold,agnews,8000,0
71,leaf:sports#t2,The passage is related to sports.,cold,8000,8000,0,0,0,1.0,1.0,1.0,2000,,,,,0.00011350002023391426,1.0,,cold,agnews,8000,0
72,leaf:sports#t3,This article covers the topic of sports.,cold,8000,8000,0,0,0,1.0,1.0,1.0,2000,,,,,0.00011745799565687776,1.0,,cold,agnews,8000,0
73,union:sports|world news#u0,The document is about sports or about world news.,cold,8000,8000,0,0,0,1.0,1.0,1.0,4000,,,,,0.0001960420049726963,1.0,,cold,agnews,8000,0
74,leaf:business and finance#t0,The document is about business and finance.,cold,8000,8000,0,0,0,1.0,1.0,1.0,2000,,,,,9.962500189431012e-05,1.0,,cold,agnews,8000,0
75,leaf:science and technology#t2,The passage is related to science and technology.,cold,8000,8000,0,0,0,1.0,1.0,1.0,2000,,,,,9.754099301062524e-05,1.0,,cold,agnews,8000,0
76,leaf:science and technology#t2,The passage is related to science and technology.,cold,8000,8000,0,0,0,1.0,1.0,1.0,2000,,,,,9.695798507891595e-05,1.0,,cold,agnews,8000,0
77,leaf:sports#t1,This text discusses sports.,cold,8000,8000,0,0,0,1.0,1.0,1.0,2000,,,,,0.00011616700794547796,1.0,,cold,agnews,8000,0
78,leaf:world news#t0,The document is about world news.,cold,8000,8000,0,0,0,1.0,1.0,1.0,2000,,,,,0.00010137501521967351,1.0,,cold,agnews,8000,0
79,leaf:business and finance#t3,This article covers the topic of business and finance.,cold,8000,8000,0,0,0,1.0,1.0,1.0,2000,,,,,9.024998871609569e-05,1.0,,cold,agnews,8000,0
80,union:business and finance|science and technology#u1,This text discusses either business and finance or science and technology.,cold,8000,8000,0,0,0,1.0,1.0,1.0,4000,,,,,0.00016733401571400464,1.0,,cold,agnews,8000,0
81,union:science and technology|sports#u0,The document is about science and technology or about sports.,cold,8000,8000,0,0,0,1.0,1.0,1.0,4000,,,,,0.00018595799338072538,1.0,,cold,agnews,8000,0
82,union:science and technology|sports#u1,This text discusses either science and technology or sports.,cold,8000,8000,0,0,0,1.0,1.0,1.0,4000,,,,,0.00018641698989085853,1.0,,cold,agnews,8000,0
83,leaf:sports#t3,This article covers the topic of sports.,cold,8000,8000,0,0,0,1.0,1.0,1.0,2000,,,,,0.0001099579967558384,1.0,,cold,agnews,8000,0
84,leaf:science and technology#t3,This article covers the topic of science and technology.,cold,8000,8000,0,0,0,1.0,1.0,1.0,2000,,,,,9.124999633058906e-05,1.0,,cold,agnews,8000,0
85,union:science and technology|sports#u0,The document is about science and technology or about sports.,cold,8000,8000,0,0,0,1.0,1.0,1.0,4000,,,,,0.00019429100211709738,1.0,,cold,agnews,8000,0
86,leaf:sports#t2,The passage is related to sports.,cold,8000,8000,0,0,0,1.0,1.0,1.0,2000,,,,,9.716700878925622e-05,1.0,,cold,agnews,8000,0
87,leaf:science and technology#t1,This text discusses science and technology.,cold,8000,8000,0,0,0,1.0,1.0,1.0,2000,,,,,9.104199125431478e-05,1.0,,cold,agnews,8000,0
88,leaf:business and finance#t1,This text discusses business and finance.,cold,8000,8000,0,0,0,1.0,1.0,1.0,2000,,,,,9.104199125431478e-05,1.0,,cold,agnews,8000,0
89,leaf:sports#t0,The document is about sports.,cold,8000,8000,0,0,0,1.0,1.0,1.0,2000,,,,,0.00010783399920910597,1.0,,cold,agnews,8000,0
90,union:business and finance|world news#u0,The document is about business and finance or about world news.,cold,8000,8000,0,0,0,1.0,1.0,1.0,4000,,,,,0.00017220797599293292,1.0,,cold,agnews,8000,0
91,union:business and finance|world news#u0,The document is about business and finance or about world news.,cold,8000,8000,0,0,0,1.0,1.0,1.0,4000,,,,,0.00017029201262630522,1.0,,cold,agnews,8000,0
92,leaf:sports#t3,This article covers the topic of sports.,cold,8000,8000,0,0,0,1.0,1.0,1.0,2000,,,,,0.00010541698429733515,1.0,,cold,agnews,8000,0
93,leaf:science and technology#t3,This article covers the topic of science and technology.,cold,8000,8000,0,0,0,1.0,1.0,1.0,2000,,,,,9.291700553148985e-05,1.0,,cold,agnews,8000,0
94,leaf:sports#t3,This article covers the topic of sports.,cold,8000,8000,0,0,0,1.0,1.0,1.0,2000,,,,,0.00010833298438228667,1.0,,cold,agnews,8000,0
95,leaf:sports#t2,The passage is related to sports.,cold,8000,8000,0,0,0,1.0,1.0,1.0,2000,,,,,0.00010804101475514472,1.0,,cold,agnews,8000,0
96,leaf:business and finance#t2,The passage is related to business and finance.,cold,8000,8000,0,0,0,1.0,1.0,1.0,2000,,,,,9.262500680051744e-05,1.0,,cold,agnews,8000,0
97,leaf:sports#t0,The document is about sports.,cold,8000,8000,0,0,0,1.0,1.0,1.0,2000,,,,,0.00010791700333356857,1.0,,cold,agnews,8000,0
98,leaf:sports#t1,This text discusses sports.,cold,8000,8000,0,0,0,1.0,1.0,1.0,2000,,,,,0.00010879200999625027,1.0,,cold,agnews,8000,0
99,leaf:science and technology#t3,This article covers the topic of science and technology.,cold,8000,8000,0,0,0,1.0,1.0,1.0,2000,,,,,9.262500680051744e-05,1.0,,cold,agnews,8000,0
100,leaf:science and technology#t3,This article covers the topic of science and technology.,cold,8000,8000,0,0,0,1.0,1.0,1.0,2000,,,,,9.241601219400764e-05,1.0,,cold,agnews,8000,0
101,leaf:world news#t2,The passage is related to world news.,cold,8000,8000,0,0,0,1.0,1.0,1.0,2000,,,,,9.341700933873653e-05,1.0,,cold,agnews,8000,0
102,union:science and technology|world news#u1,This text discusses either science and technology or world news.,cold,8000,8000,0,0,0,1.0,1.0,1.0,4000,,,,,0.00017170899081975222,1.0,,cold,agnews,8000,0
103,leaf:business and finance#t1,This text discusses business and finance.,cold,8000,8000,0,0,0,1.0,1.0,1.0,2000,,,,,9.037501877173781e-05,1.0,,cold,agnews,8000,0
104,leaf:science and technology#t3,This article covers the topic of science and technology.,cold,8000,8000,0,0,0,1.0,1.0,1.0,2000,,,,,9.083302575163543e-05,1.0,,cold,agnews,8000,0
105,leaf:science and technology#t0,The document is about science and technology.,cold,8000,8000,0,0,0,1.0,1.0,1.0,2000,,,,,8.975001401267946e-05,1.0,,cold,agnews,8000,0
106,union:business and finance|science and technology#u1,This text discusses either business and finance or science and technology.,cold,8000,8000,0,0,0,1.0,1.0,1.0,4000,,,,,0.00016945801326073706,1.0,,cold,agnews,8000,0
107,union:business and finance|sports#u0,The document is about business and finance or about sports.,cold,8000,8000,0,0,0,1.0,1.0,1.0,4000,,,,,0.00018404098227620125,1.0,,cold,agnews,8000,0
108,leaf:science and technology#t2,The passage is related to science and technology.,cold,8000,8000,0,0,0,1.0,1.0,1.0,2000,,,,,9.029201464727521e-05,1.0,,cold,agnews,8000,0
109,leaf:business and finance#t2,The passage is related to business and finance.,cold,8000,8000,0,0,0,1.0,1.0,1.0,2000,,,,,9.795799269340932e-05,1.0,,cold,agnews,8000,0
110,leaf:sports#t3,This article covers the topic of sports.,cold,8000,8000,0,0,0,1.0,1.0,1.0,2000,,,,,0.00012224999954923987,1.0,,cold,agnews,8000,0
111,leaf:science and technology#t0,The document is about science and technology.,cold,8000,8000,0,0,0,1.0,1.0,1.0,2000,,,,,9.92499990388751e-05,1.0,,cold,agnews,8000,0
112,leaf:sports#t3,This article covers the topic of sports.,cold,8000,8000,0,0,0,1.0,1.0,1.0,2000,,,,,0.00011970900231972337,1.0,,cold,agnews,8000,0
113,leaf:sports#t2,The passage is related to sports.,cold,8000,8000,0,0,0,1.0,1.0,1.0,2000,,,,,0.00011670801904983819,1.0,,cold,agnews,8000,0
114,leaf:business and finance#t2,The passage is related to business and finance.,cold,8000,8000,0,0,0,1.0,1.0,1.0,2000,,,,,9.595800656825304e-05,1.0,,cold,agnews,8000,0
115,leaf:business and finance#t0,The document is about business and finance.,cold,8000,8000,0,0,0,1.0,1.0,1.0,2000,,,,,9.762498666532338e-05,1.0,,cold,agnews,8000,0
116,union:science and technology|sports#u0,The document is about science and technology or about sports.,cold,8000,8000,0,0,0,1.0,1.0,1.0,4000,,,,,0.00019629200687631965,1.0,,cold,agnews,8000,0
117,leaf:sports#t0,The document is about sports.,cold,8000,8000,0,0,0,1.0,1.0,1.0,2000,,,,,0.0001262500009033829,1.0,,cold,agnews,8000,0
118,leaf:business and finance#t0,The document is about business and finance.,cold,8000,8000,0,0,0,1.0,1.0,1.0,2000,,,,,9.745900752022862e-05,1.0,,cold,agnews,8000,0
119,leaf:sports#t3,This article covers the topic of sports.,cold,8000,8000,0,0,0,1.0,1.0,1.0,2000,,,,,0.00011929200263693929,1.0,,cold,agnews,8000,0
0,leaf:sports#t0,The document is about sports.,cold,8000,8000,0,0,0,1.0,1.0,1.0,2000,,,,,0.00019666602020151913,1.0,,exact,agnews,8000,0
1,union:business and finance|science and technology#u0,The document is about business and finance or about science and technology.,cold,8000,8000,0,0,0,1.0,1.0,1.0,4000,,,,,0.00020687500364147127,1.0,,exact,agnews,8000,0
2,leaf:business and finance#t2,The passage is related to business and finance.,cold,8000,8000,0,0,0,1.0,1.0,1.0,2000,,,,,0.00011670798994600773,1.0,,exact,agnews,8000,0
3,union:science and technology|world news#u0,The document is about science and technology or about world news.,cold,8000,8000,0,0,0,1.0,1.0,1.0,4000,,,,,0.0001955410116352141,1.0,,exact,agnews,8000,0
4,leaf:world news#t0,The document is about world news.,cold,8000,8000,0,0,0,1.0,1.0,1.0,2000,,,,,0.0001297919952776283,1.0,,exact,agnews,8000,0
5,union:business and finance|world news#u1,This text discusses either business and finance or world news.,cold,8000,8000,0,0,0,1.0,1.0,1.0,4000,,,,,0.00021579200983978808,1.0,,exact,agnews,8000,0
6,leaf:sports#t1,This text discusses sports.,cold,8000,8000,0,0,0,1.0,1.0,1.0,2000,,,,,0.0001235000090673566,1.0,,exact,agnews,8000,0
7,leaf:sports#t0,The document is about sports.,exact-hit,0,0,0,0,0,1.0,1.0,1.0,2000,,,,,3.7080026231706142e-06,1.0,,exact,agnews,8000,0
8,leaf:business and finance#t2,The passage is related to business and finance.,exact-hit,0,0,0,0,0,1.0,1.0,1.0,2000,,,,,4.8749789129942656e-06,1.0,,exact,agnews,8000,0
9,leaf:world news#t3,This article covers the topic of world news.,cold,8000,8000,0,0,0,1.0,1.0,1.0,2000,,,,,0.00012420900748111308,1.0,,exact,agnews,8000,0
10,leaf:world news#t2,The passage is related to world news.,cold,8000,8000,0,0,0,1.0,1.0,1.0,2000,,,,,0.00012887499178759754,1.0,,exact,agnews,8000,0
11,leaf:science and technology#t2,The passage is related to science and technology.,cold,8000,8000,0,0,0,1.0,1.0,1.0,2000,,,,,0.00011137500405311584,1.0,,exact,agnews,8000,0
12,union:science and technology|sports#u0,The document is about science and technology or about sports.,cold,8000,8000,0,0,0,1.0,1.0,1.0,4000,,,,,0.00020304200006648898,1.0,,exact,agnews,8000,0
13,leaf:science and technology#t1,This text discusses science and technology.,cold,8000,8000,0,0,0,1.0,1.0,1.0,2000,,,,,0.00010250002378597856,1.0,,exact,agnews,8000,0
14,leaf:world news#t2,The passage is related to world news.,exact-hit,0,0,0,0,0,1.0,1.0,1.0,2000,,,,,2.6250199880450964e-06,1.0,,exact,agnews,8000,0
15,leaf:business and finance#t3,This article covers the topic of business and finance.,cold,8000,8000,0,0,0,1.0,1.0,1.0,2000,,,,,0.00021541700698435307,1.0,,exact,agnews,8000,0
16,union:business and finance|sports#u0,The document is about business and finance or about sports.,cold,8000,8000,0,0,0,1.0,1.0,1.0,4000,,,,,0.00022562500089406967,1.0,,exact,agnews,8000,0
17,union:business and finance|science and technology#u1,This text discusses either business and finance or science and technology.,cold,8000,8000,0,0,0,1.0,1.0,1.0,4000,,,,,0.00019500000053085387,1.0,,exact,agnews,8000,0
18,leaf:world news#t1,This text discusses world news.,cold,8000,8000,0,0,0,1.0,1.0,1.0,2000,,,,,0.00012991699622943997,1.0,,exact,agnews,8000,0
19,leaf:science and technology#t3,This article covers the topic of science and technology.,cold,8000,8000,0,0,0,1.0,1.0,1.0,2000,,,,,0.0001161250111181289,1.0,,exact,agnews,8000,0
20,leaf:world news#t1,This text discusses world news.,exact-hit,0,0,0,0,0,1.0,1.0,1.0,2000,,,,,3.416993422433734e-06,1.0,,exact,agnews,8000,0
21,leaf:world news#t2,The passage is related to world news.,exact-hit,0,0,0,0,0,1.0,1.0,1.0,2000,,,,,3.790977643802762e-06,1.0,,exact,agnews,8000,0
22,union:business and finance|science and technology#u1,This text discusses either business and finance or science and technology.,exact-hit,0,0,0,0,0,1.0,1.0,1.0,4000,,,,,3.04199056699872e-06,1.0,,exact,agnews,8000,0
23,leaf:world news#t0,The document is about world news.,exact-hit,0,0,0,0,0,1.0,1.0,1.0,2000,,,,,3.875000402331352e-06,1.0,,exact,agnews,8000,0
24,union:business and finance|sports#u0,The document is about business and finance or about sports.,exact-hit,0,0,0,0,0,1.0,1.0,1.0,4000,,,,,4.91601531393826e-06,1.0,,exact,agnews,8000,0
25,leaf:sports#t1,This text discusses sports.,exact-hit,0,0,0,0,0,1.0,1.0,1.0,2000,,,,,3.00002284348011e-06,1.0,,exact,agnews,8000,0
26,leaf:science and technology#t3,This article covers the topic of science and technology.,exact-hit,0,0,0,0,0,1.0,1.0,1.0,2000,,,,,3.583001671358943e-06,1.0,,exact,agnews,8000,0
27,leaf:world news#t1,This text discusses world news.,exact-hit,0,0,0,0,0,1.0,1.0,1.0,2000,,,,,3.749999450519681e-06,1.0,,exact,agnews,8000,0
28,leaf:sports#t1,This text discusses sports.,exact-hit,0,0,0,0,0,1.0,1.0,1.0,2000,,,,,4.2079773265868425e-06,1.0,,exact,agnews,8000,0
29,leaf:science and technology#t3,This article covers the topic of science and technology.,exact-hit,0,0,0,0,0,1.0,1.0,1.0,2000,,,,,2.8339854907244444e-06,1.0,,exact,agnews,8000,0
30,union:science and technology|world news#u1,This text discusses either science and technology or world news.,cold,8000,8000,0,0,0,1.0,1.0,1.0,4000,,,,,0.00021533298422582448,1.0,,exact,agnews,8000,0
31,union:sports|world news#u1,This text discusses either sports or world news.,cold,8000,8000,0,0,0,1.0,1.0,1.0,4000,,,,,0.00023566599702462554,1.0,,exact,agnews,8000,0
32,union:business and finance|science and technology#u0,The document is about business and finance or about science and technology.,exact-hit,0,0,0,0,0,1.0,1.0,1.0,4000,,,,,3.916997229680419e-06,1.0,,exact,agnews,8000,0
33,leaf:business and finance#t3,This article covers the topic of business and finance.,exact-hit,0,0,0,0,0,1.0,1.0,1.0,2000,,,,,3.1249946914613247e-06,1.0,,exact,agnews,8000,0
34,union:business and finance|world news#u0,The document is about business and finance or about world news.,cold,8000,8000,0,0,0,1.0,1.0,1.0,4000,,,,,0.00020795798627659678,1.0,,exact,agnews,8000,0
35,leaf:world news#t2,The passage is related to world news.,exact-hit,0,0,0,0,0,1.0,1.0,1.0,2000,,,,,3.374996595084667e-06,1.0,,exact,agnews,8000,0
36,leaf:science and technology#t0,The document is about science and technology.,cold,8000,8000,0,0,0,1.0,1.0,1.0,2000,,,,,0.00010858301538974047,1.0,,exact,agnews,8000,0
37,leaf:science and technology#t0,The document is about science and technology.,exact-hit,0,0,0,0,0,1.0,1.0,1.0,2000,,,,,2.500019036233425e-06,1.0,,exact,agnews,8000,0
38,leaf:business and finance#t3,This article covers the topic of business and finance.,exact-hit,0,0,0,0,0,1.0,1.0,1.0,2000,,,,,4.541012458503246e-06,1.0,,exact,agnews,8000,0
39,union:business and finance|science and technology#u0,The document is about business and finance or about science and technology.,exact-hit,0,0,0,0,0,1.0,1.0,1.0,4000,,,,,3.958004526793957e-06,1.0,,exact,agnews,8000,0
40,leaf:science and technology#t1,This text discusses science and technology.,exact-hit,0,0,0,0,0,1.0,1.0,1.0,2000,,,,,3.5409757401794195e-06,1.0,,exact,agnews,8000,0
41,leaf:sports#t2,The passage is related to sports.,cold,8000,8000,0,0,0,1.0,1.0,1.0,2000,,,,,0.00013091601431369781,1.0,,exact,agnews,8000,0
42,leaf:science and technology#t3,This article covers the topic of science and technology.,exact-hit,0,0,0,0,0,1.0,1.0,1.0,2000,,,,,3.082997864112258e-06,1.0,,exact,agnews,8000,0
43,leaf:science and technology#t1,This text discusses science and technology.,exact-hit,0,0,0,0,0,1.0,1.0,1.0,2000,,,,,3.0840164981782436e-06,1.0,,exact,agnews,8000,0
44,leaf:business and finance#t3,This article covers the topic of business and finance.,exact-hit,0,0,0,0,0,1.0,1.0,1.0,2000,,,,,3.042019670829177e-06,1.0,,exact,agnews,8000,0
45,union:science and technology|sports#u0,The document is about science and technology or about sports.,exact-hit,0,0,0,0,0,1.0,1.0,1.0,4000,,,,,3.749999450519681e-06,1.0,,exact,agnews,8000,0
46,leaf:business and finance#t3,This article covers the topic of business and finance.,exact-hit,0,0,0,0,0,1.0,1.0,1.0,2000,,,,,3.042019670829177e-06,1.0,,exact,agnews,8000,0
47,union:science and technology|world news#u1,This text discusses either science and technology or world news.,exact-hit,0,0,0,0,0,1.0,1.0,1.0,4000,,,,,3.7090212572366e-06,1.0,,exact,agnews,8000,0
48,union:science and technology|sports#u0,The document is about science and technology or about sports.,exact-hit,0,0,0,0,0,1.0,1.0,1.0,4000,,,,,3.082997864112258e-06,1.0,,exact,agnews,8000,0
49,leaf:science and technology#t3,This article covers the topic of science and technology.,exact-hit,0,0,0,0,0,1.0,1.0,1.0,2000,,,,,3.1660019885748625e-06,1.0,,exact,agnews,8000,0
50,leaf:sports#t0,The document is about sports.,exact-hit,0,0,0,0,0,1.0,1.0,1.0,2000,,,,,6.082991603761911e-06,1.0,,exact,agnews,8000,0
51,leaf:world news#t2,The passage is related to world news.,exact-hit,0,0,0,0,0,1.0,1.0,1.0,2000,,,,,8.000002708286047e-06,1.0,,exact,agnews,8000,0
52,leaf:business and finance#t3,This article covers the topic of business and finance.,exact-hit,0,0,0,0,0,1.0,1.0,1.0,2000,,,,,4.209025064483285e-06,1.0,,exact,agnews,8000,0
53,leaf:business and finance#t0,The document is about business and finance.,cold,8000,8000,0,0,0,1.0,1.0,1.0,2000,,,,,0.00011308398097753525,1.0,,exact,agnews,8000,0
54,union:science and technology|world news#u0,The document is about science and technology or about world news.,exact-hit,0,0,0,0,0,1.0,1.0,1.0,4000,,,,,4.959001671522856e-06,1.0,,exact,agnews,8000,0
55,leaf:sports#t1,This text discusses sports.,exact-hit,0,0,0,0,0,1.0,1.0,1.0,2000,,,,,4.0000013541430235e-06,1.0,,exact,agnews,8000,0
56,leaf:science and technology#t3,This article covers the topic of science and technology.,exact-hit,0,0,0,0,0,1.0,1.0,1.0,2000,,,,,3.1249946914613247e-06,1.0,,exact,agnews,8000,0
57,leaf:business and finance#t3,This article covers the topic of business and finance.,exact-hit,0,0,0,0,0,1.0,1.0,1.0,2000,,,,,2.749991836026311e-06,1.0,,exact,agnews,8000,0
58,union:sports|world news#u1,This text discusses either sports or world news.,exact-hit,0,0,0,0,0,1.0,1.0,1.0,4000,,,,,3.6660057958215475e-06,1.0,,exact,agnews,8000,0
59,union:business and finance|world news#u1,This text discusses either business and finance or world news.,exact-hit,0,0,0,0,0,1.0,1.0,1.0,4000,,,,,3.749999450519681e-06,1.0,,exact,agnews,8000,0
60,leaf:science and technology#t3,This article covers the topic of science and technology.,exact-hit,0,0,0,0,0,1.0,1.0,1.0,2000,,,,,3.082997864112258e-06,1.0,,exact,agnews,8000,0
61,leaf:business and finance#t2,The passage is related to business and finance.,exact-hit,0,0,0,0,0,1.0,1.0,1.0,2000,,,,,4.958012141287327e-06,1.0,,exact,agnews,8000,0
62,union:science and technology|sports#u0,The document is about science and technology or about sports.,exact-hit,0,0,0,0,0,1.0,1.0,1.0,4000,,,,,2.874992787837982e-06,1.0,,exact,agnews,8000,0
63,leaf:business and finance#t2,The passage is related to business and finance.,exact-hit,0,0,0,0,0,1.0,1.0,1.0,2000,,,,,2.500019036233425e-06,1.0,,exact,agnews,8000,0
64,leaf:sports#t2,The passage is related to sports.,exact-hit,0,0,0,0,0,1.0,1.0,1.0,2000,,,,,2.916989615187049e-06,1.0,,exact,agnews,8000,0
65,leaf:sports#t2,The passage is related to sports.,exact-hit,0,0,0,0,0,1.0,1.0,1.0,2000,,,,,2.9999937396496534e-06,1.0,,exact,agnews,8000,0
66,leaf:sports#t3,This article covers the topic of sports.,cold,8000,8000,0,0,0,1.0,1.0,1.0,2000,,,,,0.0001847500097937882,1.0,,exact,agnews,8000,0
67,leaf:sports#t0,The document is about sports.,exact-hit,0,0,0,0,0,1.0,1.0,1.0,2000,,,,,7.291993824765086e-06,1.0,,exact,agnews,8000,0
68,leaf:business and finance#t2,The passage is related to business and finance.,exact-hit,0,0,0,0,0,1.0,1.0,1.0,2000,,,,,3.875000402331352e-06,1.0,,exact,agnews,8000,0
69,leaf:sports#t0,The document is about sports.,exact-hit,0,0,0,0,0,1.0,1.0,1.0,2000,,,,,1.0332994861528277e-05,1.0,,exact,agnews,8000,0
70,leaf:science and technology#t0,The document is about science and technology.,exact-hit,0,0,0,0,0,1.0,1.0,1.0,2000,,,,,5.041016265749931e-06,1.0,,exact,agnews,8000,0
71,leaf:sports#t2,The passage is related to sports.,exact-hit,0,0,0,0,0,1.0,1.0,1.0,2000,,,,,3.7079735193401575e-06,1.0,,exact,agnews,8000,0
72,leaf:sports#t3,This article covers the topic of sports.,exact-hit,0,0,0,0,0,1.0,1.0,1.0,2000,,,,,3.541994374245405e-06,1.0,,exact,agnews,8000,0
73,union:sports|world news#u0,The document is about sports or about world news.,cold,8000,8000,0,0,0,1.0,1.0,1.0,4000,,,,,0.0003012079978361726,1.0,,exact,agnews,8000,0
74,leaf:business and finance#t0,The document is about business and finance.,exact-hit,0,0,0,0,0,1.0,1.0,1.0,2000,,,,,3.208988346159458e-06,1.0,,exact,agnews,8000,0
75,leaf:science and technology#t2,The passage is related to science and technology.,exact-hit,0,0,0,0,0,1.0,1.0,1.0,2000,,,,,4.3749751057475805e-06,1.0,,exact,agnews,8000,0
76,leaf:science and technology#t2,The passage is related to science and technology.,exact-hit,0,0,0,0,0,1.0,1.0,1.0,2000,,,,,2.4999899324029684e-06,1.0,,exact,agnews,8000,0
77,leaf:sports#t1,This text discusses sports.,exact-hit,0,0,0,0,0,1.0,1.0,1.0,2000,,,,,3.4580007195472717e-06,1.0,,exact,agnews,8000,0
78,leaf:world news#t0,The document is about world news.,exact-hit,0,0,0,0,0,1.0,1.0,1.0,2000,,,,,3.374996595084667e-06,1.0,,exact,agnews,8000,0
79,leaf:business and finance#t3,This article covers the topic of business and finance.,exact-hit,0,0,0,0,0,1.0,1.0,1.0,2000,,,,,3.4999975468963385e-06,1.0,,exact,agnews,8000,0
80,union:business and finance|science and technology#u1,This text discusses either business and finance or science and technology.,exact-hit,0,0,0,0,0,1.0,1.0,1.0,4000,,,,,5.082983989268541e-06,1.0,,exact,agnews,8000,0
81,union:science and technology|sports#u0,The document is about science and technology or about sports.,exact-hit,0,0,0,0,0,1.0,1.0,1.0,4000,,,,,3.7080026231706142e-06,1.0,,exact,agnews,8000,0
82,union:science and technology|sports#u1,This text discusses either science and technology or sports.,cold,8000,8000,0,0,0,1.0,1.0,1.0,4000,,,,,0.00021829101024195552,1.0,,exact,agnews,8000,0
83,leaf:sports#t3,This article covers the topic of sports.,exact-hit,0,0,0,0,0,1.0,1.0,1.0,2000,,,,,3.7080026231706142e-06,1.0,,exact,agnews,8000,0
84,leaf:science and technology#t3,This article covers the topic of science and technology.,exact-hit,0,0,0,0,0,1.0,1.0,1.0,2000,,,,,3.7919962778687477e-06,1.0,,exact,agnews,8000,0
85,union:science and technology|sports#u0,The document is about science and technology or about sports.,exact-hit,0,0,0,0,0,1.0,1.0,1.0,4000,,,,,3.2079988159239292e-06,1.0,,exact,agnews,8000,0
86,leaf:sports#t2,The passage is related to sports.,exact-hit,0,0,0,0,0,1.0,1.0,1.0,2000,,,,,3.4580007195472717e-06,1.0,,exact,agnews,8000,0
87,leaf:science and technology#t1,This text discusses science and technology.,exact-hit,0,0,0,0,0,1.0,1.0,1.0,2000,,,,,3.3329997677356005e-06,1.0,,exact,agnews,8000,0
88,leaf:business and finance#t1,This text discusses business and finance.,cold,8000,8000,0,0,0,1.0,1.0,1.0,2000,,,,,0.0001437499886378646,1.0,,exact,agnews,8000,0
89,leaf:sports#t0,The document is about sports.,exact-hit,0,0,0,0,0,1.0,1.0,1.0,2000,,,,,2.749991836026311e-06,1.0,,exact,agnews,8000,0
90,union:business and finance|world news#u0,The document is about business and finance or about world news.,exact-hit,0,0,0,0,0,1.0,1.0,1.0,4000,,,,,3.8339931052178144e-06,1.0,,exact,agnews,8000,0
91,union:business and finance|world news#u0,The document is about business and finance or about world news.,exact-hit,0,0,0,0,0,1.0,1.0,1.0,4000,,,,,2.834014594554901e-06,1.0,,exact,agnews,8000,0
92,leaf:sports#t3,This article covers the topic of sports.,exact-hit,0,0,0,0,0,1.0,1.0,1.0,2000,,,,,3.249995643272996e-06,1.0,,exact,agnews,8000,0
93,leaf:science and technology#t3,This article covers the topic of science and technology.,exact-hit,0,0,0,0,0,1.0,1.0,1.0,2000,,,,,6.833986844867468e-06,1.0,,exact,agnews,8000,0
94,leaf:sports#t3,This article covers the topic of sports.,exact-hit,0,0,0,0,0,1.0,1.0,1.0,2000,,,,,4.999979864805937e-06,1.0,,exact,agnews,8000,0
95,leaf:sports#t2,The passage is related to sports.,exact-hit,0,0,0,0,0,1.0,1.0,1.0,2000,,,,,3.04199056699872e-06,1.0,,exact,agnews,8000,0
96,leaf:business and finance#t2,The passage is related to business and finance.,exact-hit,0,0,0,0,0,1.0,1.0,1.0,2000,,,,,3.958004526793957e-06,1.0,,exact,agnews,8000,0
97,leaf:sports#t0,The document is about sports.,exact-hit,0,0,0,0,0,1.0,1.0,1.0,2000,,,,,2.9170187190175056e-06,1.0,,exact,agnews,8000,0
98,leaf:sports#t1,This text discusses sports.,exact-hit,0,0,0,0,0,1.0,1.0,1.0,2000,,,,,3.2910029403865337e-06,1.0,,exact,agnews,8000,0
99,leaf:science and technology#t3,This article covers the topic of science and technology.,exact-hit,0,0,0,0,0,1.0,1.0,1.0,2000,,,,,3.249995643272996e-06,1.0,,exact,agnews,8000,0
100,leaf:science and technology#t3,This article covers the topic of science and technology.,exact-hit,0,0,0,0,0,1.0,1.0,1.0,2000,,,,,2.4579931050539017e-06,1.0,,exact,agnews,8000,0
101,leaf:world news#t2,The passage is related to world news.,exact-hit,0,0,0,0,0,1.0,1.0,1.0,2000,,,,,3.208988346159458e-06,1.0,,exact,agnews,8000,0
102,union:science and technology|world news#u1,This text discusses either science and technology or world news.,exact-hit,0,0,0,0,0,1.0,1.0,1.0,4000,,,,,3.6249984987080097e-06,1.0,,exact,agnews,8000,0
103,leaf:business and finance#t1,This text discusses business and finance.,exact-hit,0,0,0,0,0,1.0,1.0,1.0,2000,,,,,4.250003257766366e-06,1.0,,exact,agnews,8000,0
104,leaf:science and technology#t3,This article covers the topic of science and technology.,exact-hit,0,0,0,0,0,1.0,1.0,1.0,2000,,,,,2.583983587101102e-06,1.0,,exact,agnews,8000,0
105,leaf:science and technology#t0,The document is about science and technology.,exact-hit,0,0,0,0,0,1.0,1.0,1.0,2000,,,,,5.374982720240951e-06,1.0,,exact,agnews,8000,0
106,union:business and finance|science and technology#u1,This text discusses either business and finance or science and technology.,exact-hit,0,0,0,0,0,1.0,1.0,1.0,4000,,,,,3.6249984987080097e-06,1.0,,exact,agnews,8000,0
107,union:business and finance|sports#u0,The document is about business and finance or about sports.,exact-hit,0,0,0,0,0,1.0,1.0,1.0,4000,,,,,3.1669915188103914e-06,1.0,,exact,agnews,8000,0
108,leaf:science and technology#t2,The passage is related to science and technology.,exact-hit,0,0,0,0,0,1.0,1.0,1.0,2000,,,,,5.5419804994016886e-06,1.0,,exact,agnews,8000,0
109,leaf:business and finance#t2,The passage is related to business and finance.,exact-hit,0,0,0,0,0,1.0,1.0,1.0,2000,,,,,5.332985892891884e-06,1.0,,exact,agnews,8000,0
110,leaf:sports#t3,This article covers the topic of sports.,exact-hit,0,0,0,0,0,1.0,1.0,1.0,2000,,,,,3.541994374245405e-06,1.0,,exact,agnews,8000,0
111,leaf:science and technology#t0,The document is about science and technology.,exact-hit,0,0,0,0,0,1.0,1.0,1.0,2000,,,,,3.583001671358943e-06,1.0,,exact,agnews,8000,0
112,leaf:sports#t3,This article covers the topic of sports.,exact-hit,0,0,0,0,0,1.0,1.0,1.0,2000,,,,,2.6249908842146397e-06,1.0,,exact,agnews,8000,0
113,leaf:sports#t2,The passage is related to sports.,exact-hit,0,0,0,0,0,1.0,1.0,1.0,2000,,,,,3.167020622640848e-06,1.0,,exact,agnews,8000,0
114,leaf:business and finance#t2,The passage is related to business and finance.,exact-hit,0,0,0,0,0,1.0,1.0,1.0,2000,,,,,2.707995008677244e-06,1.0,,exact,agnews,8000,0
115,leaf:business and finance#t0,The document is about business and finance.,exact-hit,0,0,0,0,0,1.0,1.0,1.0,2000,,,,,3.8330035749822855e-06,1.0,,exact,agnews,8000,0
116,union:science and technology|sports#u0,The document is about science and technology or about sports.,exact-hit,0,0,0,0,0,1.0,1.0,1.0,4000,,,,,4.0000013541430235e-06,1.0,,exact,agnews,8000,0
117,leaf:sports#t0,The document is about sports.,exact-hit,0,0,0,0,0,1.0,1.0,1.0,2000,,,,,3.5410048440098763e-06,1.0,,exact,agnews,8000,0
118,leaf:business and finance#t0,The document is about business and finance.,exact-hit,0,0,0,0,0,1.0,1.0,1.0,2000,,,,,3.1660019885748625e-06,1.0,,exact,agnews,8000,0
119,leaf:sports#t3,This article covers the topic of sports.,exact-hit,0,0,0,0,0,1.0,1.0,1.0,2000,,,,,3.0840164981782436e-06,1.0,,exact,agnews,8000,0
0,leaf:sports#t0,The document is about sports.,cold,8000,8000,0,0,0,1.0,1.0,1.0,2000,,,,,0.0002669160021468997,1.0,,semreuse,agnews,8000,0
1,union:business and finance|science and technology#u0,The document is about business and finance or about science and technology.,cold,8000,8000,0,0,2,1.0,1.0,1.0,4000,,,,,0.11080779100302607,1.0,,semreuse,agnews,8000,0
2,leaf:business and finance#t2,The passage is related to business and finance.,rewrite,4082,4000,82,0,4,1.0,1.0,1.0,2000,0.9199632014719411,False,1.0,False,0.13476129199261777,1.0,False,semreuse,agnews,8000,0
3,union:science and technology|world news#u0,The document is about science and technology or about world news.,cold,8000,8000,0,0,6,1.0,1.0,1.0,4000,,,,,0.14762279199203476,1.0,,semreuse,agnews,8000,0
4,leaf:world news#t0,The document is about world news.,rewrite,4082,4000,82,0,8,1.0,1.0,1.0,2000,0.9199632014719411,False,1.0,False,0.17503225000109524,1.0,False,semreuse,agnews,8000,0
5,union:business and finance|world news#u1,This text discusses either business and finance or world news.,rewrite,6029,6000,29,0,10,1.0,1.0,1.0,4000,1.0,False,0.9515,False,0.22264129100949503,1.0,False,semreuse,agnews,8000,0
6,leaf:sports#t1,This text discusses sports.,rewrite,198,0,198,0,12,1.0,1.0,1.0,2000,0.920061099796334,False,0.9035,False,0.251625792006962,1.0,False,semreuse,agnews,8000,0
7,leaf:sports#t0,The document is about sports.,exact-hit,0,0,0,0,0,1.0,1.0,1.0,2000,,,,,2.9333983547985554e-05,1.0,,semreuse,agnews,8000,0
8,leaf:business and finance#t2,The passage is related to business and finance.,exact-hit,0,0,0,0,0,1.0,1.0,1.0,2000,0.9199632014719411,False,1.0,False,1.8624996300786734e-05,1.0,False,semreuse,agnews,8000,0
9,leaf:world news#t3,This article covers the topic of world news.,rewrite,4082,4000,82,0,14,1.0,1.0,1.0,2000,0.9199632014719411,False,1.0,False,0.12899650001781993,1.0,False,semreuse,agnews,8000,0
10,leaf:world news#t2,The passage is related to world news.,rewrite,213,0,213,0,16,1.0,1.0,1.0,2000,0.920061099796334,False,0.9035,False,0.1752070829970762,1.0,False,semreuse,agnews,8000,0
11,leaf:science and technology#t2,The passage is related to science and technology.,rewrite,4082,4000,82,0,18,1.0,1.0,1.0,2000,0.9199632014719411,False,1.0,False,0.1765299580001738,1.0,False,semreuse,agnews,8000,0
12,union:science and technology|sports#u0,The document is about science and technology or about sports.,rewrite,6029,6000,29,0,20,1.0,1.0,1.0,4000,1.0,False,0.9515,False,0.1580708749825135,1.0,False,semreuse,agnews,8000,0
13,leaf:science and technology#t1,This text discusses science and technology.,rewrite,213,0,213,0,22,1.0,1.0,1.0,2000,0.920061099796334,False,0.9035,False,0.18297220798558556,1.0,False,semreuse,agnews,8000,0
14,leaf:world news#t2,The passage is related to world news.,exact-hit,0,0,0,0,0,1.0,1.0,1.0,2000,0.920061099796334,False,0.9035,False,1.491699367761612e-05,1.0,False,semreuse,agnews,8000,0
15,leaf:business and finance#t3,This article covers the topic of business and finance.,rewrite,2137,2000,137,0,24,1.0,1.0,1.0,2000,0.9199632014719411,False,1.0,False,0.1761818749946542,1.0,False,semreuse,agnews,8000,0
16,union:business and finance|sports#u0,The document is about business and finance or about sports.,rewrite,4072,4000,72,0,26,1.0,1.0,1.0,4000,1.0,False,0.9035,False,0.23134491601376794,1.0,False,semreuse,agnews,8000,0
17,union:business and finance|science and technology#u1,This text discusses either business and finance or science and technology.,rewrite,137,0,137,0,28,1.0,1.0,1.0,4000,0.9197043079276064,False,0.902,False,0.28920274999109097,1.0,False,semreuse,agnews,8000,0
18,leaf:world news#t1,This text discusses world news.,rewrite,213,0,213,0,30,1.0,1.0,1.0,2000,0.920061099796334,False,0.9035,False,0.21162612500484101,1.0,False,semreuse,agnews,8000,0
19,leaf:science and technology#t3,This article covers the topic of science and technology.,rewrite,213,0,213,0,32,1.0,1.0,1.0,2000,0.920061099796334,False,0.9035,False,0.39435612500528805,1.0,False,semreuse,agnews,8000,0
20,leaf:world news#t1,This text discusses world news.,exact-hit,0,0,0,0,0,1.0,1.0,1.0,2000,0.920061099796334,False,0.9035,False,1.3790995581075549e-05,1.0,False,semreuse,agnews,8000,0
21,leaf:world news#t2,The passage is related to world news.,exact-hit,0,0,0,0,0,1.0,1.0,1.0,2000,0.920061099796334,False,0.9035,False,5.791982403025031e-06,1.0,False,semreuse,agnews,8000,0
22,union:business and finance|science and technology#u1,This text discusses either business and finance or science and technology.,exact-hit,0,0,0,0,0,1.0,1.0,1.0,4000,0.9197043079276064,False,0.902,False,5.0000089686363935e-06,1.0,False,semreuse,agnews,8000,0
23,leaf:world news#t0,The document is about world news.,exact-hit,0,0,0,0,0,1.0,1.0,1.0,2000,0.9199632014719411,False,1.0,False,1.3209006283432245e-05,1.0,False,semreuse,agnews,8000,0
24,union:business and finance|sports#u0,The document is about business and finance or about sports.,exact-hit,0,0,0,0,0,1.0,1.0,1.0,4000,1.0,False,0.9035,False,5.499983672052622e-06,1.0,False,semreuse,agnews,8000,0
25,leaf:sports#t1,This text discusses sports.,exact-hit,0,0,0,0,0,1.0,1.0,1.0,2000,0.920061099796334,False,0.9035,False,1.0665971785783768e-05,1.0,False,semreuse,agnews,8000,0
26,leaf:science and technology#t3,This article covers the topic of science and technology.,exact-hit,0,0,0,0,0,1.0,1.0,1.0,2000,0.920061099796334,False,0.9035,False,5.124980816617608e-06,1.0,False,semreuse,agnews,8000,0
27,leaf:world news#t1,This text discusses world news.,exact-hit,0,0,0,0,0,1.0,1.0,1.0,2000,0.920061099796334,False,0.9035,False,4.708010237663984e-06,1.0,False,semreuse,agnews,8000,0
28,leaf:sports#t1,This text discusses sports.,exact-hit,0,0,0,0,0,1.0,1.0,1.0,2000,0.920061099796334,False,0.9035,False,3.708992153406143e-06,1.0,False,semreuse,agnews,8000,0
29,leaf:science and technology#t3,This article covers the topic of science and technology.,exact-hit,0,0,0,0,0,1.0,1.0,1.0,2000,0.920061099796334,False,0.9035,False,4.375004209578037e-06,1.0,False,semreuse,agnews,8000,0
30,union:science and technology|world news#u1,This text discusses either science and technology or world news.,rewrite,137,0,137,0,34,1.0,1.0,1.0,4000,0.9197043079276064,False,0.902,False,0.26280191700789146,1.0,False,semreuse,agnews,8000,0
31,union:sports|world news#u1,This text discusses either sports or world news.,rewrite,4072,4000,72,0,36,1.0,1.0,1.0,4000,1.0,False,0.9035,False,0.19814608301385306,1.0,False,semreuse,agnews,8000,0
32,union:business and finance|science and technology#u0,The document is about business and finance or about science and technology.,exact-hit,0,0,0,0,0,1.0,1.0,1.0,4000,,,,,1.0125018889084458e-05,1.0,,semreuse,agnews,8000,0
33,leaf:business and finance#t3,This article covers the topic of business and finance.,exact-hit,0,0,0,0,0,1.0,1.0,1.0,2000,0.9199632014719411,False,1.0,False,5.91602292843163e-06,1.0,False,semreuse,agnews,8000,0
34,union:business and finance|world news#u0,The document is about business and finance or about world news.,rewrite,137,0,137,0,38,1.0,1.0,1.0,4000,0.9197043079276064,False,0.902,False,0.2065822079894133,1.0,False,semreuse,agnews,8000,0
35,leaf:world news#t2,The passage is related to world news.,exact-hit,0,0,0,0,0,1.0,1.0,1.0,2000,0.920061099796334,False,0.9035,False,1.329201040789485e-05,1.0,False,semreuse,agnews,8000,0
36,leaf:science and technology#t0,The document is about science and technology.,rewrite,213,0,213,0,40,1.0,1.0,1.0,2000,0.920061099796334,False,0.9035,False,0.21311791701009497,1.0,False,semreuse,agnews,8000,0
37,leaf:science and technology#t0,The document is about science and technology.,exact-hit,0,0,0,0,0,1.0,1.0,1.0,2000,0.920061099796334,False,0.9035,False,1.1416996130719781e-05,1.0,False,semreuse,agnews,8000,0
38,leaf:business and finance#t3,This article covers the topic of business and finance.,exact-hit,0,0,0,0,0,1.0,1.0,1.0,2000,0.9199632014719411,False,1.0,False,5.290989065542817e-06,1.0,False,semreuse,agnews,8000,0
39,union:business and finance|science and technology#u0,The document is about business and finance or about science and technology.,exact-hit,0,0,0,0,0,1.0,1.0,1.0,4000,,,,,5.415990017354488e-06,1.0,,semreuse,agnews,8000,0
40,leaf:science and technology#t1,This text discusses science and technology.,exact-hit,0,0,0,0,0,1.0,1.0,1.0,2000,0.920061099796334,False,0.9035,False,6.332993507385254e-06,1.0,False,semreuse,agnews,8000,0
41,leaf:sports#t2,The passage is related to sports.,rewrite,213,0,213,0,42,1.0,1.0,1.0,2000,0.920061099796334,False,0.9035,False,0.22629279200918972,1.0,False,semreuse,agnews,8000,0
42,leaf:science and technology#t3,This article covers the topic of science and technology.,exact-hit,0,0,0,0,0,1.0,1.0,1.0,2000,0.920061099796334,False,0.9035,False,1.3165990822017193e-05,1.0,False,semreuse,agnews,8000,0
43,leaf:science and technology#t1,This text discusses science and technology.,exact-hit,0,0,0,0,0,1.0,1.0,1.0,2000,0.920061099796334,False,0.9035,False,9.417010005563498e-06,1.0,False,semreuse,agnews,8000,0
44,leaf:business and finance#t3,This article covers the topic of business and finance.,exact-hit,0,0,0,0,0,1.0,1.0,1.0,2000,0.9199632014719411,False,1.0,False,6.041984306648374e-06,1.0,False,semreuse,agnews,8000,0
45,union:science and technology|sports#u0,The document is about science and technology or about sports.,exact-hit,0,0,0,0,0,1.0,1.0,1.0,4000,1.0,False,0.9515,False,4.792003892362118e-06,1.0,False,semreuse,agnews,8000,0
46,leaf:business and finance#t3,This article covers the topic of business and finance.,exact-hit,0,0,0,0,0,1.0,1.0,1.0,2000,0.9199632014719411,False,1.0,False,2.9589864425361156e-06,1.0,False,semreuse,agnews,8000,0
47,union:science and technology|world news#u1,This text discusses either science and technology or world news.,exact-hit,0,0,0,0,0,1.0,1.0,1.0,4000,0.9197043079276064,False,0.902,False,4.750007065013051e-06,1.0,False,semreuse,agnews,8000,0
48,union:science and technology|sports#u0,The document is about science and technology or about sports.,exact-hit,0,0,0,0,0,1.0,1.0,1.0,4000,1.0,False,0.9515,False,5.125009920448065e-06,1.0,False,semreuse,agnews,8000,0
49,leaf:science and technology#t3,This article covers the topic of science and technology.,exact-hit,0,0,0,0,0,1.0,1.0,1.0,2000,0.920061099796334,False,0.9035,False,3.1249946914613247e-06,1.0,False,semreuse,agnews,8000,0
50,leaf:sports#t0,The document is about sports.,exact-hit,0,0,0,0,0,1.0,1.0,1.0,2000,,,,,4.875008016824722e-06,1.0,,semreuse,agnews,8000,0
51,leaf:world news#t2,The passage is related to world news.,exact-hit,0,0,0,0,0,1.0,1.0,1.0,2000,0.920061099796334,False,0.9035,False,4.417001036927104e-06,1.0,False,semreuse,agnews,8000,0
52,leaf:business and finance#t3,This article covers the topic of business and finance.,exact-hit,0,0,0,0,0,1.0,1.0,1.0,2000,0.9199632014719411,False,1.0,False,4.417001036927104e-06,1.0,False,semreuse,agnews,8000,0
53,leaf:business and finance#t0,The document is about business and finance.,rewrite,213,0,213,0,44,1.0,1.0,1.0,2000,0.920061099796334,False,0.9035,False,0.2160485000058543,1.0,False,semreuse,agnews,8000,0
54,union:science and technology|world news#u0,The document is about science and technology or about world news.,exact-hit,0,0,0,0,0,1.0,1.0,1.0,4000,,,,,1.1541007552295923e-05,1.0,,semreuse,agnews,8000,0
55,leaf:sports#t1,This text discusses sports.,exact-hit,0,0,0,0,0,1.0,1.0,1.0,2000,0.920061099796334,False,0.9035,False,5.584006430581212e-06,1.0,False,semreuse,agnews,8000,0
56,leaf:science and technology#t3,This article covers the topic of science and technology.,exact-hit,0,0,0,0,0,1.0,1.0,1.0,2000,0.920061099796334,False,0.9035,False,4.6670029405504465e-06,1.0,False,semreuse,agnews,8000,0
57,leaf:business and finance#t3,This article covers the topic of business and finance.,exact-hit,0,0,0,0,0,1.0,1.0,1.0,2000,0.9199632014719411,False,1.0,False,4.3339969124644995e-06,1.0,False,semreuse,agnews,8000,0
58,union:sports|world news#u1,This text discusses either sports or world news.,exact-hit,0,0,0,0,0,1.0,1.0,1.0,4000,1.0,False,0.9035,False,4.1669991333037615e-06,1.0,False,semreuse,agnews,8000,0
59,union:business and finance|world news#u1,This text discusses either business and finance or world news.,exact-hit,0,0,0,0,0,1.0,1.0,1.0,4000,1.0,False,0.9515,False,3.8339931052178144e-06,1.0,False,semreuse,agnews,8000,0
60,leaf:science and technology#t3,This article covers the topic of science and technology.,exact-hit,0,0,0,0,0,1.0,1.0,1.0,2000,0.920061099796334,False,0.9035,False,3.2910029403865337e-06,1.0,False,semreuse,agnews,8000,0
61,leaf:business and finance#t2,The passage is related to business and finance.,exact-hit,0,0,0,0,0,1.0,1.0,1.0,2000,0.9199632014719411,False,1.0,False,3.416993422433734e-06,1.0,False,semreuse,agnews,8000,0
62,union:science and technology|sports#u0,The document is about science and technology or about sports.,exact-hit,0,0,0,0,0,1.0,1.0,1.0,4000,1.0,False,0.9515,False,3.958004526793957e-06,1.0,False,semreuse,agnews,8000,0
63,leaf:business and finance#t2,The passage is related to business and finance.,exact-hit,0,0,0,0,0,1.0,1.0,1.0,2000,0.9199632014719411,False,1.0,False,2.708024112507701e-06,1.0,False,semreuse,agnews,8000,0
64,leaf:sports#t2,The passage is related to sports.,exact-hit,0,0,0,0,0,1.0,1.0,1.0,2000,0.920061099796334,False,0.9035,False,2.9999937396496534e-06,1.0,False,semreuse,agnews,8000,0
65,leaf:sports#t2,The passage is related to sports.,exact-hit,0,0,0,0,0,1.0,1.0,1.0,2000,0.920061099796334,False,0.9035,False,2.7919886633753777e-06,1.0,False,semreuse,agnews,8000,0
66,leaf:sports#t3,This article covers the topic of sports.,rewrite,213,0,213,0,46,1.0,1.0,1.0,2000,0.920061099796334,False,0.9035,False,0.23731629201211035,1.0,False,semreuse,agnews,8000,0
67,leaf:sports#t0,The document is about sports.,exact-hit,0,0,0,0,0,1.0,1.0,1.0,2000,,,,,2.5666988221928477e-05,1.0,,semreuse,agnews,8000,0
68,leaf:business and finance#t2,The passage is related to business and finance.,exact-hit,0,0,0,0,0,1.0,1.0,1.0,2000,0.9199632014719411,False,1.0,False,1.4499993994832039e-05,1.0,False,semreuse,agnews,8000,0
69,leaf:sports#t0,The document is about sports.,exact-hit,0,0,0,0,0,1.0,1.0,1.0,2000,,,,,1.1083000572398305e-05,1.0,,semreuse,agnews,8000,0
70,leaf:science and technology#t0,The document is about science and technology.,exact-hit,0,0,0,0,0,1.0,1.0,1.0,2000,0.920061099796334,False,0.9035,False,1.270900247618556e-05,1.0,False,semreuse,agnews,8000,0
71,leaf:sports#t2,The passage is related to sports.,exact-hit,0,0,0,0,0,1.0,1.0,1.0,2000,0.920061099796334,False,0.9035,False,1.1541997082531452e-05,1.0,False,semreuse,agnews,8000,0
72,leaf:sports#t3,This article covers the topic of sports.,exact-hit,0,0,0,0,0,1.0,1.0,1.0,2000,0.920061099796334,False,0.9035,False,1.2250005966052413e-05,1.0,False,semreuse,agnews,8000,0
73,union:sports|world news#u0,The document is about sports or about world news.,rewrite,137,0,137,0,48,1.0,1.0,1.0,4000,0.9197043079276064,False,0.902,False,0.3650591670011636,1.0,False,semreuse,agnews,8000,0
74,leaf:business and finance#t0,The document is about business and finance.,exact-hit,0,0,0,0,0,1.0,1.0,1.0,2000,0.920061099796334,False,0.9035,False,1.7707992810755968e-05,1.0,False,semreuse,agnews,8000,0
75,leaf:science and technology#t2,The passage is related to science and technology.,exact-hit,0,0,0,0,0,1.0,1.0,1.0,2000,0.9199632014719411,False,1.0,False,7.791997632011771e-06,1.0,False,semreuse,agnews,8000,0
76,leaf:science and technology#t2,The passage is related to science and technology.,exact-hit,0,0,0,0,0,1.0,1.0,1.0,2000,0.9199632014719411,False,1.0,False,4.6660134103149176e-06,1.0,False,semreuse,agnews,8000,0
77,leaf:sports#t1,This text discusses sports.,exact-hit,0,0,0,0,0,1.0,1.0,1.0,2000,0.920061099796334,False,0.9035,False,6.874994141981006e-06,1.0,False,semreuse,agnews,8000,0
78,leaf:world news#t0,The document is about world news.,exact-hit,0,0,0,0,0,1.0,1.0,1.0,2000,0.9199632014719411,False,1.0,False,7.790978997945786e-06,1.0,False,semreuse,agnews,8000,0
79,leaf:business and finance#t3,This article covers the topic of business and finance.,exact-hit,0,0,0,0,0,1.0,1.0,1.0,2000,0.9199632014719411,False,1.0,False,6.541988113895059e-06,1.0,False,semreuse,agnews,8000,0
80,union:business and finance|science and technology#u1,This text discusses either business and finance or science and technology.,exact-hit,0,0,0,0,0,1.0,1.0,1.0,4000,0.9197043079276064,False,0.902,False,6.832997314631939e-06,1.0,False,semreuse,agnews,8000,0
81,union:science and technology|sports#u0,The document is about science and technology or about sports.,exact-hit,0,0,0,0,0,1.0,1.0,1.0,4000,1.0,False,0.9515,False,2.1124986233189702e-05,1.0,False,semreuse,agnews,8000,0
82,union:science and technology|sports#u1,This text discusses either science and technology or sports.,rewrite,137,0,137,0,50,1.0,1.0,1.0,4000,0.9197043079276064,False,0.902,False,0.378196083009243,1.0,False,semreuse,agnews,8000,0
83,leaf:sports#t3,This article covers the topic of sports.,exact-hit,0,0,0,0,0,1.0,1.0,1.0,2000,0.920061099796334,False,0.9035,False,9.917013812810183e-06,1.0,False,semreuse,agnews,8000,0
84,leaf:science and technology#t3,This article covers the topic of science and technology.,exact-hit,0,0,0,0,0,1.0,1.0,1.0,2000,0.920061099796334,False,0.9035,False,4.250003257766366e-06,1.0,False,semreuse,agnews,8000,0
85,union:science and technology|sports#u0,The document is about science and technology or about sports.,exact-hit,0,0,0,0,0,1.0,1.0,1.0,4000,1.0,False,0.9515,False,3.4590193536132574e-06,1.0,False,semreuse,agnews,8000,0
86,leaf:sports#t2,The passage is related to sports.,exact-hit,0,0,0,0,0,1.0,1.0,1.0,2000,0.920061099796334,False,0.9035,False,3.416993422433734e-06,1.0,False,semreuse,agnews,8000,0
87,leaf:science and technology#t1,This text discusses science and technology.,exact-hit,0,0,0,0,0,1.0,1.0,1.0,2000,0.920061099796334,False,0.9035,False,3.3339892979711294e-06,1.0,False,semreuse,agnews,8000,0
88,leaf:business and finance#t1,This text discusses business and finance.,rewrite,213,0,213,0,52,1.0,1.0,1.0,2000,0.920061099796334,False,0.9035,False,0.24968595799873583,1.0,False,semreuse,agnews,8000,0
89,leaf:sports#t0,The document is about sports.,exact-hit,0,0,0,0,0,1.0,1.0,1.0,2000,,,,,1.1500000255182385e-05,1.0,,semreuse,agnews,8000,0
90,union:business and finance|world news#u0,The document is about business and finance or about world news.,exact-hit,0,0,0,0,0,1.0,1.0,1.0,4000,0.9197043079276064,False,0.902,False,5.083013093098998e-06,1.0,False,semreuse,agnews,8000,0
91,union:business and finance|world news#u0,The document is about business and finance or about world news.,exact-hit,0,0,0,0,0,1.0,1.0,1.0,4000,0.9197043079276064,False,0.902,False,3.4590193536132574e-06,1.0,False,semreuse,agnews,8000,0
92,leaf:sports#t3,This article covers the topic of sports.,exact-hit,0,0,0,0,0,1.0,1.0,1.0,2000,0.920061099796334,False,0.9035,False,4.6660134103149176e-06,1.0,False,semreuse,agnews,8000,0
93,leaf:science and technology#t3,This article covers the topic of science and technology.,exact-hit,0,0,0,0,0,1.0,1.0,1.0,2000,0.920061099796334,False,0.9035,False,4.6670029405504465e-06,1.0,False,semreuse,agnews,8000,0
94,leaf:sports#t3,This article covers the topic of sports.,exact-hit,0,0,0,0,0,1.0,1.0,1.0,2000,0.920061099796334,False,0.9035,False,3.2079988159239292e-06,1.0,False,semreuse,agnews,8000,0
95,leaf:sports#t2,The passage is related to sports.,exact-hit,0,0,0,0,0,1.0,1.0,1.0,2000,0.920061099796334,False,0.9035,False,4.1669991333037615e-06,1.0,False,semreuse,agnews,8000,0
96,leaf:business and finance#t2,The passage is related to business and finance.,exact-hit,0,0,0,0,0,1.0,1.0,1.0,2000,0.9199632014719411,False,1.0,False,4.0000013541430235e-06,1.0,False,semreuse,agnews,8000,0
97,leaf:sports#t0,The document is about sports.,exact-hit,0,0,0,0,0,1.0,1.0,1.0,2000,,,,,3.958994057029486e-06,1.0,,semreuse,agnews,8000,0
98,leaf:sports#t1,This text discusses sports.,exact-hit,0,0,0,0,0,1.0,1.0,1.0,2000,0.920061099796334,False,0.9035,False,4.041008651256561e-06,1.0,False,semreuse,agnews,8000,0
99,leaf:science and technology#t3,This article covers the topic of science and technology.,exact-hit,0,0,0,0,0,1.0,1.0,1.0,2000,0.920061099796334,False,0.9035,False,3.249995643272996e-06,1.0,False,semreuse,agnews,8000,0
100,leaf:science and technology#t3,This article covers the topic of science and technology.,exact-hit,0,0,0,0,0,1.0,1.0,1.0,2000,0.920061099796334,False,0.9035,False,3.04199056699872e-06,1.0,False,semreuse,agnews,8000,0
101,leaf:world news#t2,The passage is related to world news.,exact-hit,0,0,0,0,0,1.0,1.0,1.0,2000,0.920061099796334,False,0.9035,False,4.0000013541430235e-06,1.0,False,semreuse,agnews,8000,0
102,union:science and technology|world news#u1,This text discusses either science and technology or world news.,exact-hit,0,0,0,0,0,1.0,1.0,1.0,4000,0.9197043079276064,False,0.902,False,4.3330073822289705e-06,1.0,False,semreuse,agnews,8000,0
103,leaf:business and finance#t1,This text discusses business and finance.,exact-hit,0,0,0,0,0,1.0,1.0,1.0,2000,0.920061099796334,False,0.9035,False,3.249995643272996e-06,1.0,False,semreuse,agnews,8000,0
104,leaf:science and technology#t3,This article covers the topic of science and technology.,exact-hit,0,0,0,0,0,1.0,1.0,1.0,2000,0.920061099796334,False,0.9035,False,3.0410010367631912e-06,1.0,False,semreuse,agnews,8000,0
105,leaf:science and technology#t0,The document is about science and technology.,exact-hit,0,0,0,0,0,1.0,1.0,1.0,2000,0.920061099796334,False,0.9035,False,9.541981853544712e-06,1.0,False,semreuse,agnews,8000,0
106,union:business and finance|science and technology#u1,This text discusses either business and finance or science and technology.,exact-hit,0,0,0,0,0,1.0,1.0,1.0,4000,0.9197043079276064,False,0.902,False,4.875008016824722e-06,1.0,False,semreuse,agnews,8000,0
107,union:business and finance|sports#u0,The document is about business and finance or about sports.,exact-hit,0,0,0,0,0,1.0,1.0,1.0,4000,1.0,False,0.9035,False,4.375004209578037e-06,1.0,False,semreuse,agnews,8000,0
108,leaf:science and technology#t2,The passage is related to science and technology.,exact-hit,0,0,0,0,0,1.0,1.0,1.0,2000,0.9199632014719411,False,1.0,False,3.8330035749822855e-06,1.0,False,semreuse,agnews,8000,0
109,leaf:business and finance#t2,The passage is related to business and finance.,exact-hit,0,0,0,0,0,1.0,1.0,1.0,2000,0.9199632014719411,False,1.0,False,3.875000402331352e-06,1.0,False,semreuse,agnews,8000,0
110,leaf:sports#t3,This article covers the topic of sports.,exact-hit,0,0,0,0,0,1.0,1.0,1.0,2000,0.920061099796334,False,0.9035,False,3.4170225262641907e-06,1.0,False,semreuse,agnews,8000,0
111,leaf:science and technology#t0,The document is about science and technology.,exact-hit,0,0,0,0,0,1.0,1.0,1.0,2000,0.920061099796334,False,0.9035,False,2.9579969123005867e-06,1.0,False,semreuse,agnews,8000,0
112,leaf:sports#t3,This article covers the topic of sports.,exact-hit,0,0,0,0,0,1.0,1.0,1.0,2000,0.920061099796334,False,0.9035,False,3.2919924706220627e-06,1.0,False,semreuse,agnews,8000,0
113,leaf:sports#t2,The passage is related to sports.,exact-hit,0,0,0,0,0,1.0,1.0,1.0,2000,0.920061099796334,False,0.9035,False,4.083005478605628e-06,1.0,False,semreuse,agnews,8000,0
114,leaf:business and finance#t2,The passage is related to business and finance.,exact-hit,0,0,0,0,0,1.0,1.0,1.0,2000,0.9199632014719411,False,1.0,False,3.042019670829177e-06,1.0,False,semreuse,agnews,8000,0
115,leaf:business and finance#t0,The document is about business and finance.,exact-hit,0,0,0,0,0,1.0,1.0,1.0,2000,0.920061099796334,False,0.9035,False,4.04199818149209e-06,1.0,False,semreuse,agnews,8000,0
116,union:science and technology|sports#u0,The document is about science and technology or about sports.,exact-hit,0,0,0,0,0,1.0,1.0,1.0,4000,1.0,False,0.9515,False,4.791014362126589e-06,1.0,False,semreuse,agnews,8000,0
117,leaf:sports#t0,The document is about sports.,exact-hit,0,0,0,0,0,1.0,1.0,1.0,2000,,,,,3.749999450519681e-06,1.0,,semreuse,agnews,8000,0
118,leaf:business and finance#t0,The document is about business and finance.,exact-hit,0,0,0,0,0,1.0,1.0,1.0,2000,0.920061099796334,False,0.9035,False,4.291010554879904e-06,1.0,False,semreuse,agnews,8000,0
119,leaf:sports#t3,This article covers the topic of sports.,exact-hit,0,0,0,0,0,1.0,1.0,1.0,2000,0.920061099796334,False,0.9035,False,3.1669915188103914e-06,1.0,False,semreuse,agnews,8000,0
0,leaf:sports#t0,The document is about sports.,cold,8000,8000,0,0,0,1.0,1.0,1.0,2000,,,,,0.00018791700131259859,1.0,,semreuse-gt,agnews,8000,0
1,union:business and finance|science and technology#u0,The document is about business and finance or about science and technology.,rewrite,6020,6000,20,0,0,1.0,1.0,1.0,4000,0.922722029988466,False,1.0,False,0.002161874988814816,1.0,False,semreuse-gt,agnews,8000,0
2,leaf:business and finance#t2,The passage is related to business and finance.,rewrite,4082,4000,82,0,0,1.0,1.0,1.0,2000,0.9199632014719411,False,1.0,False,0.002127291983924806,1.0,False,semreuse-gt,agnews,8000,0
3,union:science and technology|world news#u0,The document is about science and technology or about world news.,rewrite,4044,4000,44,0,0,1.0,1.0,1.0,4000,0.9189065012634965,False,1.0,False,0.0022969580022618175,1.0,False,semreuse-gt,agnews,8000,0
4,leaf:world news#t0,The document is about world news.,rewrite,2137,2000,137,0,0,1.0,1.0,1.0,2000,0.9199632014719411,False,1.0,False,0.0022052080021239817,1.0,False,semreuse-gt,agnews,8000,0
5,union:business and finance|world news#u1,This text discusses either business and finance or world news.,rewrite,2110,2000,110,0,0,1.0,1.0,1.0,4000,0.9213483146067416,False,0.902,False,0.0034055830037686974,1.0,False,semreuse-gt,agnews,8000,0
6,leaf:sports#t1,This text discusses sports.,rewrite,198,0,198,0,0,1.0,1.0,1.0,2000,0.920061099796334,False,0.9035,False,0.0028150409925729036,1.0,False,semreuse-gt,agnews,8000,0
7,leaf:sports#t0,The document is about sports.,exact-hit,0,0,0,0,0,1.0,1.0,1.0,2000,,,,,7.875001756474376e-06,1.0,,semreuse-gt,agnews,8000,0
8,leaf:business and finance#t2,The passage is related to business and finance.,exact-hit,0,0,0,0,0,1.0,1.0,1.0,2000,0.9199632014719411,False,1.0,False,4.375004209578037e-06,1.0,False,semreuse-gt,agnews,8000,0
9,leaf:world news#t3,This article covers the topic of world news.,rewrite,213,0,213,0,0,1.0,1.0,1.0,2000,0.920061099796334,False,0.9035,False,0.0031139169877860695,1.0,False,semreuse-gt,agnews,8000,0
10,leaf:world news#t2,The passage is related to world news.,rewrite,213,0,213,0,0,1.0,1.0,1.0,2000,0.920061099796334,False,0.9035,False,0.002917750010965392,1.0,False,semreuse-gt,agnews,8000,0
11,leaf:science and technology#t2,The passage is related to science and technology.,rewrite,2137,2000,137,0,0,1.0,1.0,1.0,2000,0.9199632014719411,False,1.0,False,0.002228708006441593,1.0,False,semreuse-gt,agnews,8000,0
12,union:science and technology|sports#u0,The document is about science and technology or about sports.,rewrite,137,0,137,0,0,1.0,1.0,1.0,4000,0.9197043079276064,False,0.902,False,0.00342475000070408,1.0,False,semreuse-gt,agnews,8000,0
13,leaf:science and technology#t1,This text discusses science and technology.,rewrite,213,0,213,0,0,1.0,1.0,1.0,2000,0.920061099796334,False,0.9035,False,0.002805290976539254,1.0,False,semreuse-gt,agnews,8000,0
14,leaf:world news#t2,The passage is related to world news.,exact-hit,0,0,0,0,0,1.0,1.0,1.0,2000,0.920061099796334,False,0.9035,False,7.58297392167151e-06,1.0,False,semreuse-gt,agnews,8000,0
15,leaf:business and finance#t3,This article covers the topic of business and finance.,rewrite,213,0,213,0,0,1.0,1.0,1.0,2000,0.920061099796334,False,0.9035,False,0.002825208008289337,1.0,False,semreuse-gt,agnews,8000,0
16,union:business and finance|sports#u0,The document is about business and finance or about sports.,rewrite,137,0,137,0,0,1.0,1.0,1.0,4000,0.9197043079276064,False,0.902,False,0.0034279170213267207,1.0,False,semreuse-gt,agnews,8000,0
17,union:business and finance|science and technology#u1,This text discusses either business and finance or science and technology.,rewrite,137,0,137,0,0,1.0,1.0,1.0,4000,0.9197043079276064,False,0.902,False,0.0033823330013547093,1.0,False,semreuse-gt,agnews,8000,0
18,leaf:world news#t1,This text discusses world news.,rewrite,213,0,213,0,0,1.0,1.0,1.0,2000,0.920061099796334,False,0.9035,False,0.002899958984926343,1.0,False,semreuse-gt,agnews,8000,0
19,leaf:science and technology#t3,This article covers the topic of science and technology.,rewrite,213,0,213,0,0,1.0,1.0,1.0,2000,0.920061099796334,False,0.9035,False,0.002883583016227931,1.0,False,semreuse-gt,agnews,8000,0
20,leaf:world news#t1,This text discusses world news.,exact-hit,0,0,0,0,0,1.0,1.0,1.0,2000,0.920061099796334,False,0.9035,False,7.374997949227691e-06,1.0,False,semreuse-gt,agnews,8000,0
21,leaf:world news#t2,The passage is related to world news.,exact-hit,0,0,0,0,0,1.0,1.0,1.0,2000,0.920061099796334,False,0.9035,False,4.291010554879904e-06,1.0,False,semreuse-gt,agnews,8000,0
22,union:business and finance|science and technology#u1,This text discusses either business and finance or science and technology.,exact-hit,0,0,0,0,0,1.0,1.0,1.0,4000,0.9197043079276064,False,0.902,False,3.7500285543501377e-06,1.0,False,semreuse-gt,agnews,8000,0
23,leaf:world news#t0,The document is about world news.,exact-hit,0,0,0,0,0,1.0,1.0,1.0,2000,0.9199632014719411,False,1.0,False,3.3329997677356005e-06,1.0,False,semreuse-gt,agnews,8000,0
24,union:business and finance|sports#u0,The document is about business and finance or about sports.,exact-hit,0,0,0,0,0,1.0,1.0,1.0,4000,0.9197043079276064,False,0.902,False,3.7919962778687477e-06,1.0,False,semreuse-gt,agnews,8000,0
25,leaf:sports#t1,This text discusses sports.,exact-hit,0,0,0,0,0,1.0,1.0,1.0,2000,0.920061099796334,False,0.9035,False,3.6660057958215475e-06,1.0,False,semreuse-gt,agnews,8000,0
26,leaf:science and technology#t3,This article covers the topic of science and technology.,exact-hit,0,0,0,0,0,1.0,1.0,1.0,2000,0.920061099796334,False,0.9035,False,2.9580260161310434e-06,1.0,False,semreuse-gt,agnews,8000,0
27,leaf:world news#t1,This text discusses world news.,exact-hit,0,0,0,0,0,1.0,1.0,1.0,2000,0.920061099796334,False,0.9035,False,2.9589864425361156e-06,1.0,False,semreuse-gt,agnews,8000,0
28,leaf:sports#t1,This text discusses sports.,exact-hit,0,0,0,0,0,1.0,1.0,1.0,2000,0.920061099796334,False,0.9035,False,3.2079988159239292e-06,1.0,False,semreuse-gt,agnews,8000,0
29,leaf:science and technology#t3,This article covers the topic of science and technology.,exact-hit,0,0,0,0,0,1.0,1.0,1.0,2000,0.920061099796334,False,0.9035,False,2.708984538912773e-06,1.0,False,semreuse-gt,agnews,8000,0
30,union:science and technology|world news#u1,This text discusses either science and technology or world news.,rewrite,89,0,89,0,0,1.0,1.0,1.0,4000,0.919806517311609,False,0.90325,False,0.002944625011878088,1.0,False,semreuse-gt,agnews,8000,0
31,union:sports|world news#u1,This text discusses either sports or world news.,rewrite,137,0,137,0,0,1.0,1.0,1.0,4000,0.9197043079276064,False,0.902,False,0.0033437499951105565,1.0,False,semreuse-gt,agnews,8000,0
32,union:business and finance|science and technology#u0,The document is about business and finance or about science and technology.,exact-hit,0,0,0,0,0,1.0,1.0,1.0,4000,0.922722029988466,False,1.0,False,6.291986210271716e-06,1.0,False,semreuse-gt,agnews,8000,0
33,leaf:business and finance#t3,This article covers the topic of business and finance.,exact-hit,0,0,0,0,0,1.0,1.0,1.0,2000,0.920061099796334,False,0.9035,False,3.5410048440098763e-06,1.0,False,semreuse-gt,agnews,8000,0
34,union:business and finance|world news#u0,The document is about business and finance or about world news.,rewrite,89,0,89,0,0,1.0,1.0,1.0,4000,0.919806517311609,False,0.90325,False,0.00274695799453184,1.0,False,semreuse-gt,agnews,8000,0
35,leaf:world news#t2,The passage is related to world news.,exact-hit,0,0,0,0,0,1.0,1.0,1.0,2000,0.920061099796334,False,0.9035,False,5.207984941080213e-06,1.0,False,semreuse-gt,agnews,8000,0
36,leaf:science and technology#t0,The document is about science and technology.,rewrite,213,0,213,0,0,1.0,1.0,1.0,2000,0.920061099796334,False,0.9035,False,0.0027257499750703573,1.0,False,semreuse-gt,agnews,8000,0
37,leaf:science and technology#t0,The document is about science and technology.,exact-hit,0,0,0,0,0,1.0,1.0,1.0,2000,0.920061099796334,False,0.9035,False,6.000016583129764e-06,1.0,False,semreuse-gt,agnews,8000,0
38,leaf:business and finance#t3,This article covers the topic of business and finance.,exact-hit,0,0,0,0,0,1.0,1.0,1.0,2000,0.920061099796334,False,0.9035,False,3.04199056699872e-06,1.0,False,semreuse-gt,agnews,8000,0
39,union:business and finance|science and technology#u0,The document is about business and finance or about science and technology.,exact-hit,0,0,0,0,0,1.0,1.0,1.0,4000,0.922722029988466,False,1.0,False,2.9170187190175056e-06,1.0,False,semreuse-gt,agnews,8000,0
40,leaf:science and technology#t1,This text discusses science and technology.,exact-hit,0,0,0,0,0,1.0,1.0,1.0,2000,0.920061099796334,False,0.9035,False,2.91600008495152e-06,1.0,False,semreuse-gt,agnews,8000,0
41,leaf:sports#t2,The passage is related to sports.,rewrite,213,0,213,0,0,1.0,1.0,1.0,2000,0.920061099796334,False,0.9035,False,0.002947665983811021,1.0,False,semreuse-gt,agnews,8000,0
42,leaf:science and technology#t3,This article covers the topic of science and technology.,exact-hit,0,0,0,0,0,1.0,1.0,1.0,2000,0.920061099796334,False,0.9035,False,6.874994141981006e-06,1.0,False,semreuse-gt,agnews,8000,0
43,leaf:science and technology#t1,This text discusses science and technology.,exact-hit,0,0,0,0,0,1.0,1.0,1.0,2000,0.920061099796334,False,0.9035,False,3.374996595084667e-06,1.0,False,semreuse-gt,agnews,8000,0
44,leaf:business and finance#t3,This article covers the topic of business and finance.,exact-hit,0,0,0,0,0,1.0,1.0,1.0,2000,0.920061099796334,False,0.9035,False,3.249995643272996e-06,1.0,False,semreuse-gt,agnews,8000,0
45,union:science and technology|sports#u0,The document is about science and technology or about sports.,exact-hit,0,0,0,0,0,1.0,1.0,1.0,4000,0.9197043079276064,False,0.902,False,3.583991201594472e-06,1.0,False,semreuse-gt,agnews,8000,0
46,leaf:business and finance#t3,This article covers the topic of business and finance.,exact-hit,0,0,0,0,0,1.0,1.0,1.0,2000,0.920061099796334,False,0.9035,False,2.8339854907244444e-06,1.0,False,semreuse-gt,agnews,8000,0
47,union:science and technology|world news#u1,This text discusses either science and technology or world news.,exact-hit,0,0,0,0,0,1.0,1.0,1.0,4000,0.919806517311609,False,0.90325,False,3.1669915188103914e-06,1.0,False,semreuse-gt,agnews,8000,0
48,union:science and technology|sports#u0,The document is about science and technology or about sports.,exact-hit,0,0,0,0,0,1.0,1.0,1.0,4000,0.9197043079276064,False,0.902,False,2.9590155463665724e-06,1.0,False,semreuse-gt,agnews,8000,0
49,leaf:science and technology#t3,This article covers the topic of science and technology.,exact-hit,0,0,0,0,0,1.0,1.0,1.0,2000,0.920061099796334,False,0.9035,False,3.2079988159239292e-06,1.0,False,semreuse-gt,agnews,8000,0
50,leaf:sports#t0,The document is about sports.,exact-hit,0,0,0,0,0,1.0,1.0,1.0,2000,,,,,3.541994374245405e-06,1.0,,semreuse-gt,agnews,8000,0
51,leaf:world news#t2,The passage is related to world news.,exact-hit,0,0,0,0,0,1.0,1.0,1.0,2000,0.920061099796334,False,0.9035,False,3.04199056699872e-06,1.0,False,semreuse-gt,agnews,8000,0
52,leaf:business and finance#t3,This article covers the topic of business and finance.,exact-hit,0,0,0,0,0,1.0,1.0,1.0,2000,0.920061099796334,False,0.9035,False,3.2079988159239292e-06,1.0,False,semreuse-gt,agnews,8000,0
53,leaf:business and finance#t0,The document is about business and finance.,rewrite,213,0,213,0,0,1.0,1.0,1.0,2000,0.920061099796334,False,0.9035,False,0.0029438339988701046,1.0,False,semreuse-gt,agnews,8000,0
54,union:science and technology|world news#u0,The document is about science and technology or about world news.,exact-hit,0,0,0,0,0,1.0,1.0,1.0,4000,0.9189065012634965,False,1.0,False,9.916984708979726e-06,1.0,False,semreuse-gt,agnews,8000,0
55,leaf:sports#t1,This text discusses sports.,exact-hit,0,0,0,0,0,1.0,1.0,1.0,2000,0.920061099796334,False,0.9035,False,3.2079988159239292e-06,1.0,False,semreuse-gt,agnews,8000,0
56,leaf:science and technology#t3,This article covers the topic of science and technology.,exact-hit,0,0,0,0,0,1.0,1.0,1.0,2000,0.920061099796334,False,0.9035,False,3.374996595084667e-06,1.0,False,semreuse-gt,agnews,8000,0
57,leaf:business and finance#t3,This article covers the topic of business and finance.,exact-hit,0,0,0,0,0,1.0,1.0,1.0,2000,0.920061099796334,False,0.9035,False,3.04199056699872e-06,1.0,False,semreuse-gt,agnews,8000,0
58,union:sports|world news#u1,This text discusses either sports or world news.,exact-hit,0,0,0,0,0,1.0,1.0,1.0,4000,0.9197043079276064,False,0.902,False,3.1660019885748625e-06,1.0,False,semreuse-gt,agnews,8000,0
59,union:business and finance|world news#u1,This text discusses either business and finance or world news.,exact-hit,0,0,0,0,0,1.0,1.0,1.0,4000,0.9213483146067416,False,0.902,False,3.4999975468963385e-06,1.0,False,semreuse-gt,agnews,8000,0
60,leaf:science and technology#t3,This article covers the topic of science and technology.,exact-hit,0,0,0,0,0,1.0,1.0,1.0,2000,0.920061099796334,False,0.9035,False,2.7909991331398487e-06,1.0,False,semreuse-gt,agnews,8000,0
61,leaf:business and finance#t2,The passage is related to business and finance.,exact-hit,0,0,0,0,0,1.0,1.0,1.0,2000,0.9199632014719411,False,1.0,False,3.249995643272996e-06,1.0,False,semreuse-gt,agnews,8000,0
62,union:science and technology|sports#u0,The document is about science and technology or about sports.,exact-hit,0,0,0,0,0,1.0,1.0,1.0,4000,0.9197043079276064,False,0.902,False,3.1249946914613247e-06,1.0,False,semreuse-gt,agnews,8000,0
63,leaf:business and finance#t2,The passage is related to business and finance.,exact-hit,0,0,0,0,0,1.0,1.0,1.0,2000,0.9199632014719411,False,1.0,False,2.6669877115637064e-06,1.0,False,semreuse-gt,agnews,8000,0
64,leaf:sports#t2,The passage is related to sports.,exact-hit,0,0,0,0,0,1.0,1.0,1.0,2000,0.920061099796334,False,0.9035,False,2.9999937396496534e-06,1.0,False,semreuse-gt,agnews,8000,0
65,leaf:sports#t2,The passage is related to sports.,exact-hit,0,0,0,0,0,1.0,1.0,1.0,2000,0.920061099796334,False,0.9035,False,2.4579931050539017e-06,1.0,False,semreuse-gt,agnews,8000,0
66,leaf:sports#t3,This article covers the topic of sports.,rewrite,198,0,198,0,0,1.0,1.0,1.0,2000,0.920061099796334,False,0.9035,False,0.0028361669974401593,1.0,False,semreuse-gt,agnews,8000,0
67,leaf:sports#t0,The document is about sports.,exact-hit,0,0,0,0,0,1.0,1.0,1.0,2000,,,,,7.291993824765086e-06,1.0,,semreuse-gt,agnews,8000,0
68,leaf:business and finance#t2,The passage is related to business and finance.,exact-hit,0,0,0,0,0,1.0,1.0,1.0,2000,0.9199632014719411,False,1.0,False,3.082997864112258e-06,1.0,False,semreuse-gt,agnews,8000,0
69,leaf:sports#t0,The document is about sports.,exact-hit,0,0,0,0,0,1.0,1.0,1.0,2000,,,,,3.082997864112258e-06,1.0,,semreuse-gt,agnews,8000,0
70,leaf:science and technology#t0,The document is about science and technology.,exact-hit,0,0,0,0,0,1.0,1.0,1.0,2000,0.920061099796334,False,0.9035,False,2.9999937396496534e-06,1.0,False,semreuse-gt,agnews,8000,0
71,leaf:sports#t2,The passage is related to sports.,exact-hit,0,0,0,0,0,1.0,1.0,1.0,2000,0.920061099796334,False,0.9035,False,2.833025064319372e-06,1.0,False,semreuse-gt,agnews,8000,0
72,leaf:sports#t3,This article covers the topic of sports.,exact-hit,0,0,0,0,0,1.0,1.0,1.0,2000,0.920061099796334,False,0.9035,False,2.707995008677244e-06,1.0,False,semreuse-gt,agnews,8000,0
73,union:sports|world news#u0,The document is about sports or about world news.,rewrite,137,0,137,0,0,1.0,1.0,1.0,4000,0.9197043079276064,False,0.902,False,0.003439583000726998,1.0,False,semreuse-gt,agnews,8000,0
74,leaf:business and finance#t0,The document is about business and finance.,exact-hit,0,0,0,0,0,1.0,1.0,1.0,2000,0.920061099796334,False,0.9035,False,2.3833010345697403e-05,1.0,False,semreuse-gt,agnews,8000,0
75,leaf:science and technology#t2,The passage is related to science and technology.,exact-hit,0,0,0,0,0,1.0,1.0,1.0,2000,0.9199632014719411,False,1.0,False,6.125017534941435e-06,1.0,False,semreuse-gt,agnews,8000,0
76,leaf:science and technology#t2,The passage is related to science and technology.,exact-hit,0,0,0,0,0,1.0,1.0,1.0,2000,0.9199632014719411,False,1.0,False,3.6249984987080097e-06,1.0,False,semreuse-gt,agnews,8000,0
77,leaf:sports#t1,This text discusses sports.,exact-hit,0,0,0,0,0,1.0,1.0,1.0,2000,0.920061099796334,False,0.9035,False,4.208006430417299e-06,1.0,False,semreuse-gt,agnews,8000,0
78,leaf:world news#t0,The document is about world news.,exact-hit,0,0,0,0,0,1.0,1.0,1.0,2000,0.9199632014719411,False,1.0,False,3.749999450519681e-06,1.0,False,semreuse-gt,agnews,8000,0
79,leaf:business and finance#t3,This article covers the topic of business and finance.,exact-hit,0,0,0,0,0,1.0,1.0,1.0,2000,0.920061099796334,False,0.9035,False,3.749999450519681e-06,1.0,False,semreuse-gt,agnews,8000,0
80,union:business and finance|science and technology#u1,This text discusses either business and finance or science and technology.,exact-hit,0,0,0,0,0,1.0,1.0,1.0,4000,0.9197043079276064,False,0.902,False,4.582980182021856e-06,1.0,False,semreuse-gt,agnews,8000,0
81,union:science and technology|sports#u0,The document is about science and technology or about sports.,exact-hit,0,0,0,0,0,1.0,1.0,1.0,4000,0.9197043079276064,False,0.902,False,6.249989382922649e-06,1.0,False,semreuse-gt,agnews,8000,0
82,union:science and technology|sports#u1,This text discusses either science and technology or sports.,rewrite,137,0,137,0,0,1.0,1.0,1.0,4000,0.9197043079276064,False,0.902,False,0.003955249994760379,1.0,False,semreuse-gt,agnews,8000,0
83,leaf:sports#t3,This article covers the topic of sports.,exact-hit,0,0,0,0,0,1.0,1.0,1.0,2000,0.920061099796334,False,0.9035,False,1.0042014764621854e-05,1.0,False,semreuse-gt,agnews,8000,0
84,leaf:science and technology#t3,This article covers the topic of science and technology.,exact-hit,0,0,0,0,0,1.0,1.0,1.0,2000,0.920061099796334,False,0.9035,False,4.791974788531661e-06,1.0,False,semreuse-gt,agnews,8000,0
85,union:science and technology|sports#u0,The document is about science and technology or about sports.,exact-hit,0,0,0,0,0,1.0,1.0,1.0,4000,0.9197043079276064,False,0.902,False,5.374982720240951e-06,1.0,False,semreuse-gt,agnews,8000,0
86,leaf:sports#t2,The passage is related to sports.,exact-hit,0,0,0,0,0,1.0,1.0,1.0,2000,0.920061099796334,False,0.9035,False,5.791021976619959e-06,1.0,False,semreuse-gt,agnews,8000,0
87,leaf:science and technology#t1,This text discusses science and technology.,exact-hit,0,0,0,0,0,1.0,1.0,1.0,2000,0.920061099796334,False,0.9035,False,3.2910029403865337e-06,1.0,False,semreuse-gt,agnews,8000,0
88,leaf:business and finance#t1,This text discusses business and finance.,rewrite,213,0,213,0,0,1.0,1.0,1.0,2000,0.920061099796334,False,0.9035,False,0.002948375011328608,1.0,False,semreuse-gt,agnews,8000,0
89,leaf:sports#t0,The document is about sports.,exact-hit,0,0,0,0,0,1.0,1.0,1.0,2000,,,,,6.582995411008596e-06,1.0,,semreuse-gt,agnews,8000,0
90,union:business and finance|world news#u0,The document is about business and finance or about world news.,exact-hit,0,0,0,0,0,1.0,1.0,1.0,4000,0.919806517311609,False,0.90325,False,3.708992153406143e-06,1.0,False,semreuse-gt,agnews,8000,0
91,union:business and finance|world news#u0,The document is about business and finance or about world news.,exact-hit,0,0,0,0,0,1.0,1.0,1.0,4000,0.919806517311609,False,0.90325,False,3.082997864112258e-06,1.0,False,semreuse-gt,agnews,8000,0
92,leaf:sports#t3,This article covers the topic of sports.,exact-hit,0,0,0,0,0,1.0,1.0,1.0,2000,0.920061099796334,False,0.9035,False,2.7909991331398487e-06,1.0,False,semreuse-gt,agnews,8000,0
93,leaf:science and technology#t3,This article covers the topic of science and technology.,exact-hit,0,0,0,0,0,1.0,1.0,1.0,2000,0.920061099796334,False,0.9035,False,2.7909991331398487e-06,1.0,False,semreuse-gt,agnews,8000,0
94,leaf:sports#t3,This article covers the topic of sports.,exact-hit,0,0,0,0,0,1.0,1.0,1.0,2000,0.920061099796334,False,0.9035,False,2.541026333346963e-06,1.0,False,semreuse-gt,agnews,8000,0
95,leaf:sports#t2,The passage is related to sports.,exact-hit,0,0,0,0,0,1.0,1.0,1.0,2000,0.920061099796334,False,0.9035,False,2.582994056865573e-06,1.0,False,semreuse-gt,agnews,8000,0
96,leaf:business and finance#t2,The passage is related to business and finance.,exact-hit,0,0,0,0,0,1.0,1.0,1.0,2000,0.9199632014719411,False,1.0,False,3.1249946914613247e-06,1.0,False,semreuse-gt,agnews,8000,0
97,leaf:sports#t0,The document is about sports.,exact-hit,0,0,0,0,0,1.0,1.0,1.0,2000,,,,,2.6669877115637064e-06,1.0,,semreuse-gt,agnews,8000,0
98,leaf:sports#t1,This text discusses sports.,exact-hit,0,0,0,0,0,1.0,1.0,1.0,2000,0.920061099796334,False,0.9035,False,2.8339854907244444e-06,1.0,False,semreuse-gt,agnews,8000,0
99,leaf:science and technology#t3,This article covers the topic of science and technology.,exact-hit,0,0,0,0,0,1.0,1.0,1.0,2000,0.920061099796334,False,0.9035,False,2.4590117391198874e-06,1.0,False,semreuse-gt,agnews,8000,0
100,leaf:science and technology#t3,This article covers the topic of science and technology.,exact-hit,0,0,0,0,0,1.0,1.0,1.0,2000,0.920061099796334,False,0.9035,False,2.541026333346963e-06,1.0,False,semreuse-gt,agnews,8000,0
101,leaf:world news#t2,The passage is related to world news.,exact-hit,0,0,0,0,0,1.0,1.0,1.0,2000,0.920061099796334,False,0.9035,False,6.375019438564777e-06,1.0,False,semreuse-gt,agnews,8000,0
102,union:science and technology|world news#u1,This text discusses either science and technology or world news.,exact-hit,0,0,0,0,0,1.0,1.0,1.0,4000,0.919806517311609,False,0.90325,False,3.3339892979711294e-06,1.0,False,semreuse-gt,agnews,8000,0
103,leaf:business and finance#t1,This text discusses business and finance.,exact-hit,0,0,0,0,0,1.0,1.0,1.0,2000,0.920061099796334,False,0.9035,False,2.4580222088843584e-06,1.0,False,semreuse-gt,agnews,8000,0
104,leaf:science and technology#t3,This article covers the topic of science and technology.,exact-hit,0,0,0,0,0,1.0,1.0,1.0,2000,0.920061099796334,False,0.9035,False,2.6249908842146397e-06,1.0,False,semreuse-gt,agnews,8000,0
105,leaf:science and technology#t0,The document is about science and technology.,exact-hit,0,0,0,0,0,1.0,1.0,1.0,2000,0.920061099796334,False,0.9035,False,2.91600008495152e-06,1.0,False,semreuse-gt,agnews,8000,0
106,union:business and finance|science and technology#u1,This text discusses either business and finance or science and technology.,exact-hit,0,0,0,0,0,1.0,1.0,1.0,4000,0.9197043079276064,False,0.902,False,3.2919924706220627e-06,1.0,False,semreuse-gt,agnews,8000,0
107,union:business and finance|sports#u0,The document is about business and finance or about sports.,exact-hit,0,0,0,0,0,1.0,1.0,1.0,4000,0.9197043079276064,False,0.902,False,5.332985892891884e-06,1.0,False,semreuse-gt,agnews,8000,0
108,leaf:science and technology#t2,The passage is related to science and technology.,exact-hit,0,0,0,0,0,1.0,1.0,1.0,2000,0.9199632014719411,False,1.0,False,3.04199056699872e-06,1.0,False,semreuse-gt,agnews,8000,0
109,leaf:business and finance#t2,The passage is related to business and finance.,exact-hit,0,0,0,0,0,1.0,1.0,1.0,2000,0.9199632014719411,False,1.0,False,3.3329997677356005e-06,1.0,False,semreuse-gt,agnews,8000,0
110,leaf:sports#t3,This article covers the topic of sports.,exact-hit,0,0,0,0,0,1.0,1.0,1.0,2000,0.920061099796334,False,0.9035,False,3.083987394347787e-06,1.0,False,semreuse-gt,agnews,8000,0
111,leaf:science and technology#t0,The document is about science and technology.,exact-hit,0,0,0,0,0,1.0,1.0,1.0,2000,0.920061099796334,False,0.9035,False,2.8329959604889154e-06,1.0,False,semreuse-gt,agnews,8000,0
112,leaf:sports#t3,This article covers the topic of sports.,exact-hit,0,0,0,0,0,1.0,1.0,1.0,2000,0.920061099796334,False,0.9035,False,2.374988980591297e-06,1.0,False,semreuse-gt,agnews,8000,0
113,leaf:sports#t2,The passage is related to sports.,exact-hit,0,0,0,0,0,1.0,1.0,1.0,2000,0.920061099796334,False,0.9035,False,2.583983587101102e-06,1.0,False,semreuse-gt,agnews,8000,0
114,leaf:business and finance#t2,The passage is related to business and finance.,exact-hit,0,0,0,0,0,1.0,1.0,1.0,2000,0.9199632014719411,False,1.0,False,4.083005478605628e-06,1.0,False,semreuse-gt,agnews,8000,0
115,leaf:business and finance#t0,The document is about business and finance.,exact-hit,0,0,0,0,0,1.0,1.0,1.0,2000,0.920061099796334,False,0.9035,False,4.915986210107803e-06,1.0,False,semreuse-gt,agnews,8000,0
116,union:science and technology|sports#u0,The document is about science and technology or about sports.,exact-hit,0,0,0,0,0,1.0,1.0,1.0,4000,0.9197043079276064,False,0.902,False,3.8339931052178144e-06,1.0,False,semreuse-gt,agnews,8000,0
117,leaf:sports#t0,The document is about sports.,exact-hit,0,0,0,0,0,1.0,1.0,1.0,2000,,,,,3.541994374245405e-06,1.0,,semreuse-gt,agnews,8000,0
118,leaf:business and finance#t0,The document is about business and finance.,exact-hit,0,0,0,0,0,1.0,1.0,1.0,2000,0.920061099796334,False,0.9035,False,2.9579969123005867e-06,1.0,False,semreuse-gt,agnews,8000,0
119,leaf:sports#t3,This article covers the topic of sports.,exact-hit,0,0,0,0,0,1.0,1.0,1.0,2000,0.920061099796334,False,0.9035,False,2.9170187190175056e-06,1.0,False,semreuse-gt,agnews,8000,0
0,leaf:sports#t0,The document is about sports.,cold,30000,30000,0,0,0,1.0,1.0,1.0,7500,,,,,0.00046575002488680184,1.0,,cold,agnews,30000,0
1,union:business and finance|science and technology#u0,The document is about business and finance or about science and technology.,cold,30000,30000,0,0,0,1.0,1.0,1.0,15000,,,,,0.0006809580081608146,1.0,,cold,agnews,30000,0
2,leaf:business and finance#t2,The passage is related to business and finance.,cold,30000,30000,0,0,0,1.0,1.0,1.0,7500,,,,,0.0003652079903986305,1.0,,cold,agnews,30000,0
3,union:science and technology|world news#u0,The document is about science and technology or about world news.,cold,30000,30000,0,0,0,1.0,1.0,1.0,15000,,,,,0.00071233298513107,1.0,,cold,agnews,30000,0
4,leaf:world news#t0,The document is about world news.,cold,30000,30000,0,0,0,1.0,1.0,1.0,7500,,,,,0.00036962502053938806,1.0,,cold,agnews,30000,0
5,union:business and finance|world news#u1,This text discusses either business and finance or world news.,cold,30000,30000,0,0,0,1.0,1.0,1.0,15000,,,,,0.0006820829876232892,1.0,,cold,agnews,30000,0
6,leaf:sports#t1,This text discusses sports.,cold,30000,30000,0,0,0,1.0,1.0,1.0,7500,,,,,0.0004127080028411001,1.0,,cold,agnews,30000,0
7,leaf:sports#t0,The document is about sports.,cold,30000,30000,0,0,0,1.0,1.0,1.0,7500,,,,,0.00041649999911896884,1.0,,cold,agnews,30000,0
8,leaf:business and finance#t2,The passage is related to business and finance.,cold,30000,30000,0,0,0,1.0,1.0,1.0,7500,,,,,0.0003554580034688115,1.0,,cold,agnews,30000,0
9,leaf:world news#t3,This article covers the topic of world news.,cold,30000,30000,0,0,0,1.0,1.0,1.0,7500,,,,,0.00036816700594499707,1.0,,cold,agnews,30000,0
10,leaf:world news#t2,The passage is related to world news.,cold,30000,30000,0,0,0,1.0,1.0,1.0,7500,,,,,0.00037454100674949586,1.0,,cold,agnews,30000,0
11,leaf:science and technology#t2,The passage is related to science and technology.,cold,30000,30000,0,0,0,1.0,1.0,1.0,7500,,,,,0.00035358400782570243,1.0,,cold,agnews,30000,0
12,union:science and technology|sports#u0,The document is about science and technology or about sports.,cold,30000,30000,0,0,0,1.0,1.0,1.0,15000,,,,,0.0007186659786384553,1.0,,cold,agnews,30000,0
13,leaf:science and technology#t1,This text discusses science and technology.,cold,30000,30000,0,0,0,1.0,1.0,1.0,7500,,,,,0.000338084006216377,1.0,,cold,agnews,30000,0
14,leaf:world news#t2,The passage is related to world news.,cold,30000,30000,0,0,0,1.0,1.0,1.0,7500,,,,,0.0003789589973166585,1.0,,cold,agnews,30000,0
15,leaf:business and finance#t3,This article covers the topic of business and finance.,cold,30000,30000,0,0,0,1.0,1.0,1.0,7500,,,,,0.00033275000168941915,1.0,,cold,agnews,30000,0
16,union:business and finance|sports#u0,The document is about business and finance or about sports.,cold,30000,30000,0,0,0,1.0,1.0,1.0,15000,,,,,0.0006613339937757701,1.0,,cold,agnews,30000,0
17,union:business and finance|science and technology#u1,This text discusses either business and finance or science and technology.,cold,30000,30000,0,0,0,1.0,1.0,1.0,15000,,,,,0.0006405829917639494,1.0,,cold,agnews,30000,0
18,leaf:world news#t1,This text discusses world news.,cold,30000,30000,0,0,0,1.0,1.0,1.0,7500,,,,,0.00033687500399537385,1.0,,cold,agnews,30000,0
19,leaf:science and technology#t3,This article covers the topic of science and technology.,cold,30000,30000,0,0,0,1.0,1.0,1.0,7500,,,,,0.0003447920025791973,1.0,,cold,agnews,30000,0
20,leaf:world news#t1,This text discusses world news.,cold,30000,30000,0,0,0,1.0,1.0,1.0,7500,,,,,0.0003364169970154762,1.0,,cold,agnews,30000,0
21,leaf:world news#t2,The passage is related to world news.,cold,30000,30000,0,0,0,1.0,1.0,1.0,7500,,,,,0.0003312499902676791,1.0,,cold,agnews,30000,0
22,union:business and finance|science and technology#u1,This text discusses either business and finance or science and technology.,cold,30000,30000,0,0,0,1.0,1.0,1.0,15000,,,,,0.0006292909965850413,1.0,,cold,agnews,30000,0
23,leaf:world news#t0,The document is about world news.,cold,30000,30000,0,0,0,1.0,1.0,1.0,7500,,,,,0.00033445897861383855,1.0,,cold,agnews,30000,0
24,union:business and finance|sports#u0,The document is about business and finance or about sports.,cold,30000,30000,0,0,0,1.0,1.0,1.0,15000,,,,,0.0007472500146832317,1.0,,cold,agnews,30000,0
25,leaf:sports#t1,This text discusses sports.,cold,30000,30000,0,0,0,1.0,1.0,1.0,7500,,,,,0.0004243750008754432,1.0,,cold,agnews,30000,0
26,leaf:science and technology#t3,This article covers the topic of science and technology.,cold,30000,30000,0,0,0,1.0,1.0,1.0,7500,,,,,0.00038750001112930477,1.0,,cold,agnews,30000,0
27,leaf:world news#t1,This text discusses world news.,cold,30000,30000,0,0,0,1.0,1.0,1.0,7500,,,,,0.0003572080167941749,1.0,,cold,agnews,30000,0
28,leaf:sports#t1,This text discusses sports.,cold,30000,30000,0,0,0,1.0,1.0,1.0,7500,,,,,0.0004197919915895909,1.0,,cold,agnews,30000,0
29,leaf:science and technology#t3,This article covers the topic of science and technology.,cold,30000,30000,0,0,0,1.0,1.0,1.0,7500,,,,,0.0003370420017745346,1.0,,cold,agnews,30000,0
30,union:science and technology|world news#u1,This text discusses either science and technology or world news.,cold,30000,30000,0,0,0,1.0,1.0,1.0,15000,,,,,0.0006762080010958016,1.0,,cold,agnews,30000,0
31,union:sports|world news#u1,This text discusses either sports or world news.,cold,30000,30000,0,0,0,1.0,1.0,1.0,15000,,,,,0.0007447079988196492,1.0,,cold,agnews,30000,0
32,union:business and finance|science and technology#u0,The document is about business and finance or about science and technology.,cold,30000,30000,0,0,0,1.0,1.0,1.0,15000,,,,,0.0006377499958034605,1.0,,cold,agnews,30000,0
33,leaf:business and finance#t3,This article covers the topic of business and finance.,cold,30000,30000,0,0,0,1.0,1.0,1.0,7500,,,,,0.00034083297941833735,1.0,,cold,agnews,30000,0
34,union:business and finance|world news#u0,The document is about business and finance or about world news.,cold,30000,30000,0,0,0,1.0,1.0,1.0,15000,,,,,0.0006689580040983856,1.0,,cold,agnews,30000,0
35,leaf:world news#t2,The passage is related to world news.,cold,30000,30000,0,0,0,1.0,1.0,1.0,7500,,,,,0.0003768749884329736,1.0,,cold,agnews,30000,0
36,leaf:science and technology#t0,The document is about science and technology.,cold,30000,30000,0,0,0,1.0,1.0,1.0,7500,,,,,0.0003379159898031503,1.0,,cold,agnews,30000,0
37,leaf:science and technology#t0,The document is about science and technology.,cold,30000,30000,0,0,0,1.0,1.0,1.0,7500,,,,,0.00034366699401289225,1.0,,cold,agnews,30000,0
38,leaf:business and finance#t3,This article covers the topic of business and finance.,cold,30000,30000,0,0,0,1.0,1.0,1.0,7500,,,,,0.00033558401628397405,1.0,,cold,agnews,30000,0
39,union:business and finance|science and technology#u0,The document is about business and finance or about science and technology.,cold,30000,30000,0,0,0,1.0,1.0,1.0,15000,,,,,0.0006464580073952675,1.0,,cold,agnews,30000,0
40,leaf:science and technology#t1,This text discusses science and technology.,cold,30000,30000,0,0,0,1.0,1.0,1.0,7500,,,,,0.0003704999980982393,1.0,,cold,agnews,30000,0
41,leaf:sports#t2,The passage is related to sports.,cold,30000,30000,0,0,0,1.0,1.0,1.0,7500,,,,,0.0003997080202680081,1.0,,cold,agnews,30000,0
42,leaf:science and technology#t3,This article covers the topic of science and technology.,cold,30000,30000,0,0,0,1.0,1.0,1.0,7500,,,,,0.0003287500003352761,1.0,,cold,agnews,30000,0
43,leaf:science and technology#t1,This text discusses science and technology.,cold,30000,30000,0,0,0,1.0,1.0,1.0,7500,,,,,0.00031987502006813884,1.0,,cold,agnews,30000,0
44,leaf:business and finance#t3,This article covers the topic of business and finance.,cold,30000,30000,0,0,0,1.0,1.0,1.0,7500,,,,,0.00031920798937790096,1.0,,cold,agnews,30000,0
45,union:science and technology|sports#u0,The document is about science and technology or about sports.,cold,30000,30000,0,0,0,1.0,1.0,1.0,15000,,,,,0.0006725840212311596,1.0,,cold,agnews,30000,0
46,leaf:business and finance#t3,This article covers the topic of business and finance.,cold,30000,30000,0,0,0,1.0,1.0,1.0,7500,,,,,0.0003229999856557697,1.0,,cold,agnews,30000,0
47,union:science and technology|world news#u1,This text discusses either science and technology or world news.,cold,30000,30000,0,0,0,1.0,1.0,1.0,15000,,,,,0.0006072079995647073,1.0,,cold,agnews,30000,0
48,union:science and technology|sports#u0,The document is about science and technology or about sports.,cold,30000,30000,0,0,0,1.0,1.0,1.0,15000,,,,,0.0006670829898212105,1.0,,cold,agnews,30000,0
49,leaf:science and technology#t3,This article covers the topic of science and technology.,cold,30000,30000,0,0,0,1.0,1.0,1.0,7500,,,,,0.00032254098914563656,1.0,,cold,agnews,30000,0
50,leaf:sports#t0,The document is about sports.,cold,30000,30000,0,0,0,1.0,1.0,1.0,7500,,,,,0.00038991699693724513,1.0,,cold,agnews,30000,0
51,leaf:world news#t2,The passage is related to world news.,cold,30000,30000,0,0,0,1.0,1.0,1.0,7500,,,,,0.00032787499367259443,1.0,,cold,agnews,30000,0
52,leaf:business and finance#t3,This article covers the topic of business and finance.,cold,30000,30000,0,0,0,1.0,1.0,1.0,7500,,,,,0.0003476249985396862,1.0,,cold,agnews,30000,0
53,leaf:business and finance#t0,The document is about business and finance.,cold,30000,30000,0,0,0,1.0,1.0,1.0,7500,,,,,0.00033312500454485416,1.0,,cold,agnews,30000,0
54,union:science and technology|world news#u0,The document is about science and technology or about world news.,cold,30000,30000,0,0,0,1.0,1.0,1.0,15000,,,,,0.0006568749959114939,1.0,,cold,agnews,30000,0
55,leaf:sports#t1,This text discusses sports.,cold,30000,30000,0,0,0,1.0,1.0,1.0,7500,,,,,0.0004314580000936985,1.0,,cold,agnews,30000,0
56,leaf:science and technology#t3,This article covers the topic of science and technology.,cold,30000,30000,0,0,0,1.0,1.0,1.0,7500,,,,,0.0003456250124145299,1.0,,cold,agnews,30000,0
57,leaf:business and finance#t3,This article covers the topic of business and finance.,cold,30000,30000,0,0,0,1.0,1.0,1.0,7500,,,,,0.0003384580195415765,1.0,,cold,agnews,30000,0
58,union:sports|world news#u1,This text discusses either sports or world news.,cold,30000,30000,0,0,0,1.0,1.0,1.0,15000,,,,,0.000737375026801601,1.0,,cold,agnews,30000,0
59,union:business and finance|world news#u1,This text discusses either business and finance or world news.,cold,30000,30000,0,0,0,1.0,1.0,1.0,15000,,,,,0.0006425830069929361,1.0,,cold,agnews,30000,0
60,leaf:science and technology#t3,This article covers the topic of science and technology.,cold,30000,30000,0,0,0,1.0,1.0,1.0,7500,,,,,0.0003403330047149211,1.0,,cold,agnews,30000,0
61,leaf:business and finance#t2,The passage is related to business and finance.,cold,30000,30000,0,0,0,1.0,1.0,1.0,7500,,,,,0.0003358329995535314,1.0,,cold,agnews,30000,0
62,union:science and technology|sports#u0,The document is about science and technology or about sports.,cold,30000,30000,0,0,0,1.0,1.0,1.0,15000,,,,,0.000749625003663823,1.0,,cold,agnews,30000,0
63,leaf:business and finance#t2,The passage is related to business and finance.,cold,30000,30000,0,0,0,1.0,1.0,1.0,7500,,,,,0.00034529200638644397,1.0,,cold,agnews,30000,0
64,leaf:sports#t2,The passage is related to sports.,cold,30000,30000,0,0,0,1.0,1.0,1.0,7500,,,,,0.0003783749998547137,1.0,,cold,agnews,30000,0
65,leaf:sports#t2,The passage is related to sports.,cold,30000,30000,0,0,0,1.0,1.0,1.0,7500,,,,,0.0004194169887341559,1.0,,cold,agnews,30000,0
66,leaf:sports#t3,This article covers the topic of sports.,cold,30000,30000,0,0,0,1.0,1.0,1.0,7500,,,,,0.000415542017435655,1.0,,cold,agnews,30000,0
67,leaf:sports#t0,The document is about sports.,cold,30000,30000,0,0,0,1.0,1.0,1.0,7500,,,,,0.0004116669879294932,1.0,,cold,agnews,30000,0
68,leaf:business and finance#t2,The passage is related to business and finance.,cold,30000,30000,0,0,0,1.0,1.0,1.0,7500,,,,,0.00034012499963864684,1.0,,cold,agnews,30000,0
69,leaf:sports#t0,The document is about sports.,cold,30000,30000,0,0,0,1.0,1.0,1.0,7500,,,,,0.00042558301356621087,1.0,,cold,agnews,30000,0
70,leaf:science and technology#t0,The document is about science and technology.,cold,30000,30000,0,0,0,1.0,1.0,1.0,7500,,,,,0.0003097080043517053,1.0,,cold,agnews,30000,0
71,leaf:sports#t2,The passage is related to sports.,cold,30000,30000,0,0,0,1.0,1.0,1.0,7500,,,,,0.000384374987334013,1.0,,cold,agnews,30000,0
72,leaf:sports#t3,This article covers the topic of sports.,cold,30000,30000,0,0,0,1.0,1.0,1.0,7500,,,,,0.0003830420027952641,1.0,,cold,agnews,30000,0
73,union:sports|world news#u0,The document is about sports or about world news.,cold,30000,30000,0,0,0,1.0,1.0,1.0,15000,,,,,0.0006829170160926878,1.0,,cold,agnews,30000,0
74,leaf:business and finance#t0,The document is about business and finance.,cold,30000,30000,0,0,0,1.0,1.0,1.0,7500,,,,,0.0003110000106971711,1.0,,cold,agnews,30000,0
75,leaf:science and technology#t2,The passage is related to science and technology.,cold,30000,30000,0,0,0,1.0,1.0,1.0,7500,,,,,0.00030820799292996526,1.0,,cold,agnews,30000,0
76,leaf:science and technology#t2,The passage is related to science and technology.,cold,30000,30000,0,0,0,1.0,1.0,1.0,7500,,,,,0.0003065000055357814,1.0,,cold,agnews,30000,0
77,leaf:sports#t1,This text discusses sports.,cold,30000,30000,0,0,0,1.0,1.0,1.0,7500,,,,,0.00037937500746920705,1.0,,cold,agnews,30000,0
78,leaf:world news#t0,The document is about world news.,cold,30000,30000,0,0,0,1.0,1.0,1.0,7500,,,,,0.0003712089965119958,1.0,,cold,agnews,30000,0
79,leaf:business and finance#t3,This article covers the topic of business and finance.,cold,30000,30000,0,0,0,1.0,1.0,1.0,7500,,,,,0.00030949999927543104,1.0,,cold,agnews,30000,0
80,union:business and finance|science and technology#u1,This text discusses either business and finance or science and technology.,cold,30000,30000,0,0,0,1.0,1.0,1.0,15000,,,,,0.0006366250163409859,1.0,,cold,agnews,30000,0
81,union:science and technology|sports#u0,The document is about science and technology or about sports.,cold,30000,30000,0,0,0,1.0,1.0,1.0,15000,,,,,0.0007209580217022449,1.0,,cold,agnews,30000,0
82,union:science and technology|sports#u1,This text discusses either science and technology or sports.,cold,30000,30000,0,0,0,1.0,1.0,1.0,15000,,,,,0.0007265830063261092,1.0,,cold,agnews,30000,0
83,leaf:sports#t3,This article covers the topic of sports.,cold,30000,30000,0,0,0,1.0,1.0,1.0,7500,,,,,0.00041558302473276854,1.0,,cold,agnews,30000,0
84,leaf:science and technology#t3,This article covers the topic of science and technology.,cold,30000,30000,0,0,0,1.0,1.0,1.0,7500,,,,,0.00033941701985895634,1.0,,cold,agnews,30000,0
85,union:science and technology|sports#u0,The document is about science and technology or about sports.,cold,30000,30000,0,0,0,1.0,1.0,1.0,15000,,,,,0.0006897500134073198,1.0,,cold,agnews,30000,0
86,leaf:sports#t2,The passage is related to sports.,cold,30000,30000,0,0,0,1.0,1.0,1.0,7500,,,,,0.00041429101838730276,1.0,,cold,agnews,30000,0
87,leaf:science and technology#t1,This text discusses science and technology.,cold,30000,30000,0,0,0,1.0,1.0,1.0,7500,,,,,0.00038133299676701427,1.0,,cold,agnews,30000,0
88,leaf:business and finance#t1,This text discusses business and finance.,cold,30000,30000,0,0,0,1.0,1.0,1.0,7500,,,,,0.00036129201180301607,1.0,,cold,agnews,30000,0
89,leaf:sports#t0,The document is about sports.,cold,30000,30000,0,0,0,1.0,1.0,1.0,7500,,,,,0.00042533400119282305,1.0,,cold,agnews,30000,0
90,union:business and finance|world news#u0,The document is about business and finance or about world news.,cold,30000,30000,0,0,0,1.0,1.0,1.0,15000,,,,,0.0006749159947503358,1.0,,cold,agnews,30000,0
91,union:business and finance|world news#u0,The document is about business and finance or about world news.,cold,30000,30000,0,0,0,1.0,1.0,1.0,15000,,,,,0.0006687090208288282,1.0,,cold,agnews,30000,0
92,leaf:sports#t3,This article covers the topic of sports.,cold,30000,30000,0,0,0,1.0,1.0,1.0,7500,,,,,0.00041404098737984896,1.0,,cold,agnews,30000,0
93,leaf:science and technology#t3,This article covers the topic of science and technology.,cold,30000,30000,0,0,0,1.0,1.0,1.0,7500,,,,,0.000338790996465832,1.0,,cold,agnews,30000,0
94,leaf:sports#t3,This article covers the topic of sports.,cold,30000,30000,0,0,0,1.0,1.0,1.0,7500,,,,,0.00040774999069981277,1.0,,cold,agnews,30000,0
95,leaf:sports#t2,The passage is related to sports.,cold,30000,30000,0,0,0,1.0,1.0,1.0,7500,,,,,0.00039295898750424385,1.0,,cold,agnews,30000,0
96,leaf:business and finance#t2,The passage is related to business and finance.,cold,30000,30000,0,0,0,1.0,1.0,1.0,7500,,,,,0.00034245901042595506,1.0,,cold,agnews,30000,0
97,leaf:sports#t0,The document is about sports.,cold,30000,30000,0,0,0,1.0,1.0,1.0,7500,,,,,0.00043220899533480406,1.0,,cold,agnews,30000,0
98,leaf:sports#t1,This text discusses sports.,cold,30000,30000,0,0,0,1.0,1.0,1.0,7500,,,,,0.000413708999985829,1.0,,cold,agnews,30000,0
99,leaf:science and technology#t3,This article covers the topic of science and technology.,cold,30000,30000,0,0,0,1.0,1.0,1.0,7500,,,,,0.00033941600122489035,1.0,,cold,agnews,30000,0
100,leaf:science and technology#t3,This article covers the topic of science and technology.,cold,30000,30000,0,0,0,1.0,1.0,1.0,7500,,,,,0.0003426249895710498,1.0,,cold,agnews,30000,0
101,leaf:world news#t2,The passage is related to world news.,cold,30000,30000,0,0,0,1.0,1.0,1.0,7500,,,,,0.0003469160001259297,1.0,,cold,agnews,30000,0
102,union:science and technology|world news#u1,This text discusses either science and technology or world news.,cold,30000,30000,0,0,0,1.0,1.0,1.0,15000,,,,,0.0007470409909728914,1.0,,cold,agnews,30000,0
103,leaf:business and finance#t1,This text discusses business and finance.,cold,30000,30000,0,0,0,1.0,1.0,1.0,7500,,,,,0.00035749998642131686,1.0,,cold,agnews,30000,0
104,leaf:science and technology#t3,This article covers the topic of science and technology.,cold,30000,30000,0,0,0,1.0,1.0,1.0,7500,,,,,0.0003604999801609665,1.0,,cold,agnews,30000,0
105,leaf:science and technology#t0,The document is about science and technology.,cold,30000,30000,0,0,0,1.0,1.0,1.0,7500,,,,,0.00036604198976419866,1.0,,cold,agnews,30000,0
106,union:business and finance|science and technology#u1,This text discusses either business and finance or science and technology.,cold,30000,30000,0,0,0,1.0,1.0,1.0,15000,,,,,0.0006666659901384264,1.0,,cold,agnews,30000,0
107,union:business and finance|sports#u0,The document is about business and finance or about sports.,cold,30000,30000,0,0,0,1.0,1.0,1.0,15000,,,,,0.0006750409957021475,1.0,,cold,agnews,30000,0
108,leaf:science and technology#t2,The passage is related to science and technology.,cold,30000,30000,0,0,0,1.0,1.0,1.0,7500,,,,,0.0003509579983074218,1.0,,cold,agnews,30000,0
109,leaf:business and finance#t2,The passage is related to business and finance.,cold,30000,30000,0,0,0,1.0,1.0,1.0,7500,,,,,0.0003400829737074673,1.0,,cold,agnews,30000,0
110,leaf:sports#t3,This article covers the topic of sports.,cold,30000,30000,0,0,0,1.0,1.0,1.0,7500,,,,,0.00041370801045559347,1.0,,cold,agnews,30000,0
111,leaf:science and technology#t0,The document is about science and technology.,cold,30000,30000,0,0,0,1.0,1.0,1.0,7500,,,,,0.00033904198789969087,1.0,,cold,agnews,30000,0
112,leaf:sports#t3,This article covers the topic of sports.,cold,30000,30000,0,0,0,1.0,1.0,1.0,7500,,,,,0.0003912080137524754,1.0,,cold,agnews,30000,0
113,leaf:sports#t2,The passage is related to sports.,cold,30000,30000,0,0,0,1.0,1.0,1.0,7500,,,,,0.0004274579987395555,1.0,,cold,agnews,30000,0
114,leaf:business and finance#t2,The passage is related to business and finance.,cold,30000,30000,0,0,0,1.0,1.0,1.0,7500,,,,,0.0003564169746823609,1.0,,cold,agnews,30000,0
115,leaf:business and finance#t0,The document is about business and finance.,cold,30000,30000,0,0,0,1.0,1.0,1.0,7500,,,,,0.0003468329960014671,1.0,,cold,agnews,30000,0
116,union:science and technology|sports#u0,The document is about science and technology or about sports.,cold,30000,30000,0,0,0,1.0,1.0,1.0,15000,,,,,0.0007424999785143882,1.0,,cold,agnews,30000,0
117,leaf:sports#t0,The document is about sports.,cold,30000,30000,0,0,0,1.0,1.0,1.0,7500,,,,,0.00040983399958349764,1.0,,cold,agnews,30000,0
118,leaf:business and finance#t0,The document is about business and finance.,cold,30000,30000,0,0,0,1.0,1.0,1.0,7500,,,,,0.00034550001146271825,1.0,,cold,agnews,30000,0
119,leaf:sports#t3,This article covers the topic of sports.,cold,30000,30000,0,0,0,1.0,1.0,1.0,7500,,,,,0.0004088749992661178,1.0,,cold,agnews,30000,0
0,leaf:sports#t0,The document is about sports.,cold,30000,30000,0,0,0,1.0,1.0,1.0,7500,,,,,0.00045162500464357436,1.0,,exact,agnews,30000,0
1,union:business and finance|science and technology#u0,The document is about business and finance or about science and technology.,cold,30000,30000,0,0,0,1.0,1.0,1.0,15000,,,,,0.0006699170044157654,1.0,,exact,agnews,30000,0
2,leaf:business and finance#t2,The passage is related to business and finance.,cold,30000,30000,0,0,0,1.0,1.0,1.0,7500,,,,,0.00036033301148563623,1.0,,exact,agnews,30000,0
3,union:science and technology|world news#u0,The document is about science and technology or about world news.,cold,30000,30000,0,0,0,1.0,1.0,1.0,15000,,,,,0.000711583998054266,1.0,,exact,agnews,30000,0
4,leaf:world news#t0,The document is about world news.,cold,30000,30000,0,0,0,1.0,1.0,1.0,7500,,,,,0.00043416701373644173,1.0,,exact,agnews,30000,0
5,union:business and finance|world news#u1,This text discusses either business and finance or world news.,cold,30000,30000,0,0,0,1.0,1.0,1.0,15000,,,,,0.0007244170119520277,1.0,,exact,agnews,30000,0
6,leaf:sports#t1,This text discusses sports.,cold,30000,30000,0,0,0,1.0,1.0,1.0,7500,,,,,0.0004349160008132458,1.0,,exact,agnews,30000,0
7,leaf:sports#t0,The document is about sports.,exact-hit,0,0,0,0,0,1.0,1.0,1.0,7500,,,,,4.457979230210185e-06,1.0,,exact,agnews,30000,0
8,leaf:business and finance#t2,The passage is related to business and finance.,exact-hit,0,0,0,0,0,1.0,1.0,1.0,7500,,,,,4.5000051613897085e-06,1.0,,exact,agnews,30000,0
9,leaf:world news#t3,This article covers the topic of world news.,cold,30000,30000,0,0,0,1.0,1.0,1.0,7500,,,,,0.00042266701348125935,1.0,,exact,agnews,30000,0
10,leaf:world news#t2,The passage is related to world news.,cold,30000,30000,0,0,0,1.0,1.0,1.0,7500,,,,,0.00042345799738541245,1.0,,exact,agnews,30000,0
11,leaf:science and technology#t2,The passage is related to science and technology.,cold,30000,30000,0,0,0,1.0,1.0,1.0,7500,,,,,0.00035916699562221766,1.0,,exact,agnews,30000,0
12,union:science and technology|sports#u0,The document is about science and technology or about sports.,cold,30000,30000,0,0,0,1.0,1.0,1.0,15000,,,,,0.0007318340067286044,1.0,,exact,agnews,30000,0
13,leaf:science and technology#t1,This text discusses science and technology.,cold,30000,30000,0,0,0,1.0,1.0,1.0,7500,,,,,0.0003557500021997839,1.0,,exact,agnews,30000,0
14,leaf:world news#t2,The passage is related to world news.,exact-hit,0,0,0,0,0,1.0,1.0,1.0,7500,,,,,3.875000402331352e-06,1.0,,exact,agnews,30000,0
15,leaf:business and finance#t3,This article covers the topic of business and finance.,cold,30000,30000,0,0,0,1.0,1.0,1.0,7500,,,,,0.000344959000358358,1.0,,exact,agnews,30000,0
16,union:business and finance|sports#u0,The document is about business and finance or about sports.,cold,30000,30000,0,0,0,1.0,1.0,1.0,15000,,,,,0.000671749992761761,1.0,,exact,agnews,30000,0
17,union:business and finance|science and technology#u1,This text discusses either business and finance or science and technology.,cold,30000,30000,0,0,0,1.0,1.0,1.0,15000,,,,,0.0006158339965622872,1.0,,exact,agnews,30000,0
18,leaf:world news#t1,This text discusses world news.,cold,30000,30000,0,0,0,1.0,1.0,1.0,7500,,,,,0.0003971249971073121,1.0,,exact,agnews,30000,0
19,leaf:science and technology#t3,This article covers the topic of science and technology.,cold,30000,30000,0,0,0,1.0,1.0,1.0,7500,,,,,0.0003292500041425228,1.0,,exact,agnews,30000,0
20,leaf:world news#t1,This text discusses world news.,exact-hit,0,0,0,0,0,1.0,1.0,1.0,7500,,,,,2.9999937396496534e-06,1.0,,exact,agnews,30000,0
21,leaf:world news#t2,The passage is related to world news.,exact-hit,0,0,0,0,0,1.0,1.0,1.0,7500,,,,,3.6669953260570765e-06,1.0,,exact,agnews,30000,0
22,union:business and finance|science and technology#u1,This text discusses either business and finance or science and technology.,exact-hit,0,0,0,0,0,1.0,1.0,1.0,15000,,,,,3.916997229680419e-06,1.0,,exact,agnews,30000,0
23,leaf:world news#t0,The document is about world news.,exact-hit,0,0,0,0,0,1.0,1.0,1.0,7500,,,,,3.4580007195472717e-06,1.0,,exact,agnews,30000,0
24,union:business and finance|sports#u0,The document is about business and finance or about sports.,exact-hit,0,0,0,0,0,1.0,1.0,1.0,15000,,,,,2.7920177672058344e-06,1.0,,exact,agnews,30000,0
25,leaf:sports#t1,This text discusses sports.,exact-hit,0,0,0,0,0,1.0,1.0,1.0,7500,,,,,3.3329997677356005e-06,1.0,,exact,agnews,30000,0
26,leaf:science and technology#t3,This article covers the topic of science and technology.,exact-hit,0,0,0,0,0,1.0,1.0,1.0,7500,,,,,3.1660019885748625e-06,1.0,,exact,agnews,30000,0
27,leaf:world news#t1,This text discusses world news.,exact-hit,0,0,0,0,0,1.0,1.0,1.0,7500,,,,,2.6250199880450964e-06,1.0,,exact,agnews,30000,0
28,leaf:sports#t1,This text discusses sports.,exact-hit,0,0,0,0,0,1.0,1.0,1.0,7500,,,,,2.542015863582492e-06,1.0,,exact,agnews,30000,0
29,leaf:science and technology#t3,This article covers the topic of science and technology.,exact-hit,0,0,0,0,0,1.0,1.0,1.0,7500,,,,,2.70901364274323e-06,1.0,,exact,agnews,30000,0
30,union:science and technology|world news#u1,This text discusses either science and technology or world news.,cold,30000,30000,0,0,0,1.0,1.0,1.0,15000,,,,,0.0006221249932423234,1.0,,exact,agnews,30000,0
31,union:sports|world news#u1,This text discusses either sports or world news.,cold,30000,30000,0,0,0,1.0,1.0,1.0,15000,,,,,0.0007649170001968741,1.0,,exact,agnews,30000,0
32,union:business and finance|science and technology#u0,The document is about business and finance or about science and technology.,exact-hit,0,0,0,0,0,1.0,1.0,1.0,15000,,,,,3.583001671358943e-06,1.0,,exact,agnews,30000,0
33,leaf:business and finance#t3,This article covers the topic of business and finance.,exact-hit,0,0,0,0,0,1.0,1.0,1.0,7500,,,,,3.1249946914613247e-06,1.0,,exact,agnews,30000,0
34,union:business and finance|world news#u0,The document is about business and finance or about world news.,cold,30000,30000,0,0,0,1.0,1.0,1.0,15000,,,,,0.0006082920008338988,1.0,,exact,agnews,30000,0
35,leaf:world news#t2,The passage is related to world news.,exact-hit,0,0,0,0,0,1.0,1.0,1.0,7500,,,,,2.749991836026311e-06,1.0,,exact,agnews,30000,0
36,leaf:science and technology#t0,The document is about science and technology.,cold,30000,30000,0,0,0,1.0,1.0,1.0,7500,,,,,0.00033775001065805554,1.0,,exact,agnews,30000,0
37,leaf:science and technology#t0,The document is about science and technology.,exact-hit,0,0,0,0,0,1.0,1.0,1.0,7500,,,,,3.2910029403865337e-06,1.0,,exact,agnews,30000,0
38,leaf:business and finance#t3,This article covers the topic of business and finance.,exact-hit,0,0,0,0,0,1.0,1.0,1.0,7500,,,,,2.9999937396496534e-06,1.0,,exact,agnews,30000,0
39,union:business and finance|science and technology#u0,The document is about business and finance or about science and technology.,exact-hit,0,0,0,0,0,1.0,1.0,1.0,15000,,,,,2.9170187190175056e-06,1.0,,exact,agnews,30000,0
40,leaf:science and technology#t1,This text discusses science and technology.,exact-hit,0,0,0,0,0,1.0,1.0,1.0,7500,,,,,2.6669877115637064e-06,1.0,,exact,agnews,30000,0
41,leaf:sports#t2,The passage is related to sports.,cold,30000,30000,0,0,0,1.0,1.0,1.0,7500,,,,,0.00038554100319743156,1.0,,exact,agnews,30000,0
42,leaf:science and technology#t3,This article covers the topic of science and technology.,exact-hit,0,0,0,0,0,1.0,1.0,1.0,7500,,,,,2.9590155463665724e-06,1.0,,exact,agnews,30000,0
43,leaf:science and technology#t1,This text discusses science and technology.,exact-hit,0,0,0,0,0,1.0,1.0,1.0,7500,,,,,2.749991836026311e-06,1.0,,exact,agnews,30000,0
44,leaf:business and finance#t3,This article covers the topic of business and finance.,exact-hit,0,0,0,0,0,1.0,1.0,1.0,7500,,,,,2.708024112507701e-06,1.0,,exact,agnews,30000,0
45,union:science and technology|sports#u0,The document is about science and technology or about sports.,exact-hit,0,0,0,0,0,1.0,1.0,1.0,15000,,,,,4.8340007197111845e-06,1.0,,exact,agnews,30000,0
46,leaf:business and finance#t3,This article covers the topic of business and finance.,exact-hit,0,0,0,0,0,1.0,1.0,1.0,7500,,,,,3.1249946914613247e-06,1.0,,exact,agnews,30000,0
47,union:science and technology|world news#u1,This text discusses either science and technology or world news.,exact-hit,0,0,0,0,0,1.0,1.0,1.0,15000,,,,,3.249995643272996e-06,1.0,,exact,agnews,30000,0
48,union:science and technology|sports#u0,The document is about science and technology or about sports.,exact-hit,0,0,0,0,0,1.0,1.0,1.0,15000,,,,,2.9999937396496534e-06,1.0,,exact,agnews,30000,0
49,leaf:science and technology#t3,This article covers the topic of science and technology.,exact-hit,0,0,0,0,0,1.0,1.0,1.0,7500,,,,,3.583991201594472e-06,1.0,,exact,agnews,30000,0
50,leaf:sports#t0,The document is about sports.,exact-hit,0,0,0,0,0,1.0,1.0,1.0,7500,,,,,3.3329997677356005e-06,1.0,,exact,agnews,30000,0
51,leaf:world news#t2,The passage is related to world news.,exact-hit,0,0,0,0,0,1.0,1.0,1.0,7500,,,,,3.416003892198205e-06,1.0,,exact,agnews,30000,0
52,leaf:business and finance#t3,This article covers the topic of business and finance.,exact-hit,0,0,0,0,0,1.0,1.0,1.0,7500,,,,,3.082997864112258e-06,1.0,,exact,agnews,30000,0
53,leaf:business and finance#t0,The document is about business and finance.,cold,30000,30000,0,0,0,1.0,1.0,1.0,7500,,,,,0.0003562500060070306,1.0,,exact,agnews,30000,0
54,union:science and technology|world news#u0,The document is about science and technology or about world news.,exact-hit,0,0,0,0,0,1.0,1.0,1.0,15000,,,,,4.04199818149209e-06,1.0,,exact,agnews,30000,0
55,leaf:sports#t1,This text discusses sports.,exact-hit,0,0,0,0,0,1.0,1.0,1.0,7500,,,,,5.250010872259736e-06,1.0,,exact,agnews,30000,0
56,leaf:science and technology#t3,This article covers the topic of science and technology.,exact-hit,0,0,0,0,0,1.0,1.0,1.0,7500,,,,,3.541994374245405e-06,1.0,,exact,agnews,30000,0
57,leaf:business and finance#t3,This article covers the topic of business and finance.,exact-hit,0,0,0,0,0,1.0,1.0,1.0,7500,,,,,3.4999975468963385e-06,1.0,,exact,agnews,30000,0
58,union:sports|world news#u1,This text discusses either sports or world news.,exact-hit,0,0,0,0,0,1.0,1.0,1.0,15000,,,,,5.792011506855488e-06,1.0,,exact,agnews,30000,0
59,union:business and finance|world news#u1,This text discusses either business and finance or world news.,exact-hit,0,0,0,0,0,1.0,1.0,1.0,15000,,,,,5.333014996722341e-06,1.0,,exact,agnews,30000,0
60,leaf:science and technology#t3,This article covers the topic of science and technology.,exact-hit,0,0,0,0,0,1.0,1.0,1.0,7500,,,,,4.208006430417299e-06,1.0,,exact,agnews,30000,0
61,leaf:business and finance#t2,The passage is related to business and finance.,exact-hit,0,0,0,0,0,1.0,1.0,1.0,7500,,,,,3.875000402331352e-06,1.0,,exact,agnews,30000,0
62,union:science and technology|sports#u0,The document is about science and technology or about sports.,exact-hit,0,0,0,0,0,1.0,1.0,1.0,15000,,,,,5.499983672052622e-06,1.0,,exact,agnews,30000,0
63,leaf:business and finance#t2,The passage is related to business and finance.,exact-hit,0,0,0,0,0,1.0,1.0,1.0,7500,,,,,5.374982720240951e-06,1.0,,exact,agnews,30000,0
64,leaf:sports#t2,The passage is related to sports.,exact-hit,0,0,0,0,0,1.0,1.0,1.0,7500,,,,,3.542023478075862e-06,1.0,,exact,agnews,30000,0
65,leaf:sports#t2,The passage is related to sports.,exact-hit,0,0,0,0,0,1.0,1.0,1.0,7500,,,,,3.2919924706220627e-06,1.0,,exact,agnews,30000,0
66,leaf:sports#t3,This article covers the topic of sports.,cold,30000,30000,0,0,0,1.0,1.0,1.0,7500,,,,,0.0004493749875109643,1.0,,exact,agnews,30000,0
67,leaf:sports#t0,The document is about sports.,exact-hit,0,0,0,0,0,1.0,1.0,1.0,7500,,,,,4.3339969124644995e-06,1.0,,exact,agnews,30000,0
68,leaf:business and finance#t2,The passage is related to business and finance.,exact-hit,0,0,0,0,0,1.0,1.0,1.0,7500,,,,,3.8339931052178144e-06,1.0,,exact,agnews,30000,0
69,leaf:sports#t0,The document is about sports.,exact-hit,0,0,0,0,0,1.0,1.0,1.0,7500,,,,,3.1669915188103914e-06,1.0,,exact,agnews,30000,0
70,leaf:science and technology#t0,The document is about science and technology.,exact-hit,0,0,0,0,0,1.0,1.0,1.0,7500,,,,,3.416993422433734e-06,1.0,,exact,agnews,30000,0
71,leaf:sports#t2,The passage is related to sports.,exact-hit,0,0,0,0,0,1.0,1.0,1.0,7500,,,,,3.542023478075862e-06,1.0,,exact,agnews,30000,0
72,leaf:sports#t3,This article covers the topic of sports.,exact-hit,0,0,0,0,0,1.0,1.0,1.0,7500,,,,,3.8330035749822855e-06,1.0,,exact,agnews,30000,0
73,union:sports|world news#u0,The document is about sports or about world news.,cold,30000,30000,0,0,0,1.0,1.0,1.0,15000,,,,,0.0008267090015579015,1.0,,exact,agnews,30000,0
74,leaf:business and finance#t0,The document is about business and finance.,exact-hit,0,0,0,0,0,1.0,1.0,1.0,7500,,,,,3.3329997677356005e-06,1.0,,exact,agnews,30000,0
75,leaf:science and technology#t2,The passage is related to science and technology.,exact-hit,0,0,0,0,0,1.0,1.0,1.0,7500,,,,,3.541994374245405e-06,1.0,,exact,agnews,30000,0
76,leaf:science and technology#t2,The passage is related to science and technology.,exact-hit,0,0,0,0,0,1.0,1.0,1.0,7500,,,,,2.875021891668439e-06,1.0,,exact,agnews,30000,0
77,leaf:sports#t1,This text discusses sports.,exact-hit,0,0,0,0,0,1.0,1.0,1.0,7500,,,,,3.8330035749822855e-06,1.0,,exact,agnews,30000,0
78,leaf:world news#t0,The document is about world news.,exact-hit,0,0,0,0,0,1.0,1.0,1.0,7500,,,,,9.042007150128484e-06,1.0,,exact,agnews,30000,0
79,leaf:business and finance#t3,This article covers the topic of business and finance.,exact-hit,0,0,0,0,0,1.0,1.0,1.0,7500,,,,,4.208006430417299e-06,1.0,,exact,agnews,30000,0
80,union:business and finance|science and technology#u1,This text discusses either business and finance or science and technology.,exact-hit,0,0,0,0,0,1.0,1.0,1.0,15000,,,,,4.125002305954695e-06,1.0,,exact,agnews,30000,0
81,union:science and technology|sports#u0,The document is about science and technology or about sports.,exact-hit,0,0,0,0,0,1.0,1.0,1.0,15000,,,,,4.417001036927104e-06,1.0,,exact,agnews,30000,0
82,union:science and technology|sports#u1,This text discusses either science and technology or sports.,cold,30000,30000,0,0,0,1.0,1.0,1.0,15000,,,,,0.0006760840187780559,1.0,,exact,agnews,30000,0
83,leaf:sports#t3,This article covers the topic of sports.,exact-hit,0,0,0,0,0,1.0,1.0,1.0,7500,,,,,4.04199818149209e-06,1.0,,exact,agnews,30000,0
84,leaf:science and technology#t3,This article covers the topic of science and technology.,exact-hit,0,0,0,0,0,1.0,1.0,1.0,7500,,,,,4.04199818149209e-06,1.0,,exact,agnews,30000,0
85,union:science and technology|sports#u0,The document is about science and technology or about sports.,exact-hit,0,0,0,0,0,1.0,1.0,1.0,15000,,,,,3.04199056699872e-06,1.0,,exact,agnews,30000,0
86,leaf:sports#t2,The passage is related to sports.,exact-hit,0,0,0,0,0,1.0,1.0,1.0,7500,,,,,3.875000402331352e-06,1.0,,exact,agnews,30000,0
87,leaf:science and technology#t1,This text discusses science and technology.,exact-hit,0,0,0,0,0,1.0,1.0,1.0,7500,,,,,3.958004526793957e-06,1.0,,exact,agnews,30000,0
88,leaf:business and finance#t1,This text discusses business and finance.,cold,30000,30000,0,0,0,1.0,1.0,1.0,7500,,,,,0.00035149999894201756,1.0,,exact,agnews,30000,0
89,leaf:sports#t0,The document is about sports.,exact-hit,0,0,0,0,0,1.0,1.0,1.0,7500,,,,,3.4999975468963385e-06,1.0,,exact,agnews,30000,0
90,union:business and finance|world news#u0,The document is about business and finance or about world news.,exact-hit,0,0,0,0,0,1.0,1.0,1.0,15000,,,,,4.416011506691575e-06,1.0,,exact,agnews,30000,0
91,union:business and finance|world news#u0,The document is about business and finance or about world news.,exact-hit,0,0,0,0,0,1.0,1.0,1.0,15000,,,,,3.0840164981782436e-06,1.0,,exact,agnews,30000,0
92,leaf:sports#t3,This article covers the topic of sports.,exact-hit,0,0,0,0,0,1.0,1.0,1.0,7500,,,,,2.874992787837982e-06,1.0,,exact,agnews,30000,0
93,leaf:science and technology#t3,This article covers the topic of science and technology.,exact-hit,0,0,0,0,0,1.0,1.0,1.0,7500,,,,,3.1669915188103914e-06,1.0,,exact,agnews,30000,0
94,leaf:sports#t3,This article covers the topic of sports.,exact-hit,0,0,0,0,0,1.0,1.0,1.0,7500,,,,,3.6249984987080097e-06,1.0,,exact,agnews,30000,0
95,leaf:sports#t2,The passage is related to sports.,exact-hit,0,0,0,0,0,1.0,1.0,1.0,7500,,,,,4.1669991333037615e-06,1.0,,exact,agnews,30000,0
96,leaf:business and finance#t2,The passage is related to business and finance.,exact-hit,0,0,0,0,0,1.0,1.0,1.0,7500,,,,,4.375004209578037e-06,1.0,,exact,agnews,30000,0
97,leaf:sports#t0,The document is about sports.,exact-hit,0,0,0,0,0,1.0,1.0,1.0,7500,,,,,4.083005478605628e-06,1.0,,exact,agnews,30000,0
98,leaf:sports#t1,This text discusses sports.,exact-hit,0,0,0,0,0,1.0,1.0,1.0,7500,,,,,3.91600769944489e-06,1.0,,exact,agnews,30000,0
99,leaf:science and technology#t3,This article covers the topic of science and technology.,exact-hit,0,0,0,0,0,1.0,1.0,1.0,7500,,,,,4.708010237663984e-06,1.0,,exact,agnews,30000,0
100,leaf:science and technology#t3,This article covers the topic of science and technology.,exact-hit,0,0,0,0,0,1.0,1.0,1.0,7500,,,,,2.6659981813281775e-06,1.0,,exact,agnews,30000,0
101,leaf:world news#t2,The passage is related to world news.,exact-hit,0,0,0,0,0,1.0,1.0,1.0,7500,,,,,4.125002305954695e-06,1.0,,exact,agnews,30000,0
102,union:science and technology|world news#u1,This text discusses either science and technology or world news.,exact-hit,0,0,0,0,0,1.0,1.0,1.0,15000,,,,,3.875000402331352e-06,1.0,,exact,agnews,30000,0
103,leaf:business and finance#t1,This text discusses business and finance.,exact-hit,0,0,0,0,0,1.0,1.0,1.0,7500,,,,,3.708992153406143e-06,1.0,,exact,agnews,30000,0
104,leaf:science and technology#t3,This article covers the topic of science and technology.,exact-hit,0,0,0,0,0,1.0,1.0,1.0,7500,,,,,4.499976057559252e-06,1.0,,exact,agnews,30000,0
105,leaf:science and technology#t0,The document is about science and technology.,exact-hit,0,0,0,0,0,1.0,1.0,1.0,7500,,,,,3.541994374245405e-06,1.0,,exact,agnews,30000,0
106,union:business and finance|science and technology#u1,This text discusses either business and finance or science and technology.,exact-hit,0,0,0,0,0,1.0,1.0,1.0,15000,,,,,3.7919962778687477e-06,1.0,,exact,agnews,30000,0
107,union:business and finance|sports#u0,The document is about business and finance or about sports.,exact-hit,0,0,0,0,0,1.0,1.0,1.0,15000,,,,,4.2079773265868425e-06,1.0,,exact,agnews,30000,0
108,leaf:science and technology#t2,The passage is related to science and technology.,exact-hit,0,0,0,0,0,1.0,1.0,1.0,7500,,,,,3.583991201594472e-06,1.0,,exact,agnews,30000,0
109,leaf:business and finance#t2,The passage is related to business and finance.,exact-hit,0,0,0,0,0,1.0,1.0,1.0,7500,,,,,4.1660096030682325e-06,1.0,,exact,agnews,30000,0
110,leaf:sports#t3,This article covers the topic of sports.,exact-hit,0,0,0,0,0,1.0,1.0,1.0,7500,,,,,3.6249984987080097e-06,1.0,,exact,agnews,30000,0
111,leaf:science and technology#t0,The document is about science and technology.,exact-hit,0,0,0,0,0,1.0,1.0,1.0,7500,,,,,3.583001671358943e-06,1.0,,exact,agnews,30000,0
112,leaf:sports#t3,This article covers the topic of sports.,exact-hit,0,0,0,0,0,1.0,1.0,1.0,7500,,,,,3.6249984987080097e-06,1.0,,exact,agnews,30000,0
113,leaf:sports#t2,The passage is related to sports.,exact-hit,0,0,0,0,0,1.0,1.0,1.0,7500,,,,,3.667024429887533e-06,1.0,,exact,agnews,30000,0
114,leaf:business and finance#t2,The passage is related to business and finance.,exact-hit,0,0,0,0,0,1.0,1.0,1.0,7500,,,,,3.667024429887533e-06,1.0,,exact,agnews,30000,0
115,leaf:business and finance#t0,The document is about business and finance.,exact-hit,0,0,0,0,0,1.0,1.0,1.0,7500,,,,,4.749977961182594e-06,1.0,,exact,agnews,30000,0
116,union:science and technology|sports#u0,The document is about science and technology or about sports.,exact-hit,0,0,0,0,0,1.0,1.0,1.0,15000,,,,,1.3958982890471816e-05,1.0,,exact,agnews,30000,0
117,leaf:sports#t0,The document is about sports.,exact-hit,0,0,0,0,0,1.0,1.0,1.0,7500,,,,,9.37501317821443e-06,1.0,,exact,agnews,30000,0
118,leaf:business and finance#t0,The document is about business and finance.,exact-hit,0,0,0,0,0,1.0,1.0,1.0,7500,,,,,1.5124998753890395e-05,1.0,,exact,agnews,30000,0
119,leaf:sports#t3,This article covers the topic of sports.,exact-hit,0,0,0,0,0,1.0,1.0,1.0,7500,,,,,5.375011824071407e-06,1.0,,exact,agnews,30000,0
0,leaf:sports#t0,The document is about sports.,cold,30000,30000,0,0,0,1.0,1.0,1.0,7500,,,,,0.0005678749876096845,1.0,,semreuse,agnews,30000,0
1,union:business and finance|science and technology#u0,The document is about business and finance or about science and technology.,cold,30000,30000,0,0,0,1.0,1.0,1.0,15000,,,,,0.0010162499966099858,1.0,,semreuse,agnews,30000,0
2,leaf:business and finance#t2,The passage is related to business and finance.,rewrite,15082,15000,82,0,0,1.0,1.0,1.0,7500,0.9193429762196617,False,1.0,False,0.0033357919892296195,1.0,False,semreuse,agnews,30000,0
3,union:science and technology|world news#u0,The document is about science and technology or about world news.,cold,30000,30000,0,0,0,1.0,1.0,1.0,15000,,,,,0.0008481249969918281,1.0,,semreuse,agnews,30000,0
4,leaf:world news#t0,The document is about world news.,rewrite,15082,15000,82,0,0,1.0,1.0,1.0,7500,0.9193429762196617,False,1.0,False,0.0032306670036632568,1.0,False,semreuse,agnews,30000,0
5,union:business and finance|world news#u1,This text discusses either business and finance or world news.,rewrite,22529,22500,29,0,0,1.0,1.0,1.0,15000,1.0,False,0.9510666666666666,False,0.0023059170052874833,1.0,False,semreuse,agnews,30000,0
6,leaf:sports#t1,This text discusses sports.,rewrite,198,0,198,0,0,1.0,1.0,1.0,7500,0.9188602442333785,False,0.9029333333333334,False,0.004745459009427577,1.0,False,semreuse,agnews,30000,0
7,leaf:sports#t0,The document is about sports.,exact-hit,0,0,0,0,0,1.0,1.0,1.0,7500,,,,,1.3542012311518192e-05,1.0,,semreuse,agnews,30000,0
8,leaf:business and finance#t2,The passage is related to business and finance.,exact-hit,0,0,0,0,0,1.0,1.0,1.0,7500,0.9193429762196617,False,1.0,False,7.58297392167151e-06,1.0,False,semreuse,agnews,30000,0
9,leaf:world news#t3,This article covers the topic of world news.,rewrite,15082,15000,82,0,0,1.0,1.0,1.0,7500,0.9193429762196617,False,1.0,False,0.0038656249816995114,1.0,False,semreuse,agnews,30000,0
10,leaf:world news#t2,The passage is related to world news.,rewrite,213,0,213,0,0,1.0,1.0,1.0,7500,0.9188602442333785,False,0.9029333333333334,False,0.009169582976028323,1.0,False,semreuse,agnews,30000,0
11,leaf:science and technology#t2,The passage is related to science and technology.,rewrite,15082,15000,82,0,0,1.0,1.0,1.0,7500,0.9193429762196617,False,1.0,False,0.003854208014672622,1.0,False,semreuse,agnews,30000,0
12,union:science and technology|sports#u0,The document is about science and technology or about sports.,rewrite,22529,22500,29,0,0,1.0,1.0,1.0,15000,1.0,False,0.9510666666666666,False,0.0025969579874072224,1.0,False,semreuse,agnews,30000,0
13,leaf:science and technology#t1,This text discusses science and technology.,rewrite,213,0,213,0,0,1.0,1.0,1.0,7500,0.9188602442333785,False,0.9029333333333334,False,0.004628291993867606,1.0,False,semreuse,agnews,30000,0
14,leaf:world news#t2,The passage is related to world news.,exact-hit,0,0,0,0,0,1.0,1.0,1.0,7500,0.9188602442333785,False,0.9029333333333334,False,1.662501017563045e-05,1.0,False,semreuse,agnews,30000,0
15,leaf:business and finance#t3,This article covers the topic of business and finance.,rewrite,7637,7500,137,0,0,1.0,1.0,1.0,7500,0.9191176470588235,False,1.0,False,0.004124333005165681,1.0,False,semreuse,agnews,30000,0
16,union:business and finance|sports#u0,The document is about business and finance or about sports.,rewrite,15072,15000,72,0,0,1.0,1.0,1.0,15000,1.0,False,0.9029333333333334,False,0.0038634999946225435,1.0,False,semreuse,agnews,30000,0
17,union:business and finance|science and technology#u1,This text discusses either business and finance or science and technology.,rewrite,137,0,137,0,0,1.0,1.0,1.0,15000,0.9192166462668299,False,0.9012,False,0.010056208004243672,1.0,False,semreuse,agnews,30000,0
18,leaf:world news#t1,This text discusses world news.,rewrite,213,0,213,0,0,1.0,1.0,1.0,7500,0.9188602442333785,False,0.9029333333333334,False,0.0058173750003334135,1.0,False,semreuse,agnews,30000,0
19,leaf:science and technology#t3,This article covers the topic of science and technology.,rewrite,213,0,213,0,0,1.0,1.0,1.0,7500,0.9188602442333785,False,0.9029333333333334,False,0.004566874995362014,1.0,False,semreuse,agnews,30000,0
20,leaf:world news#t1,This text discusses world news.,exact-hit,0,0,0,0,0,1.0,1.0,1.0,7500,0.9188602442333785,False,0.9029333333333334,False,1.1416996130719781e-05,1.0,False,semreuse,agnews,30000,0
21,leaf:world news#t2,The passage is related to world news.,exact-hit,0,0,0,0,0,1.0,1.0,1.0,7500,0.9188602442333785,False,0.9029333333333334,False,5.249981768429279e-06,1.0,False,semreuse,agnews,30000,0
22,union:business and finance|science and technology#u1,This text discusses either business and finance or science and technology.,exact-hit,0,0,0,0,0,1.0,1.0,1.0,15000,0.9192166462668299,False,0.9012,False,6.292015314102173e-06,1.0,False,semreuse,agnews,30000,0
23,leaf:world news#t0,The document is about world news.,exact-hit,0,0,0,0,0,1.0,1.0,1.0,7500,0.9193429762196617,False,1.0,False,5.084002623334527e-06,1.0,False,semreuse,agnews,30000,0
24,union:business and finance|sports#u0,The document is about business and finance or about sports.,exact-hit,0,0,0,0,0,1.0,1.0,1.0,15000,1.0,False,0.9029333333333334,False,4.8749789129942656e-06,1.0,False,semreuse,agnews,30000,0
25,leaf:sports#t1,This text discusses sports.,exact-hit,0,0,0,0,0,1.0,1.0,1.0,7500,0.9188602442333785,False,0.9029333333333334,False,6.290996680036187e-06,1.0,False,semreuse,agnews,30000,0
26,leaf:science and technology#t3,This article covers the topic of science and technology.,exact-hit,0,0,0,0,0,1.0,1.0,1.0,7500,0.9188602442333785,False,0.9029333333333334,False,5.8340083342045546e-06,1.0,False,semreuse,agnews,30000,0
27,leaf:world news#t1,This text discusses world news.,exact-hit,0,0,0,0,0,1.0,1.0,1.0,7500,0.9188602442333785,False,0.9029333333333334,False,5.0000089686363935e-06,1.0,False,semreuse,agnews,30000,0
28,leaf:sports#t1,This text discusses sports.,exact-hit,0,0,0,0,0,1.0,1.0,1.0,7500,0.9188602442333785,False,0.9029333333333334,False,4.917004844173789e-06,1.0,False,semreuse,agnews,30000,0
29,leaf:science and technology#t3,This article covers the topic of science and technology.,exact-hit,0,0,0,0,0,1.0,1.0,1.0,7500,0.9188602442333785,False,0.9029333333333334,False,4.041008651256561e-06,1.0,False,semreuse,agnews,30000,0
30,union:science and technology|world news#u1,This text discusses either science and technology or world news.,rewrite,137,0,137,0,0,1.0,1.0,1.0,15000,0.9192166462668299,False,0.9012,False,0.006360041996231303,1.0,False,semreuse,agnews,30000,0
31,union:sports|world news#u1,This text discusses either sports or world news.,rewrite,15072,15000,72,0,0,1.0,1.0,1.0,15000,1.0,False,0.9029333333333334,False,0.003983624977990985,1.0,False,semreuse,agnews,30000,0
32,union:business and finance|science and technology#u0,The document is about business and finance or about science and technology.,exact-hit,0,0,0,0,0,1.0,1.0,1.0,15000,,,,,8.707982487976551e-06,1.0,,semreuse,agnews,30000,0
33,leaf:business and finance#t3,This article covers the topic of business and finance.,exact-hit,0,0,0,0,0,1.0,1.0,1.0,7500,0.9191176470588235,False,1.0,False,5.292007699608803e-06,1.0,False,semreuse,agnews,30000,0
34,union:business and finance|world news#u0,The document is about business and finance or about world news.,rewrite,137,0,137,0,0,1.0,1.0,1.0,15000,0.9192166462668299,False,0.9012,False,0.00614087498979643,1.0,False,semreuse,agnews,30000,0
35,leaf:world news#t2,The passage is related to world news.,exact-hit,0,0,0,0,0,1.0,1.0,1.0,7500,0.9188602442333785,False,0.9029333333333334,False,1.1249998351559043e-05,1.0,False,semreuse,agnews,30000,0
36,leaf:science and technology#t0,The document is about science and technology.,rewrite,213,0,213,0,0,1.0,1.0,1.0,7500,0.9188602442333785,False,0.9029333333333334,False,0.004329124989453703,1.0,False,semreuse,agnews,30000,0
37,leaf:science and technology#t0,The document is about science and technology.,exact-hit,0,0,0,0,0,1.0,1.0,1.0,7500,0.9188602442333785,False,0.9029333333333334,False,6.791990017518401e-06,1.0,False,semreuse,agnews,30000,0
38,leaf:business and finance#t3,This article covers the topic of business and finance.,exact-hit,0,0,0,0,0,1.0,1.0,1.0,7500,0.9191176470588235,False,1.0,False,4.5000051613897085e-06,1.0,False,semreuse,agnews,30000,0
39,union:business and finance|science and technology#u0,The document is about business and finance or about science and technology.,exact-hit,0,0,0,0,0,1.0,1.0,1.0,15000,,,,,4.875008016824722e-06,1.0,,semreuse,agnews,30000,0
40,leaf:science and technology#t1,This text discusses science and technology.,exact-hit,0,0,0,0,0,1.0,1.0,1.0,7500,0.9188602442333785,False,0.9029333333333334,False,3.916997229680419e-06,1.0,False,semreuse,agnews,30000,0
41,leaf:sports#t2,The passage is related to sports.,rewrite,213,0,213,0,0,1.0,1.0,1.0,7500,0.9188602442333785,False,0.9029333333333334,False,0.004783584008691832,1.0,False,semreuse,agnews,30000,0
42,leaf:science and technology#t3,This article covers the topic of science and technology.,exact-hit,0,0,0,0,0,1.0,1.0,1.0,7500,0.9188602442333785,False,0.9029333333333334,False,1.4833000022917986e-05,1.0,False,semreuse,agnews,30000,0
43,leaf:science and technology#t1,This text discusses science and technology.,exact-hit,0,0,0,0,0,1.0,1.0,1.0,7500,0.9188602442333785,False,0.9029333333333334,False,5.750014679506421e-06,1.0,False,semreuse,agnews,30000,0
44,leaf:business and finance#t3,This article covers the topic of business and finance.,exact-hit,0,0,0,0,0,1.0,1.0,1.0,7500,0.9191176470588235,False,1.0,False,4.999979864805937e-06,1.0,False,semreuse,agnews,30000,0
45,union:science and technology|sports#u0,The document is about science and technology or about sports.,exact-hit,0,0,0,0,0,1.0,1.0,1.0,15000,1.0,False,0.9510666666666666,False,5.083013093098998e-06,1.0,False,semreuse,agnews,30000,0
46,leaf:business and finance#t3,This article covers the topic of business and finance.,exact-hit,0,0,0,0,0,1.0,1.0,1.0,7500,0.9191176470588235,False,1.0,False,1.158300437964499e-05,1.0,False,semreuse,agnews,30000,0
47,union:science and technology|world news#u1,This text discusses either science and technology or world news.,exact-hit,0,0,0,0,0,1.0,1.0,1.0,15000,0.9192166462668299,False,0.9012,False,7.041002390906215e-06,1.0,False,semreuse,agnews,30000,0
48,union:science and technology|sports#u0,The document is about science and technology or about sports.,exact-hit,0,0,0,0,0,1.0,1.0,1.0,15000,1.0,False,0.9510666666666666,False,5.125009920448065e-06,1.0,False,semreuse,agnews,30000,0
49,leaf:science and technology#t3,This article covers the topic of science and technology.,exact-hit,0,0,0,0,0,1.0,1.0,1.0,7500,0.9188602442333785,False,0.9029333333333334,False,5.6670105550438166e-06,1.0,False,semreuse,agnews,30000,0
50,leaf:sports#t0,The document is about sports.,exact-hit,0,0,0,0,0,1.0,1.0,1.0,7500,,,,,5.291978595778346e-06,1.0,,semreuse,agnews,30000,0
51,leaf:world news#t2,The passage is related to world news.,exact-hit,0,0,0,0,0,1.0,1.0,1.0,7500,0.9188602442333785,False,0.9029333333333334,False,5.084002623334527e-06,1.0,False,semreuse,agnews,30000,0
52,leaf:business and finance#t3,This article covers the topic of business and finance.,exact-hit,0,0,0,0,0,1.0,1.0,1.0,7500,0.9191176470588235,False,1.0,False,6.124988431110978e-06,1.0,False,semreuse,agnews,30000,0
53,leaf:business and finance#t0,The document is about business and finance.,rewrite,213,0,213,0,0,1.0,1.0,1.0,7500,0.9188602442333785,False,0.9029333333333334,False,0.004985750012565404,1.0,False,semreuse,agnews,30000,0
54,union:science and technology|world news#u0,The document is about science and technology or about world news.,exact-hit,0,0,0,0,0,1.0,1.0,1.0,15000,,,,,2.7709000278264284e-05,1.0,,semreuse,agnews,30000,0
55,leaf:sports#t1,This text discusses sports.,exact-hit,0,0,0,0,0,1.0,1.0,1.0,7500,0.9188602442333785,False,0.9029333333333334,False,8.083006832748652e-06,1.0,False,semreuse,agnews,30000,0
56,leaf:science and technology#t3,This article covers the topic of science and technology.,exact-hit,0,0,0,0,0,1.0,1.0,1.0,7500,0.9188602442333785,False,0.9029333333333334,False,5.709007382392883e-06,1.0,False,semreuse,agnews,30000,0
57,leaf:business and finance#t3,This article covers the topic of business and finance.,exact-hit,0,0,0,0,0,1.0,1.0,1.0,7500,0.9191176470588235,False,1.0,False,5.458015948534012e-06,1.0,False,semreuse,agnews,30000,0
58,union:sports|world news#u1,This text discusses either sports or world news.,exact-hit,0,0,0,0,0,1.0,1.0,1.0,15000,1.0,False,0.9029333333333334,False,5.54099096916616e-06,1.0,False,semreuse,agnews,30000,0
59,union:business and finance|world news#u1,This text discusses either business and finance or world news.,exact-hit,0,0,0,0,0,1.0,1.0,1.0,15000,1.0,False,0.9510666666666666,False,6.95799826644361e-06,1.0,False,semreuse,agnews,30000,0
60,leaf:science and technology#t3,This article covers the topic of science and technology.,exact-hit,0,0,0,0,0,1.0,1.0,1.0,7500,0.9188602442333785,False,0.9029333333333334,False,7.750000804662704e-06,1.0,False,semreuse,agnews,30000,0
61,leaf:business and finance#t2,The passage is related to business and finance.,exact-hit,0,0,0,0,0,1.0,1.0,1.0,7500,0.9193429762196617,False,1.0,False,5.6670105550438166e-06,1.0,False,semreuse,agnews,30000,0
62,union:science and technology|sports#u0,The document is about science and technology or about sports.,exact-hit,0,0,0,0,0,1.0,1.0,1.0,15000,1.0,False,0.9510666666666666,False,5.582987796515226e-06,1.0,False,semreuse,agnews,30000,0
63,leaf:business and finance#t2,The passage is related to business and finance.,exact-hit,0,0,0,0,0,1.0,1.0,1.0,7500,0.9193429762196617,False,1.0,False,4.66697383671999e-06,1.0,False,semreuse,agnews,30000,0
64,leaf:sports#t2,The passage is related to sports.,exact-hit,0,0,0,0,0,1.0,1.0,1.0,7500,0.9188602442333785,False,0.9029333333333334,False,5.5000127758830786e-06,1.0,False,semreuse,agnews,30000,0
65,leaf:sports#t2,The passage is related to sports.,exact-hit,0,0,0,0,0,1.0,1.0,1.0,7500,0.9188602442333785,False,0.9029333333333334,False,3.875000402331352e-06,1.0,False,semreuse,agnews,30000,0
66,leaf:sports#t3,This article covers the topic of sports.,rewrite,213,0,213,0,0,1.0,1.0,1.0,7500,0.9188602442333785,False,0.9029333333333334,False,0.004981708014383912,1.0,False,semreuse,agnews,30000,0
67,leaf:sports#t0,The document is about sports.,exact-hit,0,0,0,0,0,1.0,1.0,1.0,7500,,,,,1.3459008187055588e-05,1.0,,semreuse,agnews,30000,0
68,leaf:business and finance#t2,The passage is related to business and finance.,exact-hit,0,0,0,0,0,1.0,1.0,1.0,7500,0.9193429762196617,False,1.0,False,6.249989382922649e-06,1.0,False,semreuse,agnews,30000,0
69,leaf:sports#t0,The document is about sports.,exact-hit,0,0,0,0,0,1.0,1.0,1.0,7500,,,,,4.832982085645199e-06,1.0,,semreuse,agnews,30000,0
70,leaf:science and technology#t0,The document is about science and technology.,exact-hit,0,0,0,0,0,1.0,1.0,1.0,7500,0.9188602442333785,False,0.9029333333333334,False,4.8340007197111845e-06,1.0,False,semreuse,agnews,30000,0
71,leaf:sports#t2,The passage is related to sports.,exact-hit,0,0,0,0,0,1.0,1.0,1.0,7500,0.9188602442333785,False,0.9029333333333334,False,5.04200579598546e-06,1.0,False,semreuse,agnews,30000,0
72,leaf:sports#t3,This article covers the topic of sports.,exact-hit,0,0,0,0,0,1.0,1.0,1.0,7500,0.9188602442333785,False,0.9029333333333334,False,5.0000089686363935e-06,1.0,False,semreuse,agnews,30000,0
73,union:sports|world news#u0,The document is about sports or about world news.,rewrite,137,0,137,0,0,1.0,1.0,1.0,15000,0.9192166462668299,False,0.9012,False,0.006689875008305535,1.0,False,semreuse,agnews,30000,0
74,leaf:business and finance#t0,The document is about business and finance.,exact-hit,0,0,0,0,0,1.0,1.0,1.0,7500,0.9188602442333785,False,0.9029333333333334,False,2.4707987904548645e-05,1.0,False,semreuse,agnews,30000,0
75,leaf:science and technology#t2,The passage is related to science and technology.,exact-hit,0,0,0,0,0,1.0,1.0,1.0,7500,0.9193429762196617,False,1.0,False,7.708003977313638e-06,1.0,False,semreuse,agnews,30000,0
76,leaf:science and technology#t2,The passage is related to science and technology.,exact-hit,0,0,0,0,0,1.0,1.0,1.0,7500,0.9193429762196617,False,1.0,False,4.62500611320138e-06,1.0,False,semreuse,agnews,30000,0
77,leaf:sports#t1,This text discusses sports.,exact-hit,0,0,0,0,0,1.0,1.0,1.0,7500,0.9188602442333785,False,0.9029333333333334,False,5.5000127758830786e-06,1.0,False,semreuse,agnews,30000,0
78,leaf:world news#t0,The document is about world news.,exact-hit,0,0,0,0,0,1.0,1.0,1.0,7500,0.9193429762196617,False,1.0,False,5.250010872259736e-06,1.0,False,semreuse,agnews,30000,0
79,leaf:business and finance#t3,This article covers the topic of business and finance.,exact-hit,0,0,0,0,0,1.0,1.0,1.0,7500,0.9191176470588235,False,1.0,False,4.91601531393826e-06,1.0,False,semreuse,agnews,30000,0
80,union:business and finance|science and technology#u1,This text discusses either business and finance or science and technology.,exact-hit,0,0,0,0,0,1.0,1.0,1.0,15000,0.9192166462668299,False,0.9012,False,5.542009603232145e-06,1.0,False,semreuse,agnews,30000,0
81,union:science and technology|sports#u0,The document is about science and technology or about sports.,exact-hit,0,0,0,0,0,1.0,1.0,1.0,15000,1.0,False,0.9510666666666666,False,5.708017852157354e-06,1.0,False,semreuse,agnews,30000,0
82,union:science and technology|sports#u1,This text discusses either science and technology or sports.,rewrite,137,0,137,0,0,1.0,1.0,1.0,15000,0.9192166462668299,False,0.9012,False,0.008241458010161296,1.0,False,semreuse,agnews,30000,0
83,leaf:sports#t3,This article covers the topic of sports.,exact-hit,0,0,0,0,0,1.0,1.0,1.0,7500,0.9188602442333785,False,0.9029333333333334,False,1.3500015484169126e-05,1.0,False,semreuse,agnews,30000,0
84,leaf:science and technology#t3,This article covers the topic of science and technology.,exact-hit,0,0,0,0,0,1.0,1.0,1.0,7500,0.9188602442333785,False,0.9029333333333334,False,6.207992555573583e-06,1.0,False,semreuse,agnews,30000,0
85,union:science and technology|sports#u0,The document is about science and technology or about sports.,exact-hit,0,0,0,0,0,1.0,1.0,1.0,15000,1.0,False,0.9510666666666666,False,5.125009920448065e-06,1.0,False,semreuse,agnews,30000,0
86,leaf:sports#t2,The passage is related to sports.,exact-hit,0,0,0,0,0,1.0,1.0,1.0,7500,0.9188602442333785,False,0.9029333333333334,False,1.7125013982877135e-05,1.0,False,semreuse,agnews,30000,0
87,leaf:science and technology#t1,This text discusses science and technology.,exact-hit,0,0,0,0,0,1.0,1.0,1.0,7500,0.9188602442333785,False,0.9029333333333334,False,9.332987247034907e-06,1.0,False,semreuse,agnews,30000,0
88,leaf:business and finance#t1,This text discusses business and finance.,rewrite,213,0,213,0,0,1.0,1.0,1.0,7500,0.9188602442333785,False,0.9029333333333334,False,0.004968707973603159,1.0,False,semreuse,agnews,30000,0
89,leaf:sports#t0,The document is about sports.,exact-hit,0,0,0,0,0,1.0,1.0,1.0,7500,,,,,1.4625024050474167e-05,1.0,,semreuse,agnews,30000,0
90,union:business and finance|world news#u0,The document is about business and finance or about world news.,exact-hit,0,0,0,0,0,1.0,1.0,1.0,15000,0.9192166462668299,False,0.9012,False,6.874994141981006e-06,1.0,False,semreuse,agnews,30000,0
91,union:business and finance|world news#u0,The document is about business and finance or about world news.,exact-hit,0,0,0,0,0,1.0,1.0,1.0,15000,0.9192166462668299,False,0.9012,False,8.95900302566588e-06,1.0,False,semreuse,agnews,30000,0
92,leaf:sports#t3,This article covers the topic of sports.,exact-hit,0,0,0,0,0,1.0,1.0,1.0,7500,0.9188602442333785,False,0.9029333333333334,False,8.457980584353209e-06,1.0,False,semreuse,agnews,30000,0
93,leaf:science and technology#t3,This article covers the topic of science and technology.,exact-hit,0,0,0,0,0,1.0,1.0,1.0,7500,0.9188602442333785,False,0.9029333333333334,False,7.041991921141744e-06,1.0,False,semreuse,agnews,30000,0
94,leaf:sports#t3,This article covers the topic of sports.,exact-hit,0,0,0,0,0,1.0,1.0,1.0,7500,0.9188602442333785,False,0.9029333333333334,False,5.624984623864293e-06,1.0,False,semreuse,agnews,30000,0
95,leaf:sports#t2,The passage is related to sports.,exact-hit,0,0,0,0,0,1.0,1.0,1.0,7500,0.9188602442333785,False,0.9029333333333334,False,6.166985258460045e-06,1.0,False,semreuse,agnews,30000,0
96,leaf:business and finance#t2,The passage is related to business and finance.,exact-hit,0,0,0,0,0,1.0,1.0,1.0,7500,0.9193429762196617,False,1.0,False,6.374990334734321e-06,1.0,False,semreuse,agnews,30000,0
97,leaf:sports#t0,The document is about sports.,exact-hit,0,0,0,0,0,1.0,1.0,1.0,7500,,,,,5.791021976619959e-06,1.0,,semreuse,agnews,30000,0
98,leaf:sports#t1,This text discusses sports.,exact-hit,0,0,0,0,0,1.0,1.0,1.0,7500,0.9188602442333785,False,0.9029333333333334,False,6.999995093792677e-06,1.0,False,semreuse,agnews,30000,0
99,leaf:science and technology#t3,This article covers the topic of science and technology.,exact-hit,0,0,0,0,0,1.0,1.0,1.0,7500,0.9188602442333785,False,0.9029333333333334,False,6.874994141981006e-06,1.0,False,semreuse,agnews,30000,0
100,leaf:science and technology#t3,This article covers the topic of science and technology.,exact-hit,0,0,0,0,0,1.0,1.0,1.0,7500,0.9188602442333785,False,0.9029333333333334,False,4.542001988738775e-06,1.0,False,semreuse,agnews,30000,0
101,leaf:world news#t2,The passage is related to world news.,exact-hit,0,0,0,0,0,1.0,1.0,1.0,7500,0.9188602442333785,False,0.9029333333333334,False,5.04200579598546e-06,1.0,False,semreuse,agnews,30000,0
102,union:science and technology|world news#u1,This text discusses either science and technology or world news.,exact-hit,0,0,0,0,0,1.0,1.0,1.0,15000,0.9192166462668299,False,0.9012,False,5.958019755780697e-06,1.0,False,semreuse,agnews,30000,0
103,leaf:business and finance#t1,This text discusses business and finance.,exact-hit,0,0,0,0,0,1.0,1.0,1.0,7500,0.9188602442333785,False,0.9029333333333334,False,8.416012860834599e-06,1.0,False,semreuse,agnews,30000,0
104,leaf:science and technology#t3,This article covers the topic of science and technology.,exact-hit,0,0,0,0,0,1.0,1.0,1.0,7500,0.9188602442333785,False,0.9029333333333334,False,7.708003977313638e-06,1.0,False,semreuse,agnews,30000,0
105,leaf:science and technology#t0,The document is about science and technology.,exact-hit,0,0,0,0,0,1.0,1.0,1.0,7500,0.9188602442333785,False,0.9029333333333334,False,5.459005478769541e-06,1.0,False,semreuse,agnews,30000,0
106,union:business and finance|science and technology#u1,This text discusses either business and finance or science and technology.,exact-hit,0,0,0,0,0,1.0,1.0,1.0,15000,0.9192166462668299,False,0.9012,False,6.083020707592368e-06,1.0,False,semreuse,agnews,30000,0
107,union:business and finance|sports#u0,The document is about business and finance or about sports.,exact-hit,0,0,0,0,0,1.0,1.0,1.0,15000,1.0,False,0.9029333333333334,False,8.208007784560323e-06,1.0,False,semreuse,agnews,30000,0
108,leaf:science and technology#t2,The passage is related to science and technology.,exact-hit,0,0,0,0,0,1.0,1.0,1.0,7500,0.9193429762196617,False,1.0,False,7.832975825294852e-06,1.0,False,semreuse,agnews,30000,0
109,leaf:business and finance#t2,The passage is related to business and finance.,exact-hit,0,0,0,0,0,1.0,1.0,1.0,7500,0.9193429762196617,False,1.0,False,5.3340045269578695e-06,1.0,False,semreuse,agnews,30000,0
110,leaf:sports#t3,This article covers the topic of sports.,exact-hit,0,0,0,0,0,1.0,1.0,1.0,7500,0.9188602442333785,False,0.9029333333333334,False,6.083020707592368e-06,1.0,False,semreuse,agnews,30000,0
111,leaf:science and technology#t0,The document is about science and technology.,exact-hit,0,0,0,0,0,1.0,1.0,1.0,7500,0.9188602442333785,False,0.9029333333333334,False,5.541020072996616e-06,1.0,False,semreuse,agnews,30000,0
112,leaf:sports#t3,This article covers the topic of sports.,exact-hit,0,0,0,0,0,1.0,1.0,1.0,7500,0.9188602442333785,False,0.9029333333333334,False,4.791974788531661e-06,1.0,False,semreuse,agnews,30000,0
113,leaf:sports#t2,The passage is related to sports.,exact-hit,0,0,0,0,0,1.0,1.0,1.0,7500,0.9188602442333785,False,0.9029333333333334,False,6.041984306648374e-06,1.0,False,semreuse,agnews,30000,0
114,leaf:business and finance#t2,The passage is related to business and finance.,exact-hit,0,0,0,0,0,1.0,1.0,1.0,7500,0.9193429762196617,False,1.0,False,5.125009920448065e-06,1.0,False,semreuse,agnews,30000,0
115,leaf:business and finance#t0,The document is about business and finance.,exact-hit,0,0,0,0,0,1.0,1.0,1.0,7500,0.9188602442333785,False,0.9029333333333334,False,5.3340045269578695e-06,1.0,False,semreuse,agnews,30000,0
116,union:science and technology|sports#u0,The document is about science and technology or about sports.,exact-hit,0,0,0,0,0,1.0,1.0,1.0,15000,1.0,False,0.9510666666666666,False,5.584006430581212e-06,1.0,False,semreuse,agnews,30000,0
117,leaf:sports#t0,The document is about sports.,exact-hit,0,0,0,0,0,1.0,1.0,1.0,7500,,,,,7.542024832218885e-06,1.0,,semreuse,agnews,30000,0
118,leaf:business and finance#t0,The document is about business and finance.,exact-hit,0,0,0,0,0,1.0,1.0,1.0,7500,0.9188602442333785,False,0.9029333333333334,False,6.459013093262911e-06,1.0,False,semreuse,agnews,30000,0
119,leaf:sports#t3,This article covers the topic of sports.,exact-hit,0,0,0,0,0,1.0,1.0,1.0,7500,0.9188602442333785,False,0.9029333333333334,False,5.959009286016226e-06,1.0,False,semreuse,agnews,30000,0
0,leaf:sports#t0,The document is about sports.,cold,30000,30000,0,0,0,1.0,1.0,1.0,7500,,,,,0.0005657500005327165,1.0,,semreuse-gt,agnews,30000,0
1,union:business and finance|science and technology#u0,The document is about business and finance or about science and technology.,rewrite,22520,22500,20,0,0,1.0,1.0,1.0,15000,0.9224524936965747,False,1.0,False,0.0036381250247359276,1.0,False,semreuse-gt,agnews,30000,0
2,leaf:business and finance#t2,The passage is related to business and finance.,rewrite,15082,15000,82,0,0,1.0,1.0,1.0,7500,0.9193429762196617,False,1.0,False,0.0035025000106543303,1.0,False,semreuse-gt,agnews,30000,0
3,union:science and technology|world news#u0,The document is about science and technology or about world news.,rewrite,15044,15000,44,0,0,1.0,1.0,1.0,15000,0.9185548071034905,False,1.0,False,0.004147875006310642,1.0,False,semreuse-gt,agnews,30000,0
4,leaf:world news#t0,The document is about world news.,rewrite,7637,7500,137,0,0,1.0,1.0,1.0,7500,0.9191176470588235,False,1.0,False,0.004177458002232015,1.0,False,semreuse-gt,agnews,30000,0
5,union:business and finance|world news#u1,This text discusses either business and finance or world news.,rewrite,7610,7500,110,0,0,1.0,1.0,1.0,15000,0.9209074187614961,False,0.9012,False,0.006430292007280514,1.0,False,semreuse-gt,agnews,30000,0
6,leaf:sports#t1,This text discusses sports.,rewrite,198,0,198,0,0,1.0,1.0,1.0,7500,0.9188602442333785,False,0.9029333333333334,False,0.004635124991182238,1.0,False,semreuse-gt,agnews,30000,0
7,leaf:sports#t0,The document is about sports.,exact-hit,0,0,0,0,0,1.0,1.0,1.0,7500,,,,,1.1541997082531452e-05,1.0,,semreuse-gt,agnews,30000,0
8,leaf:business and finance#t2,The passage is related to business and finance.,exact-hit,0,0,0,0,0,1.0,1.0,1.0,7500,0.9193429762196617,False,1.0,False,1.4500023098662496e-05,1.0,False,semreuse-gt,agnews,30000,0
9,leaf:world news#t3,This article covers the topic of world news.,rewrite,213,0,213,0,0,1.0,1.0,1.0,7500,0.9188602442333785,False,0.9029333333333334,False,0.00479150001774542,1.0,False,semreuse-gt,agnews,30000,0
10,leaf:world news#t2,The passage is related to world news.,rewrite,213,0,213,0,0,1.0,1.0,1.0,7500,0.9188602442333785,False,0.9029333333333334,False,0.004938333004247397,1.0,False,semreuse-gt,agnews,30000,0
11,leaf:science and technology#t2,The passage is related to science and technology.,rewrite,7637,7500,137,0,0,1.0,1.0,1.0,7500,0.9191176470588235,False,1.0,False,0.004207833000691608,1.0,False,semreuse-gt,agnews,30000,0
12,union:science and technology|sports#u0,The document is about science and technology or about sports.,rewrite,137,0,137,0,0,1.0,1.0,1.0,15000,0.9192166462668299,False,0.9012,False,0.006340249994536862,1.0,False,semreuse-gt,agnews,30000,0
13,leaf:science and technology#t1,This text discusses science and technology.,rewrite,213,0,213,0,0,1.0,1.0,1.0,7500,0.9188602442333785,False,0.9029333333333334,False,0.004555500025162473,1.0,False,semreuse-gt,agnews,30000,0
14,leaf:world news#t2,The passage is related to world news.,exact-hit,0,0,0,0,0,1.0,1.0,1.0,7500,0.9188602442333785,False,0.9029333333333334,False,9.37501317821443e-06,1.0,False,semreuse-gt,agnews,30000,0
15,leaf:business and finance#t3,This article covers the topic of business and finance.,rewrite,213,0,213,0,0,1.0,1.0,1.0,7500,0.9188602442333785,False,0.9029333333333334,False,0.004448374995263293,1.0,False,semreuse-gt,agnews,30000,0
16,union:business and finance|sports#u0,The document is about business and finance or about sports.,rewrite,137,0,137,0,0,1.0,1.0,1.0,15000,0.9192166462668299,False,0.9012,False,0.006257625005673617,1.0,False,semreuse-gt,agnews,30000,0
17,union:business and finance|science and technology#u1,This text discusses either business and finance or science and technology.,rewrite,137,0,137,0,0,1.0,1.0,1.0,15000,0.9192166462668299,False,0.9012,False,0.006348249997245148,1.0,False,semreuse-gt,agnews,30000,0
18,leaf:world news#t1,This text discusses world news.,rewrite,213,0,213,0,0,1.0,1.0,1.0,7500,0.9188602442333785,False,0.9029333333333334,False,0.004872833000263199,1.0,False,semreuse-gt,agnews,30000,0
19,leaf:science and technology#t3,This article covers the topic of science and technology.,rewrite,213,0,213,0,0,1.0,1.0,1.0,7500,0.9188602442333785,False,0.9029333333333334,False,0.005170624994207174,1.0,False,semreuse-gt,agnews,30000,0
20,leaf:world news#t1,This text discusses world news.,exact-hit,0,0,0,0,0,1.0,1.0,1.0,7500,0.9188602442333785,False,0.9029333333333334,False,1.3500015484169126e-05,1.0,False,semreuse-gt,agnews,30000,0
21,leaf:world news#t2,The passage is related to world news.,exact-hit,0,0,0,0,0,1.0,1.0,1.0,7500,0.9188602442333785,False,0.9029333333333334,False,5.833018803969026e-06,1.0,False,semreuse-gt,agnews,30000,0
22,union:business and finance|science and technology#u1,This text discusses either business and finance or science and technology.,exact-hit,0,0,0,0,0,1.0,1.0,1.0,15000,0.9192166462668299,False,0.9012,False,5.333975423127413e-06,1.0,False,semreuse-gt,agnews,30000,0
23,leaf:world news#t0,The document is about world news.,exact-hit,0,0,0,0,0,1.0,1.0,1.0,7500,0.9191176470588235,False,1.0,False,5.082983989268541e-06,1.0,False,semreuse-gt,agnews,30000,0
24,union:business and finance|sports#u0,The document is about business and finance or about sports.,exact-hit,0,0,0,0,0,1.0,1.0,1.0,15000,0.9192166462668299,False,0.9012,False,5.209003575146198e-06,1.0,False,semreuse-gt,agnews,30000,0
25,leaf:sports#t1,This text discusses sports.,exact-hit,0,0,0,0,0,1.0,1.0,1.0,7500,0.9188602442333785,False,0.9029333333333334,False,5.0000089686363935e-06,1.0,False,semreuse-gt,agnews,30000,0
26,leaf:science and technology#t3,This article covers the topic of science and technology.,exact-hit,0,0,0,0,0,1.0,1.0,1.0,7500,0.9188602442333785,False,0.9029333333333334,False,4.999979864805937e-06,1.0,False,semreuse-gt,agnews,30000,0
27,leaf:world news#t1,This text discusses world news.,exact-hit,0,0,0,0,0,1.0,1.0,1.0,7500,0.9188602442333785,False,0.9029333333333334,False,4.375004209578037e-06,1.0,False,semreuse-gt,agnews,30000,0
28,leaf:sports#t1,This text discusses sports.,exact-hit,0,0,0,0,0,1.0,1.0,1.0,7500,0.9188602442333785,False,0.9029333333333334,False,4.041008651256561e-06,1.0,False,semreuse-gt,agnews,30000,0
29,leaf:science and technology#t3,This article covers the topic of science and technology.,exact-hit,0,0,0,0,0,1.0,1.0,1.0,7500,0.9188602442333785,False,0.9029333333333334,False,4.417001036927104e-06,1.0,False,semreuse-gt,agnews,30000,0
30,union:science and technology|world news#u1,This text discusses either science and technology or world news.,rewrite,89,0,89,0,0,1.0,1.0,1.0,15000,0.9193427931292009,False,0.9027333333333334,False,0.005438499996671453,1.0,False,semreuse-gt,agnews,30000,0
31,union:sports|world news#u1,This text discusses either sports or world news.,rewrite,137,0,137,0,0,1.0,1.0,1.0,15000,0.9192166462668299,False,0.9012,False,0.006510540988529101,1.0,False,semreuse-gt,agnews,30000,0
32,union:business and finance|science and technology#u0,The document is about business and finance or about science and technology.,exact-hit,0,0,0,0,0,1.0,1.0,1.0,15000,0.9224524936965747,False,1.0,False,8.000002708286047e-06,1.0,False,semreuse-gt,agnews,30000,0
33,leaf:business and finance#t3,This article covers the topic of business and finance.,exact-hit,0,0,0,0,0,1.0,1.0,1.0,7500,0.9188602442333785,False,0.9029333333333334,False,4.3339969124644995e-06,1.0,False,semreuse-gt,agnews,30000,0
34,union:business and finance|world news#u0,The document is about business and finance or about world news.,rewrite,89,0,89,0,0,1.0,1.0,1.0,15000,0.9193427931292009,False,0.9027333333333334,False,0.00571433300501667,1.0,False,semreuse-gt,agnews,30000,0
35,leaf:world news#t2,The passage is related to world news.,exact-hit,0,0,0,0,0,1.0,1.0,1.0,7500,0.9188602442333785,False,0.9029333333333334,False,1.4749995898455381e-05,1.0,False,semreuse-gt,agnews,30000,0
36,leaf:science and technology#t0,The document is about science and technology.,rewrite,213,0,213,0,0,1.0,1.0,1.0,7500,0.9188602442333785,False,0.9029333333333334,False,0.005022958997869864,1.0,False,semreuse-gt,agnews,30000,0
37,leaf:science and technology#t0,The document is about science and technology.,exact-hit,0,0,0,0,0,1.0,1.0,1.0,7500,0.9188602442333785,False,0.9029333333333334,False,1.912500010803342e-05,1.0,False,semreuse-gt,agnews,30000,0
38,leaf:business and finance#t3,This article covers the topic of business and finance.,exact-hit,0,0,0,0,0,1.0,1.0,1.0,7500,0.9188602442333785,False,0.9029333333333334,False,6.999995093792677e-06,1.0,False,semreuse-gt,agnews,30000,0
39,union:business and finance|science and technology#u0,The document is about business and finance or about science and technology.,exact-hit,0,0,0,0,0,1.0,1.0,1.0,15000,0.9224524936965747,False,1.0,False,7.0829992182552814e-06,1.0,False,semreuse-gt,agnews,30000,0
40,leaf:science and technology#t1,This text discusses science and technology.,exact-hit,0,0,0,0,0,1.0,1.0,1.0,7500,0.9188602442333785,False,0.9029333333333334,False,5.750014679506421e-06,1.0,False,semreuse-gt,agnews,30000,0
41,leaf:sports#t2,The passage is related to sports.,rewrite,213,0,213,0,0,1.0,1.0,1.0,7500,0.9188602442333785,False,0.9029333333333334,False,0.005348459002561867,1.0,False,semreuse-gt,agnews,30000,0
42,leaf:science and technology#t3,This article covers the topic of science and technology.,exact-hit,0,0,0,0,0,1.0,1.0,1.0,7500,0.9188602442333785,False,0.9029333333333334,False,1.3541983207687736e-05,1.0,False,semreuse-gt,agnews,30000,0
43,leaf:science and technology#t1,This text discusses science and technology.,exact-hit,0,0,0,0,0,1.0,1.0,1.0,7500,0.9188602442333785,False,0.9029333333333334,False,6.000016583129764e-06,1.0,False,semreuse-gt,agnews,30000,0
44,leaf:business and finance#t3,This article covers the topic of business and finance.,exact-hit,0,0,0,0,0,1.0,1.0,1.0,7500,0.9188602442333785,False,0.9029333333333334,False,5.333975423127413e-06,1.0,False,semreuse-gt,agnews,30000,0
45,union:science and technology|sports#u0,The document is about science and technology or about sports.,exact-hit,0,0,0,0,0,1.0,1.0,1.0,15000,0.9192166462668299,False,0.9012,False,5.54099096916616e-06,1.0,False,semreuse-gt,agnews,30000,0
46,leaf:business and finance#t3,This article covers the topic of business and finance.,exact-hit,0,0,0,0,0,1.0,1.0,1.0,7500,0.9188602442333785,False,0.9029333333333334,False,4.95798303745687e-06,1.0,False,semreuse-gt,agnews,30000,0
47,union:science and technology|world news#u1,This text discusses either science and technology or world news.,exact-hit,0,0,0,0,0,1.0,1.0,1.0,15000,0.9193427931292009,False,0.9027333333333334,False,5.208014044910669e-06,1.0,False,semreuse-gt,agnews,30000,0
48,union:science and technology|sports#u0,The document is about science and technology or about sports.,exact-hit,0,0,0,0,0,1.0,1.0,1.0,15000,0.9192166462668299,False,0.9012,False,4.875008016824722e-06,1.0,False,semreuse-gt,agnews,30000,0
49,leaf:science and technology#t3,This article covers the topic of science and technology.,exact-hit,0,0,0,0,0,1.0,1.0,1.0,7500,0.9188602442333785,False,0.9029333333333334,False,4.542001988738775e-06,1.0,False,semreuse-gt,agnews,30000,0
50,leaf:sports#t0,The document is about sports.,exact-hit,0,0,0,0,0,1.0,1.0,1.0,7500,,,,,5.125009920448065e-06,1.0,,semreuse-gt,agnews,30000,0
51,leaf:world news#t2,The passage is related to world news.,exact-hit,0,0,0,0,0,1.0,1.0,1.0,7500,0.9188602442333785,False,0.9029333333333334,False,5.1670067477971315e-06,1.0,False,semreuse-gt,agnews,30000,0
52,leaf:business and finance#t3,This article covers the topic of business and finance.,exact-hit,0,0,0,0,0,1.0,1.0,1.0,7500,0.9188602442333785,False,0.9029333333333334,False,4.375004209578037e-06,1.0,False,semreuse-gt,agnews,30000,0
53,leaf:business and finance#t0,The document is about business and finance.,rewrite,213,0,213,0,0,1.0,1.0,1.0,7500,0.9188602442333785,False,0.9029333333333334,False,0.005317667004419491,1.0,False,semreuse-gt,agnews,30000,0
54,union:science and technology|world news#u0,The document is about science and technology or about world news.,exact-hit,0,0,0,0,0,1.0,1.0,1.0,15000,0.9185548071034905,False,1.0,False,1.575000351294875e-05,1.0,False,semreuse-gt,agnews,30000,0
55,leaf:sports#t1,This text discusses sports.,exact-hit,0,0,0,0,0,1.0,1.0,1.0,7500,0.9188602442333785,False,0.9029333333333334,False,6.165995728224516e-06,1.0,False,semreuse-gt,agnews,30000,0
56,leaf:science and technology#t3,This article covers the topic of science and technology.,exact-hit,0,0,0,0,0,1.0,1.0,1.0,7500,0.9188602442333785,False,0.9029333333333334,False,5.832989700138569e-06,1.0,False,semreuse-gt,agnews,30000,0
57,leaf:business and finance#t3,This article covers the topic of business and finance.,exact-hit,0,0,0,0,0,1.0,1.0,1.0,7500,0.9188602442333785,False,0.9029333333333334,False,4.708999767899513e-06,1.0,False,semreuse-gt,agnews,30000,0
58,union:sports|world news#u1,This text discusses either sports or world news.,exact-hit,0,0,0,0,0,1.0,1.0,1.0,15000,0.9192166462668299,False,0.9012,False,5.290989065542817e-06,1.0,False,semreuse-gt,agnews,30000,0
59,union:business and finance|world news#u1,This text discusses either business and finance or world news.,exact-hit,0,0,0,0,0,1.0,1.0,1.0,15000,0.9209074187614961,False,0.9012,False,6.333022611215711e-06,1.0,False,semreuse-gt,agnews,30000,0
60,leaf:science and technology#t3,This article covers the topic of science and technology.,exact-hit,0,0,0,0,0,1.0,1.0,1.0,7500,0.9188602442333785,False,0.9029333333333334,False,4.917004844173789e-06,1.0,False,semreuse-gt,agnews,30000,0
61,leaf:business and finance#t2,The passage is related to business and finance.,exact-hit,0,0,0,0,0,1.0,1.0,1.0,7500,0.9193429762196617,False,1.0,False,5.292007699608803e-06,1.0,False,semreuse-gt,agnews,30000,0
62,union:science and technology|sports#u0,The document is about science and technology or about sports.,exact-hit,0,0,0,0,0,1.0,1.0,1.0,15000,0.9192166462668299,False,0.9012,False,5.915993824601173e-06,1.0,False,semreuse-gt,agnews,30000,0
63,leaf:business and finance#t2,The passage is related to business and finance.,exact-hit,0,0,0,0,0,1.0,1.0,1.0,7500,0.9193429762196617,False,1.0,False,5.2089744713157415e-06,1.0,False,semreuse-gt,agnews,30000,0
64,leaf:sports#t2,The passage is related to sports.,exact-hit,0,0,0,0,0,1.0,1.0,1.0,7500,0.9188602442333785,False,0.9029333333333334,False,5.790992872789502e-06,1.0,False,semreuse-gt,agnews,30000,0
65,leaf:sports#t2,The passage is related to sports.,exact-hit,0,0,0,0,0,1.0,1.0,1.0,7500,0.9188602442333785,False,0.9029333333333334,False,2.72089964710176e-05,1.0,False,semreuse-gt,agnews,30000,0
66,leaf:sports#t3,This article covers the topic of sports.,rewrite,198,0,198,0,0,1.0,1.0,1.0,7500,0.9188602442333785,False,0.9029333333333334,False,0.018355750013142824,1.0,False,semreuse-gt,agnews,30000,0
67,leaf:sports#t0,The document is about sports.,exact-hit,0,0,0,0,0,1.0,1.0,1.0,7500,,,,,4.0458980947732925e-05,1.0,,semreuse-gt,agnews,30000,0
68,leaf:business and finance#t2,The passage is related to business and finance.,exact-hit,0,0,0,0,0,1.0,1.0,1.0,7500,0.9193429762196617,False,1.0,False,2.7583999326452613e-05,1.0,False,semreuse-gt,agnews,30000,0
69,leaf:sports#t0,The document is about sports.,exact-hit,0,0,0,0,0,1.0,1.0,1.0,7500,,,,,1.9625003915280104e-05,1.0,,semreuse-gt,agnews,30000,0
70,leaf:science and technology#t0,The document is about science and technology.,exact-hit,0,0,0,0,0,1.0,1.0,1.0,7500,0.9188602442333785,False,0.9029333333333334,False,2.2207997972145677e-05,1.0,False,semreuse-gt,agnews,30000,0
71,leaf:sports#t2,The passage is related to sports.,exact-hit,0,0,0,0,0,1.0,1.0,1.0,7500,0.9188602442333785,False,0.9029333333333334,False,2.1082989405840635e-05,1.0,False,semreuse-gt,agnews,30000,0
72,leaf:sports#t3,This article covers the topic of sports.,exact-hit,0,0,0,0,0,1.0,1.0,1.0,7500,0.9188602442333785,False,0.9029333333333334,False,1.5666999388486147e-05,1.0,False,semreuse-gt,agnews,30000,0
73,union:sports|world news#u0,The document is about sports or about world news.,rewrite,137,0,137,0,0,1.0,1.0,1.0,15000,0.9192166462668299,False,0.9012,False,0.007483624998712912,1.0,False,semreuse-gt,agnews,30000,0
74,leaf:business and finance#t0,The document is about business and finance.,exact-hit,0,0,0,0,0,1.0,1.0,1.0,7500,0.9188602442333785,False,0.9029333333333334,False,2.258300082758069e-05,1.0,False,semreuse-gt,agnews,30000,0
75,leaf:science and technology#t2,The passage is related to science and technology.,exact-hit,0,0,0,0,0,1.0,1.0,1.0,7500,0.9191176470588235,False,1.0,False,8.66700429469347e-06,1.0,False,semreuse-gt,agnews,30000,0
76,leaf:science and technology#t2,The passage is related to science and technology.,exact-hit,0,0,0,0,0,1.0,1.0,1.0,7500,0.9191176470588235,False,1.0,False,6.875023245811462e-06,1.0,False,semreuse-gt,agnews,30000,0
77,leaf:sports#t1,This text discusses sports.,exact-hit,0,0,0,0,0,1.0,1.0,1.0,7500,0.9188602442333785,False,0.9029333333333334,False,8.208007784560323e-06,1.0,False,semreuse-gt,agnews,30000,0
78,leaf:world news#t0,The document is about world news.,exact-hit,0,0,0,0,0,1.0,1.0,1.0,7500,0.9191176470588235,False,1.0,False,8.95801349543035e-06,1.0,False,semreuse-gt,agnews,30000,0
79,leaf:business and finance#t3,This article covers the topic of business and finance.,exact-hit,0,0,0,0,0,1.0,1.0,1.0,7500,0.9188602442333785,False,0.9029333333333334,False,8.834002073854208e-06,1.0,False,semreuse-gt,agnews,30000,0
80,union:business and finance|science and technology#u1,This text discusses either business and finance or science and technology.,exact-hit,0,0,0,0,0,1.0,1.0,1.0,15000,0.9192166462668299,False,0.9012,False,7.99997360445559e-06,1.0,False,semreuse-gt,agnews,30000,0
81,union:science and technology|sports#u0,The document is about science and technology or about sports.,exact-hit,0,0,0,0,0,1.0,1.0,1.0,15000,0.9192166462668299,False,0.9012,False,8.000002708286047e-06,1.0,False,semreuse-gt,agnews,30000,0
82,union:science and technology|sports#u1,This text discusses either science and technology or sports.,rewrite,137,0,137,0,0,1.0,1.0,1.0,15000,0.9192166462668299,False,0.9012,False,0.007286249980097637,1.0,False,semreuse-gt,agnews,30000,0
83,leaf:sports#t3,This article covers the topic of sports.,exact-hit,0,0,0,0,0,1.0,1.0,1.0,7500,0.9188602442333785,False,0.9029333333333334,False,2.2958003683015704e-05,1.0,False,semreuse-gt,agnews,30000,0
84,leaf:science and technology#t3,This article covers the topic of science and technology.,exact-hit,0,0,0,0,0,1.0,1.0,1.0,7500,0.9188602442333785,False,0.9029333333333334,False,7.95899541117251e-06,1.0,False,semreuse-gt,agnews,30000,0
85,union:science and technology|sports#u0,The document is about science and technology or about sports.,exact-hit,0,0,0,0,0,1.0,1.0,1.0,15000,0.9192166462668299,False,0.9012,False,7.2499969974160194e-06,1.0,False,semreuse-gt,agnews,30000,0
86,leaf:sports#t2,The passage is related to sports.,exact-hit,0,0,0,0,0,1.0,1.0,1.0,7500,0.9188602442333785,False,0.9029333333333334,False,9.37501317821443e-06,1.0,False,semreuse-gt,agnews,30000,0
87,leaf:science and technology#t1,This text discusses science and technology.,exact-hit,0,0,0,0,0,1.0,1.0,1.0,7500,0.9188602442333785,False,0.9029333333333334,False,8.292001439258456e-06,1.0,False,semreuse-gt,agnews,30000,0
88,leaf:business and finance#t1,This text discusses business and finance.,rewrite,213,0,213,0,0,1.0,1.0,1.0,7500,0.9188602442333785,False,0.9029333333333334,False,0.006066375004593283,1.0,False,semreuse-gt,agnews,30000,0
89,leaf:sports#t0,The document is about sports.,exact-hit,0,0,0,0,0,1.0,1.0,1.0,7500,,,,,1.462499494664371e-05,1.0,,semreuse-gt,agnews,30000,0
90,union:business and finance|world news#u0,The document is about business and finance or about world news.,exact-hit,0,0,0,0,0,1.0,1.0,1.0,15000,0.9193427931292009,False,0.9027333333333334,False,7.959024515002966e-06,1.0,False,semreuse-gt,agnews,30000,0
91,union:business and finance|world news#u0,The document is about business and finance or about world news.,exact-hit,0,0,0,0,0,1.0,1.0,1.0,15000,0.9193427931292009,False,0.9027333333333334,False,8.833012543618679e-06,1.0,False,semreuse-gt,agnews,30000,0
92,leaf:sports#t3,This article covers the topic of sports.,exact-hit,0,0,0,0,0,1.0,1.0,1.0,7500,0.9188602442333785,False,0.9029333333333334,False,9.417010005563498e-06,1.0,False,semreuse-gt,agnews,30000,0
93,leaf:science and technology#t3,This article covers the topic of science and technology.,exact-hit,0,0,0,0,0,1.0,1.0,1.0,7500,0.9188602442333785,False,0.9029333333333334,False,9.500014130026102e-06,1.0,False,semreuse-gt,agnews,30000,0
94,leaf:sports#t3,This article covers the topic of sports.,exact-hit,0,0,0,0,0,1.0,1.0,1.0,7500,0.9188602442333785,False,0.9029333333333334,False,6.500020390376449e-06,1.0,False,semreuse-gt,agnews,30000,0
95,leaf:sports#t2,The passage is related to sports.,exact-hit,0,0,0,0,0,1.0,1.0,1.0,7500,0.9188602442333785,False,0.9029333333333334,False,2.0041974494233727e-05,1.0,False,semreuse-gt,agnews,30000,0
96,leaf:business and finance#t2,The passage is related to business and finance.,exact-hit,0,0,0,0,0,1.0,1.0,1.0,7500,0.9193429762196617,False,1.0,False,1.995800994336605e-05,1.0,False,semreuse-gt,agnews,30000,0
97,leaf:sports#t0,The document is about sports.,exact-hit,0,0,0,0,0,1.0,1.0,1.0,7500,,,,,1.5582976629957557e-05,1.0,,semreuse-gt,agnews,30000,0
98,leaf:sports#t1,This text discusses sports.,exact-hit,0,0,0,0,0,1.0,1.0,1.0,7500,0.9188602442333785,False,0.9029333333333334,False,1.6416975995525718e-05,1.0,False,semreuse-gt,agnews,30000,0
99,leaf:science and technology#t3,This article covers the topic of science and technology.,exact-hit,0,0,0,0,0,1.0,1.0,1.0,7500,0.9188602442333785,False,0.9029333333333334,False,1.4999997802078724e-05,1.0,False,semreuse-gt,agnews,30000,0
100,leaf:science and technology#t3,This article covers the topic of science and technology.,exact-hit,0,0,0,0,0,1.0,1.0,1.0,7500,0.9188602442333785,False,0.9029333333333334,False,1.3083976227790117e-05,1.0,False,semreuse-gt,agnews,30000,0
101,leaf:world news#t2,The passage is related to world news.,exact-hit,0,0,0,0,0,1.0,1.0,1.0,7500,0.9188602442333785,False,0.9029333333333334,False,1.2584001524373889e-05,1.0,False,semreuse-gt,agnews,30000,0
102,union:science and technology|world news#u1,This text discusses either science and technology or world news.,exact-hit,0,0,0,0,0,1.0,1.0,1.0,15000,0.9193427931292009,False,0.9027333333333334,False,1.5457975678145885e-05,1.0,False,semreuse-gt,agnews,30000,0
103,leaf:business and finance#t1,This text discusses business and finance.,exact-hit,0,0,0,0,0,1.0,1.0,1.0,7500,0.9188602442333785,False,0.9029333333333334,False,9.95901064015925e-06,1.0,False,semreuse-gt,agnews,30000,0
104,leaf:science and technology#t3,This article covers the topic of science and technology.,exact-hit,0,0,0,0,0,1.0,1.0,1.0,7500,0.9188602442333785,False,0.9029333333333334,False,7.916009053587914e-06,1.0,False,semreuse-gt,agnews,30000,0
105,leaf:science and technology#t0,The document is about science and technology.,exact-hit,0,0,0,0,0,1.0,1.0,1.0,7500,0.9188602442333785,False,0.9029333333333334,False,6.290996680036187e-06,1.0,False,semreuse-gt,agnews,30000,0
106,union:business and finance|science and technology#u1,This text discusses either business and finance or science and technology.,exact-hit,0,0,0,0,0,1.0,1.0,1.0,15000,0.9192166462668299,False,0.9012,False,6.374990334734321e-06,1.0,False,semreuse-gt,agnews,30000,0
107,union:business and finance|sports#u0,The document is about business and finance or about sports.,exact-hit,0,0,0,0,0,1.0,1.0,1.0,15000,0.9192166462668299,False,0.9012,False,8.500006515532732e-06,1.0,False,semreuse-gt,agnews,30000,0
108,leaf:science and technology#t2,The passage is related to science and technology.,exact-hit,0,0,0,0,0,1.0,1.0,1.0,7500,0.9191176470588235,False,1.0,False,7.916009053587914e-06,1.0,False,semreuse-gt,agnews,30000,0
109,leaf:business and finance#t2,The passage is related to business and finance.,exact-hit,0,0,0,0,0,1.0,1.0,1.0,7500,0.9193429762196617,False,1.0,False,6.374990334734321e-06,1.0,False,semreuse-gt,agnews,30000,0
110,leaf:sports#t3,This article covers the topic of sports.,exact-hit,0,0,0,0,0,1.0,1.0,1.0,7500,0.9188602442333785,False,0.9029333333333334,False,9.042007150128484e-06,1.0,False,semreuse-gt,agnews,30000,0
111,leaf:science and technology#t0,The document is about science and technology.,exact-hit,0,0,0,0,0,1.0,1.0,1.0,7500,0.9188602442333785,False,0.9029333333333334,False,6.54099858365953e-06,1.0,False,semreuse-gt,agnews,30000,0
112,leaf:sports#t3,This article covers the topic of sports.,exact-hit,0,0,0,0,0,1.0,1.0,1.0,7500,0.9188602442333785,False,0.9029333333333334,False,5.917012458667159e-06,1.0,False,semreuse-gt,agnews,30000,0
113,leaf:sports#t2,The passage is related to sports.,exact-hit,0,0,0,0,0,1.0,1.0,1.0,7500,0.9188602442333785,False,0.9029333333333334,False,7.2499969974160194e-06,1.0,False,semreuse-gt,agnews,30000,0
114,leaf:business and finance#t2,The passage is related to business and finance.,exact-hit,0,0,0,0,0,1.0,1.0,1.0,7500,0.9193429762196617,False,1.0,False,6.624992238357663e-06,1.0,False,semreuse-gt,agnews,30000,0
115,leaf:business and finance#t0,The document is about business and finance.,exact-hit,0,0,0,0,0,1.0,1.0,1.0,7500,0.9188602442333785,False,0.9029333333333334,False,6.499991286545992e-06,1.0,False,semreuse-gt,agnews,30000,0
116,union:science and technology|sports#u0,The document is about science and technology or about sports.,exact-hit,0,0,0,0,0,1.0,1.0,1.0,15000,0.9192166462668299,False,0.9012,False,6.832997314631939e-06,1.0,False,semreuse-gt,agnews,30000,0
117,leaf:sports#t0,The document is about sports.,exact-hit,0,0,0,0,0,1.0,1.0,1.0,7500,,,,,8.333008736371994e-06,1.0,,semreuse-gt,agnews,30000,0
118,leaf:business and finance#t0,The document is about business and finance.,exact-hit,0,0,0,0,0,1.0,1.0,1.0,7500,0.9188602442333785,False,0.9029333333333334,False,6.499991286545992e-06,1.0,False,semreuse-gt,agnews,30000,0
119,leaf:sports#t3,This article covers the topic of sports.,exact-hit,0,0,0,0,0,1.0,1.0,1.0,7500,0.9188602442333785,False,0.9029333333333334,False,6.332993507385254e-06,1.0,False,semreuse-gt,agnews,30000,0
0,leaf:sports#t0,The document is about sports.,cold,120000,120000,0,0,0,1.0,1.0,1.0,30000,,,,,0.002303999994182959,1.0,,cold,agnews,120000,0
1,union:business and finance|science and technology#u0,The document is about business and finance or about science and technology.,cold,120000,120000,0,0,0,1.0,1.0,1.0,60000,,,,,0.00252604199340567,1.0,,cold,agnews,120000,0
2,leaf:business and finance#t2,The passage is related to business and finance.,cold,120000,120000,0,0,0,1.0,1.0,1.0,30000,,,,,0.001305917015997693,1.0,,cold,agnews,120000,0
3,union:science and technology|world news#u0,The document is about science and technology or about world news.,cold,120000,120000,0,0,0,1.0,1.0,1.0,60000,,,,,0.002618999977130443,1.0,,cold,agnews,120000,0
4,leaf:world news#t0,The document is about world news.,cold,120000,120000,0,0,0,1.0,1.0,1.0,30000,,,,,0.0013649169995915145,1.0,,cold,agnews,120000,0
5,union:business and finance|world news#u1,This text discusses either business and finance or world news.,cold,120000,120000,0,0,0,1.0,1.0,1.0,60000,,,,,0.0023829580168239772,1.0,,cold,agnews,120000,0
6,leaf:sports#t1,This text discusses sports.,cold,120000,120000,0,0,0,1.0,1.0,1.0,30000,,,,,0.001409041986335069,1.0,,cold,agnews,120000,0
7,leaf:sports#t0,The document is about sports.,cold,120000,120000,0,0,0,1.0,1.0,1.0,30000,,,,,0.0013282079889904708,1.0,,cold,agnews,120000,0
8,leaf:business and finance#t2,The passage is related to business and finance.,cold,120000,120000,0,0,0,1.0,1.0,1.0,30000,,,,,0.0012602079950738698,1.0,,cold,agnews,120000,0
9,leaf:world news#t3,This article covers the topic of world news.,cold,120000,120000,0,0,0,1.0,1.0,1.0,30000,,,,,0.0012659170024562627,1.0,,cold,agnews,120000,0
10,leaf:world news#t2,The passage is related to world news.,cold,120000,120000,0,0,0,1.0,1.0,1.0,30000,,,,,0.0014494580100290477,1.0,,cold,agnews,120000,0
11,leaf:science and technology#t2,The passage is related to science and technology.,cold,120000,120000,0,0,0,1.0,1.0,1.0,30000,,,,,0.001312124979449436,1.0,,cold,agnews,120000,0
12,union:science and technology|sports#u0,The document is about science and technology or about sports.,cold,120000,120000,0,0,0,1.0,1.0,1.0,60000,,,,,0.0026832919975277036,1.0,,cold,agnews,120000,0
13,leaf:science and technology#t1,This text discusses science and technology.,cold,120000,120000,0,0,0,1.0,1.0,1.0,30000,,,,,0.001257791998796165,1.0,,cold,agnews,120000,0
14,leaf:world news#t2,The passage is related to world news.,cold,120000,120000,0,0,0,1.0,1.0,1.0,30000,,,,,0.001354458014247939,1.0,,cold,agnews,120000,0
15,leaf:business and finance#t3,This article covers the topic of business and finance.,cold,120000,120000,0,0,0,1.0,1.0,1.0,30000,,,,,0.0013256250240374357,1.0,,cold,agnews,120000,0
16,union:business and finance|sports#u0,The document is about business and finance or about sports.,cold,120000,120000,0,0,0,1.0,1.0,1.0,60000,,,,,0.0026579579862300307,1.0,,cold,agnews,120000,0
17,union:business and finance|science and technology#u1,This text discusses either business and finance or science and technology.,cold,120000,120000,0,0,0,1.0,1.0,1.0,60000,,,,,0.002489415986929089,1.0,,cold,agnews,120000,0
18,leaf:world news#t1,This text discusses world news.,cold,120000,120000,0,0,0,1.0,1.0,1.0,30000,,,,,0.0014769590052310377,1.0,,cold,agnews,120000,0
19,leaf:science and technology#t3,This article covers the topic of science and technology.,cold,120000,120000,0,0,0,1.0,1.0,1.0,30000,,,,,0.0012897079868707806,1.0,,cold,agnews,120000,0
20,leaf:world news#t1,This text discusses world news.,cold,120000,120000,0,0,0,1.0,1.0,1.0,30000,,,,,0.0012821670097764581,1.0,,cold,agnews,120000,0
21,leaf:world news#t2,The passage is related to world news.,cold,120000,120000,0,0,0,1.0,1.0,1.0,30000,,,,,0.0013571249728556722,1.0,,cold,agnews,120000,0
22,union:business and finance|science and technology#u1,This text discusses either business and finance or science and technology.,cold,120000,120000,0,0,0,1.0,1.0,1.0,60000,,,,,0.0025260840193368495,1.0,,cold,agnews,120000,0
23,leaf:world news#t0,The document is about world news.,cold,120000,120000,0,0,0,1.0,1.0,1.0,30000,,,,,0.001498875004472211,1.0,,cold,agnews,120000,0
24,union:business and finance|sports#u0,The document is about business and finance or about sports.,cold,120000,120000,0,0,0,1.0,1.0,1.0,60000,,,,,0.0025662500120233744,1.0,,cold,agnews,120000,0
25,leaf:sports#t1,This text discusses sports.,cold,120000,120000,0,0,0,1.0,1.0,1.0,30000,,,,,0.0014744579966645688,1.0,,cold,agnews,120000,0
26,leaf:science and technology#t3,This article covers the topic of science and technology.,cold,120000,120000,0,0,0,1.0,1.0,1.0,30000,,,,,0.0013576250057667494,1.0,,cold,agnews,120000,0
27,leaf:world news#t1,This text discusses world news.,cold,120000,120000,0,0,0,1.0,1.0,1.0,30000,,,,,0.0015092909743543714,1.0,,cold,agnews,120000,0
28,leaf:sports#t1,This text discusses sports.,cold,120000,120000,0,0,0,1.0,1.0,1.0,30000,,,,,0.0013848750095348805,1.0,,cold,agnews,120000,0
29,leaf:science and technology#t3,This article covers the topic of science and technology.,cold,120000,120000,0,0,0,1.0,1.0,1.0,30000,,,,,0.0012907920172438025,1.0,,cold,agnews,120000,0
30,union:science and technology|world news#u1,This text discusses either science and technology or world news.,cold,120000,120000,0,0,0,1.0,1.0,1.0,60000,,,,,0.0023890000011306256,1.0,,cold,agnews,120000,0
31,union:sports|world news#u1,This text discusses either sports or world news.,cold,120000,120000,0,0,0,1.0,1.0,1.0,60000,,,,,0.0025843750045169145,1.0,,cold,agnews,120000,0
32,union:business and finance|science and technology#u0,The document is about business and finance or about science and technology.,cold,120000,120000,0,0,0,1.0,1.0,1.0,60000,,,,,0.0024387080047745258,1.0,,cold,agnews,120000,0
33,leaf:business and finance#t3,This article covers the topic of business and finance.,cold,120000,120000,0,0,0,1.0,1.0,1.0,30000,,,,,0.001253041991731152,1.0,,cold,agnews,120000,0
34,union:business and finance|world news#u0,The document is about business and finance or about world news.,cold,120000,120000,0,0,0,1.0,1.0,1.0,60000,,,,,0.002549749973695725,1.0,,cold,agnews,120000,0
35,leaf:world news#t2,The passage is related to world news.,cold,120000,120000,0,0,0,1.0,1.0,1.0,30000,,,,,0.0014969169860705733,1.0,,cold,agnews,120000,0
36,leaf:science and technology#t0,The document is about science and technology.,cold,120000,120000,0,0,0,1.0,1.0,1.0,30000,,,,,0.0013535839971154928,1.0,,cold,agnews,120000,0
37,leaf:science and technology#t0,The document is about science and technology.,cold,120000,120000,0,0,0,1.0,1.0,1.0,30000,,,,,0.0014093749923631549,1.0,,cold,agnews,120000,0
38,leaf:business and finance#t3,This article covers the topic of business and finance.,cold,120000,120000,0,0,0,1.0,1.0,1.0,30000,,,,,0.0013315000105649233,1.0,,cold,agnews,120000,0
39,union:business and finance|science and technology#u0,The document is about business and finance or about science and technology.,cold,120000,120000,0,0,0,1.0,1.0,1.0,60000,,,,,0.0025737499818205833,1.0,,cold,agnews,120000,0
40,leaf:science and technology#t1,This text discusses science and technology.,cold,120000,120000,0,0,0,1.0,1.0,1.0,30000,,,,,0.0012999580067116767,1.0,,cold,agnews,120000,0
41,leaf:sports#t2,The passage is related to sports.,cold,120000,120000,0,0,0,1.0,1.0,1.0,30000,,,,,0.0013978329952806234,1.0,,cold,agnews,120000,0
42,leaf:science and technology#t3,This article covers the topic of science and technology.,cold,120000,120000,0,0,0,1.0,1.0,1.0,30000,,,,,0.0012759579985868186,1.0,,cold,agnews,120000,0
43,leaf:science and technology#t1,This text discusses science and technology.,cold,120000,120000,0,0,0,1.0,1.0,1.0,30000,,,,,0.0014265830104704946,1.0,,cold,agnews,120000,0
44,leaf:business and finance#t3,This article covers the topic of business and finance.,cold,120000,120000,0,0,0,1.0,1.0,1.0,30000,,,,,0.0013137089845258743,1.0,,cold,agnews,120000,0
45,union:science and technology|sports#u0,The document is about science and technology or about sports.,cold,120000,120000,0,0,0,1.0,1.0,1.0,60000,,,,,0.0027178750024177134,1.0,,cold,agnews,120000,0
46,leaf:business and finance#t3,This article covers the topic of business and finance.,cold,120000,120000,0,0,0,1.0,1.0,1.0,30000,,,,,0.0013340000004973263,1.0,,cold,agnews,120000,0
47,union:science and technology|world news#u1,This text discusses either science and technology or world news.,cold,120000,120000,0,0,0,1.0,1.0,1.0,60000,,,,,0.0026940829993691295,1.0,,cold,agnews,120000,0
48,union:science and technology|sports#u0,The document is about science and technology or about sports.,cold,120000,120000,0,0,0,1.0,1.0,1.0,60000,,,,,0.02617033399292268,1.0,,cold,agnews,120000,0
49,leaf:science and technology#t3,This article covers the topic of science and technology.,cold,120000,120000,0,0,0,1.0,1.0,1.0,30000,,,,,0.0012548340018838644,1.0,,cold,agnews,120000,0
50,leaf:sports#t0,The document is about sports.,cold,120000,120000,0,0,0,1.0,1.0,1.0,30000,,,,,0.001389582990668714,1.0,,cold,agnews,120000,0
51,leaf:world news#t2,The passage is related to world news.,cold,120000,120000,0,0,0,1.0,1.0,1.0,30000,,,,,0.0014349579869303852,1.0,,cold,agnews,120000,0
52,leaf:business and finance#t3,This article covers the topic of business and finance.,cold,120000,120000,0,0,0,1.0,1.0,1.0,30000,,,,,0.001222749997396022,1.0,,cold,agnews,120000,0
53,leaf:business and finance#t0,The document is about business and finance.,cold,120000,120000,0,0,0,1.0,1.0,1.0,30000,,,,,0.0012485840125009418,1.0,,cold,agnews,120000,0
54,union:science and technology|world news#u0,The document is about science and technology or about world news.,cold,120000,120000,0,0,0,1.0,1.0,1.0,60000,,,,,0.0024462089932058007,1.0,,cold,agnews,120000,0
55,leaf:sports#t1,This text discusses sports.,cold,120000,120000,0,0,0,1.0,1.0,1.0,30000,,,,,0.0013089589774608612,1.0,,cold,agnews,120000,0
56,leaf:science and technology#t3,This article covers the topic of science and technology.,cold,120000,120000,0,0,0,1.0,1.0,1.0,30000,,,,,0.0012575000000651926,1.0,,cold,agnews,120000,0
57,leaf:business and finance#t3,This article covers the topic of business and finance.,cold,120000,120000,0,0,0,1.0,1.0,1.0,30000,,,,,0.0012502919998951256,1.0,,cold,agnews,120000,0
58,union:sports|world news#u1,This text discusses either sports or world news.,cold,120000,120000,0,0,0,1.0,1.0,1.0,60000,,,,,0.0033936669933609664,1.0,,cold,agnews,120000,0
59,union:business and finance|world news#u1,This text discusses either business and finance or world news.,cold,120000,120000,0,0,0,1.0,1.0,1.0,60000,,,,,0.01203199999872595,1.0,,cold,agnews,120000,0
60,leaf:science and technology#t3,This article covers the topic of science and technology.,cold,120000,120000,0,0,0,1.0,1.0,1.0,30000,,,,,0.0014630419900640845,1.0,,cold,agnews,120000,0
61,leaf:business and finance#t2,The passage is related to business and finance.,cold,120000,120000,0,0,0,1.0,1.0,1.0,30000,,,,,0.0014086659939493984,1.0,,cold,agnews,120000,0
62,union:science and technology|sports#u0,The document is about science and technology or about sports.,cold,120000,120000,0,0,0,1.0,1.0,1.0,60000,,,,,0.012009624973870814,1.0,,cold,agnews,120000,0
63,leaf:business and finance#t2,The passage is related to business and finance.,cold,120000,120000,0,0,0,1.0,1.0,1.0,30000,,,,,0.0013010840048082173,1.0,,cold,agnews,120000,0
64,leaf:sports#t2,The passage is related to sports.,cold,120000,120000,0,0,0,1.0,1.0,1.0,30000,,,,,0.0014462499821092933,1.0,,cold,agnews,120000,0
65,leaf:sports#t2,The passage is related to sports.,cold,120000,120000,0,0,0,1.0,1.0,1.0,30000,,,,,0.001348291989415884,1.0,,cold,agnews,120000,0
66,leaf:sports#t3,This article covers the topic of sports.,cold,120000,120000,0,0,0,1.0,1.0,1.0,30000,,,,,0.023426750005455688,1.0,,cold,agnews,120000,0
67,leaf:sports#t0,The document is about sports.,cold,120000,120000,0,0,0,1.0,1.0,1.0,30000,,,,,0.001890541985630989,1.0,,cold,agnews,120000,0
68,leaf:business and finance#t2,The passage is related to business and finance.,cold,120000,120000,0,0,0,1.0,1.0,1.0,30000,,,,,0.002290250005898997,1.0,,cold,agnews,120000,0
69,leaf:sports#t0,The document is about sports.,cold,120000,120000,0,0,0,1.0,1.0,1.0,30000,,,,,0.0014325000229291618,1.0,,cold,agnews,120000,0
70,leaf:science and technology#t0,The document is about science and technology.,cold,120000,120000,0,0,0,1.0,1.0,1.0,30000,,,,,0.0013865830260328948,1.0,,cold,agnews,120000,0
71,leaf:sports#t2,The passage is related to sports.,cold,120000,120000,0,0,0,1.0,1.0,1.0,30000,,,,,0.0014849589788354933,1.0,,cold,agnews,120000,0
72,leaf:sports#t3,This article covers the topic of sports.,cold,120000,120000,0,0,0,1.0,1.0,1.0,30000,,,,,0.0014405419933609664,1.0,,cold,agnews,120000,0
73,union:sports|world news#u0,The document is about sports or about world news.,cold,120000,120000,0,0,0,1.0,1.0,1.0,60000,,,,,0.0026957080117426813,1.0,,cold,agnews,120000,0
74,leaf:business and finance#t0,The document is about business and finance.,cold,120000,120000,0,0,0,1.0,1.0,1.0,30000,,,,,0.0012900829897262156,1.0,,cold,agnews,120000,0
75,leaf:science and technology#t2,The passage is related to science and technology.,cold,120000,120000,0,0,0,1.0,1.0,1.0,30000,,,,,0.0013644999999087304,1.0,,cold,agnews,120000,0
76,leaf:science and technology#t2,The passage is related to science and technology.,cold,120000,120000,0,0,0,1.0,1.0,1.0,30000,,,,,0.0013626250147353858,1.0,,cold,agnews,120000,0
77,leaf:sports#t1,This text discusses sports.,cold,120000,120000,0,0,0,1.0,1.0,1.0,30000,,,,,0.001468792004743591,1.0,,cold,agnews,120000,0
78,leaf:world news#t0,The document is about world news.,cold,120000,120000,0,0,0,1.0,1.0,1.0,30000,,,,,0.0014230409869924188,1.0,,cold,agnews,120000,0
79,leaf:business and finance#t3,This article covers the topic of business and finance.,cold,120000,120000,0,0,0,1.0,1.0,1.0,30000,,,,,0.0013476669846568257,1.0,,cold,agnews,120000,0
80,union:business and finance|science and technology#u1,This text discusses either business and finance or science and technology.,cold,120000,120000,0,0,0,1.0,1.0,1.0,60000,,,,,0.0025406249915249646,1.0,,cold,agnews,120000,0
81,union:science and technology|sports#u0,The document is about science and technology or about sports.,cold,120000,120000,0,0,0,1.0,1.0,1.0,60000,,,,,0.002599542000098154,1.0,,cold,agnews,120000,0
82,union:science and technology|sports#u1,This text discusses either science and technology or sports.,cold,120000,120000,0,0,0,1.0,1.0,1.0,60000,,,,,0.0026041670062113553,1.0,,cold,agnews,120000,0
83,leaf:sports#t3,This article covers the topic of sports.,cold,120000,120000,0,0,0,1.0,1.0,1.0,30000,,,,,0.001402916997903958,1.0,,cold,agnews,120000,0
84,leaf:science and technology#t3,This article covers the topic of science and technology.,cold,120000,120000,0,0,0,1.0,1.0,1.0,30000,,,,,0.0013361669844016433,1.0,,cold,agnews,120000,0
85,union:science and technology|sports#u0,The document is about science and technology or about sports.,cold,120000,120000,0,0,0,1.0,1.0,1.0,60000,,,,,0.0026288339868187904,1.0,,cold,agnews,120000,0
86,leaf:sports#t2,The passage is related to sports.,cold,120000,120000,0,0,0,1.0,1.0,1.0,30000,,,,,0.001375457999529317,1.0,,cold,agnews,120000,0
87,leaf:science and technology#t1,This text discusses science and technology.,cold,120000,120000,0,0,0,1.0,1.0,1.0,30000,,,,,0.001338125002803281,1.0,,cold,agnews,120000,0
88,leaf:business and finance#t1,This text discusses business and finance.,cold,120000,120000,0,0,0,1.0,1.0,1.0,30000,,,,,0.001278416020795703,1.0,,cold,agnews,120000,0
89,leaf:sports#t0,The document is about sports.,cold,120000,120000,0,0,0,1.0,1.0,1.0,30000,,,,,0.001416999992216006,1.0,,cold,agnews,120000,0
90,union:business and finance|world news#u0,The document is about business and finance or about world news.,cold,120000,120000,0,0,0,1.0,1.0,1.0,60000,,,,,0.0025803340249694884,1.0,,cold,agnews,120000,0
91,union:business and finance|world news#u0,The document is about business and finance or about world news.,cold,120000,120000,0,0,0,1.0,1.0,1.0,60000,,,,,0.002661459002410993,1.0,,cold,agnews,120000,0
92,leaf:sports#t3,This article covers the topic of sports.,cold,120000,120000,0,0,0,1.0,1.0,1.0,30000,,,,,0.001401165995048359,1.0,,cold,agnews,120000,0
93,leaf:science and technology#t3,This article covers the topic of science and technology.,cold,120000,120000,0,0,0,1.0,1.0,1.0,30000,,,,,0.0013862919877283275,1.0,,cold,agnews,120000,0
94,leaf:sports#t3,This article covers the topic of sports.,cold,120000,120000,0,0,0,1.0,1.0,1.0,30000,,,,,0.0014531659835483879,1.0,,cold,agnews,120000,0
95,leaf:sports#t2,The passage is related to sports.,cold,120000,120000,0,0,0,1.0,1.0,1.0,30000,,,,,0.001372166007058695,1.0,,cold,agnews,120000,0
96,leaf:business and finance#t2,The passage is related to business and finance.,cold,120000,120000,0,0,0,1.0,1.0,1.0,30000,,,,,0.0013439579925034195,1.0,,cold,agnews,120000,0
97,leaf:sports#t0,The document is about sports.,cold,120000,120000,0,0,0,1.0,1.0,1.0,30000,,,,,0.0013601660029962659,1.0,,cold,agnews,120000,0
98,leaf:sports#t1,This text discusses sports.,cold,120000,120000,0,0,0,1.0,1.0,1.0,30000,,,,,0.0013531250006053597,1.0,,cold,agnews,120000,0
99,leaf:science and technology#t3,This article covers the topic of science and technology.,cold,120000,120000,0,0,0,1.0,1.0,1.0,30000,,,,,0.0013104999961797148,1.0,,cold,agnews,120000,0
100,leaf:science and technology#t3,This article covers the topic of science and technology.,cold,120000,120000,0,0,0,1.0,1.0,1.0,30000,,,,,0.0012947919894941151,1.0,,cold,agnews,120000,0
101,leaf:world news#t2,The passage is related to world news.,cold,120000,120000,0,0,0,1.0,1.0,1.0,30000,,,,,0.0013612920010928065,1.0,,cold,agnews,120000,0
102,union:science and technology|world news#u1,This text discusses either science and technology or world news.,cold,120000,120000,0,0,0,1.0,1.0,1.0,60000,,,,,0.0026508330192882568,1.0,,cold,agnews,120000,0
103,leaf:business and finance#t1,This text discusses business and finance.,cold,120000,120000,0,0,0,1.0,1.0,1.0,30000,,,,,0.0014064580027479678,1.0,,cold,agnews,120000,0
104,leaf:science and technology#t3,This article covers the topic of science and technology.,cold,120000,120000,0,0,0,1.0,1.0,1.0,30000,,,,,0.0013452089915517718,1.0,,cold,agnews,120000,0
105,leaf:science and technology#t0,The document is about science and technology.,cold,120000,120000,0,0,0,1.0,1.0,1.0,30000,,,,,0.001337374997092411,1.0,,cold,agnews,120000,0
106,union:business and finance|science and technology#u1,This text discusses either business and finance or science and technology.,cold,120000,120000,0,0,0,1.0,1.0,1.0,60000,,,,,0.002540916990255937,1.0,,cold,agnews,120000,0
107,union:business and finance|sports#u0,The document is about business and finance or about sports.,cold,120000,120000,0,0,0,1.0,1.0,1.0,60000,,,,,0.002577583014499396,1.0,,cold,agnews,120000,0
108,leaf:science and technology#t2,The passage is related to science and technology.,cold,120000,120000,0,0,0,1.0,1.0,1.0,30000,,,,,0.0012910830264445394,1.0,,cold,agnews,120000,0
109,leaf:business and finance#t2,The passage is related to business and finance.,cold,120000,120000,0,0,0,1.0,1.0,1.0,30000,,,,,0.001270749984541908,1.0,,cold,agnews,120000,0
110,leaf:sports#t3,This article covers the topic of sports.,cold,120000,120000,0,0,0,1.0,1.0,1.0,30000,,,,,0.001284291996853426,1.0,,cold,agnews,120000,0
111,leaf:science and technology#t0,The document is about science and technology.,cold,120000,120000,0,0,0,1.0,1.0,1.0,30000,,,,,0.0012342080008238554,1.0,,cold,agnews,120000,0
112,leaf:sports#t3,This article covers the topic of sports.,cold,120000,120000,0,0,0,1.0,1.0,1.0,30000,,,,,0.0013246669841464609,1.0,,cold,agnews,120000,0
113,leaf:sports#t2,The passage is related to sports.,cold,120000,120000,0,0,0,1.0,1.0,1.0,30000,,,,,0.0013565410044975579,1.0,,cold,agnews,120000,0
114,leaf:business and finance#t2,The passage is related to business and finance.,cold,120000,120000,0,0,0,1.0,1.0,1.0,30000,,,,,0.0014627080236095935,1.0,,cold,agnews,120000,0
115,leaf:business and finance#t0,The document is about business and finance.,cold,120000,120000,0,0,0,1.0,1.0,1.0,30000,,,,,0.0013539169740397483,1.0,,cold,agnews,120000,0
116,union:science and technology|sports#u0,The document is about science and technology or about sports.,cold,120000,120000,0,0,0,1.0,1.0,1.0,60000,,,,,0.0026897079951595515,1.0,,cold,agnews,120000,0
117,leaf:sports#t0,The document is about sports.,cold,120000,120000,0,0,0,1.0,1.0,1.0,30000,,,,,0.001428291987394914,1.0,,cold,agnews,120000,0
118,leaf:business and finance#t0,The document is about business and finance.,cold,120000,120000,0,0,0,1.0,1.0,1.0,30000,,,,,0.0013339169963728637,1.0,,cold,agnews,120000,0
119,leaf:sports#t3,This article covers the topic of sports.,cold,120000,120000,0,0,0,1.0,1.0,1.0,30000,,,,,0.0013770840014331043,1.0,,cold,agnews,120000,0
0,leaf:sports#t0,The document is about sports.,cold,120000,120000,0,0,0,1.0,1.0,1.0,30000,,,,,0.0014589590136893094,1.0,,exact,agnews,120000,0
1,union:business and finance|science and technology#u0,The document is about business and finance or about science and technology.,cold,120000,120000,0,0,0,1.0,1.0,1.0,60000,,,,,0.0026742919872049242,1.0,,exact,agnews,120000,0
2,leaf:business and finance#t2,The passage is related to business and finance.,cold,120000,120000,0,0,0,1.0,1.0,1.0,30000,,,,,0.0013546250120270997,1.0,,exact,agnews,120000,0
3,union:science and technology|world news#u0,The document is about science and technology or about world news.,cold,120000,120000,0,0,0,1.0,1.0,1.0,60000,,,,,0.0026259169972036034,1.0,,exact,agnews,120000,0
4,leaf:world news#t0,The document is about world news.,cold,120000,120000,0,0,0,1.0,1.0,1.0,30000,,,,,0.0015439590206369758,1.0,,exact,agnews,120000,0
5,union:business and finance|world news#u1,This text discusses either business and finance or world news.,cold,120000,120000,0,0,0,1.0,1.0,1.0,60000,,,,,0.0026273750117979944,1.0,,exact,agnews,120000,0
6,leaf:sports#t1,This text discusses sports.,cold,120000,120000,0,0,0,1.0,1.0,1.0,30000,,,,,0.001489416987169534,1.0,,exact,agnews,120000,0
7,leaf:sports#t0,The document is about sports.,exact-hit,0,0,0,0,0,1.0,1.0,1.0,30000,,,,,1.5208002878353e-05,1.0,,exact,agnews,120000,0
8,leaf:business and finance#t2,The passage is related to business and finance.,exact-hit,0,0,0,0,0,1.0,1.0,1.0,30000,,,,,1.2459000572562218e-05,1.0,,exact,agnews,120000,0
9,leaf:world news#t3,This article covers the topic of world news.,cold,120000,120000,0,0,0,1.0,1.0,1.0,30000,,,,,0.001504249987192452,1.0,,exact,agnews,120000,0
10,leaf:world news#t2,The passage is related to world news.,cold,120000,120000,0,0,0,1.0,1.0,1.0,30000,,,,,0.0016281669959425926,1.0,,exact,agnews,120000,0
11,leaf:science and technology#t2,The passage is related to science and technology.,cold,120000,120000,0,0,0,1.0,1.0,1.0,30000,,,,,0.0013484999944921583,1.0,,exact,agnews,120000,0
12,union:science and technology|sports#u0,The document is about science and technology or about sports.,cold,120000,120000,0,0,0,1.0,1.0,1.0,60000,,,,,0.002653874980751425,1.0,,exact,agnews,120000,0
13,leaf:science and technology#t1,This text discusses science and technology.,cold,120000,120000,0,0,0,1.0,1.0,1.0,30000,,,,,0.0013694999797735363,1.0,,exact,agnews,120000,0
14,leaf:world news#t2,The passage is related to world news.,exact-hit,0,0,0,0,0,1.0,1.0,1.0,30000,,,,,1.0666000889614224e-05,1.0,,exact,agnews,120000,0
15,leaf:business and finance#t3,This article covers the topic of business and finance.,cold,120000,120000,0,0,0,1.0,1.0,1.0,30000,,,,,0.0013214999926276505,1.0,,exact,agnews,120000,0
16,union:business and finance|sports#u0,The document is about business and finance or about sports.,cold,120000,120000,0,0,0,1.0,1.0,1.0,60000,,,,,0.0026253749965690076,1.0,,exact,agnews,120000,0
17,union:business and finance|science and technology#u1,This text discusses either business and finance or science and technology.,cold,120000,120000,0,0,0,1.0,1.0,1.0,60000,,,,,0.0024923750024754554,1.0,,exact,agnews,120000,0
18,leaf:world news#t1,This text discusses world news.,cold,120000,120000,0,0,0,1.0,1.0,1.0,30000,,,,,0.0014252089895308018,1.0,,exact,agnews,120000,0
19,leaf:science and technology#t3,This article covers the topic of science and technology.,cold,120000,120000,0,0,0,1.0,1.0,1.0,30000,,,,,0.0013106249971315265,1.0,,exact,agnews,120000,0
20,leaf:world news#t1,This text discusses world news.,exact-hit,0,0,0,0,0,1.0,1.0,1.0,30000,,,,,8.58298153616488e-06,1.0,,exact,agnews,120000,0
21,leaf:world news#t2,The passage is related to world news.,exact-hit,0,0,0,0,0,1.0,1.0,1.0,30000,,,,,8.584000170230865e-06,1.0,,exact,agnews,120000,0
22,union:business and finance|science and technology#u1,This text discusses either business and finance or science and technology.,exact-hit,0,0,0,0,0,1.0,1.0,1.0,60000,,,,,8.416012860834599e-06,1.0,,exact,agnews,120000,0
23,leaf:world news#t0,The document is about world news.,exact-hit,0,0,0,0,0,1.0,1.0,1.0,30000,,,,,1.2415985111147165e-05,1.0,,exact,agnews,120000,0
24,union:business and finance|sports#u0,The document is about business and finance or about sports.,exact-hit,0,0,0,0,0,1.0,1.0,1.0,60000,,,,,8.458009688183665e-06,1.0,,exact,agnews,120000,0
25,leaf:sports#t1,This text discusses sports.,exact-hit,0,0,0,0,0,1.0,1.0,1.0,30000,,,,,8.125003660097718e-06,1.0,,exact,agnews,120000,0
26,leaf:science and technology#t3,This article covers the topic of science and technology.,exact-hit,0,0,0,0,0,1.0,1.0,1.0,30000,,,,,8.792005246505141e-06,1.0,,exact,agnews,120000,0
27,leaf:world news#t1,This text discusses world news.,exact-hit,0,0,0,0,0,1.0,1.0,1.0,30000,,,,,8.25000461190939e-06,1.0,,exact,agnews,120000,0
28,leaf:sports#t1,This text discusses sports.,exact-hit,0,0,0,0,0,1.0,1.0,1.0,30000,,,,,7.541995728388429e-06,1.0,,exact,agnews,120000,0
29,leaf:science and technology#t3,This article covers the topic of science and technology.,exact-hit,0,0,0,0,0,1.0,1.0,1.0,30000,,,,,9.415991371497512e-06,1.0,,exact,agnews,120000,0
30,union:science and technology|world news#u1,This text discusses either science and technology or world news.,cold,120000,120000,0,0,0,1.0,1.0,1.0,60000,,,,,0.002603291010018438,1.0,,exact,agnews,120000,0
31,union:sports|world news#u1,This text discusses either sports or world news.,cold,120000,120000,0,0,0,1.0,1.0,1.0,60000,,,,,0.00262175002717413,1.0,,exact,agnews,120000,0
32,union:business and finance|science and technology#u0,The document is about business and finance or about science and technology.,exact-hit,0,0,0,0,0,1.0,1.0,1.0,60000,,,,,1.0041985660791397e-05,1.0,,exact,agnews,120000,0
33,leaf:business and finance#t3,This article covers the topic of business and finance.,exact-hit,0,0,0,0,0,1.0,1.0,1.0,30000,,,,,9.542010957375169e-06,1.0,,exact,agnews,120000,0
34,union:business and finance|world news#u0,The document is about business and finance or about world news.,cold,120000,120000,0,0,0,1.0,1.0,1.0,60000,,,,,0.002615915989736095,1.0,,exact,agnews,120000,0
35,leaf:world news#t2,The passage is related to world news.,exact-hit,0,0,0,0,0,1.0,1.0,1.0,30000,,,,,9.99998883344233e-06,1.0,,exact,agnews,120000,0
36,leaf:science and technology#t0,The document is about science and technology.,cold,120000,120000,0,0,0,1.0,1.0,1.0,30000,,,,,0.0013454160070978105,1.0,,exact,agnews,120000,0
37,leaf:science and technology#t0,The document is about science and technology.,exact-hit,0,0,0,0,0,1.0,1.0,1.0,30000,,,,,7.6669966802001e-06,1.0,,exact,agnews,120000,0
38,leaf:business and finance#t3,This article covers the topic of business and finance.,exact-hit,0,0,0,0,0,1.0,1.0,1.0,30000,,,,,7.542024832218885e-06,1.0,,exact,agnews,120000,0
39,union:business and finance|science and technology#u0,The document is about business and finance or about science and technology.,exact-hit,0,0,0,0,0,1.0,1.0,1.0,60000,,,,,7.166003342717886e-06,1.0,,exact,agnews,120000,0
40,leaf:science and technology#t1,This text discusses science and technology.,exact-hit,0,0,0,0,0,1.0,1.0,1.0,30000,,,,,7.624999852851033e-06,1.0,,exact,agnews,120000,0
41,leaf:sports#t2,The passage is related to sports.,cold,120000,120000,0,0,0,1.0,1.0,1.0,30000,,,,,0.0013850000104866922,1.0,,exact,agnews,120000,0
42,leaf:science and technology#t3,This article covers the topic of science and technology.,exact-hit,0,0,0,0,0,1.0,1.0,1.0,30000,,,,,8.167000487446785e-06,1.0,,exact,agnews,120000,0
43,leaf:science and technology#t1,This text discusses science and technology.,exact-hit,0,0,0,0,0,1.0,1.0,1.0,30000,,,,,1.5708006685599685e-05,1.0,,exact,agnews,120000,0
44,leaf:business and finance#t3,This article covers the topic of business and finance.,exact-hit,0,0,0,0,0,1.0,1.0,1.0,30000,,,,,1.1333002476021647e-05,1.0,,exact,agnews,120000,0
45,union:science and technology|sports#u0,The document is about science and technology or about sports.,exact-hit,0,0,0,0,0,1.0,1.0,1.0,60000,,,,,1.129100564867258e-05,1.0,,exact,agnews,120000,0
46,leaf:business and finance#t3,This article covers the topic of business and finance.,exact-hit,0,0,0,0,0,1.0,1.0,1.0,30000,,,,,1.7915997887030244e-05,1.0,,exact,agnews,120000,0
47,union:science and technology|world news#u1,This text discusses either science and technology or world news.,exact-hit,0,0,0,0,0,1.0,1.0,1.0,60000,,,,,1.300001167692244e-05,1.0,,exact,agnews,120000,0
48,union:science and technology|sports#u0,The document is about science and technology or about sports.,exact-hit,0,0,0,0,0,1.0,1.0,1.0,60000,,,,,1.3083015801385045e-05,1.0,,exact,agnews,120000,0
49,leaf:science and technology#t3,This article covers the topic of science and technology.,exact-hit,0,0,0,0,0,1.0,1.0,1.0,30000,,,,,1.095901825465262e-05,1.0,,exact,agnews,120000,0
50,leaf:sports#t0,The document is about sports.,exact-hit,0,0,0,0,0,1.0,1.0,1.0,30000,,,,,1.2958014849573374e-05,1.0,,exact,agnews,120000,0
51,leaf:world news#t2,The passage is related to world news.,exact-hit,0,0,0,0,0,1.0,1.0,1.0,30000,,,,,9.625015081837773e-06,1.0,,exact,agnews,120000,0
52,leaf:business and finance#t3,This article covers the topic of business and finance.,exact-hit,0,0,0,0,0,1.0,1.0,1.0,30000,,,,,9.041017619892955e-06,1.0,,exact,agnews,120000,0
53,leaf:business and finance#t0,The document is about business and finance.,cold,120000,120000,0,0,0,1.0,1.0,1.0,30000,,,,,0.0013129999861121178,1.0,,exact,agnews,120000,0
54,union:science and technology|world news#u0,The document is about science and technology or about world news.,exact-hit,0,0,0,0,0,1.0,1.0,1.0,60000,,,,,9.499985026195645e-06,1.0,,exact,agnews,120000,0
55,leaf:sports#t1,This text discusses sports.,exact-hit,0,0,0,0,0,1.0,1.0,1.0,30000,,,,,4.008397809229791e-05,1.0,,exact,agnews,120000,0
56,leaf:science and technology#t3,This article covers the topic of science and technology.,exact-hit,0,0,0,0,0,1.0,1.0,1.0,30000,,,,,2.1042011212557554e-05,1.0,,exact,agnews,120000,0
57,leaf:business and finance#t3,This article covers the topic of business and finance.,exact-hit,0,0,0,0,0,1.0,1.0,1.0,30000,,,,,9.083014447242022e-06,1.0,,exact,agnews,120000,0
58,union:sports|world news#u1,This text discusses either sports or world news.,exact-hit,0,0,0,0,0,1.0,1.0,1.0,60000,,,,,2.28749995585531e-05,1.0,,exact,agnews,120000,0
59,union:business and finance|world news#u1,This text discusses either business and finance or world news.,exact-hit,0,0,0,0,0,1.0,1.0,1.0,60000,,,,,1.0207993909716606e-05,1.0,,exact,agnews,120000,0
60,leaf:science and technology#t3,This article covers the topic of science and technology.,exact-hit,0,0,0,0,0,1.0,1.0,1.0,30000,,,,,1.200000406242907e-05,1.0,,exact,agnews,120000,0
61,leaf:business and finance#t2,The passage is related to business and finance.,exact-hit,0,0,0,0,0,1.0,1.0,1.0,30000,,,,,1.0707997716963291e-05,1.0,,exact,agnews,120000,0
62,union:science and technology|sports#u0,The document is about science and technology or about sports.,exact-hit,0,0,0,0,0,1.0,1.0,1.0,60000,,,,,1.2250005966052413e-05,1.0,,exact,agnews,120000,0
63,leaf:business and finance#t2,The passage is related to business and finance.,exact-hit,0,0,0,0,0,1.0,1.0,1.0,30000,,,,,1.0666000889614224e-05,1.0,,exact,agnews,120000,0
64,leaf:sports#t2,The passage is related to sports.,exact-hit,0,0,0,0,0,1.0,1.0,1.0,30000,,,,,2.4250010028481483e-05,1.0,,exact,agnews,120000,0
65,leaf:sports#t2,The passage is related to sports.,exact-hit,0,0,0,0,0,1.0,1.0,1.0,30000,,,,,1.229200279340148e-05,1.0,,exact,agnews,120000,0
66,leaf:sports#t3,This article covers the topic of sports.,cold,120000,120000,0,0,0,1.0,1.0,1.0,30000,,,,,0.0013387500075623393,1.0,,exact,agnews,120000,0
67,leaf:sports#t0,The document is about sports.,exact-hit,0,0,0,0,0,1.0,1.0,1.0,30000,,,,,1.058299676515162e-05,1.0,,exact,agnews,120000,0
68,leaf:business and finance#t2,The passage is related to business and finance.,exact-hit,0,0,0,0,0,1.0,1.0,1.0,30000,,,,,9.833980584517121e-06,1.0,,exact,agnews,120000,0
69,leaf:sports#t0,The document is about sports.,exact-hit,0,0,0,0,0,1.0,1.0,1.0,30000,,,,,8.707982487976551e-06,1.0,,exact,agnews,120000,0
70,leaf:science and technology#t0,The document is about science and technology.,exact-hit,0,0,0,0,0,1.0,1.0,1.0,30000,,,,,2.3832981241866946e-05,1.0,,exact,agnews,120000,0
71,leaf:sports#t2,The passage is related to sports.,exact-hit,0,0,0,0,0,1.0,1.0,1.0,30000,,,,,1.8708000425249338e-05,1.0,,exact,agnews,120000,0
72,leaf:sports#t3,This article covers the topic of sports.,exact-hit,0,0,0,0,0,1.0,1.0,1.0,30000,,,,,9.416020475327969e-06,1.0,,exact,agnews,120000,0
73,union:sports|world news#u0,The document is about sports or about world news.,cold,120000,120000,0,0,0,1.0,1.0,1.0,60000,,,,,0.0024198750033974648,1.0,,exact,agnews,120000,0
74,leaf:business and finance#t0,The document is about business and finance.,exact-hit,0,0,0,0,0,1.0,1.0,1.0,30000,,,,,1.1500000255182385e-05,1.0,,exact,agnews,120000,0
75,leaf:science and technology#t2,The passage is related to science and technology.,exact-hit,0,0,0,0,0,1.0,1.0,1.0,30000,,,,,4.187499871477485e-05,1.0,,exact,agnews,120000,0
76,leaf:science and technology#t2,The passage is related to science and technology.,exact-hit,0,0,0,0,0,1.0,1.0,1.0,30000,,,,,1.0457995813339949e-05,1.0,,exact,agnews,120000,0
77,leaf:sports#t1,This text discusses sports.,exact-hit,0,0,0,0,0,1.0,1.0,1.0,30000,,,,,9.207986295223236e-06,1.0,,exact,agnews,120000,0
78,leaf:world news#t0,The document is about world news.,exact-hit,0,0,0,0,0,1.0,1.0,1.0,30000,,,,,1.3208016753196716e-05,1.0,,exact,agnews,120000,0
79,leaf:business and finance#t3,This article covers the topic of business and finance.,exact-hit,0,0,0,0,0,1.0,1.0,1.0,30000,,,,,1.0749994544312358e-05,1.0,,exact,agnews,120000,0
80,union:business and finance|science and technology#u1,This text discusses either business and finance or science and technology.,exact-hit,0,0,0,0,0,1.0,1.0,1.0,60000,,,,,1.7875019693747163e-05,1.0,,exact,agnews,120000,0
81,union:science and technology|sports#u0,The document is about science and technology or about sports.,exact-hit,0,0,0,0,0,1.0,1.0,1.0,60000,,,,,1.0834017302840948e-05,1.0,,exact,agnews,120000,0
82,union:science and technology|sports#u1,This text discusses either science and technology or sports.,cold,120000,120000,0,0,0,1.0,1.0,1.0,60000,,,,,0.00244062501587905,1.0,,exact,agnews,120000,0
83,leaf:sports#t3,This article covers the topic of sports.,exact-hit,0,0,0,0,0,1.0,1.0,1.0,30000,,,,,9.915995178744197e-06,1.0,,exact,agnews,120000,0
84,leaf:science and technology#t3,This article covers the topic of science and technology.,exact-hit,0,0,0,0,0,1.0,1.0,1.0,30000,,,,,8.666014764457941e-06,1.0,,exact,agnews,120000,0
85,union:science and technology|sports#u0,The document is about science and technology or about sports.,exact-hit,0,0,0,0,0,1.0,1.0,1.0,60000,,,,,1.216601231135428e-05,1.0,,exact,agnews,120000,0
86,leaf:sports#t2,The passage is related to sports.,exact-hit,0,0,0,0,0,1.0,1.0,1.0,30000,,,,,8.708011591807008e-06,1.0,,exact,agnews,120000,0
87,leaf:science and technology#t1,This text discusses science and technology.,exact-hit,0,0,0,0,0,1.0,1.0,1.0,30000,,,,,7.291993824765086e-06,1.0,,exact,agnews,120000,0
88,leaf:business and finance#t1,This text discusses business and finance.,cold,120000,120000,0,0,0,1.0,1.0,1.0,30000,,,,,0.0014183750026859343,1.0,,exact,agnews,120000,0
89,leaf:sports#t0,The document is about sports.,exact-hit,0,0,0,0,0,1.0,1.0,1.0,30000,,,,,7.041991921141744e-06,1.0,,exact,agnews,120000,0
90,union:business and finance|world news#u0,The document is about business and finance or about world news.,exact-hit,0,0,0,0,0,1.0,1.0,1.0,60000,,,,,1.8874998204410076e-05,1.0,,exact,agnews,120000,0
91,union:business and finance|world news#u0,The document is about business and finance or about world news.,exact-hit,0,0,0,0,0,1.0,1.0,1.0,60000,,,,,5.166977643966675e-06,1.0,,exact,agnews,120000,0
92,leaf:sports#t3,This article covers the topic of sports.,exact-hit,0,0,0,0,0,1.0,1.0,1.0,30000,,,,,7.208989700302482e-06,1.0,,exact,agnews,120000,0
93,leaf:science and technology#t3,This article covers the topic of science and technology.,exact-hit,0,0,0,0,0,1.0,1.0,1.0,30000,,,,,1.5124998753890395e-05,1.0,,exact,agnews,120000,0
94,leaf:sports#t3,This article covers the topic of sports.,exact-hit,0,0,0,0,0,1.0,1.0,1.0,30000,,,,,1.3082986697554588e-05,1.0,,exact,agnews,120000,0
95,leaf:sports#t2,The passage is related to sports.,exact-hit,0,0,0,0,0,1.0,1.0,1.0,30000,,,,,1.09999964479357e-05,1.0,,exact,agnews,120000,0
96,leaf:business and finance#t2,The passage is related to business and finance.,exact-hit,0,0,0,0,0,1.0,1.0,1.0,30000,,,,,1.0292016668245196e-05,1.0,,exact,agnews,120000,0
97,leaf:sports#t0,The document is about sports.,exact-hit,0,0,0,0,0,1.0,1.0,1.0,30000,,,,,9.167008101940155e-06,1.0,,exact,agnews,120000,0
98,leaf:sports#t1,This text discusses sports.,exact-hit,0,0,0,0,0,1.0,1.0,1.0,30000,,,,,1.4791992725804448e-05,1.0,,exact,agnews,120000,0
99,leaf:science and technology#t3,This article covers the topic of science and technology.,exact-hit,0,0,0,0,0,1.0,1.0,1.0,30000,,,,,1.1666998034343123e-05,1.0,,exact,agnews,120000,0
100,leaf:science and technology#t3,This article covers the topic of science and technology.,exact-hit,0,0,0,0,0,1.0,1.0,1.0,30000,,,,,1.108401920646429e-05,1.0,,exact,agnews,120000,0
101,leaf:world news#t2,The passage is related to world news.,exact-hit,0,0,0,0,0,1.0,1.0,1.0,30000,,,,,9.583978680893779e-06,1.0,,exact,agnews,120000,0
102,union:science and technology|world news#u1,This text discusses either science and technology or world news.,exact-hit,0,0,0,0,0,1.0,1.0,1.0,60000,,,,,2.025000867433846e-05,1.0,,exact,agnews,120000,0
103,leaf:business and finance#t1,This text discusses business and finance.,exact-hit,0,0,0,0,0,1.0,1.0,1.0,30000,,,,,1.0499992640689015e-05,1.0,,exact,agnews,120000,0
104,leaf:science and technology#t3,This article covers the topic of science and technology.,exact-hit,0,0,0,0,0,1.0,1.0,1.0,30000,,,,,1.8040998838841915e-05,1.0,,exact,agnews,120000,0
105,leaf:science and technology#t0,The document is about science and technology.,exact-hit,0,0,0,0,0,1.0,1.0,1.0,30000,,,,,1.0957999620586634e-05,1.0,,exact,agnews,120000,0
106,union:business and finance|science and technology#u1,This text discusses either business and finance or science and technology.,exact-hit,0,0,0,0,0,1.0,1.0,1.0,60000,,,,,2.2207997972145677e-05,1.0,,exact,agnews,120000,0
107,union:business and finance|sports#u0,The document is about business and finance or about sports.,exact-hit,0,0,0,0,0,1.0,1.0,1.0,60000,,,,,3.308401210233569e-05,1.0,,exact,agnews,120000,0
108,leaf:science and technology#t2,The passage is related to science and technology.,exact-hit,0,0,0,0,0,1.0,1.0,1.0,30000,,,,,1.1500000255182385e-05,1.0,,exact,agnews,120000,0
109,leaf:business and finance#t2,The passage is related to business and finance.,exact-hit,0,0,0,0,0,1.0,1.0,1.0,30000,,,,,9.833020158112049e-06,1.0,,exact,agnews,120000,0
110,leaf:sports#t3,This article covers the topic of sports.,exact-hit,0,0,0,0,0,1.0,1.0,1.0,30000,,,,,9.957992006093264e-06,1.0,,exact,agnews,120000,0
111,leaf:science and technology#t0,The document is about science and technology.,exact-hit,0,0,0,0,0,1.0,1.0,1.0,30000,,,,,1.0624993592500687e-05,1.0,,exact,agnews,120000,0
112,leaf:sports#t3,This article covers the topic of sports.,exact-hit,0,0,0,0,0,1.0,1.0,1.0,30000,,,,,8.000002708286047e-06,1.0,,exact,agnews,120000,0
113,leaf:sports#t2,The passage is related to sports.,exact-hit,0,0,0,0,0,1.0,1.0,1.0,30000,,,,,8.292001439258456e-06,1.0,,exact,agnews,120000,0
114,leaf:business and finance#t2,The passage is related to business and finance.,exact-hit,0,0,0,0,0,1.0,1.0,1.0,30000,,,,,8.875009370967746e-06,1.0,,exact,agnews,120000,0
115,leaf:business and finance#t0,The document is about business and finance.,exact-hit,0,0,0,0,0,1.0,1.0,1.0,30000,,,,,8.040980901569128e-06,1.0,,exact,agnews,120000,0
116,union:science and technology|sports#u0,The document is about science and technology or about sports.,exact-hit,0,0,0,0,0,1.0,1.0,1.0,60000,,,,,2.2416003048419952e-05,1.0,,exact,agnews,120000,0
117,leaf:sports#t0,The document is about sports.,exact-hit,0,0,0,0,0,1.0,1.0,1.0,30000,,,,,1.0124989785254002e-05,1.0,,exact,agnews,120000,0
118,leaf:business and finance#t0,The document is about business and finance.,exact-hit,0,0,0,0,0,1.0,1.0,1.0,30000,,,,,8.665985660627484e-06,1.0,,exact,agnews,120000,0
119,leaf:sports#t3,This article covers the topic of sports.,exact-hit,0,0,0,0,0,1.0,1.0,1.0,30000,,,,,8.37500556372106e-06,1.0,,exact,agnews,120000,0
0,leaf:sports#t0,The document is about sports.,cold,120000,120000,0,0,0,1.0,1.0,1.0,30000,,,,,0.0017839579959399998,1.0,,semreuse,agnews,120000,0
1,union:business and finance|science and technology#u0,The document is about business and finance or about science and technology.,cold,120000,120000,0,0,0,1.0,1.0,1.0,60000,,,,,0.003210458002286032,1.0,,semreuse,agnews,120000,0
2,leaf:business and finance#t2,The passage is related to business and finance.,rewrite,60082,60000,82,0,0,1.0,1.0,1.0,30000,0.9192021325489476,False,1.0,False,0.007655708992388099,1.0,False,semreuse,agnews,120000,0
3,union:science and technology|world news#u0,The document is about science and technology or about world news.,cold,120000,120000,0,0,0,1.0,1.0,1.0,60000,,,,,0.003003040998009965,1.0,,semreuse,agnews,120000,0
4,leaf:world news#t0,The document is about world news.,rewrite,60082,60000,82,0,0,1.0,1.0,1.0,30000,0.9192021325489476,False,1.0,False,0.007910999993328005,1.0,False,semreuse,agnews,120000,0
5,union:business and finance|world news#u1,This text discusses either business and finance or world news.,rewrite,90029,90000,29,0,0,1.0,1.0,1.0,60000,1.0,False,0.9509666666666666,False,0.0070063750026747584,1.0,False,semreuse,agnews,120000,0
6,leaf:sports#t1,This text discusses sports.,rewrite,198,0,198,0,0,1.0,1.0,1.0,30000,0.9186200346009024,False,0.9026666666666666,False,0.00965291599277407,1.0,False,semreuse,agnews,120000,0
7,leaf:sports#t0,The document is about sports.,exact-hit,0,0,0,0,0,1.0,1.0,1.0,30000,,,,,1.820901525206864e-05,1.0,,semreuse,agnews,120000,0
8,leaf:business and finance#t2,The passage is related to business and finance.,exact-hit,0,0,0,0,0,1.0,1.0,1.0,30000,0.9192021325489476,False,1.0,False,1.0791001841425896e-05,1.0,False,semreuse,agnews,120000,0
9,leaf:world news#t3,This article covers the topic of world news.,rewrite,60082,60000,82,0,0,1.0,1.0,1.0,30000,0.9192021325489476,False,1.0,False,0.00784166599623859,1.0,False,semreuse,agnews,120000,0
10,leaf:world news#t2,The passage is related to world news.,rewrite,213,0,213,0,0,1.0,1.0,1.0,30000,0.9186200346009024,False,0.9026666666666666,False,0.00969908299157396,1.0,False,semreuse,agnews,120000,0
11,leaf:science and technology#t2,The passage is related to science and technology.,rewrite,60082,60000,82,0,0,1.0,1.0,1.0,30000,0.9192021325489476,False,1.0,False,0.007201166998129338,1.0,False,semreuse,agnews,120000,0
12,union:science and technology|sports#u0,The document is about science and technology or about sports.,rewrite,90029,90000,29,0,0,1.0,1.0,1.0,60000,1.0,False,0.9509666666666666,False,0.0074614170007407665,1.0,False,semreuse,agnews,120000,0
13,leaf:science and technology#t1,This text discusses science and technology.,rewrite,213,0,213,0,0,1.0,1.0,1.0,30000,0.9186200346009024,False,0.9026666666666666,False,0.010123832995304838,1.0,False,semreuse,agnews,120000,0
14,leaf:world news#t2,The passage is related to world news.,exact-hit,0,0,0,0,0,1.0,1.0,1.0,30000,0.9186200346009024,False,0.9026666666666666,False,2.2916996385902166e-05,1.0,False,semreuse,agnews,120000,0
15,leaf:business and finance#t3,This article covers the topic of business and finance.,rewrite,30137,30000,137,0,0,1.0,1.0,1.0,30000,0.918920574631666,False,1.0,False,0.009279290999984369,1.0,False,semreuse,agnews,120000,0
16,union:business and finance|sports#u0,The document is about business and finance or about sports.,rewrite,60072,60000,72,0,0,1.0,1.0,1.0,60000,1.0,False,0.9026666666666666,False,0.010601916001178324,1.0,False,semreuse,agnews,120000,0
17,union:business and finance|science and technology#u1,This text discusses either business and finance or science and technology.,rewrite,137,0,137,0,0,1.0,1.0,1.0,60000,0.9190907699892892,False,0.901,False,0.014699666004162282,1.0,False,semreuse,agnews,120000,0
18,leaf:world news#t1,This text discusses world news.,rewrite,213,0,213,0,0,1.0,1.0,1.0,30000,0.9186200346009024,False,0.9026666666666666,False,0.010823125019669533,1.0,False,semreuse,agnews,120000,0
19,leaf:science and technology#t3,This article covers the topic of science and technology.,rewrite,213,0,213,0,0,1.0,1.0,1.0,30000,0.9186200346009024,False,0.9026666666666666,False,0.018547583982581273,1.0,False,semreuse,agnews,120000,0
20,leaf:world news#t1,This text discusses world news.,exact-hit,0,0,0,0,0,1.0,1.0,1.0,30000,0.9186200346009024,False,0.9026666666666666,False,3.12910124193877e-05,1.0,False,semreuse,agnews,120000,0
21,leaf:world news#t2,The passage is related to world news.,exact-hit,0,0,0,0,0,1.0,1.0,1.0,30000,0.9186200346009024,False,0.9026666666666666,False,1.654098741710186e-05,1.0,False,semreuse,agnews,120000,0
22,union:business and finance|science and technology#u1,This text discusses either business and finance or science and technology.,exact-hit,0,0,0,0,0,1.0,1.0,1.0,60000,0.9190907699892892,False,0.901,False,1.3082986697554588e-05,1.0,False,semreuse,agnews,120000,0
23,leaf:world news#t0,The document is about world news.,exact-hit,0,0,0,0,0,1.0,1.0,1.0,30000,0.9192021325489476,False,1.0,False,1.2208009138703346e-05,1.0,False,semreuse,agnews,120000,0
24,union:business and finance|sports#u0,The document is about business and finance or about sports.,exact-hit,0,0,0,0,0,1.0,1.0,1.0,60000,1.0,False,0.9026666666666666,False,1.1458003427833319e-05,1.0,False,semreuse,agnews,120000,0
25,leaf:sports#t1,This text discusses sports.,exact-hit,0,0,0,0,0,1.0,1.0,1.0,30000,0.9186200346009024,False,0.9026666666666666,False,1.2250005966052413e-05,1.0,False,semreuse,agnews,120000,0
26,leaf:science and technology#t3,This article covers the topic of science and technology.,exact-hit,0,0,0,0,0,1.0,1.0,1.0,30000,0.9186200346009024,False,0.9026666666666666,False,1.4541990822181106e-05,1.0,False,semreuse,agnews,120000,0
27,leaf:world news#t1,This text discusses world news.,exact-hit,0,0,0,0,0,1.0,1.0,1.0,30000,0.9186200346009024,False,0.9026666666666666,False,9.41698090173304e-06,1.0,False,semreuse,agnews,120000,0
28,leaf:sports#t1,This text discusses sports.,exact-hit,0,0,0,0,0,1.0,1.0,1.0,30000,0.9186200346009024,False,0.9026666666666666,False,1.0207993909716606e-05,1.0,False,semreuse,agnews,120000,0
29,leaf:science and technology#t3,This article covers the topic of science and technology.,exact-hit,0,0,0,0,0,1.0,1.0,1.0,30000,0.9186200346009024,False,0.9026666666666666,False,9.99998883344233e-06,1.0,False,semreuse,agnews,120000,0
30,union:science and technology|world news#u1,This text discusses either science and technology or world news.,rewrite,137,0,137,0,0,1.0,1.0,1.0,60000,0.9190907699892892,False,0.901,False,0.015293125004973263,1.0,False,semreuse,agnews,120000,0
31,union:sports|world news#u1,This text discusses either sports or world news.,rewrite,60072,60000,72,0,0,1.0,1.0,1.0,60000,1.0,False,0.9026666666666666,False,0.011069375002989545,1.0,False,semreuse,agnews,120000,0
32,union:business and finance|science and technology#u0,The document is about business and finance or about science and technology.,exact-hit,0,0,0,0,0,1.0,1.0,1.0,60000,,,,,2.8041016776114702e-05,1.0,,semreuse,agnews,120000,0
33,leaf:business and finance#t3,This article covers the topic of business and finance.,exact-hit,0,0,0,0,0,1.0,1.0,1.0,30000,0.918920574631666,False,1.0,False,1.1292024282738566e-05,1.0,False,semreuse,agnews,120000,0
34,union:business and finance|world news#u0,The document is about business and finance or about world news.,rewrite,137,0,137,0,0,1.0,1.0,1.0,60000,0.9190907699892892,False,0.901,False,0.015614584001014009,1.0,False,semreuse,agnews,120000,0
35,leaf:world news#t2,The passage is related to world news.,exact-hit,0,0,0,0,0,1.0,1.0,1.0,30000,0.9186200346009024,False,0.9026666666666666,False,2.0750012481585145e-05,1.0,False,semreuse,agnews,120000,0
36,leaf:science and technology#t0,The document is about science and technology.,rewrite,213,0,213,0,0,1.0,1.0,1.0,30000,0.9186200346009024,False,0.9026666666666666,False,0.0108983330137562,1.0,False,semreuse,agnews,120000,0
37,leaf:science and technology#t0,The document is about science and technology.,exact-hit,0,0,0,0,0,1.0,1.0,1.0,30000,0.9186200346009024,False,0.9026666666666666,False,2.695797593332827e-05,1.0,False,semreuse,agnews,120000,0
38,leaf:business and finance#t3,This article covers the topic of business and finance.,exact-hit,0,0,0,0,0,1.0,1.0,1.0,30000,0.918920574631666,False,1.0,False,1.391698606312275e-05,1.0,False,semreuse,agnews,120000,0
39,union:business and finance|science and technology#u0,The document is about business and finance or about science and technology.,exact-hit,0,0,0,0,0,1.0,1.0,1.0,60000,,,,,1.4792021829634905e-05,1.0,,semreuse,agnews,120000,0
40,leaf:science and technology#t1,This text discusses science and technology.,exact-hit,0,0,0,0,0,1.0,1.0,1.0,30000,0.9186200346009024,False,0.9026666666666666,False,1.2041011359542608e-05,1.0,False,semreuse,agnews,120000,0
41,leaf:sports#t2,The passage is related to sports.,rewrite,213,0,213,0,0,1.0,1.0,1.0,30000,0.9186200346009024,False,0.9026666666666666,False,0.01087179101887159,1.0,False,semreuse,agnews,120000,0
42,leaf:science and technology#t3,This article covers the topic of science and technology.,exact-hit,0,0,0,0,0,1.0,1.0,1.0,30000,0.9186200346009024,False,0.9026666666666666,False,5.820899968966842e-05,1.0,False,semreuse,agnews,120000,0
43,leaf:science and technology#t1,This text discusses science and technology.,exact-hit,0,0,0,0,0,1.0,1.0,1.0,30000,0.9186200346009024,False,0.9026666666666666,False,2.2709020413458347e-05,1.0,False,semreuse,agnews,120000,0
44,leaf:business and finance#t3,This article covers the topic of business and finance.,exact-hit,0,0,0,0,0,1.0,1.0,1.0,30000,0.918920574631666,False,1.0,False,1.8457998521625996e-05,1.0,False,semreuse,agnews,120000,0
45,union:science and technology|sports#u0,The document is about science and technology or about sports.,exact-hit,0,0,0,0,0,1.0,1.0,1.0,60000,1.0,False,0.9509666666666666,False,1.4582998119294643e-05,1.0,False,semreuse,agnews,120000,0
46,leaf:business and finance#t3,This article covers the topic of business and finance.,exact-hit,0,0,0,0,0,1.0,1.0,1.0,30000,0.918920574631666,False,1.0,False,1.633400097489357e-05,1.0,False,semreuse,agnews,120000,0
47,union:science and technology|world news#u1,This text discusses either science and technology or world news.,exact-hit,0,0,0,0,0,1.0,1.0,1.0,60000,0.9190907699892892,False,0.901,False,1.550000160932541e-05,1.0,False,semreuse,agnews,120000,0
48,union:science and technology|sports#u0,The document is about science and technology or about sports.,exact-hit,0,0,0,0,0,1.0,1.0,1.0,60000,1.0,False,0.9509666666666666,False,1.4165998436510563e-05,1.0,False,semreuse,agnews,120000,0
49,leaf:science and technology#t3,This article covers the topic of science and technology.,exact-hit,0,0,0,0,0,1.0,1.0,1.0,30000,0.9186200346009024,False,0.9026666666666666,False,1.5041005099192262e-05,1.0,False,semreuse,agnews,120000,0
50,leaf:sports#t0,The document is about sports.,exact-hit,0,0,0,0,0,1.0,1.0,1.0,30000,,,,,1.2542004697024822e-05,1.0,,semreuse,agnews,120000,0
51,leaf:world news#t2,The passage is related to world news.,exact-hit,0,0,0,0,0,1.0,1.0,1.0,30000,0.9186200346009024,False,0.9026666666666666,False,8.834002073854208e-06,1.0,False,semreuse,agnews,120000,0
52,leaf:business and finance#t3,This article covers the topic of business and finance.,exact-hit,0,0,0,0,0,1.0,1.0,1.0,30000,0.918920574631666,False,1.0,False,8.583010639995337e-06,1.0,False,semreuse,agnews,120000,0
53,leaf:business and finance#t0,The document is about business and finance.,rewrite,213,0,213,0,0,1.0,1.0,1.0,30000,0.9186200346009024,False,0.9026666666666666,False,0.010417166980914772,1.0,False,semreuse,agnews,120000,0
54,union:science and technology|world news#u0,The document is about science and technology or about world news.,exact-hit,0,0,0,0,0,1.0,1.0,1.0,60000,,,,,1.2415985111147165e-05,1.0,,semreuse,agnews,120000,0
55,leaf:sports#t1,This text discusses sports.,exact-hit,0,0,0,0,0,1.0,1.0,1.0,30000,0.9186200346009024,False,0.9026666666666666,False,7.291004294529557e-06,1.0,False,semreuse,agnews,120000,0
56,leaf:science and technology#t3,This article covers the topic of science and technology.,exact-hit,0,0,0,0,0,1.0,1.0,1.0,30000,0.9186200346009024,False,0.9026666666666666,False,7.2499969974160194e-06,1.0,False,semreuse,agnews,120000,0
57,leaf:business and finance#t3,This article covers the topic of business and finance.,exact-hit,0,0,0,0,0,1.0,1.0,1.0,30000,0.918920574631666,False,1.0,False,6.417016265913844e-06,1.0,False,semreuse,agnews,120000,0
58,union:sports|world news#u1,This text discusses either sports or world news.,exact-hit,0,0,0,0,0,1.0,1.0,1.0,60000,1.0,False,0.9026666666666666,False,6.959016900509596e-06,1.0,False,semreuse,agnews,120000,0
59,union:business and finance|world news#u1,This text discusses either business and finance or world news.,exact-hit,0,0,0,0,0,1.0,1.0,1.0,60000,1.0,False,0.9509666666666666,False,8.208007784560323e-06,1.0,False,semreuse,agnews,120000,0
60,leaf:science and technology#t3,This article covers the topic of science and technology.,exact-hit,0,0,0,0,0,1.0,1.0,1.0,30000,0.9186200346009024,False,0.9026666666666666,False,8.542003342881799e-06,1.0,False,semreuse,agnews,120000,0
61,leaf:business and finance#t2,The passage is related to business and finance.,exact-hit,0,0,0,0,0,1.0,1.0,1.0,30000,0.9192021325489476,False,1.0,False,2.5540997739881277e-05,1.0,False,semreuse,agnews,120000,0
62,union:science and technology|sports#u0,The document is about science and technology or about sports.,exact-hit,0,0,0,0,0,1.0,1.0,1.0,60000,1.0,False,0.9509666666666666,False,1.2459000572562218e-05,1.0,False,semreuse,agnews,120000,0
63,leaf:business and finance#t2,The passage is related to business and finance.,exact-hit,0,0,0,0,0,1.0,1.0,1.0,30000,0.9192021325489476,False,1.0,False,1.3708980986848474e-05,1.0,False,semreuse,agnews,120000,0
64,leaf:sports#t2,The passage is related to sports.,exact-hit,0,0,0,0,0,1.0,1.0,1.0,30000,0.9186200346009024,False,0.9026666666666666,False,1.0166986612603068e-05,1.0,False,semreuse,agnews,120000,0
65,leaf:sports#t2,The passage is related to sports.,exact-hit,0,0,0,0,0,1.0,1.0,1.0,30000,0.9186200346009024,False,0.9026666666666666,False,4.8375019105151296e-05,1.0,False,semreuse,agnews,120000,0
66,leaf:sports#t3,This article covers the topic of sports.,rewrite,213,0,213,0,0,1.0,1.0,1.0,30000,0.9186200346009024,False,0.9026666666666666,False,0.009881458012387156,1.0,False,semreuse,agnews,120000,0
67,leaf:sports#t0,The document is about sports.,exact-hit,0,0,0,0,0,1.0,1.0,1.0,30000,,,,,1.650000922381878e-05,1.0,,semreuse,agnews,120000,0
68,leaf:business and finance#t2,The passage is related to business and finance.,exact-hit,0,0,0,0,0,1.0,1.0,1.0,30000,0.9192021325489476,False,1.0,False,9.292009053751826e-06,1.0,False,semreuse,agnews,120000,0
69,leaf:sports#t0,The document is about sports.,exact-hit,0,0,0,0,0,1.0,1.0,1.0,30000,,,,,1.2125005014240742e-05,1.0,,semreuse,agnews,120000,0
70,leaf:science and technology#t0,The document is about science and technology.,exact-hit,0,0,0,0,0,1.0,1.0,1.0,30000,0.9186200346009024,False,0.9026666666666666,False,7.2499969974160194e-06,1.0,False,semreuse,agnews,120000,0
71,leaf:sports#t2,The passage is related to sports.,exact-hit,0,0,0,0,0,1.0,1.0,1.0,30000,0.9186200346009024,False,0.9026666666666666,False,7.374997949227691e-06,1.0,False,semreuse,agnews,120000,0
72,leaf:sports#t3,This article covers the topic of sports.,exact-hit,0,0,0,0,0,1.0,1.0,1.0,30000,0.9186200346009024,False,0.9026666666666666,False,8.166010957211256e-06,1.0,False,semreuse,agnews,120000,0
73,union:sports|world news#u0,The document is about sports or about world news.,rewrite,137,0,137,0,0,1.0,1.0,1.0,60000,0.9190907699892892,False,0.901,False,0.015185374999418855,1.0,False,semreuse,agnews,120000,0
74,leaf:business and finance#t0,The document is about business and finance.,exact-hit,0,0,0,0,0,1.0,1.0,1.0,30000,0.9186200346009024,False,0.9026666666666666,False,1.0749994544312358e-05,1.0,False,semreuse,agnews,120000,0
75,leaf:science and technology#t2,The passage is related to science and technology.,exact-hit,0,0,0,0,0,1.0,1.0,1.0,30000,0.9192021325489476,False,1.0,False,7.041002390906215e-06,1.0,False,semreuse,agnews,120000,0
76,leaf:science and technology#t2,The passage is related to science and technology.,exact-hit,0,0,0,0,0,1.0,1.0,1.0,30000,0.9192021325489476,False,1.0,False,5.665991920977831e-06,1.0,False,semreuse,agnews,120000,0
77,leaf:sports#t1,This text discusses sports.,exact-hit,0,0,0,0,0,1.0,1.0,1.0,30000,0.9186200346009024,False,0.9026666666666666,False,1.866600359790027e-05,1.0,False,semreuse,agnews,120000,0
78,leaf:world news#t0,The document is about world news.,exact-hit,0,0,0,0,0,1.0,1.0,1.0,30000,0.9192021325489476,False,1.0,False,1.1125026503577828e-05,1.0,False,semreuse,agnews,120000,0
79,leaf:business and finance#t3,This article covers the topic of business and finance.,exact-hit,0,0,0,0,0,1.0,1.0,1.0,30000,0.918920574631666,False,1.0,False,1.0916992323473096e-05,1.0,False,semreuse,agnews,120000,0
80,union:business and finance|science and technology#u1,This text discusses either business and finance or science and technology.,exact-hit,0,0,0,0,0,1.0,1.0,1.0,60000,0.9190907699892892,False,0.901,False,1.1500000255182385e-05,1.0,False,semreuse,agnews,120000,0
81,union:science and technology|sports#u0,The document is about science and technology or about sports.,exact-hit,0,0,0,0,0,1.0,1.0,1.0,60000,1.0,False,0.9509666666666666,False,1.2750009773299098e-05,1.0,False,semreuse,agnews,120000,0
82,union:science and technology|sports#u1,This text discusses either science and technology or sports.,rewrite,137,0,137,0,0,1.0,1.0,1.0,60000,0.9190907699892892,False,0.901,False,0.0146481660194695,1.0,False,semreuse,agnews,120000,0
83,leaf:sports#t3,This article covers the topic of sports.,exact-hit,0,0,0,0,0,1.0,1.0,1.0,30000,0.9186200346009024,False,0.9026666666666666,False,1.895800232887268e-05,1.0,False,semreuse,agnews,120000,0
84,leaf:science and technology#t3,This article covers the topic of science and technology.,exact-hit,0,0,0,0,0,1.0,1.0,1.0,30000,0.9186200346009024,False,0.9026666666666666,False,1.2999982573091984e-05,1.0,False,semreuse,agnews,120000,0
85,union:science and technology|sports#u0,The document is about science and technology or about sports.,exact-hit,0,0,0,0,0,1.0,1.0,1.0,60000,1.0,False,0.9509666666666666,False,1.1749973054975271e-05,1.0,False,semreuse,agnews,120000,0
86,leaf:sports#t2,The passage is related to sports.,exact-hit,0,0,0,0,0,1.0,1.0,1.0,30000,0.9186200346009024,False,0.9026666666666666,False,1.1833006283268332e-05,1.0,False,semreuse,agnews,120000,0
87,leaf:science and technology#t1,This text discusses science and technology.,exact-hit,0,0,0,0,0,1.0,1.0,1.0,30000,0.9186200346009024,False,0.9026666666666666,False,1.0540999937802553e-05,1.0,False,semreuse,agnews,120000,0
88,leaf:business and finance#t1,This text discusses business and finance.,rewrite,213,0,213,0,0,1.0,1.0,1.0,30000,0.9186200346009024,False,0.9026666666666666,False,0.010386040987214074,1.0,False,semreuse,agnews,120000,0
89,leaf:sports#t0,The document is about sports.,exact-hit,0,0,0,0,0,1.0,1.0,1.0,30000,,,,,1.3541983207687736e-05,1.0,,semreuse,agnews,120000,0
90,union:business and finance|world news#u0,The document is about business and finance or about world news.,exact-hit,0,0,0,0,0,1.0,1.0,1.0,60000,0.9190907699892892,False,0.901,False,7.374997949227691e-06,1.0,False,semreuse,agnews,120000,0
91,union:business and finance|world news#u0,The document is about business and finance or about world news.,exact-hit,0,0,0,0,0,1.0,1.0,1.0,60000,0.9190907699892892,False,0.901,False,9.040988516062498e-06,1.0,False,semreuse,agnews,120000,0
92,leaf:sports#t3,This article covers the topic of sports.,exact-hit,0,0,0,0,0,1.0,1.0,1.0,30000,0.9186200346009024,False,0.9026666666666666,False,1.0207993909716606e-05,1.0,False,semreuse,agnews,120000,0
93,leaf:science and technology#t3,This article covers the topic of science and technology.,exact-hit,0,0,0,0,0,1.0,1.0,1.0,30000,0.9186200346009024,False,0.9026666666666666,False,8.25000461190939e-06,1.0,False,semreuse,agnews,120000,0
94,leaf:sports#t3,This article covers the topic of sports.,exact-hit,0,0,0,0,0,1.0,1.0,1.0,30000,0.9186200346009024,False,0.9026666666666666,False,1.633301144465804e-05,1.0,False,semreuse,agnews,120000,0
95,leaf:sports#t2,The passage is related to sports.,exact-hit,0,0,0,0,0,1.0,1.0,1.0,30000,0.9186200346009024,False,0.9026666666666666,False,1.1958007235080004e-05,1.0,False,semreuse,agnews,120000,0
96,leaf:business and finance#t2,The passage is related to business and finance.,exact-hit,0,0,0,0,0,1.0,1.0,1.0,30000,0.9192021325489476,False,1.0,False,8.500006515532732e-06,1.0,False,semreuse,agnews,120000,0
97,leaf:sports#t0,The document is about sports.,exact-hit,0,0,0,0,0,1.0,1.0,1.0,30000,,,,,7.916998583823442e-06,1.0,,semreuse,agnews,120000,0
98,leaf:sports#t1,This text discusses sports.,exact-hit,0,0,0,0,0,1.0,1.0,1.0,30000,0.9186200346009024,False,0.9026666666666666,False,6.916990969330072e-06,1.0,False,semreuse,agnews,120000,0
99,leaf:science and technology#t3,This article covers the topic of science and technology.,exact-hit,0,0,0,0,0,1.0,1.0,1.0,30000,0.9186200346009024,False,0.9026666666666666,False,1.641598646529019e-05,1.0,False,semreuse,agnews,120000,0
100,leaf:science and technology#t3,This article covers the topic of science and technology.,exact-hit,0,0,0,0,0,1.0,1.0,1.0,30000,0.9186200346009024,False,0.9026666666666666,False,9.37501317821443e-06,1.0,False,semreuse,agnews,120000,0
101,leaf:world news#t2,The passage is related to world news.,exact-hit,0,0,0,0,0,1.0,1.0,1.0,30000,0.9186200346009024,False,0.9026666666666666,False,1.8332997569814324e-05,1.0,False,semreuse,agnews,120000,0
102,union:science and technology|world news#u1,This text discusses either science and technology or world news.,exact-hit,0,0,0,0,0,1.0,1.0,1.0,60000,0.9190907699892892,False,0.901,False,1.5583005733788013e-05,1.0,False,semreuse,agnews,120000,0
103,leaf:business and finance#t1,This text discusses business and finance.,exact-hit,0,0,0,0,0,1.0,1.0,1.0,30000,0.9186200346009024,False,0.9026666666666666,False,1.47090177051723e-05,1.0,False,semreuse,agnews,120000,0
104,leaf:science and technology#t3,This article covers the topic of science and technology.,exact-hit,0,0,0,0,0,1.0,1.0,1.0,30000,0.9186200346009024,False,0.9026666666666666,False,1.5291007002815604e-05,1.0,False,semreuse,agnews,120000,0
105,leaf:science and technology#t0,The document is about science and technology.,exact-hit,0,0,0,0,0,1.0,1.0,1.0,30000,0.9186200346009024,False,0.9026666666666666,False,1.4042016118764877e-05,1.0,False,semreuse,agnews,120000,0
106,union:business and finance|science and technology#u1,This text discusses either business and finance or science and technology.,exact-hit,0,0,0,0,0,1.0,1.0,1.0,60000,0.9190907699892892,False,0.901,False,1.5082972822710872e-05,1.0,False,semreuse,agnews,120000,0
107,union:business and finance|sports#u0,The document is about business and finance or about sports.,exact-hit,0,0,0,0,0,1.0,1.0,1.0,60000,1.0,False,0.9026666666666666,False,1.5708006685599685e-05,1.0,False,semreuse,agnews,120000,0
108,leaf:science and technology#t2,The passage is related to science and technology.,exact-hit,0,0,0,0,0,1.0,1.0,1.0,30000,0.9192021325489476,False,1.0,False,6.799999391660094e-05,1.0,False,semreuse,agnews,120000,0
109,leaf:business and finance#t2,The passage is related to business and finance.,exact-hit,0,0,0,0,0,1.0,1.0,1.0,30000,0.9192021325489476,False,1.0,False,2.9624992748722434e-05,1.0,False,semreuse,agnews,120000,0
110,leaf:sports#t3,This article covers the topic of sports.,exact-hit,0,0,0,0,0,1.0,1.0,1.0,30000,0.9186200346009024,False,0.9026666666666666,False,2.1500018192455173e-05,1.0,False,semreuse,agnews,120000,0
111,leaf:science and technology#t0,The document is about science and technology.,exact-hit,0,0,0,0,0,1.0,1.0,1.0,30000,0.9186200346009024,False,0.9026666666666666,False,2.2207997972145677e-05,1.0,False,semreuse,agnews,120000,0
112,leaf:sports#t3,This article covers the topic of sports.,exact-hit,0,0,0,0,0,1.0,1.0,1.0,30000,0.9186200346009024,False,0.9026666666666666,False,1.4749995898455381e-05,1.0,False,semreuse,agnews,120000,0
113,leaf:sports#t2,The passage is related to sports.,exact-hit,0,0,0,0,0,1.0,1.0,1.0,30000,0.9186200346009024,False,0.9026666666666666,False,1.9291008356958628e-05,1.0,False,semreuse,agnews,120000,0
114,leaf:business and finance#t2,The passage is related to business and finance.,exact-hit,0,0,0,0,0,1.0,1.0,1.0,30000,0.9192021325489476,False,1.0,False,1.5707977581769228e-05,1.0,False,semreuse,agnews,120000,0
115,leaf:business and finance#t0,The document is about business and finance.,exact-hit,0,0,0,0,0,1.0,1.0,1.0,30000,0.9186200346009024,False,0.9026666666666666,False,1.3417011359706521e-05,1.0,False,semreuse,agnews,120000,0
116,union:science and technology|sports#u0,The document is about science and technology or about sports.,exact-hit,0,0,0,0,0,1.0,1.0,1.0,60000,1.0,False,0.9509666666666666,False,1.0957999620586634e-05,1.0,False,semreuse,agnews,120000,0
117,leaf:sports#t0,The document is about sports.,exact-hit,0,0,0,0,0,1.0,1.0,1.0,30000,,,,,1.8874998204410076e-05,1.0,,semreuse,agnews,120000,0
118,leaf:business and finance#t0,The document is about business and finance.,exact-hit,0,0,0,0,0,1.0,1.0,1.0,30000,0.9186200346009024,False,0.9026666666666666,False,1.695798709988594e-05,1.0,False,semreuse,agnews,120000,0
119,leaf:sports#t3,This article covers the topic of sports.,exact-hit,0,0,0,0,0,1.0,1.0,1.0,30000,0.9186200346009024,False,0.9026666666666666,False,1.9750004867091775e-05,1.0,False,semreuse,agnews,120000,0
0,leaf:sports#t0,The document is about sports.,cold,120000,120000,0,0,0,1.0,1.0,1.0,30000,,,,,0.0017644159961491823,1.0,,semreuse-gt,agnews,120000,0
1,union:business and finance|science and technology#u0,The document is about business and finance or about science and technology.,rewrite,90020,90000,20,0,0,1.0,1.0,1.0,60000,0.92235323054219,False,1.0,False,0.008624250011052936,1.0,False,semreuse-gt,agnews,120000,0
2,leaf:business and finance#t2,The passage is related to business and finance.,rewrite,60082,60000,82,0,0,1.0,1.0,1.0,30000,0.9192021325489476,False,1.0,False,0.0072970420005731285,1.0,False,semreuse-gt,agnews,120000,0
3,union:science and technology|world news#u0,The document is about science and technology or about world news.,rewrite,60044,60000,44,0,0,1.0,1.0,1.0,60000,0.9184282630990831,False,1.0,False,0.009918834024574608,1.0,False,semreuse-gt,agnews,120000,0
4,leaf:world news#t0,The document is about world news.,rewrite,30137,30000,137,0,0,1.0,1.0,1.0,30000,0.918920574631666,False,1.0,False,0.021442041994305328,1.0,False,semreuse-gt,agnews,120000,0
5,union:business and finance|world news#u1,This text discusses either business and finance or world news.,rewrite,30110,30000,110,0,0,1.0,1.0,1.0,60000,0.9207814549232682,False,0.901,False,0.041967833996750414,1.0,False,semreuse-gt,agnews,120000,0
6,leaf:sports#t1,This text discusses sports.,rewrite,198,0,198,0,0,1.0,1.0,1.0,30000,0.9186200346009024,False,0.9026666666666666,False,0.011191416997462511,1.0,False,semreuse-gt,agnews,120000,0
7,leaf:sports#t0,The document is about sports.,exact-hit,0,0,0,0,0,1.0,1.0,1.0,30000,,,,,2.5457993615418673e-05,1.0,,semreuse-gt,agnews,120000,0
8,leaf:business and finance#t2,The passage is related to business and finance.,exact-hit,0,0,0,0,0,1.0,1.0,1.0,30000,0.9192021325489476,False,1.0,False,1.5124998753890395e-05,1.0,False,semreuse-gt,agnews,120000,0
9,leaf:world news#t3,This article covers the topic of world news.,rewrite,213,0,213,0,0,1.0,1.0,1.0,30000,0.9186200346009024,False,0.9026666666666666,False,0.01074454199988395,1.0,False,semreuse-gt,agnews,120000,0
10,leaf:world news#t2,The passage is related to world news.,rewrite,213,0,213,0,0,1.0,1.0,1.0,30000,0.9186200346009024,False,0.9026666666666666,False,0.01097929198294878,1.0,False,semreuse-gt,agnews,120000,0
11,leaf:science and technology#t2,The passage is related to science and technology.,rewrite,30137,30000,137,0,0,1.0,1.0,1.0,30000,0.918920574631666,False,1.0,False,0.009763083013240248,1.0,False,semreuse-gt,agnews,120000,0
12,union:science and technology|sports#u0,The document is about science and technology or about sports.,rewrite,137,0,137,0,0,1.0,1.0,1.0,60000,0.9190907699892892,False,0.901,False,0.016327917022863403,1.0,False,semreuse-gt,agnews,120000,0
13,leaf:science and technology#t1,This text discusses science and technology.,rewrite,213,0,213,0,0,1.0,1.0,1.0,30000,0.9186200346009024,False,0.9026666666666666,False,0.010672708012862131,1.0,False,semreuse-gt,agnews,120000,0
14,leaf:world news#t2,The passage is related to world news.,exact-hit,0,0,0,0,0,1.0,1.0,1.0,30000,0.9186200346009024,False,0.9026666666666666,False,1.691700890660286e-05,1.0,False,semreuse-gt,agnews,120000,0
15,leaf:business and finance#t3,This article covers the topic of business and finance.,rewrite,213,0,213,0,0,1.0,1.0,1.0,30000,0.9186200346009024,False,0.9026666666666666,False,0.011460958019597456,1.0,False,semreuse-gt,agnews,120000,0
16,union:business and finance|sports#u0,The document is about business and finance or about sports.,rewrite,137,0,137,0,0,1.0,1.0,1.0,60000,0.9190907699892892,False,0.901,False,0.01592908299062401,1.0,False,semreuse-gt,agnews,120000,0
17,union:business and finance|science and technology#u1,This text discusses either business and finance or science and technology.,rewrite,137,0,137,0,0,1.0,1.0,1.0,60000,0.9190907699892892,False,0.901,False,0.015765042015118524,1.0,False,semreuse-gt,agnews,120000,0
18,leaf:world news#t1,This text discusses world news.,rewrite,213,0,213,0,0,1.0,1.0,1.0,30000,0.9186200346009024,False,0.9026666666666666,False,0.011400666990084574,1.0,False,semreuse-gt,agnews,120000,0
19,leaf:science and technology#t3,This article covers the topic of science and technology.,rewrite,213,0,213,0,0,1.0,1.0,1.0,30000,0.9186200346009024,False,0.9026666666666666,False,0.011957958020502701,1.0,False,semreuse-gt,agnews,120000,0
20,leaf:world news#t1,This text discusses world news.,exact-hit,0,0,0,0,0,1.0,1.0,1.0,30000,0.9186200346009024,False,0.9026666666666666,False,2.1832995116710663e-05,1.0,False,semreuse-gt,agnews,120000,0
21,leaf:world news#t2,The passage is related to world news.,exact-hit,0,0,0,0,0,1.0,1.0,1.0,30000,0.9186200346009024,False,0.9026666666666666,False,1.6584002878516912e-05,1.0,False,semreuse-gt,agnews,120000,0
22,union:business and finance|science and technology#u1,This text discusses either business and finance or science and technology.,exact-hit,0,0,0,0,0,1.0,1.0,1.0,60000,0.9190907699892892,False,0.901,False,2.012500772252679e-05,1.0,False,semreuse-gt,agnews,120000,0
23,leaf:world news#t0,The document is about world news.,exact-hit,0,0,0,0,0,1.0,1.0,1.0,30000,0.918920574631666,False,1.0,False,1.6542006051167846e-05,1.0,False,semreuse-gt,agnews,120000,0
24,union:business and finance|sports#u0,The document is about business and finance or about sports.,exact-hit,0,0,0,0,0,1.0,1.0,1.0,60000,0.9190907699892892,False,0.901,False,1.3834011042490602e-05,1.0,False,semreuse-gt,agnews,120000,0
25,leaf:sports#t1,This text discusses sports.,exact-hit,0,0,0,0,0,1.0,1.0,1.0,30000,0.9186200346009024,False,0.9026666666666666,False,1.4249992091208696e-05,1.0,False,semreuse-gt,agnews,120000,0
26,leaf:science and technology#t3,This article covers the topic of science and technology.,exact-hit,0,0,0,0,0,1.0,1.0,1.0,30000,0.9186200346009024,False,0.9026666666666666,False,1.300001167692244e-05,1.0,False,semreuse-gt,agnews,120000,0
27,leaf:world news#t1,This text discusses world news.,exact-hit,0,0,0,0,0,1.0,1.0,1.0,30000,0.9186200346009024,False,0.9026666666666666,False,1.0957999620586634e-05,1.0,False,semreuse-gt,agnews,120000,0
28,leaf:sports#t1,This text discusses sports.,exact-hit,0,0,0,0,0,1.0,1.0,1.0,30000,0.9186200346009024,False,0.9026666666666666,False,2.037500962615013e-05,1.0,False,semreuse-gt,agnews,120000,0
29,leaf:science and technology#t3,This article covers the topic of science and technology.,exact-hit,0,0,0,0,0,1.0,1.0,1.0,30000,0.9186200346009024,False,0.9026666666666666,False,1.1041993275284767e-05,1.0,False,semreuse-gt,agnews,120000,0
30,union:science and technology|world news#u1,This text discusses either science and technology or world news.,rewrite,89,0,89,0,0,1.0,1.0,1.0,60000,0.9192267218846533,False,0.90265,False,0.012889458012068644,1.0,False,semreuse-gt,agnews,120000,0
31,union:sports|world news#u1,This text discusses either sports or world news.,rewrite,137,0,137,0,0,1.0,1.0,1.0,60000,0.9190907699892892,False,0.901,False,0.016139040992129594,1.0,False,semreuse-gt,agnews,120000,0
32,union:business and finance|science and technology#u0,The document is about business and finance or about science and technology.,exact-hit,0,0,0,0,0,1.0,1.0,1.0,60000,0.92235323054219,False,1.0,False,2.833301550708711e-05,1.0,False,semreuse-gt,agnews,120000,0
33,leaf:business and finance#t3,This article covers the topic of business and finance.,exact-hit,0,0,0,0,0,1.0,1.0,1.0,30000,0.9186200346009024,False,0.9026666666666666,False,1.6792007954791188e-05,1.0,False,semreuse-gt,agnews,120000,0
34,union:business and finance|world news#u0,The document is about business and finance or about world news.,rewrite,89,0,89,0,0,1.0,1.0,1.0,60000,0.9192267218846533,False,0.90265,False,0.028493290999904275,1.0,False,semreuse-gt,agnews,120000,0
35,leaf:world news#t2,The passage is related to world news.,exact-hit,0,0,0,0,0,1.0,1.0,1.0,30000,0.9186200346009024,False,0.9026666666666666,False,3.441699664108455e-05,1.0,False,semreuse-gt,agnews,120000,0
36,leaf:science and technology#t0,The document is about science and technology.,rewrite,213,0,213,0,0,1.0,1.0,1.0,30000,0.9186200346009024,False,0.9026666666666666,False,0.013173249986721203,1.0,False,semreuse-gt,agnews,120000,0
37,leaf:science and technology#t0,The document is about science and technology.,exact-hit,0,0,0,0,0,1.0,1.0,1.0,30000,0.9186200346009024,False,0.9026666666666666,False,2.8125010430812836e-05,1.0,False,semreuse-gt,agnews,120000,0
38,leaf:business and finance#t3,This article covers the topic of business and finance.,exact-hit,0,0,0,0,0,1.0,1.0,1.0,30000,0.9186200346009024,False,0.9026666666666666,False,1.6707985196262598e-05,1.0,False,semreuse-gt,agnews,120000,0
39,union:business and finance|science and technology#u0,The document is about business and finance or about science and technology.,exact-hit,0,0,0,0,0,1.0,1.0,1.0,60000,0.92235323054219,False,1.0,False,1.7166021279990673e-05,1.0,False,semreuse-gt,agnews,120000,0
40,leaf:science and technology#t1,This text discusses science and technology.,exact-hit,0,0,0,0,0,1.0,1.0,1.0,30000,0.9186200346009024,False,0.9026666666666666,False,2.3542001144960523e-05,1.0,False,semreuse-gt,agnews,120000,0
41,leaf:sports#t2,The passage is related to sports.,rewrite,213,0,213,0,0,1.0,1.0,1.0,30000,0.9186200346009024,False,0.9026666666666666,False,0.018644875002792105,1.0,False,semreuse-gt,agnews,120000,0
42,leaf:science and technology#t3,This article covers the topic of science and technology.,exact-hit,0,0,0,0,0,1.0,1.0,1.0,30000,0.9186200346009024,False,0.9026666666666666,False,2.2374995751306415e-05,1.0,False,semreuse-gt,agnews,120000,0
43,leaf:science and technology#t1,This text discusses science and technology.,exact-hit,0,0,0,0,0,1.0,1.0,1.0,30000,0.9186200346009024,False,0.9026666666666666,False,1.3791985111311078e-05,1.0,False,semreuse-gt,agnews,120000,0
44,leaf:business and finance#t3,This article covers the topic of business and finance.,exact-hit,0,0,0,0,0,1.0,1.0,1.0,30000,0.9186200346009024,False,0.9026666666666666,False,1.2665987014770508e-05,1.0,False,semreuse-gt,agnews,120000,0
45,union:science and technology|sports#u0,The document is about science and technology or about sports.,exact-hit,0,0,0,0,0,1.0,1.0,1.0,60000,0.9190907699892892,False,0.901,False,1.2499978765845299e-05,1.0,False,semreuse-gt,agnews,120000,0
46,leaf:business and finance#t3,This article covers the topic of business and finance.,exact-hit,0,0,0,0,0,1.0,1.0,1.0,30000,0.9186200346009024,False,0.9026666666666666,False,2.4040986318141222e-05,1.0,False,semreuse-gt,agnews,120000,0
47,union:science and technology|world news#u1,This text discusses either science and technology or world news.,exact-hit,0,0,0,0,0,1.0,1.0,1.0,60000,0.9192267218846533,False,0.90265,False,2.604199107736349e-05,1.0,False,semreuse-gt,agnews,120000,0
48,union:science and technology|sports#u0,The document is about science and technology or about sports.,exact-hit,0,0,0,0,0,1.0,1.0,1.0,60000,0.9190907699892892,False,0.901,False,1.9208004232496023e-05,1.0,False,semreuse-gt,agnews,120000,0
49,leaf:science and technology#t3,This article covers the topic of science and technology.,exact-hit,0,0,0,0,0,1.0,1.0,1.0,30000,0.9186200346009024,False,0.9026666666666666,False,1.8207996618002653e-05,1.0,False,semreuse-gt,agnews,120000,0
50,leaf:sports#t0,The document is about sports.,exact-hit,0,0,0,0,0,1.0,1.0,1.0,30000,,,,,2.7583009796217084e-05,1.0,,semreuse-gt,agnews,120000,0
51,leaf:world news#t2,The passage is related to world news.,exact-hit,0,0,0,0,0,1.0,1.0,1.0,30000,0.9186200346009024,False,0.9026666666666666,False,1.604200224392116e-05,1.0,False,semreuse-gt,agnews,120000,0
52,leaf:business and finance#t3,This article covers the topic of business and finance.,exact-hit,0,0,0,0,0,1.0,1.0,1.0,30000,0.9186200346009024,False,0.9026666666666666,False,1.300001167692244e-05,1.0,False,semreuse-gt,agnews,120000,0
53,leaf:business and finance#t0,The document is about business and finance.,rewrite,213,0,213,0,0,1.0,1.0,1.0,30000,0.9186200346009024,False,0.9026666666666666,False,0.011696292000124231,1.0,False,semreuse-gt,agnews,120000,0
54,union:science and technology|world news#u0,The document is about science and technology or about world news.,exact-hit,0,0,0,0,0,1.0,1.0,1.0,60000,0.9184282630990831,False,1.0,False,1.2584001524373889e-05,1.0,False,semreuse-gt,agnews,120000,0
55,leaf:sports#t1,This text discusses sports.,exact-hit,0,0,0,0,0,1.0,1.0,1.0,30000,0.9186200346009024,False,0.9026666666666666,False,7.750000804662704e-06,1.0,False,semreuse-gt,agnews,120000,0
56,leaf:science and technology#t3,This article covers the topic of science and technology.,exact-hit,0,0,0,0,0,1.0,1.0,1.0,30000,0.9186200346009024,False,0.9026666666666666,False,6.999995093792677e-06,1.0,False,semreuse-gt,agnews,120000,0
57,leaf:business and finance#t3,This article covers the topic of business and finance.,exact-hit,0,0,0,0,0,1.0,1.0,1.0,30000,0.9186200346009024,False,0.9026666666666666,False,8.584000170230865e-06,1.0,False,semreuse-gt,agnews,120000,0
58,union:sports|world news#u1,This text discusses either sports or world news.,exact-hit,0,0,0,0,0,1.0,1.0,1.0,60000,0.9190907699892892,False,0.901,False,8.125003660097718e-06,1.0,False,semreuse-gt,agnews,120000,0
59,union:business and finance|world news#u1,This text discusses either business and finance or world news.,exact-hit,0,0,0,0,0,1.0,1.0,1.0,60000,0.9207814549232682,False,0.901,False,8.292001439258456e-06,1.0,False,semreuse-gt,agnews,120000,0
60,leaf:science and technology#t3,This article covers the topic of science and technology.,exact-hit,0,0,0,0,0,1.0,1.0,1.0,30000,0.9186200346009024,False,0.9026666666666666,False,8.000002708286047e-06,1.0,False,semreuse-gt,agnews,120000,0
61,leaf:business and finance#t2,The passage is related to business and finance.,exact-hit,0,0,0,0,0,1.0,1.0,1.0,30000,0.9192021325489476,False,1.0,False,7.374997949227691e-06,1.0,False,semreuse-gt,agnews,120000,0
62,union:science and technology|sports#u0,The document is about science and technology or about sports.,exact-hit,0,0,0,0,0,1.0,1.0,1.0,60000,0.9190907699892892,False,0.901,False,8.25000461190939e-06,1.0,False,semreuse-gt,agnews,120000,0
63,leaf:business and finance#t2,The passage is related to business and finance.,exact-hit,0,0,0,0,0,1.0,1.0,1.0,30000,0.9192021325489476,False,1.0,False,8.875009370967746e-06,1.0,False,semreuse-gt,agnews,120000,0
64,leaf:sports#t2,The passage is related to sports.,exact-hit,0,0,0,0,0,1.0,1.0,1.0,30000,0.9186200346009024,False,0.9026666666666666,False,8.832983439788222e-06,1.0,False,semreuse-gt,agnews,120000,0
65,leaf:sports#t2,The passage is related to sports.,exact-hit,0,0,0,0,0,1.0,1.0,1.0,30000,0.9186200346009024,False,0.9026666666666666,False,1.1916999937966466e-05,1.0,False,semreuse-gt,agnews,120000,0
66,leaf:sports#t3,This article covers the topic of sports.,rewrite,198,0,198,0,0,1.0,1.0,1.0,30000,0.9186200346009024,False,0.9026666666666666,False,0.012968124996405095,1.0,False,semreuse-gt,agnews,120000,0
67,leaf:sports#t0,The document is about sports.,exact-hit,0,0,0,0,0,1.0,1.0,1.0,30000,,,,,2.3792003048583865e-05,1.0,,semreuse-gt,agnews,120000,0
68,leaf:business and finance#t2,The passage is related to business and finance.,exact-hit,0,0,0,0,0,1.0,1.0,1.0,30000,0.9192021325489476,False,1.0,False,2.5707995519042015e-05,1.0,False,semreuse-gt,agnews,120000,0
69,leaf:sports#t0,The document is about sports.,exact-hit,0,0,0,0,0,1.0,1.0,1.0,30000,,,,,1.1625001206994057e-05,1.0,,semreuse-gt,agnews,120000,0
70,leaf:science and technology#t0,The document is about science and technology.,exact-hit,0,0,0,0,0,1.0,1.0,1.0,30000,0.9186200346009024,False,0.9026666666666666,False,9.66701190918684e-06,1.0,False,semreuse-gt,agnews,120000,0
71,leaf:sports#t2,The passage is related to sports.,exact-hit,0,0,0,0,0,1.0,1.0,1.0,30000,0.9186200346009024,False,0.9026666666666666,False,8.916016668081284e-06,1.0,False,semreuse-gt,agnews,120000,0
72,leaf:sports#t3,This article covers the topic of sports.,exact-hit,0,0,0,0,0,1.0,1.0,1.0,30000,0.9186200346009024,False,0.9026666666666666,False,8.37500556372106e-06,1.0,False,semreuse-gt,agnews,120000,0
73,union:sports|world news#u0,The document is about sports or about world news.,rewrite,137,0,137,0,0,1.0,1.0,1.0,60000,0.9190907699892892,False,0.901,False,0.01780133301508613,1.0,False,semreuse-gt,agnews,120000,0
74,leaf:business and finance#t0,The document is about business and finance.,exact-hit,0,0,0,0,0,1.0,1.0,1.0,30000,0.9186200346009024,False,0.9026666666666666,False,3.358299727551639e-05,1.0,False,semreuse-gt,agnews,120000,0
75,leaf:science and technology#t2,The passage is related to science and technology.,exact-hit,0,0,0,0,0,1.0,1.0,1.0,30000,0.918920574631666,False,1.0,False,1.429201802238822e-05,1.0,False,semreuse-gt,agnews,120000,0
76,leaf:science and technology#t2,The passage is related to science and technology.,exact-hit,0,0,0,0,0,1.0,1.0,1.0,30000,0.918920574631666,False,1.0,False,3.541700425557792e-05,1.0,False,semreuse-gt,agnews,120000,0
77,leaf:sports#t1,This text discusses sports.,exact-hit,0,0,0,0,0,1.0,1.0,1.0,30000,0.9186200346009024,False,0.9026666666666666,False,1.0957999620586634e-05,1.0,False,semreuse-gt,agnews,120000,0
78,leaf:world news#t0,The document is about world news.,exact-hit,0,0,0,0,0,1.0,1.0,1.0,30000,0.918920574631666,False,1.0,False,9.707990102469921e-06,1.0,False,semreuse-gt,agnews,120000,0
79,leaf:business and finance#t3,This article covers the topic of business and finance.,exact-hit,0,0,0,0,0,1.0,1.0,1.0,30000,0.9186200346009024,False,0.9026666666666666,False,1.3042008504271507e-05,1.0,False,semreuse-gt,agnews,120000,0
80,union:business and finance|science and technology#u1,This text discusses either business and finance or science and technology.,exact-hit,0,0,0,0,0,1.0,1.0,1.0,60000,0.9190907699892892,False,0.901,False,3.945900243707001e-05,1.0,False,semreuse-gt,agnews,120000,0
81,union:science and technology|sports#u0,The document is about science and technology or about sports.,exact-hit,0,0,0,0,0,1.0,1.0,1.0,60000,0.9190907699892892,False,0.901,False,1.2417003745213151e-05,1.0,False,semreuse-gt,agnews,120000,0
82,union:science and technology|sports#u1,This text discusses either science and technology or sports.,rewrite,137,0,137,0,0,1.0,1.0,1.0,60000,0.9190907699892892,False,0.901,False,0.01698033299180679,1.0,False,semreuse-gt,agnews,120000,0
83,leaf:sports#t3,This article covers the topic of sports.,exact-hit,0,0,0,0,0,1.0,1.0,1.0,30000,0.9186200346009024,False,0.9026666666666666,False,2.6416004402562976e-05,1.0,False,semreuse-gt,agnews,120000,0
84,leaf:science and technology#t3,This article covers the topic of science and technology.,exact-hit,0,0,0,0,0,1.0,1.0,1.0,30000,0.9186200346009024,False,0.9026666666666666,False,1.1166994227096438e-05,1.0,False,semreuse-gt,agnews,120000,0
85,union:science and technology|sports#u0,The document is about science and technology or about sports.,exact-hit,0,0,0,0,0,1.0,1.0,1.0,60000,0.9190907699892892,False,0.901,False,7.99997360445559e-06,1.0,False,semreuse-gt,agnews,120000,0
86,leaf:sports#t2,The passage is related to sports.,exact-hit,0,0,0,0,0,1.0,1.0,1.0,30000,0.9186200346009024,False,0.9026666666666666,False,9.874987881630659e-06,1.0,False,semreuse-gt,agnews,120000,0
87,leaf:science and technology#t1,This text discusses science and technology.,exact-hit,0,0,0,0,0,1.0,1.0,1.0,30000,0.9186200346009024,False,0.9026666666666666,False,2.8208974981680512e-05,1.0,False,semreuse-gt,agnews,120000,0
88,leaf:business and finance#t1,This text discusses business and finance.,rewrite,213,0,213,0,0,1.0,1.0,1.0,30000,0.9186200346009024,False,0.9026666666666666,False,0.012679917010245845,1.0,False,semreuse-gt,agnews,120000,0
89,leaf:sports#t0,The document is about sports.,exact-hit,0,0,0,0,0,1.0,1.0,1.0,30000,,,,,2.300000051036477e-05,1.0,,semreuse-gt,agnews,120000,0
90,union:business and finance|world news#u0,The document is about business and finance or about world news.,exact-hit,0,0,0,0,0,1.0,1.0,1.0,60000,0.9192267218846533,False,0.90265,False,1.1374999303370714e-05,1.0,False,semreuse-gt,agnews,120000,0
91,union:business and finance|world news#u0,The document is about business and finance or about world news.,exact-hit,0,0,0,0,0,1.0,1.0,1.0,60000,0.9192267218846533,False,0.90265,False,1.2499978765845299e-05,1.0,False,semreuse-gt,agnews,120000,0
92,leaf:sports#t3,This article covers the topic of sports.,exact-hit,0,0,0,0,0,1.0,1.0,1.0,30000,0.9186200346009024,False,0.9026666666666666,False,1.4208984794095159e-05,1.0,False,semreuse-gt,agnews,120000,0
93,leaf:science and technology#t3,This article covers the topic of science and technology.,exact-hit,0,0,0,0,0,1.0,1.0,1.0,30000,0.9186200346009024,False,0.9026666666666666,False,1.0083022061735392e-05,1.0,False,semreuse-gt,agnews,120000,0
94,leaf:sports#t3,This article covers the topic of sports.,exact-hit,0,0,0,0,0,1.0,1.0,1.0,30000,0.9186200346009024,False,0.9026666666666666,False,2.066700835712254e-05,1.0,False,semreuse-gt,agnews,120000,0
95,leaf:sports#t2,The passage is related to sports.,exact-hit,0,0,0,0,0,1.0,1.0,1.0,30000,0.9186200346009024,False,0.9026666666666666,False,1.3165990822017193e-05,1.0,False,semreuse-gt,agnews,120000,0
96,leaf:business and finance#t2,The passage is related to business and finance.,exact-hit,0,0,0,0,0,1.0,1.0,1.0,30000,0.9192021325489476,False,1.0,False,1.5792000340297818e-05,1.0,False,semreuse-gt,agnews,120000,0
97,leaf:sports#t0,The document is about sports.,exact-hit,0,0,0,0,0,1.0,1.0,1.0,30000,,,,,9.083014447242022e-06,1.0,,semreuse-gt,agnews,120000,0
98,leaf:sports#t1,This text discusses sports.,exact-hit,0,0,0,0,0,1.0,1.0,1.0,30000,0.9186200346009024,False,0.9026666666666666,False,2.9166985768824816e-05,1.0,False,semreuse-gt,agnews,120000,0
99,leaf:science and technology#t3,This article covers the topic of science and technology.,exact-hit,0,0,0,0,0,1.0,1.0,1.0,30000,0.9186200346009024,False,0.9026666666666666,False,1.7915997887030244e-05,1.0,False,semreuse-gt,agnews,120000,0
100,leaf:science and technology#t3,This article covers the topic of science and technology.,exact-hit,0,0,0,0,0,1.0,1.0,1.0,30000,0.9186200346009024,False,0.9026666666666666,False,1.3374985428526998e-05,1.0,False,semreuse-gt,agnews,120000,0
101,leaf:world news#t2,The passage is related to world news.,exact-hit,0,0,0,0,0,1.0,1.0,1.0,30000,0.9186200346009024,False,0.9026666666666666,False,1.45830272231251e-05,1.0,False,semreuse-gt,agnews,120000,0
102,union:science and technology|world news#u1,This text discusses either science and technology or world news.,exact-hit,0,0,0,0,0,1.0,1.0,1.0,60000,0.9192267218846533,False,0.90265,False,8.125003660097718e-06,1.0,False,semreuse-gt,agnews,120000,0
103,leaf:business and finance#t1,This text discusses business and finance.,exact-hit,0,0,0,0,0,1.0,1.0,1.0,30000,0.9186200346009024,False,0.9026666666666666,False,1.0541989468038082e-05,1.0,False,semreuse-gt,agnews,120000,0
104,leaf:science and technology#t3,This article covers the topic of science and technology.,exact-hit,0,0,0,0,0,1.0,1.0,1.0,30000,0.9186200346009024,False,0.9026666666666666,False,1.8082995666190982e-05,1.0,False,semreuse-gt,agnews,120000,0
105,leaf:science and technology#t0,The document is about science and technology.,exact-hit,0,0,0,0,0,1.0,1.0,1.0,30000,0.9186200346009024,False,0.9026666666666666,False,1.533300383016467e-05,1.0,False,semreuse-gt,agnews,120000,0
106,union:business and finance|science and technology#u1,This text discusses either business and finance or science and technology.,exact-hit,0,0,0,0,0,1.0,1.0,1.0,60000,0.9190907699892892,False,0.901,False,1.491600414738059e-05,1.0,False,semreuse-gt,agnews,120000,0
107,union:business and finance|sports#u0,The document is about business and finance or about sports.,exact-hit,0,0,0,0,0,1.0,1.0,1.0,60000,0.9190907699892892,False,0.901,False,1.5958008589223027e-05,1.0,False,semreuse-gt,agnews,120000,0
108,leaf:science and technology#t2,The passage is related to science and technology.,exact-hit,0,0,0,0,0,1.0,1.0,1.0,30000,0.918920574631666,False,1.0,False,1.929097925312817e-05,1.0,False,semreuse-gt,agnews,120000,0
109,leaf:business and finance#t2,The passage is related to business and finance.,exact-hit,0,0,0,0,0,1.0,1.0,1.0,30000,0.9192021325489476,False,1.0,False,1.3749988283962011e-05,1.0,False,semreuse-gt,agnews,120000,0
110,leaf:sports#t3,This article covers the topic of sports.,exact-hit,0,0,0,0,0,1.0,1.0,1.0,30000,0.9186200346009024,False,0.9026666666666666,False,1.3625016435980797e-05,1.0,False,semreuse-gt,agnews,120000,0
111,leaf:science and technology#t0,The document is about science and technology.,exact-hit,0,0,0,0,0,1.0,1.0,1.0,30000,0.9186200346009024,False,0.9026666666666666,False,1.4042016118764877e-05,1.0,False,semreuse-gt,agnews,120000,0
112,leaf:sports#t3,This article covers the topic of sports.,exact-hit,0,0,0,0,0,1.0,1.0,1.0,30000,0.9186200346009024,False,0.9026666666666666,False,9.916024282574654e-06,1.0,False,semreuse-gt,agnews,120000,0
113,leaf:sports#t2,The passage is related to sports.,exact-hit,0,0,0,0,0,1.0,1.0,1.0,30000,0.9186200346009024,False,0.9026666666666666,False,1.5249999705702066e-05,1.0,False,semreuse-gt,agnews,120000,0
114,leaf:business and finance#t2,The passage is related to business and finance.,exact-hit,0,0,0,0,0,1.0,1.0,1.0,30000,0.9192021325489476,False,1.0,False,1.9083003280684352e-05,1.0,False,semreuse-gt,agnews,120000,0
115,leaf:business and finance#t0,The document is about business and finance.,exact-hit,0,0,0,0,0,1.0,1.0,1.0,30000,0.9186200346009024,False,0.9026666666666666,False,2.3540982510894537e-05,1.0,False,semreuse-gt,agnews,120000,0
116,union:science and technology|sports#u0,The document is about science and technology or about sports.,exact-hit,0,0,0,0,0,1.0,1.0,1.0,60000,0.9190907699892892,False,0.901,False,1.3833021512255073e-05,1.0,False,semreuse-gt,agnews,120000,0
117,leaf:sports#t0,The document is about sports.,exact-hit,0,0,0,0,0,1.0,1.0,1.0,30000,,,,,1.2165983207523823e-05,1.0,,semreuse-gt,agnews,120000,0
118,leaf:business and finance#t0,The document is about business and finance.,exact-hit,0,0,0,0,0,1.0,1.0,1.0,30000,0.9186200346009024,False,0.9026666666666666,False,9.37501317821443e-06,1.0,False,semreuse-gt,agnews,120000,0
119,leaf:sports#t3,This article covers the topic of sports.,exact-hit,0,0,0,0,0,1.0,1.0,1.0,30000,0.9186200346009024,False,0.9026666666666666,False,1.0499992640689015e-05,1.0,False,semreuse-gt,agnews,120000,0
