query_index,predicate_name,predicate_text,reuse_kind,oracle_calls,candidate_calls,audit_calls,escalation_calls,nli_pair_scores,precision,recall,f1,n_true_pos_rows,recall_bound,bound_violated,precision_bound,precision_bound_violated,latency_s,recall_oracle,bound_violated_oracle,reasoner,budget_label,corpus,n_rows
0,group:motor vehicles#t0,The document is about motor vehicles.,cold,7951,7951,0,0,0,1.0,1.0,1.0,800,,,,,0.0004225419834256172,1.0,,gt-err0.3,off,20ng-sub7951,7951
1,group:religion#t3,This article covers the topic of religion.,rewrite,7178,7151,27,0,0,1.0,1.0,1.0,1151,0.9200639488409272,False,1.0,False,0.0024788749869912863,1.0,False,gt-err0.3,off,20ng-sub7951,7951
2,leaf:religious debate#t0,The document is about religious debate.,rewrite,1954,1151,803,0,0,1.0,1.0,1.0,351,0.9236842105263158,False,1.0,False,0.0027466659958008677,1.0,False,gt-err0.3,off,20ng-sub7951,7951
3,group:politics#t1,This text discusses politics.,rewrite,6078,6000,78,0,0,1.0,1.0,1.0,1200,0.9202453987730062,False,1.0,False,0.0025747499894350767,1.0,False,gt-err0.3,off,20ng-sub7951,7951
4,union:gun control|medicine#u0,The document is about gun control or about medicine.,rewrite,6865,6800,65,0,0,1.0,1.0,1.0,800,0.9216589861751152,False,1.0,False,0.0020996670064050704,1.0,False,gt-err0.3,off,20ng-sub7951,7951
5,group:motor vehicles#t0,The document is about motor vehicles.,exact-hit,0,0,0,0,0,1.0,1.0,1.0,800,,,,,1.3665994629263878e-05,1.0,,gt-err0.3,off,20ng-sub7951,7951
6,group:politics#t1,This text discusses politics.,exact-hit,0,0,0,0,0,1.0,1.0,1.0,1200,0.9202453987730062,False,1.0,False,5.5419804994016886e-06,1.0,False,gt-err0.3,off,20ng-sub7951,7951
7,group:religion#t0,The document is about religion.,rewrite,4613,4400,213,0,0,1.0,1.0,1.0,1151,0.9204946996466431,False,0.9052997393570807,False,0.003727000002982095,1.0,False,gt-err0.3,off,20ng-sub7951,7951
8,leaf:political debate#t1,This text discusses political debate.,rewrite,7951,800,0,7151,0,1.0,1.0,1.0,400,1.0,False,1.0,False,0.0007033339934423566,1.0,False,gt-err0.3,off,20ng-sub7951,7951
9,group:sports#t1,This text discusses sports.,rewrite,7951,751,0,7200,0,1.0,1.0,1.0,800,1.0,False,1.0,False,0.0006667079869657755,1.0,False,gt-err0.3,off,20ng-sub7951,7951
10,group:science#t1,This text discusses science.,rewrite,5253,4351,138,764,0,1.0,1.0,1.0,1600,0.9200690051753881,False,1.0,False,0.003579249983886257,1.0,False,gt-err0.3,off,20ng-sub7951,7951
11,leaf:hockey#t1,This text discusses hockey.,rewrite,7951,800,0,7151,0,1.0,1.0,1.0,400,1.0,False,1.0,False,0.0006582500063814223,1.0,False,gt-err0.3,off,20ng-sub7951,7951
12,leaf:religious debate#t2,The passage is related to religious debate.,rewrite,2980,2000,980,0,0,1.0,1.0,1.0,351,0.9273255813953488,False,0.9088319088319088,False,0.02771958301309496,1.0,False,gt-err0.3,off,20ng-sub7951,7951
13,leaf:political debate#t0,The document is about political debate.,rewrite,2214,1551,663,0,0,1.0,1.0,1.0,400,0.9237875288683602,False,1.0,False,0.004951332986820489,1.0,False,gt-err0.3,off,20ng-sub7951,7951
14,leaf:items for sale#t3,This article covers the topic of items for sale.,rewrite,7951,0,0,7951,0,1.0,1.0,1.0,400,1.0,False,1.0,False,0.0005899580137338489,1.0,False,gt-err0.3,off,20ng-sub7951,7951
15,leaf:Christianity#t3,This article covers the topic of Christianity.,rewrite,7951,2000,0,5951,0,1.0,1.0,1.0,400,1.0,False,1.0,False,0.0006132089765742421,1.0,False,gt-err0.3,off,20ng-sub7951,7951
16,union:electronics|hockey#u0,The document is about electronics or about hockey.,rewrite,2694,1151,379,1164,0,1.0,1.0,1.0,800,0.9216589861751152,False,1.0,False,0.005533666990231723,1.0,False,gt-err0.3,off,20ng-sub7951,7951
17,group:science#t2,The passage is related to science.,rewrite,2495,2351,144,0,0,1.0,1.0,1.0,1600,0.9200690051753881,False,1.0,False,0.00378850000561215,1.0,False,gt-err0.3,off,20ng-sub7951,7951
18,group:computers#t1,This text discusses computers.,rewrite,4499,4400,99,0,0,1.0,1.0,1.0,2000,0.9199632014719411,False,1.0,False,0.006104333006078377,1.0,False,gt-err0.3,off,20ng-sub7951,7951
19,union:Macintosh hardware|items for sale#u1,This text discusses either Macintosh hardware or items for sale.,rewrite,7951,2000,616,5335,0,1.0,1.0,1.0,800,1.0,False,1.0,False,0.002113458001986146,1.0,False,gt-err0.3,off,20ng-sub7951,7951
20,group:motor vehicles#t3,This article covers the topic of motor vehicles.,rewrite,4280,4000,280,0,0,1.0,1.0,1.0,800,0.9216589861751152,False,1.0,False,0.0025476250157225877,1.0,False,gt-err0.3,off,20ng-sub7951,7951
21,group:sports#t3,This article covers the topic of sports.,rewrite,4180,3951,229,0,0,1.0,1.0,1.0,800,0.9216589861751152,False,1.0,False,0.0026064580015372485,1.0,False,gt-err0.3,off,20ng-sub7951,7951
22,group:motor vehicles#t3,This article covers the topic of motor vehicles.,exact-hit,0,0,0,0,0,1.0,1.0,1.0,800,0.9216589861751152,False,1.0,False,1.4332996215671301e-05,1.0,False,gt-err0.3,off,20ng-sub7951,7951
23,group:motor vehicles#t3,This article covers the topic of motor vehicles.,exact-hit,0,0,0,0,0,1.0,1.0,1.0,800,0.9216589861751152,False,1.0,False,3.4999975468963385e-06,1.0,False,gt-err0.3,off,20ng-sub7951,7951
24,union:PC hardware|cryptography#u0,The document is about PC hardware or about cryptography.,rewrite,7951,3151,551,4249,0,1.0,1.0,1.0,800,1.0,False,1.0,False,0.002695125003810972,1.0,False,gt-err0.3,off,20ng-sub7951,7951
25,leaf:political debate#t1,This text discusses political debate.,exact-hit,0,0,0,0,0,1.0,1.0,1.0,400,1.0,False,1.0,False,1.4749995898455381e-05,1.0,False,gt-err0.3,off,20ng-sub7951,7951
26,union:Macintosh hardware|space exploration#u1,This text discusses either Macintosh hardware or space exploration.,rewrite,7951,5151,289,2511,0,1.0,1.0,1.0,800,1.0,False,1.0,False,0.0017029590089805424,1.0,False,gt-err0.3,off,20ng-sub7951,7951
27,leaf:baseball#t2,The passage is related to baseball.,rewrite,7951,2751,0,5200,0,1.0,1.0,1.0,400,1.0,False,1.0,False,0.0006654999742750078,1.0,False,gt-err0.3,off,20ng-sub7951,7951
28,group:computers#t0,The document is about computers.,rewrite,3699,3600,99,0,0,1.0,1.0,1.0,2000,0.9199632014719411,False,1.0,False,0.002923833002569154,1.0,False,gt-err0.3,off,20ng-sub7951,7951
29,leaf:baseball#t3,This article covers the topic of baseball.,rewrite,5484,5200,284,0,0,1.0,1.0,1.0,400,0.9237875288683602,False,1.0,False,0.0023426250263582915,1.0,False,gt-err0.3,off,20ng-sub7951,7951
30,leaf:electronics#t0,The document is about electronics.,rewrite,7951,3551,0,4400,0,1.0,1.0,1.0,400,1.0,False,1.0,False,0.0007899999909568578,1.0,False,gt-err0.3,off,20ng-sub7951,7951
31,union:PC hardware|items for sale#u1,This text discusses either PC hardware or items for sale.,rewrite,7951,2400,575,4976,0,1.0,1.0,1.0,800,1.0,False,1.0,False,0.0017433749744668603,1.0,False,gt-err0.3,off,20ng-sub7951,7951
32,union:computer graphics|motorcycles#u0,The document is about computer graphics or about motorcycles.,rewrite,7951,3551,455,3945,0,1.0,1.0,1.0,800,1.0,False,1.0,False,0.0018729160074144602,1.0,False,gt-err0.3,off,20ng-sub7951,7951
33,union:Macintosh hardware|electronics#u0,The document is about Macintosh hardware or about electronics.,rewrite,7951,1551,663,5737,0,1.0,1.0,1.0,800,1.0,False,1.0,False,0.0018572499975562096,1.0,False,gt-err0.3,off,20ng-sub7951,7951
34,group:computers#t1,This text discusses computers.,exact-hit,0,0,0,0,0,1.0,1.0,1.0,2000,0.9199632014719411,False,1.0,False,7.374997949227691e-06,1.0,False,gt-err0.3,off,20ng-sub7951,7951
35,group:religion#t1,This text discusses religion.,rewrite,3323,3151,172,0,0,1.0,1.0,1.0,1151,0.9200639488409272,False,1.0,False,0.0029161249985918403,1.0,False,gt-err0.3,off,20ng-sub7951,7951
36,group:computers#t0,The document is about computers.,exact-hit,0,0,0,0,0,1.0,1.0,1.0,2000,0.9199632014719411,False,1.0,False,1.4500023098662496e-05,1.0,False,gt-err0.3,off,20ng-sub7951,7951
37,union:Middle East affairs|items for sale#u1,This text discusses either Middle East affairs or items for sale.,rewrite,7951,2351,675,4925,0,1.0,1.0,1.0,800,1.0,False,1.0,False,0.0023177500115707517,1.0,False,gt-err0.3,off,20ng-sub7951,7951
38,leaf:the Microsoft Windows operating system#t1,This text discusses the Microsoft Windows operating system.,rewrite,7951,2400,0,5551,0,1.0,1.0,1.0,400,1.0,False,1.0,False,0.0007400829927064478,1.0,False,gt-err0.3,off,20ng-sub7951,7951
39,group:sports#t2,The passage is related to sports.,rewrite,2805,2400,405,0,0,1.0,1.0,1.0,800,0.9213197969543148,False,0.9075,False,0.003511832997901365,1.0,False,gt-err0.3,off,20ng-sub7951,7951
40,leaf:motorcycles#t0,The document is about motorcycles.,rewrite,4410,3951,459,0,0,1.0,1.0,1.0,400,0.9237875288683602,False,1.0,False,0.004307167022489011,1.0,False,gt-err0.3,off,20ng-sub7951,7951
41,group:motor vehicles#t0,The document is about motor vehicles.,exact-hit,0,0,0,0,0,1.0,1.0,1.0,800,,,,,1.666697789914906e-05,1.0,,gt-err0.3,off,20ng-sub7951,7951
42,union:Christianity|political debate#u1,This text discusses either Christianity or political debate.,rewrite,4157,3951,206,0,0,1.0,1.0,1.0,800,0.9205983889528193,False,1.0,False,0.002841790992533788,1.0,False,gt-err0.3,off,20ng-sub7951,7951
43,group:motor vehicles#t2,The passage is related to motor vehicles.,rewrite,3778,3551,227,0,0,1.0,1.0,1.0,800,0.9205983889528193,False,1.0,False,0.0027460840065032244,1.0,False,gt-err0.3,off,20ng-sub7951,7951
44,leaf:motorcycles#t2,The passage is related to motorcycles.,rewrite,3392,2800,592,0,0,1.0,1.0,1.0,400,0.9237875288683602,False,1.0,False,0.0027388749876990914,1.0,False,gt-err0.3,off,20ng-sub7951,7951
45,group:motor vehicles#t1,This text discusses motor vehicles.,rewrite,3445,3200,245,0,0,1.0,1.0,1.0,800,0.9205983889528193,False,1.0,False,0.002769000013358891,1.0,False,gt-err0.3,off,20ng-sub7951,7951
46,group:religion#t0,The document is about religion.,exact-hit,0,0,0,0,0,1.0,1.0,1.0,1151,0.9204946996466431,False,0.9052997393570807,False,1.2291973689571023e-05,1.0,False,gt-err0.3,off,20ng-sub7951,7951
47,group:sports#t3,This article covers the topic of sports.,exact-hit,0,0,0,0,0,1.0,1.0,1.0,800,0.9216589861751152,False,1.0,False,6.709014996886253e-06,1.0,False,gt-err0.3,off,20ng-sub7951,7951
48,union:Macintosh hardware|cars#u1,This text discusses either Macintosh hardware or cars.,rewrite,7951,3600,450,3901,0,1.0,1.0,1.0,800,1.0,False,1.0,False,0.0019806670024991035,1.0,False,gt-err0.3,off,20ng-sub7951,7951
49,leaf:computer graphics#t1,This text discusses computer graphics.,rewrite,7951,1200,0,6751,0,1.0,1.0,1.0,400,1.0,False,1.0,False,0.0007401670154649764,1.0,False,gt-err0.3,off,20ng-sub7951,7951
50,union:atheism|hockey#u1,This text discusses either atheism or hockey.,rewrite,7590,2000,684,4906,0,1.0,1.0,1.0,800,0.955794504181601,False,1.0,False,0.0030344580009113997,1.0,False,gt-err0.3,off,20ng-sub7951,7951
51,leaf:items for sale#t0,The document is about items for sale.,rewrite,5126,4800,326,0,0,1.0,1.0,1.0,400,0.9237875288683602,False,1.0,False,0.006553458981215954,1.0,False,gt-err0.3,off,20ng-sub7951,7951
52,leaf:baseball#t0,The document is about baseball.,rewrite,2975,2400,575,0,0,1.0,1.0,1.0,400,0.9237875288683602,False,1.0,False,0.006447457999456674,1.0,False,gt-err0.3,off,20ng-sub7951,7951
53,union:hockey|motorcycles#u0,The document is about hockey or about motorcycles.,rewrite,3824,3600,224,0,0,1.0,1.0,1.0,800,0.9205983889528193,False,1.0,False,0.002738333016168326,1.0,False,gt-err0.3,off,20ng-sub7951,7951
54,group:politics#t0,The document is about politics.,rewrite,5257,5151,106,0,0,1.0,1.0,1.0,1200,0.9202453987730062,False,1.0,False,0.0030913749942556024,1.0,False,gt-err0.3,off,20ng-sub7951,7951
55,group:motor vehicles#t1,This text discusses motor vehicles.,exact-hit,0,0,0,0,0,1.0,1.0,1.0,800,0.9205983889528193,False,1.0,False,1.7167010810226202e-05,1.0,False,gt-err0.3,off,20ng-sub7951,7951
56,leaf:atheism#t3,This article covers the topic of atheism.,rewrite,4056,3551,505,0,0,1.0,1.0,1.0,400,0.9237875288683602,False,1.0,False,0.002610791998449713,1.0,False,gt-err0.3,off,20ng-sub7951,7951
57,union:atheism|gun control#u1,This text discusses either atheism or gun control.,rewrite,6433,6351,82,0,0,1.0,1.0,1.0,800,0.9216589861751152,False,1.0,False,0.0024104999902192503,1.0,False,gt-err0.3,off,20ng-sub7951,7951
58,leaf:cars#t2,The passage is related to cars.,rewrite,7951,4351,0,3600,0,1.0,1.0,1.0,400,1.0,False,1.0,False,0.0008797500049695373,1.0,False,gt-err0.3,off,20ng-sub7951,7951
59,group:sports#t2,The passage is related to sports.,exact-hit,0,0,0,0,0,1.0,1.0,1.0,800,0.9213197969543148,False,0.9075,False,7.124996045604348e-06,1.0,False,gt-err0.3,off,20ng-sub7951,7951
60,group:motor vehicles#t2,The passage is related to motor vehicles.,exact-hit,0,0,0,0,0,1.0,1.0,1.0,800,0.9205983889528193,False,1.0,False,1.7749989638105035e-05,1.0,False,gt-err0.3,off,20ng-sub7951,7951
61,group:computers#t0,The document is about computers.,exact-hit,0,0,0,0,0,1.0,1.0,1.0,2000,0.9199632014719411,False,1.0,False,9.25001222640276e-06,1.0,False,gt-err0.3,off,20ng-sub7951,7951
62,union:medicine|the Microsoft Windows operating system#u0,The document is about medicine or about the Microsoft Windows operating system.,rewrite,3472,3200,272,0,0,1.0,1.0,1.0,800,0.9216589861751152,False,1.0,False,0.0031104160007089376,1.0,False,gt-err0.3,off,20ng-sub7951,7951
63,union:baseball|items for sale#u0,The document is about baseball or about items for sale.,rewrite,3445,3200,245,0,0,1.0,1.0,1.0,800,0.9205983889528193,False,1.0,False,0.002898875012760982,1.0,False,gt-err0.3,off,20ng-sub7951,7951
64,union:atheism|medicine#u1,This text discusses either atheism or medicine.,rewrite,4583,4400,183,0,0,1.0,1.0,1.0,800,0.9205983889528193,False,1.0,False,0.0026880840014200658,1.0,False,gt-err0.3,off,20ng-sub7951,7951
65,union:hockey|the X Window System#u1,This text discusses either hockey or the X Window System.,rewrite,7254,1600,730,4924,0,1.0,1.0,1.0,800,0.9650180940892642,False,1.0,False,0.013707999984035268,1.0,False,gt-err0.3,off,20ng-sub7951,7951
66,leaf:cryptography#t0,The document is about cryptography.,rewrite,7951,4351,0,3600,0,1.0,1.0,1.0,400,1.0,False,1.0,False,0.0009662920201662928,1.0,False,gt-err0.3,off,20ng-sub7951,7951
67,leaf:motorcycles#t3,This article covers the topic of motorcycles.,rewrite,5082,4751,331,0,0,1.0,1.0,1.0,400,0.9237875288683602,False,1.0,False,0.004308915988076478,1.0,False,gt-err0.3,off,20ng-sub7951,7951
68,leaf:hockey#t1,This text discusses hockey.,exact-hit,0,0,0,0,0,1.0,1.0,1.0,400,1.0,False,1.0,False,1.60830095410347e-05,1.0,False,gt-err0.3,off,20ng-sub7951,7951
69,leaf:baseball#t2,The passage is related to baseball.,exact-hit,0,0,0,0,0,1.0,1.0,1.0,400,1.0,False,1.0,False,6.708985893055797e-06,1.0,False,gt-err0.3,off,20ng-sub7951,7951
70,group:motor vehicles#t0,The document is about motor vehicles.,exact-hit,0,0,0,0,0,1.0,1.0,1.0,800,,,,,4.208006430417299e-06,1.0,,gt-err0.3,off,20ng-sub7951,7951
71,leaf:the Microsoft Windows operating system#t2,The passage is related to the Microsoft Windows operating system.,rewrite,7951,3551,0,4400,0,1.0,1.0,1.0,400,1.0,False,1.0,False,0.0009657499904278666,1.0,False,gt-err0.3,off,20ng-sub7951,7951
72,leaf:motorcycles#t2,The passage is related to motorcycles.,exact-hit,0,0,0,0,0,1.0,1.0,1.0,400,0.9237875288683602,False,1.0,False,6.791000487282872e-06,1.0,False,gt-err0.3,off,20ng-sub7951,7951
73,group:sports#t2,The passage is related to sports.,exact-hit,0,0,0,0,0,1.0,1.0,1.0,800,0.9213197969543148,False,0.9075,False,4.95798303745687e-06,1.0,False,gt-err0.3,off,20ng-sub7951,7951
74,union:Macintosh hardware|electronics#u1,This text discusses either Macintosh hardware or electronics.,rewrite,4934,4751,183,0,0,1.0,1.0,1.0,800,0.9216589861751152,False,1.0,False,0.01008262499817647,1.0,False,gt-err0.3,off,20ng-sub7951,7951
75,leaf:Christianity#t3,This article covers the topic of Christianity.,exact-hit,0,0,0,0,0,1.0,1.0,1.0,400,1.0,False,1.0,False,1.920902286656201e-05,1.0,False,gt-err0.3,off,20ng-sub7951,7951
76,group:sports#t2,The passage is related to sports.,exact-hit,0,0,0,0,0,1.0,1.0,1.0,800,0.9213197969543148,False,0.9075,False,7.750000804662704e-06,1.0,False,gt-err0.3,off,20ng-sub7951,7951
77,leaf:religious debate#t3,This article covers the topic of religious debate.,rewrite,5481,5151,330,0,0,1.0,1.0,1.0,351,0.9236842105263158,False,1.0,False,0.0024887920008040965,1.0,False,gt-err0.3,off,20ng-sub7951,7951
78,union:atheism|baseball#u1,This text discusses either atheism or baseball.,rewrite,3803,3551,252,0,0,1.0,1.0,1.0,800,0.9216589861751152,False,1.0,False,0.002679708006326109,1.0,False,gt-err0.3,off,20ng-sub7951,7951
79,leaf:items for sale#t2,The passage is related to items for sale.,rewrite,4767,4400,367,0,0,1.0,1.0,1.0,400,0.9237875288683602,False,1.0,False,0.0024689580022823066,1.0,False,gt-err0.3,off,20ng-sub7951,7951
80,union:Macintosh hardware|religious debate#u0,The document is about Macintosh hardware or about religious debate.,rewrite,7608,3151,628,3829,0,1.0,1.0,1.0,751,0.9677835051546392,False,1.0,False,0.003219416015781462,1.0,False,gt-err0.3,off,20ng-sub7951,7951
81,group:motor vehicles#t1,This text discusses motor vehicles.,exact-hit,0,0,0,0,0,1.0,1.0,1.0,800,0.9205983889528193,False,1.0,False,1.0499992640689015e-05,1.0,False,gt-err0.3,off,20ng-sub7951,7951
82,leaf:cars#t0,The document is about cars.,rewrite,4767,4400,367,0,0,1.0,1.0,1.0,400,0.9237875288683602,False,1.0,False,0.0024646249949000776,1.0,False,gt-err0.3,off,20ng-sub7951,7951
83,leaf:PC hardware#t0,The document is about PC hardware.,rewrite,4056,3551,505,0,0,1.0,1.0,1.0,400,0.9237875288683602,False,1.0,False,0.00801545800641179,1.0,False,gt-err0.3,off,20ng-sub7951,7951
84,group:religion#t2,The passage is related to religion.,rewrite,3708,3551,157,0,0,1.0,1.0,1.0,1151,0.9200639488409272,False,1.0,False,0.003166041016811505,1.0,False,gt-err0.3,off,20ng-sub7951,7951
85,union:Christianity|hockey#u0,The document is about Christianity or about hockey.,rewrite,7601,4000,453,3148,0,1.0,1.0,1.0,800,0.9650180940892642,False,1.0,False,0.003271875000791624,1.0,False,gt-err0.3,off,20ng-sub7951,7951
86,group:religion#t0,The document is about religion.,exact-hit,0,0,0,0,0,1.0,1.0,1.0,1151,0.9204946996466431,False,0.9052997393570807,False,1.4541001291945577e-05,1.0,False,gt-err0.3,off,20ng-sub7951,7951
87,union:atheism|computer graphics#u1,This text discusses either atheism or computer graphics.,rewrite,4204,4000,204,0,0,1.0,1.0,1.0,800,0.9216589861751152,False,1.0,False,0.002813583007082343,1.0,False,gt-err0.3,off,20ng-sub7951,7951
88,union:motorcycles|political debate#u1,This text discusses either motorcycles or political debate.,rewrite,7592,4400,407,2785,0,1.0,1.0,1.0,800,0.9569377990430622,False,1.0,False,0.0031429160153493285,1.0,False,gt-err0.3,off,20ng-sub7951,7951
89,group:motor vehicles#t0,The document is about motor vehicles.,exact-hit,0,0,0,0,0,1.0,1.0,1.0,800,,,,,8.957984391599894e-06,1.0,,gt-err0.3,off,20ng-sub7951,7951
90,union:PC hardware|political debate#u0,The document is about PC hardware or about political debate.,rewrite,4583,4400,183,0,0,1.0,1.0,1.0,800,0.9205983889528193,False,1.0,False,0.0025797920243348926,1.0,False,gt-err0.3,off,20ng-sub7951,7951
91,leaf:Macintosh hardware#t0,The document is about Macintosh hardware.,rewrite,4099,3600,499,0,0,1.0,1.0,1.0,400,0.9237875288683602,False,1.0,False,0.002684583974769339,1.0,False,gt-err0.3,off,20ng-sub7951,7951
92,leaf:items for sale#t1,This text discusses items for sale.,rewrite,4050,3600,450,0,0,1.0,1.0,1.0,400,0.9237875288683602,False,1.0,False,0.0025914580037351698,1.0,False,gt-err0.3,off,20ng-sub7951,7951
93,leaf:the Microsoft Windows operating system#t0,The document is about the Microsoft Windows operating system.,rewrite,4099,3600,499,0,0,1.0,1.0,1.0,400,0.9237875288683602,False,1.0,False,0.0025868329976219684,1.0,False,gt-err0.3,off,20ng-sub7951,7951
94,leaf:the Microsoft Windows operating system#t1,This text discusses the Microsoft Windows operating system.,exact-hit,0,0,0,0,0,1.0,1.0,1.0,400,1.0,False,1.0,False,1.4416000340133905e-05,1.0,False,gt-err0.3,off,20ng-sub7951,7951
95,group:computers#t3,This article covers the topic of computers.,rewrite,7951,4751,109,3091,0,1.0,1.0,1.0,2000,1.0,False,1.0,False,0.002674041024874896,1.0,False,gt-err0.3,off,20ng-sub7951,7951
96,leaf:PC hardware#t1,This text discusses PC hardware.,rewrite,4050,3600,450,0,0,1.0,1.0,1.0,400,0.9237875288683602,False,1.0,False,0.0026660000148694962,1.0,False,gt-err0.3,off,20ng-sub7951,7951
97,leaf:cars#t2,The passage is related to cars.,exact-hit,0,0,0,0,0,1.0,1.0,1.0,400,1.0,False,1.0,False,1.3291981304064393e-05,1.0,False,gt-err0.3,off,20ng-sub7951,7951
98,union:Christianity|items for sale#u0,The document is about Christianity or about items for sale.,rewrite,7591,3151,551,3889,0,1.0,1.0,1.0,800,0.9569377990430622,False,1.0,False,0.0031214159971568733,1.0,False,gt-err0.3,off,20ng-sub7951,7951
99,group:politics#t2,The passage is related to politics.,rewrite,3363,3200,163,0,0,1.0,1.0,1.0,1200,0.9202453987730062,False,1.0,False,0.0029137079836800694,1.0,False,gt-err0.3,off,20ng-sub7951,7951
100,leaf:gun control#t2,The passage is related to gun control.,rewrite,7951,6351,0,1600,0,1.0,1.0,1.0,400,1.0,False,1.0,False,0.0009915000118780881,1.0,False,gt-err0.3,off,20ng-sub7951,7951
101,union:Middle East affairs|items for sale#u1,This text discusses either Middle East affairs or items for sale.,exact-hit,0,0,0,0,0,1.0,1.0,1.0,800,1.0,False,1.0,False,1.029099803417921e-05,1.0,False,gt-err0.3,off,20ng-sub7951,7951
102,leaf:computer graphics#t3,This article covers the topic of computer graphics.,rewrite,4767,4400,367,0,0,1.0,1.0,1.0,400,0.9237875288683602,False,1.0,False,0.002484458003891632,1.0,False,gt-err0.3,off,20ng-sub7951,7951
103,leaf:religious debate#t3,This article covers the topic of religious debate.,exact-hit,0,0,0,0,0,1.0,1.0,1.0,351,0.9236842105263158,False,1.0,False,1.0458024917170405e-05,1.0,False,gt-err0.3,off,20ng-sub7951,7951
104,leaf:atheism#t3,This article covers the topic of atheism.,exact-hit,0,0,0,0,0,1.0,1.0,1.0,400,0.9237875288683602,False,1.0,False,7.458002073690295e-06,1.0,False,gt-err0.3,off,20ng-sub7951,7951
105,group:religion#t1,This text discusses religion.,exact-hit,0,0,0,0,0,1.0,1.0,1.0,1151,0.9200639488409272,False,1.0,False,4.6660134103149176e-06,1.0,False,gt-err0.3,off,20ng-sub7951,7951
106,union:hockey|items for sale#u0,The document is about hockey or about items for sale.,rewrite,4180,3951,229,0,0,1.0,1.0,1.0,800,0.9216589861751152,False,1.0,False,0.0028175420011393726,1.0,False,gt-err0.3,off,20ng-sub7951,7951
107,group:motor vehicles#t0,The document is about motor vehicles.,exact-hit,0,0,0,0,0,1.0,1.0,1.0,800,,,,,1.5541008906438947e-05,1.0,,gt-err0.3,off,20ng-sub7951,7951
108,union:space exploration|the Microsoft Windows operating system#u1,This text discusses either space exploration or the Microsoft Windows operating system.,rewrite,7595,5551,275,1769,0,1.0,1.0,1.0,800,0.9603841536614646,False,1.0,False,0.0030908340122550726,1.0,False,gt-err0.3,off,20ng-sub7951,7951
109,group:sports#t2,The passage is related to sports.,exact-hit,0,0,0,0,0,1.0,1.0,1.0,800,0.9213197969543148,False,0.9075,False,9.95802110992372e-06,1.0,False,gt-err0.3,off,20ng-sub7951,7951
110,group:sports#t1,This text discusses sports.,exact-hit,0,0,0,0,0,1.0,1.0,1.0,800,1.0,False,1.0,False,4.04199818149209e-06,1.0,False,gt-err0.3,off,20ng-sub7951,7951
111,leaf:atheism#t3,This article covers the topic of atheism.,exact-hit,0,0,0,0,0,1.0,1.0,1.0,400,0.9237875288683602,False,1.0,False,4.291010554879904e-06,1.0,False,gt-err0.3,off,20ng-sub7951,7951
112,leaf:Middle East affairs#t2,The passage is related to Middle East affairs.,rewrite,7951,5151,0,2800,0,1.0,1.0,1.0,400,1.0,False,1.0,False,0.0008515829977113754,1.0,False,gt-err0.3,off,20ng-sub7951,7951
113,union:Macintosh hardware|motorcycles#u1,This text discusses either Macintosh hardware or motorcycles.,rewrite,7951,3951,0,4000,0,1.0,1.0,1.0,800,1.0,False,1.0,False,0.0010380829917266965,1.0,False,gt-err0.3,off,20ng-sub7951,7951
114,union:political debate|religious debate#u0,The document is about political debate or about religious debate.,rewrite,2317,1951,366,0,0,1.0,1.0,1.0,751,0.9214723926380368,False,1.0,False,0.002995874994667247,1.0,False,gt-err0.3,off,20ng-sub7951,7951
115,leaf:gun control#t3,This article covers the topic of gun control.,rewrite,3392,2800,592,0,0,1.0,1.0,1.0,400,0.9237875288683602,False,1.0,False,0.0029661660082638264,1.0,False,gt-err0.3,off,20ng-sub7951,7951
116,leaf:medicine#t2,The passage is related to medicine.,rewrite,4767,4400,367,0,0,1.0,1.0,1.0,400,0.9237875288683602,False,1.0,False,0.002564166992669925,1.0,False,gt-err0.3,off,20ng-sub7951,7951
117,group:politics#t1,This text discusses politics.,exact-hit,0,0,0,0,0,1.0,1.0,1.0,1200,0.9202453987730062,False,1.0,False,1.2750009773299098e-05,1.0,False,gt-err0.3,off,20ng-sub7951,7951
118,group:science#t2,The passage is related to science.,exact-hit,0,0,0,0,0,1.0,1.0,1.0,1600,0.9200690051753881,False,1.0,False,7.459020707756281e-06,1.0,False,gt-err0.3,off,20ng-sub7951,7951
119,group:religion#t0,The document is about religion.,exact-hit,0,0,0,0,0,1.0,1.0,1.0,1151,0.9204946996466431,False,0.9052997393570807,False,7.832975825294852e-06,1.0,False,gt-err0.3,off,20ng-sub7951,7951
0,group:motor vehicles#t0,The document is about motor vehicles.,cold,7951,7951,0,0,0,1.0,1.0,1.0,800,,,,,0.0003034590044990182,1.0,,gt-err0.3,1,20ng-sub7951,7951
1,group:religion#t3,This article covers the topic of religion.,rewrite,7178,7151,27,0,0,1.0,1.0,1.0,1151,0.9200639488409272,False,1.0,False,0.002197124995291233,1.0,False,gt-err0.3,1,20ng-sub7951,7951
2,leaf:religious debate#t0,The document is about religious debate.,rewrite,1954,1151,803,0,0,1.0,1.0,1.0,351,0.9236842105263158,False,1.0,False,0.00246491699363105,1.0,False,gt-err0.3,1,20ng-sub7951,7951
3,group:politics#t1,This text discusses politics.,rewrite,6078,6000,78,0,0,1.0,1.0,1.0,1200,0.9202453987730062,False,1.0,False,0.002429708023555577,1.0,False,gt-err0.3,1,20ng-sub7951,7951
4,union:gun control|medicine#u0,The document is about gun control or about medicine.,rewrite,6865,6800,65,0,0,1.0,1.0,1.0,800,0.9216589861751152,False,1.0,False,0.0020572500070557,1.0,False,gt-err0.3,1,20ng-sub7951,7951
5,group:motor vehicles#t0,The document is about motor vehicles.,exact-hit,0,0,0,0,0,1.0,1.0,1.0,800,,,,,9.167008101940155e-06,1.0,,gt-err0.3,1,20ng-sub7951,7951
6,group:politics#t1,This text discusses politics.,exact-hit,0,0,0,0,0,1.0,1.0,1.0,1200,0.9202453987730062,False,1.0,False,7.0829992182552814e-06,1.0,False,gt-err0.3,1,20ng-sub7951,7951
7,group:religion#t0,The document is about religion.,rewrite,4613,4400,213,0,0,1.0,1.0,1.0,1151,0.9204946996466431,False,0.9052997393570807,False,0.0037899170129094273,1.0,False,gt-err0.3,1,20ng-sub7951,7951
8,leaf:political debate#t1,This text discusses political debate.,rewrite,7951,800,0,7151,0,1.0,1.0,1.0,400,1.0,False,1.0,False,0.0006968750094529241,1.0,False,gt-err0.3,1,20ng-sub7951,7951
9,group:sports#t1,This text discusses sports.,rewrite,5697,5551,146,0,0,1.0,1.0,1.0,800,0.9216589861751152,False,1.0,False,0.002421792014501989,1.0,False,gt-err0.3,1,20ng-sub7951,7951
10,group:science#t1,This text discusses science.,rewrite,5253,4351,138,764,0,1.0,1.0,1.0,1600,0.9200690051753881,False,1.0,False,0.003631750005297363,1.0,False,gt-err0.3,1,20ng-sub7951,7951
11,leaf:hockey#t1,This text discusses hockey.,rewrite,5206,4800,406,0,0,1.0,1.0,1.0,400,0.9237875288683602,False,1.0,False,0.0022756250109523535,1.0,False,gt-err0.3,1,20ng-sub7951,7951
12,leaf:religious debate#t2,The passage is related to religious debate.,rewrite,3576,2800,776,0,0,1.0,1.0,1.0,351,0.9246376811594202,False,0.9088319088319088,False,0.0028230409952811897,1.0,False,gt-err0.3,1,20ng-sub7951,7951
13,leaf:political debate#t0,The document is about political debate.,rewrite,5579,5151,428,0,0,1.0,1.0,1.0,400,0.9260204081632653,False,0.9075,False,0.002690458990400657,1.0,False,gt-err0.3,1,20ng-sub7951,7951
14,leaf:items for sale#t3,This article covers the topic of items for sale.,rewrite,4203,3600,603,0,0,1.0,1.0,1.0,400,0.9259259259259259,False,1.0,False,0.0024195410078391433,1.0,False,gt-err0.3,1,20ng-sub7951,7951
15,leaf:Christianity#t3,This article covers the topic of Christianity.,rewrite,3392,2800,592,0,0,1.0,1.0,1.0,400,0.9237875288683602,False,1.0,False,0.0025431249814573675,1.0,False,gt-err0.3,1,20ng-sub7951,7951
16,union:electronics|hockey#u0,The document is about electronics or about hockey.,rewrite,4649,3151,340,1158,0,1.0,1.0,1.0,800,0.9214975845410628,False,0.95375,False,0.0036484999873209745,1.0,False,gt-err0.3,1,20ng-sub7951,7951
17,group:science#t2,The passage is related to science.,rewrite,2942,2751,191,0,0,1.0,1.0,1.0,1600,0.9204328453214513,False,0.90375,False,0.0037545000086538494,1.0,False,gt-err0.3,1,20ng-sub7951,7951
18,group:computers#t1,This text discusses computers.,rewrite,4499,4400,99,0,0,1.0,1.0,1.0,2000,0.9199632014719411,False,1.0,False,0.025729000015417114,1.0,False,gt-err0.3,1,20ng-sub7951,7951
19,union:Macintosh hardware|items for sale#u1,This text discusses either Macintosh hardware or items for sale.,rewrite,5791,5600,191,0,0,1.0,1.0,1.0,800,0.9214975845410628,False,0.95375,False,0.0029287080105859786,1.0,False,gt-err0.3,1,20ng-sub7951,7951
20,group:motor vehicles#t3,This article covers the topic of motor vehicles.,rewrite,4280,4000,280,0,0,1.0,1.0,1.0,800,0.9216589861751152,False,1.0,False,0.002550624980358407,1.0,False,gt-err0.3,1,20ng-sub7951,7951
21,group:sports#t3,This article covers the topic of sports.,rewrite,4318,1551,465,2302,0,1.0,1.0,1.0,800,0.9226869455006337,False,0.91,False,0.004560625005979091,1.0,False,gt-err0.3,1,20ng-sub7951,7951
22,group:motor vehicles#t3,This article covers the topic of motor vehicles.,exact-hit,0,0,0,0,0,1.0,1.0,1.0,800,0.9216589861751152,False,1.0,False,1.8499995348975062e-05,1.0,False,gt-err0.3,1,20ng-sub7951,7951
23,group:motor vehicles#t3,This article covers the topic of motor vehicles.,exact-hit,0,0,0,0,0,1.0,1.0,1.0,800,0.9216589861751152,False,1.0,False,4.542001988738775e-06,1.0,False,gt-err0.3,1,20ng-sub7951,7951
24,union:PC hardware|cryptography#u0,The document is about PC hardware or about cryptography.,rewrite,7951,3151,497,4303,0,1.0,1.0,1.0,800,1.0,False,1.0,False,0.0018458330014254898,1.0,False,gt-err0.3,1,20ng-sub7951,7951
25,leaf:political debate#t1,This text discusses political debate.,exact-hit,0,0,0,0,0,1.0,1.0,1.0,400,1.0,False,1.0,False,1.1458003427833319e-05,1.0,False,gt-err0.3,1,20ng-sub7951,7951
26,union:Macintosh hardware|space exploration#u1,This text discusses either Macintosh hardware or space exploration.,rewrite,6115,3951,256,1908,0,1.0,1.0,1.0,800,0.9226118500604595,False,0.95375,False,0.0038165420119185,1.0,False,gt-err0.3,1,20ng-sub7951,7951
27,leaf:baseball#t2,The passage is related to baseball.,rewrite,5906,4351,439,1116,0,1.0,1.0,1.0,400,0.9259259259259259,False,1.0,False,0.0028066670056432486,1.0,False,gt-err0.3,1,20ng-sub7951,7951
28,group:computers#t0,The document is about computers.,rewrite,2564,1600,206,758,0,1.0,1.0,1.0,2000,0.9199388067312596,False,0.902,False,0.004527415992924944,1.0,False,gt-err0.3,1,20ng-sub7951,7951
29,leaf:baseball#t3,This article covers the topic of baseball.,rewrite,5297,2000,644,2653,0,1.0,1.0,1.0,400,0.926208651399491,False,0.91,False,0.003922250005416572,1.0,False,gt-err0.3,1,20ng-sub7951,7951
30,leaf:electronics#t0,The document is about electronics.,rewrite,5256,1951,643,2662,0,1.0,1.0,1.0,400,0.9259259259259259,False,1.0,False,0.0034244160051457584,1.0,False,gt-err0.3,1,20ng-sub7951,7951
31,union:PC hardware|items for sale#u1,This text discusses either PC hardware or items for sale.,rewrite,4688,4400,288,0,0,1.0,1.0,1.0,800,0.9214975845410628,False,0.95375,False,0.003102332993876189,1.0,False,gt-err0.3,1,20ng-sub7951,7951
32,union:computer graphics|motorcycles#u0,The document is about computer graphics or about motorcycles.,rewrite,4634,1600,421,2613,0,1.0,1.0,1.0,800,0.9216589861751152,False,1.0,False,0.0041722499881871045,1.0,False,gt-err0.3,1,20ng-sub7951,7951
33,union:Macintosh hardware|electronics#u0,The document is about Macintosh hardware or about electronics.,rewrite,7951,751,823,6377,0,1.0,1.0,1.0,800,1.0,False,1.0,False,0.0024309579748660326,1.0,False,gt-err0.3,1,20ng-sub7951,7951
34,group:computers#t1,This text discusses computers.,exact-hit,0,0,0,0,0,1.0,1.0,1.0,2000,0.9199632014719411,False,1.0,False,1.200000406242907e-05,1.0,False,gt-err0.3,1,20ng-sub7951,7951
35,group:religion#t1,This text discusses religion.,rewrite,2309,2000,309,0,0,1.0,1.0,1.0,1151,0.9204946996466431,False,0.9052997393570807,False,0.004150666994974017,1.0,False,gt-err0.3,1,20ng-sub7951,7951
36,group:computers#t0,The document is about computers.,exact-hit,0,0,0,0,0,1.0,1.0,1.0,2000,0.9199388067312596,False,0.902,False,1.724998583085835e-05,1.0,False,gt-err0.3,1,20ng-sub7951,7951
37,union:Middle East affairs|items for sale#u1,This text discusses either Middle East affairs or items for sale.,rewrite,5382,4351,323,708,0,1.0,1.0,1.0,800,0.9214975845410628,False,0.95375,False,0.003968042001361027,1.0,False,gt-err0.3,1,20ng-sub7951,7951
38,leaf:the Microsoft Windows operating system#t1,This text discusses the Microsoft Windows operating system.,rewrite,5634,4000,518,1116,0,1.0,1.0,1.0,400,0.9259259259259259,False,1.0,False,0.0030487079930026084,1.0,False,gt-err0.3,1,20ng-sub7951,7951
39,group:sports#t2,The passage is related to sports.,rewrite,4723,3200,369,1154,0,1.0,1.0,1.0,800,0.9224904701397713,False,0.9075,False,0.004379541001981124,1.0,False,gt-err0.3,1,20ng-sub7951,7951
40,leaf:motorcycles#t0,The document is about motorcycles.,rewrite,6234,3551,479,2204,0,1.0,1.0,1.0,400,0.9259259259259259,False,1.0,False,0.0032902499951887876,1.0,False,gt-err0.3,1,20ng-sub7951,7951
41,group:motor vehicles#t0,The document is about motor vehicles.,exact-hit,0,0,0,0,0,1.0,1.0,1.0,800,,,,,1.624997821636498e-05,1.0,,gt-err0.3,1,20ng-sub7951,7951
42,union:Christianity|political debate#u1,This text discusses either Christianity or political debate.,rewrite,5391,3551,387,1453,0,1.0,1.0,1.0,800,0.9215922798552473,False,0.955,False,0.004161457996815443,1.0,False,gt-err0.3,1,20ng-sub7951,7951
43,group:motor vehicles#t2,The passage is related to motor vehicles.,rewrite,4995,4351,286,358,0,1.0,1.0,1.0,800,0.9221938775510204,False,0.90375,False,0.0034174999746028334,1.0,False,gt-err0.3,1,20ng-sub7951,7951
44,leaf:motorcycles#t2,The passage is related to motorcycles.,rewrite,5626,4400,468,758,0,1.0,1.0,1.0,400,0.9260204081632653,False,0.9075,False,0.0031223339901771396,1.0,False,gt-err0.3,1,20ng-sub7951,7951
45,group:motor vehicles#t1,This text discusses motor vehicles.,rewrite,4688,3200,435,1053,0,1.0,1.0,1.0,800,0.9222929936305733,False,0.905,False,0.004422250000061467,1.0,False,gt-err0.3,1,20ng-sub7951,7951
46,group:religion#t0,The document is about religion.,exact-hit,0,0,0,0,0,1.0,1.0,1.0,1151,0.9204946996466431,False,0.9052997393570807,False,1.4582998119294643e-05,1.0,False,gt-err0.3,1,20ng-sub7951,7951
47,group:sports#t3,This article covers the topic of sports.,exact-hit,0,0,0,0,0,1.0,1.0,1.0,800,0.9226869455006337,False,0.91,False,6.749993190169334e-06,1.0,False,gt-err0.3,1,20ng-sub7951,7951
48,union:Macintosh hardware|cars#u1,This text discusses either Macintosh hardware or cars.,rewrite,4703,2000,507,2196,0,1.0,1.0,1.0,800,0.9215922798552473,False,0.955,False,0.004931166011374444,1.0,False,gt-err0.3,1,20ng-sub7951,7951
49,leaf:computer graphics#t1,This text discusses computer graphics.,rewrite,5622,4400,506,716,0,1.0,1.0,1.0,400,0.9259259259259259,False,1.0,False,0.0030091250082477927,1.0,False,gt-err0.3,1,20ng-sub7951,7951
50,union:atheism|hockey#u1,This text discusses either atheism or hockey.,rewrite,4712,3600,404,708,0,1.0,1.0,1.0,800,0.9226118500604595,False,0.95375,False,0.0037372499937191606,1.0,False,gt-err0.3,1,20ng-sub7951,7951
51,leaf:items for sale#t0,The document is about items for sale.,rewrite,5960,2000,615,3345,0,1.0,1.0,1.0,400,0.9259259259259259,False,1.0,False,0.003921458002878353,1.0,False,gt-err0.3,1,20ng-sub7951,7951
52,leaf:baseball#t0,The document is about baseball.,rewrite,5307,3600,549,1158,0,1.0,1.0,1.0,400,0.9260204081632653,False,0.9075,False,0.0032081659883260727,1.0,False,gt-err0.3,1,20ng-sub7951,7951
53,union:hockey|motorcycles#u0,The document is about hockey or about motorcycles.,rewrite,4733,2400,486,1847,0,1.0,1.0,1.0,800,0.9226869455006337,False,0.91,False,0.0050077080086339265,1.0,False,gt-err0.3,1,20ng-sub7951,7951
54,group:politics#t0,The document is about politics.,rewrite,5334,3151,281,1902,0,1.0,1.0,1.0,1200,0.9204737732656514,False,0.9066666666666666,False,0.005251416994724423,1.0,False,gt-err0.3,1,20ng-sub7951,7951
55,group:motor vehicles#t1,This text discusses motor vehicles.,exact-hit,0,0,0,0,0,1.0,1.0,1.0,800,0.9222929936305733,False,0.905,False,1.1458003427833319e-05,1.0,False,gt-err0.3,1,20ng-sub7951,7951
56,leaf:atheism#t3,This article covers the topic of atheism.,rewrite,3789,2800,680,309,0,1.0,1.0,1.0,400,0.9260204081632653,False,0.9075,False,0.003261125006247312,1.0,False,gt-err0.3,1,20ng-sub7951,7951
57,union:atheism|gun control#u1,This text discusses either atheism or gun control.,rewrite,7226,4400,279,2547,0,1.0,1.0,1.0,800,0.9227053140096618,False,0.955,False,0.0044524159748107195,1.0,False,gt-err0.3,1,20ng-sub7951,7951
58,leaf:cars#t2,The passage is related to cars.,rewrite,6920,5200,307,1413,0,1.0,1.0,1.0,400,0.9259259259259259,False,1.0,False,0.0029800409974996,1.0,False,gt-err0.3,1,20ng-sub7951,7951
59,group:sports#t2,The passage is related to sports.,exact-hit,0,0,0,0,0,1.0,1.0,1.0,800,0.9224904701397713,False,0.9075,False,1.0666000889614224e-05,1.0,False,gt-err0.3,1,20ng-sub7951,7951
60,group:motor vehicles#t2,The passage is related to motor vehicles.,exact-hit,0,0,0,0,0,1.0,1.0,1.0,800,0.9221938775510204,False,0.90375,False,7.208000170066953e-06,1.0,False,gt-err0.3,1,20ng-sub7951,7951
61,group:computers#t0,The document is about computers.,exact-hit,0,0,0,0,0,1.0,1.0,1.0,2000,0.9199388067312596,False,0.902,False,5.292007699608803e-06,1.0,False,gt-err0.3,1,20ng-sub7951,7951
62,union:medicine|the Microsoft Windows operating system#u0,The document is about medicine or about the Microsoft Windows operating system.,rewrite,5059,3200,351,1508,0,1.0,1.0,1.0,800,0.9226118500604595,False,0.95375,False,0.0036464589938987046,1.0,False,gt-err0.3,1,20ng-sub7951,7951
63,union:baseball|items for sale#u0,The document is about baseball or about items for sale.,rewrite,5439,4400,331,708,0,1.0,1.0,1.0,800,0.9226118500604595,False,0.95375,False,0.003807834000326693,1.0,False,gt-err0.3,1,20ng-sub7951,7951
64,union:atheism|medicine#u1,This text discusses either atheism or medicine.,rewrite,5793,3600,340,1853,0,1.0,1.0,1.0,800,0.9215922798552473,False,0.955,False,0.00439691700739786,1.0,False,gt-err0.3,1,20ng-sub7951,7951
65,union:hockey|the X Window System#u1,This text discusses either hockey or the X Window System.,rewrite,5047,3600,331,1116,0,1.0,1.0,1.0,800,0.9216589861751152,False,1.0,False,0.00342249998357147,1.0,False,gt-err0.3,1,20ng-sub7951,7951
66,leaf:cryptography#t0,The document is about cryptography.,rewrite,6577,3551,544,2482,0,1.0,1.0,1.0,400,0.9259259259259259,False,1.0,False,0.0038425000093411654,1.0,False,gt-err0.3,1,20ng-sub7951,7951
67,leaf:motorcycles#t3,This article covers the topic of motorcycles.,rewrite,6578,4751,431,1396,0,1.0,1.0,1.0,400,0.926208651399491,False,0.91,False,0.0037778330151923,1.0,False,gt-err0.3,1,20ng-sub7951,7951
68,leaf:hockey#t1,This text discusses hockey.,exact-hit,0,0,0,0,0,1.0,1.0,1.0,400,0.9237875288683602,False,1.0,False,1.5124998753890395e-05,1.0,False,gt-err0.3,1,20ng-sub7951,7951
69,leaf:baseball#t2,The passage is related to baseball.,exact-hit,0,0,0,0,0,1.0,1.0,1.0,400,0.9259259259259259,False,1.0,False,5.332985892891884e-06,1.0,False,gt-err0.3,1,20ng-sub7951,7951
70,group:motor vehicles#t0,The document is about motor vehicles.,exact-hit,0,0,0,0,0,1.0,1.0,1.0,800,,,,,4.458008334040642e-06,1.0,,gt-err0.3,1,20ng-sub7951,7951
71,leaf:the Microsoft Windows operating system#t2,The passage is related to the Microsoft Windows operating system.,rewrite,6247,4351,492,1404,0,1.0,1.0,1.0,400,0.9259259259259259,False,1.0,False,0.003261957986978814,1.0,False,gt-err0.3,1,20ng-sub7951,7951
72,leaf:motorcycles#t2,The passage is related to motorcycles.,exact-hit,0,0,0,0,0,1.0,1.0,1.0,400,0.9260204081632653,False,0.9075,False,1.675001112744212e-05,1.0,False,gt-err0.3,1,20ng-sub7951,7951
73,group:sports#t2,The passage is related to sports.,exact-hit,0,0,0,0,0,1.0,1.0,1.0,800,0.9224904701397713,False,0.9075,False,5.542009603232145e-06,1.0,False,gt-err0.3,1,20ng-sub7951,7951
74,union:Macintosh hardware|electronics#u1,This text discusses either Macintosh hardware or electronics.,rewrite,6488,4751,284,1453,0,1.0,1.0,1.0,800,0.9227053140096618,False,0.955,False,0.004411208996316418,1.0,False,gt-err0.3,1,20ng-sub7951,7951
75,leaf:Christianity#t3,This article covers the topic of Christianity.,exact-hit,0,0,0,0,0,1.0,1.0,1.0,400,0.9237875288683602,False,1.0,False,1.1083000572398305e-05,1.0,False,gt-err0.3,1,20ng-sub7951,7951
76,group:sports#t2,The passage is related to sports.,exact-hit,0,0,0,0,0,1.0,1.0,1.0,800,0.9224904701397713,False,0.9075,False,6.832997314631939e-06,1.0,False,gt-err0.3,1,20ng-sub7951,7951
77,leaf:religious debate#t3,This article covers the topic of religious debate.,rewrite,6984,4400,388,2196,0,1.0,1.0,1.0,351,0.9273255813953488,False,0.9088319088319088,False,0.0038386249798350036,1.0,False,gt-err0.3,1,20ng-sub7951,7951
78,union:atheism|baseball#u1,This text discusses either atheism or baseball.,rewrite,5405,4751,300,354,0,1.0,1.0,1.0,800,0.9224904701397713,False,0.9075,False,0.004040542000439018,1.0,False,gt-err0.3,1,20ng-sub7951,7951
79,leaf:items for sale#t2,The passage is related to items for sale.,rewrite,6289,3600,544,2145,0,1.0,1.0,1.0,400,0.9259259259259259,False,1.0,False,0.003875333000905812,1.0,False,gt-err0.3,1,20ng-sub7951,7951
80,union:Macintosh hardware|religious debate#u0,The document is about Macintosh hardware or about religious debate.,rewrite,6904,6000,196,708,0,1.0,1.0,1.0,751,0.9217948717948717,False,0.9573901464713716,False,0.003845291998004541,1.0,False,gt-err0.3,1,20ng-sub7951,7951
81,group:motor vehicles#t1,This text discusses motor vehicles.,exact-hit,0,0,0,0,0,1.0,1.0,1.0,800,0.9222929936305733,False,0.905,False,1.8708000425249338e-05,1.0,False,gt-err0.3,1,20ng-sub7951,7951
82,leaf:cars#t0,The document is about cars.,rewrite,6619,4400,415,1804,0,1.0,1.0,1.0,400,0.9259259259259259,False,1.0,False,0.0035083750262856483,1.0,False,gt-err0.3,1,20ng-sub7951,7951
83,leaf:PC hardware#t0,The document is about PC hardware.,rewrite,6577,4000,481,2096,0,1.0,1.0,1.0,400,0.9259259259259259,False,1.0,False,0.0038108339940663427,1.0,False,gt-err0.3,1,20ng-sub7951,7951
84,group:religion#t2,The passage is related to religion.,rewrite,4690,4000,339,351,0,1.0,1.0,1.0,1151,0.9216549295774648,False,0.9096437880104257,False,0.005293083988362923,1.0,False,gt-err0.3,1,20ng-sub7951,7951
85,union:Christianity|hockey#u0,The document is about Christianity or about hockey.,rewrite,5438,3200,442,1796,0,1.0,1.0,1.0,800,0.9215922798552473,False,0.955,False,0.022351208986947313,1.0,False,gt-err0.3,1,20ng-sub7951,7951
86,group:religion#t0,The document is about religion.,exact-hit,0,0,0,0,0,1.0,1.0,1.0,1151,0.9204946996466431,False,0.9052997393570807,False,1.9500002963468432e-05,1.0,False,gt-err0.3,1,20ng-sub7951,7951
87,union:atheism|computer graphics#u1,This text discusses either atheism or computer graphics.,rewrite,6160,5200,252,708,0,1.0,1.0,1.0,800,0.9214975845410628,False,0.95375,False,0.004259416979039088,1.0,False,gt-err0.3,1,20ng-sub7951,7951
88,union:motorcycles|political debate#u1,This text discusses either motorcycles or political debate.,rewrite,6533,4800,280,1453,0,1.0,1.0,1.0,800,0.9215922798552473,False,0.955,False,0.004810458020074293,1.0,False,gt-err0.3,1,20ng-sub7951,7951
89,group:motor vehicles#t0,The document is about motor vehicles.,exact-hit,0,0,0,0,0,1.0,1.0,1.0,800,,,,,2.0207982743158937e-05,1.0,,gt-err0.3,1,20ng-sub7951,7951
90,union:PC hardware|political debate#u0,The document is about PC hardware or about political debate.,rewrite,5469,2400,481,2588,0,1.0,1.0,1.0,800,0.9226869455006337,False,0.91,False,0.03428770799655467,1.0,False,gt-err0.3,1,20ng-sub7951,7951
91,leaf:Macintosh hardware#t0,The document is about Macintosh hardware.,rewrite,6619,5200,357,1062,0,1.0,1.0,1.0,400,0.9259259259259259,False,1.0,False,0.0033298330090474337,1.0,False,gt-err0.3,1,20ng-sub7951,7951
92,leaf:items for sale#t1,This text discusses items for sale.,rewrite,6298,3600,494,2204,0,1.0,1.0,1.0,400,0.9259259259259259,False,1.0,False,0.011161333008203655,1.0,False,gt-err0.3,1,20ng-sub7951,7951
93,leaf:the Microsoft Windows operating system#t0,The document is about the Microsoft Windows operating system.,rewrite,5975,3600,467,1908,0,1.0,1.0,1.0,400,0.9260204081632653,False,0.9075,False,0.0036715409951284528,1.0,False,gt-err0.3,1,20ng-sub7951,7951
94,leaf:the Microsoft Windows operating system#t1,This text discusses the Microsoft Windows operating system.,exact-hit,0,0,0,0,0,1.0,1.0,1.0,400,0.9259259259259259,False,1.0,False,1.966700074262917e-05,1.0,False,gt-err0.3,1,20ng-sub7951,7951
95,group:computers#t3,This article covers the topic of computers.,rewrite,5344,3551,242,1551,0,1.0,1.0,1.0,2000,0.9202334630350194,False,0.946,False,0.0064244169916491956,1.0,False,gt-err0.3,1,20ng-sub7951,7951
96,leaf:PC hardware#t1,This text discusses PC hardware.,rewrite,6299,5200,391,708,0,1.0,1.0,1.0,400,0.9260204081632653,False,0.9075,False,0.0034225000126753002,1.0,False,gt-err0.3,1,20ng-sub7951,7951
97,leaf:cars#t2,The passage is related to cars.,exact-hit,0,0,0,0,0,1.0,1.0,1.0,400,0.9259259259259259,False,1.0,False,9.749986929818988e-06,1.0,False,gt-err0.3,1,20ng-sub7951,7951
98,union:Christianity|items for sale#u0,The document is about Christianity or about items for sale.,rewrite,5391,3600,387,1404,0,1.0,1.0,1.0,800,0.9215922798552473,False,0.955,False,0.004183334007393569,1.0,False,gt-err0.3,1,20ng-sub7951,7951
99,group:politics#t2,The passage is related to politics.,rewrite,4637,3200,390,1047,0,1.0,1.0,1.0,1200,0.9212531752751905,False,0.9066666666666666,False,0.005798208003398031,1.0,False,gt-err0.3,1,20ng-sub7951,7951
100,leaf:gun control#t2,The passage is related to gun control.,rewrite,7257,3151,424,3682,0,1.0,1.0,1.0,400,0.9259259259259259,False,1.0,False,0.00415766701917164,1.0,False,gt-err0.3,1,20ng-sub7951,7951
101,union:Middle East affairs|items for sale#u1,This text discusses either Middle East affairs or items for sale.,exact-hit,0,0,0,0,0,1.0,1.0,1.0,800,0.9214975845410628,False,0.95375,False,1.6833015251904726e-05,1.0,False,gt-err0.3,1,20ng-sub7951,7951
102,leaf:computer graphics#t3,This article covers the topic of computer graphics.,rewrite,6627,4400,374,1853,0,1.0,1.0,1.0,400,0.926208651399491,False,0.91,False,0.003728791984030977,1.0,False,gt-err0.3,1,20ng-sub7951,7951
103,leaf:religious debate#t3,This article covers the topic of religious debate.,exact-hit,0,0,0,0,0,1.0,1.0,1.0,351,0.9273255813953488,False,0.9088319088319088,False,1.6874982975423336e-05,1.0,False,gt-err0.3,1,20ng-sub7951,7951
104,leaf:atheism#t3,This article covers the topic of atheism.,exact-hit,0,0,0,0,0,1.0,1.0,1.0,400,0.9260204081632653,False,0.9075,False,7.374997949227691e-06,1.0,False,gt-err0.3,1,20ng-sub7951,7951
105,group:religion#t1,This text discusses religion.,exact-hit,0,0,0,0,0,1.0,1.0,1.0,1151,0.9204946996466431,False,0.9052997393570807,False,4.1669991333037615e-06,1.0,False,gt-err0.3,1,20ng-sub7951,7951
106,union:hockey|items for sale#u0,The document is about hockey or about items for sale.,rewrite,5754,4351,350,1053,0,1.0,1.0,1.0,800,0.9215922798552473,False,0.955,False,0.004489667015150189,1.0,False,gt-err0.3,1,20ng-sub7951,7951
107,group:motor vehicles#t0,The document is about motor vehicles.,exact-hit,0,0,0,0,0,1.0,1.0,1.0,800,,,,,1.1666998034343123e-05,1.0,,gt-err0.3,1,20ng-sub7951,7951
108,union:space exploration|the Microsoft Windows operating system#u1,This text discusses either space exploration or the Microsoft Windows operating system.,rewrite,6463,2400,490,3573,0,1.0,1.0,1.0,800,0.9216589861751152,False,1.0,False,0.005667624995112419,1.0,False,gt-err0.3,1,20ng-sub7951,7951
109,group:sports#t2,The passage is related to sports.,exact-hit,0,0,0,0,0,1.0,1.0,1.0,800,0.9224904701397713,False,0.9075,False,2.8417009161785245e-05,1.0,False,gt-err0.3,1,20ng-sub7951,7951
110,group:sports#t1,This text discusses sports.,exact-hit,0,0,0,0,0,1.0,1.0,1.0,800,0.9216589861751152,False,1.0,False,1.070898724719882e-05,1.0,False,gt-err0.3,1,20ng-sub7951,7951
111,leaf:atheism#t3,This article covers the topic of atheism.,exact-hit,0,0,0,0,0,1.0,1.0,1.0,400,0.9260204081632653,False,0.9075,False,4.6670029405504465e-06,1.0,False,gt-err0.3,1,20ng-sub7951,7951
112,leaf:Middle East affairs#t2,The passage is related to Middle East affairs.,rewrite,7599,5151,303,2145,0,1.0,1.0,1.0,400,0.9259259259259259,False,1.0,False,0.003587999992305413,1.0,False,gt-err0.3,1,20ng-sub7951,7951
113,union:Macintosh hardware|motorcycles#u1,This text discusses either Macintosh hardware or motorcycles.,rewrite,7199,5200,303,1696,0,1.0,1.0,1.0,800,0.922722029988466,False,1.0,False,0.015132792002987117,1.0,False,gt-err0.3,1,20ng-sub7951,7951
114,union:political debate|religious debate#u0,The document is about political debate or about religious debate.,rewrite,5086,4800,286,0,0,1.0,1.0,1.0,751,0.9229781771501926,False,0.9573901464713716,False,0.003671333019156009,1.0,False,gt-err0.3,1,20ng-sub7951,7951
115,leaf:gun control#t3,This article covers the topic of gun control.,rewrite,3465,2800,665,0,0,1.0,1.0,1.0,400,0.9237875288683602,False,1.0,False,0.003198833001079038,1.0,False,gt-err0.3,1,20ng-sub7951,7951
116,leaf:medicine#t2,The passage is related to medicine.,rewrite,6627,4400,374,1853,0,1.0,1.0,1.0,400,0.926208651399491,False,0.91,False,0.0071649169840384275,1.0,False,gt-err0.3,1,20ng-sub7951,7951
117,group:politics#t1,This text discusses politics.,exact-hit,0,0,0,0,0,1.0,1.0,1.0,1200,0.9202453987730062,False,1.0,False,1.879199407994747e-05,1.0,False,gt-err0.3,1,20ng-sub7951,7951
118,group:science#t2,The passage is related to science.,exact-hit,0,0,0,0,0,1.0,1.0,1.0,1600,0.9204328453214513,False,0.90375,False,7.2499969974160194e-06,1.0,False,gt-err0.3,1,20ng-sub7951,7951
119,group:religion#t0,The document is about religion.,exact-hit,0,0,0,0,0,1.0,1.0,1.0,1151,0.9204946996466431,False,0.9052997393570807,False,7.124996045604348e-06,1.0,False,gt-err0.3,1,20ng-sub7951,7951
0,group:motor vehicles#t0,The document is about motor vehicles.,cold,7951,7951,0,0,0,1.0,1.0,1.0,800,,,,,0.0003182090003974736,1.0,,gt-err0.3,0.5,20ng-sub7951,7951
1,group:religion#t3,This article covers the topic of religion.,rewrite,7178,7151,27,0,0,1.0,1.0,1.0,1151,0.9200639488409272,False,1.0,False,0.002192332991398871,1.0,False,gt-err0.3,0.5,20ng-sub7951,7951
2,leaf:religious debate#t0,The document is about religious debate.,rewrite,1954,1151,803,0,0,1.0,1.0,1.0,351,0.9236842105263158,False,1.0,False,0.002491334016667679,1.0,False,gt-err0.3,0.5,20ng-sub7951,7951
3,group:politics#t1,This text discusses politics.,rewrite,6078,6000,78,0,0,1.0,1.0,1.0,1200,0.9202453987730062,False,1.0,False,0.0024060829891823232,1.0,False,gt-err0.3,0.5,20ng-sub7951,7951
4,union:gun control|medicine#u0,The document is about gun control or about medicine.,rewrite,6865,6800,65,0,0,1.0,1.0,1.0,800,0.9216589861751152,False,1.0,False,0.0021314590121619403,1.0,False,gt-err0.3,0.5,20ng-sub7951,7951
5,group:motor vehicles#t0,The document is about motor vehicles.,exact-hit,0,0,0,0,0,1.0,1.0,1.0,800,,,,,1.2041011359542608e-05,1.0,,gt-err0.3,0.5,20ng-sub7951,7951
6,group:politics#t1,This text discusses politics.,exact-hit,0,0,0,0,0,1.0,1.0,1.0,1200,0.9202453987730062,False,1.0,False,4.458008334040642e-06,1.0,False,gt-err0.3,0.5,20ng-sub7951,7951
7,group:religion#t0,The document is about religion.,rewrite,4613,4400,213,0,0,1.0,1.0,1.0,1151,0.9204946996466431,False,0.9052997393570807,False,0.0037191250012256205,1.0,False,gt-err0.3,0.5,20ng-sub7951,7951
8,leaf:political debate#t1,This text discusses political debate.,rewrite,7951,800,0,7151,0,1.0,1.0,1.0,400,1.0,False,1.0,False,0.0006588750111404806,1.0,False,gt-err0.3,0.5,20ng-sub7951,7951
9,group:sports#t1,This text discusses sports.,rewrite,5697,5551,146,0,0,1.0,1.0,1.0,800,0.9216589861751152,False,1.0,False,0.0025130419817287475,1.0,False,gt-err0.3,0.5,20ng-sub7951,7951
10,group:science#t1,This text discusses science.,rewrite,5253,4351,138,764,0,1.0,1.0,1.0,1600,0.9200690051753881,False,1.0,False,0.003659040987258777,1.0,False,gt-err0.3,0.5,20ng-sub7951,7951
11,leaf:hockey#t1,This text discusses hockey.,rewrite,5206,4800,406,0,0,1.0,1.0,1.0,400,0.9237875288683602,False,1.0,False,0.002343542000744492,1.0,False,gt-err0.3,0.5,20ng-sub7951,7951
12,leaf:religious debate#t2,The passage is related to religious debate.,rewrite,3576,2800,776,0,0,1.0,1.0,1.0,351,0.9246376811594202,False,0.9088319088319088,False,0.0028202089888509363,1.0,False,gt-err0.3,0.5,20ng-sub7951,7951
13,leaf:political debate#t0,The document is about political debate.,rewrite,5579,5151,428,0,0,1.0,1.0,1.0,400,0.9260204081632653,False,0.9075,False,0.0027114170079585165,1.0,False,gt-err0.3,0.5,20ng-sub7951,7951
14,leaf:items for sale#t3,This article covers the topic of items for sale.,rewrite,4203,3600,603,0,0,1.0,1.0,1.0,400,0.9259259259259259,False,1.0,False,0.0024478340055793524,1.0,False,gt-err0.3,0.5,20ng-sub7951,7951
15,leaf:Christianity#t3,This article covers the topic of Christianity.,rewrite,3392,2800,592,0,0,1.0,1.0,1.0,400,0.9237875288683602,False,1.0,False,0.002591124997707084,1.0,False,gt-err0.3,0.5,20ng-sub7951,7951
16,union:electronics|hockey#u0,The document is about electronics or about hockey.,rewrite,4649,3151,340,1158,0,1.0,1.0,1.0,800,0.9214975845410628,False,0.95375,False,0.004105625004740432,1.0,False,gt-err0.3,0.5,20ng-sub7951,7951
17,group:science#t2,The passage is related to science.,rewrite,2942,2751,191,0,0,1.0,1.0,1.0,1600,0.9204328453214513,False,0.90375,False,0.0038604170258622617,1.0,False,gt-err0.3,0.5,20ng-sub7951,7951
18,group:computers#t1,This text discusses computers.,rewrite,4499,4400,99,0,0,1.0,1.0,1.0,2000,0.9199632014719411,False,1.0,False,0.0029832499858457595,1.0,False,gt-err0.3,0.5,20ng-sub7951,7951
19,union:Macintosh hardware|items for sale#u1,This text discusses either Macintosh hardware or items for sale.,rewrite,5791,5600,191,0,0,1.0,1.0,1.0,800,0.9214975845410628,False,0.95375,False,0.0029429580026771873,1.0,False,gt-err0.3,0.5,20ng-sub7951,7951
20,group:motor vehicles#t3,This article covers the topic of motor vehicles.,rewrite,4280,4000,280,0,0,1.0,1.0,1.0,800,0.9216589861751152,False,1.0,False,0.012707917019724846,1.0,False,gt-err0.3,0.5,20ng-sub7951,7951
21,group:sports#t3,This article covers the topic of sports.,rewrite,4318,1551,465,2302,0,1.0,1.0,1.0,800,0.9226869455006337,False,0.91,False,0.00496141699841246,1.0,False,gt-err0.3,0.5,20ng-sub7951,7951
22,group:motor vehicles#t3,This article covers the topic of motor vehicles.,exact-hit,0,0,0,0,0,1.0,1.0,1.0,800,0.9216589861751152,False,1.0,False,1.533300383016467e-05,1.0,False,gt-err0.3,0.5,20ng-sub7951,7951
23,group:motor vehicles#t3,This article covers the topic of motor vehicles.,exact-hit,0,0,0,0,0,1.0,1.0,1.0,800,0.9216589861751152,False,1.0,False,4.458008334040642e-06,1.0,False,gt-err0.3,0.5,20ng-sub7951,7951
24,union:PC hardware|cryptography#u0,The document is about PC hardware or about cryptography.,rewrite,7951,3151,497,4303,0,1.0,1.0,1.0,800,1.0,False,1.0,False,0.0019697080133482814,1.0,False,gt-err0.3,0.5,20ng-sub7951,7951
25,leaf:political debate#t1,This text discusses political debate.,exact-hit,0,0,0,0,0,1.0,1.0,1.0,400,1.0,False,1.0,False,8.666014764457941e-06,1.0,False,gt-err0.3,0.5,20ng-sub7951,7951
26,union:Macintosh hardware|space exploration#u1,This text discusses either Macintosh hardware or space exploration.,rewrite,6115,3951,256,1908,0,1.0,1.0,1.0,800,0.9226118500604595,False,0.95375,False,0.003964083996834233,1.0,False,gt-err0.3,0.5,20ng-sub7951,7951
27,leaf:baseball#t2,The passage is related to baseball.,rewrite,5906,4351,439,1116,0,1.0,1.0,1.0,400,0.9259259259259259,False,1.0,False,0.0029858750058338046,1.0,False,gt-err0.3,0.5,20ng-sub7951,7951
28,group:computers#t0,The document is about computers.,rewrite,2564,1600,206,758,0,1.0,1.0,1.0,2000,0.9199388067312596,False,0.902,False,0.005008709005778655,1.0,False,gt-err0.3,0.5,20ng-sub7951,7951
29,leaf:baseball#t3,This article covers the topic of baseball.,rewrite,5297,2000,644,2653,0,1.0,1.0,1.0,400,0.926208651399491,False,0.91,False,0.003992082987679169,1.0,False,gt-err0.3,0.5,20ng-sub7951,7951
30,leaf:electronics#t0,The document is about electronics.,rewrite,5256,1951,643,2662,0,1.0,1.0,1.0,400,0.9259259259259259,False,1.0,False,0.0035813750000670552,1.0,False,gt-err0.3,0.5,20ng-sub7951,7951
31,union:PC hardware|items for sale#u1,This text discusses either PC hardware or items for sale.,rewrite,4688,4400,288,0,0,1.0,1.0,1.0,800,0.9214975845410628,False,0.95375,False,0.00313108300906606,1.0,False,gt-err0.3,0.5,20ng-sub7951,7951
32,union:computer graphics|motorcycles#u0,The document is about computer graphics or about motorcycles.,rewrite,4634,1600,421,2613,0,1.0,1.0,1.0,800,0.9216589861751152,False,1.0,False,0.004170792002696544,1.0,False,gt-err0.3,0.5,20ng-sub7951,7951
33,union:Macintosh hardware|electronics#u0,The document is about Macintosh hardware or about electronics.,rewrite,4649,3551,340,758,0,1.0,1.0,1.0,800,0.9214975845410628,False,0.95375,False,0.0038055420154705644,1.0,False,gt-err0.3,0.5,20ng-sub7951,7951
34,group:computers#t1,This text discusses computers.,exact-hit,0,0,0,0,0,1.0,1.0,1.0,2000,0.9199632014719411,False,1.0,False,2.0042003598064184e-05,1.0,False,gt-err0.3,0.5,20ng-sub7951,7951
35,group:religion#t1,This text discusses religion.,rewrite,4250,3600,296,354,0,1.0,1.0,1.0,1151,0.9213780918727915,False,0.9061685490877498,False,0.028187041025375947,1.0,False,gt-err0.3,0.5,20ng-sub7951,7951
36,group:computers#t0,The document is about computers.,exact-hit,0,0,0,0,0,1.0,1.0,1.0,2000,0.9199388067312596,False,0.902,False,2.2333988454192877e-05,1.0,False,gt-err0.3,0.5,20ng-sub7951,7951
37,union:Middle East affairs|items for sale#u1,This text discusses either Middle East affairs or items for sale.,rewrite,5382,4351,323,708,0,1.0,1.0,1.0,800,0.9214975845410628,False,0.95375,False,0.004089583992026746,1.0,False,gt-err0.3,0.5,20ng-sub7951,7951
38,leaf:the Microsoft Windows operating system#t1,This text discusses the Microsoft Windows operating system.,rewrite,5634,4000,518,1116,0,1.0,1.0,1.0,400,0.9259259259259259,False,1.0,False,0.01922791701508686,1.0,False,gt-err0.3,0.5,20ng-sub7951,7951
39,group:sports#t2,The passage is related to sports.,rewrite,4723,3200,369,1154,0,1.0,1.0,1.0,800,0.9224904701397713,False,0.9075,False,0.013026040978729725,1.0,False,gt-err0.3,0.5,20ng-sub7951,7951
40,leaf:motorcycles#t0,The document is about motorcycles.,rewrite,6234,3551,479,2204,0,1.0,1.0,1.0,400,0.9259259259259259,False,1.0,False,0.0036361669772304595,1.0,False,gt-err0.3,0.5,20ng-sub7951,7951
41,group:motor vehicles#t0,The document is about motor vehicles.,exact-hit,0,0,0,0,0,1.0,1.0,1.0,800,,,,,1.7167010810226202e-05,1.0,,gt-err0.3,0.5,20ng-sub7951,7951
42,union:Christianity|political debate#u1,This text discusses either Christianity or political debate.,rewrite,5391,3551,387,1453,0,1.0,1.0,1.0,800,0.9215922798552473,False,0.955,False,0.004625208996003494,1.0,False,gt-err0.3,0.5,20ng-sub7951,7951
43,group:motor vehicles#t2,The passage is related to motor vehicles.,rewrite,4995,4351,286,358,0,1.0,1.0,1.0,800,0.9221938775510204,False,0.90375,False,0.02599954098695889,1.0,False,gt-err0.3,0.5,20ng-sub7951,7951
44,leaf:motorcycles#t2,The passage is related to motorcycles.,rewrite,5626,4400,468,758,0,1.0,1.0,1.0,400,0.9260204081632653,False,0.9075,False,0.0469570409914013,1.0,False,gt-err0.3,0.5,20ng-sub7951,7951
45,group:motor vehicles#t1,This text discusses motor vehicles.,rewrite,4688,3200,435,1053,0,1.0,1.0,1.0,800,0.9222929936305733,False,0.905,False,0.048930333025055006,1.0,False,gt-err0.3,0.5,20ng-sub7951,7951
46,group:religion#t0,The document is about religion.,exact-hit,0,0,0,0,0,1.0,1.0,1.0,1151,0.9204946996466431,False,0.9052997393570807,False,2.0957988454028964e-05,1.0,False,gt-err0.3,0.5,20ng-sub7951,7951
47,group:sports#t3,This article covers the topic of sports.,exact-hit,0,0,0,0,0,1.0,1.0,1.0,800,0.9226869455006337,False,0.91,False,7.166992872953415e-06,1.0,False,gt-err0.3,0.5,20ng-sub7951,7951
48,union:Macintosh hardware|cars#u1,This text discusses either Macintosh hardware or cars.,rewrite,4703,2000,507,2196,0,1.0,1.0,1.0,800,0.9215922798552473,False,0.955,False,0.07076279202010483,1.0,False,gt-err0.3,0.5,20ng-sub7951,7951
49,leaf:computer graphics#t1,This text discusses computer graphics.,rewrite,5622,4400,506,716,0,1.0,1.0,1.0,400,0.9259259259259259,False,1.0,False,0.003180082974722609,1.0,False,gt-err0.3,0.5,20ng-sub7951,7951
50,union:atheism|hockey#u1,This text discusses either atheism or hockey.,rewrite,4712,3600,404,708,0,1.0,1.0,1.0,800,0.9226118500604595,False,0.95375,False,0.004117583011975512,1.0,False,gt-err0.3,0.5,20ng-sub7951,7951
51,leaf:items for sale#t0,The document is about items for sale.,rewrite,5960,2000,615,3345,0,1.0,1.0,1.0,400,0.9259259259259259,False,1.0,False,0.004000999993877485,1.0,False,gt-err0.3,0.5,20ng-sub7951,7951
52,leaf:baseball#t0,The document is about baseball.,rewrite,5307,3600,549,1158,0,1.0,1.0,1.0,400,0.9260204081632653,False,0.9075,False,0.05250245801289566,1.0,False,gt-err0.3,0.5,20ng-sub7951,7951
53,union:hockey|motorcycles#u0,The document is about hockey or about motorcycles.,rewrite,4733,2400,486,1847,0,1.0,1.0,1.0,800,0.9226869455006337,False,0.91,False,0.005769832991063595,1.0,False,gt-err0.3,0.5,20ng-sub7951,7951
54,group:politics#t0,The document is about politics.,rewrite,5334,3151,281,1902,0,1.0,1.0,1.0,1200,0.9204737732656514,False,0.9066666666666666,False,0.0054815410112496465,1.0,False,gt-err0.3,0.5,20ng-sub7951,7951
55,group:motor vehicles#t1,This text discusses motor vehicles.,exact-hit,0,0,0,0,0,1.0,1.0,1.0,800,0.9222929936305733,False,0.905,False,2.1832995116710663e-05,1.0,False,gt-err0.3,0.5,20ng-sub7951,7951
56,leaf:atheism#t3,This article covers the topic of atheism.,rewrite,6258,5200,399,659,0,1.0,1.0,1.0,400,0.9260204081632653,False,0.9075,False,0.02060983399860561,1.0,False,gt-err0.3,0.5,20ng-sub7951,7951
57,union:atheism|gun control#u1,This text discusses either atheism or gun control.,rewrite,7226,4400,279,2547,0,1.0,1.0,1.0,800,0.9227053140096618,False,0.955,False,0.00796129199443385,1.0,False,gt-err0.3,0.5,20ng-sub7951,7951
58,leaf:cars#t2,The passage is related to cars.,rewrite,6920,5200,307,1413,0,1.0,1.0,1.0,400,0.9259259259259259,False,1.0,False,0.0034707919985521585,1.0,False,gt-err0.3,0.5,20ng-sub7951,7951
59,group:sports#t2,The passage is related to sports.,exact-hit,0,0,0,0,0,1.0,1.0,1.0,800,0.9224904701397713,False,0.9075,False,1.2749980669468641e-05,1.0,False,gt-err0.3,0.5,20ng-sub7951,7951
60,group:motor vehicles#t2,The passage is related to motor vehicles.,exact-hit,0,0,0,0,0,1.0,1.0,1.0,800,0.9221938775510204,False,0.90375,False,5.416019121184945e-06,1.0,False,gt-err0.3,0.5,20ng-sub7951,7951
61,group:computers#t0,The document is about computers.,exact-hit,0,0,0,0,0,1.0,1.0,1.0,2000,0.9199388067312596,False,0.902,False,6.792019121348858e-06,1.0,False,gt-err0.3,0.5,20ng-sub7951,7951
62,union:medicine|the Microsoft Windows operating system#u0,The document is about medicine or about the Microsoft Windows operating system.,rewrite,5059,3200,351,1508,0,1.0,1.0,1.0,800,0.9226118500604595,False,0.95375,False,0.017535666993353516,1.0,False,gt-err0.3,0.5,20ng-sub7951,7951
63,union:baseball|items for sale#u0,The document is about baseball or about items for sale.,rewrite,5439,4400,331,708,0,1.0,1.0,1.0,800,0.9226118500604595,False,0.95375,False,0.004292375000659376,1.0,False,gt-err0.3,0.5,20ng-sub7951,7951
64,union:atheism|medicine#u1,This text discusses either atheism or medicine.,rewrite,5793,3600,340,1853,0,1.0,1.0,1.0,800,0.9215922798552473,False,0.955,False,0.004661875020246953,1.0,False,gt-err0.3,0.5,20ng-sub7951,7951
65,union:hockey|the X Window System#u1,This text discusses either hockey or the X Window System.,rewrite,5047,3600,331,1116,0,1.0,1.0,1.0,800,0.9216589861751152,False,1.0,False,0.0035945000126957893,1.0,False,gt-err0.3,0.5,20ng-sub7951,7951
66,leaf:cryptography#t0,The document is about cryptography.,rewrite,6577,3551,544,2482,0,1.0,1.0,1.0,400,0.9259259259259259,False,1.0,False,0.003969165991293266,1.0,False,gt-err0.3,0.5,20ng-sub7951,7951
67,leaf:motorcycles#t3,This article covers the topic of motorcycles.,rewrite,6578,4751,431,1396,0,1.0,1.0,1.0,400,0.926208651399491,False,0.91,False,0.003989958000602201,1.0,False,gt-err0.3,0.5,20ng-sub7951,7951
68,leaf:hockey#t1,This text discusses hockey.,exact-hit,0,0,0,0,0,1.0,1.0,1.0,400,0.9237875288683602,False,1.0,False,1.1833995813503861e-05,1.0,False,gt-err0.3,0.5,20ng-sub7951,7951
69,leaf:baseball#t2,The passage is related to baseball.,exact-hit,0,0,0,0,0,1.0,1.0,1.0,400,0.9259259259259259,False,1.0,False,6.667018169537187e-06,1.0,False,gt-err0.3,0.5,20ng-sub7951,7951
70,group:motor vehicles#t0,The document is about motor vehicles.,exact-hit,0,0,0,0,0,1.0,1.0,1.0,800,,,,,6.4159976318478584e-06,1.0,,gt-err0.3,0.5,20ng-sub7951,7951
71,leaf:the Microsoft Windows operating system#t2,The passage is related to the Microsoft Windows operating system.,rewrite,6247,4351,492,1404,0,1.0,1.0,1.0,400,0.9259259259259259,False,1.0,False,0.0034304579894524068,1.0,False,gt-err0.3,0.5,20ng-sub7951,7951
72,leaf:motorcycles#t2,The passage is related to motorcycles.,exact-hit,0,0,0,0,0,1.0,1.0,1.0,400,0.9260204081632653,False,0.9075,False,1.9875005818903446e-05,1.0,False,gt-err0.3,0.5,20ng-sub7951,7951
73,group:sports#t2,The passage is related to sports.,exact-hit,0,0,0,0,0,1.0,1.0,1.0,800,0.9224904701397713,False,0.9075,False,7.2499969974160194e-06,1.0,False,gt-err0.3,0.5,20ng-sub7951,7951
74,union:Macintosh hardware|electronics#u1,This text discusses either Macintosh hardware or electronics.,rewrite,6488,4751,284,1453,0,1.0,1.0,1.0,800,0.9227053140096618,False,0.955,False,0.009446167008718476,1.0,False,gt-err0.3,0.5,20ng-sub7951,7951
75,leaf:Christianity#t3,This article covers the topic of Christianity.,exact-hit,0,0,0,0,0,1.0,1.0,1.0,400,0.9237875288683602,False,1.0,False,2.4250010028481483e-05,1.0,False,gt-err0.3,0.5,20ng-sub7951,7951
76,group:sports#t2,The passage is related to sports.,exact-hit,0,0,0,0,0,1.0,1.0,1.0,800,0.9224904701397713,False,0.9075,False,5.499983672052622e-06,1.0,False,gt-err0.3,0.5,20ng-sub7951,7951
77,leaf:religious debate#t3,This article covers the topic of religious debate.,rewrite,6984,4400,388,2196,0,1.0,1.0,1.0,351,0.9273255813953488,False,0.9088319088319088,False,0.003975166997406632,1.0,False,gt-err0.3,0.5,20ng-sub7951,7951
78,union:atheism|baseball#u1,This text discusses either atheism or baseball.,rewrite,5405,4751,300,354,0,1.0,1.0,1.0,800,0.9224904701397713,False,0.9075,False,0.00418995798099786,1.0,False,gt-err0.3,0.5,20ng-sub7951,7951
79,leaf:items for sale#t2,The passage is related to items for sale.,rewrite,6289,3600,544,2145,0,1.0,1.0,1.0,400,0.9259259259259259,False,1.0,False,0.003777875012019649,1.0,False,gt-err0.3,0.5,20ng-sub7951,7951
80,union:Macintosh hardware|religious debate#u0,The document is about Macintosh hardware or about religious debate.,rewrite,6904,6000,196,708,0,1.0,1.0,1.0,751,0.9217948717948717,False,0.9573901464713716,False,0.03440016700187698,1.0,False,gt-err0.3,0.5,20ng-sub7951,7951
81,group:motor vehicles#t1,This text discusses motor vehicles.,exact-hit,0,0,0,0,0,1.0,1.0,1.0,800,0.9222929936305733,False,0.905,False,1.2917007552459836e-05,1.0,False,gt-err0.3,0.5,20ng-sub7951,7951
82,leaf:cars#t0,The document is about cars.,rewrite,6619,4400,415,1804,0,1.0,1.0,1.0,400,0.9259259259259259,False,1.0,False,0.003516541008139029,1.0,False,gt-err0.3,0.5,20ng-sub7951,7951
83,leaf:PC hardware#t0,The document is about PC hardware.,rewrite,6577,4000,481,2096,0,1.0,1.0,1.0,400,0.9259259259259259,False,1.0,False,0.009578291996149346,1.0,False,gt-err0.3,0.5,20ng-sub7951,7951
84,group:religion#t2,The passage is related to religion.,rewrite,4690,4000,339,351,0,1.0,1.0,1.0,1151,0.9216549295774648,False,0.9096437880104257,False,0.031001374998595566,1.0,False,gt-err0.3,0.5,20ng-sub7951,7951
85,union:Christianity|hockey#u0,The document is about Christianity or about hockey.,rewrite,5438,3200,442,1796,0,1.0,1.0,1.0,800,0.9215922798552473,False,0.955,False,0.005308166000759229,1.0,False,gt-err0.3,0.5,20ng-sub7951,7951
86,group:religion#t0,The document is about religion.,exact-hit,0,0,0,0,0,1.0,1.0,1.0,1151,0.9204946996466431,False,0.9052997393570807,False,1.5291007002815604e-05,1.0,False,gt-err0.3,0.5,20ng-sub7951,7951
87,union:atheism|computer graphics#u1,This text discusses either atheism or computer graphics.,rewrite,6160,5200,252,708,0,1.0,1.0,1.0,800,0.9214975845410628,False,0.95375,False,0.004136500007007271,1.0,False,gt-err0.3,0.5,20ng-sub7951,7951
88,union:motorcycles|political debate#u1,This text discusses either motorcycles or political debate.,rewrite,6533,4800,280,1453,0,1.0,1.0,1.0,800,0.9215922798552473,False,0.955,False,0.004697291005868465,1.0,False,gt-err0.3,0.5,20ng-sub7951,7951
89,group:motor vehicles#t0,The document is about motor vehicles.,exact-hit,0,0,0,0,0,1.0,1.0,1.0,800,,,,,1.7875019693747163e-05,1.0,,gt-err0.3,0.5,20ng-sub7951,7951
90,union:PC hardware|political debate#u0,The document is about PC hardware or about political debate.,rewrite,5469,2400,481,2588,0,1.0,1.0,1.0,800,0.9226869455006337,False,0.91,False,0.02051995901274495,1.0,False,gt-err0.3,0.5,20ng-sub7951,7951
91,leaf:Macintosh hardware#t0,The document is about Macintosh hardware.,rewrite,6619,5200,357,1062,0,1.0,1.0,1.0,400,0.9259259259259259,False,1.0,False,0.0033103750029113144,1.0,False,gt-err0.3,0.5,20ng-sub7951,7951
92,leaf:items for sale#t1,This text discusses items for sale.,rewrite,6298,3600,494,2204,0,1.0,1.0,1.0,400,0.9259259259259259,False,1.0,False,0.003742250002687797,1.0,False,gt-err0.3,0.5,20ng-sub7951,7951
93,leaf:the Microsoft Windows operating system#t0,The document is about the Microsoft Windows operating system.,rewrite,5975,3600,467,1908,0,1.0,1.0,1.0,400,0.9260204081632653,False,0.9075,False,0.0036930420028511435,1.0,False,gt-err0.3,0.5,20ng-sub7951,7951
94,leaf:the Microsoft Windows operating system#t1,This text discusses the Microsoft Windows operating system.,exact-hit,0,0,0,0,0,1.0,1.0,1.0,400,0.9259259259259259,False,1.0,False,1.8999999156221747e-05,1.0,False,gt-err0.3,0.5,20ng-sub7951,7951
95,group:computers#t3,This article covers the topic of computers.,rewrite,5344,3551,242,1551,0,1.0,1.0,1.0,2000,0.9202334630350194,False,0.946,False,0.006304832990281284,1.0,False,gt-err0.3,0.5,20ng-sub7951,7951
96,leaf:PC hardware#t1,This text discusses PC hardware.,rewrite,6299,5200,391,708,0,1.0,1.0,1.0,400,0.9260204081632653,False,0.9075,False,0.0036661250051110983,1.0,False,gt-err0.3,0.5,20ng-sub7951,7951
97,leaf:cars#t2,The passage is related to cars.,exact-hit,0,0,0,0,0,1.0,1.0,1.0,400,0.9259259259259259,False,1.0,False,1.7416983610019088e-05,1.0,False,gt-err0.3,0.5,20ng-sub7951,7951
98,union:Christianity|items for sale#u0,The document is about Christianity or about items for sale.,rewrite,5391,3600,387,1404,0,1.0,1.0,1.0,800,0.9215922798552473,False,0.955,False,0.004645042004995048,1.0,False,gt-err0.3,0.5,20ng-sub7951,7951
99,group:politics#t2,The passage is related to politics.,rewrite,4637,3200,390,1047,0,1.0,1.0,1.0,1200,0.9212531752751905,False,0.9066666666666666,False,0.01152545798686333,1.0,False,gt-err0.3,0.5,20ng-sub7951,7951
100,leaf:gun control#t2,The passage is related to gun control.,rewrite,7257,3151,424,3682,0,1.0,1.0,1.0,400,0.9259259259259259,False,1.0,False,0.004275291023077443,1.0,False,gt-err0.3,0.5,20ng-sub7951,7951
101,union:Middle East affairs|items for sale#u1,This text discusses either Middle East affairs or items for sale.,exact-hit,0,0,0,0,0,1.0,1.0,1.0,800,0.9214975845410628,False,0.95375,False,1.791701652109623e-05,1.0,False,gt-err0.3,0.5,20ng-sub7951,7951
102,leaf:computer graphics#t3,This article covers the topic of computer graphics.,rewrite,6627,4400,374,1853,0,1.0,1.0,1.0,400,0.926208651399491,False,0.91,False,0.004716458992334083,1.0,False,gt-err0.3,0.5,20ng-sub7951,7951
103,leaf:religious debate#t3,This article covers the topic of religious debate.,exact-hit,0,0,0,0,0,1.0,1.0,1.0,351,0.9273255813953488,False,0.9088319088319088,False,1.8999999156221747e-05,1.0,False,gt-err0.3,0.5,20ng-sub7951,7951
104,leaf:atheism#t3,This article covers the topic of atheism.,exact-hit,0,0,0,0,0,1.0,1.0,1.0,400,0.9260204081632653,False,0.9075,False,7.750000804662704e-06,1.0,False,gt-err0.3,0.5,20ng-sub7951,7951
105,group:religion#t1,This text discusses religion.,exact-hit,0,0,0,0,0,1.0,1.0,1.0,1151,0.9213780918727915,False,0.9061685490877498,False,6.54099858365953e-06,1.0,False,gt-err0.3,0.5,20ng-sub7951,7951
106,union:hockey|items for sale#u0,The document is about hockey or about items for sale.,rewrite,5754,4351,350,1053,0,1.0,1.0,1.0,800,0.9215922798552473,False,0.955,False,0.00471599999582395,1.0,False,gt-err0.3,0.5,20ng-sub7951,7951
107,group:motor vehicles#t0,The document is about motor vehicles.,exact-hit,0,0,0,0,0,1.0,1.0,1.0,800,,,,,2.0583014702424407e-05,1.0,,gt-err0.3,0.5,20ng-sub7951,7951
108,union:space exploration|the Microsoft Windows operating system#u1,This text discusses either space exploration or the Microsoft Windows operating system.,rewrite,6463,2400,490,3573,0,1.0,1.0,1.0,800,0.9216589861751152,False,1.0,False,0.00574983298429288,1.0,False,gt-err0.3,0.5,20ng-sub7951,7951
109,group:sports#t2,The passage is related to sports.,exact-hit,0,0,0,0,0,1.0,1.0,1.0,800,0.9224904701397713,False,0.9075,False,1.7999991541728377e-05,1.0,False,gt-err0.3,0.5,20ng-sub7951,7951
110,group:sports#t1,This text discusses sports.,exact-hit,0,0,0,0,0,1.0,1.0,1.0,800,0.9216589861751152,False,1.0,False,4.375004209578037e-06,1.0,False,gt-err0.3,0.5,20ng-sub7951,7951
111,leaf:atheism#t3,This article covers the topic of atheism.,exact-hit,0,0,0,0,0,1.0,1.0,1.0,400,0.9260204081632653,False,0.9075,False,6.999995093792677e-06,1.0,False,gt-err0.3,0.5,20ng-sub7951,7951
112,leaf:Middle East affairs#t2,The passage is related to Middle East affairs.,rewrite,7599,5151,303,2145,0,1.0,1.0,1.0,400,0.9259259259259259,False,1.0,False,0.0036787910212296993,1.0,False,gt-err0.3,0.5,20ng-sub7951,7951
113,union:Macintosh hardware|motorcycles#u1,This text discusses either Macintosh hardware or motorcycles.,rewrite,7199,5200,303,1696,0,1.0,1.0,1.0,800,0.922722029988466,False,1.0,False,0.004753084009280428,1.0,False,gt-err0.3,0.5,20ng-sub7951,7951
114,union:political debate|religious debate#u0,The document is about political debate or about religious debate.,rewrite,5086,4800,286,0,0,1.0,1.0,1.0,751,0.9229781771501926,False,0.9573901464713716,False,0.003593583998735994,1.0,False,gt-err0.3,0.5,20ng-sub7951,7951
115,leaf:gun control#t3,This article covers the topic of gun control.,rewrite,5337,3600,684,1053,0,1.0,1.0,1.0,400,0.926208651399491,False,0.91,False,0.004344082990428433,1.0,False,gt-err0.3,0.5,20ng-sub7951,7951
116,leaf:medicine#t2,The passage is related to medicine.,rewrite,6627,4400,374,1853,0,1.0,1.0,1.0,400,0.926208651399491,False,0.91,False,0.004023291985504329,1.0,False,gt-err0.3,0.5,20ng-sub7951,7951
117,group:politics#t1,This text discusses politics.,exact-hit,0,0,0,0,0,1.0,1.0,1.0,1200,0.9202453987730062,False,1.0,False,1.8499995348975062e-05,1.0,False,gt-err0.3,0.5,20ng-sub7951,7951
118,group:science#t2,The passage is related to science.,exact-hit,0,0,0,0,0,1.0,1.0,1.0,1600,0.9204328453214513,False,0.90375,False,8.625007467344403e-06,1.0,False,gt-err0.3,0.5,20ng-sub7951,7951
119,group:religion#t0,The document is about religion.,exact-hit,0,0,0,0,0,1.0,1.0,1.0,1151,0.9204946996466431,False,0.9052997393570807,False,5.749985575675964e-06,1.0,False,gt-err0.3,0.5,20ng-sub7951,7951
0,group:motor vehicles#t0,The document is about motor vehicles.,cold,7951,7951,0,0,0,1.0,1.0,1.0,800,,,,,0.0003236670163460076,1.0,,gt-err0.3,0.25,20ng-sub7951,7951
1,group:religion#t3,This article covers the topic of religion.,rewrite,7178,7151,27,0,0,1.0,1.0,1.0,1151,0.9200639488409272,False,1.0,False,0.03211633302271366,1.0,False,gt-err0.3,0.25,20ng-sub7951,7951
2,leaf:religious debate#t0,The document is about religious debate.,rewrite,1954,1151,803,0,0,1.0,1.0,1.0,351,0.9236842105263158,False,1.0,False,0.0028765409952029586,1.0,False,gt-err0.3,0.25,20ng-sub7951,7951
3,group:politics#t1,This text discusses politics.,rewrite,6078,6000,78,0,0,1.0,1.0,1.0,1200,0.9202453987730062,False,1.0,False,0.0025076250021811575,1.0,False,gt-err0.3,0.25,20ng-sub7951,7951
4,union:gun control|medicine#u0,The document is about gun control or about medicine.,rewrite,6865,6800,65,0,0,1.0,1.0,1.0,800,0.9216589861751152,False,1.0,False,0.0022010419925209135,1.0,False,gt-err0.3,0.25,20ng-sub7951,7951
5,group:motor vehicles#t0,The document is about motor vehicles.,exact-hit,0,0,0,0,0,1.0,1.0,1.0,800,,,,,1.679101842455566e-05,1.0,,gt-err0.3,0.25,20ng-sub7951,7951
6,group:politics#t1,This text discusses politics.,exact-hit,0,0,0,0,0,1.0,1.0,1.0,1200,0.9202453987730062,False,1.0,False,7.2499969974160194e-06,1.0,False,gt-err0.3,0.25,20ng-sub7951,7951
7,group:religion#t0,The document is about religion.,rewrite,4613,4400,213,0,0,1.0,1.0,1.0,1151,0.9204946996466431,False,0.9052997393570807,False,0.052536791015882045,1.0,False,gt-err0.3,0.25,20ng-sub7951,7951
8,leaf:political debate#t1,This text discusses political debate.,rewrite,7951,800,0,7151,0,1.0,1.0,1.0,400,1.0,False,1.0,False,0.001237541000591591,1.0,False,gt-err0.3,0.25,20ng-sub7951,7951
9,group:sports#t1,This text discusses sports.,rewrite,5697,5551,146,0,0,1.0,1.0,1.0,800,0.9216589861751152,False,1.0,False,0.00529412500327453,1.0,False,gt-err0.3,0.25,20ng-sub7951,7951
10,group:science#t1,This text discusses science.,rewrite,5253,4351,138,764,0,1.0,1.0,1.0,1600,0.9200690051753881,False,1.0,False,0.004105667001567781,1.0,False,gt-err0.3,0.25,20ng-sub7951,7951
11,leaf:hockey#t1,This text discusses hockey.,rewrite,5206,4800,406,0,0,1.0,1.0,1.0,400,0.9237875288683602,False,1.0,False,0.0025407499924767762,1.0,False,gt-err0.3,0.25,20ng-sub7951,7951
12,leaf:religious debate#t2,The passage is related to religious debate.,rewrite,3576,2800,776,0,0,1.0,1.0,1.0,351,0.9246376811594202,False,0.9088319088319088,False,0.05248204100644216,1.0,False,gt-err0.3,0.25,20ng-sub7951,7951
13,leaf:political debate#t0,The document is about political debate.,rewrite,5579,5151,428,0,0,1.0,1.0,1.0,400,0.9260204081632653,False,0.9075,False,0.002960124984383583,1.0,False,gt-err0.3,0.25,20ng-sub7951,7951
14,leaf:items for sale#t3,This article covers the topic of items for sale.,rewrite,4203,3600,603,0,0,1.0,1.0,1.0,400,0.9259259259259259,False,1.0,False,0.0025401250168215483,1.0,False,gt-err0.3,0.25,20ng-sub7951,7951
15,leaf:Christianity#t3,This article covers the topic of Christianity.,rewrite,3392,2800,592,0,0,1.0,1.0,1.0,400,0.9237875288683602,False,1.0,False,0.027387957990868017,1.0,False,gt-err0.3,0.25,20ng-sub7951,7951
16,union:electronics|hockey#u0,The document is about electronics or about hockey.,rewrite,4649,3151,340,1158,0,1.0,1.0,1.0,800,0.9214975845410628,False,0.95375,False,0.004020124993985519,1.0,False,gt-err0.3,0.25,20ng-sub7951,7951
17,group:science#t2,The passage is related to science.,rewrite,2942,2751,191,0,0,1.0,1.0,1.0,1600,0.9204328453214513,False,0.90375,False,0.004104499996174127,1.0,False,gt-err0.3,0.25,20ng-sub7951,7951
18,group:computers#t1,This text discusses computers.,rewrite,4499,4400,99,0,0,1.0,1.0,1.0,2000,0.9199632014719411,False,1.0,False,0.003094958985457197,1.0,False,gt-err0.3,0.25,20ng-sub7951,7951
19,union:Macintosh hardware|items for sale#u1,This text discusses either Macintosh hardware or items for sale.,rewrite,5791,5600,191,0,0,1.0,1.0,1.0,800,0.9214975845410628,False,0.95375,False,0.008801042014965788,1.0,False,gt-err0.3,0.25,20ng-sub7951,7951
20,group:motor vehicles#t3,This article covers the topic of motor vehicles.,rewrite,4280,4000,280,0,0,1.0,1.0,1.0,800,0.9216589861751152,False,1.0,False,0.002837000007275492,1.0,False,gt-err0.3,0.25,20ng-sub7951,7951
21,group:sports#t3,This article covers the topic of sports.,rewrite,4318,1551,465,2302,0,1.0,1.0,1.0,800,0.9226869455006337,False,0.91,False,0.016128291987115517,1.0,False,gt-err0.3,0.25,20ng-sub7951,7951
22,group:motor vehicles#t3,This article covers the topic of motor vehicles.,exact-hit,0,0,0,0,0,1.0,1.0,1.0,800,0.9216589861751152,False,1.0,False,2.2249994799494743e-05,1.0,False,gt-err0.3,0.25,20ng-sub7951,7951
23,group:motor vehicles#t3,This article covers the topic of motor vehicles.,exact-hit,0,0,0,0,0,1.0,1.0,1.0,800,0.9216589861751152,False,1.0,False,2.933302312158048e-05,1.0,False,gt-err0.3,0.25,20ng-sub7951,7951
24,union:PC hardware|cryptography#u0,The document is about PC hardware or about cryptography.,rewrite,7951,3151,497,4303,0,1.0,1.0,1.0,800,1.0,False,1.0,False,0.017752624989952892,1.0,False,gt-err0.3,0.25,20ng-sub7951,7951
25,leaf:political debate#t1,This text discusses political debate.,exact-hit,0,0,0,0,0,1.0,1.0,1.0,400,1.0,False,1.0,False,1.9917002646252513e-05,1.0,False,gt-err0.3,0.25,20ng-sub7951,7951
26,union:Macintosh hardware|space exploration#u1,This text discusses either Macintosh hardware or space exploration.,rewrite,6115,3951,256,1908,0,1.0,1.0,1.0,800,0.9226118500604595,False,0.95375,False,0.010958875005599111,1.0,False,gt-err0.3,0.25,20ng-sub7951,7951
27,leaf:baseball#t2,The passage is related to baseball.,rewrite,5906,4351,439,1116,0,1.0,1.0,1.0,400,0.9259259259259259,False,1.0,False,0.003274874994531274,1.0,False,gt-err0.3,0.25,20ng-sub7951,7951
28,group:computers#t0,The document is about computers.,rewrite,2564,1600,206,758,0,1.0,1.0,1.0,2000,0.9199388067312596,False,0.902,False,0.005347375001292676,1.0,False,gt-err0.3,0.25,20ng-sub7951,7951
29,leaf:baseball#t3,This article covers the topic of baseball.,rewrite,5297,2000,644,2653,0,1.0,1.0,1.0,400,0.926208651399491,False,0.91,False,0.004080249986145645,1.0,False,gt-err0.3,0.25,20ng-sub7951,7951
30,leaf:electronics#t0,The document is about electronics.,rewrite,5256,1951,643,2662,0,1.0,1.0,1.0,400,0.9259259259259259,False,1.0,False,0.0035509160079527646,1.0,False,gt-err0.3,0.25,20ng-sub7951,7951
31,union:PC hardware|items for sale#u1,This text discusses either PC hardware or items for sale.,rewrite,4688,4400,288,0,0,1.0,1.0,1.0,800,0.9214975845410628,False,0.95375,False,0.032339500001398847,1.0,False,gt-err0.3,0.25,20ng-sub7951,7951
32,union:computer graphics|motorcycles#u0,The document is about computer graphics or about motorcycles.,rewrite,4634,1600,421,2613,0,1.0,1.0,1.0,800,0.9216589861751152,False,1.0,False,0.004590875003486872,1.0,False,gt-err0.3,0.25,20ng-sub7951,7951
33,union:Macintosh hardware|electronics#u0,The document is about Macintosh hardware or about electronics.,rewrite,4649,3551,340,758,0,1.0,1.0,1.0,800,0.9214975845410628,False,0.95375,False,0.0040260419773403555,1.0,False,gt-err0.3,0.25,20ng-sub7951,7951
34,group:computers#t1,This text discusses computers.,exact-hit,0,0,0,0,0,1.0,1.0,1.0,2000,0.9199632014719411,False,1.0,False,2.4374981876462698e-05,1.0,False,gt-err0.3,0.25,20ng-sub7951,7951
35,group:religion#t1,This text discusses religion.,rewrite,4250,3600,296,354,0,1.0,1.0,1.0,1151,0.9213780918727915,False,0.9061685490877498,False,0.0048802910023368895,1.0,False,gt-err0.3,0.25,20ng-sub7951,7951
36,group:computers#t0,The document is about computers.,exact-hit,0,0,0,0,0,1.0,1.0,1.0,2000,0.9199388067312596,False,0.902,False,2.0417006453499198e-05,1.0,False,gt-err0.3,0.25,20ng-sub7951,7951
37,union:Middle East affairs|items for sale#u1,This text discusses either Middle East affairs or items for sale.,rewrite,5382,4351,323,708,0,1.0,1.0,1.0,800,0.9214975845410628,False,0.95375,False,0.004190417006611824,1.0,False,gt-err0.3,0.25,20ng-sub7951,7951
38,leaf:the Microsoft Windows operating system#t1,This text discusses the Microsoft Windows operating system.,rewrite,5634,4000,518,1116,0,1.0,1.0,1.0,400,0.9259259259259259,False,1.0,False,0.029620333021739498,1.0,False,gt-err0.3,0.25,20ng-sub7951,7951
39,group:sports#t2,The passage is related to sports.,rewrite,4723,3200,369,1154,0,1.0,1.0,1.0,800,0.9224904701397713,False,0.9075,False,0.0068876660079695284,1.0,False,gt-err0.3,0.25,20ng-sub7951,7951
40,leaf:motorcycles#t0,The document is about motorcycles.,rewrite,6234,3551,479,2204,0,1.0,1.0,1.0,400,0.9259259259259259,False,1.0,False,0.003737332997843623,1.0,False,gt-err0.3,0.25,20ng-sub7951,7951
41,group:motor vehicles#t0,The document is about motor vehicles.,exact-hit,0,0,0,0,0,1.0,1.0,1.0,800,,,,,1.3249984476715326e-05,1.0,,gt-err0.3,0.25,20ng-sub7951,7951
42,union:Christianity|political debate#u1,This text discusses either Christianity or political debate.,rewrite,5391,3551,387,1453,0,1.0,1.0,1.0,800,0.9215922798552473,False,0.955,False,0.004660874983528629,1.0,False,gt-err0.3,0.25,20ng-sub7951,7951
43,group:motor vehicles#t2,The passage is related to motor vehicles.,rewrite,4995,4351,286,358,0,1.0,1.0,1.0,800,0.9221938775510204,False,0.90375,False,0.030444417003309354,1.0,False,gt-err0.3,0.25,20ng-sub7951,7951
44,leaf:motorcycles#t2,The passage is related to motorcycles.,rewrite,5626,4400,468,758,0,1.0,1.0,1.0,400,0.9260204081632653,False,0.9075,False,0.00349579201429151,1.0,False,gt-err0.3,0.25,20ng-sub7951,7951
45,group:motor vehicles#t1,This text discusses motor vehicles.,rewrite,4688,3200,435,1053,0,1.0,1.0,1.0,800,0.9222929936305733,False,0.905,False,0.0049627920088823885,1.0,False,gt-err0.3,0.25,20ng-sub7951,7951
46,group:religion#t0,The document is about religion.,exact-hit,0,0,0,0,0,1.0,1.0,1.0,1151,0.9204946996466431,False,0.9052997393570807,False,1.8874998204410076e-05,1.0,False,gt-err0.3,0.25,20ng-sub7951,7951
47,group:sports#t3,This article covers the topic of sports.,exact-hit,0,0,0,0,0,1.0,1.0,1.0,800,0.9226869455006337,False,0.91,False,8.25000461190939e-06,1.0,False,gt-err0.3,0.25,20ng-sub7951,7951
48,union:Macintosh hardware|cars#u1,This text discusses either Macintosh hardware or cars.,rewrite,4703,2000,507,2196,0,1.0,1.0,1.0,800,0.9215922798552473,False,0.955,False,0.03756812500068918,1.0,False,gt-err0.3,0.25,20ng-sub7951,7951
49,leaf:computer graphics#t1,This text discusses computer graphics.,rewrite,5622,4400,506,716,0,1.0,1.0,1.0,400,0.9259259259259259,False,1.0,False,0.014726624998729676,1.0,False,gt-err0.3,0.25,20ng-sub7951,7951
50,union:atheism|hockey#u1,This text discusses either atheism or hockey.,rewrite,4712,3600,404,708,0,1.0,1.0,1.0,800,0.9226118500604595,False,0.95375,False,0.009521500003756955,1.0,False,gt-err0.3,0.25,20ng-sub7951,7951
51,leaf:items for sale#t0,The document is about items for sale.,rewrite,5960,2000,615,3345,0,1.0,1.0,1.0,400,0.9259259259259259,False,1.0,False,0.004347875015810132,1.0,False,gt-err0.3,0.25,20ng-sub7951,7951
52,leaf:baseball#t0,The document is about baseball.,rewrite,5307,3600,549,1158,0,1.0,1.0,1.0,400,0.9260204081632653,False,0.9075,False,0.003577374998712912,1.0,False,gt-err0.3,0.25,20ng-sub7951,7951
53,union:hockey|motorcycles#u0,The document is about hockey or about motorcycles.,rewrite,4733,2400,486,1847,0,1.0,1.0,1.0,800,0.9226869455006337,False,0.91,False,0.005474790988955647,1.0,False,gt-err0.3,0.25,20ng-sub7951,7951
54,group:politics#t0,The document is about politics.,rewrite,5334,3151,281,1902,0,1.0,1.0,1.0,1200,0.9204737732656514,False,0.9066666666666666,False,0.024148208991391584,1.0,False,gt-err0.3,0.25,20ng-sub7951,7951
55,group:motor vehicles#t1,This text discusses motor vehicles.,exact-hit,0,0,0,0,0,1.0,1.0,1.0,800,0.9222929936305733,False,0.905,False,2.3917004000395536e-05,1.0,False,gt-err0.3,0.25,20ng-sub7951,7951
56,leaf:atheism#t3,This article covers the topic of atheism.,rewrite,6258,5200,399,659,0,1.0,1.0,1.0,400,0.9260204081632653,False,0.9075,False,0.020992750010918826,1.0,False,gt-err0.3,0.25,20ng-sub7951,7951
57,union:atheism|gun control#u1,This text discusses either atheism or gun control.,rewrite,7226,4400,279,2547,0,1.0,1.0,1.0,800,0.9227053140096618,False,0.955,False,0.009375958004966378,1.0,False,gt-err0.3,0.25,20ng-sub7951,7951
58,leaf:cars#t2,The passage is related to cars.,rewrite,6920,5200,307,1413,0,1.0,1.0,1.0,400,0.9259259259259259,False,1.0,False,0.004906582995317876,1.0,False,gt-err0.3,0.25,20ng-sub7951,7951
59,group:sports#t2,The passage is related to sports.,exact-hit,0,0,0,0,0,1.0,1.0,1.0,800,0.9224904701397713,False,0.9075,False,1.8082995666190982e-05,1.0,False,gt-err0.3,0.25,20ng-sub7951,7951
60,group:motor vehicles#t2,The passage is related to motor vehicles.,exact-hit,0,0,0,0,0,1.0,1.0,1.0,800,0.9221938775510204,False,0.90375,False,6.624992238357663e-06,1.0,False,gt-err0.3,0.25,20ng-sub7951,7951
61,group:computers#t0,The document is about computers.,exact-hit,0,0,0,0,0,1.0,1.0,1.0,2000,0.9199388067312596,False,0.902,False,6.125017534941435e-06,1.0,False,gt-err0.3,0.25,20ng-sub7951,7951
62,union:medicine|the Microsoft Windows operating system#u0,The document is about medicine or about the Microsoft Windows operating system.,rewrite,5059,3200,351,1508,0,1.0,1.0,1.0,800,0.9226118500604595,False,0.95375,False,0.004843417002120987,1.0,False,gt-err0.3,0.25,20ng-sub7951,7951
63,union:baseball|items for sale#u0,The document is about baseball or about items for sale.,rewrite,5439,4400,331,708,0,1.0,1.0,1.0,800,0.9226118500604595,False,0.95375,False,0.004292124998755753,1.0,False,gt-err0.3,0.25,20ng-sub7951,7951
64,union:atheism|medicine#u1,This text discusses either atheism or medicine.,rewrite,5793,3600,340,1853,0,1.0,1.0,1.0,800,0.9215922798552473,False,0.955,False,0.004805292002856731,1.0,False,gt-err0.3,0.25,20ng-sub7951,7951
65,union:hockey|the X Window System#u1,This text discusses either hockey or the X Window System.,rewrite,5047,3600,331,1116,0,1.0,1.0,1.0,800,0.9216589861751152,False,1.0,False,0.02488712500780821,1.0,False,gt-err0.3,0.25,20ng-sub7951,7951
66,leaf:cryptography#t0,The document is about cryptography.,rewrite,6577,3551,544,2482,0,1.0,1.0,1.0,400,0.9259259259259259,False,1.0,False,0.0043341249984223396,1.0,False,gt-err0.3,0.25,20ng-sub7951,7951
67,leaf:motorcycles#t3,This article covers the topic of motorcycles.,rewrite,6578,4751,431,1396,0,1.0,1.0,1.0,400,0.926208651399491,False,0.91,False,0.004216249973978847,1.0,False,gt-err0.3,0.25,20ng-sub7951,7951
68,leaf:hockey#t1,This text discusses hockey.,exact-hit,0,0,0,0,0,1.0,1.0,1.0,400,0.9237875288683602,False,1.0,False,1.3415992725640535e-05,1.0,False,gt-err0.3,0.25,20ng-sub7951,7951
69,leaf:baseball#t2,The passage is related to baseball.,exact-hit,0,0,0,0,0,1.0,1.0,1.0,400,0.9259259259259259,False,1.0,False,4.3749751057475805e-06,1.0,False,gt-err0.3,0.25,20ng-sub7951,7951
70,group:motor vehicles#t0,The document is about motor vehicles.,exact-hit,0,0,0,0,0,1.0,1.0,1.0,800,,,,,4.708010237663984e-06,1.0,,gt-err0.3,0.25,20ng-sub7951,7951
71,leaf:the Microsoft Windows operating system#t2,The passage is related to the Microsoft Windows operating system.,rewrite,6247,4351,492,1404,0,1.0,1.0,1.0,400,0.9259259259259259,False,1.0,False,0.02690450000227429,1.0,False,gt-err0.3,0.25,20ng-sub7951,7951
72,leaf:motorcycles#t2,The passage is related to motorcycles.,exact-hit,0,0,0,0,0,1.0,1.0,1.0,400,0.9260204081632653,False,0.9075,False,1.604200224392116e-05,1.0,False,gt-err0.3,0.25,20ng-sub7951,7951
73,group:sports#t2,The passage is related to sports.,exact-hit,0,0,0,0,0,1.0,1.0,1.0,800,0.9224904701397713,False,0.9075,False,5.541020072996616e-06,1.0,False,gt-err0.3,0.25,20ng-sub7951,7951
74,union:Macintosh hardware|electronics#u1,This text discusses either Macintosh hardware or electronics.,rewrite,6488,4751,284,1453,0,1.0,1.0,1.0,800,0.9227053140096618,False,0.955,False,0.004660333011997864,1.0,False,gt-err0.3,0.25,20ng-sub7951,7951
75,leaf:Christianity#t3,This article covers the topic of Christianity.,exact-hit,0,0,0,0,0,1.0,1.0,1.0,400,0.9237875288683602,False,1.0,False,1.2792006600648165e-05,1.0,False,gt-err0.3,0.25,20ng-sub7951,7951
76,group:sports#t2,The passage is related to sports.,exact-hit,0,0,0,0,0,1.0,1.0,1.0,800,0.9224904701397713,False,0.9075,False,4.62500611320138e-06,1.0,False,gt-err0.3,0.25,20ng-sub7951,7951
77,leaf:religious debate#t3,This article covers the topic of religious debate.,rewrite,6984,4400,388,2196,0,1.0,1.0,1.0,351,0.9273255813953488,False,0.9088319088319088,False,0.039042375021381304,1.0,False,gt-err0.3,0.25,20ng-sub7951,7951
78,union:atheism|baseball#u1,This text discusses either atheism or baseball.,rewrite,5405,4751,300,354,0,1.0,1.0,1.0,800,0.9224904701397713,False,0.9075,False,0.006158542004413903,1.0,False,gt-err0.3,0.25,20ng-sub7951,7951
79,leaf:items for sale#t2,The passage is related to items for sale.,rewrite,6289,3600,544,2145,0,1.0,1.0,1.0,400,0.9259259259259259,False,1.0,False,0.0041947090066969395,1.0,False,gt-err0.3,0.25,20ng-sub7951,7951
80,union:Macintosh hardware|religious debate#u0,The document is about Macintosh hardware or about religious debate.,rewrite,6904,6000,196,708,0,1.0,1.0,1.0,751,0.9217948717948717,False,0.9573901464713716,False,0.0040593339945189655,1.0,False,gt-err0.3,0.25,20ng-sub7951,7951
81,group:motor vehicles#t1,This text discusses motor vehicles.,exact-hit,0,0,0,0,0,1.0,1.0,1.0,800,0.9222929936305733,False,0.905,False,1.2416014214977622e-05,1.0,False,gt-err0.3,0.25,20ng-sub7951,7951
82,leaf:cars#t0,The document is about cars.,rewrite,6619,4400,415,1804,0,1.0,1.0,1.0,400,0.9259259259259259,False,1.0,False,0.0035808749962598085,1.0,False,gt-err0.3,0.25,20ng-sub7951,7951
83,leaf:PC hardware#t0,The document is about PC hardware.,rewrite,6577,4000,481,2096,0,1.0,1.0,1.0,400,0.9259259259259259,False,1.0,False,0.003934333013603464,1.0,False,gt-err0.3,0.25,20ng-sub7951,7951
84,group:religion#t2,The passage is related to religion.,rewrite,4690,4000,339,351,0,1.0,1.0,1.0,1151,0.9216549295774648,False,0.9096437880104257,False,0.005678209010511637,1.0,False,gt-err0.3,0.25,20ng-sub7951,7951
85,union:Christianity|hockey#u0,The document is about Christianity or about hockey.,rewrite,5438,3200,442,1796,0,1.0,1.0,1.0,800,0.9215922798552473,False,0.955,False,0.06348254097974859,1.0,False,gt-err0.3,0.25,20ng-sub7951,7951
86,group:religion#t0,The document is about religion.,exact-hit,0,0,0,0,0,1.0,1.0,1.0,1151,0.9204946996466431,False,0.9052997393570807,False,1.624997821636498e-05,1.0,False,gt-err0.3,0.25,20ng-sub7951,7951
87,union:atheism|computer graphics#u1,This text discusses either atheism or computer graphics.,rewrite,6160,5200,252,708,0,1.0,1.0,1.0,800,0.9214975845410628,False,0.95375,False,0.004397290991619229,1.0,False,gt-err0.3,0.25,20ng-sub7951,7951
88,union:motorcycles|political debate#u1,This text discusses either motorcycles or political debate.,rewrite,6533,4800,280,1453,0,1.0,1.0,1.0,800,0.9215922798552473,False,0.955,False,0.004610332980519161,1.0,False,gt-err0.3,0.25,20ng-sub7951,7951
89,group:motor vehicles#t0,The document is about motor vehicles.,exact-hit,0,0,0,0,0,1.0,1.0,1.0,800,,,,,1.1625001206994057e-05,1.0,,gt-err0.3,0.25,20ng-sub7951,7951
90,union:PC hardware|political debate#u0,The document is about PC hardware or about political debate.,rewrite,5469,2400,481,2588,0,1.0,1.0,1.0,800,0.9226869455006337,False,0.91,False,0.005745125003159046,1.0,False,gt-err0.3,0.25,20ng-sub7951,7951
91,leaf:Macintosh hardware#t0,The document is about Macintosh hardware.,rewrite,6619,5200,357,1062,0,1.0,1.0,1.0,400,0.9259259259259259,False,1.0,False,0.0030258749902714044,1.0,False,gt-err0.3,0.25,20ng-sub7951,7951
92,leaf:items for sale#t1,This text discusses items for sale.,rewrite,6298,3600,494,2204,0,1.0,1.0,1.0,400,0.9259259259259259,False,1.0,False,0.00349874998209998,1.0,False,gt-err0.3,0.25,20ng-sub7951,7951
93,leaf:the Microsoft Windows operating system#t0,The document is about the Microsoft Windows operating system.,rewrite,5975,3600,467,1908,0,1.0,1.0,1.0,400,0.9260204081632653,False,0.9075,False,0.003488000016659498,1.0,False,gt-err0.3,0.25,20ng-sub7951,7951
94,leaf:the Microsoft Windows operating system#t1,This text discusses the Microsoft Windows operating system.,exact-hit,0,0,0,0,0,1.0,1.0,1.0,400,0.9259259259259259,False,1.0,False,1.1166994227096438e-05,1.0,False,gt-err0.3,0.25,20ng-sub7951,7951
95,group:computers#t3,This article covers the topic of computers.,rewrite,5344,3551,242,1551,0,1.0,1.0,1.0,2000,0.9202334630350194,False,0.946,False,0.006327084003714845,1.0,False,gt-err0.3,0.25,20ng-sub7951,7951
96,leaf:PC hardware#t1,This text discusses PC hardware.,rewrite,6299,5200,391,708,0,1.0,1.0,1.0,400,0.9260204081632653,False,0.9075,False,0.0034886250214185566,1.0,False,gt-err0.3,0.25,20ng-sub7951,7951
97,leaf:cars#t2,The passage is related to cars.,exact-hit,0,0,0,0,0,1.0,1.0,1.0,400,0.9259259259259259,False,1.0,False,1.0333023965358734e-05,1.0,False,gt-err0.3,0.25,20ng-sub7951,7951
98,union:Christianity|items for sale#u0,The document is about Christianity or about items for sale.,rewrite,5391,3600,387,1404,0,1.0,1.0,1.0,800,0.9215922798552473,False,0.955,False,0.011405541998101398,1.0,False,gt-err0.3,0.25,20ng-sub7951,7951
99,group:politics#t2,The passage is related to politics.,rewrite,4637,3200,390,1047,0,1.0,1.0,1.0,1200,0.9212531752751905,False,0.9066666666666666,False,0.006245333002880216,1.0,False,gt-err0.3,0.25,20ng-sub7951,7951
100,leaf:gun control#t2,The passage is related to gun control.,rewrite,7257,3151,424,3682,0,1.0,1.0,1.0,400,0.9259259259259259,False,1.0,False,0.014871249994030222,1.0,False,gt-err0.3,0.25,20ng-sub7951,7951
101,union:Middle East affairs|items for sale#u1,This text discusses either Middle East affairs or items for sale.,exact-hit,0,0,0,0,0,1.0,1.0,1.0,800,0.9214975845410628,False,0.95375,False,2.2499996703118086e-05,1.0,False,gt-err0.3,0.25,20ng-sub7951,7951
102,leaf:computer graphics#t3,This article covers the topic of computer graphics.,rewrite,6627,4400,374,1853,0,1.0,1.0,1.0,400,0.926208651399491,False,0.91,False,0.046113832999253646,1.0,False,gt-err0.3,0.25,20ng-sub7951,7951
103,leaf:religious debate#t3,This article covers the topic of religious debate.,exact-hit,0,0,0,0,0,1.0,1.0,1.0,351,0.9273255813953488,False,0.9088319088319088,False,1.4250021195039153e-05,1.0,False,gt-err0.3,0.25,20ng-sub7951,7951
104,leaf:atheism#t3,This article covers the topic of atheism.,exact-hit,0,0,0,0,0,1.0,1.0,1.0,400,0.9260204081632653,False,0.9075,False,5.040987161919475e-06,1.0,False,gt-err0.3,0.25,20ng-sub7951,7951
105,group:religion#t1,This text discusses religion.,exact-hit,0,0,0,0,0,1.0,1.0,1.0,1151,0.9213780918727915,False,0.9061685490877498,False,4.6660134103149176e-06,1.0,False,gt-err0.3,0.25,20ng-sub7951,7951
106,union:hockey|items for sale#u0,The document is about hockey or about items for sale.,rewrite,5754,4351,350,1053,0,1.0,1.0,1.0,800,0.9215922798552473,False,0.955,False,0.004599667008733377,1.0,False,gt-err0.3,0.25,20ng-sub7951,7951
107,group:motor vehicles#t0,The document is about motor vehicles.,exact-hit,0,0,0,0,0,1.0,1.0,1.0,800,,,,,1.2833013897761703e-05,1.0,,gt-err0.3,0.25,20ng-sub7951,7951
108,union:space exploration|the Microsoft Windows operating system#u1,This text discusses either space exploration or the Microsoft Windows operating system.,rewrite,6463,2400,490,3573,0,1.0,1.0,1.0,800,0.9216589861751152,False,1.0,False,0.0055962500046007335,1.0,False,gt-err0.3,0.25,20ng-sub7951,7951
109,group:sports#t2,The passage is related to sports.,exact-hit,0,0,0,0,0,1.0,1.0,1.0,800,0.9224904701397713,False,0.9075,False,1.5291996533051133e-05,1.0,False,gt-err0.3,0.25,20ng-sub7951,7951
110,group:sports#t1,This text discusses sports.,exact-hit,0,0,0,0,0,1.0,1.0,1.0,800,0.9216589861751152,False,1.0,False,5.250010872259736e-06,1.0,False,gt-err0.3,0.25,20ng-sub7951,7951
111,leaf:atheism#t3,This article covers the topic of atheism.,exact-hit,0,0,0,0,0,1.0,1.0,1.0,400,0.9260204081632653,False,0.9075,False,5.083013093098998e-06,1.0,False,gt-err0.3,0.25,20ng-sub7951,7951
112,leaf:Middle East affairs#t2,The passage is related to Middle East affairs.,rewrite,7599,5151,303,2145,0,1.0,1.0,1.0,400,0.9259259259259259,False,1.0,False,0.01688224999816157,1.0,False,gt-err0.3,0.25,20ng-sub7951,7951
113,union:Macintosh hardware|motorcycles#u1,This text discusses either Macintosh hardware or motorcycles.,rewrite,7199,5200,303,1696,0,1.0,1.0,1.0,800,0.922722029988466,False,1.0,False,0.006232707994058728,1.0,False,gt-err0.3,0.25,20ng-sub7951,7951
114,union:political debate|religious debate#u0,The document is about political debate or about religious debate.,rewrite,5086,4800,286,0,0,1.0,1.0,1.0,751,0.9229781771501926,False,0.9573901464713716,False,0.01653833399177529,1.0,False,gt-err0.3,0.25,20ng-sub7951,7951
115,leaf:gun control#t3,This article covers the topic of gun control.,rewrite,5337,3600,684,1053,0,1.0,1.0,1.0,400,0.926208651399491,False,0.91,False,0.004167833016254008,1.0,False,gt-err0.3,0.25,20ng-sub7951,7951
116,leaf:medicine#t2,The passage is related to medicine.,rewrite,6627,4400,374,1853,0,1.0,1.0,1.0,400,0.926208651399491,False,0.91,False,0.0037744169821962714,1.0,False,gt-err0.3,0.25,20ng-sub7951,7951
117,group:politics#t1,This text discusses politics.,exact-hit,0,0,0,0,0,1.0,1.0,1.0,1200,0.9202453987730062,False,1.0,False,1.300001167692244e-05,1.0,False,gt-err0.3,0.25,20ng-sub7951,7951
118,group:science#t2,The passage is related to science.,exact-hit,0,0,0,0,0,1.0,1.0,1.0,1600,0.9204328453214513,False,0.90375,False,5.875015631318092e-06,1.0,False,gt-err0.3,0.25,20ng-sub7951,7951
119,group:religion#t0,The document is about religion.,exact-hit,0,0,0,0,0,1.0,1.0,1.0,1151,0.9204946996466431,False,0.9052997393570807,False,5.250010872259736e-06,1.0,False,gt-err0.3,0.25,20ng-sub7951,7951
