sweep,shape,design,t,alpha,lam,pi,reps,recall_pre_audit,recall_violations,recall_violation_rate,recall_viol_ci_lo,recall_viol_ci_hi,per_bound_level,per_bound_assumed,precision_certs,precision_violations,precision_violation_rate,precision_viol_ci_lo,precision_viol_ci_hi,mean_recall_bound,mean_recall_realized,mean_gap,frac_certified_without_escalation,mean_gap_certified_without_escalation,mean_precision_bound,mean_precision_realized,mean_audit_plus_escalation_calls
recall,single,pooled,0.8,0.01,0.0,1.0,20000,1.0,0,0.0,0.0,0.0001844269639618992,0.005,,0,0,0.0,0.0,0.975,0.8354218880534672,1.0,0.16457811194653305,1.0,0.16457811194653305,,,382.0
recall,mixed,pooled,0.8,0.01,0.0,0.95,20000,1.0,0,0.0,0.0,0.0001844269639618992,0.001,0.005,20000,0,0.0,0.0,0.0001844269639618992,0.835416003040639,1.0,0.16458399695936096,0.9664,0.1645936641894406,0.9461484337547968,0.9854247605636163,416.6694
recall,mixed,separate,0.8,0.01,0.0,0.95,20000,1.0,0,0.0,0.0,0.0001844269639618992,0.00125,0.005,20000,0,0.0,0.0,0.0001844269639618992,0.8411246504071818,1.0,0.15887534959281824,0.96675,0.1588688270311714,0.9460933433257059,0.9854217883509302,1194.9884
recall,single,pooled,0.8,0.01,0.25,1.0,20000,0.9416195856873821,0,0.0,0.0,0.0001844269639618992,0.005,,0,0,0.0,0.0,0.975,0.9689111946533001,0.9889719397363466,0.0200607450830466,0.1889,0.10619769763391532,,,11833.1098
recall,mixed,pooled,0.8,0.01,0.25,0.95,20000,0.9412890874282064,0,0.0,0.0,0.0001844269639618992,0.001,0.005,20000,0,0.0,0.0,0.0001844269639618992,0.833421397487808,0.9786891193363115,0.14526772184850348,0.1025,0.10588166640895444,0.947911506917152,0.9859401585788681,9362.36885
recall,mixed,separate,0.8,0.01,0.25,0.95,20000,0.9412890874282064,0,0.0,0.0,0.0001844269639618992,0.00125,0.005,20000,0,0.0,0.0,0.0001844269639618992,0.8587107974908348,0.9733326738991703,0.11462187640833552,0.0682,0.132738343869702,0.947641285893643,0.9858734837351251,8007.99945
recall,single,pooled,0.8,0.01,0.5,1.0,20000,0.8888888888888891,0,0.0,0.0,0.0001844269639618992,0.005,,0,0,0.0,0.0,0.975,0.9943796574770258,0.9962055555555555,0.0018258980785296572,0.03415,0.05346700083542188,,,14017.8703
recall,mixed,pooled,0.8,0.01,0.5,0.95,20000,0.889089813140446,0,0.0,0.0,0.0001844269639618992,0.001,0.005,20000,0,0.0,0.0,0.0001844269639618992,0.8356133533756621,0.9737615732368897,0.13814821986122744,0.00915,0.05366802653308961,0.950624014880743,0.9866830762543912,11131.59155
recall,mixed,separate,0.8,0.01,0.5,0.95,20000,0.889089813140446,0,0.0,0.0,0.0001844269639618992,0.00125,0.005,20000,0,0.0,0.0,0.0001844269639618992,0.839757534856603,0.9549684749849306,0.11521094012832775,0.00065,0.07996956227436905,0.9496741238789895,0.986402245838491,8676.2698
recall,single,pooled,0.8,0.01,0.6,1.0,20000,0.8695652173913044,0,0.0,0.0,0.0001844269639618992,0.005,,0,0,0.0,0.0,0.975,0.9969470760233918,0.9975804347826088,0.0006333587592168833,0.01855,0.03414332933783737,,,14238.1111
recall,mixed,pooled,0.8,0.01,0.6,0.95,20000,0.869693396226415,0,0.0,0.0,0.0001844269639618992,0.001,0.005,20000,0,0.0,0.0,0.0001844269639618992,0.8376015535194259,0.9724454599056603,0.13484390638623445,0.0043,0.0343008041181098,0.9515544937693666,0.9869345020606088,11533.53025
recall,mixed,separate,0.8,0.01,0.6,0.95,20000,0.869693396226415,0,0.0,0.0,0.0001844269639618992,0.00125,0.005,20000,0,0.0,0.0,0.0001844269639618992,0.8366796505713341,0.9493462264150944,0.1126665758437602,5e-05,0.06306951044225384,0.9504131044322883,0.986609829646365,8951.56785
recall,single,pooled,0.8,0.01,0.7,1.0,20000,0.8510638297872343,0,0.0,0.0,0.0001844269639618992,0.005,,0,0,0.0,0.0,0.975,0.9984776524644945,0.9986223404255319,0.00014468796103734563,0.00925,0.015641941733767095,,,14369.4085
recall,mixed,pooled,0.8,0.01,0.7,0.95,20000,0.8511252163877667,0,0.0,0.0,0.0001844269639618992,0.001,0.005,20000,0,0.0,0.0,0.0001844269639618992,0.8397650901164834,0.971729024812464,0.13196393469598056,0.0016,0.015752888590253943,0.9525192528574551,0.9872001533529776,11861.28805
recall,mixed,separate,0.8,0.01,0.7,0.95,20000,0.8511252163877667,0,0.0,0.0,0.0001844269639618992,0.00125,0.005,20000,0,0.0,0.0,0.0001844269639618992,0.8390521688321892,0.9458967397576457,0.1068445709254564,0.0,,0.9511709532392637,0.9868424704833233,9348.3705
recall,single,pooled,0.8,0.01,0.8,1.0,20000,0.8333333333333333,91,0.00455,0.0036649108339256607,0.005583494708407605,0.005,,0,0,0.0,0.0,0.975,0.9992511695906433,0.9992416666666666,-9.502923976607807e-06,0.00455,-0.002088554720133584,,,14435.7631
recall,mixed,pooled,0.8,0.01,0.8,0.95,20000,0.8333333333333333,7,0.00035,0.00014072936111137783,0.0007209999554352942,0.001,0.005,20000,0,0.0,0.0,0.0001844269639618992,0.8411316571161104,0.9709042655367234,0.1297726084206126,0.0003,-0.002023156943515477,0.9537353638093288,0.987463626197476,12059.97625
recall,mixed,separate,0.8,0.01,0.8,0.95,20000,0.8333333333333333,0,0.0,0.0,0.0001844269639618992,0.00125,0.005,20000,0,0.0,0.0,0.0001844269639618992,0.8451749781820781,0.9447654519774012,0.09959047379532308,0.0,,0.9521411622261894,0.9870842828812755,9793.17355
recall,single,pooled,0.8,0.01,0.9,1.0,20000,0.816326530612245,56,0.0028,0.002115761983954782,0.0036345123798940536,0.005,,0,0,0.0,0.0,0.975,0.9995391812865497,0.9994857142857143,-5.3467000835421706e-05,0.0028,-0.01909535744122204,,,14460.4696
recall,mixed,pooled,0.8,0.01,0.9,0.95,20000,0.8162700608743771,10,0.0005,0.00023979464329097462,0.0009193249298326013,0.001,0.005,20000,0,0.0,0.0,0.0001844269639618992,0.8425546197904011,0.9700505534034309,0.12749593361302985,0.0005,-0.019140509978343212,0.9544697721657723,0.987681020898347,12213.61955
recall,mixed,separate,0.8,0.01,0.9,0.95,20000,0.8162700608743771,0,0.0,0.0,0.0001844269639618992,0.00125,0.005,20000,0,0.0,0.0,0.0001844269639618992,0.8544919683621758,0.9455281405644715,0.0910361722022957,0.0,,0.9532494129849479,0.9873533250713911,10310.70535
recall,single,pooled,0.8,0.01,1.0,1.0,20000,0.7999999999999999,20,0.001,0.0006109296061736067,0.0015439984673203263,0.005,,0,0,0.0,0.0,0.975,0.9998354218880535,0.9998,-3.542188805346691e-05,0.001,-0.03542188805346691,,,14485.882
recall,mixed,pooled,0.8,0.01,1.0,0.95,20000,0.799891540130152,2,0.0001,1.2110693365417044e-05,0.0003611872030449162,0.001,0.005,20000,0,0.0,0.0,0.0001844269639618992,0.8442885844601958,0.9698918383947938,0.12560325393459817,0.0001,-0.035529088524433206,0.9553753471879317,0.987938443552636,12417.03305
recall,mixed,separate,0.8,0.01,1.0,0.95,20000,0.799891540130152,0,0.0,0.0,0.0001844269639618992,0.00125,0.005,20000,0,0.0,0.0,0.0001844269639618992,0.8649231723317309,0.9480465021691973,0.08312332983746654,0.0,,0.9543363867091044,0.9876474702891516,10852.81505
recall,single,pooled,0.8,0.01,1.25,1.0,20000,0.7621951219512195,6,0.0003,0.00011010241504607224,0.000652858465585465,0.005,,0,0,0.0,0.0,0.975,0.999950626566416,0.9999286585365855,-2.196802983067423e-05,0.0003,-0.07322676610224743,,,14495.7646
recall,mixed,pooled,0.8,0.01,1.25,0.95,20000,0.7618801652892561,0,0.0,0.0,0.0001844269639618992,0.001,0.005,20000,0,0.0,0.0,0.0001844269639618992,0.8477954132887682,0.9679911931818181,0.12019577989304984,0.0,,0.9573926790922185,0.9884820185677842,12643.46795
recall,mixed,separate,0.8,0.01,1.25,0.95,20000,0.7618801652892561,0,0.0,0.0,0.0001844269639618992,0.00125,0.005,20000,0,0.0,0.0,0.0001844269639618992,0.8818311345345342,0.9528840134297519,0.0710528788952179,0.0,,0.9566446737434815,0.9882912311251021,11732.2504
recall,single,pooled,0.8,0.01,1.5,1.0,20000,0.7272727272727274,0,0.0,0.0,0.0001844269639618992,0.005,,0,0,0.0,0.0,0.975,1.0,1.0,0.0,0.0,,,,14500.0
recall,mixed,pooled,0.8,0.01,1.5,0.95,20000,0.7273175542406313,0,0.0,0.0,0.0001844269639618992,0.001,0.005,20000,0,0.0,0.0,0.0001844269639618992,0.8498968546852728,0.9661432199211045,0.11624636523583176,0.0,,0.9591400520764464,0.9889587178103632,12771.9742
recall,mixed,separate,0.8,0.01,1.5,0.95,20000,0.7273175542406313,0,0.0,0.0,0.0001844269639618992,0.00125,0.005,20000,0,0.0,0.0,0.0001844269639618992,0.889182236000977,0.9550758136094675,0.06589357760849046,0.0,,0.9584967553603488,0.9888388232743691,12179.00455
recall,single,pooled,0.8,0.01,2.0,1.0,20000,0.6666666666666667,0,0.0,0.0,0.0001844269639618992,0.005,,0,0,0.0,0.0,0.975,1.0,1.0,0.0,0.0,,,,14500.0
recall,mixed,pooled,0.8,0.01,2.0,0.95,20000,0.6668173598553346,5,0.00025,8.117914280267088e-05,0.0005833193489126621,0.001,0.005,20000,0,0.0,0.0,0.0001844269639618992,0.8542926371507252,0.9622583860759493,0.10796574892522404,0.0,,0.9623652454360084,0.9898389536751819,12929.51665
recall,mixed,separate,0.8,0.01,2.0,0.95,20000,0.6668173598553346,0,0.0,0.0,0.0001844269639618992,0.00125,0.005,20000,0,0.0,0.0,0.0001844269639618992,0.8861796150478738,0.9498392857142857,0.06365967066641204,0.0,,0.9621045130965433,0.9897195689244265,12384.0506
recall,single,pooled,0.8,0.01,3.0,1.0,20000,0.5714285714285712,0,0.0,0.0,0.0001844269639618992,0.005,,0,0,0.0,0.0,0.975,1.0,1.0,0.0,0.0,,,,14500.0
recall,mixed,pooled,0.8,0.01,3.0,0.95,20000,0.5714839209608679,9,0.00045,0.00020578864186616608,0.0008540675189145951,0.001,0.005,20000,0,0.0,0.0,0.0001844269639618992,0.8611826833920437,0.9557131925610228,0.09453050916897927,0.0,,0.9673595981312679,0.9912210175532751,13076.2322
recall,mixed,separate,0.8,0.01,3.0,0.95,20000,0.5714839209608679,1,5e-05,1.2658895979755815e-06,0.0002785503321745113,0.00125,0.005,20000,0,0.0,0.0,0.0001844269639618992,0.8754363348695854,0.9360382797365362,0.06060194486695101,0.0,,0.9668674321936345,0.9910370644109695,12405.9932
precision,mixed,pooled,0.8,0.01,0.5,0.84,20000,0.8891671884783972,0,0.0,0.0,0.0001844269639618992,0.001,0.005,20000,21,0.00105,0.0006500803486648398,0.0016045910822638997,0.8353273899325752,0.9729657482780214,0.13763835834544602,0.00135,0.05392055390741219,0.9907371466913497,0.9935763379679263,11411.7375
precision,mixed,pooled,0.8,0.01,0.5,0.86,20000,0.8887507768800497,0,0.0,0.0,0.0001844269639618992,0.001,0.005,20000,47,0.00235,0.0017271869679668646,0.0031237905074699215,0.8360647947102714,0.9730909260410193,0.13702613133074776,0.0038,0.05342696262156926,0.9836784962095644,0.989985016854674,11418.5344
precision,mixed,pooled,0.8,0.01,0.5,0.88,20000,0.8888888888888891,0,0.0,0.0,0.0001844269639618992,0.001,0.005,20000,17,0.00085,0.0004952318205424417,0.0013605846587597895,0.8359653714823846,0.9730716358024692,0.13710626432008458,0.00435,0.05357442326237814,0.9739651033209938,0.9861184775094093,11348.48
precision,mixed,pooled,0.8,0.01,0.5,0.9,20000,0.8890251379521762,0,0.0,0.0,0.0001844269639618992,0.001,0.005,20000,58,0.0029,0.002202805650370829,0.0037473305557593406,0.8361189621166449,0.9732570815450643,0.13713811942841925,0.00665,0.053694784999887564,0.9632140745506851,0.9832293989414446,11266.64945
precision,mixed,pooled,0.8,0.01,0.5,0.92,20000,0.8891595615103534,0,0.0,0.0,0.0001844269639618992,0.001,0.005,20000,0,0.0,0.0,0.0001844269639618992,0.835927435602916,0.9735302984165651,0.13760286281364925,0.0088,0.053800861225316125,0.953576609989188,0.9823407278525483,11191.29295
precision,mixed,pooled,0.8,0.01,0.5,0.94,20000,0.8887545344619106,0,0.0,0.0,0.0001844269639618992,0.001,0.005,20000,0,0.0,0.0,0.0001844269639618992,0.8359325311475392,0.9738794135429263,0.13794688239538705,0.0085,0.05334417935425107,0.9496332436452048,0.9845722499731006,11173.72595
precision,mixed,pooled,0.8,0.01,0.5,0.96,20000,0.8888888888888891,0,0.0,0.0,0.0001844269639618992,0.001,0.005,20000,0,0.0,0.0,0.0001844269639618992,0.8360293767906578,0.9734801801801801,0.13745080338952245,0.01065,0.05345666494155088,0.9531664512602485,0.9891202869763027,11134.71365
precision,mixed,pooled,0.8,0.01,0.5,0.98,20000,0.8890214797136039,0,0.0,0.0,0.0001844269639618992,0.001,0.005,20000,0,0.0,0.0,0.0001844269639618992,0.8363597805932399,0.9736342780429593,0.13727449744971948,0.01125,0.05372105429625097,0.9615354047473659,0.9945245350818807,11127.8995
precision,mixed,pooled,0.8,0.01,0.5,1.0,20000,0.8891523414344993,0,0.0,0.0,0.0001844269639618992,0.001,0.005,20000,0,0.0,0.0,0.0001844269639618992,0.8360154294946928,0.9733229104919976,0.1373074809973048,0.0115,0.054000130061724785,0.9719738254246127,1.0,11090.3807
recall,single,pooled,0.8,0.05,0.0,1.0,20000,1.0,0,0.0,0.0,0.0001844269639618992,0.025,,0,0,0.0,0.0,0.975,0.8354218880534672,1.0,0.16457811194653305,1.0,0.16457811194653305,,,266.0
recall,mixed,pooled,0.8,0.05,0.0,0.95,20000,1.0,0,0.0,0.0,0.0001844269639618992,0.005,0.025,20000,0,0.0,0.0,0.0001844269639618992,0.834841340262039,1.0,0.16515865973796098,0.9048,0.16514885570172752,0.9524663805907388,0.9858330869941954,347.3554
recall,mixed,separate,0.8,0.05,0.0,0.95,20000,1.0,0,0.0,0.0,0.0001844269639618992,0.00625,0.025,20000,0,0.0,0.0,0.0001844269639618992,0.8396313125814959,1.0,0.1603686874185042,0.9012,0.16030184534748157,0.9528562505469945,0.9858798885701883,933.67935
recall,single,pooled,0.8,0.05,0.25,1.0,20000,0.9416195856873821,0,0.0,0.0,0.0001844269639618992,0.025,,0,0,0.0,0.0,0.975,0.9478863408521305,0.9815138418079096,0.03362750095577928,0.31665,0.10619769763391529,,,9992.8039
recall,mixed,pooled,0.8,0.05,0.25,0.95,20000,0.9412890874282064,0,0.0,0.0,0.0001844269639618992,0.005,0.025,20000,0,0.0,0.0,0.0001844269639618992,0.8374528109909265,0.976374952137843,0.1389221411469164,0.16375,0.10643417928525772,0.9542858054928635,0.9863414792318498,8811.3059
recall,mixed,separate,0.8,0.05,0.25,0.95,20000,0.9412890874282064,0,0.0,0.0,0.0001844269639618992,0.00625,0.025,20000,0,0.0,0.0,0.0001844269639618992,0.8570466663594208,0.9704750797702616,0.11342841341084084,0.1029,0.13016066339024882,0.954033092140249,0.9862491956243818,7345.478
recall,single,pooled,0.8,0.05,0.5,1.0,20000,0.8888888888888891,0,0.0,0.0,0.0001844269639618992,0.025,,0,0,0.0,0.0,0.975,0.983575104427736,0.9889111111111112,0.005336006683375104,0.0998,0.053467000835421885,,,13079.4468
recall,mixed,pooled,0.8,0.05,0.5,0.95,20000,0.889089813140446,0,0.0,0.0,0.0001844269639618992,0.005,0.025,20000,0,0.0,0.0,0.0001844269639618992,0.8399357332082487,0.9718372814948764,0.13190154828662767,0.03065,0.05422730196633415,0.9564744050474444,0.9869962162430292,10894.0377
recall,mixed,separate,0.8,0.05,0.5,0.95,20000,0.889089813140446,0,0.0,0.0,0.0001844269639618992,0.00625,0.025,20000,0,0.0,0.0,0.0001844269639618992,0.8428005211867025,0.9531255274261603,0.1103250062394578,0.00165,0.08408528422776029,0.9557809678521678,0.9868109907913666,8458.6755
recall,single,pooled,0.8,0.05,0.6,1.0,20000,0.8695652173913044,0,0.0,0.0,0.0001844269639618992,0.025,,0,0,0.0,0.0,0.975,0.9895739766081871,0.9917369565217392,0.0021629799135519973,0.06335,0.03414332933783737,,,13598.2761
recall,mixed,pooled,0.8,0.05,0.6,0.95,20000,0.869693396226415,0,0.0,0.0,0.0001844269639618992,0.005,0.025,20000,0,0.0,0.0,0.0001844269639618992,0.840321083224726,0.9698881485849057,0.12956706536017973,0.01395,0.03483385415045211,0.9575882169091605,0.9872647059898638,11263.36135
recall,mixed,separate,0.8,0.05,0.6,0.95,20000,0.869693396226415,0,0.0,0.0,0.0001844269639618992,0.00625,0.025,20000,0,0.0,0.0,0.0001844269639618992,0.8405064470467647,0.947630837264151,0.1071243902173863,0.0005,0.0647468131682056,0.956430082072331,0.9869847278862922,8782.9309
recall,single,pooled,0.8,0.05,0.7,1.0,20000,0.8510638297872343,0,0.0,0.0,0.0001844269639618992,0.025,,0,0,0.0,0.0,0.975,0.9941410192147033,0.9946978723404256,0.0005568531257221087,0.0356,0.015641941733767095,,,13993.2696
recall,mixed,pooled,0.8,0.05,0.7,0.95,20000,0.8511252163877667,0,0.0,0.0,0.0001844269639618992,0.005,0.025,20000,0,0.0,0.0,0.0001844269639618992,0.8417114907933133,0.9689711771494518,0.12725968635613844,0.00725,0.016279631330654316,0.9583274244186876,0.9875422665886503,11607.34765
recall,mixed,separate,0.8,0.05,0.7,0.95,20000,0.8511252163877667,0,0.0,0.0,0.0001844269639618992,0.00625,0.025,20000,0,0.0,0.0,0.0001844269639618992,0.8422552760924247,0.9441042700519331,0.1018489939595083,0.0,,0.9571329318775003,0.9871710697227276,9192.5655
recall,single,pooled,0.8,0.05,0.8,1.0,20000,0.8333333333333333,521,0.02605,0.023886586984211557,0.028352627162086492,0.025,,0,0,0.0,0.0,0.975,0.9957127401837929,0.9956583333333334,-5.440685045947986e-05,0.02605,-0.002088554720133584,,,14129.2043
recall,mixed,pooled,0.8,0.05,0.8,0.95,20000,0.8333333333333333,89,0.00445,0.00357519396114403,0.005473296312767618,0.005,0.025,20000,0,0.0,0.0,0.0001844269639618992,0.8424626770127172,0.9674735310734465,0.12501085406072904,0.00395,-0.0015315571518111325,0.9591532100558823,0.987758141688049,11774.5945
recall,mixed,separate,0.8,0.05,0.8,0.95,20000,0.8333333333333333,0,0.0,0.0,0.0001844269639618992,0.00625,0.025,20000,0,0.0,0.0,0.0001844269639618992,0.8479417908918285,0.9431125141242938,0.09517072323246521,5e-05,0.03357410988510978,0.9582244732385783,0.9874993715055305,9665.5123
recall,single,pooled,0.8,0.05,0.9,1.0,20000,0.816326530612245,295,0.01475,0.01312511236650608,0.016518088583362893,0.025,,0,0,0.0,0.0,0.975,0.9975724728487887,0.9972908163265307,-0.0002816565222580251,0.01475,-0.01909535744122204,,,14290.0485
recall,mixed,pooled,0.8,0.05,0.9,0.95,20000,0.8162700608743771,44,0.0022,0.0015989644746873626,0.002952284467374476,0.005,0.025,20000,0,0.0,0.0,0.0001844269639618992,0.843513541941606,0.9669813226342004,0.12346778069259444,0.002,-0.018631162789092708,0.9598922447289749,0.9879910009795141,11986.12335
recall,mixed,separate,0.8,0.05,0.9,0.95,20000,0.8162700608743771,0,0.0,0.0,0.0001844269639618992,0.00625,0.025,20000,0,0.0,0.0,0.0001844269639618992,0.855663836616703,0.9432767847260654,0.08761294810936229,0.0,,0.9588488976981582,0.9877000881384974,10144.51785
recall,single,pooled,0.8,0.05,1.0,1.0,20000,0.7999999999999999,196,0.0098,0.00848139413866667,0.011263885304378518,0.025,,0,0,0.0,0.0,0.975,0.9983871345029239,0.9980399999999999,-0.0003471345029239757,0.0098,-0.0354218880534669,,,14360.5068
recall,mixed,pooled,0.8,0.05,1.0,0.95,20000,0.799891540130152,13,0.00065,0.0003461415732329871,0.0011112633024966876,0.005,0.025,20000,0,0.0,0.0,0.0001844269639618992,0.8450698987843077,0.965832565075922,0.12076266629161411,0.0006,-0.035026386729198083,0.9605028996450581,0.9882226452544132,12138.7875
recall,mixed,separate,0.8,0.05,1.0,0.95,20000,0.799891540130152,3,0.00015,3.093467444528525e-05,0.00043830045339363695,0.00625,0.025,20000,0,0.0,0.0,0.0001844269639618992,0.8629881483603471,0.9444436279826462,0.08145547962229943,0.0,,0.9596047093296065,0.9879561661007561,10605.823
recall,single,pooled,0.8,0.05,1.25,1.0,20000,0.7621951219512195,53,0.00265,0.0019856427564031768,0.0034648500356998083,0.025,,0,0,0.0,0.0,0.975,0.9995638680033416,0.9993698170731706,-0.0001940509301709557,0.00265,-0.07322676610224743,,,14462.2799
recall,mixed,pooled,0.8,0.05,1.25,0.95,20000,0.7618801652892561,5,0.00025,8.117914280267088e-05,0.0005833193489126621,0.005,0.025,20000,0,0.0,0.0,0.0001844269639618992,0.8476521408034714,0.9643872675619833,0.11673512675851211,0.0002,-0.0728740352347545,0.9624866652484648,0.9887795042453512,12439.20655
recall,mixed,separate,0.8,0.05,1.25,0.95,20000,0.7618801652892561,1,5e-05,1.2658895979755815e-06,0.0002785503321745113,0.00625,0.025,20000,0,0.0,0.0,0.0001844269639618992,0.8779288743265788,0.9480340909090909,0.07010521658251224,0.0,,0.9617099570658407,0.9885692910045918,11454.25755
recall,single,pooled,0.8,0.05,1.5,1.0,20000,0.7272727272727274,14,0.0007,0.00038274767578166,0.0011742024203120155,0.025,,0,0,0.0,0.0,0.975,0.9998847953216374,0.9998090909090908,-7.570441254651776e-05,0.0007,-0.10814916078073966,,,14490.0362
recall,mixed,pooled,0.8,0.05,1.5,0.95,20000,0.7273175542406313,2,0.0001,1.2110693365417044e-05,0.0003611872030449162,0.005,0.025,20000,0,0.0,0.0,0.0001844269639618992,0.8504262583350602,0.9630282297830374,0.11260197144797716,0.0001,-0.1076549320645534,0.9639265841485518,0.9892437059509517,12621.2139
recall,mixed,separate,0.8,0.05,1.5,0.95,20000,0.7273175542406313,2,0.0001,1.2110693365417044e-05,0.0003611872030449162,0.00625,0.025,20000,0,0.0,0.0,0.0001844269639618992,0.8851791493730796,0.949986291913215,0.06480714254013532,0.0,,0.9633401539827768,0.9891053568874264,11928.56035
recall,single,pooled,0.8,0.05,2.0,1.0,20000,0.6666666666666667,1,5e-05,1.2658895979755815e-06,0.0002785503321745113,0.025,,0,0,0.0,0.0,0.975,0.9999917710944028,0.9999833333333334,-8.437761069340017e-06,5e-05,-0.16875522138680032,,,14499.2883
recall,mixed,pooled,0.8,0.05,2.0,0.95,20000,0.6668173598553346,26,0.0013,0.000849373420145065,0.0019042251302998263,0.005,0.025,20000,0,0.0,0.0,0.0001844269639618992,0.8544348634821894,0.9597815099457504,0.10534664646356098,0.0,,0.9668340519780843,0.9900898044828191,12835.2143
recall,mixed,separate,0.8,0.05,2.0,0.95,20000,0.6668173598553346,3,0.00015,3.093467444528525e-05,0.00043830045339363695,0.00625,0.025,20000,0,0.0,0.0,0.0001844269639618992,0.8848787749678586,0.9466383137432189,0.061759538775360286,0.0,,0.9664525933230866,0.9899768746242791,12261.3254
recall,single,pooled,0.8,0.05,3.0,1.0,20000,0.5714285714285712,0,0.0,0.0,0.0001844269639618992,0.025,,0,0,0.0,0.0,0.975,1.0,1.0,0.0,0.0,,,,14500.0
recall,mixed,pooled,0.8,0.05,3.0,0.95,20000,0.5714839209608679,30,0.0015,0.0010122654354229837,0.0021406565042675686,0.005,0.025,20000,0,0.0,0.0,0.0001844269639618992,0.8608625957380862,0.9529283417280124,0.09206574598992623,0.0,,0.9714012313380678,0.9914745015291115,12997.9624
recall,mixed,separate,0.8,0.05,3.0,0.95,20000,0.5714839209608679,15,0.00075,0.00041982813977895205,0.0012367097209177197,0.00625,0.025,20000,0,0.0,0.0,0.0001844269639618992,0.8745670600882364,0.9332468423091824,0.058679782220946074,0.0,,0.9707333389272599,0.9912586766800047,12326.4447
precision,mixed,pooled,0.8,0.05,0.5,0.84,20000,0.8891671884783972,0,0.0,0.0,0.0001844269639618992,0.005,0.025,20000,265,0.01325,0.011711373464763516,0.01493241920767717,0.8395000556628467,0.9713133375078272,0.1318132818449805,0.0043,0.05430399727044114,0.9913030597991747,0.9930821979601642,11189.4897
precision,mixed,pooled,0.8,0.05,0.5,0.86,20000,0.8887507768800497,0,0.0,0.0,0.0001844269639618992,0.005,0.025,20000,72,0.0036,0.0028178121587847924,0.004531486725854575,0.8399714869374321,0.971313921690491,0.13134243475305898,0.00765,0.053901327289138636,0.986487143148555,0.9905325543025647,11190.199
precision,mixed,pooled,0.8,0.05,0.5,0.88,20000,0.8888888888888891,0,0.0,0.0,0.0001844269639618992,0.005,0.025,20000,183,0.00915,0.007877124642671854,0.010568464065288006,0.8392269427969475,0.9709037037037038,0.13167676090675628,0.0112,0.05403454845904311,0.9799539181822622,0.9877807674713777,11085.4674
precision,mixed,pooled,0.8,0.05,0.5,0.9,20000,0.8890251379521762,0,0.0,0.0,0.0001844269639618992,0.005,0.025,20000,369,0.01845,0.01663021743858665,0.02041160811763808,0.8395027403215769,0.9715155119558553,0.1320127716342785,0.0158,0.05418235789570718,0.9718130510426966,0.9853031381669162,11068.90295
precision,mixed,pooled,0.8,0.05,0.5,0.92,20000,0.8891595615103534,0,0.0,0.0,0.0001844269639618992,0.005,0.025,20000,0,0.0,0.0,0.0001844269639618992,0.8399904025171651,0.9717182095006088,0.131727806983444,0.02025,0.054319352649243105,0.9638369129494005,0.9844146705643927,10995.7111
precision,mixed,pooled,0.8,0.05,0.5,0.94,20000,0.8887545344619106,0,0.0,0.0,0.0001844269639618992,0.005,0.025,20000,0,0.0,0.0,0.0001844269639618992,0.8398543257255969,0.971725483675937,0.13187115795034024,0.02815,0.05390952175902662,0.9577383863772284,0.9854553984048096,10920.73345
precision,mixed,pooled,0.8,0.05,0.5,0.96,20000,0.8888888888888891,0,0.0,0.0,0.0001844269639618992,0.005,0.025,20000,0,0.0,0.0,0.0001844269639618992,0.8402238335243275,0.9716653453453454,0.13144151182101788,0.02995,0.05401289068259766,0.9568567689576754,0.9891173347231397,10898.7095
precision,mixed,pooled,0.8,0.05,0.5,0.98,20000,0.8890214797136039,0,0.0,0.0,0.0001844269639618992,0.005,0.025,20000,0,0.0,0.0,0.0001844269639618992,0.8401780361880042,0.972014260143198,0.13183622395519393,0.0307,0.05407083469653002,0.9624633362754128,0.9943449823491801,10900.91805
precision,mixed,pooled,0.8,0.05,0.5,1.0,20000,0.8891523414344993,0,0.0,0.0,0.0001844269639618992,0.005,0.025,20000,0,0.0,0.0,0.0001844269639618992,0.8399029219317922,0.9720853882631891,0.13218246633139707,0.02785,0.05400013006172477,0.9719342896450089,1.0,10910.3763
recall,single,pooled,0.8,0.1,0.0,1.0,20000,1.0,0,0.0,0.0,0.0001844269639618992,0.05,,0,0,0.0,0.0,0.975,0.8347245409015027,1.0,0.1652754590984975,1.0,0.1652754590984975,,,216.0
recall,mixed,pooled,0.8,0.1,0.0,0.95,20000,1.0,0,0.0,0.0,0.0001844269639618992,0.01,0.05,20000,0,0.0,0.0,0.0001844269639618992,0.8349846757378903,1.0,0.16501532426210969,0.82815,0.16506433047317787,0.9591460850743695,0.9867714603609052,340.9242
recall,mixed,separate,0.8,0.1,0.0,0.95,20000,1.0,0,0.0,0.0,0.0001844269639618992,0.0125,0.05,20000,0,0.0,0.0,0.0001844269639618992,0.839067330843623,1.0,0.1609326691563771,0.83225,0.16092345467326702,0.9590222575985238,0.9867031282537267,839.71595
recall,single,pooled,0.8,0.1,0.25,1.0,20000,0.9416195856873821,0,0.0,0.0,0.0001844269639618992,0.05,,0,0,0.0,0.0,0.975,0.9353938230383974,0.9771790960451977,0.0417852730068004,0.3909,0.10689504478587972,,,8916.3844
recall,mixed,pooled,0.8,0.1,0.25,0.95,20000,0.9412890874282064,0,0.0,0.0,0.0001844269639618992,0.01,0.05,20000,0,0.0,0.0,0.0001844269639618992,0.8398634210341439,0.9747522016592215,0.1348887806250775,0.18445,0.10635156876350388,0.9603027510810993,0.9871521144829634,8439.0104
recall,mixed,separate,0.8,0.1,0.25,0.95,20000,0.9412890874282064,0,0.0,0.0,0.0001844269639618992,0.0125,0.05,20000,0,0.0,0.0,0.0001844269639618992,0.8569045625249444,0.9693654435226549,0.11246088099771023,0.11395,0.12848574419027575,0.9600485301484912,0.9870415237100301,7100.55685
recall,single,pooled,0.8,0.1,0.5,1.0,20000,0.8888888888888891,0,0.0,0.0,0.0001844269639618992,0.05,,0,0,0.0,0.0,0.975,0.9748202838063438,0.9830722222222222,0.008251938415878308,0.15235,0.054164347987386334,,,12323.8326
recall,mixed,pooled,0.8,0.1,0.5,0.95,20000,0.889089813140446,0,0.0,0.0,0.0001844269639618992,0.01,0.05,20000,0,0.0,0.0,0.0001844269639618992,0.8416168517595197,0.9701542495479203,0.12853739778840068,0.04455,0.054150947035081026,0.9623360844819885,0.9878012450313643,10703.62665
recall,mixed,separate,0.8,0.1,0.5,0.95,20000,0.889089813140446,0,0.0,0.0,0.0001844269639618992,0.0125,0.05,20000,0,0.0,0.0,0.0001844269639618992,0.8451272249154553,0.9522410186859553,0.10711379377050016,0.0034,0.07929833177760881,0.9617425893590216,0.9875921576558392,8372.882
recall,single,pooled,0.8,0.1,0.6,1.0,20000,0.8695652173913044,0,0.0,0.0,0.0001844269639618992,0.05,,0,0,0.0,0.0,0.975,0.9828113522537564,0.9864347826086957,0.00362343035493939,0.104,0.034840676489801825,,,13014.464
recall,mixed,pooled,0.8,0.1,0.6,0.95,20000,0.869693396226415,0,0.0,0.0,0.0001844269639618992,0.01,0.05,20000,0,0.0,0.0,0.0001844269639618992,0.8420868946430417,0.9686652712264151,0.12657837658337348,0.0227,0.03475291458706295,0.9632024103610657,0.9880528993753509,11154.2151
recall,mixed,separate,0.8,0.1,0.6,0.95,20000,0.869693396226415,0,0.0,0.0,0.0001844269639618992,0.0125,0.05,20000,0,0.0,0.0,0.0001844269639618992,0.8424221480111986,0.9465537146226416,0.10413156661144295,0.00105,0.06307554347840585,0.9623308260811234,0.9878041416240849,8693.63195
recall,single,pooled,0.8,0.1,0.7,1.0,20000,0.8510638297872343,0,0.0,0.0,0.0001844269639618992,0.05,,0,0,0.0,0.0,0.975,0.9887695325542573,0.9898797872340425,0.001110254679785459,0.06795,0.01633928888573155,,,13529.4022
recall,mixed,pooled,0.8,0.1,0.7,0.95,20000,0.8511252163877667,0,0.0,0.0,0.0001844269639618992,0.01,0.05,20000,0,0.0,0.0,0.0001844269639618992,0.8440328521172099,0.967478447778419,0.12344559566120902,0.0134,0.016197403829509238,0.9638079483287307,0.9882901212360284,11488.5834
recall,mixed,separate,0.8,0.1,0.7,0.95,20000,0.8511252163877667,0,0.0,0.0,0.0001844269639618992,0.0125,0.05,20000,0,0.0,0.0,0.0001844269639618992,0.8444617461453571,0.9430697634160417,0.09860801727068456,0.0001,0.049761407261755264,0.9630903634193073,0.9880575299988739,9122.4838
recall,single,pooled,0.8,0.1,0.8,1.0,20000,0.8333333333333333,950,0.0475,0.04459306405745516,0.05053936087550519,0.05,,0,0,0.0,0.0,0.975,0.9921494156928217,0.9920833333333332,-6.608235948803359e-05,0.0475,-0.0013912075681691283,,,13821.51
recall,mixed,pooled,0.8,0.1,0.8,0.95,20000,0.8333333333333333,176,0.0088,0.007552441359132586,0.01019331926400975,0.01,0.05,20000,0,0.0,0.0,0.0001844269639618992,0.8440421267090383,0.9660255084745765,0.121983381765538,0.007,-0.0016090565723160064,0.9646366467863403,0.9886084746899595,11678.61115
recall,mixed,separate,0.8,0.1,0.8,0.95,20000,0.8333333333333333,1,5e-05,1.2658895979755815e-06,0.0002785503321745113,0.0125,0.05,20000,0,0.0,0.0,0.0001844269639618992,0.8486569456878031,0.941429209039548,0.09277226335174493,0.0,,0.9635073072781007,0.9881985776851888,9545.3671
recall,single,pooled,0.8,0.1,0.9,1.0,20000,0.816326530612245,666,0.0333,0.030856465899971274,0.03588039371048531,0.05,,0,0,0.0,0.0,0.975,0.99449632721202,0.9938836734693878,-0.0006126537426322775,0.0333,-0.018398010289257583,,,14024.3428
recall,mixed,pooled,0.8,0.1,0.9,0.95,20000,0.8162700608743771,93,0.00465,0.0037547416671635547,0.0056935809205342185,0.01,0.05,20000,0,0.0,0.0,0.0001844269639618992,0.8455659205242814,0.9655791366906474,0.12001321616636629,0.00345,-0.01865910968630783,0.9654278769937271,0.9887865567463047,11906.01265
recall,mixed,separate,0.8,0.1,0.9,0.95,20000,0.8162700608743771,0,0.0,0.0,0.0001844269639618992,0.0125,0.05,20000,0,0.0,0.0,0.0001844269639618992,0.8541825098804741,0.9407794687327061,0.0865969588522322,0.0,,0.9642565801208018,0.988454254907613,9974.9651
recall,single,pooled,0.8,0.1,1.0,1.0,20000,0.7999999999999999,442,0.0221,0.02010730053643549,0.024233245024457204,0.05,,0,0,0.0,0.0,0.975,0.9963474123539232,0.9955799999999999,-0.0007674123539232042,0.0221,-0.034724540901502454,,,14184.3236
recall,mixed,pooled,0.8,0.1,1.0,0.95,20000,0.799891540130152,48,0.0024,0.0017700845155285815,0.0031808071534832933,0.01,0.05,20000,0,0.0,0.0,0.0001844269639618992,0.845874838410707,0.9640396963123643,0.11816485790165739,0.00205,-0.0350475806429697,0.9659133842399941,0.9889424291011103,12037.03335
recall,mixed,separate,0.8,0.1,1.0,0.95,20000,0.799891540130152,3,0.00015,3.093467444528525e-05,0.00043830045339363695,0.0125,0.05,20000,0,0.0,0.0,0.0001844269639618992,0.8621256391614481,0.942038150759219,0.07991251159777105,0.0,,0.9650649077231775,0.9886969877543197,10460.9885
recall,single,pooled,0.8,0.1,1.25,1.0,20000,0.7621951219512195,171,0.00855,0.0073208424420007495,0.009925043562661178,0.05,,0,0,0.0,0.0,0.975,0.998586894824708,0.9979667682926829,-0.0006201265320249195,0.00855,-0.07252941895028296,,,14377.8718
recall,mixed,pooled,0.8,0.1,1.25,0.95,20000,0.7618801652892561,9,0.00045,0.00020578864186616608,0.0008540675189145951,0.01,0.05,20000,0,0.0,0.0,0.0001844269639618992,0.8478106440002408,0.9620060433884297,0.11419539938818885,0.0003,-0.07304141160757198,0.967620026320873,0.9894788558247994,12323.45675
recall,mixed,separate,0.8,0.1,1.25,0.95,20000,0.7618801652892561,5,0.00025,8.117914280267088e-05,0.0005833193489126621,0.0125,0.05,20000,0,0.0,0.0,0.0001844269639618992,0.8748961362607861,0.9448119059917355,0.06991576973094946,0.0,,0.9669889931703943,0.9893350784834761,11288.60485
recall,single,pooled,0.8,0.1,1.5,1.0,20000,0.7272727272727274,63,0.00315,0.0024213696703700217,0.004028443803279685,0.05,,0,0,0.0,0.0,0.975,0.9994793823038399,0.9991409090909091,-0.0003384732129306419,0.00315,-0.1074518136287752,,,14455.0054
recall,mixed,pooled,0.8,0.1,1.5,0.95,20000,0.7273175542406313,6,0.0003,0.00011010241504607224,0.000652858465585465,0.01,0.05,20000,0,0.0,0.0,0.0001844269639618992,0.8505508202155059,0.9605358234714003,0.1099850032558946,0.0001,-0.10761012691000615,0.9689067749169111,0.9899358707382806,12519.1032
recall,mixed,separate,0.8,0.1,1.5,0.95,20000,0.7273175542406313,7,0.00035,0.00014072936111137783,0.0007209999554352942,0.0125,0.05,20000,0,0.0,0.0,0.0001844269639618992,0.8828989127439436,0.9468614151873768,0.06396250244343314,0.0,,0.968451404347126,0.9897599708397483,11793.13785
recall,single,pooled,0.8,0.1,2.0,1.0,20000,0.6666666666666667,7,0.00035,0.00014072936111137783,0.0007209999554352942,0.05,,0,0,0.0,0.0,0.975,0.9999421535893154,0.9998833333333332,-5.882025598219256e-05,0.00035,-0.1680578742348359,,,14495.0006
recall,mixed,pooled,0.8,0.1,2.0,0.95,20000,0.6668173598553346,88,0.0044,0.0035303794552045665,0.005418153881859218,0.01,0.05,20000,0,0.0,0.0,0.0001844269639618992,0.8540773187660807,0.9571998191681736,0.10312250040209278,0.0,,0.9714235053754808,0.9907635047609903,12754.42955
recall,mixed,separate,0.8,0.1,2.0,0.95,20000,0.6668173598553346,6,0.0003,0.00011010241504607224,0.000652858465585465,0.0125,0.05,20000,0,0.0,0.0,0.0001844269639618992,0.8845720398967384,0.9446202757685355,0.06004823587179699,0.0,,0.9711447421918208,0.9906174853829536,12205.405
recall,single,pooled,0.8,0.1,3.0,1.0,20000,0.5714285714285712,0,0.0,0.0,0.0001844269639618992,0.05,,0,0,0.0,0.0,0.975,1.0,1.0,0.0,0.0,,,,14500.0
recall,mixed,pooled,0.8,0.1,3.0,0.95,20000,0.5714839209608679,95,0.00475,0.0038446828149186,0.0058035585022179845,0.01,0.05,20000,0,0.0,0.0,0.0001844269639618992,0.8609244419146176,0.9517182293684618,0.09079378745384423,0.0,,0.975220065125624,0.9920082200578272,12984.973
recall,mixed,separate,0.8,0.1,3.0,0.95,20000,0.5714839209608679,44,0.0022,0.0015989644746873626,0.002952284467374476,0.0125,0.05,20000,0,0.0,0.0,0.0001844269639618992,0.8744385893882485,0.9319709608678808,0.057532371479632194,0.0,,0.974710440881753,0.9918080057992751,12311.5021
precision,mixed,pooled,0.8,0.1,0.5,0.84,20000,0.8891671884783972,0,0.0,0.0,0.0001844269639618992,0.01,0.05,20000,788,0.0394,0.036745941043297405,0.042188992997252095,0.8407818516855293,0.9697157169693175,0.12893386528378814,0.00745,0.05420871889873133,0.9927971033346014,0.9936142311293217,10985.879
precision,mixed,pooled,0.8,0.1,0.5,0.86,20000,0.8887507768800497,0,0.0,0.0,0.0001844269639618992,0.01,0.05,20000,241,0.01205,0.010584110138917404,0.013660176110013305,0.8412308269017398,0.9694749844623991,0.12824415756065924,0.0109,0.053794911081936826,0.9894507127215127,0.9916944994362807,10963.97565
precision,mixed,pooled,0.8,0.1,0.5,0.88,20000,0.8888888888888891,0,0.0,0.0,0.0001844269639618992,0.01,0.05,20000,428,0.0214,0.019439214743056727,0.023501571934324117,0.8414721550989938,0.9695765123456789,0.12810435724668523,0.0137,0.05394038749418062,0.9844532060592243,0.9893882544328131,10933.3465
precision,mixed,pooled,0.8,0.1,0.5,0.9,20000,0.8890251379521762,0,0.0,0.0,0.0001844269639618992,0.01,0.05,20000,803,0.04015,0.037471353241775404,0.042963346506413654,0.8417479078864671,0.9698755058246473,0.1281275979381805,0.0223,0.054078841683967704,0.9780208807380691,0.9872489816258725,10887.42275
precision,mixed,pooled,0.8,0.1,0.5,0.92,20000,0.8891595615103534,0,0.0,0.0,0.0001844269639618992,0.01,0.05,20000,0,0.0,0.0,0.0001844269639618992,0.8414363348119991,0.9701503958587088,0.12871406104670988,0.0288,0.05421892904823811,0.9712179792099618,0.9861829322946022,10827.2527
precision,mixed,pooled,0.8,0.1,0.5,0.94,20000,0.8887545344619106,0,0.0,0.0,0.0001844269639618992,0.01,0.05,20000,0,0.0,0.0,0.0001844269639618992,0.8411866617413616,0.9701782345828295,0.12899157284146792,0.04095,0.053816794713039656,0.9647258967385954,0.9867287946954122,10755.59465
precision,mixed,pooled,0.8,0.1,0.5,0.96,20000,0.8888888888888891,0,0.0,0.0,0.0001844269639618992,0.01,0.05,20000,0,0.0,0.0,0.0001844269639618992,0.8416951108132329,0.9700895495495497,0.12839443873631662,0.0445,0.05395139982539619,0.9612096463481332,0.9895187956927403,10711.90425
precision,mixed,pooled,0.8,0.1,0.5,0.98,20000,0.8890214797136039,0,0.0,0.0,0.0001844269639618992,0.01,0.05,20000,0,0.0,0.0,0.0001844269639618992,0.8411508461408401,0.9702480906921243,0.12909724455128388,0.04765,0.05405408148997268,0.9633119249861598,0.9943062219591846,10669.93815
precision,mixed,pooled,0.8,0.1,0.5,1.0,20000,0.8891523414344993,0,0.0,0.0,0.0001844269639618992,0.01,0.05,20000,0,0.0,0.0,0.0001844269639618992,0.8408591404378911,0.9701308535862477,0.12927171314835662,0.04875,0.05409487017013126,0.9712619964993217,1.0,10648.4902
recall,single,pooled,0.9,0.01,0.0,1.0,20000,1.0,0,0.0,0.0,0.0001844269639618992,0.005,,0,0,0.0,0.0,0.975,0.9208103130755065,1.0,0.07918968692449357,1.0,0.07918968692449357,,,862.0
recall,mixed,pooled,0.9,0.01,0.0,0.95,20000,1.0,0,0.0,0.0,0.0001844269639618992,0.001,0.005,20000,0,0.0,0.0,0.0001844269639618992,0.9207114518701008,1.0,0.07928854812989912,0.96775,0.07928896945473958,0.9459819171177216,0.9854107432667193,858.40385
recall,mixed,separate,0.9,0.01,0.0,0.95,20000,1.0,0,0.0,0.0,0.0001844269639618992,0.00125,0.005,20000,0,0.0,0.0,0.0001844269639618992,0.9281865309939665,1.0,0.07181346900603364,0.9674,0.07179616226050602,0.9460023307471188,0.9854159223784389,2620.2043
recall,single,pooled,0.9,0.01,0.25,1.0,20000,0.9727626459143969,0,0.0,0.0,0.0001844269639618992,0.005,,0,0,0.0,0.0,0.975,0.9859438305709024,0.9951653696498055,0.009221539078903053,0.1775,0.05195233283889044,,,12079.255
recall,mixed,pooled,0.9,0.01,0.25,0.95,20000,0.9729551451187334,0,0.0,0.0,0.0001844269639618992,0.001,0.005,20000,0,0.0,0.0,0.0001844269639618992,0.9179224196887208,0.9909078166226912,0.07298539693397067,0.09385,0.05224272546198623,0.9469052224074752,0.985664264390651,9777.28935
recall,mixed,separate,0.9,0.01,0.25,0.95,20000,0.9729551451187334,0,0.0,0.0,0.0001844269639618992,0.00125,0.005,20000,0,0.0,0.0,0.0001844269639618992,0.9332035293370052,0.9882940963060686,0.055090566969063434,0.15385,0.06877391417903563,0.9468302277090064,0.9856236549545396,8385.2846
recall,single,pooled,0.9,0.01,0.5,1.0,20000,0.9469696969696971,0,0.0,0.0,0.0001844269639618992,0.005,,0,0,0.0,0.0,0.975,0.9975530386740331,0.9983613636363636,0.0008083249623304893,0.0309,0.02615938389419059,,,14078.5858
recall,mixed,pooled,0.9,0.01,0.5,0.95,20000,0.9473346178548491,0,0.0,0.0,0.0001844269639618992,0.001,0.005,20000,0,0.0,0.0,0.0001844269639618992,0.9187038789215649,0.9889508349389853,0.07024695601742048,0.01005,0.02662729674476603,0.9483083882728953,0.9860250514279693,11622.92
recall,mixed,separate,0.9,0.01,0.5,0.95,20000,0.9473346178548491,0,0.0,0.0,0.0001844269639618992,0.00125,0.005,20000,0,0.0,0.0,0.0001844269639618992,0.9245546640775261,0.9812581888246626,0.056703524747136747,0.00125,0.047088871298917694,0.947843142306088,0.9859132680092815,9470.1145
recall,single,pooled,0.9,0.01,0.6,1.0,20000,0.9372071227741331,0,0.0,0.0,0.0001844269639618992,0.005,,0,0,0.0,0.0,0.975,0.9986616942909761,0.998938800374883,0.0002771060839067907,0.0169,0.01639680969862667,,,14269.5178
recall,mixed,pooled,0.9,0.01,0.6,0.95,20000,0.9376986649713923,0,0.0,0.0,0.0001844269639618992,0.001,0.005,20000,0,0.0,0.0,0.0001844269639618992,0.9193908696167363,0.9885861093452004,0.06919523972846375,0.0043,0.017021713544510427,0.9486247779744102,0.9861539778881226,11982.71745
recall,mixed,separate,0.9,0.01,0.6,0.95,20000,0.9376986649713923,0,0.0,0.0,0.0001844269639618992,0.00125,0.005,20000,0,0.0,0.0,0.0001844269639618992,0.9205580545981702,0.9782725047679592,0.05771445016978905,0.00015,0.03860216538507444,0.9479658113662567,0.985998744973074,9565.29105
recall,single,pooled,0.9,0.01,0.7,1.0,20000,0.9276437847866419,0,0.0,0.0,0.0001844269639618992,0.005,,0,0,0.0,0.0,0.975,0.9993902394106814,0.9994428571428573,5.261773217574307e-05,0.0077,0.006833471711135464,,,14394.9874
recall,mixed,pooled,0.9,0.01,0.7,0.95,20000,0.927672955974843,0,0.0,0.0,0.0001844269639618992,0.001,0.005,20000,0,0.0,0.0,0.0001844269639618992,0.9203360411797503,0.9882183962264153,0.06788235504666486,0.00125,0.006909953400412561,0.9494290837788769,0.9862897972220257,12294.2822
recall,mixed,separate,0.9,0.01,0.7,0.95,20000,0.927672955974843,0,0.0,0.0,0.0001844269639618992,0.00125,0.005,20000,0,0.0,0.0,0.0001844269639618992,0.9189613695361706,0.9756874842767295,0.05672611474055903,0.0,,0.9486880713474682,0.9861301226313455,9784.5519
recall,single,pooled,0.9,0.01,0.8,1.0,20000,0.9182736455463728,83,0.00415,0.003306766759206994,0.005141989414634847,0.005,,0,0,0.0,0.0,0.975,0.9996713627992633,0.9996608356290175,-1.0527170245904516e-05,0.00415,-0.0025366675291336183,,,14443.4023
recall,mixed,pooled,0.9,0.01,0.8,0.95,20000,0.9184308841843088,9,0.00045,0.00020578864186616608,0.0008540675189145951,0.001,0.005,20000,0,0.0,0.0,0.0001844269639618992,0.9209250471032816,0.9879407845579077,0.06701573745462616,0.00035,-0.002302554845435258,0.9497273742699219,0.9864099983146433,12525.82295
recall,mixed,separate,0.9,0.01,0.8,0.95,20000,0.9184308841843088,0,0.0,0.0,0.0001844269639618992,0.00125,0.005,20000,0,0.0,0.0,0.0001844269639618992,0.920316907246066,0.9745290784557908,0.0542121712097248,0.0,,0.9489924467422981,0.986265235920003,10114.3005
recall,single,pooled,0.9,0.01,0.9,1.0,20000,0.9090909090909091,45,0.00225,0.0016416243624832706,0.003009531622447429,0.005,,0,0,0.0,0.0,0.975,0.9998218232044199,0.9997954545454544,-2.6368658965344072e-05,0.00225,-0.011719403984597365,,,14469.3145
recall,mixed,pooled,0.9,0.01,0.9,0.95,20000,0.909371146732429,3,0.00015,3.093467444528525e-05,0.00043830045339363695,0.001,0.005,20000,0,0.0,0.0,0.0001844269639618992,0.9213712529441145,0.9880020036991367,0.0666307507550223,0.00015,-0.0112555874035567,0.9502975528148941,0.9865640699242083,12683.794
recall,mixed,separate,0.9,0.01,0.9,0.95,20000,0.909371146732429,0,0.0,0.0,0.0001844269639618992,0.00125,0.005,20000,0,0.0,0.0,0.0001844269639618992,0.9249911129098382,0.9747340320591862,0.04974291914934807,0.0,,0.9496889081463312,0.9864033798661279,10598.8626
recall,single,pooled,0.9,0.01,1.0,1.0,20000,0.9000900090009,20,0.001,0.0006109296061736067,0.0015439984673203263,0.005,,0,0,0.0,0.0,0.975,0.9999208103130753,0.999900090009001,-2.0720304074606343e-05,0.001,-0.020720304074606344,,,14486.362
recall,mixed,pooled,0.9,0.01,1.0,0.95,20000,0.899938987187309,2,0.0001,1.2110693365417044e-05,0.0003611872030449162,0.001,0.005,20000,0,0.0,0.0,0.0001844269639618992,0.9227933635826323,0.9880461866992067,0.06525282311657463,0.0001,-0.02076874544702878,0.950672396285367,0.986703610192563,12923.18255
recall,mixed,separate,0.9,0.01,1.0,0.95,20000,0.899938987187309,0,0.0,0.0,0.0001844269639618992,0.00125,0.005,20000,0,0.0,0.0,0.0001844269639618992,0.9307363651489065,0.9755731848688225,0.04483681971991613,0.0,,0.9500813485319332,0.9865097554843016,11135.236
recall,single,pooled,0.9,0.01,1.25,1.0,20000,0.8779631255487269,4,0.0002,5.44958711328088e-05,0.0005119995337837134,0.005,,0,0,0.0,0.0,0.975,0.999984162062615,0.9999755926251098,-8.569437505355903e-06,0.0002,-0.04284718752677952,,,14497.2724
recall,mixed,pooled,0.9,0.01,1.25,0.95,20000,0.8779761904761905,0,0.0,0.0,0.0001844269639618992,0.001,0.005,20000,0,0.0,0.0,0.0001844269639618992,0.9242363858194858,0.9881594940476188,0.06392310822813331,0.0,,0.951835204970244,0.9870103763419218,13182.9696
recall,mixed,separate,0.9,0.01,1.25,0.95,20000,0.8779761904761905,0,0.0,0.0,0.0001844269639618992,0.00125,0.005,20000,0,0.0,0.0,0.0001844269639618992,0.943181904191607,0.9793608333333333,0.03617892914172644,0.0,,0.9514293731782336,0.9868832831892436,12152.3721
recall,single,pooled,0.9,0.01,1.5,1.0,20000,0.8568980291345332,3,0.00015,3.093467444528525e-05,0.00043830045339363695,0.005,,0,0,0.0,0.0,0.975,0.9999881215469614,0.9999785347043703,-9.586842591146023e-06,0.00015,-0.06391228394097348,,,14497.9543
recall,mixed,pooled,0.9,0.01,1.5,0.95,20000,0.8570598489250435,0,0.0,0.0,0.0001844269639618992,0.001,0.005,20000,0,0.0,0.0,0.0001844269639618992,0.9257665253162575,0.9882302730970365,0.062463747780779184,0.0,,0.9530960934224324,0.9873225517237563,13376.8118
recall,mixed,separate,0.9,0.01,1.5,0.95,20000,0.8570598489250435,0,0.0,0.0,0.0001844269639618992,0.00125,0.005,20000,0,0.0,0.0,0.0001844269639618992,0.9478145132865168,0.9811253341080767,0.03331082082156001,0.0,,0.9527546227301531,0.9872620758474623,12659.064
recall,single,pooled,0.9,0.01,2.0,1.0,20000,0.818330605564648,0,0.0,0.0,0.0001844269639618992,0.005,,0,0,0.0,0.0,0.975,1.0,1.0,0.0,0.0,,,,14500.0
recall,mixed,pooled,0.9,0.01,2.0,0.95,20000,0.8180809761508597,7,0.00035,0.00014072936111137783,0.0007209999554352942,0.001,0.005,20000,0,0.0,0.0,0.0001844269639618992,0.9277088655206503,0.9878158069883528,0.0601069414677024,0.0,,0.9550421593579129,0.9878779691459455,13599.6665
recall,mixed,separate,0.9,0.01,2.0,0.95,20000,0.8180809761508597,1,5e-05,1.2658895979755815e-06,0.0002785503321745113,0.00125,0.005,20000,0,0.0,0.0,0.0001844269639618992,0.9448621036211065,0.9783745146977261,0.03351241107661939,0.0,,0.9548238028472011,0.9877738799398212,12831.72335
recall,single,pooled,0.9,0.01,3.0,1.0,20000,0.7501875468867218,0,0.0,0.0,0.0001844269639618992,0.005,,0,0,0.0,0.0,0.975,1.0,1.0,0.0,0.0,,,,14500.0
recall,mixed,pooled,0.9,0.01,3.0,0.95,20000,0.749872902897814,2,0.0001,1.2110693365417044e-05,0.0003611872030449162,0.001,0.005,20000,0,0.0,0.0,0.0001844269639618992,0.9306971892986958,0.9875149466192171,0.05681775732052124,0.0,,0.9588000048315315,0.9888627375079206,13853.5028
recall,mixed,separate,0.9,0.01,3.0,0.95,20000,0.749872902897814,0,0.0,0.0,0.0001844269639618992,0.00125,0.005,20000,0,0.0,0.0,0.0001844269639618992,0.9350299962150846,0.9702217336044737,0.03519173738938922,0.0,,0.9580402033181435,0.9886532950558409,12841.4848
precision,mixed,pooled,0.9,0.01,0.5,0.84,20000,0.9472981987991996,0,0.0,0.0,0.0001844269639618992,0.001,0.005,20000,17,0.00085,0.0004952318205424417,0.0013605846587597895,0.9186008024874532,0.9884237491661108,0.06982294667865752,0.00135,0.026372418350652318,0.9904040362538857,0.993336058722085,11919.57875
precision,mixed,pooled,0.9,0.01,0.5,0.86,20000,0.9476474486414845,0,0.0,0.0,0.0001844269639618992,0.001,0.005,20000,42,0.0021,0.0015139015792282266,0.002837541394166989,0.918791820995621,0.9885646785950961,0.06977285759947527,0.0026,0.02678194393686142,0.9826882303694631,0.9894189508599683,11886.4559
precision,mixed,pooled,0.9,0.01,0.5,0.88,20000,0.9473684210526315,0,0.0,0.0,0.0001844269639618992,0.001,0.005,20000,25,0.00125,0.0008090923378262652,0.0018446973434142304,0.9190298751051643,0.9886740460526316,0.06964417094746722,0.00425,0.02650271261919463,0.9727409007907339,0.9854231067612429,11824.943
precision,mixed,pooled,0.9,0.01,0.5,0.9,20000,0.9470934030045722,0,0.0,0.0,0.0001844269639618992,0.001,0.005,20000,70,0.0035,0.0027294072173772678,0.004419999699335016,0.9188456736534765,0.9887115937295885,0.0698659200761119,0.00525,0.0262802318835538,0.9610523599680546,0.9821839983168218,11727.17245
precision,mixed,pooled,0.9,0.01,0.5,0.92,20000,0.9474367293964958,0,0.0,0.0,0.0001844269639618992,0.001,0.005,20000,0,0.0,0.0,0.0001844269639618992,0.918709760480887,0.9888829331602855,0.07017317267939857,0.0073,0.026670602090714136,0.9513304209144955,0.9815006120904738,11669.4981
precision,mixed,pooled,0.9,0.01,0.5,0.94,20000,0.9471649484536081,0,0.0,0.0,0.0001844269639618992,0.001,0.005,20000,0,0.0,0.0,0.0001844269639618992,0.9187904750176215,0.9891246778350516,0.07033420281743019,0.008,0.02641353658512045,0.9474333499177308,0.9838765649161655,11696.57895
precision,mixed,pooled,0.9,0.01,0.5,0.96,20000,0.9475032010243278,0,0.0,0.0,0.0001844269639618992,0.001,0.005,20000,0,0.0,0.0,0.0001844269639618992,0.9186416277485756,0.9889868117797695,0.07034518403119382,0.01025,0.026805378998185515,0.9508485757846483,0.9886030077503265,11612.68435
precision,mixed,pooled,0.9,0.01,0.5,0.98,20000,0.94723458359822,0,0.0,0.0,0.0001844269639618992,0.001,0.005,20000,0,0.0,0.0,0.0001844269639618992,0.9188964936848972,0.9890430069930071,0.07014651330810986,0.0098,0.026537688057313748,0.9597275712536287,0.9942578248069205,11603.39575
precision,mixed,pooled,0.9,0.01,0.5,1.0,20000,0.9475679090334809,0,0.0,0.0,0.0001844269639618992,0.001,0.005,20000,0,0.0,0.0,0.0001844269639618992,0.9184458048939715,0.988898831332912,0.07045302643894057,0.01085,0.0267319368992186,0.9706124823599527,1.0,11545.0781
recall,single,pooled,0.9,0.05,0.0,1.0,20000,1.0,0,0.0,0.0,0.0001844269639618992,0.025,,0,0,0.0,0.0,0.975,0.9199632014719413,1.0,0.0800367985280589,1.0,0.0800367985280589,,,600.0
recall,mixed,pooled,0.9,0.05,0.0,0.95,20000,1.0,0,0.0,0.0,0.0001844269639618992,0.005,0.025,20000,0,0.0,0.0,0.0001844269639618992,0.9203014805516555,1.0,0.07969851944834432,0.9039,0.0796823846341434,0.9525463422810185,0.9858453595870307,684.89625
recall,mixed,separate,0.9,0.05,0.0,0.95,20000,1.0,0,0.0,0.0,0.0001844269639618992,0.00625,0.025,20000,0,0.0,0.0,0.0001844269639618992,0.925874871634164,1.0,0.07412512836583611,0.9059,0.0740700927234877,0.9526133451873271,0.9858063498992724,2006.544
recall,single,pooled,0.9,0.05,0.25,1.0,20000,0.9727626459143969,0,0.0,0.0,0.0001844269639618992,0.025,,0,0,0.0,0.0,0.975,0.9758088776448942,0.9917675097276264,0.015958632082732255,0.30225,0.05279944444245577,,,10298.725
recall,mixed,pooled,0.9,0.05,0.25,0.95,20000,0.9729551451187334,0,0.0,0.0,0.0001844269639618992,0.005,0.025,20000,0,0.0,0.0,0.0001844269639618992,0.9217107471382838,0.9899890171503958,0.06827827001211183,0.1562,0.052641531218176336,0.9534785578978503,0.9860824129915805,9326.3455
recall,mixed,separate,0.9,0.05,0.25,0.95,20000,0.9729551451187334,0,0.0,0.0,0.0001844269639618992,0.00625,0.025,20000,0,0.0,0.0,0.0001844269639618992,0.931386551746749,0.9868243073878628,0.05543775564111386,0.1665,0.06688799562568926,0.9533040732863638,0.9860125609222712,7645.84715
recall,single,pooled,0.9,0.05,0.5,1.0,20000,0.9469696969696971,0,0.0,0.0,0.0001844269639618992,0.025,,0,0,0.0,0.0,0.975,0.9927046458141674,0.995166287878788,0.002461642064620451,0.09115,0.027006495497755908,,,13233.015
recall,mixed,pooled,0.9,0.05,0.5,0.95,20000,0.9473346178548491,0,0.0,0.0,0.0001844269639618992,0.005,0.025,20000,0,0.0,0.0,0.0001844269639618992,0.922694870231233,0.9886571290944123,0.06596225886317927,0.0274,0.027025222478309154,0.9547563391408701,0.9864458352583483,11554.3243
recall,mixed,separate,0.9,0.05,0.5,0.95,20000,0.9473346178548491,0,0.0,0.0,0.0001844269639618992,0.00625,0.025,20000,0,0.0,0.0,0.0001844269639618992,0.9241382368246097,0.9794028580603724,0.0552646212357628,0.00435,0.04492549865340031,0.9540518564601487,0.9862799082424186,9007.89535
recall,single,pooled,0.9,0.05,0.6,1.0,20000,0.9372071227741331,0,0.0,0.0,0.0001844269639618992,0.025,,0,0,0.0,0.0,0.975,0.9953498620055198,0.9963517338331771,0.0010018718276573546,0.0581,0.01724392130219199,,,13692.41
recall,mixed,pooled,0.9,0.05,0.6,0.95,20000,0.9376986649713923,0,0.0,0.0,0.0001844269639618992,0.005,0.025,20000,0,0.0,0.0,0.0001844269639618992,0.9228608361430395,0.9883630324221234,0.06550219627908371,0.01305,0.017389897830894976,0.9551127662670791,0.9865624874817058,11940.24455
recall,mixed,separate,0.9,0.05,0.6,0.95,20000,0.9376986649713923,0,0.0,0.0,0.0001844269639618992,0.00625,0.025,20000,0,0.0,0.0,0.0001844269639618992,0.9216504702917712,0.9767606484424667,0.055110178150695445,0.00085,0.035884448853618515,0.9545272943733828,0.986429581353418,9260.52475
recall,single,pooled,0.9,0.05,0.7,1.0,20000,0.9276437847866419,0,0.0,0.0,0.0001844269639618992,0.025,,0,0,0.0,0.0,0.975,0.9970386384544617,0.9973228200371057,0.000284181582643929,0.037,0.007680583314700783,,,13985.7
recall,mixed,pooled,0.9,0.05,0.7,0.95,20000,0.927672955974843,0,0.0,0.0,0.0001844269639618992,0.005,0.025,20000,0,0.0,0.0,0.0001844269639618992,0.9233143258654379,0.9879236477987422,0.06460932193330421,0.0069,0.00737865804972428,0.9553317292792548,0.9866492879070196,12240.8284
recall,mixed,separate,0.9,0.05,0.7,0.95,20000,0.927672955974843,0,0.0,0.0,0.0001844269639618992,0.00625,0.025,20000,0,0.0,0.0,0.0001844269639618992,0.9221549096145449,0.9748813522012578,0.05272644258671296,0.0001,0.027243747199248047,0.9548119656657095,0.9865049212385165,9659.0302
recall,single,pooled,0.9,0.05,0.8,1.0,20000,0.9182736455463728,427,0.02135,0.01939151546356565,0.023449288506701544,0.025,,0,0,0.0,0.0,0.975,0.9982912143514259,0.9982551423324152,-3.607201901088316e-05,0.02135,-0.001689555925568298,,,14203.235
recall,mixed,pooled,0.9,0.05,0.8,0.95,20000,0.9184308841843088,91,0.00455,0.0036649108339256607,0.005583494708407605,0.005,0.025,20000,0,0.0,0.0,0.0001844269639618992,0.9239802856521874,0.9875330946450809,0.06355280899289337,0.00395,-0.0018489578402996454,0.9558014464731909,0.9867662830620906,12462.15025
recall,mixed,separate,0.9,0.05,0.8,0.95,20000,0.9184308841843088,0,0.0,0.0,0.0001844269639618992,0.00625,0.025,20000,0,0.0,0.0,0.0001844269639618992,0.9243834742701256,0.9741954234122042,0.04981194914207875,0.0,,0.9552360147735953,0.9865994874044159,10085.35555
recall,single,pooled,0.9,0.05,0.9,1.0,20000,0.9090909090909091,297,0.01485,0.013219527876203405,0.016623634465341944,0.025,,0,0,0.0,0.0,0.975,0.9988114535418583,0.99865,-0.00016145354185832588,0.01485,-0.010872292381032045,,,14293.585
recall,mixed,pooled,0.9,0.05,0.9,0.95,20000,0.909371146732429,44,0.0022,0.0015989644746873626,0.002952284467374476,0.005,0.025,20000,0,0.0,0.0,0.0001844269639618992,0.9239978321716588,0.9873639025893959,0.06336607041773715,0.002,-0.010912968901431078,0.9561527750393012,0.9869060070305602,12590.37555
recall,mixed,separate,0.9,0.05,0.9,0.95,20000,0.909371146732429,0,0.0,0.0,0.0001844269639618992,0.00625,0.025,20000,0,0.0,0.0,0.0001844269639618992,0.92850652444594,0.9743834771886559,0.04587695274271606,0.0,,0.9557271636816255,0.9867333598853675,10556.0279
recall,single,pooled,0.9,0.05,1.0,1.0,20000,0.9000900090009,165,0.00825,0.007043291653962476,0.009602747905739525,0.025,,0,0,0.0,0.0,0.975,0.9993396964121435,0.9991757425742575,-0.00016395383788608844,0.00825,-0.01987319247104102,,,14385.325
recall,mixed,pooled,0.9,0.05,1.0,0.95,20000,0.899938987187309,19,0.00095,0.0005720559043738818,0.0014831468941549724,0.005,0.025,20000,0,0.0,0.0,0.0001844269639618992,0.9248296993477377,0.9871083587553385,0.06227865940760089,0.00085,-0.02036108845396997,0.9566712200785329,0.9870972866852853,12800.20255
recall,mixed,separate,0.9,0.05,1.0,0.95,20000,0.899938987187309,1,5e-05,1.2658895979755815e-06,0.0002785503321745113,0.00625,0.025,20000,0,0.0,0.0,0.0001844269639618992,0.9333480837997009,0.9751512507626602,0.04180316696295928,0.0,,0.9561209185520727,0.9868636219119344,11089.89015
recall,single,pooled,0.9,0.05,1.25,1.0,20000,0.8779631255487269,66,0.0033,0.002553111171980259,0.004196522242483217,0.025,,0,0,0.0,0.0,0.975,0.9997358785648576,0.9995972783143108,-0.00013860025054660685,0.0033,-0.0420000759232142,,,14454.13
recall,mixed,pooled,0.9,0.05,1.25,0.95,20000,0.8779761904761905,5,0.00025,8.117914280267088e-05,0.0005833193489126621,0.005,0.025,20000,0,0.0,0.0,0.0001844269639618992,0.925098692421158,0.9865122916666668,0.06141359924550861,0.0002,-0.04238945989154255,0.95785618391787,0.9873743215152202,13002.34735
recall,mixed,separate,0.9,0.05,1.25,0.95,20000,0.8779761904761905,1,5e-05,1.2658895979755815e-06,0.0002785503321745113,0.00625,0.025,20000,0,0.0,0.0,0.0001844269639618992,0.9426200616703528,0.9780135416666668,0.03539347999631375,0.0,,0.9573395226496741,0.9872761591922019,11999.4227
recall,single,pooled,0.9,0.05,1.5,1.0,20000,0.8568980291345332,18,0.0009,0.0005334815053176195,0.0014220164805692974,0.025,,0,0,0.0,0.0,0.975,0.9999279668813248,0.9998712082262211,-5.6758655103667345e-05,0.0009,-0.06306517233740817,,,14487.49
recall,mixed,pooled,0.9,0.05,1.5,0.95,20000,0.8570598489250435,0,0.0,0.0,0.0001844269639618992,0.005,0.025,20000,0,0.0,0.0,0.0001844269639618992,0.926614964390767,0.9863699883788495,0.05975502398808246,0.0,,0.958782362912098,0.9876981741307375,13204.69275
recall,mixed,separate,0.9,0.05,1.5,0.95,20000,0.8570598489250435,1,5e-05,1.2658895979755815e-06,0.0002785503321745113,0.00625,0.025,20000,0,0.0,0.0,0.0001844269639618992,0.9451660332608588,0.9785144973852412,0.03334846412438232,0.0,,0.9585052569145617,0.9875546732938073,12411.6249
recall,single,pooled,0.9,0.05,2.0,1.0,20000,0.818330605564648,1,5e-05,1.2658895979755815e-06,0.0002785503321745113,0.025,,0,0,0.0,0.0,0.975,0.9999959981600736,0.9999909165302783,-5.081629795364651e-06,5e-05,-0.10163259590729301,,,14499.305
recall,mixed,pooled,0.9,0.05,2.0,0.95,20000,0.8180809761508597,29,0.00145,0.0009712961210016117,0.0020817832728125913,0.005,0.025,20000,0,0.0,0.0,0.0001844269639618992,0.9283049922848797,0.9859774542429285,0.05767246195804876,0.0,,0.9603428118840424,0.9881798423876369,13467.22345
recall,mixed,separate,0.9,0.05,2.0,0.95,20000,0.8180809761508597,9,0.00045,0.00020578864186616608,0.0008540675189145951,0.00625,0.025,20000,0,0.0,0.0,0.0001844269639618992,0.9419819643319705,0.9757863838047699,0.033804419472799295,0.0,,0.9601749727320221,0.9880689490505435,12637.40725
recall,single,pooled,0.9,0.05,3.0,1.0,20000,0.7501875468867218,0,0.0,0.0,0.0001844269639618992,0.025,,0,0,0.0,0.0,0.975,1.0,1.0,0.0,0.0,,,,14500.0
recall,mixed,pooled,0.9,0.05,3.0,0.95,20000,0.749872902897814,20,0.001,0.0006109296061736067,0.0015439984673203263,0.005,0.025,20000,0,0.0,0.0,0.0001844269639618992,0.9313203820131939,0.985531748856126,0.0542113668429321,0.0,,0.9639393738953073,0.9891844966495557,13756.43275
recall,mixed,separate,0.9,0.05,3.0,0.95,20000,0.749872902897814,13,0.00065,0.0003461415732329871,0.0011112633024966876,0.00625,0.025,20000,0,0.0,0.0,0.0001844269639618992,0.9315842193007742,0.9668291052364005,0.03524488593562637,0.0,,0.9630977603895892,0.988990402804774,12662.9564
precision,mixed,pooled,0.9,0.05,0.5,0.84,20000,0.9472981987991996,0,0.0,0.0,0.0001844269639618992,0.005,0.025,20000,241,0.01205,0.010584110138917404,0.013660176110013305,0.9229010307198472,0.9881880920613741,0.06528706134152704,0.00535,0.026821028532089834,0.9912094112269997,0.9930315814516987,11845.20755
precision,mixed,pooled,0.9,0.05,0.5,0.86,20000,0.9476474486414845,0,0.0,0.0,0.0001844269639618992,0.005,0.025,20000,65,0.00325,0.0025091498279466,0.004140542575091907,0.9229870540741445,0.9883238899933731,0.0653368359192285,0.0081,0.027191651568171528,0.9859754454573675,0.9901446177853428,11820.353
precision,mixed,pooled,0.9,0.05,0.5,0.88,20000,0.9473684210526315,0,0.0,0.0,0.0001844269639618992,0.005,0.025,20000,175,0.00875,0.007506099916175178,0.010139685604444516,0.9226465394952629,0.988411677631579,0.06576513813631592,0.0108,0.026927561877915805,0.9788628943616055,0.9870757864366294,11768.5135
precision,mixed,pooled,0.9,0.05,0.5,0.9,20000,0.9470934030045722,0,0.0,0.0,0.0001844269639618992,0.005,0.025,20000,397,0.01985,0.017961917724614477,0.021879409793127136,0.9225497072092723,0.9885543762246897,0.06600466901541727,0.014,0.02668169583034902,0.9706064516813884,0.9846352810182021,11719.36265
precision,mixed,pooled,0.9,0.05,0.5,0.92,20000,0.9474367293964958,0,0.0,0.0,0.0001844269639618992,0.005,0.025,20000,0,0.0,0.0,0.0001844269639618992,0.9226759460509729,0.9887096365996108,0.06603369054863763,0.0206,0.02706026497816563,0.9616980537790157,0.9833957738684378,11657.4992
precision,mixed,pooled,0.9,0.05,0.5,0.94,20000,0.9471649484536081,0,0.0,0.0,0.0001844269639618992,0.005,0.025,20000,0,0.0,0.0,0.0001844269639618992,0.9227488859829055,0.9887358891752578,0.06598700319235233,0.0241,0.026844247302068528,0.9558667577593788,0.9848046789940279,11613.76405
precision,mixed,pooled,0.9,0.05,0.5,0.96,20000,0.9475032010243278,0,0.0,0.0,0.0001844269639618992,0.005,0.025,20000,0,0.0,0.0,0.0001844269639618992,0.9227632453472668,0.988751280409731,0.06598803506246423,0.0287,0.027213756396996667,0.9548397455706943,0.9885840259819155,11545.2407
precision,mixed,pooled,0.9,0.05,0.5,0.98,20000,0.94723458359822,0,0.0,0.0,0.0001844269639618992,0.005,0.025,20000,0,0.0,0.0,0.0001844269639618992,0.9228301765007781,0.9887300699300701,0.06589989342929184,0.03065,0.026979240053735486,0.9608296659900796,0.9940707023910772,11503.95505
precision,mixed,pooled,0.9,0.05,0.5,1.0,20000,0.9475679090334809,0,0.0,0.0,0.0001844269639618992,0.005,0.025,20000,0,0.0,0.0,0.0001844269639618992,0.922586977370138,0.9887555274794693,0.0661685501093314,0.03105,0.027314744476518715,0.970607249648825,1.0,11488.52695
recall,single,pooled,0.9,0.1,0.0,1.0,20000,1.0,0,0.0,0.0,0.0001844269639618992,0.05,,0,0,0.0,0.0,0.975,0.9199632014719413,1.0,0.0800367985280589,1.0,0.0800367985280589,,,488.0
recall,mixed,pooled,0.9,0.1,0.0,0.95,20000,1.0,0,0.0,0.0,0.0001844269639618992,0.01,0.05,20000,0,0.0,0.0,0.0001844269639618992,0.9200376778259193,1.0,0.0799623221740806,0.8308,0.07998514043769882,0.9590308544277701,0.986728804930182,630.84435
recall,mixed,separate,0.9,0.1,0.0,0.95,20000,1.0,0,0.0,0.0,0.0001844269639618992,0.0125,0.05,20000,0,0.0,0.0,0.0001844269639618992,0.9249146144648205,1.0,0.0750853855351795,0.82565,0.07505376873477765,0.9593236148913695,0.9868092878051324,1765.08705
recall,single,pooled,0.9,0.1,0.25,1.0,20000,0.9727626459143969,0,0.0,0.0,0.0001844269639618992,0.05,,0,0,0.0,0.0,0.975,0.9691978380864766,0.9895177042801555,0.020319866193679103,0.38485,0.052799444442455774,,,9107.4818
recall,mixed,pooled,0.9,0.1,0.25,0.95,20000,0.9729551451187334,0,0.0,0.0,0.0001844269639618992,0.01,0.05,20000,0,0.0,0.0,0.0001844269639618992,0.9226078743463694,0.9889515831134565,0.06634370876708715,0.1855,0.052936450302311124,0.959799167428643,0.9869808862991803,8805.81745
recall,mixed,separate,0.9,0.1,0.25,0.95,20000,0.9729551451187334,0,0.0,0.0,0.0001844269639618992,0.0125,0.05,20000,0,0.0,0.0,0.0001844269639618992,0.9302198176529121,0.9861121372031663,0.05589231955025432,0.1727,0.06647683759128749,0.9595782119480202,0.9869250028794877,7285.45955
recall,single,pooled,0.9,0.1,0.5,1.0,20000,0.9469696969696971,0,0.0,0.0,0.0001844269639618992,0.05,,0,0,0.0,0.0,0.975,0.9881225390984361,0.992130303030303,0.004007763931866978,0.1484,0.02700649549775591,,,12420.6192
recall,mixed,pooled,0.9,0.1,0.5,0.95,20000,0.9473346178548491,0,0.0,0.0,0.0001844269639618992,0.01,0.05,20000,0,0.0,0.0,0.0001844269639618992,0.9243182509058874,0.9879023763648042,0.0635841254589166,0.04085,0.02731805468562621,0.9604339898413673,0.9872252713114518,11375.74985
recall,mixed,separate,0.9,0.1,0.5,0.95,20000,0.9473346178548491,0,0.0,0.0,0.0001844269639618992,0.0125,0.05,20000,0,0.0,0.0,0.0001844269639618992,0.9244284372373178,0.9786812459858701,0.054252808748552504,0.0059,0.04409337640690396,0.9604806422019309,0.9871683338961952,8841.39955
recall,single,pooled,0.9,0.1,0.6,1.0,20000,0.9372071227741331,0,0.0,0.0,0.0001844269639618992,0.05,,0,0,0.0,0.0,0.975,0.9921924103035878,0.9938745548266166,0.0016821445230288284,0.09755,0.017243921302191986,,,13133.1294
recall,mixed,pooled,0.9,0.1,0.6,0.95,20000,0.9376986649713923,0,0.0,0.0,0.0001844269639618992,0.01,0.05,20000,0,0.0,0.0,0.0001844269639618992,0.9248589673953794,0.9876353782581057,0.06277641086272599,0.02295,0.01768244066681806,0.9612701313148325,0.9874556863842306,11802.1788
recall,mixed,separate,0.9,0.1,0.6,0.95,20000,0.9376986649713923,0,0.0,0.0,0.0001844269639618992,0.0125,0.05,20000,0,0.0,0.0,0.0001844269639618992,0.9225139210700095,0.9760576287349013,0.053543707664891964,0.00175,0.03521419259012337,0.9606342844425795,0.9872216392186669,9125.44
recall,single,pooled,0.9,0.1,0.7,1.0,20000,0.9276437847866419,0,0.0,0.0,0.0001844269639618992,0.05,,0,0,0.0,0.0,0.975,0.9947695952161913,0.9952715213358071,0.0005019261196156963,0.06535,0.007680583314700785,,,13584.3158
recall,mixed,pooled,0.9,0.1,0.7,0.95,20000,0.927672955974843,0,0.0,0.0,0.0001844269639618992,0.01,0.05,20000,0,0.0,0.0,0.0001844269639618992,0.9254218251696879,0.987627672955975,0.06220584778628704,0.01155,0.007648857013742296,0.9614580850785869,0.9875572207690338,12209.75845
recall,mixed,separate,0.9,0.1,0.7,0.95,20000,0.927672955974843,0,0.0,0.0,0.0001844269639618992,0.0125,0.05,20000,0,0.0,0.0,0.0001844269639618992,0.9232448571100398,0.9742015094339622,0.05095665232392257,0.0002,0.0262620978133081,0.9611333682096506,0.9874213530537356,9557.81145
recall,single,pooled,0.9,0.1,0.8,1.0,20000,0.9182736455463728,899,0.04495,0.04211981874922537,0.04791339148513775,0.05,,0,0,0.0,0.0,0.975,0.9964023459061638,0.9963264003673091,-7.5945538854295e-05,0.04495,-0.001689555925568298,,,13870.1606
recall,mixed,pooled,0.9,0.1,0.8,0.95,20000,0.9184308841843088,155,0.00775,0.00658165671116412,0.009064647110896348,0.01,0.05,20000,0,0.0,0.0,0.0001844269639618992,0.9254818267166629,0.987191313823163,0.06170948710650024,0.0056,-0.001587547756275978,0.9619314625541275,0.9876517905830929,12428.5517
recall,mixed,separate,0.9,0.1,0.8,0.95,20000,0.9184308841843088,0,0.0,0.0,0.0001844269639618992,0.0125,0.05,20000,0,0.0,0.0,0.0001844269639618992,0.9254919100270418,0.9734479763387298,0.047956066311688014,5e-05,0.020775963376773787,0.9613696460349689,0.9874896154805644,9990.43025
recall,single,pooled,0.9,0.1,0.9,1.0,20000,0.9090909090909091,633,0.03165,0.02926702780135564,0.03417036010349333,0.05,,0,0,0.0,0.0,0.975,0.997466835326587,0.9971227272727272,-0.0003441080538596642,0.03165,-0.010872292381032045,,,14056.5202
recall,mixed,pooled,0.9,0.1,0.9,0.95,20000,0.909371146732429,95,0.00475,0.0038446828149186,0.0058035585022179845,0.01,0.05,20000,0,0.0,0.0,0.0001844269639618992,0.925685736209038,0.9870657521578298,0.06138001594879181,0.00395,-0.010663875141583373,0.9620475818625013,0.9876930520634696,12568.6141
recall,mixed,separate,0.9,0.1,0.9,0.95,20000,0.909371146732429,3,0.00015,3.093467444528525e-05,0.00043830045339363695,0.0125,0.05,20000,0,0.0,0.0,0.0001844269639618992,0.9288467518003359,0.973428637484587,0.044581885684250894,0.0,,0.9613729005756231,0.9875288844258797,10433.5775
recall,single,pooled,0.9,0.1,1.0,1.0,20000,0.9000900090009,421,0.02105,0.019105380392153492,0.023135527540298413,0.05,,0,0,0.0,0.0,0.975,0.9983152253909844,0.9978968946894691,-0.0004183307015154135,0.02105,-0.01987319247104102,,,14205.0474
recall,mixed,pooled,0.9,0.1,1.0,0.95,20000,0.899938987187309,48,0.0024,0.0017700845155285815,0.0031808071534832933,0.01,0.05,20000,0,0.0,0.0,0.0001844269639618992,0.9264500288185485,0.9866600671140939,0.06021003829554544,0.00195,-0.02009389634282657,0.9626275104789518,0.9879116396207442,12762.94
recall,mixed,separate,0.9,0.1,1.0,0.95,20000,0.899938987187309,4,0.0002,5.44958711328088e-05,0.0005119995337837134,0.0125,0.05,20000,0,0.0,0.0,0.0001844269639618992,0.9329736625375237,0.9740030506406346,0.04102938810311084,0.0,,0.9622713535251877,0.9877549891007855,10954.69235
recall,single,pooled,0.9,0.1,1.25,1.0,20000,0.8779631255487269,163,0.00815,0.00695086738434395,0.009495224160342503,0.05,,0,0,0.0,0.0,0.975,0.9993477000919964,0.999005399473222,-0.0003423006187741957,0.00815,-0.0420000759232142,,,14385.8022
recall,mixed,pooled,0.9,0.1,1.25,0.95,20000,0.8779761904761905,14,0.0007,0.00038274767578166,0.0011742024203120155,0.01,0.05,20000,0,0.0,0.0,0.0001844269639618992,0.926620528194773,0.9859583333333332,0.059337805138560316,0.00065,-0.04201096146925969,0.9635282553214627,0.9882153564913969,12965.0134
recall,mixed,separate,0.9,0.1,1.25,0.95,20000,0.8779761904761905,3,0.00015,3.093467444528525e-05,0.00043830045339363695,0.0125,0.05,20000,0,0.0,0.0,0.0001844269639618992,0.9410055614817496,0.976191875,0.035186313518250294,0.0,,0.9634398512449778,0.9881464001342434,11820.32595
recall,single,pooled,0.9,0.1,1.5,1.0,20000,0.8568980291345332,67,0.00335,0.0025971185907369366,0.004252456815557634,0.05,,0,0,0.0,0.0,0.975,0.9997318767249309,0.9995206083976007,-0.00021126832733031736,0.00335,-0.06306517233740816,,,14453.0598
recall,mixed,pooled,0.9,0.1,1.5,0.95,20000,0.8570598489250435,2,0.0001,1.2110693365417044e-05,0.0003611872030449162,0.01,0.05,20000,0,0.0,0.0,0.0001844269639618992,0.9274702450761327,0.9857641778036026,0.058293932727469834,5e-05,-0.06314281098629271,0.9643516279547472,0.9884667913121572,13170.1615
recall,mixed,separate,0.9,0.1,1.5,0.95,20000,0.8570598489250435,9,0.00045,0.00020578864186616608,0.0008540675189145951,0.0125,0.05,20000,0,0.0,0.0,0.0001844269639618992,0.9442857977937831,0.9770975595583963,0.03281176176461313,0.0,,0.9638654715034005,0.9882978824318925,12298.6515
recall,single,pooled,0.9,0.1,2.0,1.0,20000,0.818330605564648,11,0.00055,0.00027458897358190713,0.0009838883291846084,0.05,,0,0,0.0,0.0,0.975,0.9999559797608097,0.9999000818330606,-5.589792774901116e-05,0.00055,-0.10163259590729301,,,14492.2934
recall,mixed,pooled,0.9,0.1,2.0,0.95,20000,0.8180809761508597,85,0.00425,0.0033961177281664665,0.005252547748690907,0.01,0.05,20000,0,0.0,0.0,0.0001844269639618992,0.929033919096663,0.9852102052135331,0.056176286116869985,0.0,,0.9659257529108887,0.9889481020906971,13435.0867
recall,mixed,separate,0.9,0.1,2.0,0.95,20000,0.8180809761508597,21,0.00105,0.0006500803486648398,0.0016045910822638997,0.0125,0.05,20000,0,0.0,0.0,0.0001844269639618992,0.9410802885906063,0.9743708264004437,0.03329053780983738,0.0,,0.9656445830677162,0.9888774017706204,12558.0848
recall,single,pooled,0.9,0.1,3.0,1.0,20000,0.7501875468867218,0,0.0,0.0,0.0001844269639618992,0.05,,0,0,0.0,0.0,0.975,1.0,1.0,0.0,0.0,,,,14500.0
recall,mixed,pooled,0.9,0.1,3.0,0.95,20000,0.749872902897814,41,0.00205,0.001471504694212086,0.002780039673780691,0.01,0.05,20000,0,0.0,0.0,0.0001844269639618992,0.9325303465610206,0.9848181748856124,0.05228782832459186,0.0,,0.9687399692890635,0.9898364782752404,13742.60885
recall,mixed,separate,0.9,0.1,3.0,0.95,20000,0.749872902897814,29,0.00145,0.0009712961210016117,0.0020817832728125913,0.0125,0.05,20000,0,0.0,0.0,0.0001844269639618992,0.9306264401570333,0.9653087697000509,0.03468232954301742,0.0,,0.9682322381763381,0.9896956235001537,12606.0512
precision,mixed,pooled,0.9,0.1,0.5,0.84,20000,0.9472981987991996,0,0.0,0.0,0.0001844269639618992,0.01,0.05,20000,756,0.0378,0.03519928936515737,0.04053614612111445,0.9244836662624799,0.9874885256837892,0.06300485942130944,0.0065,0.027340689653044033,0.9929408434710524,0.9937320382496029,11657.7673
precision,mixed,pooled,0.9,0.1,0.5,0.86,20000,0.9476474486414845,0,0.0,0.0,0.0001844269639618992,0.01,0.05,20000,226,0.0113,0.00988149124715256,0.012863114854262147,0.9250203067864043,0.9876519218025179,0.06263161501611375,0.01045,0.02768140668713902,0.9889581842011972,0.9913271469173571,11645.86435
precision,mixed,pooled,0.9,0.1,0.5,0.88,20000,0.9473684210526315,0,0.0,0.0,0.0001844269639618992,0.01,0.05,20000,428,0.0214,0.019439214743056727,0.023501571934324117,0.9248732487350643,0.9876525986842107,0.0627793499491463,0.0149,0.02740010651460196,0.9835065121873234,0.9887594381787937,11581.8575
precision,mixed,pooled,0.9,0.1,0.5,0.9,20000,0.9470934030045722,0,0.0,0.0,0.0001844269639618992,0.01,0.05,20000,805,0.04025,0.037568094489272646,0.04306657405475465,0.9244456067582548,0.9877225669497061,0.06327696019145115,0.0206,0.027118355054766535,0.9768925783773696,0.9866480688807615,11524.94185
precision,mixed,pooled,0.9,0.1,0.5,0.92,20000,0.9474367293964958,0,0.0,0.0,0.0001844269639618992,0.01,0.05,20000,0,0.0,0.0,0.0001844269639618992,0.9243649694187931,0.9877005515898767,0.06333558217108379,0.02745,0.027439631095958,0.9700031261964447,0.9856263745041539,11427.14935
precision,mixed,pooled,0.9,0.1,0.5,0.94,20000,0.9471649484536081,0,0.0,0.0,0.0001844269639618992,0.01,0.05,20000,0,0.0,0.0,0.0001844269639618992,0.9246728033237126,0.9877836018041238,0.06311079848041107,0.0354,0.02715620038981969,0.9631495042836147,0.9861720983590063,11393.63415
precision,mixed,pooled,0.9,0.1,0.5,0.96,20000,0.9475032010243278,0,0.0,0.0,0.0001844269639618992,0.01,0.05,20000,0,0.0,0.0,0.0001844269639618992,0.9246218582135906,0.9879111075544174,0.06328924934082686,0.0428,0.02746413570395359,0.9594173500751915,0.9890287045899439,11336.45575
precision,mixed,pooled,0.9,0.1,0.5,0.98,20000,0.94723458359822,0,0.0,0.0,0.0001844269639618992,0.01,0.05,20000,0,0.0,0.0,0.0001844269639618992,0.9247081483245448,0.9879554036872219,0.06324725536267686,0.04635,0.02714310782092542,0.9615482536349511,0.9940521614689358,11293.0583
precision,mixed,pooled,0.9,0.1,0.5,1.0,20000,0.9475679090334809,0,0.0,0.0,0.0001844269639618992,0.01,0.05,20000,0,0.0,0.0,0.0001844269639618992,0.9243684834735786,0.9878222046746683,0.06345372120108973,0.05205,0.02736524912214444,0.9699387879716369,1.0,11228.6652
recall,single,pooled,0.95,0.01,0.0,1.0,20000,1.0,0,0.0,0.0,0.0001844269639618992,0.005,,0,0,0.0,0.0,0.975,0.9624639076034648,1.0,0.0375360923965351,1.0,0.0375360923965351,,,1822.0
recall,mixed,pooled,0.95,0.01,0.0,0.95,20000,1.0,0,0.0,0.0,0.0001844269639618992,0.001,0.005,20000,0,0.0,0.0,0.0001844269639618992,0.9622094488304102,1.0,0.03779055116958973,0.969,0.037789151190480263,0.9459618013522376,0.9853897284692925,1742.20805
recall,mixed,separate,0.95,0.01,0.0,0.95,20000,1.0,0,0.0,0.0,0.0001844269639618992,0.00125,0.005,20000,0,0.0,0.0,0.0001844269639618992,0.9677732704342202,1.0,0.03222672956577974,0.0,,0.94587245072199,0.9854152456963439,4927.8947
recall,single,pooled,0.95,0.01,0.25,1.0,20000,0.9871668311944719,0,0.0,0.0,0.0001844269639618992,0.005,,0,0,0.0,0.0,0.975,0.9934443214629449,0.9977586870681145,0.0043143656051693735,0.17465,0.02470292359100701,,,12285.7873
recall,mixed,pooled,0.95,0.01,0.25,0.95,20000,0.9872824631860778,0,0.0,0.0,0.0001844269639618992,0.001,0.005,20000,0,0.0,0.0,0.0001844269639618992,0.9562810523815344,0.9935758366800536,0.03729478429851922,0.3201,0.033889924686267774,0.946318948855682,0.9855359052155527,7921.96165
recall,mixed,separate,0.95,0.01,0.25,0.95,20000,0.9872824631860778,0,0.0,0.0,0.0001844269639618992,0.00125,0.005,20000,0,0.0,0.0,0.0001844269639618992,0.9649921288043022,0.9940770080321285,0.029084879227826172,0.0,,0.9462494312932457,0.985505941063305,8072.12375
recall,single,pooled,0.95,0.01,0.5,1.0,20000,0.9746588693957116,0,0.0,0.0,0.0001844269639618992,0.005,,0,0,0.0,0.0,0.975,0.9988232435033686,0.9992055555555555,0.00038231205218692936,0.03135,0.01219496179224655,,,14102.5447
recall,mixed,pooled,0.95,0.01,0.5,0.95,20000,0.9742404227212679,0,0.0,0.0,0.0001844269639618992,0.001,0.005,20000,0,0.0,0.0,0.0001844269639618992,0.9579559972818171,0.993812681638045,0.03585668435622771,0.0488,0.02249002111683561,0.9471187677784219,0.9856915194598022,11136.489
recall,mixed,separate,0.95,0.01,0.5,0.95,20000,0.9742404227212679,0,0.0,0.0,0.0001844269639618992,0.00125,0.005,20000,0,0.0,0.0,0.0001844269639618992,0.9689907794873638,0.9932791281373844,0.024288348650020577,0.0,,0.9471766030664578,0.985696679911215,10825.76425
recall,single,pooled,0.95,0.01,0.6,1.0,20000,0.9689922480620152,0,0.0,0.0,0.0001844269639618992,0.005,,0,0,0.0,0.0,0.975,0.9995401828681424,0.9996201550387598,7.997217061724426e-05,0.01225,0.006528340458550552,,,14344.6945
recall,mixed,pooled,0.95,0.01,0.6,0.95,20000,0.9691195795006572,0,0.0,0.0,0.0001844269639618992,0.001,0.005,20000,0,0.0,0.0,0.0001844269639618992,0.9589968428571528,0.9937813074901445,0.03478446463299171,0.0229,0.01710621122029076,0.9473023909033976,0.9857933680642164,11845.5389
recall,mixed,separate,0.95,0.01,0.6,0.95,20000,0.9691195795006572,0,0.0,0.0,0.0001844269639618992,0.00125,0.005,20000,0,0.0,0.0,0.0001844269639618992,0.9671390503857848,0.992274244415243,0.025135194029458255,0.0,,0.9474803476151814,0.9857649678516,10901.19555
recall,single,pooled,0.95,0.01,0.7,1.0,20000,0.9643201542912248,0,0.0,0.0,0.0001844269639618992,0.005,,0,0,0.0,0.0,0.975,0.9997316169393649,0.9997448891031822,1.3272163817482169e-05,0.00715,0.0018562466877597439,,,14409.3523
recall,mixed,pooled,0.95,0.01,0.7,0.95,20000,0.9646827992151733,0,0.0,0.0,0.0001844269639618992,0.001,0.005,20000,0,0.0,0.0,0.0001844269639618992,0.9594247118886726,0.9939934597776322,0.03456874788895988,0.0108,0.013166277601372078,0.9476507818044735,0.9858760616809413,12225.8306
recall,mixed,separate,0.95,0.01,0.7,0.95,20000,0.9646827992151733,0,0.0,0.0,0.0001844269639618992,0.00125,0.005,20000,0,0.0,0.0,0.0001844269639618992,0.9650381979371652,0.9912158600392413,0.026177662102076216,0.0,,0.9474651446712418,0.985812071804918,10921.9886
recall,single,pooled,0.95,0.01,0.8,1.0,20000,0.9596928982725531,59,0.00295,0.0022464121018698976,0.0038036570757950354,0.005,,0,0,0.0,0.0,0.975,0.9998892685274302,0.9998810940499041,-8.17447752619076e-06,0.00295,-0.002771009330912122,,,14462.5999
recall,mixed,pooled,0.95,0.01,0.8,0.95,20000,0.959661678594665,5,0.00025,8.117914280267088e-05,0.0005833193489126621,0.001,0.005,20000,0,0.0,0.0,0.0001844269639618992,0.9600330622893737,0.9940831164606376,0.03405005417126381,0.00445,0.009179844190087159,0.9478323381917607,0.9858967695099106,12601.54985
recall,mixed,separate,0.95,0.01,0.8,0.95,20000,0.959661678594665,0,0.0,0.0,0.0001844269639618992,0.00125,0.005,20000,0,0.0,0.0,0.0001844269639618992,0.9626092371635503,0.9897285621340274,0.027119324970477025,0.0,,0.9476760881410377,0.985873653885646,10929.5931
recall,single,pooled,0.95,0.01,0.9,1.0,20000,0.9551098376313277,37,0.00185,0.0013028949062319371,0.0025490886523771247,0.005,,0,0,0.0,0.0,0.975,0.9999305582290663,0.999916953199618,-1.3605029448453964e-05,0.00185,-0.007354069972137278,,,14476.5457
recall,mixed,pooled,0.95,0.01,0.9,0.95,20000,0.9546925566343043,0,0.0,0.0,0.0001844269639618992,0.001,0.005,20000,0,0.0,0.0,0.0001844269639618992,0.9604117666040848,0.9942488673139158,0.03383710070983109,0.00215,0.004878818086734399,0.9483817181815557,0.986010898218503,12802.87675
recall,mixed,separate,0.95,0.01,0.9,0.95,20000,0.9546925566343043,0,0.0,0.0,0.0001844269639618992,0.00125,0.005,20000,0,0.0,0.0,0.0001844269639618992,0.9608967397722743,0.9886875728155341,0.027790833043259706,0.0,,0.9477498323634601,0.98590826169637,10952.44385
recall,single,pooled,0.95,0.01,1.0,1.0,20000,0.9496676163342831,19,0.00095,0.0005720559043738818,0.0014831468941549724,0.005,,0,0,0.0,0.0,0.975,0.9999643407122232,0.9999521842355178,-1.2156476705722819e-05,0.00095,-0.012796291269181914,,,14487.9559
recall,mixed,pooled,0.95,0.01,1.0,0.95,20000,0.9497746297488732,6,0.0003,0.00011010241504607224,0.000652858465585465,0.001,0.005,20000,0,0.0,0.0,0.0001844269639618992,0.9615123553188394,0.994245009658725,0.0327326543398856,0.0006,-8.17351838744429e-06,0.9484134000813103,0.9860431735923201,13071.7146
recall,mixed,separate,0.95,0.01,1.0,0.95,20000,0.9497746297488732,0,0.0,0.0,0.0001844269639618992,0.00125,0.005,20000,0,0.0,0.0,0.0001844269639618992,0.9597825074189794,0.98770598840953,0.02792348099055054,0.0,,0.9479811246774128,0.98596123187915,11003.82355
recall,single,pooled,0.95,0.01,1.25,1.0,20000,0.9380863039399625,1,5e-05,1.2658895979755815e-06,0.0002785503321745113,0.005,,0,0,0.0,0.0,0.975,0.9999981231953802,0.999996904315197,-1.2188801831751195e-06,5e-05,-0.02437760366350239,,,14499.3661
recall,mixed,pooled,0.95,0.01,1.25,0.95,20000,0.938295165394402,1,5e-05,1.2658895979755815e-06,0.0002785503321745113,0.001,0.005,20000,0,0.0,0.0,0.0001844269639618992,0.9620201274951005,0.9945710877862596,0.032550960291159094,5e-05,-0.011711028185951933,0.9489836685620123,0.9862270874773061,13307.90415
recall,mixed,separate,0.95,0.01,1.25,0.95,20000,0.938295165394402,0,0.0,0.0,0.0001844269639618992,0.00125,0.005,20000,0,0.0,0.0,0.0001844269639618992,0.9612298104642365,0.986371882951654,0.025142072487417455,0.0,,0.9484395583488641,0.9860853263446665,11447.23245
recall,single,pooled,0.95,0.01,1.5,1.0,20000,0.9267840593141798,1,5e-05,1.2658895979755815e-06,0.0002785503321745113,0.005,,0,0,0.0,0.0,0.975,0.9999981231953802,0.9999963392029658,-1.7839924144642526e-06,5e-05,-0.035679848289285054,,,14499.3661
recall,mixed,pooled,0.95,0.01,1.5,0.95,20000,0.9270898805782526,0,0.0,0.0,0.0001844269639618992,0.001,0.005,20000,0,0.0,0.0,0.0001844269639618992,0.9632503457143401,0.9947675989943433,0.031517253280003106,0.0,,0.9496247097841668,0.9863558715571582,13586.4304
recall,mixed,separate,0.95,0.01,1.5,0.95,20000,0.9270898805782526,0,0.0,0.0,0.0001844269639618992,0.00125,0.005,20000,0,0.0,0.0,0.0001844269639618992,0.967962315428266,0.9876386235072281,0.019676308078962007,0.0,,0.9492244130603813,0.9862732919981667,12226.35775
recall,single,pooled,0.95,0.01,2.0,1.0,20000,0.904977375565611,0,0.0,0.0,0.0001844269639618992,0.005,,0,0,0.0,0.0,0.975,1.0,1.0,0.0,0.0,,,,14500.0
recall,mixed,pooled,0.95,0.01,2.0,0.95,20000,0.9049079754601227,3,0.00015,3.093467444528525e-05,0.00043830045339363695,0.001,0.005,20000,0,0.0,0.0,0.0001844269639618992,0.9642325017484527,0.995085981595092,0.03085347984663938,0.0,,0.9507468761294967,0.98671293297052,13824.62355
recall,mixed,separate,0.95,0.01,2.0,0.95,20000,0.9049079754601227,13,0.00065,0.0003461415732329871,0.0011112633024966876,0.00125,0.005,20000,0,0.0,0.0,0.0001844269639618992,0.9789404989022278,0.9920338036809815,0.01309330477875381,0.0,,0.9506446335579687,0.9866566240160742,13369.33835
recall,single,pooled,0.95,0.01,3.0,1.0,20000,0.8635578583765113,0,0.0,0.0,0.0001844269639618992,0.005,,0,0,0.0,0.0,0.975,1.0,1.0,0.0,0.0,,,,14500.0
recall,mixed,pooled,0.95,0.01,3.0,0.95,20000,0.8635831381733021,0,0.0,0.0,0.0001844269639618992,0.001,0.005,20000,0,0.0,0.0,0.0001844269639618992,0.9663043709037688,0.9951449648711943,0.02884059396742561,0.0,,0.9529506289676171,0.9873240880619804,14068.29255
recall,mixed,separate,0.95,0.01,3.0,0.95,20000,0.8635831381733021,6,0.0003,0.00011010241504607224,0.000652858465585465,0.00125,0.005,20000,0,0.0,0.0,0.0001844269639618992,0.9768202683183179,0.9905075234192038,0.013687255100885972,0.0,,0.9529349253460978,0.987263007114639,13552.65545
precision,mixed,pooled,0.95,0.01,0.5,0.84,20000,0.9746053534660261,0,0.0,0.0,0.0001844269639618992,0.001,0.005,20000,19,0.00095,0.0005720559043738818,0.0014831468941549724,0.9580293173378197,0.993527282086479,0.03549796474865928,0.0086,0.022834807136750877,0.9901123449989595,0.9931242659373771,11350.2807
precision,mixed,pooled,0.95,0.01,0.5,0.86,20000,0.9741144414168937,0,0.0,0.0,0.0001844269639618992,0.001,0.005,20000,58,0.0029,0.002202805650370829,0.0037473305557593406,0.9577749459284305,0.9935083787465941,0.03573343281816352,0.01325,0.021947203691203745,0.9829386871661736,0.9895055882287749,11386.5574
precision,mixed,pooled,0.95,0.01,0.5,0.88,20000,0.9742895805142083,0,0.0,0.0,0.0001844269639618992,0.001,0.005,20000,22,0.0011,0.0006894884989435102,0.0016649423628895196,0.9581394324506273,0.9936761840324764,0.03553675158184916,0.02165,0.02222794530471551,0.9717725538728726,0.9849371509020389,11378.657
precision,mixed,pooled,0.95,0.01,0.5,0.9,20000,0.9744623655913978,0,0.0,0.0,0.0001844269639618992,0.001,0.005,20000,57,0.00285,0.0021592551186354267,0.0036909494632709704,0.9579077790720781,0.9936443548387096,0.03573657576663146,0.0297,0.022813738042117036,0.9603456413812393,0.9819334603584006,11254.7264
precision,mixed,pooled,0.95,0.01,0.5,0.92,20000,0.9746328437917223,0,0.0,0.0,0.0001844269639618992,0.001,0.005,20000,0,0.0,0.0,0.0001844269639618992,0.9578744262231066,0.993651435246996,0.03577700902388943,0.04445,0.02287523772514101,0.9501778987619839,0.981056917499478,11150.938
precision,mixed,pooled,0.95,0.01,0.5,0.94,20000,0.974155069582505,0,0.0,0.0,0.0001844269639618992,0.001,0.005,20000,0,0.0,0.0,0.0001844269639618992,0.9579840528637181,0.993802054340623,0.03581800147690458,0.04515,0.022264833999378942,0.9464062901081226,0.9835081878110734,11160.70255
precision,mixed,pooled,0.95,0.01,0.5,0.96,20000,0.9743252139565503,0,0.0,0.0,0.0001844269639618992,0.001,0.005,20000,0,0.0,0.0,0.0001844269639618992,0.9579907460770002,0.9938622119815669,0.03587146590456656,0.04895,0.022541484517875833,0.9497599510213076,0.9883317825661551,11140.0321
precision,mixed,pooled,0.95,0.01,0.5,0.98,20000,0.9744931327665143,0,0.0,0.0,0.0001844269639618992,0.001,0.005,20000,0,0.0,0.0,0.0001844269639618992,0.9581508984080285,0.993815729234794,0.03566483082676549,0.05365,0.022644327787268475,0.9586424434429534,0.9941287812208124,11091.83925
precision,mixed,pooled,0.95,0.01,0.5,1.0,20000,0.9746588693957116,0,0.0,0.0,0.0001844269639618992,0.001,0.005,20000,0,0.0,0.0,0.0001844269639618992,0.9580256094929402,0.9937225795971409,0.035696970104200844,0.05645,0.022812201862128373,0.9699205615887935,1.0,11019.1728
recall,single,pooled,0.95,0.05,0.0,1.0,20000,1.0,0,0.0,0.0,0.0001844269639618992,0.025,,0,0,0.0,0.0,0.975,0.9615384615384616,1.0,0.03846153846153844,1.0,0.03846153846153844,,,1269.0
recall,mixed,pooled,0.95,0.05,0.0,0.95,20000,1.0,0,0.0,0.0,0.0001844269639618992,0.005,0.025,20000,0,0.0,0.0,0.0001844269639618992,0.9617321426968685,1.0,0.03826785730313155,0.90255,0.03824694518869274,0.9526883863575207,0.9858639605068705,1359.86445
recall,mixed,separate,0.95,0.05,0.0,0.95,20000,1.0,0,0.0,0.0,0.0001844269639618992,0.00625,0.025,20000,0,0.0,0.0,0.0001844269639618992,0.9683509142156408,1.0,0.03164908578435915,0.90725,0.03159764823564284,0.9524154022907092,0.9857918003867886,4157.56475
recall,single,pooled,0.95,0.05,0.25,1.0,20000,0.9871668311944719,0,0.0,0.0,0.0001844269639618992,0.025,,0,0,0.0,0.0,0.975,0.9881115384615384,0.9960332675222111,0.007921729060672796,0.3091,0.025628369656010338,,,10410.2979
recall,mixed,pooled,0.95,0.05,0.25,0.95,20000,0.9872824631860778,0,0.0,0.0,0.0001844269639618992,0.005,0.025,20000,0,0.0,0.0,0.0001844269639618992,0.9619079951639505,0.9951503346720214,0.03324233950807076,0.1575,0.02552860461601278,0.9530448927169014,0.9859478639276482,9745.6004
recall,mixed,separate,0.95,0.05,0.25,0.95,20000,0.9872824631860778,0,0.0,0.0,0.0001844269639618992,0.00625,0.025,20000,0,0.0,0.0,0.0001844269639618992,0.9638266113592737,0.9931935408299866,0.02936692947071292,0.48255,0.03457352467427236,0.9528623905269189,0.9859582870929964,7111.158
recall,single,pooled,0.95,0.05,0.5,1.0,20000,0.9746588693957116,0,0.0,0.0,0.0001844269639618992,0.025,,0,0,0.0,0.0,0.975,0.9963653846153846,0.9976052631578947,0.001239878542510114,0.0945,0.013120407857249883,,,13249.6705
recall,mixed,pooled,0.95,0.05,0.5,0.95,20000,0.9742404227212679,0,0.0,0.0,0.0001844269639618992,0.005,0.025,20000,0,0.0,0.0,0.0001844269639618992,0.9616491585073857,0.9949848084544254,0.03333564994703955,0.0218,0.01248620700660269,0.9534812980356905,0.9861078498625844,11759.77155
recall,mixed,separate,0.95,0.05,0.5,0.95,20000,0.9742404227212679,0,0.0,0.0,0.0001844269639618992,0.00625,0.025,20000,0,0.0,0.0,0.0001844269639618992,0.9678088684052655,0.9921857001321003,0.024376831726834924,0.02595,0.024718533710255657,0.953343808617548,0.9860632408379643,10229.5204
recall,single,pooled,0.95,0.05,0.6,1.0,20000,0.9689922480620152,0,0.0,0.0,0.0001844269639618992,0.025,,0,0,0.0,0.0,0.975,0.9980096153846152,0.9983953488372094,0.00038573345259391355,0.05175,0.007453786523553886,,,13815.29575
recall,mixed,pooled,0.95,0.05,0.6,0.95,20000,0.9691195795006572,0,0.0,0.0,0.0001844269639618992,0.005,0.025,20000,0,0.0,0.0,0.0001844269639618992,0.962468863553022,0.9947402431011826,0.032271379548160846,0.0121,0.007369892763168893,0.9538878034270493,0.9862099965163685,12276.47215
recall,mixed,separate,0.95,0.05,0.6,0.95,20000,0.9691195795006572,0,0.0,0.0,0.0001844269639618992,0.00625,0.025,20000,0,0.0,0.0,0.0001844269639618992,0.9656808708841241,0.991105420499343,0.025424549615218867,0.00545,0.019749632374367138,0.9535426367682285,0.9861264430634288,10385.5775
recall,single,pooled,0.95,0.05,0.7,1.0,20000,0.9643201542912248,0,0.0,0.0,0.0001844269639618992,0.025,,0,0,0.0,0.0,0.975,0.9987384615384616,0.9988297010607523,9.12395222906289e-05,0.0328,0.0027816927527630764,,,14066.0232
recall,mixed,pooled,0.95,0.05,0.7,0.95,20000,0.9646827992151733,0,0.0,0.0,0.0001844269639618992,0.005,0.025,20000,0,0.0,0.0,0.0001844269639618992,0.9622614250572348,0.9946904512753434,0.03242902621810857,0.00635,0.0029390398948429346,0.9538968179537038,0.9863075229180956,12500.7126
recall,mixed,separate,0.95,0.05,0.7,0.95,20000,0.9646827992151733,0,0.0,0.0,0.0001844269639618992,0.00625,0.025,20000,0,0.0,0.0,0.0001844269639618992,0.9637636868308855,0.9899079790712884,0.02614429224040305,0.00115,0.016053605988872708,0.9536984100660464,0.9861638619620015,10426.87905
recall,single,pooled,0.95,0.05,0.8,1.0,20000,0.9596928982725531,430,0.0215,0.01953462187093454,0.023606130249433525,0.025,,0,0,0.0,0.0,0.975,0.999173076923077,0.99913339731286,-3.967961021703897e-05,0.0215,-0.0018455632659087895,,,14215.5335
recall,mixed,pooled,0.95,0.05,0.8,0.95,20000,0.959661678594665,70,0.0035,0.0027294072173772678,0.004419999699335016,0.005,0.025,20000,0,0.0,0.0,0.0001844269639618992,0.9623605378528166,0.9944692257644763,0.03210868791165957,0.003,-0.0020811431881350576,0.954125630406188,0.9863624045123415,12729.74275
recall,mixed,separate,0.95,0.05,0.8,0.95,20000,0.959661678594665,1,5e-05,1.2658895979755815e-06,0.0002785503321745113,0.00625,0.025,20000,0,0.0,0.0,0.0001844269639618992,0.9615546699670152,0.9883819453480807,0.02682727538106544,0.00025,0.011764750007209534,0.9539422287797857,0.9862422284664075,10483.62295
recall,single,pooled,0.95,0.05,0.9,1.0,20000,0.9551098376313277,263,0.01315,0.01161730072657953,0.014826532322637594,0.025,,0,0,0.0,0.0,0.975,0.9994942307692307,0.9994096943648517,-8.453640437881138e-05,0.01315,-0.006428623907133946,,,14326.01235
recall,mixed,pooled,0.95,0.05,0.9,0.95,20000,0.9546925566343043,31,0.00155,0.0010533852290288356,0.0021993860227846533,0.005,0.025,20000,0,0.0,0.0,0.0001844269639618992,0.9623810896532792,0.9944585760517799,0.032077486398500686,0.0014,-0.007032592905394034,0.954372253807521,0.9863426594679364,12862.47045
recall,mixed,separate,0.95,0.05,0.9,0.95,20000,0.9546925566343043,3,0.00015,3.093467444528525e-05,0.00043830045339363695,0.00625,0.025,20000,0,0.0,0.0,0.0001844269639618992,0.9603969207429817,0.9873434951456311,0.026946574402649446,0.0,,0.9539386295918937,0.9862609538814042,10562.6962
recall,single,pooled,0.95,0.05,1.0,1.0,20000,0.9496676163342831,130,0.0065,0.005433506186077136,0.0077135153793103295,0.025,,0,0,0.0,0.0,0.975,0.99975,0.9996728395061729,-7.716049382716078e-05,0.0065,-0.011870845204178582,,,14413.9985
recall,mixed,pooled,0.95,0.05,1.0,0.95,20000,0.9497746297488732,14,0.0007,0.00038274767578166,0.0011742024203120155,0.005,0.025,20000,0,0.0,0.0,0.0001844269639618992,0.9631111392524219,0.9942918222794591,0.031180683027037186,0.00065,-0.011950947268914188,0.9546673961118555,0.9864474592967246,13084.66205
recall,mixed,separate,0.95,0.05,1.0,0.95,20000,0.9497746297488732,1,5e-05,1.2658895979755815e-06,0.0002785503321745113,0.00625,0.025,20000,0,0.0,0.0,0.0001844269639618992,0.9602070432918132,0.9865297166773984,0.0263226733855852,0.0,,0.9541860259615743,0.9863087208099398,10736.73475
recall,single,pooled,0.95,0.05,1.25,1.0,20000,0.9380863039399625,51,0.00255,0.0018992138650303215,0.0033514328355228867,0.025,,0,0,0.0,0.0,0.975,0.999901923076923,0.9998421200750468,-5.98030018761726e-05,0.00255,-0.02345215759849905,,,14466.26095
recall,mixed,pooled,0.95,0.05,1.25,0.95,20000,0.938295165394402,4,0.0002,5.44958711328088e-05,0.0005119995337837134,0.005,0.025,20000,0,0.0,0.0,0.0001844269639618992,0.9631194418213054,0.9942953244274809,0.03117588260617549,0.0001,-0.023358834171500642,0.9550045879466197,0.9865645284618778,13245.96705
recall,mixed,separate,0.95,0.05,1.25,0.95,20000,0.938295165394402,1,5e-05,1.2658895979755815e-06,0.0002785503321745113,0.00625,0.025,20000,0,0.0,0.0,0.0001844269639618992,0.9643336105531453,0.9863394402035625,0.022005829650417145,0.0,,0.9551262040130858,0.9865582889441749,11472.3345
recall,single,pooled,0.95,0.05,1.5,1.0,20000,0.9267840593141798,22,0.0011,0.0006894884989435102,0.0016649423628895196,0.025,,0,0,0.0,0.0,0.975,0.9999576923076922,0.9999194624652457,-3.8229842446709895e-05,0.0011,-0.03475440222428172,,,14485.4459
recall,mixed,pooled,0.95,0.05,1.5,0.95,20000,0.9270898805782526,1,5e-05,1.2658895979755815e-06,0.0002785503321745113,0.005,0.025,20000,0,0.0,0.0,0.0001844269639618992,0.9638076400840422,0.9939609365179134,0.030153296433870956,0.0,,0.9558309016831983,0.9867387620409567,13440.47795
recall,mixed,separate,0.95,0.05,1.5,0.95,20000,0.9270898805782526,2,0.0001,1.2110693365417044e-05,0.0003611872030449162,0.00625,0.025,20000,0,0.0,0.0,0.0001844269639618992,0.970946971109277,0.9883527655562541,0.017405794446977013,0.0,,0.9555848843180851,0.9867259952473342,12369.1982
recall,single,pooled,0.95,0.05,2.0,1.0,20000,0.904977375565611,1,5e-05,1.2658895979755815e-06,0.0002785503321745113,0.025,,0,0,0.0,0.0,0.975,0.999998076923077,0.9999952488687782,-2.828054298642535e-06,5e-05,-0.0565610859728507,,,14499.33845
recall,mixed,pooled,0.95,0.05,2.0,0.95,20000,0.9049079754601227,44,0.0022,0.0015989644746873626,0.002952284467374476,0.005,0.025,20000,0,0.0,0.0,0.0001844269639618992,0.9644449461374021,0.9938539570552147,0.029409010917812804,0.0,,0.9568962259845432,0.9871055086924789,13655.00805
recall,mixed,separate,0.95,0.05,2.0,0.95,20000,0.9049079754601227,4,0.0002,5.44958711328088e-05,0.0005119995337837134,0.00625,0.025,20000,0,0.0,0.0,0.0001844269639618992,0.9764871529691461,0.9910082208588956,0.014521067889749651,0.0,,0.9566558446313144,0.9870636390264903,13204.7732
recall,single,pooled,0.95,0.05,3.0,1.0,20000,0.8635578583765113,0,0.0,0.0,0.0001844269639618992,0.025,,0,0,0.0,0.0,0.975,1.0,1.0,0.0,0.0,,,,14500.0
recall,mixed,pooled,0.95,0.05,3.0,0.95,20000,0.8635831381733021,9,0.00045,0.00020578864186616608,0.0008540675189145951,0.005,0.025,20000,0,0.0,0.0,0.0001844269639618992,0.9671269432322932,0.9941904859484777,0.027063542716184587,0.0,,0.95894966019438,0.9877089346620176,13987.4851
recall,mixed,separate,0.95,0.05,3.0,0.95,20000,0.8635831381733021,15,0.00075,0.00041982813977895205,0.0012367097209177197,0.00625,0.025,20000,0,0.0,0.0,0.0001844269639618992,0.9725295275725866,0.9881911592505854,0.015661631677998868,0.0,,0.9586401685405959,0.9876417338081912,13323.68785
precision,mixed,pooled,0.95,0.05,0.5,0.84,20000,0.9746053534660261,0,0.0,0.0,0.0001844269639618992,0.005,0.025,20000,253,0.01265,0.01114729430978882,0.01429674260077851,0.961842291063103,0.9948429993136583,0.033000708250555094,0.0038,0.012729500621416262,0.9909533198161372,0.9928375841082674,12052.4942
precision,mixed,pooled,0.95,0.05,0.5,0.86,20000,0.9741144414168937,0,0.0,0.0,0.0001844269639618992,0.005,0.025,20000,75,0.00375,0.002950720909366194,0.004698421798932843,0.9616475329661284,0.9948441076294277,0.03319657466329951,0.00615,0.01223578145632599,0.9859226777092642,0.9901463813271272,12072.8233
precision,mixed,pooled,0.95,0.05,0.5,0.88,20000,0.9742895805142083,0,0.0,0.0,0.0001844269639618992,0.005,0.025,20000,169,0.00845,0.007228280004005648,0.009817656797429762,0.961896109491355,0.9948628552097427,0.03296674571838785,0.0106,0.01243506985631068,0.9785776716589422,0.9868755673095456,12013.58695
precision,mixed,pooled,0.95,0.05,0.5,0.9,20000,0.9744623655913978,0,0.0,0.0,0.0001844269639618992,0.005,0.025,20000,376,0.0188,0.016962892715002082,0.020778807386627456,0.9617402414867687,0.9949024865591396,0.03316224507237115,0.014,0.012630869283868654,0.9699459900606258,0.9843106952302875,11943.85735
precision,mixed,pooled,0.95,0.05,0.5,0.92,20000,0.9746328437917223,0,0.0,0.0,0.0001844269639618992,0.005,0.025,20000,0,0.0,0.0,0.0001844269639618992,0.9617795005948763,0.9949811748998665,0.033201674304990124,0.01785,0.012833154268703344,0.9610215049687686,0.983138731900878,11884.89145
precision,mixed,pooled,0.95,0.05,0.5,0.94,20000,0.974155069582505,0,0.0,0.0,0.0001844269639618992,0.005,0.025,20000,0,0.0,0.0,0.0001844269639618992,0.9616541177832867,0.9949719350563287,0.03331781727304183,0.02055,0.012379057962899858,0.9548286636482708,0.9844944920498918,11793.0235
precision,mixed,pooled,0.95,0.05,0.5,0.96,20000,0.9743252139565503,0,0.0,0.0,0.0001844269639618992,0.005,0.025,20000,0,0.0,0.0,0.0001844269639618992,0.9616068620583322,0.9949788018433181,0.033371939784985795,0.02475,0.012607302080023966,0.9539335861044519,0.9883525622142377,11726.1349
precision,mixed,pooled,0.95,0.05,0.5,0.98,20000,0.9744931327665143,0,0.0,0.0,0.0001844269639618992,0.005,0.025,20000,0,0.0,0.0,0.0001844269639618992,0.9616459741000389,0.9950297580117724,0.03338378391173336,0.02675,0.012819410750313096,0.959712194429979,0.9939566485652289,11713.3588
precision,mixed,pooled,0.95,0.05,0.5,1.0,20000,0.9746588693957116,0,0.0,0.0,0.0001844269639618992,0.005,0.025,20000,0,0.0,0.0,0.0001844269639618992,0.9618277772288555,0.9950217998700457,0.033194022641190014,0.02985,0.013018657755499818,0.9699601013340944,1.0,11692.9933
recall,single,pooled,0.95,0.1,0.0,1.0,20000,1.0,0,0.0,0.0,0.0001844269639618992,0.05,,0,0,0.0,0.0,0.975,0.9615384615384616,1.0,0.03846153846153844,1.0,0.03846153846153844,,,1031.0
recall,mixed,pooled,0.95,0.1,0.0,0.95,20000,1.0,0,0.0,0.0,0.0001844269639618992,0.01,0.05,20000,0,0.0,0.0,0.0001844269639618992,0.9615690209732757,1.0,0.038430979026724404,0.83135,0.03842477965379918,0.9589954224982208,0.9867202942126081,1213.2104
recall,mixed,separate,0.95,0.1,0.0,0.95,20000,1.0,0,0.0,0.0,0.0001844269639618992,0.0125,0.05,20000,0,0.0,0.0,0.0001844269639618992,0.967161600110793,1.0,0.032838399889206914,0.8253,0.032715136614946905,0.9592506783263016,0.9868185679475384,3611.178
recall,single,pooled,0.95,0.1,0.25,1.0,20000,0.9871668311944719,0,0.0,0.0,0.0001844269639618992,0.05,,0,0,0.0,0.0,0.975,0.9851346153846154,0.9950399802566633,0.009905364872047996,0.3865,0.02562836965601034,,,9294.2315
recall,mixed,pooled,0.95,0.1,0.25,0.95,20000,0.9872824631860778,0,0.0,0.0,0.0001844269639618992,0.01,0.05,20000,0,0.0,0.0,0.0001844269639618992,0.9627839486288032,0.9947404618473894,0.0319565132185863,0.1834,0.025707793535610184,0.9591249729799205,0.9867810485557768,9293.8227
recall,mixed,separate,0.95,0.1,0.25,0.95,20000,0.9872824631860778,0,0.0,0.0,0.0001844269639618992,0.0125,0.05,20000,0,0.0,0.0,0.0001844269639618992,0.9639085013169817,0.9930491967871486,0.029140695470166712,0.4016,0.03418682086378456,0.9594086649360603,0.9868509923234172,6983.82035
recall,single,pooled,0.95,0.1,0.5,1.0,20000,0.9746588693957116,0,0.0,0.0,0.0001844269639618992,0.05,,0,0,0.0,0.0,0.975,0.9943884615384617,0.9963027290448343,0.001914267506372758,0.1459,0.013120407857249883,,,12534.8729
recall,mixed,pooled,0.95,0.1,0.5,0.95,20000,0.9742404227212679,0,0.0,0.0,0.0001844269639618992,0.01,0.05,20000,0,0.0,0.0,0.0001844269639618992,0.96281129477046,0.9945239762219288,0.03171268145146877,0.03945,0.012665424295244442,0.9600850571939089,0.9870516730328974,11554.77315
recall,mixed,separate,0.95,0.1,0.5,0.95,20000,0.9742404227212679,0,0.0,0.0,0.0001844269639618992,0.0125,0.05,20000,0,0.0,0.0,0.0001844269639618992,0.9665311029608278,0.9913971598414795,0.024866056880651827,0.0275,0.023493293267164574,0.9598548365155756,0.9870335622565842,9819.79955
recall,single,pooled,0.95,0.1,0.6,1.0,20000,0.9689922480620152,0,0.0,0.0,0.0001844269639618992,0.05,,0,0,0.0,0.0,0.975,0.9964326923076924,0.9971240310077519,0.0006913387000596227,0.09275,0.007453786523553885,,,13250.75025
recall,mixed,pooled,0.95,0.1,0.6,0.95,20000,0.9691195795006572,0,0.0,0.0,0.0001844269639618992,0.01,0.05,20000,0,0.0,0.0,0.0001844269639618992,0.9637120562437667,0.9944577201051248,0.03074566386135806,0.0183,0.007545425151291956,0.9600324576763829,0.9870128827755845,12181.66225
recall,mixed,separate,0.95,0.1,0.6,0.95,20000,0.9691195795006572,0,0.0,0.0,0.0001844269639618992,0.0125,0.05,20000,0,0.0,0.0,0.0001844269639618992,0.9643536177439274,0.9901223718791065,0.025768754135179057,0.0071,0.01946694301665901,0.9597886071994526,0.9869738475949079,9988.4364
recall,single,pooled,0.95,0.1,0.7,1.0,20000,0.9643201542912248,0,0.0,0.0,0.0001844269639618992,0.05,,0,0,0.0,0.0,0.975,0.9976038461538461,0.9977771456123432,0.00017329945849713966,0.0623,0.0027816927527630764,,,13660.8813
recall,mixed,pooled,0.95,0.1,0.7,0.95,20000,0.9646827992151733,0,0.0,0.0,0.0001844269639618992,0.01,0.05,20000,0,0.0,0.0,0.0001844269639618992,0.9636260030991227,0.9944645519947679,0.030838548895645135,0.0098,0.003110378220841013,0.9605260009860634,0.9872027336628677,12444.4862
recall,mixed,separate,0.95,0.1,0.7,0.95,20000,0.9646827992151733,1,5e-05,1.2658895979755815e-06,0.0002785503321745113,0.0125,0.05,20000,0,0.0,0.0,0.0001844269639618992,0.9626782881839879,0.9889068345323739,0.026228546348386186,0.00195,0.015429605534109587,0.9599805864676108,0.9870474299402842,10075.871
recall,single,pooled,0.95,0.1,0.8,1.0,20000,0.9596928982725531,914,0.0457,0.04284698972682871,0.048685989147667606,0.05,,0,0,0.0,0.0,0.975,0.9982423076923078,0.9981579654510557,-8.434224125203168e-05,0.0457,-0.0018455632659087895,,,13884.4667
recall,mixed,pooled,0.95,0.1,0.8,0.95,20000,0.959661678594665,139,0.00695,0.0058457749852221345,0.008200977361229,0.01,0.05,20000,0,0.0,0.0,0.0001844269639618992,0.9637838131938975,0.994447007156799,0.030663193962901427,0.00545,-0.0019149069836630554,0.9601184316554363,0.9871159240053544,12745.8301
recall,mixed,separate,0.95,0.1,0.8,0.95,20000,0.959661678594665,2,0.0001,1.2110693365417044e-05,0.0003611872030449162,0.0125,0.05,20000,0,0.0,0.0,0.0001844269639618992,0.9611068536942184,0.9874449577098243,0.026338104015606045,0.0005,0.011405716612010352,0.9602973699704662,0.9871299733609343,10217.632
recall,single,pooled,0.95,0.1,0.9,1.0,20000,0.9551098376313277,621,0.03105,0.028689479592361282,0.03354810137731415,0.05,,0,0,0.0,0.0,0.975,0.9988057692307691,0.9986061604584527,-0.00019960877231650902,0.03105,-0.006428623907133946,,,14081.78755
recall,mixed,pooled,0.95,0.1,0.9,0.95,20000,0.9546925566343043,89,0.00445,0.00357519396114403,0.005473296312767618,0.01,0.05,20000,0,0.0,0.0,0.0001844269639618992,0.9637177496363263,0.9944743042071197,0.030756554570793435,0.00365,-0.0068854651806542185,0.960456257664704,0.987212023504589,12892.67595
recall,mixed,separate,0.95,0.1,0.9,0.95,20000,0.9546925566343043,4,0.0002,5.44958711328088e-05,0.0005119995337837134,0.0125,0.05,20000,0,0.0,0.0,0.0001844269639618992,0.9609899417281613,0.9867008090614887,0.02571086733332736,0.0001,0.0049548410211483485,0.9605689041301675,0.987196002710771,10425.21145
recall,single,pooled,0.95,0.1,1.0,1.0,20000,0.9496676163342831,431,0.02155,0.019582329699821863,0.02365840515630935,0.05,,0,0,0.0,0.0,0.975,0.9991711538461538,0.9989153371320036,-0.0002558167141500484,0.02155,-0.011870845204178583,,,14209.74305
recall,mixed,pooled,0.95,0.1,1.0,0.95,20000,0.9497746297488732,40,0.002,0.0014292019121327326,0.0027224470060716096,0.01,0.05,20000,0,0.0,0.0,0.0001844269639618992,0.9644726305679818,0.994213007083065,0.029740376515083166,0.00155,-0.011799796112142411,0.9607821162135588,0.9873530536360741,13088.9915
recall,mixed,separate,0.95,0.1,1.0,0.95,20000,0.9497746297488732,3,0.00015,3.093467444528525e-05,0.00043830045339363695,0.0125,0.05,20000,0,0.0,0.0,0.0001844269639618992,0.9619184359201576,0.9862990663232455,0.02438063040308766,0.0,,0.9606761311181977,0.9872588573305995,10750.9846
recall,single,pooled,0.95,0.1,1.25,1.0,20000,0.9380863039399625,155,0.00775,0.00658165671116412,0.009064647110896348,0.05,,0,0,0.0,0.0,0.975,0.9997019230769231,0.9995201688555347,-0.0001817542213883677,0.00775,-0.023452157598499054,,,14395.61525
recall,mixed,pooled,0.95,0.1,1.25,0.95,20000,0.938295165394402,8,0.0004,0.0001727069211699186,0.0007880065010413351,0.01,0.05,20000,0,0.0,0.0,0.0001844269639618992,0.9644082564626247,0.9943102735368957,0.02990201707427108,0.0004,-0.023297617983684196,0.9614454239708717,0.9875618715400775,13279.23425
recall,mixed,separate,0.95,0.1,1.25,0.95,20000,0.938295165394402,5,0.00025,8.117914280267088e-05,0.0005833193489126621,0.0125,0.05,20000,0,0.0,0.0,0.0001844269639618992,0.9669282417350449,0.9868818702290074,0.019953628493962903,0.0,,0.9609207172994322,0.9873873805054838,11612.9066
recall,single,pooled,0.95,0.1,1.5,1.0,20000,0.9267840593141798,60,0.003,0.0022900730582740354,0.0038599303827786553,0.05,,0,0,0.0,0.0,0.975,0.9998846153846153,0.9997803521779426,-0.00010426320667284517,0.003,-0.03475440222428173,,,14459.593
recall,mixed,pooled,0.95,0.1,1.5,0.95,20000,0.9270898805782526,0,0.0,0.0,0.0001844269639618992,0.01,0.05,20000,0,0.0,0.0,0.0001844269639618992,0.9651228688877637,0.993997642991829,0.028874774104065238,0.0,,0.9619828262471503,0.987684057948193,13476.3531
recall,mixed,separate,0.95,0.1,1.5,0.95,20000,0.9270898805782526,7,0.00035,0.00014072936111137783,0.0007209999554352942,0.0125,0.05,20000,0,0.0,0.0,0.0001844269639618992,0.9721049222915482,0.9886352922690131,0.016530369977464807,0.0,,0.9614689429645641,0.987542619016458,12437.13895
recall,single,pooled,0.95,0.1,2.0,1.0,20000,0.904977375565611,8,0.0004,0.0001727069211699186,0.0007880065010413351,0.05,,0,0,0.0,0.0,0.975,0.9999846153846155,0.9999619909502262,-2.262443438914028e-05,0.0004,-0.0565610859728507,,,14494.6124
recall,mixed,pooled,0.95,0.1,2.0,0.95,20000,0.9049079754601227,85,0.00425,0.0033961177281664665,0.005252547748690907,0.01,0.05,20000,0,0.0,0.0,0.0001844269639618992,0.9657629125006906,0.9937578220858895,0.027994909585198922,0.0,,0.9629396941851662,0.9879692008547077,13668.4298
recall,mixed,separate,0.95,0.1,2.0,0.95,20000,0.9049079754601227,24,0.0012,0.0007690092283363044,0.001784982122860909,0.0125,0.05,20000,0,0.0,0.0,0.0001844269639618992,0.9749394113871854,0.9900163190184048,0.015076907631219496,0.0,,0.9626383974626095,0.9878859477407743,13075.02315
recall,single,pooled,0.95,0.1,3.0,1.0,20000,0.8635578583765113,1,5e-05,1.2658895979755815e-06,0.0002785503321745113,0.05,,0,0,0.0,0.0,0.975,0.999998076923077,0.9999931778929189,-4.899030158097517e-06,5e-05,-0.09798060316195034,,,14499.32655
recall,mixed,pooled,0.95,0.1,3.0,0.95,20000,0.8635831381733021,27,0.00135,0.0008898411276595156,0.0019635758742433205,0.01,0.05,20000,0,0.0,0.0,0.0001844269639618992,0.9676349756974345,0.9935178864168618,0.025882910719427322,0.0,,0.9644632425017219,0.988468502680854,13946.0696
recall,mixed,separate,0.95,0.1,3.0,0.95,20000,0.8635831381733021,45,0.00225,0.0016416243624832706,0.003009531622447429,0.0125,0.05,20000,0,0.0,0.0,0.0001844269639618992,0.9700437839156922,0.9865420960187352,0.0164983121030432,0.0,,0.9639029894814448,0.9883282687674446,13173.1091
precision,mixed,pooled,0.95,0.1,0.5,0.84,20000,0.9746053534660261,0,0.0,0.0,0.0001844269639618992,0.01,0.05,20000,714,0.0357,0.03317126390206721,0.03836483342417541,0.9629486065842908,0.9944253946465342,0.031476788062243216,0.0053,0.013023523921975838,0.9927121210908401,0.9935566333435644,11835.98375
precision,mixed,pooled,0.95,0.1,0.5,0.86,20000,0.9741144414168937,0,0.0,0.0,0.0001844269639618992,0.01,0.05,20000,215,0.01075,0.009367279262813931,0.012277568004439274,0.9627874013558466,0.994408923705722,0.03162152234987545,0.00925,0.012541277279815584,0.9887116043312631,0.9911777050535616,11863.1313
precision,mixed,pooled,0.95,0.1,0.5,0.88,20000,0.9742895805142083,0,0.0,0.0,0.0001844269639618992,0.01,0.05,20000,439,0.02195,0.01996409342478041,0.02407650365281442,0.9629308517129189,0.9944974627875507,0.03156661107463168,0.01245,0.01271193136813721,0.9832392573962169,0.9885434913614625,11842.8111
precision,mixed,pooled,0.95,0.1,0.5,0.9,20000,0.9744623655913978,0,0.0,0.0,0.0001844269639618992,0.01,0.05,20000,876,0.0438,0.04100525076062254,0.04672831489847392,0.9628123003656547,0.9944697244623656,0.03165742409671073,0.02015,0.012886010554526496,0.9763236796553265,0.9862274190294329,11742.7519
precision,mixed,pooled,0.95,0.1,0.5,0.92,20000,0.9746328437917223,0,0.0,0.0,0.0001844269639618992,0.01,0.05,20000,0,0.0,0.0,0.0001844269639618992,0.9629690677074557,0.9945016688918557,0.031532601184400114,0.02765,0.013058532215409476,0.9691054257396172,0.9852428413877231,11673.1752
precision,mixed,pooled,0.95,0.1,0.5,0.94,20000,0.974155069582505,0,0.0,0.0,0.0001844269639618992,0.01,0.05,20000,0,0.0,0.0,0.0001844269639618992,0.9627222519992819,0.9945848906560636,0.03186263865678177,0.03235,0.012579485745965256,0.9622495433160039,0.985811686272061,11630.4481
precision,mixed,pooled,0.95,0.1,0.5,0.96,20000,0.9743252139565503,0,0.0,0.0,0.0001844269639618992,0.01,0.05,20000,0,0.0,0.0,0.0001844269639618992,0.9628775504003166,0.9946219552337064,0.031744404833389875,0.0395,0.012747530577406628,0.9586196626921668,0.9888286872894063,11563.95975
precision,mixed,pooled,0.95,0.1,0.5,0.98,20000,0.9744931327665143,0,0.0,0.0,0.0001844269639618992,0.01,0.05,20000,0,0.0,0.0,0.0001844269639618992,0.962721975302932,0.9945289404839764,0.03180696518104449,0.0484,0.012907129383208257,0.9608432633594018,0.9939064006523189,11452.55175
precision,mixed,pooled,0.95,0.1,0.5,1.0,20000,0.9746588693957116,0,0.0,0.0,0.0001844269639618992,0.01,0.05,20000,0,0.0,0.0,0.0001844269639618992,0.9628009303510254,0.994530766731644,0.03172983638061831,0.0477,0.013044044776254095,0.9692916637370578,1.0,11425.5813
recall,single,pooled,0.98,0.01,0.0,1.0,20000,1.0,0,0.0,0.0,0.0001844269639618992,0.005,,0,0,0.0,0.0,0.975,0.9842519685039369,1.0,0.015748031496062964,1.0,0.015748031496062964,,,4000.0
recall,mixed,pooled,0.98,0.01,0.0,0.95,20000,1.0,0,0.0,0.0,0.0001844269639618992,0.001,0.005,20000,0,0.0,0.0,0.0001844269639618992,0.9853840719596018,1.0,0.014615928040398456,0.96855,0.01463471247501026,0.9460655045525344,0.9853898473350328,4065.12105
recall,mixed,separate,0.98,0.01,0.0,0.95,20000,1.0,0,0.0,0.0,0.0001844269639618992,0.00125,0.005,20000,0,0.0,0.0,0.0001844269639618992,0.987561980771128,1.0,0.012438019228871968,0.0,,0.9461665016715745,0.9854328679133636,8974.3707
recall,single,pooled,0.98,0.01,0.25,1.0,20000,0.9950248756218907,0,0.0,0.0,0.0001844269639618992,0.005,,0,0,0.0,0.0,0.975,0.9968653543307088,0.9990097014925373,0.0021443471618286507,0.19905,0.010772907117953534,,,12409.975
recall,mixed,pooled,0.98,0.01,0.25,0.95,20000,0.9946055293324338,0,0.0,0.0,0.0001844269639618992,0.001,0.005,20000,0,0.0,0.0,0.0001844269639618992,0.9823098932831327,0.9976790627107215,0.015369169427588696,0.29355,0.01330273064837503,0.9462375876440355,0.9854539213495548,8658.351
recall,mixed,separate,0.98,0.01,0.25,0.95,20000,0.9946055293324338,0,0.0,0.0,0.0001844269639618992,0.00125,0.005,20000,0,0.0,0.0,0.0001844269639618992,0.9892420548262802,0.9982535738368173,0.009011519010537051,0.0,,0.9462394790641921,0.985466704184714,10824.1173
recall,single,pooled,0.98,0.01,0.5,1.0,20000,0.9900990099009903,0,0.0,0.0,0.0001844269639618992,0.005,,0,0,0.0,0.0,0.975,0.9993866141732284,0.9996143564356437,0.00022774226241521647,0.03895,0.005847041397053054,,,14091.025
recall,mixed,pooled,0.98,0.01,0.5,0.95,20000,0.9899328859060402,0,0.0,0.0,0.0001844269639618992,0.001,0.005,20000,0,0.0,0.0,0.0001844269639618992,0.9828902345840772,0.9974576510067112,0.014567416422634307,0.04895,0.009246949965963236,0.9464530271491401,0.98553344894407,11665.69355
recall,mixed,separate,0.98,0.01,0.5,0.95,20000,0.9899328859060402,0,0.0,0.0,0.0001844269639618992,0.00125,0.005,20000,0,0.0,0.0,0.0001844269639618992,0.9926527308463637,0.9981512416107382,0.005498510764374484,0.0,,0.9464601950943483,0.9855408590517283,12253.48015
recall,single,pooled,0.98,0.01,0.6,1.0,20000,0.9881422924901186,0,0.0,0.0,0.0001844269639618992,0.005,,0,0,0.0,0.0,0.975,0.9996629921259842,0.9997462450592886,8.325293330428407e-05,0.0214,0.0038903239861814987,,,14275.3
recall,mixed,pooled,0.98,0.01,0.6,0.95,20000,0.9879437374413931,0,0.0,0.0,0.0001844269639618992,0.001,0.005,20000,0,0.0,0.0,0.0001844269639618992,0.9829512298814221,0.9975790020093771,0.014627772127955185,0.0228,0.007434645546940996,0.9468046142197498,0.9855815830867954,12054.7456
recall,mixed,separate,0.98,0.01,0.6,0.95,20000,0.9879437374413931,0,0.0,0.0,0.0001844269639618992,0.00125,0.005,20000,0,0.0,0.0,0.0001844269639618992,0.9950035483983156,0.9985272605492297,0.0035237121509140053,0.0,,0.9464657445167255,0.9855574714454578,13125.0202
recall,single,pooled,0.98,0.01,0.7,1.0,20000,0.9861932938856018,0,0.0,0.0,0.0001844269639618992,0.005,,0,0,0.0,0.0,0.975,0.999811811023622,0.9998350098619331,2.319883831089176e-05,0.01195,0.0019413253816645826,,,14374.525
recall,mixed,pooled,0.98,0.01,0.7,0.95,20000,0.9859625668449198,0,0.0,0.0,0.0001844269639618992,0.001,0.005,20000,0,0.0,0.0,0.0001844269639618992,0.9833301465344805,0.9975916443850267,0.01426149785054628,0.0091,0.005617817194610352,0.9465829340098213,0.9855949573823404,12630.6376
recall,mixed,separate,0.98,0.01,0.7,0.95,20000,0.9859625668449198,4,0.0002,5.44958711328088e-05,0.0005119995337837134,0.00125,0.005,20000,0,0.0,0.0,0.0001844269639618992,0.9957708038669716,0.9987006016042782,0.0029297977373063696,0.0,,0.9466596387939906,0.9856140472927156,13434.20255
recall,single,pooled,0.98,0.01,0.8,1.0,20000,0.9842519685039369,0,0.0,0.0,0.0001844269639618992,0.005,,0,0,0.0,0.0,0.975,0.9999047244094487,0.9999047244094487,0.0,0.00605,0.0,,,14436.475
recall,mixed,pooled,0.98,0.01,0.8,0.95,20000,0.9839893262174783,14,0.0007,0.00038274767578166,0.0011742024203120155,0.001,0.005,20000,0,0.0,0.0,0.0001844269639618992,0.9833801927364267,0.9976815877251501,0.014301394988723166,0.00495,0.0032716001328833583,0.9467175169283139,0.9856008787773162,12774.9411
recall,mixed,separate,0.98,0.01,0.8,0.95,20000,0.9839893262174783,0,0.0,0.0,0.0001844269639618992,0.00125,0.005,20000,0,0.0,0.0,0.0001844269639618992,0.9967113837329598,0.9989972314876586,0.0022858477546986674,0.0,,0.9468082795634535,0.9855946001874487,13809.0555
recall,single,pooled,0.98,0.01,0.9,1.0,20000,0.9823182711198426,69,0.00345,0.0026852675843482845,0.0043641946060774765,0.005,,0,0,0.0,0.0,0.975,0.9999456692913387,0.9999389980353637,-6.671255975125035e-06,0.00345,-0.0019336973840942129,,,14463.775
recall,mixed,pooled,0.98,0.01,0.9,0.95,20000,0.9820239680426097,5,0.00025,8.117914280267088e-05,0.0005833193489126621,0.001,0.005,20000,0,0.0,0.0,0.0001844269639618992,0.9836736797782927,0.9977015978695073,0.014027918091214502,0.0018,0.0013619097412396568,0.9468892222675434,0.9856543115685512,13058.89485
recall,mixed,separate,0.98,0.01,0.9,0.95,20000,0.9820239680426097,1,5e-05,1.2658895979755815e-06,0.0002785503321745113,0.00125,0.005,20000,0,0.0,0.0,0.0001844269639618992,0.9972194472816818,0.9992085885486018,0.001989141266920079,0.0,,0.9470531819223801,0.9856459270301031,13985.5655
recall,single,pooled,0.98,0.01,1.0,1.0,20000,0.9803921568627451,27,0.00135,0.0008898411276595156,0.0019635758742433205,0.005,,0,0,0.0,0.0,0.975,0.9999787401574802,0.9999735294117647,-5.2107457156091715e-06,0.00135,-0.003859811641191979,,,14485.825
recall,mixed,pooled,0.98,0.01,1.0,0.95,20000,0.980066445182724,6,0.0003,0.00011010241504607224,0.000652858465585465,0.001,0.005,20000,0,0.0,0.0,0.0001844269639618992,0.9837027835330208,0.997757973421927,0.01405518988890612,0.00105,-0.00019247442810587683,0.9469738775845592,0.9856907948909457,13131.8221
recall,mixed,separate,0.98,0.01,1.0,0.95,20000,0.980066445182724,0,0.0,0.0,0.0001844269639618992,0.00125,0.005,20000,0,0.0,0.0,0.0001844269639618992,0.9974792926039081,0.9993260132890366,0.001846720685128341,0.0,,0.9468802668342078,0.9856661145248705,14103.91035
recall,single,pooled,0.98,0.01,1.25,1.0,20000,0.9746588693957116,8,0.0004,0.0001727069211699186,0.0007880065010413351,0.005,,0,0,0.0,0.0,0.975,0.9999937007874014,0.9999898635477584,-3.837239643290235e-06,0.0004,-0.009593099108225589,,,14495.8
recall,mixed,pooled,0.98,0.01,1.25,0.95,20000,0.9748843357567745,0,0.0,0.0,0.0001844269639618992,0.001,0.005,20000,0,0.0,0.0,0.0001844269639618992,0.9840201680198436,0.9979518175809652,0.01393164956112139,0.0,,0.9470987704365107,0.9857362110147173,13449.71035
recall,mixed,separate,0.98,0.01,1.25,0.95,20000,0.9748843357567745,14,0.0007,0.00038274767578166,0.0011742024203120155,0.00125,0.005,20000,0,0.0,0.0,0.0001844269639618992,0.9973302931338881,0.9992788499669532,0.001948556833064937,0.0,,0.9472778373332352,0.9857665071595273,14177.92005
recall,single,pooled,0.98,0.01,1.5,1.0,20000,0.9699321047526671,1,5e-05,1.2658895979755815e-06,0.0002785503321745113,0.005,,0,0,0.0,0.0,0.975,0.9999992125984252,0.9999984966052375,-7.15993187563485e-07,5e-05,-0.014319863751269701,,,14499.475
recall,mixed,pooled,0.98,0.01,1.5,0.95,20000,0.9703947368421053,0,0.0,0.0,0.0001844269639618992,0.001,0.005,20000,0,0.0,0.0,0.0001844269639618992,0.9851634086815889,0.9979090131578949,0.012745604476305749,0.0,,0.9475668635077434,0.985836205469611,13771.6118
recall,mixed,separate,0.98,0.01,1.5,0.95,20000,0.9703947368421053,0,0.0,0.0,0.0001844269639618992,0.00125,0.005,20000,0,0.0,0.0,0.0001844269639618992,0.9972161288227178,0.999255427631579,0.0020392988088610013,0.0,,0.9475200271921441,0.9858164219291643,14191.68215
recall,single,pooled,0.98,0.01,2.0,1.0,20000,0.9606147934678193,0,0.0,0.0,0.0001844269639618992,0.005,,0,0,0.0,0.0,0.975,1.0,1.0,0.0,0.0,,,,14500.0
recall,mixed,pooled,0.98,0.01,2.0,0.95,20000,0.9609120521172637,3,0.00015,3.093467444528525e-05,0.00043830045339363695,0.001,0.005,20000,0,0.0,0.0,0.0001844269639618992,0.9853752411590869,0.9981437459283389,0.012768504769251891,0.0,,0.9480957340957855,0.9859339182047792,13956.65585
recall,mixed,separate,0.98,0.01,2.0,0.95,20000,0.9609120521172637,3,0.00015,3.093467444528525e-05,0.00043830045339363695,0.00125,0.005,20000,0,0.0,0.0,0.0001844269639618992,0.9967690909544854,0.9990045276872964,0.002235436732810898,0.0,,0.9481524320348879,0.9859672827703096,14204.67325
recall,single,pooled,0.98,0.01,3.0,1.0,20000,0.9425070688030158,0,0.0,0.0,0.0001844269639618992,0.005,,0,0,0.0,0.0,0.975,1.0,1.0,0.0,0.0,,,,14500.0
recall,mixed,pooled,0.98,0.01,3.0,0.95,20000,0.9424920127795529,0,0.0,0.0,0.0001844269639618992,0.001,0.005,20000,0,0.0,0.0,0.0001844269639618992,0.9865426653249492,0.9983296485623003,0.011786983237351232,0.0,,0.948920881808169,0.9862126577250179,14183.92055
recall,mixed,separate,0.98,0.01,3.0,0.95,20000,0.9424920127795529,2,0.0001,1.2110693365417044e-05,0.0003611872030449162,0.00125,0.005,20000,0,0.0,0.0,0.0001844269639618992,0.9960171284724091,0.9985431309904154,0.0025260025180061717,0.0,,0.9491455931996919,0.9862259742381346,14201.01535
precision,mixed,pooled,0.98,0.01,0.5,0.84,20000,0.9902370990237097,0,0.0,0.0,0.0001844269639618992,0.001,0.005,20000,32,0.0016,0.0010946482619146104,0.002257978548854005,0.9826852780400782,0.9974683751743376,0.014783097134259368,0.00895,0.009943577845665325,0.9900273955647146,0.9930561998658617,11484.4066
precision,mixed,pooled,0.98,0.01,0.5,0.86,20000,0.9896193771626295,0,0.0,0.0,0.0001844269639618992,0.001,0.005,20000,52,0.0026,0.001942395375973877,0.003408173489370242,0.9828271098045863,0.9973739792387544,0.014546869434167994,0.0137,0.00927553646825698,0.9823181281978195,0.989152044060768,11977.98185
precision,mixed,pooled,0.98,0.01,0.5,0.88,20000,0.9896907216494847,0,0.0,0.0,0.0001844269639618992,0.001,0.005,20000,12,0.0006,0.00031006596323293443,0.0010478444435904025,0.9829377915334466,0.997397319587629,0.014459528054182411,0.0222,0.00932668648084446,0.9719726367140443,0.9850450152270849,11920.61455
precision,mixed,pooled,0.98,0.01,0.5,0.9,20000,0.9897610921501706,0,0.0,0.0,0.0001844269639618992,0.001,0.005,20000,78,0.0039,0.003083972229121626,0.004865020749427316,0.9829529192272041,0.9974194197952218,0.01446650056801783,0.0324,0.009273039854341083,0.9595658649332792,0.981525214263079,11841.12595
precision,mixed,pooled,0.98,0.01,0.5,0.92,20000,0.9898305084745763,0,0.0,0.0,0.0001844269639618992,0.001,0.005,20000,0,0.0,0.0,0.0001844269639618992,0.9828620401102671,0.9974396271186441,0.014577587008376981,0.04095,0.009275340933398558,0.9496789305820242,0.9809006274055555,11758.17295
precision,mixed,pooled,0.98,0.01,0.5,0.94,20000,0.9898989898989897,0,0.0,0.0,0.0001844269639618992,0.001,0.005,20000,0,0.0,0.0,0.0001844269639618992,0.9828924745650809,0.9974797979797979,0.014587323414717085,0.0469,0.009208724179098458,0.9455687779703982,0.9832815786510651,11719.3059
precision,mixed,pooled,0.98,0.01,0.5,0.96,20000,0.9899665551839465,0,0.0,0.0,0.0001844269639618992,0.001,0.005,20000,0,0.0,0.0,0.0001844269639618992,0.9828912074185375,0.9974760200668896,0.014584812648352189,0.05105,0.009256538119782843,0.9491495966121163,0.9881817691830356,11660.6565
precision,mixed,pooled,0.98,0.01,0.5,0.98,20000,0.9900332225913626,0,0.0,0.0,0.0001844269639618992,0.001,0.005,20000,0,0.0,0.0,0.0001844269639618992,0.982965233279717,0.9974536877076412,0.014488454427924204,0.05265,0.009013914971164152,0.9583924874221724,0.9940429155339169,11609.113
precision,mixed,pooled,0.98,0.01,0.5,1.0,20000,0.9900990099009903,0,0.0,0.0,0.0001844269639618992,0.001,0.005,20000,0,0.0,0.0,0.0001844269639618992,0.9831007878108255,0.9974725742574257,0.014371786446600117,0.053,0.008859219156931138,0.9695598794979807,1.0,11606.80205
recall,single,pooled,0.98,0.05,0.0,1.0,20000,1.0,0,0.0,0.0,0.0001844269639618992,0.025,,0,0,0.0,0.0,0.975,0.9861932938856018,1.0,0.013806706114398383,1.0,0.013806706114398383,,,3275.0
recall,mixed,pooled,0.98,0.05,0.0,0.95,20000,1.0,0,0.0,0.0,0.0001844269639618992,0.005,0.025,20000,0,0.0,0.0,0.0001844269639618992,0.9862094104461877,1.0,0.013790589553812339,0.90375,0.013764300539569426,0.9526488906253606,0.9858430314215886,3381.0835
recall,mixed,separate,0.98,0.05,0.0,0.95,20000,1.0,0,0.0,0.0,0.0001844269639618992,0.00625,0.025,20000,0,0.0,0.0,0.0001844269639618992,0.9886672599436516,1.0,0.011332740056348392,0.0,,0.9528275181096973,0.9858910234333229,7663.69805
recall,single,pooled,0.98,0.05,0.25,1.0,20000,0.9950248756218907,0,0.0,0.0,0.0001844269639618992,0.025,,0,0,0.0,0.0,0.975,0.9960940828402367,0.9985925373134327,0.0024984544731961444,0.2829,0.008831581736288951,,,11324.4475
recall,mixed,pooled,0.98,0.05,0.25,0.95,20000,0.9946055293324338,0,0.0,0.0,0.0001844269639618992,0.005,0.025,20000,0,0.0,0.0,0.0001844269639618992,0.9826854054198818,0.9971821645313553,0.01449675911147363,0.3866,0.01250771498306495,0.9526511217537452,0.9858447913316886,7351.32095
recall,mixed,separate,0.98,0.05,0.25,0.95,20000,0.9946055293324338,0,0.0,0.0,0.0001844269639618992,0.00625,0.025,20000,0,0.0,0.0,0.0001844269639618992,0.9855220169983797,0.9974887053270398,0.011966688328660102,0.0,,0.9528458091719718,0.9859222569567663,8736.3643
recall,single,pooled,0.98,0.05,0.5,1.0,20000,0.9900990099009903,0,0.0,0.0,0.0001844269639618992,0.025,,0,0,0.0,0.0,0.975,0.9989085798816569,0.9992173267326733,0.0003087468510164587,0.07905,0.003905716015388472,,,13612.66375
recall,mixed,pooled,0.98,0.05,0.5,0.95,20000,0.9899328859060402,0,0.0,0.0,0.0001844269639618992,0.005,0.025,20000,0,0.0,0.0,0.0001844269639618992,0.9829032104553873,0.9967565436241612,0.01385333316877369,0.0997,0.008538414215105832,0.9531317839275966,0.9859481860614211,10680.13925
recall,mixed,separate,0.98,0.05,0.5,0.95,20000,0.9899328859060402,0,0.0,0.0,0.0001844269639618992,0.00625,0.025,20000,0,0.0,0.0,0.0001844269639618992,0.9891598935197251,0.9973588926174496,0.008198999097724528,0.0,,0.9529622560899755,0.9859551434481689,11094.8748
recall,single,pooled,0.98,0.05,0.6,1.0,20000,0.9881422924901186,0,0.0,0.0,0.0001844269639618992,0.025,,0,0,0.0,0.0,0.975,0.999396646942801,0.999481818181818,8.517123901738923e-05,0.0437,0.001948998604516916,,,14009.4675
recall,mixed,pooled,0.98,0.05,0.6,0.95,20000,0.9879437374413931,0,0.0,0.0,0.0001844269639618992,0.005,0.025,20000,0,0.0,0.0,0.0001844269639618992,0.9830563785301594,0.9968316811788347,0.0137753026486752,0.055,0.006680582460514151,0.9529545077564718,0.985977947194372,11198.1367
recall,mixed,separate,0.98,0.05,0.6,0.95,20000,0.9879437374413931,0,0.0,0.0,0.0001844269639618992,0.00625,0.025,20000,0,0.0,0.0,0.0001844269639618992,0.9904518290249167,0.9976035498995313,0.007151720874614471,0.0,,0.9532419891433744,0.9859770483422879,11970.1753
recall,single,pooled,0.98,0.05,0.7,1.0,20000,0.9861932938856018,0,0.0,0.0,0.0001844269639618992,0.025,,0,0,0.0,0.0,0.975,0.9996189349112427,0.9996189349112427,0.0,0.0276,0.0,,,14190.19
recall,mixed,pooled,0.98,0.05,0.7,0.95,20000,0.9859625668449198,72,0.0036,0.0028178121587847924,0.004531486725854575,0.005,0.025,20000,0,0.0,0.0,0.0001844269639618992,0.9833352391347907,0.9968070521390375,0.01347181300424672,0.02855,0.004878163722224063,0.9531327074027779,0.9860152113639767,11893.8475
recall,mixed,separate,0.98,0.05,0.7,0.95,20000,0.9859625668449198,1,5e-05,1.2658895979755815e-06,0.0002785503321745113,0.00625,0.025,20000,0,0.0,0.0,0.0001844269639618992,0.9905608815066335,0.9975797125668451,0.007018831060211553,0.0,,0.9532708574195691,0.9860096080540246,12286.1616
recall,single,pooled,0.98,0.05,0.8,1.0,20000,0.9842519685039369,329,0.01645,0.014732716672719854,0.018309839876401588,0.025,,0,0,0.0,0.0,0.975,0.9997728796844182,0.9997409448818898,-3.193480252838238e-05,0.01645,-0.0019413253816645826,,,14315.34875
recall,mixed,pooled,0.98,0.05,0.8,0.95,20000,0.9839893262174783,46,0.0023,0.001684366078730587,0.003066699461251052,0.005,0.025,20000,0,0.0,0.0,0.0001844269639618992,0.9834775786415443,0.9969649099399599,0.013487331298415678,0.01445,0.002820494376789151,0.9533203576525235,0.9860477322510964,12171.4528
recall,mixed,separate,0.98,0.05,0.8,0.95,20000,0.9839893262174783,73,0.00365,0.0028620757242865252,0.004587170345127215,0.00625,0.025,20000,0,0.0,0.0,0.0001844269639618992,0.9904642325531393,0.9975358905937294,0.007071658040589904,0.0,,0.9533450473705201,0.9860556618513449,12524.0164
recall,single,pooled,0.98,0.05,0.9,1.0,20000,0.9823182711198426,200,0.01,0.008667639013454015,0.011477547626198549,0.025,,0,0,0.0,0.0,0.975,0.999861932938856,0.9998231827111984,-3.875022765758795e-05,0.01,-0.0038750227657587955,,,14387.75
recall,mixed,pooled,0.98,0.05,0.9,0.95,20000,0.9820239680426097,26,0.0013,0.000849373420145065,0.0019042251302998263,0.005,0.025,20000,0,0.0,0.0,0.0001844269639618992,0.9837262932034202,0.9969544274300933,0.01322813422667305,0.00745,0.000871167113456439,0.9536020968837396,0.9860944627381868,12501.0032
recall,mixed,separate,0.98,0.05,0.9,0.95,20000,0.9820239680426097,87,0.00435,0.003485594900908812,0.005362981981736926,0.00625,0.025,20000,0,0.0,0.0,0.0001844269639618992,0.9906392751890227,0.9976305259653795,0.006991250776356682,0.0,,0.9531409744548346,0.9860390094700602,12599.71465
recall,single,pooled,0.98,0.05,1.0,1.0,20000,0.9803921568627451,118,0.0059,0.004885950073467443,0.007061454188793603,0.025,,0,0,0.0,0.0,0.975,0.999918540433925,0.9998843137254902,-3.4226708434853716e-05,0.0059,-0.005801137022856562,,,14433.7725
recall,mixed,pooled,0.98,0.05,1.0,0.95,20000,0.980066445182724,77,0.00385,0.003039518305129988,0.004809523905396732,0.005,0.025,20000,0,0.0,0.0,0.0001844269639618992,0.9837792846091488,0.9970435215946843,0.013264236985535688,0.00385,-0.0005152321902683541,0.9533828834796378,0.9860285701352696,12630.6374
recall,mixed,separate,0.98,0.05,1.0,0.95,20000,0.980066445182724,93,0.00465,0.0037547416671635547,0.0056935809205342185,0.00625,0.025,20000,0,0.0,0.0,0.0001844269639618992,0.9901762113514153,0.9974135215946844,0.007237310243269107,0.0,,0.9535238146747804,0.9861130705492073,12655.34655
recall,single,pooled,0.98,0.05,1.25,1.0,20000,0.9746588693957116,37,0.00185,0.0013028949062319371,0.0025490886523771247,0.025,,0,0,0.0,0.0,0.975,0.9999744575936885,0.999953118908382,-2.1338685306296816e-05,0.00185,-0.011534424489890172,,,14479.23375
recall,mixed,pooled,0.98,0.05,1.25,0.95,20000,0.9748843357567745,18,0.0009,0.0005334815053176195,0.0014220164805692974,0.005,0.025,20000,0,0.0,0.0,0.0001844269639618992,0.9842199884546999,0.9972535690680766,0.01303358061337679,0.0007,-0.005928626997446618,0.9535168820114214,0.986144567440165,13077.3338
recall,mixed,separate,0.98,0.05,1.25,0.95,20000,0.9748843357567745,112,0.0056,0.004613191298196588,0.006734416469955211,0.00625,0.025,20000,0,0.0,0.0,0.0001844269639618992,0.9885944033943029,0.9965281559814936,0.007933752587190887,0.0,,0.9534323593775381,0.9861088694874041,12672.9869
recall,single,pooled,0.98,0.05,1.5,1.0,20000,0.9699321047526671,10,0.0005,0.00023979464329097462,0.0009193249298326013,0.025,,0,0,0.0,0.0,0.975,0.9999930966469428,0.9999849660523763,-8.130594566467143e-06,0.0005,-0.016261189132934284,,,14494.3875
recall,mixed,pooled,0.98,0.05,1.5,0.95,20000,0.9703947368421053,12,0.0006,0.00031006596323293443,0.0010478444435904025,0.005,0.025,20000,0,0.0,0.0,0.0001844269639618992,0.9848922278323619,0.9972269736842103,0.012334745851848669,0.0001,-0.010112472727760391,0.953756852335764,0.9862350561907642,13466.6387
recall,mixed,separate,0.98,0.05,1.5,0.95,20000,0.9703947368421053,54,0.0027,0.00202895415096989,0.0035214642493324347,0.00625,0.025,20000,0,0.0,0.0,0.0001844269639618992,0.9881189828693534,0.9962576315789473,0.00813864870959397,0.0,,0.9537025310476777,0.986192797106309,12682.6103
recall,single,pooled,0.98,0.05,2.0,1.0,20000,0.9606147934678193,0,0.0,0.0,0.0001844269639618992,0.025,,0,0,0.0,0.0,0.975,1.0,1.0,0.0,0.0,,,,14500.0
recall,mixed,pooled,0.98,0.05,2.0,0.95,20000,0.9609120521172637,16,0.0008,0.0004573360715951035,0.0012988256380440566,0.005,0.025,20000,0,0.0,0.0,0.0001844269639618992,0.9854727156606096,0.9975094462540718,0.012036730593462193,0.0,,0.9543122840990396,0.9863730341435044,13744.9639
recall,mixed,separate,0.98,0.05,2.0,0.95,20000,0.9609120521172637,73,0.00365,0.0028620757242865252,0.004587170345127215,0.00625,0.025,20000,0,0.0,0.0,0.0001844269639618992,0.9856834001329037,0.9947636807817589,0.009080280648855294,0.0,,0.9543843726868905,0.9863509038175163,12687.23775
recall,single,pooled,0.98,0.05,3.0,1.0,20000,0.9425070688030158,0,0.0,0.0,0.0001844269639618992,0.025,,0,0,0.0,0.0,0.975,1.0,1.0,0.0,0.0,,,,14500.0
recall,mixed,pooled,0.98,0.05,3.0,0.95,20000,0.9424920127795529,10,0.0005,0.00023979464329097462,0.0009193249298326013,0.005,0.025,20000,0,0.0,0.0,0.0001844269639618992,0.9865318219616953,0.9978149840255591,0.011283162063863662,0.0,,0.9552908714064859,0.9866257969834631,14075.36835
recall,mixed,separate,0.98,0.05,3.0,0.95,20000,0.9424920127795529,71,0.00355,0.002773589037788969,0.004475763453369435,0.00625,0.025,20000,0,0.0,0.0,0.0001844269639618992,0.985165507755444,0.9931464856230032,0.007980977867559119,0.0,,0.9551466885212779,0.9865470566976615,12953.0681
precision,mixed,pooled,0.98,0.05,0.5,0.84,20000,0.9902370990237097,0,0.0,0.0,0.0001844269639618992,0.005,0.025,20000,263,0.01315,0.01161730072657953,0.014826532322637594,0.9828562169698777,0.9967944211994422,0.013938204229564577,0.01695,0.008736255814027928,0.991058849879999,0.9929111371834038,10501.23495
precision,mixed,pooled,0.98,0.05,0.5,0.86,20000,0.9896193771626295,0,0.0,0.0,0.0001844269639618992,0.005,0.025,20000,64,0.0032,0.0024652356247496835,0.004084516784818635,0.9829355124569708,0.996618062283737,0.013682549826766354,0.02345,0.008210534527691113,0.9853134108855164,0.9897420425981359,10953.65235
precision,mixed,pooled,0.98,0.05,0.5,0.88,20000,0.9896907216494847,0,0.0,0.0,0.0001844269639618992,0.005,0.025,20000,166,0.0083,0.007089521421991744,0.009656492298940701,0.9829720797189678,0.996651374570447,0.013679294851479023,0.03565,0.0084072849212544,0.9782312313066021,0.9866764064272567,10907.1045
precision,mixed,pooled,0.98,0.05,0.5,0.9,20000,0.9897610921501706,0,0.0,0.0,0.0001844269639618992,0.005,0.025,20000,404,0.0202,0.018295244647922825,0.022245959844253874,0.9830140214916774,0.9966950170648462,0.013680995573169142,0.0542,0.00828466718255497,0.9696423580316852,0.9841587265619255,10859.03
precision,mixed,pooled,0.98,0.05,0.5,0.92,20000,0.9898305084745763,0,0.0,0.0,0.0001844269639618992,0.005,0.025,20000,0,0.0,0.0,0.0001844269639618992,0.9828818933516482,0.996719627118644,0.013837733766995848,0.0726,0.008385597061425824,0.9602735365773076,0.9828346982244061,10776.49835
precision,mixed,pooled,0.98,0.05,0.5,0.94,20000,0.9898989898989897,0,0.0,0.0,0.0001844269639618992,0.005,0.025,20000,0,0.0,0.0,0.0001844269639618992,0.9829029014605694,0.996711515151515,0.013808613690945827,0.09205,0.008403037253101776,0.9541469901960796,0.9842453546897592,10668.3775
precision,mixed,pooled,0.98,0.05,0.5,0.96,20000,0.9899665551839465,0,0.0,0.0,0.0001844269639618992,0.005,0.025,20000,0,0.0,0.0,0.0001844269639618992,0.9829591086987153,0.9967511705685618,0.013792061869846516,0.10615,0.00842889524555962,0.953406960329731,0.9881984157667565,10641.0243
precision,mixed,pooled,0.98,0.05,0.5,0.98,20000,0.9900332225913626,0,0.0,0.0,0.0001844269639618992,0.005,0.025,20000,0,0.0,0.0,0.0001844269639618992,0.9829860872505218,0.99674634551495,0.013760258264428251,0.11285,0.008562868696490046,0.9591608680259472,0.9938725631570995,10582.45175
precision,mixed,pooled,0.98,0.05,0.5,1.0,20000,0.9900990099009903,0,0.0,0.0,0.0001844269639618992,0.005,0.025,20000,0,0.0,0.0,0.0001844269639618992,0.9831783397353724,0.9967288448844883,0.013550505149116076,0.12245,0.008581360049561657,0.9695370878657026,1.0,10535.02725
recall,single,pooled,0.98,0.1,0.0,1.0,20000,1.0,0,0.0,0.0,0.0001844269639618992,0.05,,0,0,0.0,0.0,0.975,0.9861932938856018,1.0,0.013806706114398383,1.0,0.013806706114398383,,,2660.0
recall,mixed,pooled,0.98,0.1,0.0,0.95,20000,1.0,0,0.0,0.0,0.0001844269639618992,0.01,0.05,20000,0,0.0,0.0,0.0001844269639618992,0.985978852638655,1.0,0.014021147361344976,0.82785,0.014017760758226631,0.959180087656153,0.9867756078766946,2961.78945
recall,mixed,separate,0.98,0.1,0.0,0.95,20000,1.0,0,0.0,0.0,0.0001844269639618992,0.0125,0.05,20000,0,0.0,0.0,0.0001844269639618992,0.9902492454220239,1.0,0.009750754577976115,0.0,,0.9592301839876339,0.9868015737661333,7903.68625
recall,single,pooled,0.98,0.1,0.25,1.0,20000,0.9950248756218907,0,0.0,0.0,0.0001844269639618992,0.05,,0,0,0.0,0.0,0.975,0.9950316568047337,0.9982097014925374,0.0031780446878035794,0.35985,0.008831581736288951,,,10239.376
recall,mixed,pooled,0.98,0.1,0.25,0.95,20000,0.9946055293324338,0,0.0,0.0,0.0001844269639618992,0.01,0.05,20000,0,0.0,0.0,0.0001844269639618992,0.98361067808628,0.9974279163857045,0.013817238299424748,0.26055,0.011655798171939447,0.9590887370642242,0.9867804630382568,7987.52665
recall,mixed,separate,0.98,0.1,0.25,0.95,20000,0.9946055293324338,0,0.0,0.0,0.0001844269639618992,0.0125,0.05,20000,0,0.0,0.0,0.0001844269639618992,0.9846070872405637,0.9973436614969656,0.012736574256401843,0.0,,0.9590412100480297,0.9867557929166316,8048.05655
recall,single,pooled,0.98,0.1,0.5,1.0,20000,0.9900990099009903,0,0.0,0.0,0.0001844269639618992,0.05,,0,0,0.0,0.0,0.975,0.9981878698224853,0.998700495049505,0.0005126252270197369,0.13125,0.003905716015388472,,,12946.0
recall,mixed,pooled,0.98,0.1,0.5,0.95,20000,0.9899328859060402,0,0.0,0.0,0.0001844269639618992,0.01,0.05,20000,0,0.0,0.0,0.0001844269639618992,0.9841057610079348,0.9968833892617451,0.012777628253810175,0.0781,0.007855873645449067,0.9590777378306066,0.9868137992700278,10881.06925
recall,mixed,separate,0.98,0.1,0.5,0.95,20000,0.9899328859060402,0,0.0,0.0,0.0001844269639618992,0.0125,0.05,20000,0,0.0,0.0,0.0001844269639618992,0.9864229671518966,0.9965015436241611,0.010078576472264487,0.0,,0.9596169138005065,0.9869145154452191,9918.74655
recall,single,pooled,0.98,0.1,0.6,1.0,20000,0.9881422924901186,0,0.0,0.0,0.0001844269639618992,0.05,,0,0,0.0,0.0,0.975,0.9987642998027614,0.9989387351778656,0.000174435375104264,0.0895,0.001948998604516916,,,13440.32
recall,mixed,pooled,0.98,0.1,0.6,0.95,20000,0.9879437374413931,0,0.0,0.0,0.0001844269639618992,0.01,0.05,20000,0,0.0,0.0,0.0001844269639618992,0.9841501518045414,0.9969624581379772,0.012812306333435825,0.0449,0.006192776753681786,0.959484310402546,0.9868462402958154,11385.86935
recall,mixed,separate,0.98,0.1,0.6,0.95,20000,0.9879437374413931,0,0.0,0.0,0.0001844269639618992,0.0125,0.05,20000,0,0.0,0.0,0.0001844269639618992,0.988470831144629,0.9968091426657737,0.008338311521144708,0.0,,0.9593301701703724,0.986860539676173,11138.33775
recall,single,pooled,0.98,0.1,0.7,1.0,20000,0.9861932938856018,0,0.0,0.0,0.0001844269639618992,0.05,,0,0,0.0,0.0,0.975,0.9991778106508875,0.9991778106508875,0.0,0.05955,0.0,,,13794.928
recall,mixed,pooled,0.98,0.1,0.7,0.95,20000,0.9859625668449198,61,0.00305,0.002333787163523983,0.003916151780460448,0.01,0.05,20000,0,0.0,0.0,0.0001844269639618992,0.9841438483148147,0.996939104278075,0.012795255963259974,0.0256,0.004461231939370242,0.9594219429382174,0.9868367006964835,12015.7156
recall,mixed,separate,0.98,0.1,0.7,0.95,20000,0.9859625668449198,1,5e-05,1.2658895979755815e-06,0.0002785503321745113,0.0125,0.05,20000,0,0.0,0.0,0.0001844269639618992,0.9891607201168172,0.9970225601604278,0.007861840043610669,0.0,,0.9596204848597228,0.9869204656185153,11819.01505
recall,single,pooled,0.98,0.1,0.8,1.0,20000,0.9842519685039369,753,0.03765,0.035054355168464835,0.040381127447755995,0.05,,0,0,0.0,0.0,0.975,0.9994801775147929,0.9994070866141734,-7.309090061967154e-05,0.03765,-0.0019413253816645828,,,14054.224
recall,mixed,pooled,0.98,0.1,0.8,0.95,20000,0.9839893262174783,96,0.0048,0.003889693670001034,0.005858507616201057,0.01,0.05,20000,0,0.0,0.0,0.0001844269639618992,0.9840348678429814,0.9969661107404936,0.012931242897512006,0.01425,0.0027625538450375543,0.9594833529404143,0.9869190498962844,12182.32565
recall,mixed,separate,0.98,0.1,0.8,0.95,20000,0.9839893262174783,2,0.0001,1.2110693365417044e-05,0.0003611872030449162,0.0125,0.05,20000,0,0.0,0.0,0.0001844269639618992,0.9896515022896077,0.997243062041361,0.007591559751753172,0.0,,0.9596572002072037,0.9869559826860017,12286.2981
recall,single,pooled,0.98,0.1,0.9,1.0,20000,0.9823182711198426,533,0.02665,0.02446190778324961,0.028977107740052185,0.05,,0,0,0.0,0.0,0.975,0.9996320512820516,0.9995287819253437,-0.0001032693567074719,0.02665,-0.0038750227657587955,,,14184.464
recall,mixed,pooled,0.98,0.1,0.9,0.95,20000,0.9820239680426097,55,0.00275,0.00207232778997947,0.0035780178245030884,0.01,0.05,20000,0,0.0,0.0,0.0001844269639618992,0.9841983998256052,0.9969752330226364,0.012776833197031469,0.008,0.0009007149254850737,0.9598374694877417,0.9869774842892725,12516.939
recall,mixed,separate,0.98,0.1,0.9,0.95,20000,0.9820239680426097,6,0.0003,0.00011010241504607224,0.000652858465585465,0.0125,0.05,20000,0,0.0,0.0,0.0001844269639618992,0.989829788379206,0.9973674434087884,0.007537655029582208,0.0,,0.9597321515225377,0.9870047477083257,12476.59155
recall,single,pooled,0.98,0.1,1.0,1.0,20000,0.9803921568627451,298,0.0149,0.013266742991537628,0.01667640008159079,0.05,,0,0,0.0,0.0,0.975,0.9997942800788956,0.9997078431372549,-8.643694164056278e-05,0.0149,-0.005801137022856562,,,14323.584
recall,mixed,pooled,0.98,0.1,1.0,0.95,20000,0.980066445182724,27,0.00135,0.0008898411276595156,0.0019635758742433205,0.01,0.05,20000,0,0.0,0.0,0.0001844269639618992,0.9842052388380482,0.9968974086378738,0.01269216979982574,0.0046,-0.0008406043023453018,0.9597127157441839,0.9869666480929699,12547.74135
recall,mixed,separate,0.98,0.1,1.0,0.95,20000,0.980066445182724,8,0.0004,0.0001727069211699186,0.0007880065010413351,0.0125,0.05,20000,0,0.0,0.0,0.0001844269639618992,0.9894885314757937,0.9972266112956809,0.0077380798198873205,0.0,,0.9596740104270344,0.9869162004448344,12547.1751
recall,single,pooled,0.98,0.1,1.25,1.0,20000,0.9746588693957116,110,0.0055,0.004522435937052903,0.006625241734307392,0.05,,0,0,0.0,0.0,0.975,0.9999240631163709,0.9998606237816763,-6.343933469439594e-05,0.0055,-0.011534424489890166,,,14434.88
recall,mixed,pooled,0.98,0.1,1.25,0.95,20000,0.9748843357567745,24,0.0012,0.0007690092283363044,0.001784982122860909,0.01,0.05,20000,0,0.0,0.0,0.0001844269639618992,0.984560726611843,0.9970919365499008,0.012531209938057798,0.001,-0.005504661977322767,0.9598510730235208,0.9869954495197959,13010.9647
recall,mixed,separate,0.98,0.1,1.25,0.95,20000,0.9748843357567745,21,0.00105,0.0006500803486648398,0.0016045910822638997,0.0125,0.05,20000,0,0.0,0.0,0.0001844269639618992,0.9879547921251819,0.9963924322538004,0.008437640128618688,0.0,,0.9598043611995155,0.987008869536926,12593.30235
recall,single,pooled,0.98,0.1,1.5,1.0,20000,0.9699321047526671,33,0.00165,0.0011360478571087998,0.0023164402942804346,0.05,,0,0,0.0,0.0,0.975,0.9999772189349114,0.9999503879728417,-2.683096206934157e-05,0.00165,-0.016261189132934284,,,14480.464
recall,mixed,pooled,0.98,0.1,1.5,0.95,20000,0.9703947368421053,26,0.0013,0.000849373420145065,0.0019042251302998263,0.01,0.05,20000,0,0.0,0.0,0.0001844269639618992,0.9855438012905313,0.9969574342105263,0.011413632919994945,0.00045,-0.009741037899556444,0.9602613444145143,0.9870701148368662,13369.66755
recall,mixed,separate,0.98,0.1,1.5,0.95,20000,0.9703947368421053,20,0.001,0.0006109296061736067,0.0015439984673203263,0.0125,0.05,20000,0,0.0,0.0,0.0001844269639618992,0.9872971271021861,0.9960209539473684,0.00872382684518231,0.0,,0.9599825883212919,0.9870595562216676,12596.22935
recall,single,pooled,0.98,0.1,2.0,1.0,20000,0.9606147934678193,4,0.0002,5.44958711328088e-05,0.0005119995337837134,0.05,,0,0,0.0,0.0,0.975,0.9999972386587771,0.9999921229586937,-5.11570008355644e-06,0.0002,-0.025578500417782202,,,14497.632
recall,mixed,pooled,0.98,0.1,2.0,0.95,20000,0.9609120521172637,57,0.00285,0.0021592551186354267,0.0036909494632709704,0.01,0.05,20000,0,0.0,0.0,0.0001844269639618992,0.9856275279126545,0.9971821172638438,0.011554589351189151,5e-05,-0.018505210607027256,0.9605916742258261,0.9872489364586765,13657.05205
recall,mixed,separate,0.98,0.1,2.0,0.95,20000,0.9609120521172637,16,0.0008,0.0004573360715951035,0.0012988256380440566,0.0125,0.05,20000,0,0.0,0.0,0.0001844269639618992,0.9847794026594636,0.9944867426710098,0.00970734001154606,0.0,,0.9604250404978125,0.9872194893055063,12598.29625
recall,single,pooled,0.98,0.1,3.0,1.0,20000,0.9425070688030158,0,0.0,0.0,0.0001844269639618992,0.05,,0,0,0.0,0.0,0.975,1.0,1.0,0.0,0.0,,,,14500.0
recall,mixed,pooled,0.98,0.1,3.0,0.95,20000,0.9424920127795529,30,0.0015,0.0010122654354229837,0.0021406565042675686,0.01,0.05,20000,0,0.0,0.0,0.0001844269639618992,0.986897384852888,0.9974292971246006,0.01053191227171256,0.0,,0.9613380668339454,0.9874553551945586,14014.2348
recall,mixed,separate,0.98,0.1,3.0,0.95,20000,0.9424920127795529,30,0.0015,0.0010122654354229837,0.0021406565042675686,0.0125,0.05,20000,0,0.0,0.0,0.0001844269639618992,0.9854626001261784,0.993345143769968,0.007882543643789623,0.0,,0.9609437674856017,0.9873678609899623,13047.00575
precision,mixed,pooled,0.98,0.1,0.5,0.84,20000,0.9902370990237097,0,0.0,0.0,0.0001844269639618992,0.01,0.05,20000,773,0.03865,0.03602079362401846,0.04141437518541037,0.9829615591567584,0.9964963040446304,0.013534744887872038,0.01045,0.007302158991598081,0.992289267083328,0.9931580629636082,10087.4096
precision,mixed,pooled,0.98,0.1,0.5,0.86,20000,0.9896193771626295,0,0.0,0.0,0.0001844269639618992,0.01,0.05,20000,230,0.0115,0.01006870119241304,0.013075818653348458,0.9836179900251515,0.9964575778546713,0.01283958782951995,0.0123,0.007126984792898917,0.9886812193730115,0.9911136223201055,10749.80635
precision,mixed,pooled,0.98,0.1,0.5,0.88,20000,0.9896907216494847,0,0.0,0.0,0.0001844269639618992,0.01,0.05,20000,433,0.02165,0.019677753839166614,0.02376294651675737,0.9839721916620144,0.9966367010309279,0.012664509368913437,0.02195,0.00729896513350547,0.9828365937819712,0.9882959084873124,10910.93135
precision,mixed,pooled,0.98,0.1,0.5,0.9,20000,0.9897610921501706,0,0.0,0.0,0.0001844269639618992,0.01,0.05,20000,841,0.04205,0.039310202088364804,0.04492390610839738,0.9845975980596726,0.9972447098976108,0.01264711183793832,0.03615,0.007556444315569444,0.9762615188550837,0.9862178550070495,11610.60385
precision,mixed,pooled,0.98,0.1,0.5,0.92,20000,0.9898305084745763,0,0.0,0.0,0.0001844269639618992,0.01,0.05,20000,0,0.0,0.0,0.0001844269639618992,0.9842925225831876,0.9972176610169492,0.012925138433761578,0.04955,0.007837341510772377,0.9685909342909055,0.9849485122679189,11459.93195
precision,mixed,pooled,0.98,0.1,0.5,0.94,20000,0.9898989898989897,0,0.0,0.0,0.0001844269639618992,0.01,0.05,20000,0,0.0,0.0,0.0001844269639618992,0.9839354623291178,0.9968158585858584,0.012880396256740891,0.0682,0.008044087402233394,0.9616571009494018,0.9856141470030776,10833.921
precision,mixed,pooled,0.98,0.1,0.5,0.96,20000,0.9899665551839465,0,0.0,0.0,0.0001844269639618992,0.01,0.05,20000,0,0.0,0.0,0.0001844269639618992,0.984102304712138,0.9969577591973244,0.012855454485186527,0.08555,0.008071832505817101,0.9580288411965474,0.9886649439300538,10929.081
precision,mixed,pooled,0.98,0.1,0.5,0.98,20000,0.9900332225913626,0,0.0,0.0,0.0001844269639618992,0.01,0.05,20000,0,0.0,0.0,0.0001844269639618992,0.984374263964346,0.9971167441860467,0.012742480221700355,0.0838,0.007685075085118251,0.9603245705701345,0.9938339556737664,11083.0371
precision,mixed,pooled,0.98,0.1,0.5,1.0,20000,0.9900990099009903,0,0.0,0.0,0.0001844269639618992,0.01,0.05,20000,0,0.0,0.0,0.0001844269639618992,0.9850480402289746,0.9975011221122113,0.012453081883236563,0.04065,0.004345956983758059,0.9688990273919943,1.0,11585.8588
