query_index,predicate_name,predicate_text,reuse_kind,oracle_calls,candidate_calls,audit_calls,escalation_calls,nli_pair_scores,precision,recall,f1,n_true_pos_rows,recall_bound,bound_violated,precision_bound,precision_bound_violated,latency_s,recall_oracle,bound_violated_oracle,setting,label,reasoner,design,n_rows
0,log:A1,The post asks for technical help with computer hardware.,cold,2000,2000,0,0,0,1.0,1.0,1.0,188,,,,,0.0002222090115537867,1.0,,real,real-mistral-small3.1-N2000,nli,shipped,2000
1,log:A2,The post asks for technical help with a personal computer's hardware.,rewrite,2000,1812,29,159,2,1.0,1.0,1.0,147,1.0,False,1.0,False,0.5889587080018828,1.0,False,real,real-mistral-small3.1-N2000,nli,shipped,2000
2,log:A3,The post is a request for technical assistance concerning computer hardware.,rewrite,1997,44,694,1259,4,1.0,1.0,1.0,155,0.9810126582278481,False,1.0,False,0.8263251669995952,1.0,False,real,real-mistral-small3.1-N2000,nli,shipped,2000
3,log:A4,The post asks for help with Macintosh hardware.,rewrite,2000,1817,36,147,6,1.0,1.0,1.0,33,1.0,False,1.0,False,0.4866069999989122,1.0,False,real,real-mistral-small3.1-N2000,nli,shipped,2000
4,log:A5,The post describes a hardware problem the author is experiencing.,cold,2000,2000,0,0,8,1.0,1.0,1.0,89,,,,,0.7142297920072451,1.0,,real,real-mistral-small3.1-N2000,nli,shipped,2000
5,log:B1,The post offers an item for sale.,cold,2000,2000,0,0,10,1.0,1.0,1.0,78,,,,,0.8977434580010595,1.0,,real,real-mistral-small3.1-N2000,nli,shipped,2000
6,log:B2,The post offers a computer or a computer part for sale.,rewrite,2000,1922,29,49,12,1.0,1.0,1.0,29,1.0,False,1.0,False,0.6976458330027526,1.0,False,real,real-mistral-small3.1-N2000,nli,shipped,2000
7,log:B3,The post mentions a specific price in dollars.,cold,2000,2000,0,0,14,1.0,1.0,1.0,140,,,,,0.7037319999944884,1.0,,real,real-mistral-small3.1-N2000,nli,shipped,2000
8,log:B4,The post is an advertisement.,rewrite,2000,0,0,2000,16,1.0,1.0,1.0,94,1.0,False,1.0,False,0.8554597500042291,1.0,False,real,real-mistral-small3.1-N2000,nli,shipped,2000
9,log:B5,The post is looking to buy something rather than to sell something.,rewrite,2000,13,0,1987,18,1.0,1.0,1.0,148,1.0,False,1.0,False,0.9775345410016598,1.0,False,real,real-mistral-small3.1-N2000,nli,shipped,2000
10,log:C1,The post discusses a professional sports team.,cold,2000,2000,0,0,20,1.0,1.0,1.0,134,,,,,1.0836045409960207,1.0,,real,real-mistral-small3.1-N2000,nli,shipped,2000
11,log:C2,The post discusses a professional baseball team.,rewrite,1352,212,1140,0,22,1.0,1.0,1.0,66,0.9295774647887324,False,1.0,False,1.2264741250110092,1.0,False,real,real-mistral-small3.1-N2000,nli,shipped,2000
12,log:C3,The post mentions a player's statistics.,rewrite,2000,78,0,1922,24,1.0,1.0,1.0,50,1.0,False,1.0,False,1.2617953330045566,1.0,False,real,real-mistral-small3.1-N2000,nli,shipped,2000
13,log:C4,The post is about a sporting event that has already taken place.,cold,2000,2000,0,0,26,1.0,1.0,1.0,66,,,,,1.3226240840012906,1.0,,real,real-mistral-small3.1-N2000,nli,shipped,2000
14,log:C5,The post is about sports.,rewrite,2000,23,0,1977,28,1.0,1.0,1.0,178,1.0,False,1.0,False,1.0907149590057088,1.0,False,real,real-mistral-small3.1-N2000,nli,shipped,2000
15,log:D1,The post argues about politics.,cold,2000,2000,0,0,30,1.0,1.0,1.0,193,,,,,1.5572850839962484,1.0,,real,real-mistral-small3.1-N2000,nli,shipped,2000
16,log:D2,The post argues about gun control policy.,cold,2000,2000,0,0,32,1.0,1.0,1.0,30,,,,,2.0767198329995153,1.0,,real,real-mistral-small3.1-N2000,nli,shipped,2000
17,log:D3,The post expresses a religious belief.,rewrite,2000,1906,29,65,34,1.0,1.0,1.0,97,1.0,False,1.0,False,2.8169655420060735,1.0,False,real,real-mistral-small3.1-N2000,nli,shipped,2000
18,log:D4,The post argues about religion.,cold,2000,2000,0,0,36,1.0,1.0,1.0,181,,,,,2.2597680409962777,1.0,,real,real-mistral-small3.1-N2000,nli,shipped,2000
19,log:D5,The post discusses the Middle East.,rewrite,2000,316,0,1684,38,1.0,1.0,1.0,39,1.0,False,1.0,False,1.4650266670068959,1.0,False,real,real-mistral-small3.1-N2000,nli,shipped,2000
20,log:D6,The post criticizes a government or a government policy.,cold,2000,2000,0,0,40,1.0,1.0,1.0,173,,,,,1.2741494579968276,1.0,,real,real-mistral-small3.1-N2000,nli,shipped,2000
21,log:E1,The author of the post is frustrated or angry.,cold,2000,2000,0,0,42,1.0,1.0,1.0,386,,,,,1.517347291999613,1.0,,real,real-mistral-small3.1-N2000,nli,shipped,2000
22,log:E2,The post contains a question.,rewrite,2000,0,0,2000,44,1.0,1.0,1.0,875,1.0,False,1.0,False,1.620035874992027,1.0,False,real,real-mistral-small3.1-N2000,nli,shipped,2000
23,log:E3,The post quotes another message.,rewrite,2000,0,0,2000,46,1.0,1.0,1.0,271,1.0,False,1.0,False,1.6169615410035476,1.0,False,real,real-mistral-small3.1-N2000,nli,shipped,2000
24,log:E4,The post uses technical jargon.,cold,2000,2000,0,0,48,1.0,1.0,1.0,914,,,,,1.5132713749917457,1.0,,real,real-mistral-small3.1-N2000,nli,shipped,2000
25,log:E5,The post makes a factual claim that could be checked.,rewrite,2000,0,0,2000,50,1.0,1.0,1.0,366,1.0,False,1.0,False,1.7851399999926798,1.0,False,real,real-mistral-small3.1-N2000,nli,shipped,2000
26,log:F1,The post discusses medicine or health.,rewrite,2000,883,72,1045,52,1.0,1.0,1.0,100,1.0,False,1.0,False,1.54032533300051,1.0,False,real,real-mistral-small3.1-N2000,nli,shipped,2000
27,log:F2,The post discusses a specific disease or medical condition.,rewrite,2000,883,72,1045,54,1.0,1.0,1.0,40,1.0,False,1.0,False,1.3452316659968346,1.0,False,real,real-mistral-small3.1-N2000,nli,shipped,2000
28,log:F3,The post discusses space or astronomy.,rewrite,2000,1125,29,846,56,1.0,1.0,1.0,62,1.0,False,1.0,False,1.7394412090070546,1.0,False,real,real-mistral-small3.1-N2000,nli,shipped,2000
29,log:F4,The post discusses cryptography or encryption.,rewrite,2000,1125,29,846,58,1.0,1.0,1.0,56,1.0,False,1.0,False,2.5359358329878887,1.0,False,real,real-mistral-small3.1-N2000,nli,shipped,2000
30,log:F5,The post discusses computer security.,rewrite,2000,883,72,1045,60,1.0,1.0,1.0,49,1.0,False,1.0,False,3.7653151669946965,1.0,False,real,real-mistral-small3.1-N2000,nli,shipped,2000
31,log:F6,The post discusses science.,rewrite,1986,1117,365,504,62,1.0,0.961038961038961,0.9801324503311257,154,0.9192546583850931,False,1.0,False,3.5642039170052158,0.961038961038961,False,real,real-mistral-small3.1-N2000,nli,shipped,2000
32,log:G1,The post mentions an operating system.,rewrite,2000,384,0,1616,64,1.0,1.0,1.0,173,1.0,False,1.0,False,2.5155683339980897,1.0,False,real,real-mistral-small3.1-N2000,nli,shipped,2000
33,log:G2,The post mentions Microsoft Windows.,rewrite,1593,554,1013,26,66,1.0,0.9859154929577465,0.9929078014184397,71,0.9459459459459459,False,1.0,False,1.7819694159989012,0.9859154929577465,False,real,real-mistral-small3.1-N2000,nli,shipped,2000
34,log:G3,The post mentions the X Window System.,rewrite,2000,384,0,1616,68,1.0,1.0,1.0,75,1.0,False,1.0,False,1.7897983339935308,1.0,False,real,real-mistral-small3.1-N2000,nli,shipped,2000
35,log:G4,The post discusses software rather than hardware.,rewrite,2000,1,0,1999,70,1.0,1.0,1.0,195,1.0,False,1.0,False,1.8269047920039156,1.0,False,real,real-mistral-small3.1-N2000,nli,shipped,2000
36,log:G5,The post recommends a product or a service.,rewrite,2000,0,0,2000,72,1.0,1.0,1.0,115,1.0,False,1.0,False,2.0105679169937503,1.0,False,real,real-mistral-small3.1-N2000,nli,shipped,2000
37,log:H1,The post asks for technical help with computer hardware.,exact-hit,0,0,0,0,0,1.0,1.0,1.0,188,,,,,8.082992280833423e-06,1.0,,real,real-mistral-small3.1-N2000,nli,shipped,2000
38,log:H2,The post is selling something.,rewrite,1468,429,1014,25,74,1.0,0.9880952380952381,0.9940119760479043,84,0.9431818181818182,False,1.0,False,2.2020999579981435,0.9880952380952381,False,real,real-mistral-small3.1-N2000,nli,shipped,2000
39,log:H3,The post is about a motor vehicle.,rewrite,2000,1034,72,894,76,1.0,1.0,1.0,144,1.0,False,1.0,False,1.9975601249898318,1.0,False,real,real-mistral-small3.1-N2000,nli,shipped,2000
40,log:H4,The post is about a car or a motorcycle.,rewrite,2000,1002,318,680,78,1.0,1.0,1.0,143,1.0,False,1.0,False,1.9599744580045808,1.0,False,real,real-mistral-small3.1-N2000,nli,shipped,2000
41,log:H5,The post gives advice about maintaining a vehicle.,rewrite,2000,561,0,1439,80,1.0,1.0,1.0,11,1.0,False,1.0,False,3.476578707995941,1.0,False,real,real-mistral-small3.1-N2000,nli,shipped,2000
42,log:H6,The tone of the post is angry or annoyed.,rewrite,2000,21,0,1979,82,1.0,1.0,1.0,266,1.0,False,1.0,False,4.440226375008933,1.0,False,real,real-mistral-small3.1-N2000,nli,shipped,2000
43,log:H7,The post is about a computer operating system.,rewrite,1414,1001,413,0,84,1.0,0.9900990099009901,0.9950248756218906,101,0.9433962264150944,False,1.0,False,2.5893660000001546,0.9900990099009901,False,real,real-mistral-small3.1-N2000,nli,shipped,2000
44,log:H8,The post is a for-sale advertisement.,rewrite,1481,71,1382,28,86,1.0,1.0,1.0,74,0.961038961038961,False,1.0,False,1.8402289579971693,1.0,False,real,real-mistral-small3.1-N2000,nli,shipped,2000
45,log:H9,The post discusses encryption algorithms or key management.,rewrite,2000,1091,78,831,88,1.0,1.0,1.0,36,1.0,False,1.0,False,2.1470586670038756,1.0,False,real,real-mistral-small3.1-N2000,nli,shipped,2000
46,log:H10,The post asks a question about computer hardware.,rewrite,1997,875,370,752,90,1.0,0.9834254143646409,0.9916434540389973,181,0.9834254143646409,False,1.0,False,2.288348832997144,0.9834254143646409,False,real,real-mistral-small3.1-N2000,nli,shipped,2000
0,log:A1,The post asks for technical help with computer hardware.,cold,2000,2000,0,0,0,1.0,1.0,1.0,188,,,,,9.800000407267362e-05,1.0,,real,real-mistral-small3.1-N2000,nli,separate,2000
1,log:A2,The post asks for technical help with a personal computer's hardware.,rewrite,2000,1812,29,159,0,1.0,1.0,1.0,147,1.0,False,1.0,False,0.0004337919963290915,1.0,False,real,real-mistral-small3.1-N2000,nli,separate,2000
2,log:A3,The post is a request for technical assistance concerning computer hardware.,rewrite,2000,44,637,1319,0,1.0,1.0,1.0,155,1.0,False,1.0,False,0.0008510839979862794,1.0,False,real,real-mistral-small3.1-N2000,nli,separate,2000
3,log:A4,The post asks for help with Macintosh hardware.,rewrite,2000,1817,36,147,0,1.0,1.0,1.0,33,1.0,False,1.0,False,0.00026945800345856696,1.0,False,real,real-mistral-small3.1-N2000,nli,separate,2000
4,log:A5,The post describes a hardware problem the author is experiencing.,cold,2000,2000,0,0,0,1.0,1.0,1.0,89,,,,,0.00013816700084134936,1.0,,real,real-mistral-small3.1-N2000,nli,separate,2000
5,log:B1,The post offers an item for sale.,cold,2000,2000,0,0,0,1.0,1.0,1.0,78,,,,,0.00013362501340452582,1.0,,real,real-mistral-small3.1-N2000,nli,separate,2000
6,log:B2,The post offers a computer or a computer part for sale.,rewrite,2000,1922,29,49,0,1.0,1.0,1.0,29,1.0,False,1.0,False,0.00019933399744331837,1.0,False,real,real-mistral-small3.1-N2000,nli,separate,2000
7,log:B3,The post mentions a specific price in dollars.,cold,2000,2000,0,0,0,1.0,1.0,1.0,140,,,,,0.0001296660047955811,1.0,,real,real-mistral-small3.1-N2000,nli,separate,2000
8,log:B4,The post is an advertisement.,rewrite,2000,0,0,2000,0,1.0,1.0,1.0,94,1.0,False,1.0,False,0.0002315829915460199,1.0,False,real,real-mistral-small3.1-N2000,nli,separate,2000
9,log:B5,The post is looking to buy something rather than to sell something.,rewrite,2000,13,0,1987,0,1.0,1.0,1.0,148,1.0,False,1.0,False,0.0002449160092510283,1.0,False,real,real-mistral-small3.1-N2000,nli,separate,2000
10,log:C1,The post discusses a professional sports team.,cold,2000,2000,0,0,0,1.0,1.0,1.0,134,,,,,0.00014358300541061908,1.0,,real,real-mistral-small3.1-N2000,nli,separate,2000
11,log:C2,The post discusses a professional baseball team.,rewrite,1138,212,926,0,0,1.0,1.0,1.0,66,0.9166666666666666,False,1.0,False,0.0006183329969644547,1.0,False,real,real-mistral-small3.1-N2000,nli,separate,2000
12,log:C3,The post mentions a player's statistics.,rewrite,2000,78,0,1922,0,1.0,1.0,1.0,50,1.0,False,1.0,False,0.0002108750049956143,1.0,False,real,real-mistral-small3.1-N2000,nli,separate,2000
13,log:C4,The post is about a sporting event that has already taken place.,cold,2000,2000,0,0,0,1.0,1.0,1.0,66,,,,,0.00014987500617280602,1.0,,real,real-mistral-small3.1-N2000,nli,separate,2000
14,log:C5,The post is about sports.,rewrite,2000,23,0,1977,0,1.0,1.0,1.0,178,1.0,False,1.0,False,0.00023370800772681832,1.0,False,real,real-mistral-small3.1-N2000,nli,separate,2000
15,log:D1,The post argues about politics.,cold,2000,2000,0,0,0,1.0,1.0,1.0,193,,,,,0.00016308399790432304,1.0,,real,real-mistral-small3.1-N2000,nli,separate,2000
16,log:D2,The post argues about gun control policy.,cold,2000,2000,0,0,0,1.0,1.0,1.0,30,,,,,0.0001562919933348894,1.0,,real,real-mistral-small3.1-N2000,nli,separate,2000
17,log:D3,The post expresses a religious belief.,rewrite,2000,1906,29,65,0,1.0,1.0,1.0,97,1.0,False,1.0,False,0.0002417920040898025,1.0,False,real,real-mistral-small3.1-N2000,nli,separate,2000
18,log:D4,The post argues about religion.,cold,2000,2000,0,0,0,1.0,1.0,1.0,181,,,,,0.00016637500084470958,1.0,,real,real-mistral-small3.1-N2000,nli,separate,2000
19,log:D5,The post discusses the Middle East.,rewrite,2000,316,0,1684,0,1.0,1.0,1.0,39,1.0,False,1.0,False,0.0002521249989513308,1.0,False,real,real-mistral-small3.1-N2000,nli,separate,2000
20,log:D6,The post criticizes a government or a government policy.,cold,2000,2000,0,0,0,1.0,1.0,1.0,173,,,,,0.0001747920032357797,1.0,,real,real-mistral-small3.1-N2000,nli,separate,2000
21,log:E1,The author of the post is frustrated or angry.,cold,2000,2000,0,0,0,1.0,1.0,1.0,386,,,,,0.00017741699411999434,1.0,,real,real-mistral-small3.1-N2000,nli,separate,2000
22,log:E2,The post contains a question.,rewrite,2000,0,0,2000,0,1.0,1.0,1.0,875,1.0,False,1.0,False,0.00035937500069849193,1.0,False,real,real-mistral-small3.1-N2000,nli,separate,2000
23,log:E3,The post quotes another message.,rewrite,2000,0,0,2000,0,1.0,1.0,1.0,271,1.0,False,1.0,False,0.0002858340012608096,1.0,False,real,real-mistral-small3.1-N2000,nli,separate,2000
24,log:E4,The post uses technical jargon.,cold,2000,2000,0,0,0,1.0,1.0,1.0,914,,,,,0.00019437501032371074,1.0,,real,real-mistral-small3.1-N2000,nli,separate,2000
25,log:E5,The post makes a factual claim that could be checked.,rewrite,2000,0,0,2000,0,1.0,1.0,1.0,366,1.0,False,1.0,False,0.0003010829968843609,1.0,False,real,real-mistral-small3.1-N2000,nli,separate,2000
26,log:F1,The post discusses medicine or health.,rewrite,2000,883,72,1045,0,1.0,1.0,1.0,100,1.0,False,1.0,False,0.00045091599167790264,1.0,False,real,real-mistral-small3.1-N2000,nli,separate,2000
27,log:F2,The post discusses a specific disease or medical condition.,rewrite,2000,883,72,1045,0,1.0,1.0,1.0,40,1.0,False,1.0,False,0.00042470800690352917,1.0,False,real,real-mistral-small3.1-N2000,nli,separate,2000
28,log:F3,The post discusses space or astronomy.,rewrite,2000,1125,29,846,0,1.0,1.0,1.0,62,1.0,False,1.0,False,0.014011459003086202,1.0,False,real,real-mistral-small3.1-N2000,nli,separate,2000
29,log:F4,The post discusses cryptography or encryption.,rewrite,2000,1125,29,846,0,1.0,1.0,1.0,56,1.0,False,1.0,False,0.0005296250019455329,1.0,False,real,real-mistral-small3.1-N2000,nli,separate,2000
30,log:F5,The post discusses computer security.,rewrite,2000,883,72,1045,0,1.0,1.0,1.0,49,1.0,False,1.0,False,0.0004583749978337437,1.0,False,real,real-mistral-small3.1-N2000,nli,separate,2000
31,log:F6,The post discusses science.,rewrite,2000,1117,319,564,0,1.0,1.0,1.0,154,1.0,False,1.0,False,0.0009076669957721606,1.0,False,real,real-mistral-small3.1-N2000,nli,separate,2000
32,log:G1,The post mentions an operating system.,rewrite,2000,384,0,1616,0,1.0,1.0,1.0,173,1.0,False,1.0,False,0.00039562500023748726,1.0,False,real,real-mistral-small3.1-N2000,nli,separate,2000
33,log:G2,The post mentions Microsoft Windows.,rewrite,1433,554,853,26,0,1.0,1.0,1.0,71,0.922077922077922,False,1.0,False,0.0008176659903256223,1.0,False,real,real-mistral-small3.1-N2000,nli,separate,2000
34,log:G3,The post mentions the X Window System.,rewrite,2000,384,0,1616,0,1.0,1.0,1.0,75,1.0,False,1.0,False,0.0004125419945921749,1.0,False,real,real-mistral-small3.1-N2000,nli,separate,2000
35,log:G4,The post discusses software rather than hardware.,rewrite,2000,1,0,1999,0,1.0,1.0,1.0,195,1.0,False,1.0,False,0.00036833299964200705,1.0,False,real,real-mistral-small3.1-N2000,nli,separate,2000
36,log:G5,The post recommends a product or a service.,rewrite,2000,0,0,2000,0,1.0,1.0,1.0,115,1.0,False,1.0,False,0.00034662500547710806,1.0,False,real,real-mistral-small3.1-N2000,nli,separate,2000
37,log:H1,The post asks for technical help with computer hardware.,exact-hit,0,0,0,0,0,1.0,1.0,1.0,188,,,,,6.457994459196925e-06,1.0,,real,real-mistral-small3.1-N2000,nli,separate,2000
38,log:H2,The post is selling something.,rewrite,1382,429,927,26,0,1.0,1.0,1.0,84,0.9333333333333333,False,1.0,False,0.0007745420007267967,1.0,False,real,real-mistral-small3.1-N2000,nli,separate,2000
39,log:H3,The post is about a motor vehicle.,rewrite,2000,1034,72,894,0,1.0,1.0,1.0,144,1.0,False,1.0,False,0.0004643749998649582,1.0,False,real,real-mistral-small3.1-N2000,nli,separate,2000
40,log:H4,The post is about a car or a motorcycle.,rewrite,1366,1002,268,96,0,1.0,0.972027972027972,0.9858156028368793,143,0.9328859060402684,False,1.0,False,0.000817291991552338,0.972027972027972,False,real,real-mistral-small3.1-N2000,nli,separate,2000
41,log:H5,The post gives advice about maintaining a vehicle.,rewrite,2000,561,0,1439,0,1.0,1.0,1.0,11,1.0,False,1.0,False,0.0003931669925805181,1.0,False,real,real-mistral-small3.1-N2000,nli,separate,2000
42,log:H6,The tone of the post is angry or annoyed.,rewrite,2000,21,0,1979,0,1.0,1.0,1.0,266,1.0,False,1.0,False,0.00038041699735913426,1.0,False,real,real-mistral-small3.1-N2000,nli,separate,2000
43,log:H7,The post is about a computer operating system.,rewrite,1337,1001,336,0,0,1.0,1.0,1.0,101,0.9017857142857143,False,1.0,False,0.0008035409991862252,1.0,False,real,real-mistral-small3.1-N2000,nli,separate,2000
44,log:H8,The post is a for-sale advertisement.,rewrite,1364,71,1264,29,0,1.0,1.0,1.0,74,0.961038961038961,False,1.0,False,0.0008415000047534704,1.0,False,real,real-mistral-small3.1-N2000,nli,separate,2000
45,log:H9,The post discusses encryption algorithms or key management.,rewrite,2000,1091,78,831,0,1.0,1.0,1.0,36,1.0,False,1.0,False,0.00944004200573545,1.0,False,real,real-mistral-small3.1-N2000,nli,separate,2000
46,log:H10,The post asks a question about computer hardware.,rewrite,2000,875,354,771,0,1.0,1.0,1.0,181,1.0,False,1.0,False,0.001170749994344078,1.0,False,real,real-mistral-small3.1-N2000,nli,separate,2000
0,log:A1,The post asks for technical help with computer hardware.,cold,2000,2000,0,0,0,1.0,1.0,1.0,188,,,,,4.9708003643900156e-05,1.0,,real,real-mistral-small3.1-N2000,nli,separate-prop,2000
1,log:A2,The post asks for technical help with a personal computer's hardware.,rewrite,2000,1812,29,159,0,1.0,1.0,1.0,147,1.0,False,1.0,False,0.0003020830044988543,1.0,False,real,real-mistral-small3.1-N2000,nli,separate-prop,2000
2,log:A3,The post is a request for technical assistance concerning computer hardware.,rewrite,2000,44,637,1319,0,1.0,1.0,1.0,155,1.0,False,1.0,False,0.000768292011343874,1.0,False,real,real-mistral-small3.1-N2000,nli,separate-prop,2000
3,log:A4,The post asks for help with Macintosh hardware.,rewrite,2000,1817,36,147,0,1.0,1.0,1.0,33,1.0,False,1.0,False,0.00024945799668785185,1.0,False,real,real-mistral-small3.1-N2000,nli,separate-prop,2000
4,log:A5,The post describes a hardware problem the author is experiencing.,cold,2000,2000,0,0,0,1.0,1.0,1.0,89,,,,,0.00013349999790079892,1.0,,real,real-mistral-small3.1-N2000,nli,separate-prop,2000
5,log:B1,The post offers an item for sale.,cold,2000,2000,0,0,0,1.0,1.0,1.0,78,,,,,0.00012562499614432454,1.0,,real,real-mistral-small3.1-N2000,nli,separate-prop,2000
6,log:B2,The post offers a computer or a computer part for sale.,rewrite,2000,1922,29,49,0,1.0,1.0,1.0,29,1.0,False,1.0,False,0.00019645800057332963,1.0,False,real,real-mistral-small3.1-N2000,nli,separate-prop,2000
7,log:B3,The post mentions a specific price in dollars.,cold,2000,2000,0,0,0,1.0,1.0,1.0,140,,,,,0.00013254099758341908,1.0,,real,real-mistral-small3.1-N2000,nli,separate-prop,2000
8,log:B4,The post is an advertisement.,rewrite,2000,0,0,2000,0,1.0,1.0,1.0,94,1.0,False,1.0,False,0.0002306669921381399,1.0,False,real,real-mistral-small3.1-N2000,nli,separate-prop,2000
9,log:B5,The post is looking to buy something rather than to sell something.,rewrite,2000,13,0,1987,0,1.0,1.0,1.0,148,1.0,False,1.0,False,0.00024491701333317906,1.0,False,real,real-mistral-small3.1-N2000,nli,separate-prop,2000
10,log:C1,The post discusses a professional sports team.,cold,2000,2000,0,0,0,1.0,1.0,1.0,134,,,,,0.00015016600082162768,1.0,,real,real-mistral-small3.1-N2000,nli,separate-prop,2000
11,log:C2,The post discusses a professional baseball team.,rewrite,1138,212,926,0,0,1.0,1.0,1.0,66,0.9166666666666666,False,1.0,False,0.0006253330066101626,1.0,False,real,real-mistral-small3.1-N2000,nli,separate-prop,2000
12,log:C3,The post mentions a player's statistics.,rewrite,2000,78,0,1922,0,1.0,1.0,1.0,50,1.0,False,1.0,False,0.00021658399782609195,1.0,False,real,real-mistral-small3.1-N2000,nli,separate-prop,2000
13,log:C4,The post is about a sporting event that has already taken place.,cold,2000,2000,0,0,0,1.0,1.0,1.0,66,,,,,0.0001536250056233257,1.0,,real,real-mistral-small3.1-N2000,nli,separate-prop,2000
14,log:C5,The post is about sports.,rewrite,2000,23,0,1977,0,1.0,1.0,1.0,178,1.0,False,1.0,False,0.00023920800595078617,1.0,False,real,real-mistral-small3.1-N2000,nli,separate-prop,2000
15,log:D1,The post argues about politics.,cold,2000,2000,0,0,0,1.0,1.0,1.0,193,,,,,0.00016612499894108623,1.0,,real,real-mistral-small3.1-N2000,nli,separate-prop,2000
16,log:D2,The post argues about gun control policy.,cold,2000,2000,0,0,0,1.0,1.0,1.0,30,,,,,0.00016137499187607318,1.0,,real,real-mistral-small3.1-N2000,nli,separate-prop,2000
17,log:D3,The post expresses a religious belief.,rewrite,2000,1906,29,65,0,1.0,1.0,1.0,97,1.0,False,1.0,False,0.00025349999486934394,1.0,False,real,real-mistral-small3.1-N2000,nli,separate-prop,2000
18,log:D4,The post argues about religion.,cold,2000,2000,0,0,0,1.0,1.0,1.0,181,,,,,0.000174457993125543,1.0,,real,real-mistral-small3.1-N2000,nli,separate-prop,2000
19,log:D5,The post discusses the Middle East.,rewrite,2000,316,0,1684,0,1.0,1.0,1.0,39,1.0,False,1.0,False,0.00025483300851192325,1.0,False,real,real-mistral-small3.1-N2000,nli,separate-prop,2000
20,log:D6,The post criticizes a government or a government policy.,cold,2000,2000,0,0,0,1.0,1.0,1.0,173,,,,,0.0001852089917520061,1.0,,real,real-mistral-small3.1-N2000,nli,separate-prop,2000
21,log:E1,The author of the post is frustrated or angry.,cold,2000,2000,0,0,0,1.0,1.0,1.0,386,,,,,0.00019350000366102904,1.0,,real,real-mistral-small3.1-N2000,nli,separate-prop,2000
22,log:E2,The post contains a question.,rewrite,2000,0,0,2000,0,1.0,1.0,1.0,875,1.0,False,1.0,False,0.0003690409939736128,1.0,False,real,real-mistral-small3.1-N2000,nli,separate-prop,2000
23,log:E3,The post quotes another message.,rewrite,2000,0,0,2000,0,1.0,1.0,1.0,271,1.0,False,1.0,False,0.0003048750077141449,1.0,False,real,real-mistral-small3.1-N2000,nli,separate-prop,2000
24,log:E4,The post uses technical jargon.,cold,2000,2000,0,0,0,1.0,1.0,1.0,914,,,,,0.00020987499738112092,1.0,,real,real-mistral-small3.1-N2000,nli,separate-prop,2000
25,log:E5,The post makes a factual claim that could be checked.,rewrite,2000,0,0,2000,0,1.0,1.0,1.0,366,1.0,False,1.0,False,0.0003481250023469329,1.0,False,real,real-mistral-small3.1-N2000,nli,separate-prop,2000
26,log:F1,The post discusses medicine or health.,rewrite,2000,883,72,1045,0,1.0,1.0,1.0,100,1.0,False,1.0,False,0.00045129099453333765,1.0,False,real,real-mistral-small3.1-N2000,nli,separate-prop,2000
27,log:F2,The post discusses a specific disease or medical condition.,rewrite,2000,883,72,1045,0,1.0,1.0,1.0,40,1.0,False,1.0,False,0.00042204199417028576,1.0,False,real,real-mistral-small3.1-N2000,nli,separate-prop,2000
28,log:F3,The post discusses space or astronomy.,rewrite,2000,1125,29,846,0,1.0,1.0,1.0,62,1.0,False,1.0,False,0.00035112499608658254,1.0,False,real,real-mistral-small3.1-N2000,nli,separate-prop,2000
29,log:F4,The post discusses cryptography or encryption.,rewrite,2000,1125,29,846,0,1.0,1.0,1.0,56,1.0,False,1.0,False,0.0003381669957889244,1.0,False,real,real-mistral-small3.1-N2000,nli,separate-prop,2000
30,log:F5,The post discusses computer security.,rewrite,2000,883,72,1045,0,1.0,1.0,1.0,49,1.0,False,1.0,False,0.000389667009585537,1.0,False,real,real-mistral-small3.1-N2000,nli,separate-prop,2000
31,log:F6,The post discusses science.,rewrite,2000,1117,319,564,0,1.0,1.0,1.0,154,1.0,False,1.0,False,0.00077479200263042,1.0,False,real,real-mistral-small3.1-N2000,nli,separate-prop,2000
32,log:G1,The post mentions an operating system.,rewrite,2000,384,0,1616,0,1.0,1.0,1.0,173,1.0,False,1.0,False,0.00034074998984578997,1.0,False,real,real-mistral-small3.1-N2000,nli,separate-prop,2000
33,log:G2,The post mentions Microsoft Windows.,rewrite,1433,554,853,26,0,1.0,1.0,1.0,71,0.922077922077922,False,1.0,False,0.0007484590023523197,1.0,False,real,real-mistral-small3.1-N2000,nli,separate-prop,2000
34,log:G3,The post mentions the X Window System.,rewrite,2000,384,0,1616,0,1.0,1.0,1.0,75,1.0,False,1.0,False,0.00033299998904112726,1.0,False,real,real-mistral-small3.1-N2000,nli,separate-prop,2000
35,log:G4,The post discusses software rather than hardware.,rewrite,2000,1,0,1999,0,1.0,1.0,1.0,195,1.0,False,1.0,False,0.00032624999585095793,1.0,False,real,real-mistral-small3.1-N2000,nli,separate-prop,2000
36,log:G5,The post recommends a product or a service.,rewrite,2000,0,0,2000,0,1.0,1.0,1.0,115,1.0,False,1.0,False,0.00033108299248851836,1.0,False,real,real-mistral-small3.1-N2000,nli,separate-prop,2000
37,log:H1,The post asks for technical help with computer hardware.,exact-hit,0,0,0,0,0,1.0,1.0,1.0,188,,,,,5.583002348430455e-06,1.0,,real,real-mistral-small3.1-N2000,nli,separate-prop,2000
38,log:H2,The post is selling something.,rewrite,1382,429,927,26,0,1.0,1.0,1.0,84,0.9333333333333333,False,1.0,False,0.0007473330042557791,1.0,False,real,real-mistral-small3.1-N2000,nli,separate-prop,2000
39,log:H3,The post is about a motor vehicle.,rewrite,2000,1034,72,894,0,1.0,1.0,1.0,144,1.0,False,1.0,False,0.0004421250050654635,1.0,False,real,real-mistral-small3.1-N2000,nli,separate-prop,2000
40,log:H4,The post is about a car or a motorcycle.,rewrite,1366,1002,268,96,0,1.0,0.972027972027972,0.9858156028368793,143,0.9328859060402684,False,1.0,False,0.0007640000112587586,0.972027972027972,False,real,real-mistral-small3.1-N2000,nli,separate-prop,2000
41,log:H5,The post gives advice about maintaining a vehicle.,rewrite,2000,561,0,1439,0,1.0,1.0,1.0,11,1.0,False,1.0,False,0.00037070900725666434,1.0,False,real,real-mistral-small3.1-N2000,nli,separate-prop,2000
42,log:H6,The tone of the post is angry or annoyed.,rewrite,2000,21,0,1979,0,1.0,1.0,1.0,266,1.0,False,1.0,False,0.0004482079966692254,1.0,False,real,real-mistral-small3.1-N2000,nli,separate-prop,2000
43,log:H7,The post is about a computer operating system.,rewrite,1337,1001,336,0,0,1.0,1.0,1.0,101,0.9017857142857143,False,1.0,False,0.0007237500103656203,1.0,False,real,real-mistral-small3.1-N2000,nli,separate-prop,2000
44,log:H8,The post is a for-sale advertisement.,rewrite,1364,71,1264,29,0,1.0,1.0,1.0,74,0.961038961038961,False,1.0,False,0.0007516250043408945,1.0,False,real,real-mistral-small3.1-N2000,nli,separate-prop,2000
45,log:H9,The post discusses encryption algorithms or key management.,rewrite,2000,1091,78,831,0,1.0,1.0,1.0,36,1.0,False,1.0,False,0.005311416010954417,1.0,False,real,real-mistral-small3.1-N2000,nli,separate-prop,2000
46,log:H10,The post asks a question about computer hardware.,rewrite,2000,875,354,771,0,1.0,1.0,1.0,181,1.0,False,1.0,False,0.0016529999993508682,1.0,False,real,real-mistral-small3.1-N2000,nli,separate-prop,2000
0,log:A1,The post asks for technical help with computer hardware.,cold,2000,2000,0,0,0,1.0,1.0,1.0,188,,,,,6.12090079812333e-05,1.0,,real,real-mistral-small3.1-N2000,nli,fixed-100,2000
1,log:A2,The post asks for technical help with a personal computer's hardware.,rewrite,2000,1812,100,88,0,1.0,1.0,1.0,147,1.0,False,1.0,False,0.000367375003406778,1.0,False,real,real-mistral-small3.1-N2000,nli,fixed-100,2000
2,log:A3,The post is a request for technical assistance concerning computer hardware.,rewrite,1998,44,200,1754,0,1.0,1.0,1.0,155,0.9872611464968153,False,1.0,False,0.0009732079925015569,1.0,False,real,real-mistral-small3.1-N2000,nli,fixed-100,2000
3,log:A4,The post asks for help with Macintosh hardware.,rewrite,2000,1817,100,83,0,1.0,1.0,1.0,33,1.0,False,1.0,False,0.0002741250063991174,1.0,False,real,real-mistral-small3.1-N2000,nli,fixed-100,2000
4,log:A5,The post describes a hardware problem the author is experiencing.,cold,2000,2000,0,0,0,1.0,1.0,1.0,89,,,,,0.00013412500265985727,1.0,,real,real-mistral-small3.1-N2000,nli,fixed-100,2000
5,log:B1,The post offers an item for sale.,cold,2000,2000,0,0,0,1.0,1.0,1.0,78,,,,,0.00012362501001916826,1.0,,real,real-mistral-small3.1-N2000,nli,fixed-100,2000
6,log:B2,The post offers a computer or a computer part for sale.,rewrite,2000,1922,0,78,0,1.0,1.0,1.0,29,1.0,False,1.0,False,0.0001855420123320073,1.0,False,real,real-mistral-small3.1-N2000,nli,fixed-100,2000
7,log:B3,The post mentions a specific price in dollars.,cold,2000,2000,0,0,0,1.0,1.0,1.0,140,,,,,0.0001298749994020909,1.0,,real,real-mistral-small3.1-N2000,nli,fixed-100,2000
8,log:B4,The post is an advertisement.,rewrite,1999,0,100,1899,0,1.0,0.9893617021276596,0.9946524064171123,94,0.9893617021276596,False,1.0,False,0.0009694170003058389,0.9893617021276596,False,real,real-mistral-small3.1-N2000,nli,fixed-100,2000
9,log:B5,The post is looking to buy something rather than to sell something.,rewrite,1987,13,100,1874,0,1.0,0.9527027027027027,0.9757785467128028,148,0.9155844155844156,False,1.0,False,0.0012434590025804937,0.9527027027027027,False,real,real-mistral-small3.1-N2000,nli,fixed-100,2000
10,log:C1,The post discusses a professional sports team.,cold,2000,2000,0,0,0,1.0,1.0,1.0,134,,,,,0.0001719169958960265,1.0,,real,real-mistral-small3.1-N2000,nli,fixed-100,2000
11,log:C2,The post discusses a professional baseball team.,rewrite,2000,212,100,1688,0,1.0,1.0,1.0,66,1.0,False,1.0,False,0.02433829099754803,1.0,False,real,real-mistral-small3.1-N2000,nli,fixed-100,2000
12,log:C3,The post mentions a player's statistics.,rewrite,2000,78,100,1822,0,1.0,1.0,1.0,50,1.0,False,1.0,False,0.0010824999917531386,1.0,False,real,real-mistral-small3.1-N2000,nli,fixed-100,2000
13,log:C4,The post is about a sporting event that has already taken place.,cold,2000,2000,0,0,0,1.0,1.0,1.0,66,,,,,0.0002157909912057221,1.0,,real,real-mistral-small3.1-N2000,nli,fixed-100,2000
14,log:C5,The post is about sports.,rewrite,2000,23,100,1877,0,1.0,1.0,1.0,178,1.0,False,1.0,False,0.000922041988815181,1.0,False,real,real-mistral-small3.1-N2000,nli,fixed-100,2000
15,log:D1,The post argues about politics.,cold,2000,2000,0,0,0,1.0,1.0,1.0,193,,,,,0.00018612500571180135,1.0,,real,real-mistral-small3.1-N2000,nli,fixed-100,2000
16,log:D2,The post argues about gun control policy.,cold,2000,2000,0,0,0,1.0,1.0,1.0,30,,,,,0.00016579200746491551,1.0,,real,real-mistral-small3.1-N2000,nli,fixed-100,2000
17,log:D3,The post expresses a religious belief.,rewrite,2000,1907,0,93,0,1.0,1.0,1.0,97,1.0,False,1.0,False,0.00024008299806155264,1.0,False,real,real-mistral-small3.1-N2000,nli,fixed-100,2000
18,log:D4,The post argues about religion.,cold,2000,2000,0,0,0,1.0,1.0,1.0,181,,,,,0.00017337499593850225,1.0,,real,real-mistral-small3.1-N2000,nli,fixed-100,2000
19,log:D5,The post discusses the Middle East.,rewrite,2000,316,100,1584,0,1.0,1.0,1.0,39,1.0,False,1.0,False,0.0007763750036247075,1.0,False,real,real-mistral-small3.1-N2000,nli,fixed-100,2000
20,log:D6,The post criticizes a government or a government policy.,cold,2000,2000,0,0,0,1.0,1.0,1.0,173,,,,,0.00022741600696463138,1.0,,real,real-mistral-small3.1-N2000,nli,fixed-100,2000
21,log:E1,The author of the post is frustrated or angry.,cold,2000,2000,0,0,0,1.0,1.0,1.0,386,,,,,0.00018599999020807445,1.0,,real,real-mistral-small3.1-N2000,nli,fixed-100,2000
22,log:E2,The post contains a question.,rewrite,1970,0,100,1870,0,1.0,0.9702857142857143,0.9849187935034803,875,0.9658703071672355,False,1.0,False,0.0009962909971363842,0.9702857142857143,False,real,real-mistral-small3.1-N2000,nli,fixed-100,2000
23,log:E3,The post quotes another message.,rewrite,1999,0,100,1899,0,1.0,1.0,1.0,271,0.9963235294117647,False,1.0,False,0.0012409589980961755,1.0,False,real,real-mistral-small3.1-N2000,nli,fixed-100,2000
24,log:E4,The post uses technical jargon.,cold,2000,2000,0,0,0,1.0,1.0,1.0,914,,,,,0.00024645798839628696,1.0,,real,real-mistral-small3.1-N2000,nli,fixed-100,2000
25,log:E5,The post makes a factual claim that could be checked.,rewrite,2000,0,100,1900,0,1.0,1.0,1.0,366,1.0,False,1.0,False,0.0010618750093271956,1.0,False,real,real-mistral-small3.1-N2000,nli,fixed-100,2000
26,log:F1,The post discusses medicine or health.,rewrite,2000,906,200,894,0,1.0,1.0,1.0,100,1.0,False,1.0,False,0.000425667007220909,1.0,False,real,real-mistral-small3.1-N2000,nli,fixed-100,2000
27,log:F2,The post discusses a specific disease or medical condition.,rewrite,2000,906,200,894,0,1.0,1.0,1.0,40,1.0,False,1.0,False,0.0003952919942094013,1.0,False,real,real-mistral-small3.1-N2000,nli,fixed-100,2000
28,log:F3,The post discusses space or astronomy.,rewrite,2000,1151,100,749,0,1.0,1.0,1.0,62,1.0,False,1.0,False,0.0003424580063438043,1.0,False,real,real-mistral-small3.1-N2000,nli,fixed-100,2000
29,log:F4,The post discusses cryptography or encryption.,rewrite,2000,1151,100,749,0,1.0,1.0,1.0,56,1.0,False,1.0,False,0.00034512500860728323,1.0,False,real,real-mistral-small3.1-N2000,nli,fixed-100,2000
30,log:F5,The post discusses computer security.,rewrite,2000,906,200,894,0,1.0,1.0,1.0,49,1.0,False,1.0,False,0.03720083300140686,1.0,False,real,real-mistral-small3.1-N2000,nli,fixed-100,2000
31,log:F6,The post discusses science.,rewrite,2000,1094,100,806,0,1.0,1.0,1.0,154,1.0,False,1.0,False,0.0011428750003688037,1.0,False,real,real-mistral-small3.1-N2000,nli,fixed-100,2000
32,log:G1,The post mentions an operating system.,rewrite,2000,385,100,1515,0,1.0,1.0,1.0,173,1.0,False,1.0,False,0.0008918749954318628,1.0,False,real,real-mistral-small3.1-N2000,nli,fixed-100,2000
33,log:G2,The post mentions Microsoft Windows.,rewrite,2000,554,100,1346,0,1.0,1.0,1.0,71,1.0,False,1.0,False,0.000815291001345031,1.0,False,real,real-mistral-small3.1-N2000,nli,fixed-100,2000
34,log:G3,The post mentions the X Window System.,rewrite,2000,385,100,1515,0,1.0,1.0,1.0,75,1.0,False,1.0,False,0.0008160420111380517,1.0,False,real,real-mistral-small3.1-N2000,nli,fixed-100,2000
35,log:G4,The post discusses software rather than hardware.,rewrite,1998,1,100,1897,0,1.0,0.9897435897435898,0.9948453608247423,195,0.9897435897435898,False,1.0,False,0.0009984170028474182,0.9897435897435898,False,real,real-mistral-small3.1-N2000,nli,fixed-100,2000
36,log:G5,The post recommends a product or a service.,rewrite,2000,0,100,1900,0,1.0,1.0,1.0,115,1.0,False,1.0,False,0.0008780420030234382,1.0,False,real,real-mistral-small3.1-N2000,nli,fixed-100,2000
37,log:H1,The post asks for technical help with computer hardware.,exact-hit,0,0,0,0,0,1.0,1.0,1.0,188,,,,,5.875001079402864e-06,1.0,,real,real-mistral-small3.1-N2000,nli,fixed-100,2000
38,log:H2,The post is selling something.,rewrite,1999,430,100,1469,0,1.0,0.9880952380952381,0.9940119760479043,84,0.9880952380952381,False,1.0,False,0.0008861669921316206,0.9880952380952381,False,real,real-mistral-small3.1-N2000,nli,fixed-100,2000
39,log:H3,The post is about a motor vehicle.,rewrite,2000,1061,100,839,0,1.0,1.0,1.0,144,1.0,False,1.0,False,0.0004339159931987524,1.0,False,real,real-mistral-small3.1-N2000,nli,fixed-100,2000
40,log:H4,The post is about a car or a motorcycle.,rewrite,2000,983,100,917,0,1.0,1.0,1.0,143,1.0,False,1.0,False,0.0008513750071870163,1.0,False,real,real-mistral-small3.1-N2000,nli,fixed-100,2000
41,log:H5,The post gives advice about maintaining a vehicle.,rewrite,2000,561,100,1339,0,1.0,1.0,1.0,11,1.0,False,1.0,False,0.0008707499946467578,1.0,False,real,real-mistral-small3.1-N2000,nli,fixed-100,2000
42,log:H6,The tone of the post is angry or annoyed.,rewrite,1982,21,100,1861,0,1.0,0.9624060150375939,0.9808429118773946,266,0.9343065693430657,False,1.0,False,0.009937666996847838,0.9624060150375939,False,real,real-mistral-small3.1-N2000,nli,fixed-100,2000
43,log:H7,The post is about a computer operating system.,rewrite,1999,983,100,916,0,1.0,1.0,1.0,101,0.9901960784313726,False,1.0,False,0.0012552499974844977,1.0,False,real,real-mistral-small3.1-N2000,nli,fixed-100,2000
44,log:H8,The post is a for-sale advertisement.,rewrite,1999,71,100,1828,0,1.0,1.0,1.0,74,0.9866666666666667,False,1.0,False,0.0010736670083133504,1.0,False,real,real-mistral-small3.1-N2000,nli,fixed-100,2000
45,log:H9,The post discusses encryption algorithms or key management.,rewrite,2000,1117,100,783,0,1.0,1.0,1.0,36,1.0,False,1.0,False,0.0005330409912858158,1.0,False,real,real-mistral-small3.1-N2000,nli,fixed-100,2000
46,log:H10,The post asks a question about computer hardware.,rewrite,1988,849,100,1039,0,1.0,0.9447513812154696,0.9715909090909092,181,0.9344262295081968,False,1.0,False,0.001070750004146248,0.9447513812154696,False,real,real-mistral-small3.1-N2000,nli,fixed-100,2000
0,log:A1,The post asks for technical help with computer hardware.,cold,2000,2000,0,0,0,1.0,1.0,1.0,188,,,,,6.270800076890737e-05,1.0,,real,real-mistral-small3.1-N2000,nli,fixed-400,2000
1,log:A2,The post asks for technical help with a personal computer's hardware.,rewrite,2000,1812,0,188,0,1.0,1.0,1.0,147,1.0,False,1.0,False,0.00039495799865107983,1.0,False,real,real-mistral-small3.1-N2000,nli,fixed-400,2000
2,log:A3,The post is a request for technical assistance concerning computer hardware.,rewrite,1998,44,400,1554,0,1.0,1.0,1.0,155,0.9872611464968153,False,1.0,False,0.0010466670064488426,1.0,False,real,real-mistral-small3.1-N2000,nli,fixed-400,2000
3,log:A4,The post asks for help with Macintosh hardware.,rewrite,2000,1817,0,183,0,1.0,1.0,1.0,33,1.0,False,1.0,False,0.00026995800726581365,1.0,False,real,real-mistral-small3.1-N2000,nli,fixed-400,2000
4,log:A5,The post describes a hardware problem the author is experiencing.,cold,2000,2000,0,0,0,1.0,1.0,1.0,89,,,,,0.00013016699813306332,1.0,,real,real-mistral-small3.1-N2000,nli,fixed-400,2000
5,log:B1,The post offers an item for sale.,cold,2000,2000,0,0,0,1.0,1.0,1.0,78,,,,,0.0001254579983651638,1.0,,real,real-mistral-small3.1-N2000,nli,fixed-400,2000
6,log:B2,The post offers a computer or a computer part for sale.,rewrite,2000,1922,0,78,0,1.0,1.0,1.0,29,1.0,False,1.0,False,0.0001863750076154247,1.0,False,real,real-mistral-small3.1-N2000,nli,fixed-400,2000
7,log:B3,The post mentions a specific price in dollars.,cold,2000,2000,0,0,0,1.0,1.0,1.0,140,,,,,0.0001370839891023934,1.0,,real,real-mistral-small3.1-N2000,nli,fixed-400,2000
8,log:B4,The post is an advertisement.,rewrite,1999,0,400,1599,0,1.0,0.9893617021276596,0.9946524064171123,94,0.9893617021276596,False,1.0,False,0.004085499997017905,0.9893617021276596,False,real,real-mistral-small3.1-N2000,nli,fixed-400,2000
9,log:B5,The post is looking to buy something rather than to sell something.,rewrite,1992,13,400,1579,0,1.0,0.9797297297297297,0.9897610921501706,148,0.9477124183006536,False,1.0,False,0.0019120829965686426,0.9797297297297297,False,real,real-mistral-small3.1-N2000,nli,fixed-400,2000
10,log:C1,The post discusses a professional sports team.,cold,2000,2000,0,0,0,1.0,1.0,1.0,134,,,,,0.0003291670000180602,1.0,,real,real-mistral-small3.1-N2000,nli,fixed-400,2000
11,log:C2,The post discusses a professional baseball team.,rewrite,2000,212,400,1388,0,1.0,1.0,1.0,66,1.0,False,1.0,False,0.0007792500109644607,1.0,False,real,real-mistral-small3.1-N2000,nli,fixed-400,2000
12,log:C3,The post mentions a player's statistics.,rewrite,2000,78,400,1522,0,1.0,1.0,1.0,50,1.0,False,1.0,False,0.0007438750035362318,1.0,False,real,real-mistral-small3.1-N2000,nli,fixed-400,2000
13,log:C4,The post is about a sporting event that has already taken place.,cold,2000,2000,0,0,0,1.0,1.0,1.0,66,,,,,0.00017595798999536783,1.0,,real,real-mistral-small3.1-N2000,nli,fixed-400,2000
14,log:C5,The post is about sports.,rewrite,2000,23,400,1577,0,1.0,1.0,1.0,178,1.0,False,1.0,False,0.0008604169997852296,1.0,False,real,real-mistral-small3.1-N2000,nli,fixed-400,2000
15,log:D1,The post argues about politics.,cold,2000,2000,0,0,0,1.0,1.0,1.0,193,,,,,0.00018149999959859997,1.0,,real,real-mistral-small3.1-N2000,nli,fixed-400,2000
16,log:D2,The post argues about gun control policy.,cold,2000,2000,0,0,0,1.0,1.0,1.0,30,,,,,0.0001617920061107725,1.0,,real,real-mistral-small3.1-N2000,nli,fixed-400,2000
17,log:D3,The post expresses a religious belief.,rewrite,2000,1907,0,93,0,1.0,1.0,1.0,97,1.0,False,1.0,False,0.00024087500059977174,1.0,False,real,real-mistral-small3.1-N2000,nli,fixed-400,2000
18,log:D4,The post argues about religion.,cold,2000,2000,0,0,0,1.0,1.0,1.0,181,,,,,0.00017374999879393727,1.0,,real,real-mistral-small3.1-N2000,nli,fixed-400,2000
19,log:D5,The post discusses the Middle East.,rewrite,2000,316,400,1284,0,1.0,1.0,1.0,39,1.0,False,1.0,False,0.000746750010875985,1.0,False,real,real-mistral-small3.1-N2000,nli,fixed-400,2000
20,log:D6,The post criticizes a government or a government policy.,cold,2000,2000,0,0,0,1.0,1.0,1.0,173,,,,,0.0002017499937210232,1.0,,real,real-mistral-small3.1-N2000,nli,fixed-400,2000
21,log:E1,The author of the post is frustrated or angry.,cold,2000,2000,0,0,0,1.0,1.0,1.0,386,,,,,0.0001862920034909621,1.0,,real,real-mistral-small3.1-N2000,nli,fixed-400,2000
22,log:E2,The post contains a question.,rewrite,1977,0,400,1577,0,1.0,0.9771428571428571,0.9884393063583815,875,0.9738041002277904,False,1.0,False,0.0010712079965742305,0.9771428571428571,False,real,real-mistral-small3.1-N2000,nli,fixed-400,2000
23,log:E3,The post quotes another message.,rewrite,1999,0,400,1599,0,1.0,1.0,1.0,271,0.9963235294117647,False,1.0,False,0.0012868330086348578,1.0,False,real,real-mistral-small3.1-N2000,nli,fixed-400,2000
24,log:E4,The post uses technical jargon.,cold,2000,2000,0,0,0,1.0,1.0,1.0,914,,,,,0.0002283750072820112,1.0,,real,real-mistral-small3.1-N2000,nli,fixed-400,2000
25,log:E5,The post makes a factual claim that could be checked.,rewrite,1959,0,400,1559,0,1.0,0.9726775956284153,0.9861495844875346,366,0.9295039164490861,False,1.0,False,0.0014781670033698902,0.9726775956284153,False,real,real-mistral-small3.1-N2000,nli,fixed-400,2000
26,log:F1,The post discusses medicine or health.,rewrite,2000,908,400,692,0,1.0,1.0,1.0,100,1.0,False,1.0,False,0.00040920799074228853,1.0,False,real,real-mistral-small3.1-N2000,nli,fixed-400,2000
27,log:F2,The post discusses a specific disease or medical condition.,rewrite,2000,908,400,692,0,1.0,1.0,1.0,40,1.0,False,1.0,False,0.0003860419965349138,1.0,False,real,real-mistral-small3.1-N2000,nli,fixed-400,2000
28,log:F3,The post discusses space or astronomy.,rewrite,2000,1145,400,455,0,1.0,1.0,1.0,62,1.0,False,1.0,False,0.0003472500102361664,1.0,False,real,real-mistral-small3.1-N2000,nli,fixed-400,2000
29,log:F4,The post discusses cryptography or encryption.,rewrite,2000,1145,400,455,0,1.0,1.0,1.0,56,1.0,False,1.0,False,0.0003447920025791973,1.0,False,real,real-mistral-small3.1-N2000,nli,fixed-400,2000
30,log:F5,The post discusses computer security.,rewrite,2000,908,400,692,0,1.0,1.0,1.0,49,1.0,False,1.0,False,0.00039504199230577797,1.0,False,real,real-mistral-small3.1-N2000,nli,fixed-400,2000
31,log:F6,The post discusses science.,rewrite,1985,1092,400,493,0,1.0,0.9415584415584416,0.9698996655518395,154,0.9235668789808917,False,1.0,False,0.0013046660023974255,0.9415584415584416,False,real,real-mistral-small3.1-N2000,nli,fixed-400,2000
32,log:G1,The post mentions an operating system.,rewrite,2000,385,400,1215,0,1.0,1.0,1.0,173,1.0,False,1.0,False,0.000842791996547021,1.0,False,real,real-mistral-small3.1-N2000,nli,fixed-400,2000
33,log:G2,The post mentions Microsoft Windows.,rewrite,2000,554,400,1046,0,1.0,1.0,1.0,71,1.0,False,1.0,False,0.0008012920006876811,1.0,False,real,real-mistral-small3.1-N2000,nli,fixed-400,2000
34,log:G3,The post mentions the X Window System.,rewrite,2000,385,400,1215,0,1.0,1.0,1.0,75,1.0,False,1.0,False,0.0007957089983392507,1.0,False,real,real-mistral-small3.1-N2000,nli,fixed-400,2000
35,log:G4,The post discusses software rather than hardware.,rewrite,1999,1,400,1598,0,1.0,0.9948717948717949,0.9974293059125964,195,0.9948717948717949,False,1.0,False,0.015148666003369726,0.9948717948717949,False,real,real-mistral-small3.1-N2000,nli,fixed-400,2000
36,log:G5,The post recommends a product or a service.,rewrite,2000,0,400,1600,0,1.0,1.0,1.0,115,1.0,False,1.0,False,0.0025173330068355426,1.0,False,real,real-mistral-small3.1-N2000,nli,fixed-400,2000
37,log:H1,The post asks for technical help with computer hardware.,exact-hit,0,0,0,0,0,1.0,1.0,1.0,188,,,,,1.5707992133684456e-05,1.0,,real,real-mistral-small3.1-N2000,nli,fixed-400,2000
38,log:H2,The post is selling something.,rewrite,1999,420,400,1179,0,1.0,0.9880952380952381,0.9940119760479043,84,0.9880952380952381,False,1.0,False,0.008990292000817135,0.9880952380952381,False,real,real-mistral-small3.1-N2000,nli,fixed-400,2000
39,log:H3,The post is about a motor vehicle.,rewrite,2000,1055,400,545,0,1.0,1.0,1.0,144,1.0,False,1.0,False,0.002036749996477738,1.0,False,real,real-mistral-small3.1-N2000,nli,fixed-400,2000
40,log:H4,The post is about a car or a motorcycle.,rewrite,1480,986,400,94,0,1.0,0.986013986013986,0.9929577464788732,143,0.9155844155844156,False,1.0,False,0.0018124579946743324,0.986013986013986,False,real,real-mistral-small3.1-N2000,nli,fixed-400,2000
41,log:H5,The post gives advice about maintaining a vehicle.,rewrite,2000,551,400,1049,0,1.0,1.0,1.0,11,1.0,False,1.0,False,0.0011814580066129565,1.0,False,real,real-mistral-small3.1-N2000,nli,fixed-400,2000
42,log:H6,The tone of the post is angry or annoyed.,rewrite,1988,21,400,1567,0,1.0,0.981203007518797,0.9905123339658444,266,0.9560439560439561,False,1.0,False,0.0014146249886834994,0.981203007518797,False,real,real-mistral-small3.1-N2000,nli,fixed-400,2000
43,log:H7,The post is about a computer operating system.,rewrite,1386,986,400,0,0,1.0,1.0,1.0,101,0.9099099099099099,False,1.0,False,0.0014533750072587281,1.0,False,real,real-mistral-small3.1-N2000,nli,fixed-400,2000
44,log:H8,The post is a for-sale advertisement.,rewrite,1999,71,400,1528,0,1.0,1.0,1.0,74,0.9866666666666667,False,1.0,False,0.0009632500004954636,1.0,False,real,real-mistral-small3.1-N2000,nli,fixed-400,2000
45,log:H9,The post discusses encryption algorithms or key management.,rewrite,2000,1111,400,489,0,1.0,1.0,1.0,36,1.0,False,1.0,False,0.0005215000128373504,1.0,False,real,real-mistral-small3.1-N2000,nli,fixed-400,2000
46,log:H10,The post asks a question about computer hardware.,rewrite,1984,855,400,729,0,1.0,0.9226519337016574,0.9597701149425287,181,0.912568306010929,False,1.0,False,0.0010172089969273657,0.9226519337016574,False,real,real-mistral-small3.1-N2000,nli,fixed-400,2000
0,log:A1,The post asks for technical help with computer hardware.,cold,2000,2000,0,0,0,1.0,1.0,1.0,188,,,,,0.0001067080011125654,1.0,,real,real-mistral-small3.1-N2000,nli,fixed-1600,2000
1,log:A2,The post asks for technical help with a personal computer's hardware.,rewrite,2000,1812,0,188,0,1.0,1.0,1.0,147,1.0,False,1.0,False,0.0004990830057067797,1.0,False,real,real-mistral-small3.1-N2000,nli,fixed-1600,2000
2,log:A3,The post is a request for technical assistance concerning computer hardware.,rewrite,1788,44,1600,144,0,1.0,0.9935483870967742,0.9967637540453074,155,0.9746835443037974,False,1.0,False,0.0014055000065127388,0.9935483870967742,False,real,real-mistral-small3.1-N2000,nli,fixed-1600,2000
3,log:A4,The post asks for help with Macintosh hardware.,rewrite,2000,1818,0,182,0,1.0,1.0,1.0,33,1.0,False,1.0,False,0.0002765419922070578,1.0,False,real,real-mistral-small3.1-N2000,nli,fixed-1600,2000
4,log:A5,The post describes a hardware problem the author is experiencing.,cold,2000,2000,0,0,0,1.0,1.0,1.0,89,,,,,0.00013683301222044975,1.0,,real,real-mistral-small3.1-N2000,nli,fixed-1600,2000
5,log:B1,The post offers an item for sale.,cold,2000,2000,0,0,0,1.0,1.0,1.0,78,,,,,0.00012666700058616698,1.0,,real,real-mistral-small3.1-N2000,nli,fixed-1600,2000
6,log:B2,The post offers a computer or a computer part for sale.,rewrite,2000,1922,0,78,0,1.0,1.0,1.0,29,1.0,False,1.0,False,0.00019337500270921737,1.0,False,real,real-mistral-small3.1-N2000,nli,fixed-1600,2000
7,log:B3,The post mentions a specific price in dollars.,cold,2000,2000,0,0,0,1.0,1.0,1.0,140,,,,,0.00013512499572243541,1.0,,real,real-mistral-small3.1-N2000,nli,fixed-1600,2000
8,log:B4,The post is an advertisement.,rewrite,1991,0,1600,391,0,1.0,0.9042553191489362,0.9497206703910615,94,0.9042553191489362,False,1.0,False,0.0009146250085905194,0.9042553191489362,False,real,real-mistral-small3.1-N2000,nli,fixed-1600,2000
9,log:B5,The post is looking to buy something rather than to sell something.,rewrite,1992,13,1600,379,0,1.0,0.972972972972973,0.9863013698630138,148,0.9536423841059603,False,1.0,False,0.0015701250085840002,0.972972972972973,False,real,real-mistral-small3.1-N2000,nli,fixed-1600,2000
10,log:C1,The post discusses a professional sports team.,cold,2000,2000,0,0,0,1.0,1.0,1.0,134,,,,,0.00020783299987670034,1.0,,real,real-mistral-small3.1-N2000,nli,fixed-1600,2000
11,log:C2,The post discusses a professional baseball team.,rewrite,1812,212,1600,0,0,1.0,1.0,1.0,66,0.9705882352941176,False,1.0,False,0.0012161249906057492,1.0,False,real,real-mistral-small3.1-N2000,nli,fixed-1600,2000
12,log:C3,The post mentions a player's statistics.,rewrite,2000,78,1600,322,0,1.0,1.0,1.0,50,1.0,False,1.0,False,0.0007470830023521557,1.0,False,real,real-mistral-small3.1-N2000,nli,fixed-1600,2000
13,log:C4,The post is about a sporting event that has already taken place.,cold,2000,2000,0,0,0,1.0,1.0,1.0,66,,,,,0.00018445900059305131,1.0,,real,real-mistral-small3.1-N2000,nli,fixed-1600,2000
14,log:C5,The post is about sports.,rewrite,1992,23,1600,369,0,1.0,0.9550561797752809,0.9770114942528736,178,0.9550561797752809,False,1.0,False,0.0009649580024415627,0.9550561797752809,False,real,real-mistral-small3.1-N2000,nli,fixed-1600,2000
15,log:D1,The post argues about politics.,cold,2000,2000,0,0,0,1.0,1.0,1.0,193,,,,,0.00019158300710842013,1.0,,real,real-mistral-small3.1-N2000,nli,fixed-1600,2000
16,log:D2,The post argues about gun control policy.,cold,2000,2000,0,0,0,1.0,1.0,1.0,30,,,,,0.0001697919942671433,1.0,,real,real-mistral-small3.1-N2000,nli,fixed-1600,2000
17,log:D3,The post expresses a religious belief.,rewrite,2000,1915,0,85,0,1.0,1.0,1.0,97,1.0,False,1.0,False,0.00025795798865146935,1.0,False,real,real-mistral-small3.1-N2000,nli,fixed-1600,2000
18,log:D4,The post argues about religion.,cold,2000,2000,0,0,0,1.0,1.0,1.0,181,,,,,0.00017299999308306724,1.0,,real,real-mistral-small3.1-N2000,nli,fixed-1600,2000
19,log:D5,The post discusses the Middle East.,rewrite,1916,316,1600,0,0,1.0,0.9743589743589743,0.9870129870129869,39,0.95,False,1.0,False,0.0011137499968754128,0.9743589743589743,False,real,real-mistral-small3.1-N2000,nli,fixed-1600,2000
20,log:D6,The post criticizes a government or a government policy.,cold,2000,2000,0,0,0,1.0,1.0,1.0,173,,,,,0.00020408300042618066,1.0,,real,real-mistral-small3.1-N2000,nli,fixed-1600,2000
21,log:E1,The author of the post is frustrated or angry.,cold,2000,2000,0,0,0,1.0,1.0,1.0,386,,,,,0.00019712500215973705,1.0,,real,real-mistral-small3.1-N2000,nli,fixed-1600,2000
22,log:E2,The post contains a question.,rewrite,1996,0,1600,396,0,1.0,0.9954285714285714,0.9977090492554409,875,0.9954285714285714,False,1.0,False,0.0010758750140666962,0.9954285714285714,False,real,real-mistral-small3.1-N2000,nli,fixed-1600,2000
23,log:E3,The post quotes another message.,rewrite,1957,0,1600,357,0,1.0,0.985239852398524,0.9925650557620818,271,0.967391304347826,False,1.0,False,0.001805666004656814,0.985239852398524,False,real,real-mistral-small3.1-N2000,nli,fixed-1600,2000
24,log:E4,The post uses technical jargon.,cold,2000,2000,0,0,0,1.0,1.0,1.0,914,,,,,0.00038574999780394137,1.0,,real,real-mistral-small3.1-N2000,nli,fixed-1600,2000
25,log:E5,The post makes a factual claim that could be checked.,rewrite,1990,0,1600,390,0,1.0,0.994535519125683,0.9972602739726028,366,0.9837837837837838,False,1.0,False,0.0014665419876109809,0.994535519125683,False,real,real-mistral-small3.1-N2000,nli,fixed-1600,2000
26,log:F1,The post discusses medicine or health.,rewrite,2000,887,0,1113,0,1.0,1.0,1.0,100,1.0,False,1.0,False,0.00040983399958349764,1.0,False,real,real-mistral-small3.1-N2000,nli,fixed-1600,2000
27,log:F2,The post discusses a specific disease or medical condition.,rewrite,2000,887,0,1113,0,1.0,1.0,1.0,40,1.0,False,1.0,False,0.00038316599966492504,1.0,False,real,real-mistral-small3.1-N2000,nli,fixed-1600,2000
28,log:F3,The post discusses space or astronomy.,rewrite,2000,1129,0,871,0,1.0,1.0,1.0,62,1.0,False,1.0,False,0.00034241699904669076,1.0,False,real,real-mistral-small3.1-N2000,nli,fixed-1600,2000
29,log:F4,The post discusses cryptography or encryption.,rewrite,2000,1129,0,871,0,1.0,1.0,1.0,56,1.0,False,1.0,False,0.000341874998412095,1.0,False,real,real-mistral-small3.1-N2000,nli,fixed-1600,2000
30,log:F5,The post discusses computer security.,rewrite,2000,887,0,1113,0,1.0,1.0,1.0,49,1.0,False,1.0,False,0.000377499993192032,1.0,False,real,real-mistral-small3.1-N2000,nli,fixed-1600,2000
31,log:F6,The post discusses science.,rewrite,2000,1113,0,887,0,1.0,1.0,1.0,154,1.0,False,1.0,False,0.00032220799766946584,1.0,False,real,real-mistral-small3.1-N2000,nli,fixed-1600,2000
32,log:G1,The post mentions an operating system.,rewrite,1977,372,1600,5,0,1.0,0.9826589595375722,0.9912536443148687,173,0.9659090909090909,False,1.0,False,0.000982167010079138,0.9826589595375722,False,real,real-mistral-small3.1-N2000,nli,fixed-1600,2000
33,log:G2,The post mentions Microsoft Windows.,rewrite,2000,548,0,1452,0,1.0,1.0,1.0,71,1.0,False,1.0,False,0.0003652500017778948,1.0,False,real,real-mistral-small3.1-N2000,nli,fixed-1600,2000
34,log:G3,The post mentions the X Window System.,rewrite,1977,372,1600,5,0,1.0,0.9866666666666667,0.9932885906040269,75,0.9487179487179487,False,1.0,False,0.001053792002494447,0.9866666666666667,False,real,real-mistral-small3.1-N2000,nli,fixed-1600,2000
35,log:G4,The post discusses software rather than hardware.,rewrite,1984,1,1600,383,0,1.0,0.9384615384615385,0.9682539682539683,195,0.9336734693877551,False,1.0,False,0.0013757919950876385,0.9384615384615385,False,real,real-mistral-small3.1-N2000,nli,fixed-1600,2000
36,log:G5,The post recommends a product or a service.,rewrite,1995,0,1600,395,0,1.0,0.9652173913043478,0.9823008849557522,115,0.9568965517241379,False,1.0,False,0.0010013749997597188,0.9652173913043478,False,real,real-mistral-small3.1-N2000,nli,fixed-1600,2000
37,log:H1,The post asks for technical help with computer hardware.,exact-hit,0,0,0,0,0,1.0,1.0,1.0,188,,,,,6.20899663772434e-06,1.0,,real,real-mistral-small3.1-N2000,nli,fixed-1600,2000
38,log:H2,The post is selling something.,rewrite,2000,430,0,1570,0,1.0,1.0,1.0,84,1.0,False,1.0,False,0.0003789999900618568,1.0,False,real,real-mistral-small3.1-N2000,nli,fixed-1600,2000
39,log:H3,The post is about a motor vehicle.,rewrite,2000,1047,0,953,0,1.0,1.0,1.0,144,1.0,False,1.0,False,0.015761625007144175,1.0,False,real,real-mistral-small3.1-N2000,nli,fixed-1600,2000
40,log:H4,The post is about a car or a motorcycle.,rewrite,2000,1001,0,999,0,1.0,1.0,1.0,143,1.0,False,1.0,False,0.0005472909979289398,1.0,False,real,real-mistral-small3.1-N2000,nli,fixed-1600,2000
41,log:H5,The post gives advice about maintaining a vehicle.,rewrite,2000,555,0,1445,0,1.0,1.0,1.0,11,1.0,False,1.0,False,0.00040916701254900545,1.0,False,real,real-mistral-small3.1-N2000,nli,fixed-1600,2000
42,log:H6,The tone of the post is angry or annoyed.,rewrite,1997,21,1600,376,0,1.0,0.9924812030075187,0.9962264150943396,266,0.9887640449438202,False,1.0,False,0.0015168329991865903,0.9924812030075187,False,real,real-mistral-small3.1-N2000,nli,fixed-1600,2000
43,log:H7,The post is about a computer operating system.,rewrite,2000,997,0,1003,0,1.0,1.0,1.0,101,1.0,False,1.0,False,0.0004530419973889366,1.0,False,real,real-mistral-small3.1-N2000,nli,fixed-1600,2000
44,log:H8,The post is a for-sale advertisement.,rewrite,1699,71,1600,28,0,1.0,1.0,1.0,74,0.9736842105263158,False,1.0,False,0.001461791995097883,1.0,False,real,real-mistral-small3.1-N2000,nli,fixed-1600,2000
45,log:H9,The post discusses encryption algorithms or key management.,rewrite,2000,1095,0,905,0,1.0,1.0,1.0,36,1.0,False,1.0,False,0.0005019160016672686,1.0,False,real,real-mistral-small3.1-N2000,nli,fixed-1600,2000
46,log:H10,The post asks a question about computer hardware.,rewrite,2000,871,0,1129,0,1.0,1.0,1.0,181,1.0,False,1.0,False,0.00043720900430344045,1.0,False,real,real-mistral-small3.1-N2000,nli,fixed-1600,2000
0,log:A1,The post asks for technical help with computer hardware.,cold,2000,2000,0,0,0,1.0,1.0,1.0,188,,,,,7.420800102408975e-05,1.0,,real,real-mistral-small3.1-N2000,nli,frac-0.02,2000
1,log:A2,The post asks for technical help with a personal computer's hardware.,rewrite,2000,1812,20,168,0,1.0,1.0,1.0,147,1.0,False,1.0,False,0.0002827499993145466,1.0,False,real,real-mistral-small3.1-N2000,nli,frac-0.02,2000
2,log:A3,The post is a request for technical assistance concerning computer hardware.,rewrite,1997,44,57,1896,0,1.0,1.0,1.0,155,0.9810126582278481,False,1.0,False,0.0009310419991379604,1.0,False,real,real-mistral-small3.1-N2000,nli,frac-0.02,2000
3,log:A4,The post asks for help with Macintosh hardware.,rewrite,2000,1817,40,143,0,1.0,1.0,1.0,33,1.0,False,1.0,False,0.00027549998776521534,1.0,False,real,real-mistral-small3.1-N2000,nli,frac-0.02,2000
4,log:A5,The post describes a hardware problem the author is experiencing.,cold,2000,2000,0,0,0,1.0,1.0,1.0,89,,,,,0.00012812500062864274,1.0,,real,real-mistral-small3.1-N2000,nli,frac-0.02,2000
5,log:B1,The post offers an item for sale.,cold,2000,2000,0,0,0,1.0,1.0,1.0,78,,,,,0.00012475000403355807,1.0,,real,real-mistral-small3.1-N2000,nli,frac-0.02,2000
6,log:B2,The post offers a computer or a computer part for sale.,rewrite,2000,1922,20,58,0,1.0,1.0,1.0,29,1.0,False,1.0,False,0.00021729098807554692,1.0,False,real,real-mistral-small3.1-N2000,nli,frac-0.02,2000
7,log:B3,The post mentions a specific price in dollars.,cold,2000,2000,0,0,0,1.0,1.0,1.0,140,,,,,0.00013066599785815924,1.0,,real,real-mistral-small3.1-N2000,nli,frac-0.02,2000
8,log:B4,The post is an advertisement.,rewrite,1999,0,40,1959,0,1.0,0.9893617021276596,0.9946524064171123,94,0.9893617021276596,False,1.0,False,0.000946333006140776,0.9893617021276596,False,real,real-mistral-small3.1-N2000,nli,frac-0.02,2000
9,log:B5,The post is looking to buy something rather than to sell something.,rewrite,1986,13,40,1933,0,1.0,0.9459459459459459,0.9722222222222222,148,0.9090909090909091,False,1.0,False,0.0009976660076063126,0.9459459459459459,False,real,real-mistral-small3.1-N2000,nli,frac-0.02,2000
10,log:C1,The post discusses a professional sports team.,cold,2000,2000,0,0,0,1.0,1.0,1.0,134,,,,,0.0001772499963408336,1.0,,real,real-mistral-small3.1-N2000,nli,frac-0.02,2000
11,log:C2,The post discusses a professional baseball team.,rewrite,2000,212,36,1752,0,1.0,1.0,1.0,66,1.0,False,1.0,False,0.0007028330001048744,1.0,False,real,real-mistral-small3.1-N2000,nli,frac-0.02,2000
12,log:C3,The post mentions a player's statistics.,rewrite,2000,78,39,1883,0,1.0,1.0,1.0,50,1.0,False,1.0,False,0.0007067920087138191,1.0,False,real,real-mistral-small3.1-N2000,nli,frac-0.02,2000
13,log:C4,The post is about a sporting event that has already taken place.,cold,2000,2000,0,0,0,1.0,1.0,1.0,66,,,,,0.00016816599236335605,1.0,,real,real-mistral-small3.1-N2000,nli,frac-0.02,2000
14,log:C5,The post is about sports.,rewrite,2000,23,40,1937,0,1.0,1.0,1.0,178,1.0,False,1.0,False,0.0008433330076513812,1.0,False,real,real-mistral-small3.1-N2000,nli,frac-0.02,2000
15,log:D1,The post argues about politics.,cold,2000,2000,0,0,0,1.0,1.0,1.0,193,,,,,0.0001777909928932786,1.0,,real,real-mistral-small3.1-N2000,nli,frac-0.02,2000
16,log:D2,The post argues about gun control policy.,cold,2000,2000,0,0,0,1.0,1.0,1.0,30,,,,,0.00016404200869146734,1.0,,real,real-mistral-small3.1-N2000,nli,frac-0.02,2000
17,log:D3,The post expresses a religious belief.,rewrite,2000,1907,20,73,0,1.0,1.0,1.0,97,1.0,False,1.0,False,0.00024458300322294235,1.0,False,real,real-mistral-small3.1-N2000,nli,frac-0.02,2000
18,log:D4,The post argues about religion.,cold,2000,2000,0,0,0,1.0,1.0,1.0,181,,,,,0.0001745000045048073,1.0,,real,real-mistral-small3.1-N2000,nli,frac-0.02,2000
19,log:D5,The post discusses the Middle East.,rewrite,2000,316,34,1650,0,1.0,1.0,1.0,39,1.0,False,1.0,False,0.0007307500054594129,1.0,False,real,real-mistral-small3.1-N2000,nli,frac-0.02,2000
20,log:D6,The post criticizes a government or a government policy.,cold,2000,2000,0,0,0,1.0,1.0,1.0,173,,,,,0.00018900001305155456,1.0,,real,real-mistral-small3.1-N2000,nli,frac-0.02,2000
21,log:E1,The author of the post is frustrated or angry.,cold,2000,2000,0,0,0,1.0,1.0,1.0,386,,,,,0.0001816669973777607,1.0,,real,real-mistral-small3.1-N2000,nli,frac-0.02,2000
22,log:E2,The post contains a question.,rewrite,1967,0,40,1927,0,1.0,0.9668571428571429,0.9831493317838466,875,0.962457337883959,False,1.0,False,0.0009157500026049092,0.9668571428571429,False,real,real-mistral-small3.1-N2000,nli,frac-0.02,2000
23,log:E3,The post quotes another message.,rewrite,1999,0,40,1959,0,1.0,1.0,1.0,271,0.9963235294117647,False,1.0,False,0.001291124994168058,1.0,False,real,real-mistral-small3.1-N2000,nli,frac-0.02,2000
24,log:E4,The post uses technical jargon.,cold,2000,2000,0,0,0,1.0,1.0,1.0,914,,,,,0.0003308749874122441,1.0,,real,real-mistral-small3.1-N2000,nli,frac-0.02,2000
25,log:E5,The post makes a factual claim that could be checked.,rewrite,2000,0,40,1960,0,1.0,1.0,1.0,366,1.0,False,1.0,False,0.00253875000635162,1.0,False,real,real-mistral-small3.1-N2000,nli,frac-0.02,2000
26,log:F1,The post discusses medicine or health.,rewrite,2000,908,40,1052,0,1.0,1.0,1.0,100,1.0,False,1.0,False,0.0006302920082816854,1.0,False,real,real-mistral-small3.1-N2000,nli,frac-0.02,2000
27,log:F2,The post discusses a specific disease or medical condition.,rewrite,2000,908,40,1052,0,1.0,1.0,1.0,40,1.0,False,1.0,False,0.0004479999915929511,1.0,False,real,real-mistral-small3.1-N2000,nli,frac-0.02,2000
28,log:F3,The post discusses space or astronomy.,rewrite,2000,1154,20,826,0,1.0,1.0,1.0,62,1.0,False,1.0,False,0.0003469160001259297,1.0,False,real,real-mistral-small3.1-N2000,nli,frac-0.02,2000
29,log:F4,The post discusses cryptography or encryption.,rewrite,2000,1154,20,826,0,1.0,1.0,1.0,56,1.0,False,1.0,False,0.0003414590028114617,1.0,False,real,real-mistral-small3.1-N2000,nli,frac-0.02,2000
30,log:F5,The post discusses computer security.,rewrite,2000,908,40,1052,0,1.0,1.0,1.0,49,1.0,False,1.0,False,0.018889458995545283,1.0,False,real,real-mistral-small3.1-N2000,nli,frac-0.02,2000
31,log:F6,The post discusses science.,rewrite,2000,1092,20,888,0,1.0,1.0,1.0,154,1.0,False,1.0,False,0.0012123329943278804,1.0,False,real,real-mistral-small3.1-N2000,nli,frac-0.02,2000
32,log:G1,The post mentions an operating system.,rewrite,2000,385,33,1582,0,1.0,1.0,1.0,173,1.0,False,1.0,False,0.000891707997652702,1.0,False,real,real-mistral-small3.1-N2000,nli,frac-0.02,2000
33,log:G2,The post mentions Microsoft Windows.,rewrite,2000,554,49,1397,0,1.0,1.0,1.0,71,1.0,False,1.0,False,0.0008419590012636036,1.0,False,real,real-mistral-small3.1-N2000,nli,frac-0.02,2000
34,log:G3,The post mentions the X Window System.,rewrite,2000,385,33,1582,0,1.0,1.0,1.0,75,1.0,False,1.0,False,0.0008255409920820966,1.0,False,real,real-mistral-small3.1-N2000,nli,frac-0.02,2000
35,log:G4,The post discusses software rather than hardware.,rewrite,1998,1,40,1957,0,1.0,0.9897435897435898,0.9948453608247423,195,0.9897435897435898,False,1.0,False,0.0012611660058610141,0.9897435897435898,False,real,real-mistral-small3.1-N2000,nli,frac-0.02,2000
36,log:G5,The post recommends a product or a service.,rewrite,2000,0,40,1960,0,1.0,1.0,1.0,115,1.0,False,1.0,False,0.0010832919942913577,1.0,False,real,real-mistral-small3.1-N2000,nli,frac-0.02,2000
37,log:H1,The post asks for technical help with computer hardware.,exact-hit,0,0,0,0,0,1.0,1.0,1.0,188,,,,,6.50000583846122e-06,1.0,,real,real-mistral-small3.1-N2000,nli,frac-0.02,2000
38,log:H2,The post is selling something.,rewrite,1995,430,51,1514,0,1.0,0.9880952380952381,0.9940119760479043,84,0.9879518072289156,False,0.9879518072289156,False,0.0011137080000480637,0.9880952380952381,False,real,real-mistral-small3.1-N2000,nli,frac-0.02,2000
39,log:H3,The post is about a motor vehicle.,rewrite,2000,1064,40,896,0,1.0,1.0,1.0,144,1.0,False,1.0,False,0.0004508339916355908,1.0,False,real,real-mistral-small3.1-N2000,nli,frac-0.02,2000
40,log:H4,The post is about a car or a motorcycle.,rewrite,1994,980,80,934,0,1.0,1.0,1.0,143,1.0,False,0.986013986013986,False,0.0009891250083455816,1.0,False,real,real-mistral-small3.1-N2000,nli,frac-0.02,2000
41,log:H5,The post gives advice about maintaining a vehicle.,rewrite,2000,561,29,1410,0,1.0,1.0,1.0,11,1.0,False,1.0,False,0.0008596249972470105,1.0,False,real,real-mistral-small3.1-N2000,nli,frac-0.02,2000
42,log:H6,The tone of the post is angry or annoyed.,rewrite,1983,21,40,1922,0,1.0,0.9624060150375939,0.9808429118773946,266,0.9377289377289377,False,1.0,False,0.0013534590107155964,0.9624060150375939,False,real,real-mistral-small3.1-N2000,nli,frac-0.02,2000
43,log:H7,The post is about a computer operating system.,rewrite,1999,980,21,998,0,1.0,1.0,1.0,101,0.9901960784313726,False,1.0,False,0.0010508749983273447,1.0,False,real,real-mistral-small3.1-N2000,nli,frac-0.02,2000
44,log:H8,The post is a for-sale advertisement.,rewrite,1995,71,59,1865,0,1.0,1.0,1.0,74,0.9863013698630136,False,0.972972972972973,False,0.0010445000079926103,1.0,False,real,real-mistral-small3.1-N2000,nli,frac-0.02,2000
45,log:H9,The post discusses encryption algorithms or key management.,rewrite,2000,1120,40,840,0,1.0,1.0,1.0,36,1.0,False,1.0,False,0.00047758399159647524,1.0,False,real,real-mistral-small3.1-N2000,nli,frac-0.02,2000
46,log:H10,The post asks a question about computer hardware.,rewrite,1986,846,24,1116,0,1.0,0.9337016574585635,0.9657142857142856,181,0.9234972677595629,False,1.0,False,0.000978374999249354,0.9337016574585635,False,real,real-mistral-small3.1-N2000,nli,frac-0.02,2000
0,log:A1,The post asks for technical help with computer hardware.,cold,2000,2000,0,0,0,1.0,1.0,1.0,188,,,,,4.183300188742578e-05,1.0,,real,real-mistral-small3.1-N2000,nli,frac-0.05,2000
1,log:A2,The post asks for technical help with a personal computer's hardware.,rewrite,2000,1812,20,168,0,1.0,1.0,1.0,147,1.0,False,1.0,False,0.0002885420108214021,1.0,False,real,real-mistral-small3.1-N2000,nli,frac-0.05,2000
2,log:A3,The post is a request for technical assistance concerning computer hardware.,rewrite,1997,44,111,1842,0,1.0,1.0,1.0,155,0.9810126582278481,False,1.0,False,0.000863125009345822,1.0,False,real,real-mistral-small3.1-N2000,nli,frac-0.05,2000
3,log:A4,The post asks for help with Macintosh hardware.,rewrite,2000,1817,40,143,0,1.0,1.0,1.0,33,1.0,False,1.0,False,0.00027845799922943115,1.0,False,real,real-mistral-small3.1-N2000,nli,frac-0.05,2000
4,log:A5,The post describes a hardware problem the author is experiencing.,cold,2000,2000,0,0,0,1.0,1.0,1.0,89,,,,,0.0001235410018125549,1.0,,real,real-mistral-small3.1-N2000,nli,frac-0.05,2000
5,log:B1,The post offers an item for sale.,cold,2000,2000,0,0,0,1.0,1.0,1.0,78,,,,,0.00012408300244715065,1.0,,real,real-mistral-small3.1-N2000,nli,frac-0.05,2000
6,log:B2,The post offers a computer or a computer part for sale.,rewrite,2000,1922,20,58,0,1.0,1.0,1.0,29,1.0,False,1.0,False,0.00019787500787060708,1.0,False,real,real-mistral-small3.1-N2000,nli,frac-0.05,2000
7,log:B3,The post mentions a specific price in dollars.,cold,2000,2000,0,0,0,1.0,1.0,1.0,140,,,,,0.00013329200737643987,1.0,,real,real-mistral-small3.1-N2000,nli,frac-0.05,2000
8,log:B4,The post is an advertisement.,rewrite,1999,0,100,1899,0,1.0,0.9893617021276596,0.9946524064171123,94,0.9893617021276596,False,1.0,False,0.0010056250030174851,0.9893617021276596,False,real,real-mistral-small3.1-N2000,nli,frac-0.05,2000
9,log:B5,The post is looking to buy something rather than to sell something.,rewrite,1987,13,100,1874,0,1.0,0.9527027027027027,0.9757785467128028,148,0.9155844155844156,False,1.0,False,0.001436624996131286,0.9527027027027027,False,real,real-mistral-small3.1-N2000,nli,frac-0.05,2000
10,log:C1,The post discusses a professional sports team.,cold,2000,2000,0,0,0,1.0,1.0,1.0,134,,,,,0.0001883750082924962,1.0,,real,real-mistral-small3.1-N2000,nli,frac-0.05,2000
11,log:C2,The post discusses a professional baseball team.,rewrite,2000,212,90,1698,0,1.0,1.0,1.0,66,1.0,False,1.0,False,0.0007132079917937517,1.0,False,real,real-mistral-small3.1-N2000,nli,frac-0.05,2000
12,log:C3,The post mentions a player's statistics.,rewrite,2000,78,97,1825,0,1.0,1.0,1.0,50,1.0,False,1.0,False,0.0007344159967033193,1.0,False,real,real-mistral-small3.1-N2000,nli,frac-0.05,2000
13,log:C4,The post is about a sporting event that has already taken place.,cold,2000,2000,0,0,0,1.0,1.0,1.0,66,,,,,0.00016608300211373717,1.0,,real,real-mistral-small3.1-N2000,nli,frac-0.05,2000
14,log:C5,The post is about sports.,rewrite,2000,23,99,1878,0,1.0,1.0,1.0,178,1.0,False,1.0,False,0.0008469169988529757,1.0,False,real,real-mistral-small3.1-N2000,nli,frac-0.05,2000
15,log:D1,The post argues about politics.,cold,2000,2000,0,0,0,1.0,1.0,1.0,193,,,,,0.00017308299720752984,1.0,,real,real-mistral-small3.1-N2000,nli,frac-0.05,2000
16,log:D2,The post argues about gun control policy.,cold,2000,2000,0,0,0,1.0,1.0,1.0,30,,,,,0.00016154200420714915,1.0,,real,real-mistral-small3.1-N2000,nli,frac-0.05,2000
17,log:D3,The post expresses a religious belief.,rewrite,2000,1907,20,73,0,1.0,1.0,1.0,97,1.0,False,1.0,False,0.0002536249958211556,1.0,False,real,real-mistral-small3.1-N2000,nli,frac-0.05,2000
18,log:D4,The post argues about religion.,cold,2000,2000,0,0,0,1.0,1.0,1.0,181,,,,,0.0001744170003803447,1.0,,real,real-mistral-small3.1-N2000,nli,frac-0.05,2000
19,log:D5,The post discusses the Middle East.,rewrite,2000,316,85,1599,0,1.0,1.0,1.0,39,1.0,False,1.0,False,0.0007539579964941368,1.0,False,real,real-mistral-small3.1-N2000,nli,frac-0.05,2000
20,log:D6,The post criticizes a government or a government policy.,cold,2000,2000,0,0,0,1.0,1.0,1.0,173,,,,,0.00021629199909511954,1.0,,real,real-mistral-small3.1-N2000,nli,frac-0.05,2000
21,log:E1,The author of the post is frustrated or angry.,cold,2000,2000,0,0,0,1.0,1.0,1.0,386,,,,,0.00019929099653381854,1.0,,real,real-mistral-small3.1-N2000,nli,frac-0.05,2000
22,log:E2,The post contains a question.,rewrite,1970,0,100,1870,0,1.0,0.9702857142857143,0.9849187935034803,875,0.9658703071672355,False,1.0,False,0.021538458007853478,0.9702857142857143,False,real,real-mistral-small3.1-N2000,nli,frac-0.05,2000
23,log:E3,The post quotes another message.,rewrite,1999,0,100,1899,0,1.0,1.0,1.0,271,0.9963235294117647,False,1.0,False,0.0014814580063102767,1.0,False,real,real-mistral-small3.1-N2000,nli,frac-0.05,2000
24,log:E4,The post uses technical jargon.,cold,2000,2000,0,0,0,1.0,1.0,1.0,914,,,,,0.0003031250089406967,1.0,,real,real-mistral-small3.1-N2000,nli,frac-0.05,2000
25,log:E5,The post makes a factual claim that could be checked.,rewrite,1953,0,100,1853,0,1.0,0.9672131147540983,0.9833333333333333,366,0.9076923076923077,False,1.0,False,0.0014777089963899925,0.9672131147540983,False,real,real-mistral-small3.1-N2000,nli,frac-0.05,2000
26,log:F1,The post discusses medicine or health.,rewrite,2000,913,63,1024,0,1.0,1.0,1.0,100,1.0,False,1.0,False,0.00048499999684281647,1.0,False,real,real-mistral-small3.1-N2000,nli,frac-0.05,2000
27,log:F2,The post discusses a specific disease or medical condition.,rewrite,2000,913,63,1024,0,1.0,1.0,1.0,40,1.0,False,1.0,False,0.0004023749934276566,1.0,False,real,real-mistral-small3.1-N2000,nli,frac-0.05,2000
28,log:F3,The post discusses space or astronomy.,rewrite,2000,1151,43,806,0,1.0,1.0,1.0,62,1.0,False,1.0,False,0.0003395829990040511,1.0,False,real,real-mistral-small3.1-N2000,nli,frac-0.05,2000
29,log:F4,The post discusses cryptography or encryption.,rewrite,2000,1151,43,806,0,1.0,1.0,1.0,56,1.0,False,1.0,False,0.0003365419979672879,1.0,False,real,real-mistral-small3.1-N2000,nli,frac-0.05,2000
30,log:F5,The post discusses computer security.,rewrite,2000,913,63,1024,0,1.0,1.0,1.0,49,1.0,False,1.0,False,0.00039650000690016896,1.0,False,real,real-mistral-small3.1-N2000,nli,frac-0.05,2000
31,log:F6,The post discusses science.,rewrite,2000,1087,46,867,0,1.0,1.0,1.0,154,1.0,False,1.0,False,0.0008294589933939278,1.0,False,real,real-mistral-small3.1-N2000,nli,frac-0.05,2000
32,log:G1,The post mentions an operating system.,rewrite,2000,385,81,1534,0,1.0,1.0,1.0,173,1.0,False,1.0,False,0.000808458004030399,1.0,False,real,real-mistral-small3.1-N2000,nli,frac-0.05,2000
33,log:G2,The post mentions Microsoft Windows.,rewrite,2000,554,91,1355,0,1.0,1.0,1.0,71,1.0,False,1.0,False,0.001217915996676311,1.0,False,real,real-mistral-small3.1-N2000,nli,frac-0.05,2000
34,log:G3,The post mentions the X Window System.,rewrite,2000,385,81,1534,0,1.0,1.0,1.0,75,1.0,False,1.0,False,0.017294707999099046,1.0,False,real,real-mistral-small3.1-N2000,nli,frac-0.05,2000
35,log:G4,The post discusses software rather than hardware.,rewrite,1998,1,100,1897,0,1.0,0.9897435897435898,0.9948453608247423,195,0.9897435897435898,False,1.0,False,0.024769374998868443,0.9897435897435898,False,real,real-mistral-small3.1-N2000,nli,frac-0.05,2000
36,log:G5,The post recommends a product or a service.,rewrite,2000,0,100,1900,0,1.0,1.0,1.0,115,1.0,False,1.0,False,0.002641082988702692,1.0,False,real,real-mistral-small3.1-N2000,nli,frac-0.05,2000
37,log:H1,The post asks for technical help with computer hardware.,exact-hit,0,0,0,0,0,1.0,1.0,1.0,188,,,,,1.345899363514036e-05,1.0,,real,real-mistral-small3.1-N2000,nli,frac-0.05,2000
38,log:H2,The post is selling something.,rewrite,1995,418,98,1479,0,1.0,0.9880952380952381,0.9940119760479043,84,0.9879518072289156,False,0.9879518072289156,False,0.027660332998493686,0.9880952380952381,False,real,real-mistral-small3.1-N2000,nli,frac-0.05,2000
39,log:H3,The post is about a motor vehicle.,rewrite,2000,1061,63,876,0,1.0,1.0,1.0,144,1.0,False,1.0,False,0.0006147499952930957,1.0,False,real,real-mistral-small3.1-N2000,nli,frac-0.05,2000
40,log:H4,The post is about a car or a motorcycle.,rewrite,1994,983,107,904,0,1.0,1.0,1.0,143,1.0,False,0.986013986013986,False,0.001075499996659346,1.0,False,real,real-mistral-small3.1-N2000,nli,frac-0.05,2000
41,log:H5,The post gives advice about maintaining a vehicle.,rewrite,2000,549,73,1378,0,1.0,1.0,1.0,11,1.0,False,1.0,False,0.0009563750063534826,1.0,False,real,real-mistral-small3.1-N2000,nli,frac-0.05,2000
42,log:H6,The tone of the post is angry or annoyed.,rewrite,1983,21,99,1863,0,1.0,0.9624060150375939,0.9808429118773946,266,0.9377289377289377,False,1.0,False,0.0014082500129006803,0.9624060150375939,False,real,real-mistral-small3.1-N2000,nli,frac-0.05,2000
43,log:H7,The post is about a computer operating system.,rewrite,1999,983,51,965,0,1.0,1.0,1.0,101,0.9901960784313726,False,1.0,False,0.0009998330060625449,1.0,False,real,real-mistral-small3.1-N2000,nli,frac-0.05,2000
44,log:H8,The post is a for-sale advertisement.,rewrite,1995,71,116,1808,0,1.0,1.0,1.0,74,0.9863013698630136,False,0.972972972972973,False,0.0010985839908244088,1.0,False,real,real-mistral-small3.1-N2000,nli,frac-0.05,2000
45,log:H9,The post discusses encryption algorithms or key management.,rewrite,2000,1117,62,821,0,1.0,1.0,1.0,36,1.0,False,1.0,False,0.000596290992689319,1.0,False,real,real-mistral-small3.1-N2000,nli,frac-0.05,2000
46,log:H10,The post asks a question about computer hardware.,rewrite,1987,849,58,1080,0,1.0,0.9392265193370166,0.9686609686609687,181,0.9289617486338798,False,1.0,False,0.0010115410113940015,0.9392265193370166,False,real,real-mistral-small3.1-N2000,nli,frac-0.05,2000
0,log:A1,The post asks for technical help with computer hardware.,cold,2000,2000,0,0,0,1.0,1.0,1.0,188,,,,,4.149999585933983e-05,1.0,,real,real-mistral-small3.1-N2000,nli,frac-0.10,2000
1,log:A2,The post asks for technical help with a personal computer's hardware.,rewrite,2000,1812,20,168,0,1.0,1.0,1.0,147,1.0,False,1.0,False,0.00025983399245887995,1.0,False,real,real-mistral-small3.1-N2000,nli,frac-0.10,2000
2,log:A3,The post is a request for technical assistance concerning computer hardware.,rewrite,1998,44,202,1752,0,1.0,1.0,1.0,155,0.9872611464968153,False,1.0,False,0.0009226249967468902,1.0,False,real,real-mistral-small3.1-N2000,nli,frac-0.10,2000
3,log:A4,The post asks for help with Macintosh hardware.,rewrite,2000,1817,40,143,0,1.0,1.0,1.0,33,1.0,False,1.0,False,0.0002722079952945933,1.0,False,real,real-mistral-small3.1-N2000,nli,frac-0.10,2000
4,log:A5,The post describes a hardware problem the author is experiencing.,cold,2000,2000,0,0,0,1.0,1.0,1.0,89,,,,,0.0001282920129597187,1.0,,real,real-mistral-small3.1-N2000,nli,frac-0.10,2000
5,log:B1,The post offers an item for sale.,cold,2000,2000,0,0,0,1.0,1.0,1.0,78,,,,,0.0001245419989572838,1.0,,real,real-mistral-small3.1-N2000,nli,frac-0.10,2000
6,log:B2,The post offers a computer or a computer part for sale.,rewrite,2000,1922,20,58,0,1.0,1.0,1.0,29,1.0,False,1.0,False,0.00019766599871218204,1.0,False,real,real-mistral-small3.1-N2000,nli,frac-0.10,2000
7,log:B3,The post mentions a specific price in dollars.,cold,2000,2000,0,0,0,1.0,1.0,1.0,140,,,,,0.0001323329925071448,1.0,,real,real-mistral-small3.1-N2000,nli,frac-0.10,2000
8,log:B4,The post is an advertisement.,rewrite,1999,0,200,1799,0,1.0,0.9893617021276596,0.9946524064171123,94,0.9893617021276596,False,1.0,False,0.0010040839988505468,0.9893617021276596,False,real,real-mistral-small3.1-N2000,nli,frac-0.10,2000
9,log:B5,The post is looking to buy something rather than to sell something.,rewrite,1989,13,199,1777,0,1.0,0.9662162162162162,0.9828178694158076,148,0.9285714285714286,False,1.0,False,0.0012570830003824085,0.9662162162162162,False,real,real-mistral-small3.1-N2000,nli,frac-0.10,2000
10,log:C1,The post discusses a professional sports team.,cold,2000,2000,0,0,0,1.0,1.0,1.0,134,,,,,0.00017033300537150353,1.0,,real,real-mistral-small3.1-N2000,nli,frac-0.10,2000
11,log:C2,The post discusses a professional baseball team.,rewrite,2000,212,179,1609,0,1.0,1.0,1.0,66,1.0,False,1.0,False,0.0006855419924249873,1.0,False,real,real-mistral-small3.1-N2000,nli,frac-0.10,2000
12,log:C3,The post mentions a player's statistics.,rewrite,2000,78,193,1729,0,1.0,1.0,1.0,50,1.0,False,1.0,False,0.0007006660016486421,1.0,False,real,real-mistral-small3.1-N2000,nli,frac-0.10,2000
13,log:C4,The post is about a sporting event that has already taken place.,cold,2000,2000,0,0,0,1.0,1.0,1.0,66,,,,,0.0001621249975869432,1.0,,real,real-mistral-small3.1-N2000,nli,frac-0.10,2000
14,log:C5,The post is about sports.,rewrite,2000,23,198,1779,0,1.0,1.0,1.0,178,1.0,False,1.0,False,0.0008648750081192702,1.0,False,real,real-mistral-small3.1-N2000,nli,frac-0.10,2000
15,log:D1,The post argues about politics.,cold,2000,2000,0,0,0,1.0,1.0,1.0,193,,,,,0.00017608300549909472,1.0,,real,real-mistral-small3.1-N2000,nli,frac-0.10,2000
16,log:D2,The post argues about gun control policy.,cold,2000,2000,0,0,0,1.0,1.0,1.0,30,,,,,0.00016333399980794638,1.0,,real,real-mistral-small3.1-N2000,nli,frac-0.10,2000
17,log:D3,The post expresses a religious belief.,rewrite,2000,1907,20,73,0,1.0,1.0,1.0,97,1.0,False,1.0,False,0.0002439170057186857,1.0,False,real,real-mistral-small3.1-N2000,nli,frac-0.10,2000
18,log:D4,The post argues about religion.,cold,2000,2000,0,0,0,1.0,1.0,1.0,181,,,,,0.00017195800319314003,1.0,,real,real-mistral-small3.1-N2000,nli,frac-0.10,2000
19,log:D5,The post discusses the Middle East.,rewrite,2000,316,169,1515,0,1.0,1.0,1.0,39,1.0,False,1.0,False,0.000757250003516674,1.0,False,real,real-mistral-small3.1-N2000,nli,frac-0.10,2000
20,log:D6,The post criticizes a government or a government policy.,cold,2000,2000,0,0,0,1.0,1.0,1.0,173,,,,,0.0002100830024573952,1.0,,real,real-mistral-small3.1-N2000,nli,frac-0.10,2000
21,log:E1,The author of the post is frustrated or angry.,cold,2000,2000,0,0,0,1.0,1.0,1.0,386,,,,,0.0002055829972960055,1.0,,real,real-mistral-small3.1-N2000,nli,frac-0.10,2000
22,log:E2,The post contains a question.,rewrite,1967,0,200,1767,0,1.0,0.9668571428571429,0.9831493317838466,875,0.962457337883959,False,1.0,False,0.0009511670068604872,0.9668571428571429,False,real,real-mistral-small3.1-N2000,nli,frac-0.10,2000
23,log:E3,The post quotes another message.,rewrite,1999,0,200,1799,0,1.0,1.0,1.0,271,0.9963235294117647,False,1.0,False,0.0012092500110156834,1.0,False,real,real-mistral-small3.1-N2000,nli,frac-0.10,2000
24,log:E4,The post uses technical jargon.,cold,2000,2000,0,0,0,1.0,1.0,1.0,914,,,,,0.00022375000116880983,1.0,,real,real-mistral-small3.1-N2000,nli,frac-0.10,2000
25,log:E5,The post makes a factual claim that could be checked.,rewrite,1955,0,200,1755,0,1.0,0.9672131147540983,0.9833333333333333,366,0.9315789473684211,False,1.0,False,0.0015382919955300167,0.9672131147540983,False,real,real-mistral-small3.1-N2000,nli,frac-0.10,2000
26,log:F1,The post discusses medicine or health.,rewrite,2000,916,109,975,0,1.0,1.0,1.0,100,1.0,False,1.0,False,0.0004288339987397194,1.0,False,real,real-mistral-small3.1-N2000,nli,frac-0.10,2000
27,log:F2,The post discusses a specific disease or medical condition.,rewrite,2000,916,109,975,0,1.0,1.0,1.0,40,1.0,False,1.0,False,0.0003888749924954027,1.0,False,real,real-mistral-small3.1-N2000,nli,frac-0.10,2000
28,log:F3,The post discusses space or astronomy.,rewrite,2000,1154,85,761,0,1.0,1.0,1.0,62,1.0,False,1.0,False,0.00033379100204911083,1.0,False,real,real-mistral-small3.1-N2000,nli,frac-0.10,2000
29,log:F4,The post discusses cryptography or encryption.,rewrite,2000,1154,85,761,0,1.0,1.0,1.0,56,1.0,False,1.0,False,0.00033729099959600717,1.0,False,real,real-mistral-small3.1-N2000,nli,frac-0.10,2000
30,log:F5,The post discusses computer security.,rewrite,2000,916,109,975,0,1.0,1.0,1.0,49,1.0,False,1.0,False,0.0003865000035148114,1.0,False,real,real-mistral-small3.1-N2000,nli,frac-0.10,2000
31,log:F6,The post discusses science.,rewrite,2000,1084,92,824,0,1.0,1.0,1.0,154,1.0,False,1.0,False,0.0008263339987024665,1.0,False,real,real-mistral-small3.1-N2000,nli,frac-0.10,2000
32,log:G1,The post mentions an operating system.,rewrite,2000,385,162,1453,0,1.0,1.0,1.0,173,1.0,False,1.0,False,0.0015326249995268881,1.0,False,real,real-mistral-small3.1-N2000,nli,frac-0.10,2000
33,log:G2,The post mentions Microsoft Windows.,rewrite,2000,554,162,1284,0,1.0,1.0,1.0,71,1.0,False,1.0,False,0.002396291005425155,1.0,False,real,real-mistral-small3.1-N2000,nli,frac-0.10,2000
34,log:G3,The post mentions the X Window System.,rewrite,2000,385,162,1453,0,1.0,1.0,1.0,75,1.0,False,1.0,False,0.0024072079977486283,1.0,False,real,real-mistral-small3.1-N2000,nli,frac-0.10,2000
35,log:G4,The post discusses software rather than hardware.,rewrite,1998,1,200,1797,0,1.0,0.9897435897435898,0.9948453608247423,195,0.9897435897435898,False,1.0,False,0.0030306249973364174,0.9897435897435898,False,real,real-mistral-small3.1-N2000,nli,frac-0.10,2000
36,log:G5,The post recommends a product or a service.,rewrite,2000,0,200,1800,0,1.0,1.0,1.0,115,1.0,False,1.0,False,0.001986625007702969,1.0,False,real,real-mistral-small3.1-N2000,nli,frac-0.10,2000
37,log:H1,The post asks for technical help with computer hardware.,exact-hit,0,0,0,0,0,1.0,1.0,1.0,188,,,,,8.207993232645094e-06,1.0,,real,real-mistral-small3.1-N2000,nli,frac-0.10,2000
38,log:H2,The post is selling something.,rewrite,1996,418,176,1402,0,1.0,1.0,1.0,84,1.0,False,0.9880952380952381,False,0.0012575000000651926,1.0,False,real,real-mistral-small3.1-N2000,nli,frac-0.10,2000
39,log:H3,The post is about a motor vehicle.,rewrite,2000,1064,105,831,0,1.0,1.0,1.0,144,1.0,False,1.0,False,0.0005279589968267828,1.0,False,real,real-mistral-small3.1-N2000,nli,frac-0.10,2000
40,log:H4,The post is about a car or a motorcycle.,rewrite,1994,980,153,861,0,1.0,1.0,1.0,143,1.0,False,0.986013986013986,False,0.0010633749916451052,1.0,False,real,real-mistral-small3.1-N2000,nli,frac-0.10,2000
41,log:H5,The post gives advice about maintaining a vehicle.,rewrite,2000,549,146,1305,0,1.0,1.0,1.0,11,1.0,False,1.0,False,0.0012131249968660995,1.0,False,real,real-mistral-small3.1-N2000,nli,frac-0.10,2000
42,log:H6,The tone of the post is angry or annoyed.,rewrite,1984,21,198,1765,0,1.0,0.9661654135338346,0.982791586998088,266,0.9413919413919414,False,1.0,False,0.0014020829985383898,0.9661654135338346,False,real,real-mistral-small3.1-N2000,nli,frac-0.10,2000
43,log:H7,The post is about a computer operating system.,rewrite,1999,980,102,917,0,1.0,1.0,1.0,101,0.9901960784313726,False,1.0,False,0.0009324580023530871,1.0,False,real,real-mistral-small3.1-N2000,nli,frac-0.10,2000
44,log:H8,The post is a for-sale advertisement.,rewrite,1995,71,211,1713,0,1.0,1.0,1.0,74,0.9863013698630136,False,0.972972972972973,False,0.0010751250083558261,1.0,False,real,real-mistral-small3.1-N2000,nli,frac-0.10,2000
45,log:H9,The post discusses encryption algorithms or key management.,rewrite,2000,1120,102,778,0,1.0,1.0,1.0,36,1.0,False,1.0,False,0.0005039159877924249,1.0,False,real,real-mistral-small3.1-N2000,nli,frac-0.10,2000
46,log:H10,The post asks a question about computer hardware.,rewrite,1988,846,116,1026,0,1.0,0.9447513812154696,0.9715909090909092,181,0.9344262295081968,False,1.0,False,0.001042917006998323,0.9447513812154696,False,real,real-mistral-small3.1-N2000,nli,frac-0.10,2000
0,log:A1,The post asks for technical help with computer hardware.,cold,2000,2000,0,0,0,1.0,1.0,1.0,188,,,,,5.1041002734564245e-05,1.0,,real,real-mistral-small3.1-N2000,nli,recall-only,2000
1,log:A2,The post asks for technical help with a personal computer's hardware.,rewrite,1841,1812,29,0,0,0.8032786885245902,1.0,0.8909090909090909,147,1.0,False,,,0.0005669169913744554,1.0,False,real,real-mistral-small3.1-N2000,nli,recall-only,2000
2,log:A3,The post is a request for technical assistance concerning computer hardware.,rewrite,1855,8,861,986,0,0.842391304347826,1.0,0.9144542772861356,155,0.9920634920634921,False,,,0.0012063750036759302,1.0,False,real,real-mistral-small3.1-N2000,nli,recall-only,2000
3,log:A4,The post asks for help with Macintosh hardware.,rewrite,1852,1805,36,11,0,0.21153846153846154,1.0,0.34920634920634924,33,1.0,False,,,0.0004899579944321886,1.0,False,real,real-mistral-small3.1-N2000,nli,recall-only,2000
4,log:A5,The post describes a hardware problem the author is experiencing.,cold,2000,2000,0,0,0,1.0,1.0,1.0,89,,,,,0.000149500003317371,1.0,,real,real-mistral-small3.1-N2000,nli,recall-only,2000
5,log:B1,The post offers an item for sale.,cold,2000,2000,0,0,0,1.0,1.0,1.0,78,,,,,0.0001266250037588179,1.0,,real,real-mistral-small3.1-N2000,nli,recall-only,2000
6,log:B2,The post offers a computer or a computer part for sale.,rewrite,1951,1922,29,0,0,0.453125,1.0,0.6236559139784946,29,1.0,False,,,0.0004063749947817996,1.0,False,real,real-mistral-small3.1-N2000,nli,recall-only,2000
7,log:B3,The post mentions a specific price in dollars.,cold,2000,2000,0,0,0,1.0,1.0,1.0,140,,,,,0.00014129201008472592,1.0,,real,real-mistral-small3.1-N2000,nli,recall-only,2000
8,log:B4,The post is an advertisement.,rewrite,2000,0,0,2000,0,1.0,1.0,1.0,94,1.0,False,,,0.0002896249934565276,1.0,False,real,real-mistral-small3.1-N2000,nli,recall-only,2000
9,log:B5,The post is looking to buy something rather than to sell something.,rewrite,2000,48,0,1952,0,1.0,1.0,1.0,148,1.0,False,,,0.0002570829965407029,1.0,False,real,real-mistral-small3.1-N2000,nli,recall-only,2000
10,log:C1,The post discusses a professional sports team.,cold,2000,2000,0,0,0,1.0,1.0,1.0,134,,,,,0.0001477920013712719,1.0,,real,real-mistral-small3.1-N2000,nli,recall-only,2000
11,log:C2,The post discusses a professional baseball team.,rewrite,1352,212,1140,0,0,1.0,1.0,1.0,66,0.9295774647887324,False,,,0.001341750001301989,1.0,False,real,real-mistral-small3.1-N2000,nli,recall-only,2000
12,log:C3,The post mentions a player's statistics.,rewrite,2000,78,0,1922,0,1.0,1.0,1.0,50,1.0,False,,,0.00023779200273565948,1.0,False,real,real-mistral-small3.1-N2000,nli,recall-only,2000
13,log:C4,The post is about a sporting event that has already taken place.,cold,2000,2000,0,0,0,1.0,1.0,1.0,66,,,,,0.00015324998821597546,1.0,,real,real-mistral-small3.1-N2000,nli,recall-only,2000
14,log:C5,The post is about sports.,rewrite,2000,23,0,1977,0,1.0,1.0,1.0,178,1.0,False,,,0.00024558400036767125,1.0,False,real,real-mistral-small3.1-N2000,nli,recall-only,2000
15,log:D1,The post argues about politics.,cold,2000,2000,0,0,0,1.0,1.0,1.0,193,,,,,0.00016354200488422066,1.0,,real,real-mistral-small3.1-N2000,nli,recall-only,2000
16,log:D2,The post argues about gun control policy.,cold,2000,2000,0,0,0,1.0,1.0,1.0,30,,,,,0.00016000001050997525,1.0,,real,real-mistral-small3.1-N2000,nli,recall-only,2000
17,log:D3,The post expresses a religious belief.,rewrite,1935,1906,29,0,0,0.6024844720496895,1.0,0.751937984496124,97,1.0,False,,,0.00024329200095962733,1.0,False,real,real-mistral-small3.1-N2000,nli,recall-only,2000
18,log:D4,The post argues about religion.,cold,2000,2000,0,0,0,1.0,1.0,1.0,181,,,,,0.00017233399557881057,1.0,,real,real-mistral-small3.1-N2000,nli,recall-only,2000
19,log:D5,The post discusses the Middle East.,rewrite,1998,339,36,1623,0,0.9512195121951219,1.0,0.975,39,1.0,False,,,0.00030520900327246636,1.0,False,real,real-mistral-small3.1-N2000,nli,recall-only,2000
20,log:D6,The post criticizes a government or a government policy.,cold,2000,2000,0,0,0,1.0,1.0,1.0,173,,,,,0.00018891700892709196,1.0,,real,real-mistral-small3.1-N2000,nli,recall-only,2000
21,log:E1,The author of the post is frustrated or angry.,cold,2000,2000,0,0,0,1.0,1.0,1.0,386,,,,,0.00018195799202658236,1.0,,real,real-mistral-small3.1-N2000,nli,recall-only,2000
22,log:E2,The post contains a question.,rewrite,2000,0,0,2000,0,1.0,1.0,1.0,875,1.0,False,,,0.00037070900725666434,1.0,False,real,real-mistral-small3.1-N2000,nli,recall-only,2000
23,log:E3,The post quotes another message.,rewrite,2000,0,0,2000,0,1.0,1.0,1.0,271,1.0,False,,,0.02929183300875593,1.0,False,real,real-mistral-small3.1-N2000,nli,recall-only,2000
24,log:E4,The post uses technical jargon.,cold,2000,2000,0,0,0,1.0,1.0,1.0,914,,,,,0.0004301250010030344,1.0,,real,real-mistral-small3.1-N2000,nli,recall-only,2000
25,log:E5,The post makes a factual claim that could be checked.,rewrite,2000,0,0,2000,0,1.0,1.0,1.0,366,1.0,False,,,0.0004023340006824583,1.0,False,real,real-mistral-small3.1-N2000,nli,recall-only,2000
26,log:F1,The post discusses medicine or health.,rewrite,955,883,72,0,0,0.09191176470588236,1.0,0.1683501683501684,100,1.0,False,,,0.0010522910015424713,1.0,False,real,real-mistral-small3.1-N2000,nli,recall-only,2000
27,log:F2,The post discusses a specific disease or medical condition.,rewrite,955,883,72,0,0,0.03759398496240601,1.0,0.07246376811594202,40,1.0,False,,,0.0006742080004187301,1.0,False,real,real-mistral-small3.1-N2000,nli,recall-only,2000
28,log:F3,The post discusses space or astronomy.,rewrite,1154,1125,29,0,0,0.06989853438556934,1.0,0.13066385669125397,62,1.0,False,,,0.0006646249967161566,1.0,False,real,real-mistral-small3.1-N2000,nli,recall-only,2000
29,log:F4,The post discusses cryptography or encryption.,rewrite,1154,1125,29,0,0,0.0639269406392694,1.0,0.12017167381974247,56,1.0,False,,,0.0006406669999705628,1.0,False,real,real-mistral-small3.1-N2000,nli,recall-only,2000
30,log:F5,The post discusses computer security.,rewrite,955,883,72,0,0,0.04592314901593252,1.0,0.0878136200716846,49,1.0,False,,,0.0007012080022832379,1.0,False,real,real-mistral-small3.1-N2000,nli,recall-only,2000
31,log:F6,The post discusses science.,rewrite,1870,965,491,414,0,0.5725490196078431,0.948051948051948,0.7139364303178484,154,0.9205298013245033,False,,,0.0013700000126846135,0.948051948051948,False,real,real-mistral-small3.1-N2000,nli,recall-only,2000
32,log:G1,The post mentions an operating system.,rewrite,2000,489,1208,303,0,1.0,1.0,1.0,173,1.0,False,,,0.0008458329975837842,1.0,False,real,real-mistral-small3.1-N2000,nli,recall-only,2000
33,log:G2,The post mentions Microsoft Windows.,rewrite,1593,554,1013,26,0,1.0,0.9859154929577465,0.9929078014184397,71,0.9459459459459459,False,,,0.0015095839917194098,0.9859154929577465,False,real,real-mistral-small3.1-N2000,nli,recall-only,2000
34,log:G3,The post mentions the X Window System.,rewrite,2000,489,0,1511,0,1.0,1.0,1.0,75,1.0,False,,,0.0004956669872626662,1.0,False,real,real-mistral-small3.1-N2000,nli,recall-only,2000
35,log:G4,The post discusses software rather than hardware.,rewrite,2000,1,0,1999,0,1.0,1.0,1.0,195,1.0,False,,,0.0004090830043423921,1.0,False,real,real-mistral-small3.1-N2000,nli,recall-only,2000
36,log:G5,The post recommends a product or a service.,rewrite,2000,0,0,2000,0,1.0,1.0,1.0,115,1.0,False,,,0.008583791001001373,1.0,False,real,real-mistral-small3.1-N2000,nli,recall-only,2000
37,log:H1,The post asks for technical help with computer hardware.,exact-hit,0,0,0,0,0,1.0,1.0,1.0,188,,,,,1.0749994544312358e-05,1.0,,real,real-mistral-small3.1-N2000,nli,recall-only,2000
38,log:H2,The post is selling something.,rewrite,1483,396,1081,6,0,1.0,0.9880952380952381,0.9940119760479043,84,0.9418604651162791,False,,,0.002281875000335276,0.9880952380952381,False,real,real-mistral-small3.1-N2000,nli,recall-only,2000
39,log:H3,The post is about a motor vehicle.,rewrite,1106,1034,72,0,0,0.14649033570701933,1.0,0.2555456965394854,144,1.0,False,,,0.0010921249922830611,1.0,False,real,real-mistral-small3.1-N2000,nli,recall-only,2000
40,log:H4,The post is about a car or a motorcycle.,rewrite,1417,1011,389,17,0,0.8484848484848485,0.9790209790209791,0.9090909090909092,143,0.9142857142857143,False,,,0.0016637500084470958,0.9790209790209791,False,real,real-mistral-small3.1-N2000,nli,recall-only,2000
41,log:H5,The post gives advice about maintaining a vehicle.,rewrite,2000,1250,0,750,0,1.0,1.0,1.0,11,1.0,False,,,0.00040595800965093076,1.0,False,real,real-mistral-small3.1-N2000,nli,recall-only,2000
42,log:H6,The tone of the post is angry or annoyed.,rewrite,2000,21,0,1979,0,1.0,1.0,1.0,266,1.0,False,,,0.00042062500142492354,1.0,False,real,real-mistral-small3.1-N2000,nli,recall-only,2000
43,log:H7,The post is about a computer operating system.,rewrite,1414,1001,413,0,0,1.0,0.9900990099009901,0.9950248756218906,101,0.9433962264150944,False,,,0.0014437080099014565,0.9900990099009901,False,real,real-mistral-small3.1-N2000,nli,recall-only,2000
44,log:H8,The post is a for-sale advertisement.,rewrite,1503,36,1462,5,0,0.9866666666666667,1.0,0.9932885906040269,74,0.96,False,,,0.0016554589965380728,1.0,False,real,real-mistral-small3.1-N2000,nli,recall-only,2000
45,log:H9,The post discusses encryption algorithms or key management.,rewrite,997,891,78,28,0,0.035856573705179286,1.0,0.06923076923076923,36,1.0,False,,,0.0004507080011535436,1.0,False,real,real-mistral-small3.1-N2000,nli,recall-only,2000
46,log:H10,The post asks a question about computer hardware.,rewrite,1984,875,392,717,0,1.0,0.9668508287292817,0.9831460674157304,181,0.9308510638297872,False,,,0.010899291999521665,0.9668508287292817,False,real,real-mistral-small3.1-N2000,nli,recall-only,2000
0,log:A1,The post asks for technical help with computer hardware.,cold,2000,2000,0,0,0,1.0,1.0,1.0,188,,,,,0.00018037500558421016,1.0,,real,real-mistral-small3.1-N2000,nli,recall-trust,2000
1,log:A2,The post asks for technical help with a personal computer's hardware.,rewrite,1812,1812,0,0,0,0.7696335078534031,1.0,0.8698224852071006,147,1.0,False,,,0.0007018750038696453,1.0,False,real,real-mistral-small3.1-N2000,nli,recall-trust,2000
2,log:A3,The post is a request for technical assistance concerning computer hardware.,rewrite,1812,0,0,1812,0,0.7948717948717948,1.0,0.8857142857142858,155,1.0,False,,,0.000720292009646073,1.0,False,real,real-mistral-small3.1-N2000,nli,recall-trust,2000
3,log:A4,The post asks for help with Macintosh hardware.,rewrite,1802,1802,0,0,0,0.165,1.0,0.2832618025751073,33,1.0,False,,,0.0006902910099597648,1.0,False,real,real-mistral-small3.1-N2000,nli,recall-trust,2000
4,log:A5,The post describes a hardware problem the author is experiencing.,cold,2000,2000,0,0,0,1.0,1.0,1.0,89,,,,,0.021057833000668325,1.0,,real,real-mistral-small3.1-N2000,nli,recall-trust,2000
5,log:B1,The post offers an item for sale.,cold,2000,2000,0,0,0,1.0,1.0,1.0,78,,,,,0.00021283300884533674,1.0,,real,real-mistral-small3.1-N2000,nli,recall-trust,2000
6,log:B2,The post offers a computer or a computer part for sale.,rewrite,1922,1922,0,0,0,0.3670886075949367,1.0,0.5370370370370371,29,1.0,False,,,0.00019558300846256316,1.0,False,real,real-mistral-small3.1-N2000,nli,recall-trust,2000
7,log:B3,The post mentions a specific price in dollars.,cold,2000,2000,0,0,0,1.0,1.0,1.0,140,,,,,0.0001442079956177622,1.0,,real,real-mistral-small3.1-N2000,nli,recall-trust,2000
8,log:B4,The post is an advertisement.,rewrite,2000,0,0,2000,0,1.0,1.0,1.0,94,1.0,False,,,0.0002805840049404651,1.0,False,real,real-mistral-small3.1-N2000,nli,recall-trust,2000
9,log:B5,The post is looking to buy something rather than to sell something.,rewrite,2000,60,0,1940,0,1.0,1.0,1.0,148,1.0,False,,,0.00027725000109057873,1.0,False,real,real-mistral-small3.1-N2000,nli,recall-trust,2000
10,log:C1,The post discusses a professional sports team.,cold,2000,2000,0,0,0,1.0,1.0,1.0,134,,,,,0.00015654100570827723,1.0,,real,real-mistral-small3.1-N2000,nli,recall-trust,2000
11,log:C2,The post discusses a professional baseball team.,rewrite,1352,212,1140,0,0,1.0,0.9848484848484849,0.9923664122137404,66,0.9558823529411765,False,,,0.0015803330024937168,0.9848484848484849,False,real,real-mistral-small3.1-N2000,nli,recall-trust,2000
12,log:C3,The post mentions a player's statistics.,rewrite,2000,78,0,1922,0,1.0,1.0,1.0,50,1.0,False,,,0.000283417000900954,1.0,False,real,real-mistral-small3.1-N2000,nli,recall-trust,2000
13,log:C4,The post is about a sporting event that has already taken place.,cold,2000,2000,0,0,0,1.0,1.0,1.0,66,,,,,0.0001671250065555796,1.0,,real,real-mistral-small3.1-N2000,nli,recall-trust,2000
14,log:C5,The post is about sports.,rewrite,2000,23,0,1977,0,1.0,1.0,1.0,178,1.0,False,,,0.00025725000887177885,1.0,False,real,real-mistral-small3.1-N2000,nli,recall-trust,2000
15,log:D1,The post argues about politics.,cold,2000,2000,0,0,0,1.0,1.0,1.0,193,,,,,0.00017320900224149227,1.0,,real,real-mistral-small3.1-N2000,nli,recall-trust,2000
16,log:D2,The post argues about gun control policy.,cold,2000,2000,0,0,0,1.0,1.0,1.0,30,,,,,0.0001671659993007779,1.0,,real,real-mistral-small3.1-N2000,nli,recall-trust,2000
17,log:D3,The post expresses a religious belief.,rewrite,1906,1906,0,0,0,0.5105263157894737,1.0,0.6759581881533101,97,1.0,False,,,0.00019870798860210925,1.0,False,real,real-mistral-small3.1-N2000,nli,recall-trust,2000
18,log:D4,The post argues about religion.,cold,2000,2000,0,0,0,1.0,1.0,1.0,181,,,,,0.00017879100050777197,1.0,,real,real-mistral-small3.1-N2000,nli,recall-trust,2000
19,log:D5,The post discusses the Middle East.,rewrite,1927,313,0,1614,0,0.3482142857142857,1.0,0.5165562913907285,39,1.0,False,,,0.0002671249967534095,1.0,False,real,real-mistral-small3.1-N2000,nli,recall-trust,2000
20,log:D6,The post criticizes a government or a government policy.,cold,2000,2000,0,0,0,1.0,1.0,1.0,173,,,,,0.00018995800928678364,1.0,,real,real-mistral-small3.1-N2000,nli,recall-trust,2000
21,log:E1,The author of the post is frustrated or angry.,cold,2000,2000,0,0,0,1.0,1.0,1.0,386,,,,,0.00018720900698099285,1.0,,real,real-mistral-small3.1-N2000,nli,recall-trust,2000
22,log:E2,The post contains a question.,rewrite,2000,0,0,2000,0,1.0,1.0,1.0,875,1.0,False,,,0.0003749590105144307,1.0,False,real,real-mistral-small3.1-N2000,nli,recall-trust,2000
23,log:E3,The post quotes another message.,rewrite,2000,0,0,2000,0,1.0,1.0,1.0,271,1.0,False,,,0.0003080419992329553,1.0,False,real,real-mistral-small3.1-N2000,nli,recall-trust,2000
24,log:E4,The post uses technical jargon.,cold,2000,2000,0,0,0,1.0,1.0,1.0,914,,,,,0.00020437499915715307,1.0,,real,real-mistral-small3.1-N2000,nli,recall-trust,2000
25,log:E5,The post makes a factual claim that could be checked.,rewrite,2000,0,0,2000,0,1.0,1.0,1.0,366,1.0,False,,,0.0003260420053265989,1.0,False,real,real-mistral-small3.1-N2000,nli,recall-trust,2000
26,log:F1,The post discusses medicine or health.,rewrite,883,883,0,0,0,0.08658008658008658,1.0,0.1593625498007968,100,1.0,False,,,0.0002417920040898025,1.0,False,real,real-mistral-small3.1-N2000,nli,recall-trust,2000
27,log:F2,The post discusses a specific disease or medical condition.,rewrite,883,883,0,0,0,0.0353045013239188,1.0,0.0682011935208866,40,1.0,False,,,0.00024225001106970012,1.0,False,real,real-mistral-small3.1-N2000,nli,recall-trust,2000
28,log:F3,The post discusses space or astronomy.,rewrite,1125,1125,0,0,0,0.06775956284153005,1.0,0.1269191402251791,62,1.0,False,,,0.00024074999964796007,1.0,False,real,real-mistral-small3.1-N2000,nli,recall-trust,2000
29,log:F4,The post discusses cryptography or encryption.,rewrite,1125,1125,0,0,0,0.061946902654867256,1.0,0.11666666666666665,56,1.0,False,,,0.00023691600654274225,1.0,False,real,real-mistral-small3.1-N2000,nli,recall-trust,2000
30,log:F5,The post discusses computer security.,rewrite,883,883,0,0,0,0.043133802816901406,1.0,0.08270042194092826,49,1.0,False,,,0.0002554160018917173,1.0,False,real,real-mistral-small3.1-N2000,nli,recall-trust,2000
31,log:F6,The post discusses science.,rewrite,1827,957,393,477,0,0.49834983498349833,0.9805194805194806,0.6608315098468271,154,0.9166666666666666,False,,,0.0010445420048199594,0.9805194805194806,False,real,real-mistral-small3.1-N2000,nli,recall-trust,2000
32,log:G1,The post mentions an operating system.,rewrite,1983,527,838,618,0,0.9251336898395722,1.0,0.961111111111111,173,1.0,False,,,0.02937683400523383,1.0,False,real,real-mistral-small3.1-N2000,nli,recall-trust,2000
33,log:G2,The post mentions Microsoft Windows.,rewrite,1407,555,852,0,0,0.7263157894736842,0.971830985915493,0.8313253012048194,71,0.9452054794520548,False,,,0.004085000007762574,0.971830985915493,False,real,real-mistral-small3.1-N2000,nli,recall-trust,2000
34,log:G3,The post mentions the X Window System.,rewrite,1983,527,0,1456,0,0.8152173913043478,1.0,0.8982035928143712,75,1.0,False,,,0.0011429580044932663,1.0,False,real,real-mistral-small3.1-N2000,nli,recall-trust,2000
35,log:G4,The post discusses software rather than hardware.,rewrite,2000,2,0,1998,0,1.0,1.0,1.0,195,1.0,False,,,0.0010200000106124207,1.0,False,real,real-mistral-small3.1-N2000,nli,recall-trust,2000
36,log:G5,The post recommends a product or a service.,rewrite,2000,0,0,2000,0,1.0,1.0,1.0,115,1.0,False,,,0.001000250005745329,1.0,False,real,real-mistral-small3.1-N2000,nli,recall-trust,2000
37,log:H1,The post asks for technical help with computer hardware.,exact-hit,0,0,0,0,0,1.0,1.0,1.0,188,,,,,1.2291988241486251e-05,1.0,,real,real-mistral-small3.1-N2000,nli,recall-trust,2000
38,log:H2,The post is selling something.,rewrite,1927,381,0,1546,0,1.0,1.0,1.0,84,1.0,False,,,0.0011734159925254062,1.0,False,real,real-mistral-small3.1-N2000,nli,recall-trust,2000
39,log:H3,The post is about a motor vehicle.,rewrite,1034,1034,0,0,0,0.13740458015267176,1.0,0.24161073825503357,144,1.0,False,,,0.0009272500028600916,1.0,False,real,real-mistral-small3.1-N2000,nli,recall-trust,2000
40,log:H4,The post is about a car or a motorcycle.,rewrite,1329,1006,323,0,0,0.6233183856502242,0.972027972027972,0.7595628415300547,143,0.9338842975206612,False,,,0.04464554200239945,0.972027972027972,False,real,real-mistral-small3.1-N2000,nli,recall-trust,2000
41,log:H5,The post gives advice about maintaining a vehicle.,rewrite,2000,1290,0,710,0,1.0,1.0,1.0,11,1.0,False,,,0.0012386250018607825,1.0,False,real,real-mistral-small3.1-N2000,nli,recall-trust,2000
42,log:H6,The tone of the post is angry or annoyed.,rewrite,2000,21,0,1979,0,1.0,1.0,1.0,266,1.0,False,,,0.001250917004654184,1.0,False,real,real-mistral-small3.1-N2000,nli,recall-trust,2000
43,log:H7,The post is about a computer operating system.,rewrite,1460,1003,457,0,0,0.9900990099009901,0.9900990099009901,0.9900990099009901,101,0.9433962264150944,False,,,0.011354417001712136,0.9900990099009901,False,real,real-mistral-small3.1-N2000,nli,recall-trust,2000
44,log:H8,The post is a for-sale advertisement.,rewrite,1922,21,0,1901,0,0.9487179487179487,1.0,0.9736842105263158,74,1.0,False,,,0.0005870419990969822,1.0,False,real,real-mistral-small3.1-N2000,nli,recall-trust,2000
45,log:H9,The post discusses encryption algorithms or key management.,rewrite,857,857,0,0,0,0.031496062992125984,1.0,0.06106870229007634,36,1.0,False,,,0.0003634999884525314,1.0,False,real,real-mistral-small3.1-N2000,nli,recall-trust,2000
46,log:H10,The post asks a question about computer hardware.,rewrite,1986,874,394,718,0,1.0,0.9779005524861878,0.988826815642458,181,0.9312169312169312,False,,,0.0013852919946657494,0.9779005524861878,False,real,real-mistral-small3.1-N2000,nli,recall-trust,2000
0,log:A1,The post asks for technical help with computer hardware.,cold,2000,2000,0,0,0,1.0,1.0,1.0,188,,,,,4.620800609700382e-05,1.0,,real,real-mistral-small3.1-N2000,gt,shipped,2000
1,log:A2,The post asks for technical help with a personal computer's hardware.,cold,2000,2000,0,0,0,1.0,1.0,1.0,147,,,,,4.6375003876164556e-05,1.0,,real,real-mistral-small3.1-N2000,gt,shipped,2000
2,log:A3,The post is a request for technical assistance concerning computer hardware.,cold,2000,2000,0,0,0,1.0,1.0,1.0,155,,,,,4.212500061839819e-05,1.0,,real,real-mistral-small3.1-N2000,gt,shipped,2000
3,log:A4,The post asks for help with Macintosh hardware.,cold,2000,2000,0,0,0,1.0,1.0,1.0,33,,,,,4.2665997170843184e-05,1.0,,real,real-mistral-small3.1-N2000,gt,shipped,2000
4,log:A5,The post describes a hardware problem the author is experiencing.,cold,2000,2000,0,0,0,1.0,1.0,1.0,89,,,,,0.000949583001784049,1.0,,real,real-mistral-small3.1-N2000,gt,shipped,2000
5,log:B1,The post offers an item for sale.,rewrite,1922,1773,149,0,0,1.0,1.0,1.0,78,0.9512195121951219,False,1.0,False,0.0012433329975465313,1.0,False,real,real-mistral-small3.1-N2000,gt,shipped,2000
6,log:B2,The post offers a computer or a computer part for sale.,rewrite,2000,1773,0,227,0,1.0,1.0,1.0,29,1.0,False,1.0,False,0.00021008399198763072,1.0,False,real,real-mistral-small3.1-N2000,gt,shipped,2000
7,log:B3,The post mentions a specific price in dollars.,cold,2000,2000,0,0,0,1.0,1.0,1.0,140,,,,,7.487498805858195e-05,1.0,,real,real-mistral-small3.1-N2000,gt,shipped,2000
8,log:B4,The post is an advertisement.,rewrite,1896,1773,123,0,0,1.0,1.0,1.0,94,0.9494949494949495,False,1.0,False,0.0010621249966789037,1.0,False,real,real-mistral-small3.1-N2000,gt,shipped,2000
9,log:B5,The post is looking to buy something rather than to sell something.,rewrite,1932,1900,32,0,0,1.0,1.0,1.0,148,0.9367088607594937,False,1.0,False,0.000912457995582372,1.0,False,real,real-mistral-small3.1-N2000,gt,shipped,2000
10,log:C1,The post discusses a professional sports team.,rewrite,1814,1672,142,0,0,1.0,0.9925373134328358,0.9962546816479401,134,0.9366197183098591,False,1.0,False,0.0011636660055955872,0.9925373134328358,False,real,real-mistral-small3.1-N2000,gt,shipped,2000
11,log:C2,The post discusses a professional baseball team.,rewrite,1474,130,1344,0,0,1.0,1.0,1.0,66,0.9295774647887324,False,1.0,False,0.0013546659902203828,1.0,False,real,real-mistral-small3.1-N2000,gt,shipped,2000
12,log:C3,The post mentions a player's statistics.,rewrite,2000,1625,0,375,0,1.0,1.0,1.0,50,1.0,False,1.0,False,0.0002487500023562461,1.0,False,real,real-mistral-small3.1-N2000,gt,shipped,2000
13,log:C4,The post is about a sporting event that has already taken place.,rewrite,1960,1625,335,0,0,1.0,1.0,1.0,66,0.9705882352941176,False,1.0,False,0.0009105420031119138,1.0,False,real,real-mistral-small3.1-N2000,gt,shipped,2000
14,log:C5,The post is about sports.,rewrite,1751,1519,219,13,0,1.0,1.0,1.0,178,0.9184782608695652,False,0.949438202247191,False,0.0016172080067917705,1.0,False,real,real-mistral-small3.1-N2000,gt,shipped,2000
15,log:D1,The post argues about politics.,rewrite,1676,1537,139,0,0,1.0,0.9948186528497409,0.9974025974025974,193,0.9320388349514563,False,1.0,False,0.0012803749996237457,0.9948186528497409,False,real,real-mistral-small3.1-N2000,gt,shipped,2000
16,log:D2,The post argues about gun control policy.,rewrite,2000,1560,0,440,0,1.0,1.0,1.0,30,1.0,False,1.0,False,0.00024779200612101704,1.0,False,real,real-mistral-small3.1-N2000,gt,shipped,2000
17,log:D3,The post expresses a religious belief.,rewrite,1841,1599,242,0,0,1.0,1.0,1.0,97,0.9326923076923077,False,1.0,False,0.00110862500150688,1.0,False,real,real-mistral-small3.1-N2000,gt,shipped,2000
18,log:D4,The post argues about religion.,rewrite,1727,1599,128,0,0,1.0,1.0,1.0,181,0.9095477386934674,False,1.0,False,0.0012026250042254105,1.0,False,real,real-mistral-small3.1-N2000,gt,shipped,2000
19,log:D5,The post discusses the Middle East.,rewrite,2000,1599,0,401,0,1.0,1.0,1.0,39,1.0,False,1.0,False,0.00025837500288616866,1.0,False,real,real-mistral-small3.1-N2000,gt,shipped,2000
20,log:D6,The post criticizes a government or a government policy.,rewrite,1692,1537,155,0,0,1.0,1.0,1.0,173,0.9105263157894737,False,1.0,False,0.0030851670017000288,1.0,False,real,real-mistral-small3.1-N2000,gt,shipped,2000
21,log:E1,The author of the post is frustrated or angry.,rewrite,1920,1900,20,0,0,1.0,1.0,1.0,386,0.9578163771712159,False,1.0,False,0.001058333000401035,1.0,False,real,real-mistral-small3.1-N2000,gt,shipped,2000
22,log:E2,The post contains a question.,cold,2000,2000,0,0,0,1.0,1.0,1.0,875,,,,,0.00015920800797175616,1.0,,real,real-mistral-small3.1-N2000,gt,shipped,2000
23,log:E3,The post quotes another message.,cold,2000,2000,0,0,0,1.0,1.0,1.0,271,,,,,0.00014895900676492602,1.0,,real,real-mistral-small3.1-N2000,gt,shipped,2000
24,log:E4,The post uses technical jargon.,rewrite,1880,1803,39,38,0,0.9967284623773174,1.0,0.9983615510649918,914,1.0,False,0.9858233369683751,False,0.0005088330071885139,1.0,False,real,real-mistral-small3.1-N2000,gt,shipped,2000
25,log:E5,The post makes a factual claim that could be checked.,cold,2000,2000,0,0,0,1.0,1.0,1.0,366,,,,,0.00016758400306571275,1.0,,real,real-mistral-small3.1-N2000,gt,shipped,2000
26,log:F1,The post discusses medicine or health.,rewrite,1781,1464,317,0,0,1.0,0.99,0.9949748743718593,100,0.9339622641509434,False,1.0,False,0.01780541600601282,0.99,False,real,real-mistral-small3.1-N2000,gt,shipped,2000
27,log:F2,The post discusses a specific disease or medical condition.,rewrite,2000,95,0,1905,0,1.0,1.0,1.0,40,1.0,False,1.0,False,0.0009990000107791275,1.0,False,real,real-mistral-small3.1-N2000,gt,shipped,2000
28,log:F3,The post discusses space or astronomy.,rewrite,1963,1392,571,0,0,1.0,1.0,1.0,62,0.9841269841269841,False,1.0,False,0.0047771249955985695,1.0,False,real,real-mistral-small3.1-N2000,gt,shipped,2000
29,log:F4,The post discusses cryptography or encryption.,rewrite,2000,1468,0,532,0,1.0,1.0,1.0,56,1.0,False,1.0,False,0.0022827080101706088,1.0,False,real,real-mistral-small3.1-N2000,gt,shipped,2000
30,log:F5,The post discusses computer security.,rewrite,2000,1468,0,532,0,1.0,1.0,1.0,49,1.0,False,1.0,False,0.010364834000938572,1.0,False,real,real-mistral-small3.1-N2000,gt,shipped,2000
31,log:F6,The post discusses science.,rewrite,1683,1487,196,0,0,1.0,0.9935064935064936,0.9967426710097721,154,0.9,False,1.0,False,0.024247541994554922,0.9935064935064936,False,real,real-mistral-small3.1-N2000,gt,shipped,2000
32,log:G1,The post mentions an operating system.,rewrite,1144,689,455,0,0,1.0,0.9884393063583815,0.994186046511628,173,0.9344262295081968,False,1.0,False,0.012940875007188879,0.9884393063583815,False,real,real-mistral-small3.1-N2000,gt,shipped,2000
33,log:G2,The post mentions Microsoft Windows.,rewrite,1784,667,1117,0,0,1.0,1.0,1.0,71,0.9726027397260274,False,1.0,False,0.007695583000895567,1.0,False,real,real-mistral-small3.1-N2000,gt,shipped,2000
34,log:G3,The post mentions the X Window System.,rewrite,1739,667,1072,0,0,1.0,1.0,1.0,75,0.9493670886075949,False,1.0,False,0.0034227919968543574,1.0,False,real,real-mistral-small3.1-N2000,gt,shipped,2000
35,log:G4,The post discusses software rather than hardware.,rewrite,1493,1273,220,0,0,1.0,0.9846153846153847,0.9922480620155039,195,0.909952606635071,False,1.0,False,0.003545083003700711,0.9846153846153847,False,real,real-mistral-small3.1-N2000,gt,shipped,2000
36,log:G5,The post recommends a product or a service.,rewrite,1678,1332,346,0,0,1.0,0.991304347826087,0.9956331877729258,115,0.912,False,1.0,False,0.021502166986465454,0.991304347826087,False,real,real-mistral-small3.1-N2000,gt,shipped,2000
37,log:H1,The post asks for technical help with computer hardware.,exact-hit,0,0,0,0,0,1.0,1.0,1.0,188,,,,,1.1750002158805728e-05,1.0,,real,real-mistral-small3.1-N2000,gt,shipped,2000
38,log:H2,The post is selling something.,rewrite,1815,1400,415,0,0,1.0,1.0,1.0,84,0.9545454545454546,False,1.0,False,0.0013999590009916574,1.0,False,real,real-mistral-small3.1-N2000,gt,shipped,2000
39,log:H3,The post is about a motor vehicle.,rewrite,1633,1386,247,0,0,1.0,1.0,1.0,144,0.9411764705882353,False,1.0,False,0.0014552079956047237,1.0,False,real,real-mistral-small3.1-N2000,gt,shipped,2000
40,log:H4,The post is about a car or a motorcycle.,rewrite,1635,1386,249,0,0,1.0,1.0,1.0,143,0.9407894736842105,False,1.0,False,0.0014378750056494027,1.0,False,real,real-mistral-small3.1-N2000,gt,shipped,2000
41,log:H5,The post gives advice about maintaining a vehicle.,rewrite,2000,1342,0,658,0,1.0,1.0,1.0,11,1.0,False,1.0,False,0.0003892499953508377,1.0,False,real,real-mistral-small3.1-N2000,gt,shipped,2000
42,log:H6,The tone of the post is angry or annoyed.,rewrite,664,382,282,0,0,1.0,0.9887218045112782,0.9943289224952742,266,0.926056338028169,False,1.0,False,0.00152058299863711,0.9887218045112782,False,real,real-mistral-small3.1-N2000,gt,shipped,2000
43,log:H7,The post is about a computer operating system.,rewrite,1467,687,780,0,0,1.0,1.0,1.0,101,0.9351851851851852,False,1.0,False,0.001552666988573037,1.0,False,real,real-mistral-small3.1-N2000,gt,shipped,2000
44,log:H8,The post is a for-sale advertisement.,rewrite,1272,76,1196,0,0,1.0,1.0,1.0,74,0.9487179487179487,False,1.0,False,0.0015769580058986321,1.0,False,real,real-mistral-small3.1-N2000,gt,shipped,2000
45,log:H9,The post discusses encryption algorithms or key management.,rewrite,2000,56,0,1944,0,1.0,1.0,1.0,36,1.0,False,1.0,False,0.0003616250032791868,1.0,False,real,real-mistral-small3.1-N2000,gt,shipped,2000
46,log:H10,The post asks a question about computer hardware.,rewrite,1654,1491,163,0,0,1.0,1.0,1.0,181,0.9095477386934674,False,1.0,False,0.0013756669941358268,1.0,False,real,real-mistral-small3.1-N2000,gt,shipped,2000
0,log:A1,The post asks for technical help with computer hardware.,cold,2000,2000,0,0,0,1.0,1.0,1.0,188,,,,,5.0000002374872565e-05,1.0,,real,real-mistral-small3.1-N2000,gt,separate,2000
1,log:A2,The post asks for technical help with a personal computer's hardware.,cold,2000,2000,0,0,0,1.0,1.0,1.0,147,,,,,4.166600410826504e-05,1.0,,real,real-mistral-small3.1-N2000,gt,separate,2000
2,log:A3,The post is a request for technical assistance concerning computer hardware.,cold,2000,2000,0,0,0,1.0,1.0,1.0,155,,,,,3.7874997360631824e-05,1.0,,real,real-mistral-small3.1-N2000,gt,separate,2000
3,log:A4,The post asks for help with Macintosh hardware.,cold,2000,2000,0,0,0,1.0,1.0,1.0,33,,,,,4.0040991734713316e-05,1.0,,real,real-mistral-small3.1-N2000,gt,separate,2000
4,log:A5,The post describes a hardware problem the author is experiencing.,cold,2000,2000,0,0,0,1.0,1.0,1.0,89,,,,,4.5958004193380475e-05,1.0,,real,real-mistral-small3.1-N2000,gt,separate,2000
5,log:B1,The post offers an item for sale.,rewrite,1929,1773,117,39,0,1.0,1.0,1.0,78,0.9512195121951219,False,1.0,False,0.000475416993140243,1.0,False,real,real-mistral-small3.1-N2000,gt,separate,2000
6,log:B2,The post offers a computer or a computer part for sale.,rewrite,2000,1773,0,227,0,1.0,1.0,1.0,29,1.0,False,1.0,False,0.0001409579999744892,1.0,False,real,real-mistral-small3.1-N2000,gt,separate,2000
7,log:B3,The post mentions a specific price in dollars.,cold,2000,2000,0,0,0,1.0,1.0,1.0,140,,,,,6.662499799858779e-05,1.0,,real,real-mistral-small3.1-N2000,gt,separate,2000
8,log:B4,The post is an advertisement.,rewrite,1909,1773,97,39,0,1.0,1.0,1.0,94,0.9494949494949495,False,1.0,False,0.000400875011109747,1.0,False,real,real-mistral-small3.1-N2000,gt,separate,2000
9,log:B5,The post is looking to buy something rather than to sell something.,rewrite,1934,1900,28,6,0,1.0,1.0,1.0,148,0.9367088607594937,False,1.0,False,0.0003906250058207661,1.0,False,real,real-mistral-small3.1-N2000,gt,separate,2000
10,log:C1,The post discusses a professional sports team.,rewrite,2000,1672,0,328,0,1.0,1.0,1.0,134,1.0,False,1.0,False,0.000207582997973077,1.0,False,real,real-mistral-small3.1-N2000,gt,separate,2000
11,log:C2,The post discusses a professional baseball team.,rewrite,1475,130,1341,4,0,1.0,0.9848484848484849,0.9923664122137404,66,0.9558823529411765,False,1.0,False,0.0005773340089945123,0.9848484848484849,False,real,real-mistral-small3.1-N2000,gt,separate,2000
12,log:C3,The post mentions a player's statistics.,rewrite,2000,1625,0,375,0,1.0,1.0,1.0,50,1.0,False,1.0,False,0.00020650000078603625,1.0,False,real,real-mistral-small3.1-N2000,gt,separate,2000
13,log:C4,The post is about a sporting event that has already taken place.,rewrite,2000,1625,0,375,0,1.0,1.0,1.0,66,1.0,False,1.0,False,0.0002032080083154142,1.0,False,real,real-mistral-small3.1-N2000,gt,separate,2000
14,log:C5,The post is about sports.,rewrite,1959,1520,92,347,0,0.994413407821229,1.0,0.9971988795518207,178,1.0,False,0.9553072625698324,False,0.000640124999335967,1.0,False,real,real-mistral-small3.1-N2000,gt,separate,2000
15,log:D1,The post argues about politics.,rewrite,2000,1537,0,463,0,1.0,1.0,1.0,193,1.0,False,1.0,False,0.00023241600138135254,1.0,False,real,real-mistral-small3.1-N2000,gt,separate,2000
16,log:D2,The post argues about gun control policy.,rewrite,2000,1560,0,440,0,1.0,1.0,1.0,30,1.0,False,1.0,False,0.02478629199322313,1.0,False,real,real-mistral-small3.1-N2000,gt,separate,2000
17,log:D3,The post expresses a religious belief.,rewrite,2000,1599,0,401,0,1.0,1.0,1.0,97,1.0,False,1.0,False,0.00029845800600014627,1.0,False,real,real-mistral-small3.1-N2000,gt,separate,2000
18,log:D4,The post argues about religion.,rewrite,2000,1599,0,401,0,1.0,1.0,1.0,181,1.0,False,1.0,False,0.0002521249989513308,1.0,False,real,real-mistral-small3.1-N2000,gt,separate,2000
19,log:D5,The post discusses the Middle East.,rewrite,2000,1599,0,401,0,1.0,1.0,1.0,39,1.0,False,1.0,False,0.00023158300609793514,1.0,False,real,real-mistral-small3.1-N2000,gt,separate,2000
20,log:D6,The post criticizes a government or a government policy.,rewrite,2000,1537,0,463,0,1.0,1.0,1.0,173,1.0,False,1.0,False,0.00024458300322294235,1.0,False,real,real-mistral-small3.1-N2000,gt,separate,2000
21,log:E1,The author of the post is frustrated or angry.,rewrite,1926,1900,20,6,0,1.0,1.0,1.0,386,0.9625935162094763,False,1.0,False,0.0005691249971278012,1.0,False,real,real-mistral-small3.1-N2000,gt,separate,2000
22,log:E2,The post contains a question.,cold,2000,2000,0,0,0,1.0,1.0,1.0,875,,,,,0.00015612499555572867,1.0,,real,real-mistral-small3.1-N2000,gt,separate,2000
23,log:E3,The post quotes another message.,cold,2000,2000,0,0,0,1.0,1.0,1.0,271,,,,,0.0001479579950682819,1.0,,real,real-mistral-small3.1-N2000,gt,separate,2000
24,log:E4,The post uses technical jargon.,rewrite,1880,1803,39,38,0,0.9978165938864629,1.0,0.9989071038251366,914,1.0,False,0.9792576419213974,False,0.0005392500024754554,1.0,False,real,real-mistral-small3.1-N2000,gt,separate,2000
25,log:E5,The post makes a factual claim that could be checked.,cold,2000,2000,0,0,0,1.0,1.0,1.0,366,,,,,0.00016820800374262035,1.0,,real,real-mistral-small3.1-N2000,gt,separate,2000
26,log:F1,The post discusses medicine or health.,rewrite,2000,1464,0,536,0,1.0,1.0,1.0,100,1.0,False,1.0,False,0.0002999580028699711,1.0,False,real,real-mistral-small3.1-N2000,gt,separate,2000
27,log:F2,The post discusses a specific disease or medical condition.,rewrite,2000,96,0,1904,0,1.0,1.0,1.0,40,1.0,False,1.0,False,0.0002557499974500388,1.0,False,real,real-mistral-small3.1-N2000,gt,separate,2000
28,log:F3,The post discusses space or astronomy.,rewrite,2000,1393,0,607,0,1.0,1.0,1.0,62,1.0,False,1.0,False,0.0002839170047082007,1.0,False,real,real-mistral-small3.1-N2000,gt,separate,2000
29,log:F4,The post discusses cryptography or encryption.,rewrite,2000,1468,0,532,0,1.0,1.0,1.0,56,1.0,False,1.0,False,0.0002883749984903261,1.0,False,real,real-mistral-small3.1-N2000,gt,separate,2000
30,log:F5,The post discusses computer security.,rewrite,2000,1468,0,532,0,1.0,1.0,1.0,49,1.0,False,1.0,False,0.00028587500855792314,1.0,False,real,real-mistral-small3.1-N2000,gt,separate,2000
31,log:F6,The post discusses science.,rewrite,2000,1487,0,513,0,1.0,1.0,1.0,154,1.0,False,1.0,False,0.000304959001368843,1.0,False,real,real-mistral-small3.1-N2000,gt,separate,2000
32,log:G1,The post mentions an operating system.,rewrite,1284,689,368,227,0,1.0,1.0,1.0,173,0.9351351351351351,False,1.0,False,0.0007461670029442757,1.0,False,real,real-mistral-small3.1-N2000,gt,separate,2000
33,log:G2,The post mentions Microsoft Windows.,rewrite,2000,666,0,1334,0,1.0,1.0,1.0,71,1.0,False,1.0,False,0.00032891699811443686,1.0,False,real,real-mistral-small3.1-N2000,gt,separate,2000
34,log:G3,The post mentions the X Window System.,rewrite,2000,666,0,1334,0,1.0,1.0,1.0,75,1.0,False,1.0,False,0.0003290830063633621,1.0,False,real,real-mistral-small3.1-N2000,gt,separate,2000
35,log:G4,The post discusses software rather than hardware.,rewrite,2000,1274,0,726,0,1.0,1.0,1.0,195,1.0,False,1.0,False,0.0003287500003352761,1.0,False,real,real-mistral-small3.1-N2000,gt,separate,2000
36,log:G5,The post recommends a product or a service.,rewrite,2000,1333,0,667,0,1.0,1.0,1.0,115,1.0,False,1.0,False,0.0003305830032331869,1.0,False,real,real-mistral-small3.1-N2000,gt,separate,2000
37,log:H1,The post asks for technical help with computer hardware.,exact-hit,0,0,0,0,0,1.0,1.0,1.0,188,,,,,6.624992238357663e-06,1.0,,real,real-mistral-small3.1-N2000,gt,separate,2000
38,log:H2,The post is selling something.,rewrite,2000,1399,0,601,0,1.0,1.0,1.0,84,1.0,False,1.0,False,0.0003299590025562793,1.0,False,real,real-mistral-small3.1-N2000,gt,separate,2000
39,log:H3,The post is about a motor vehicle.,rewrite,2000,1386,0,614,0,1.0,1.0,1.0,144,1.0,False,1.0,False,0.00033895800879690796,1.0,False,real,real-mistral-small3.1-N2000,gt,separate,2000
40,log:H4,The post is about a car or a motorcycle.,rewrite,2000,1386,0,614,0,1.0,1.0,1.0,143,1.0,False,1.0,False,0.00033799999800976366,1.0,False,real,real-mistral-small3.1-N2000,gt,separate,2000
41,log:H5,The post gives advice about maintaining a vehicle.,rewrite,2000,1343,0,657,0,1.0,1.0,1.0,11,1.0,False,1.0,False,0.0003465000045252964,1.0,False,real,real-mistral-small3.1-N2000,gt,separate,2000
42,log:H6,The tone of the post is angry or annoyed.,rewrite,2000,382,253,1365,0,1.0,1.0,1.0,266,1.0,False,1.0,False,0.0008359999919775873,1.0,False,real,real-mistral-small3.1-N2000,gt,separate,2000
43,log:H7,The post is about a computer operating system.,rewrite,2000,686,0,1314,0,1.0,1.0,1.0,101,1.0,False,1.0,False,0.00041812499694060534,1.0,False,real,real-mistral-small3.1-N2000,gt,separate,2000
44,log:H8,The post is a for-sale advertisement.,rewrite,1157,76,1073,8,0,1.0,1.0,1.0,74,0.9487179487179487,False,1.0,False,0.0023939999955473468,1.0,False,real,real-mistral-small3.1-N2000,gt,separate,2000
45,log:H9,The post discusses encryption algorithms or key management.,rewrite,1875,56,1819,0,0,1.0,1.0,1.0,36,0.972972972972973,False,1.0,False,0.0022400000016205013,1.0,False,real,real-mistral-small3.1-N2000,gt,separate,2000
46,log:H10,The post asks a question about computer hardware.,rewrite,2000,1491,0,509,0,1.0,1.0,1.0,181,1.0,False,1.0,False,0.0011208750074729323,1.0,False,real,real-mistral-small3.1-N2000,gt,separate,2000
0,log:A1,The post asks for technical help with computer hardware.,cold,2000,2000,0,0,0,1.0,1.0,1.0,188,,,,,0.00010049999400507659,1.0,,real,real-mistral-small3.1-N2000,gt,separate-prop,2000
1,log:A2,The post asks for technical help with a personal computer's hardware.,cold,2000,2000,0,0,0,1.0,1.0,1.0,147,,,,,5.341599171515554e-05,1.0,,real,real-mistral-small3.1-N2000,gt,separate-prop,2000
2,log:A3,The post is a request for technical assistance concerning computer hardware.,cold,2000,2000,0,0,0,1.0,1.0,1.0,155,,,,,4.116600030101836e-05,1.0,,real,real-mistral-small3.1-N2000,gt,separate-prop,2000
3,log:A4,The post asks for help with Macintosh hardware.,cold,2000,2000,0,0,0,1.0,1.0,1.0,33,,,,,4.170800093561411e-05,1.0,,real,real-mistral-small3.1-N2000,gt,separate-prop,2000
4,log:A5,The post describes a hardware problem the author is experiencing.,cold,2000,2000,0,0,0,1.0,1.0,1.0,89,,,,,4.499999340623617e-05,1.0,,real,real-mistral-small3.1-N2000,gt,separate-prop,2000
5,log:B1,The post offers an item for sale.,rewrite,1929,1773,117,39,0,1.0,1.0,1.0,78,0.9512195121951219,False,1.0,False,0.0005355839966796339,1.0,False,real,real-mistral-small3.1-N2000,gt,separate-prop,2000
6,log:B2,The post offers a computer or a computer part for sale.,rewrite,2000,1773,0,227,0,1.0,1.0,1.0,29,1.0,False,1.0,False,0.000155999994603917,1.0,False,real,real-mistral-small3.1-N2000,gt,separate-prop,2000
7,log:B3,The post mentions a specific price in dollars.,cold,2000,2000,0,0,0,1.0,1.0,1.0,140,,,,,6.733300688210875e-05,1.0,,real,real-mistral-small3.1-N2000,gt,separate-prop,2000
8,log:B4,The post is an advertisement.,rewrite,1909,1773,97,39,0,1.0,1.0,1.0,94,0.9494949494949495,False,1.0,False,0.005554375005885959,1.0,False,real,real-mistral-small3.1-N2000,gt,separate-prop,2000
9,log:B5,The post is looking to buy something rather than to sell something.,rewrite,1934,1900,28,6,0,1.0,1.0,1.0,148,0.9367088607594937,False,1.0,False,0.0010843750060303137,1.0,False,real,real-mistral-small3.1-N2000,gt,separate-prop,2000
10,log:C1,The post discusses a professional sports team.,rewrite,1907,1672,66,169,0,1.0,1.0,1.0,134,0.9370629370629371,False,1.0,False,0.0013595409982372075,1.0,False,real,real-mistral-small3.1-N2000,gt,separate-prop,2000
11,log:C2,The post discusses a professional baseball team.,rewrite,1475,130,1341,4,0,1.0,0.9848484848484849,0.9923664122137404,66,0.9558823529411765,False,1.0,False,0.001523832994280383,0.9848484848484849,False,real,real-mistral-small3.1-N2000,gt,separate-prop,2000
12,log:C3,The post mentions a player's statistics.,rewrite,2000,1625,0,375,0,1.0,1.0,1.0,50,1.0,False,1.0,False,0.0005724590009776875,1.0,False,real,real-mistral-small3.1-N2000,gt,separate-prop,2000
13,log:C4,The post is about a sporting event that has already taken place.,rewrite,2000,1625,0,375,0,1.0,1.0,1.0,66,1.0,False,1.0,False,0.0005720420012949035,1.0,False,real,real-mistral-small3.1-N2000,gt,separate-prop,2000
14,log:C5,The post is about sports.,rewrite,1857,1520,149,188,0,0.994413407821229,1.0,0.9971988795518207,178,0.9344262295081968,False,0.9553072625698324,False,0.005440207998617552,1.0,False,real,real-mistral-small3.1-N2000,gt,separate-prop,2000
15,log:D1,The post argues about politics.,rewrite,1886,1537,45,304,0,1.0,1.0,1.0,193,0.9323671497584541,False,1.0,False,0.0005423330003395677,1.0,False,real,real-mistral-small3.1-N2000,gt,separate-prop,2000
16,log:D2,The post argues about gun control policy.,rewrite,2000,1560,0,440,0,1.0,1.0,1.0,30,1.0,False,1.0,False,0.0002382079983362928,1.0,False,real,real-mistral-small3.1-N2000,gt,separate-prop,2000
17,log:D3,The post expresses a religious belief.,rewrite,2000,1599,0,401,0,1.0,1.0,1.0,97,1.0,False,1.0,False,0.00023804100055713207,1.0,False,real,real-mistral-small3.1-N2000,gt,separate-prop,2000
18,log:D4,The post argues about religion.,rewrite,1889,1599,48,242,0,1.0,1.0,1.0,181,0.9329896907216495,False,1.0,False,0.000551584002096206,1.0,False,real,real-mistral-small3.1-N2000,gt,separate-prop,2000
19,log:D5,The post discusses the Middle East.,rewrite,2000,1599,0,401,0,1.0,1.0,1.0,39,1.0,False,1.0,False,0.00024458300322294235,1.0,False,real,real-mistral-small3.1-N2000,gt,separate-prop,2000
20,log:D6,The post criticizes a government or a government policy.,rewrite,1892,1537,51,304,0,1.0,1.0,1.0,173,0.9351351351351351,False,1.0,False,0.0016434160061180592,1.0,False,real,real-mistral-small3.1-N2000,gt,separate-prop,2000
21,log:E1,The author of the post is frustrated or angry.,rewrite,1926,1900,20,6,0,1.0,1.0,1.0,386,0.9625935162094763,False,1.0,False,0.0013776669948128983,1.0,False,real,real-mistral-small3.1-N2000,gt,separate-prop,2000
22,log:E2,The post contains a question.,cold,2000,2000,0,0,0,1.0,1.0,1.0,875,,,,,0.0004736669943667948,1.0,,real,real-mistral-small3.1-N2000,gt,separate-prop,2000
23,log:E3,The post quotes another message.,cold,2000,2000,0,0,0,1.0,1.0,1.0,271,,,,,0.0004108749999431893,1.0,,real,real-mistral-small3.1-N2000,gt,separate-prop,2000
24,log:E4,The post uses technical jargon.,rewrite,1880,1803,39,38,0,0.9967284623773174,1.0,0.9983615510649918,914,1.0,False,0.9858233369683751,False,0.0014932920021237805,1.0,False,real,real-mistral-small3.1-N2000,gt,separate-prop,2000
25,log:E5,The post makes a factual claim that could be checked.,cold,2000,2000,0,0,0,1.0,1.0,1.0,366,,,,,0.00042699999175965786,1.0,,real,real-mistral-small3.1-N2000,gt,separate-prop,2000
26,log:F1,The post discusses medicine or health.,rewrite,2000,1464,0,536,0,1.0,1.0,1.0,100,1.0,False,1.0,False,0.0007266250031534582,1.0,False,real,real-mistral-small3.1-N2000,gt,separate-prop,2000
27,log:F2,The post discusses a specific disease or medical condition.,rewrite,2000,96,0,1904,0,1.0,1.0,1.0,40,1.0,False,1.0,False,0.0006067909998819232,1.0,False,real,real-mistral-small3.1-N2000,gt,separate-prop,2000
28,log:F3,The post discusses space or astronomy.,rewrite,2000,1393,0,607,0,1.0,1.0,1.0,62,1.0,False,1.0,False,0.0006905000045662746,1.0,False,real,real-mistral-small3.1-N2000,gt,separate-prop,2000
29,log:F4,The post discusses cryptography or encryption.,rewrite,2000,1468,0,532,0,1.0,1.0,1.0,56,1.0,False,1.0,False,0.0007583749975310639,1.0,False,real,real-mistral-small3.1-N2000,gt,separate-prop,2000
30,log:F5,The post discusses computer security.,rewrite,2000,1468,0,532,0,1.0,1.0,1.0,49,1.0,False,1.0,False,0.0008787500119069591,1.0,False,real,real-mistral-small3.1-N2000,gt,separate-prop,2000
31,log:F6,The post discusses science.,rewrite,2000,1487,0,513,0,1.0,1.0,1.0,154,1.0,False,1.0,False,0.0015423339937115088,1.0,False,real,real-mistral-small3.1-N2000,gt,separate-prop,2000
32,log:G1,The post mentions an operating system.,rewrite,1285,690,368,227,0,1.0,1.0,1.0,173,0.9351351351351351,False,1.0,False,0.0008991249924292788,1.0,False,real,real-mistral-small3.1-N2000,gt,separate-prop,2000
33,log:G2,The post mentions Microsoft Windows.,rewrite,2000,667,0,1333,0,1.0,1.0,1.0,71,1.0,False,1.0,False,0.0003510829992592335,1.0,False,real,real-mistral-small3.1-N2000,gt,separate-prop,2000
34,log:G3,The post mentions the X Window System.,rewrite,1770,667,853,250,0,1.0,1.0,1.0,75,0.9615384615384616,False,1.0,False,0.00069570800405927,1.0,False,real,real-mistral-small3.1-N2000,gt,separate-prop,2000
35,log:G4,The post discusses software rather than hardware.,rewrite,2000,1274,0,726,0,1.0,1.0,1.0,195,1.0,False,1.0,False,0.0003513749979902059,1.0,False,real,real-mistral-small3.1-N2000,gt,separate-prop,2000
36,log:G5,The post recommends a product or a service.,rewrite,2000,1333,0,667,0,1.0,1.0,1.0,115,1.0,False,1.0,False,0.00033641599293332547,1.0,False,real,real-mistral-small3.1-N2000,gt,separate-prop,2000
37,log:H1,The post asks for technical help with computer hardware.,exact-hit,0,0,0,0,0,1.0,1.0,1.0,188,,,,,7.208000170066953e-06,1.0,,real,real-mistral-small3.1-N2000,gt,separate-prop,2000
38,log:H2,The post is selling something.,rewrite,2000,1399,0,601,0,1.0,1.0,1.0,84,1.0,False,1.0,False,0.00033304198586847633,1.0,False,real,real-mistral-small3.1-N2000,gt,separate-prop,2000
39,log:H3,The post is about a motor vehicle.,rewrite,2000,1386,0,614,0,1.0,1.0,1.0,144,1.0,False,1.0,False,0.0003383329894859344,1.0,False,real,real-mistral-small3.1-N2000,gt,separate-prop,2000
40,log:H4,The post is about a car or a motorcycle.,rewrite,2000,1386,0,614,0,1.0,1.0,1.0,143,1.0,False,1.0,False,0.00033704198722261935,1.0,False,real,real-mistral-small3.1-N2000,gt,separate-prop,2000
41,log:H5,The post gives advice about maintaining a vehicle.,rewrite,2000,1343,0,657,0,1.0,1.0,1.0,11,1.0,False,1.0,False,0.00034662500547710806,1.0,False,real,real-mistral-small3.1-N2000,gt,separate-prop,2000
42,log:H6,The tone of the post is angry or annoyed.,rewrite,639,382,253,4,0,1.0,0.9962406015037594,0.9981167608286252,266,0.9265734265734266,False,1.0,False,0.0007607080042362213,0.9962406015037594,False,real,real-mistral-small3.1-N2000,gt,separate-prop,2000
43,log:H7,The post is about a computer operating system.,rewrite,1548,687,631,230,0,1.0,1.0,1.0,101,0.9351851851851852,False,1.0,False,0.0007214999932330102,1.0,False,real,real-mistral-small3.1-N2000,gt,separate-prop,2000
44,log:H8,The post is a for-sale advertisement.,rewrite,1157,76,1073,8,0,1.0,1.0,1.0,74,0.9487179487179487,False,1.0,False,0.0007516659970860928,1.0,False,real,real-mistral-small3.1-N2000,gt,separate-prop,2000
45,log:H9,The post discusses encryption algorithms or key management.,rewrite,1875,56,1819,0,0,1.0,1.0,1.0,36,0.972972972972973,False,1.0,False,0.0006447920022765175,1.0,False,real,real-mistral-small3.1-N2000,gt,separate-prop,2000
46,log:H10,The post asks a question about computer hardware.,rewrite,2000,1491,0,509,0,1.0,1.0,1.0,181,1.0,False,1.0,False,0.00038229099300224334,1.0,False,real,real-mistral-small3.1-N2000,gt,separate-prop,2000
0,log:A1,The post asks for technical help with computer hardware.,cold,2000,2000,0,0,0,1.0,1.0,1.0,188,,,,,5.341599171515554e-05,1.0,,real,real-mistral-small3.1-N2000,gt,fixed-100,2000
1,log:A2,The post asks for technical help with a personal computer's hardware.,cold,2000,2000,0,0,0,1.0,1.0,1.0,147,,,,,4.3082996853627264e-05,1.0,,real,real-mistral-small3.1-N2000,gt,fixed-100,2000
2,log:A3,The post is a request for technical assistance concerning computer hardware.,cold,2000,2000,0,0,0,1.0,1.0,1.0,155,,,,,3.749999450519681e-05,1.0,,real,real-mistral-small3.1-N2000,gt,fixed-100,2000
3,log:A4,The post asks for help with Macintosh hardware.,cold,2000,2000,0,0,0,1.0,1.0,1.0,33,,,,,4.104200343135744e-05,1.0,,real,real-mistral-small3.1-N2000,gt,fixed-100,2000
4,log:A5,The post describes a hardware problem the author is experiencing.,cold,2000,2000,0,0,0,1.0,1.0,1.0,89,,,,,4.6250002924352884e-05,1.0,,real,real-mistral-small3.1-N2000,gt,fixed-100,2000
5,log:B1,The post offers an item for sale.,rewrite,1873,1773,100,0,0,1.0,1.0,1.0,78,0.9176470588235294,False,1.0,False,0.0010710409987950698,1.0,False,real,real-mistral-small3.1-N2000,gt,fixed-100,2000
6,log:B2,The post offers a computer or a computer part for sale.,rewrite,1999,1773,100,126,0,1.0,1.0,1.0,29,0.9666666666666667,False,1.0,False,0.0025009579985635355,1.0,False,real,real-mistral-small3.1-N2000,gt,fixed-100,2000
7,log:B3,The post mentions a specific price in dollars.,cold,2000,2000,0,0,0,1.0,1.0,1.0,140,,,,,0.00019708400941453874,1.0,,real,real-mistral-small3.1-N2000,gt,fixed-100,2000
8,log:B4,The post is an advertisement.,rewrite,1873,1773,100,0,0,1.0,1.0,1.0,94,0.9306930693069307,False,1.0,False,0.008012334001250565,1.0,False,real,real-mistral-small3.1-N2000,gt,fixed-100,2000
9,log:B5,The post is looking to buy something rather than to sell something.,rewrite,2000,1900,0,100,0,1.0,1.0,1.0,148,1.0,False,1.0,False,0.0004472500004339963,1.0,False,real,real-mistral-small3.1-N2000,gt,fixed-100,2000
10,log:C1,The post discusses a professional sports team.,rewrite,1772,1672,100,0,0,1.0,0.9925373134328358,0.9962546816479401,134,0.910958904109589,False,1.0,False,0.01774637500056997,0.9925373134328358,False,real,real-mistral-small3.1-N2000,gt,fixed-100,2000
11,log:C2,The post discusses a professional baseball team.,rewrite,1997,130,100,1767,0,1.0,0.9848484848484849,0.9923664122137404,66,0.9558823529411765,False,1.0,False,0.017989208005019464,0.9848484848484849,False,real,real-mistral-small3.1-N2000,gt,fixed-100,2000
12,log:C3,The post mentions a player's statistics.,rewrite,1996,1625,100,271,0,1.0,1.0,1.0,50,0.9259259259259259,False,1.0,False,0.0019317499973112717,1.0,False,real,real-mistral-small3.1-N2000,gt,fixed-100,2000
13,log:C4,The post is about a sporting event that has already taken place.,rewrite,1993,1625,100,268,0,1.0,1.0,1.0,66,0.9041095890410958,False,1.0,False,0.0019041669875150546,1.0,False,real,real-mistral-small3.1-N2000,gt,fixed-100,2000
14,log:C5,The post is about sports.,rewrite,1765,1519,100,146,0,1.0,0.9943820224719101,0.9971830985915493,178,0.921875,False,1.0,False,0.0012900830042781308,0.9943820224719101,False,real,real-mistral-small3.1-N2000,gt,fixed-100,2000
15,log:D1,The post argues about politics.,rewrite,1637,1537,100,0,0,1.0,0.9948186528497409,0.9974025974025974,193,0.9056603773584906,False,1.0,False,0.001331665989710018,0.9948186528497409,False,real,real-mistral-small3.1-N2000,gt,fixed-100,2000
16,log:D2,The post argues about gun control policy.,rewrite,2000,1561,100,339,0,1.0,1.0,1.0,30,1.0,False,1.0,False,0.002954209005110897,1.0,False,real,real-mistral-small3.1-N2000,gt,fixed-100,2000
17,log:D3,The post expresses a religious belief.,rewrite,1995,1599,100,296,0,1.0,1.0,1.0,97,0.9509803921568627,False,1.0,False,0.006809625003370456,1.0,False,real,real-mistral-small3.1-N2000,gt,fixed-100,2000
18,log:D4,The post argues about religion.,rewrite,1874,1599,100,175,0,1.0,1.0,1.0,181,0.905,False,1.0,False,0.020005625003250316,1.0,False,real,real-mistral-small3.1-N2000,gt,fixed-100,2000
19,log:D5,The post discusses the Middle East.,rewrite,2000,1599,100,301,0,1.0,1.0,1.0,39,1.0,False,1.0,False,0.0026314160058973357,1.0,False,real,real-mistral-small3.1-N2000,gt,fixed-100,2000
20,log:D6,The post criticizes a government or a government policy.,rewrite,1885,1537,100,248,0,1.0,0.9942196531791907,0.9971014492753623,173,0.900523560209424,False,1.0,False,0.0021072080126032233,0.9942196531791907,False,real,real-mistral-small3.1-N2000,gt,fixed-100,2000
21,log:E1,The author of the post is frustrated or angry.,rewrite,2000,1900,0,100,0,1.0,1.0,1.0,386,1.0,False,1.0,False,0.0002257919986732304,1.0,False,real,real-mistral-small3.1-N2000,gt,fixed-100,2000
22,log:E2,The post contains a question.,cold,2000,2000,0,0,0,1.0,1.0,1.0,875,,,,,0.0001508330024080351,1.0,,real,real-mistral-small3.1-N2000,gt,fixed-100,2000
23,log:E3,The post quotes another message.,cold,2000,2000,0,0,0,1.0,1.0,1.0,271,,,,,0.00014933299098629504,1.0,,real,real-mistral-small3.1-N2000,gt,fixed-100,2000
24,log:E4,The post uses technical jargon.,rewrite,1941,1803,100,38,0,0.9989071038251366,1.0,0.9994532531437945,914,1.0,False,0.9934426229508196,False,0.0005010000022593886,1.0,False,real,real-mistral-small3.1-N2000,gt,fixed-100,2000
25,log:E5,The post makes a factual claim that could be checked.,cold,2000,2000,0,0,0,1.0,1.0,1.0,366,,,,,0.00016841600881889462,1.0,,real,real-mistral-small3.1-N2000,gt,fixed-100,2000
26,log:F1,The post discusses medicine or health.,rewrite,1996,1465,100,431,0,1.0,1.0,1.0,100,0.9615384615384616,False,1.0,False,0.002523167000617832,1.0,False,real,real-mistral-small3.1-N2000,gt,fixed-100,2000
27,log:F2,The post discusses a specific disease or medical condition.,rewrite,1996,96,100,1800,0,1.0,1.0,1.0,40,0.9090909090909091,False,1.0,False,0.0008865830022841692,1.0,False,real,real-mistral-small3.1-N2000,gt,fixed-100,2000
28,log:F3,The post discusses space or astronomy.,rewrite,1995,1393,100,502,0,1.0,1.0,1.0,62,0.9253731343283582,False,1.0,False,0.0024536660057492554,1.0,False,real,real-mistral-small3.1-N2000,gt,fixed-100,2000
29,log:F4,The post discusses cryptography or encryption.,rewrite,2000,1469,100,431,0,1.0,1.0,1.0,56,1.0,False,1.0,False,0.002716457995120436,1.0,False,real,real-mistral-small3.1-N2000,gt,fixed-100,2000
30,log:F5,The post discusses computer security.,rewrite,2000,1469,100,431,0,1.0,1.0,1.0,49,1.0,False,1.0,False,0.0026670420047594234,1.0,False,real,real-mistral-small3.1-N2000,gt,fixed-100,2000
31,log:F6,The post discusses science.,rewrite,1924,1488,100,336,0,1.0,1.0,1.0,154,0.9005847953216374,False,1.0,False,0.00240208298782818,1.0,False,real,real-mistral-small3.1-N2000,gt,fixed-100,2000
32,log:G1,The post mentions an operating system.,rewrite,1995,688,100,1207,0,1.0,1.0,1.0,173,0.9719101123595506,False,1.0,False,0.002333500000531785,1.0,False,real,real-mistral-small3.1-N2000,gt,fixed-100,2000
33,log:G2,The post mentions Microsoft Windows.,rewrite,1995,665,100,1230,0,1.0,1.0,1.0,71,0.9342105263157895,False,1.0,False,0.0022996670013526455,1.0,False,real,real-mistral-small3.1-N2000,gt,fixed-100,2000
34,log:G3,The post mentions the X Window System.,rewrite,1995,665,100,1230,0,1.0,1.0,1.0,75,0.9375,False,1.0,False,0.002307208997081034,1.0,False,real,real-mistral-small3.1-N2000,gt,fixed-100,2000
35,log:G4,The post discusses software rather than hardware.,rewrite,2000,1274,100,626,0,1.0,1.0,1.0,195,1.0,False,1.0,False,0.002815166997606866,1.0,False,real,real-mistral-small3.1-N2000,gt,fixed-100,2000
36,log:G5,The post recommends a product or a service.,rewrite,1993,1333,100,560,0,1.0,1.0,1.0,115,0.9426229508196722,False,1.0,False,0.0027007919998141006,1.0,False,real,real-mistral-small3.1-N2000,gt,fixed-100,2000
37,log:H1,The post asks for technical help with computer hardware.,exact-hit,0,0,0,0,0,1.0,1.0,1.0,188,,,,,9.83399513643235e-06,1.0,,real,real-mistral-small3.1-N2000,gt,fixed-100,2000
38,log:H2,The post is selling something.,rewrite,2000,1399,100,501,0,1.0,1.0,1.0,84,1.0,False,1.0,False,0.002642375009600073,1.0,False,real,real-mistral-small3.1-N2000,gt,fixed-100,2000
39,log:H3,The post is about a motor vehicle.,rewrite,1945,1386,100,459,0,1.0,1.0,1.0,144,0.9,False,1.0,False,0.011415583998314105,1.0,False,real,real-mistral-small3.1-N2000,gt,fixed-100,2000
40,log:H4,The post is about a car or a motorcycle.,rewrite,2000,1386,100,514,0,1.0,1.0,1.0,143,1.0,False,1.0,False,0.008295583000290208,1.0,False,real,real-mistral-small3.1-N2000,gt,fixed-100,2000
41,log:H5,The post gives advice about maintaining a vehicle.,rewrite,2000,1343,100,557,0,1.0,1.0,1.0,11,1.0,False,1.0,False,0.0029161249985918403,1.0,False,real,real-mistral-small3.1-N2000,gt,fixed-100,2000
42,log:H6,The tone of the post is angry or annoyed.,rewrite,1996,382,100,1514,0,1.0,0.9924812030075187,0.9962264150943396,266,0.9850746268656716,False,1.0,False,0.001729333002003841,0.9924812030075187,False,real,real-mistral-small3.1-N2000,gt,fixed-100,2000
43,log:H7,The post is about a computer operating system.,rewrite,1993,685,100,1208,0,1.0,1.0,1.0,101,0.9351851851851852,False,1.0,False,0.0022022909979568794,1.0,False,real,real-mistral-small3.1-N2000,gt,fixed-100,2000
44,log:H8,The post is a for-sale advertisement.,rewrite,1994,76,100,1818,0,1.0,1.0,1.0,74,0.925,False,1.0,False,0.001021291987854056,1.0,False,real,real-mistral-small3.1-N2000,gt,fixed-100,2000
45,log:H9,The post discusses encryption algorithms or key management.,rewrite,2000,56,100,1844,0,1.0,1.0,1.0,36,1.0,False,1.0,False,0.0008436659991275519,1.0,False,real,real-mistral-small3.1-N2000,gt,fixed-100,2000
46,log:H10,The post asks a question about computer hardware.,rewrite,1795,1491,100,204,0,1.0,0.994475138121547,0.9972299168975068,181,0.9090909090909091,False,1.0,False,0.001973958991584368,0.994475138121547,False,real,real-mistral-small3.1-N2000,gt,fixed-100,2000
0,log:A1,The post asks for technical help with computer hardware.,cold,2000,2000,0,0,0,1.0,1.0,1.0,188,,,,,5.1166003686375916e-05,1.0,,real,real-mistral-small3.1-N2000,gt,fixed-400,2000
1,log:A2,The post asks for technical help with a personal computer's hardware.,cold,2000,2000,0,0,0,1.0,1.0,1.0,147,,,,,3.995800216216594e-05,1.0,,real,real-mistral-small3.1-N2000,gt,fixed-400,2000
2,log:A3,The post is a request for technical assistance concerning computer hardware.,cold,2000,2000,0,0,0,1.0,1.0,1.0,155,,,,,3.749999450519681e-05,1.0,,real,real-mistral-small3.1-N2000,gt,fixed-400,2000
3,log:A4,The post asks for help with Macintosh hardware.,cold,2000,2000,0,0,0,1.0,1.0,1.0,33,,,,,4.0875005652196705e-05,1.0,,real,real-mistral-small3.1-N2000,gt,fixed-400,2000
4,log:A5,The post describes a hardware problem the author is experiencing.,cold,2000,2000,0,0,0,1.0,1.0,1.0,89,,,,,4.441700002644211e-05,1.0,,real,real-mistral-small3.1-N2000,gt,fixed-400,2000
5,log:B1,The post offers an item for sale.,rewrite,2000,1773,0,227,0,1.0,1.0,1.0,78,1.0,False,1.0,False,0.00015237501065712422,1.0,False,real,real-mistral-small3.1-N2000,gt,fixed-400,2000
6,log:B2,The post offers a computer or a computer part for sale.,rewrite,2000,1773,0,227,0,1.0,1.0,1.0,29,1.0,False,1.0,False,0.00013433399726636708,1.0,False,real,real-mistral-small3.1-N2000,gt,fixed-400,2000
7,log:B3,The post mentions a specific price in dollars.,cold,2000,2000,0,0,0,1.0,1.0,1.0,140,,,,,6.562500493600965e-05,1.0,,real,real-mistral-small3.1-N2000,gt,fixed-400,2000
8,log:B4,The post is an advertisement.,rewrite,2000,1773,0,227,0,1.0,1.0,1.0,94,1.0,False,1.0,False,0.0001391669939039275,1.0,False,real,real-mistral-small3.1-N2000,gt,fixed-400,2000
9,log:B5,The post is looking to buy something rather than to sell something.,rewrite,2000,1900,0,100,0,1.0,1.0,1.0,148,1.0,False,1.0,False,0.0001364579948130995,1.0,False,real,real-mistral-small3.1-N2000,gt,fixed-400,2000
10,log:C1,The post discusses a professional sports team.,rewrite,2000,1672,0,328,0,1.0,1.0,1.0,134,1.0,False,1.0,False,0.00021187501261010766,1.0,False,real,real-mistral-small3.1-N2000,gt,fixed-400,2000
11,log:C2,The post discusses a professional baseball team.,rewrite,1997,130,400,1467,0,1.0,0.9848484848484849,0.9923664122137404,66,0.9558823529411765,False,1.0,False,0.0009048329957295209,0.9848484848484849,False,real,real-mistral-small3.1-N2000,gt,fixed-400,2000
12,log:C3,The post mentions a player's statistics.,rewrite,2000,1625,0,375,0,1.0,1.0,1.0,50,1.0,False,1.0,False,0.00022508300025947392,1.0,False,real,real-mistral-small3.1-N2000,gt,fixed-400,2000
13,log:C4,The post is about a sporting event that has already taken place.,rewrite,2000,1625,0,375,0,1.0,1.0,1.0,66,1.0,False,1.0,False,0.00021354100317694247,1.0,False,real,real-mistral-small3.1-N2000,gt,fixed-400,2000
14,log:C5,The post is about sports.,rewrite,2000,1519,0,481,0,1.0,1.0,1.0,178,1.0,False,1.0,False,0.00026575000083539635,1.0,False,real,real-mistral-small3.1-N2000,gt,fixed-400,2000
15,log:D1,The post argues about politics.,rewrite,1937,1537,400,0,0,1.0,1.0,1.0,193,0.9846938775510204,False,1.0,False,0.0010343329922761768,1.0,False,real,real-mistral-small3.1-N2000,gt,fixed-400,2000
16,log:D2,The post argues about gun control policy.,rewrite,1961,1561,400,0,0,1.0,1.0,1.0,30,0.9375,False,1.0,False,0.0009509579977020621,1.0,False,real,real-mistral-small3.1-N2000,gt,fixed-400,2000
17,log:D3,The post expresses a religious belief.,rewrite,1999,1599,400,0,0,1.0,1.0,1.0,97,1.0,False,1.0,False,0.0005266670050332323,1.0,False,real,real-mistral-small3.1-N2000,gt,fixed-400,2000
18,log:D4,The post argues about religion.,rewrite,1999,1599,400,0,0,1.0,1.0,1.0,181,1.0,False,1.0,False,0.0005222079926170409,1.0,False,real,real-mistral-small3.1-N2000,gt,fixed-400,2000
19,log:D5,The post discusses the Middle East.,rewrite,1999,1599,400,0,0,1.0,1.0,1.0,39,1.0,False,1.0,False,0.0005209170049056411,1.0,False,real,real-mistral-small3.1-N2000,gt,fixed-400,2000
20,log:D6,The post criticizes a government or a government policy.,rewrite,1937,1537,400,0,0,1.0,1.0,1.0,173,0.9829545454545454,False,1.0,False,0.0010097080084960908,1.0,False,real,real-mistral-small3.1-N2000,gt,fixed-400,2000
21,log:E1,The author of the post is frustrated or angry.,rewrite,2000,1900,0,100,0,1.0,1.0,1.0,386,1.0,False,1.0,False,0.00021237500186543912,1.0,False,real,real-mistral-small3.1-N2000,gt,fixed-400,2000
22,log:E2,The post contains a question.,cold,2000,2000,0,0,0,1.0,1.0,1.0,875,,,,,0.00014775000454392284,1.0,,real,real-mistral-small3.1-N2000,gt,fixed-400,2000
23,log:E3,The post quotes another message.,cold,2000,2000,0,0,0,1.0,1.0,1.0,271,,,,,0.00014874999760650098,1.0,,real,real-mistral-small3.1-N2000,gt,fixed-400,2000
24,log:E4,The post uses technical jargon.,rewrite,2000,1803,0,197,0,1.0,1.0,1.0,914,1.0,False,1.0,False,0.00023595799575559795,1.0,False,real,real-mistral-small3.1-N2000,gt,fixed-400,2000
25,log:E5,The post makes a factual claim that could be checked.,cold,2000,2000,0,0,0,1.0,1.0,1.0,366,,,,,0.00016183400293812156,1.0,,real,real-mistral-small3.1-N2000,gt,fixed-400,2000
26,log:F1,The post discusses medicine or health.,rewrite,1865,1465,400,0,0,1.0,0.99,0.9949748743718593,100,0.9611650485436893,False,1.0,False,0.0011477079970063642,0.99,False,real,real-mistral-small3.1-N2000,gt,fixed-400,2000
27,log:F2,The post discusses a specific disease or medical condition.,rewrite,1996,95,400,1501,0,1.0,1.0,1.0,40,0.9090909090909091,False,1.0,False,0.0008371659932890907,1.0,False,real,real-mistral-small3.1-N2000,gt,fixed-400,2000
28,log:F3,The post discusses space or astronomy.,rewrite,1793,1393,400,0,0,1.0,1.0,1.0,62,0.9393939393939394,False,1.0,False,0.0012797910021618009,1.0,False,real,real-mistral-small3.1-N2000,gt,fixed-400,2000
29,log:F4,The post discusses cryptography or encryption.,rewrite,1869,1469,400,0,0,1.0,1.0,1.0,56,0.9491525423728814,False,1.0,False,0.01140287499583792,1.0,False,real,real-mistral-small3.1-N2000,gt,fixed-400,2000
30,log:F5,The post discusses computer security.,rewrite,1869,1469,400,0,0,1.0,1.0,1.0,49,0.9423076923076923,False,1.0,False,0.0013236669910838827,1.0,False,real,real-mistral-small3.1-N2000,gt,fixed-400,2000
31,log:F6,The post discusses science.,rewrite,1888,1488,400,0,0,1.0,1.0,1.0,154,0.9685534591194969,False,1.0,False,0.0013117499911459163,1.0,False,real,real-mistral-small3.1-N2000,gt,fixed-400,2000
32,log:G1,The post mentions an operating system.,rewrite,1087,687,400,0,0,1.0,0.9942196531791907,0.9971014492753623,173,0.900523560209424,False,1.0,False,0.001648958001169376,0.9942196531791907,False,real,real-mistral-small3.1-N2000,gt,fixed-400,2000
33,log:G2,The post mentions Microsoft Windows.,rewrite,1986,664,400,922,0,1.0,1.0,1.0,71,0.9102564102564102,False,1.0,False,0.0028946250095032156,1.0,False,real,real-mistral-small3.1-N2000,gt,fixed-400,2000
34,log:G3,The post mentions the X Window System.,rewrite,1996,664,400,932,0,1.0,1.0,1.0,75,0.9493670886075949,False,1.0,False,0.016422125001554377,1.0,False,real,real-mistral-small3.1-N2000,gt,fixed-400,2000
35,log:G4,The post discusses software rather than hardware.,rewrite,1674,1274,400,0,0,1.0,0.9948717948717949,0.9974293059125964,195,0.941747572815534,False,1.0,False,0.004030250012874603,0.9948717948717949,False,real,real-mistral-small3.1-N2000,gt,fixed-400,2000
36,log:G5,The post recommends a product or a service.,rewrite,1733,1333,400,0,0,1.0,0.991304347826087,0.9956331877729258,115,0.926829268292683,False,1.0,False,0.005536334007047117,0.991304347826087,False,real,real-mistral-small3.1-N2000,gt,fixed-400,2000
37,log:H1,The post asks for technical help with computer hardware.,exact-hit,0,0,0,0,0,1.0,1.0,1.0,188,,,,,1.1416996130719781e-05,1.0,,real,real-mistral-small3.1-N2000,gt,fixed-400,2000
38,log:H2,The post is selling something.,rewrite,1800,1400,400,0,0,1.0,1.0,1.0,84,0.9545454545454546,False,1.0,False,0.001468417001888156,1.0,False,real,real-mistral-small3.1-N2000,gt,fixed-400,2000
39,log:H3,The post is about a motor vehicle.,rewrite,1787,1387,400,0,0,1.0,1.0,1.0,144,0.972972972972973,False,1.0,False,0.001360832990030758,1.0,False,real,real-mistral-small3.1-N2000,gt,fixed-400,2000
40,log:H4,The post is about a car or a motorcycle.,rewrite,1787,1387,400,0,0,1.0,1.0,1.0,143,0.9727891156462585,False,1.0,False,0.0013342919992282987,1.0,False,real,real-mistral-small3.1-N2000,gt,fixed-400,2000
41,log:H5,The post gives advice about maintaining a vehicle.,rewrite,2000,1343,400,257,0,1.0,1.0,1.0,11,1.0,False,1.0,False,0.002537833002861589,1.0,False,real,real-mistral-small3.1-N2000,gt,fixed-400,2000
42,log:H6,The tone of the post is angry or annoyed.,rewrite,782,382,400,0,0,1.0,0.9887218045112782,0.9943289224952742,266,0.9494584837545126,False,1.0,False,0.0015152910054894164,0.9887218045112782,False,real,real-mistral-small3.1-N2000,gt,fixed-400,2000
43,log:H7,The post is about a computer operating system.,rewrite,1994,684,400,910,0,1.0,1.0,1.0,101,0.9439252336448598,False,1.0,False,0.0023145419982029125,1.0,False,real,real-mistral-small3.1-N2000,gt,fixed-400,2000
44,log:H8,The post is a for-sale advertisement.,rewrite,1992,76,400,1516,0,1.0,1.0,1.0,74,0.9024390243902439,False,1.0,False,0.0009363749995827675,1.0,False,real,real-mistral-small3.1-N2000,gt,fixed-400,2000
45,log:H9,The post discusses encryption algorithms or key management.,rewrite,2000,56,400,1544,0,1.0,1.0,1.0,36,1.0,False,1.0,False,0.000800124995294027,1.0,False,real,real-mistral-small3.1-N2000,gt,fixed-400,2000
46,log:H10,The post asks a question about computer hardware.,rewrite,1892,1492,400,0,0,1.0,1.0,1.0,181,0.9783783783783784,False,1.0,False,0.001266167004359886,1.0,False,real,real-mistral-small3.1-N2000,gt,fixed-400,2000
0,log:A1,The post asks for technical help with computer hardware.,cold,2000,2000,0,0,0,1.0,1.0,1.0,188,,,,,4.9125010264106095e-05,1.0,,real,real-mistral-small3.1-N2000,gt,fixed-1600,2000
1,log:A2,The post asks for technical help with a personal computer's hardware.,cold,2000,2000,0,0,0,1.0,1.0,1.0,147,,,,,3.949999518226832e-05,1.0,,real,real-mistral-small3.1-N2000,gt,fixed-1600,2000
2,log:A3,The post is a request for technical assistance concerning computer hardware.,cold,2000,2000,0,0,0,1.0,1.0,1.0,155,,,,,3.774999640882015e-05,1.0,,real,real-mistral-small3.1-N2000,gt,fixed-1600,2000
3,log:A4,The post asks for help with Macintosh hardware.,cold,2000,2000,0,0,0,1.0,1.0,1.0,33,,,,,4.158299998380244e-05,1.0,,real,real-mistral-small3.1-N2000,gt,fixed-1600,2000
4,log:A5,The post describes a hardware problem the author is experiencing.,cold,2000,2000,0,0,0,1.0,1.0,1.0,89,,,,,4.5958004193380475e-05,1.0,,real,real-mistral-small3.1-N2000,gt,fixed-1600,2000
5,log:B1,The post offers an item for sale.,rewrite,2000,1773,0,227,0,1.0,1.0,1.0,78,1.0,False,1.0,False,0.0001446249953005463,1.0,False,real,real-mistral-small3.1-N2000,gt,fixed-1600,2000
6,log:B2,The post offers a computer or a computer part for sale.,rewrite,2000,1773,0,227,0,1.0,1.0,1.0,29,1.0,False,1.0,False,0.00013270899944473058,1.0,False,real,real-mistral-small3.1-N2000,gt,fixed-1600,2000
7,log:B3,The post mentions a specific price in dollars.,cold,2000,2000,0,0,0,1.0,1.0,1.0,140,,,,,6.412499351426959e-05,1.0,,real,real-mistral-small3.1-N2000,gt,fixed-1600,2000
8,log:B4,The post is an advertisement.,rewrite,2000,1773,0,227,0,1.0,1.0,1.0,94,1.0,False,1.0,False,0.0001340409944532439,1.0,False,real,real-mistral-small3.1-N2000,gt,fixed-1600,2000
9,log:B5,The post is looking to buy something rather than to sell something.,rewrite,2000,1900,0,100,0,1.0,1.0,1.0,148,1.0,False,1.0,False,0.00013808399671688676,1.0,False,real,real-mistral-small3.1-N2000,gt,fixed-1600,2000
10,log:C1,The post discusses a professional sports team.,rewrite,2000,1672,0,328,0,1.0,1.0,1.0,134,1.0,False,1.0,False,0.0002110419882228598,1.0,False,real,real-mistral-small3.1-N2000,gt,fixed-1600,2000
11,log:C2,The post discusses a professional baseball team.,rewrite,1730,130,1600,0,0,1.0,1.0,1.0,66,0.9565217391304348,False,1.0,False,0.0013033750001341105,1.0,False,real,real-mistral-small3.1-N2000,gt,fixed-1600,2000
12,log:C3,The post mentions a player's statistics.,rewrite,2000,1625,0,375,0,1.0,1.0,1.0,50,1.0,False,1.0,False,0.0002275829901918769,1.0,False,real,real-mistral-small3.1-N2000,gt,fixed-1600,2000
13,log:C4,The post is about a sporting event that has already taken place.,rewrite,2000,1625,0,375,0,1.0,1.0,1.0,66,1.0,False,1.0,False,0.00020741700427606702,1.0,False,real,real-mistral-small3.1-N2000,gt,fixed-1600,2000
14,log:C5,The post is about sports.,rewrite,2000,1519,0,481,0,1.0,1.0,1.0,178,1.0,False,1.0,False,0.00026274999254383147,1.0,False,real,real-mistral-small3.1-N2000,gt,fixed-1600,2000
15,log:D1,The post argues about politics.,rewrite,2000,1537,0,463,0,1.0,1.0,1.0,193,1.0,False,1.0,False,0.00022975000320002437,1.0,False,real,real-mistral-small3.1-N2000,gt,fixed-1600,2000
16,log:D2,The post argues about gun control policy.,rewrite,2000,1560,0,440,0,1.0,1.0,1.0,30,1.0,False,1.0,False,0.00023354100994765759,1.0,False,real,real-mistral-small3.1-N2000,gt,fixed-1600,2000
17,log:D3,The post expresses a religious belief.,rewrite,2000,1599,0,401,0,1.0,1.0,1.0,97,1.0,False,1.0,False,0.00023441699158865958,1.0,False,real,real-mistral-small3.1-N2000,gt,fixed-1600,2000
18,log:D4,The post argues about religion.,rewrite,2000,1599,0,401,0,1.0,1.0,1.0,181,1.0,False,1.0,False,0.00023541699920315295,1.0,False,real,real-mistral-small3.1-N2000,gt,fixed-1600,2000
19,log:D5,The post discusses the Middle East.,rewrite,2000,1599,0,401,0,1.0,1.0,1.0,39,1.0,False,1.0,False,0.00023345800582319498,1.0,False,real,real-mistral-small3.1-N2000,gt,fixed-1600,2000
20,log:D6,The post criticizes a government or a government policy.,rewrite,2000,1537,0,463,0,1.0,1.0,1.0,173,1.0,False,1.0,False,0.00024583398771937937,1.0,False,real,real-mistral-small3.1-N2000,gt,fixed-1600,2000
21,log:E1,The author of the post is frustrated or angry.,rewrite,2000,1900,0,100,0,1.0,1.0,1.0,386,1.0,False,1.0,False,0.00020024999685119838,1.0,False,real,real-mistral-small3.1-N2000,gt,fixed-1600,2000
22,log:E2,The post contains a question.,cold,2000,2000,0,0,0,1.0,1.0,1.0,875,,,,,0.0001463329972466454,1.0,,real,real-mistral-small3.1-N2000,gt,fixed-1600,2000
23,log:E3,The post quotes another message.,cold,2000,2000,0,0,0,1.0,1.0,1.0,271,,,,,0.00014766599633730948,1.0,,real,real-mistral-small3.1-N2000,gt,fixed-1600,2000
24,log:E4,The post uses technical jargon.,rewrite,2000,1803,0,197,0,1.0,1.0,1.0,914,1.0,False,1.0,False,0.0002311669959453866,1.0,False,real,real-mistral-small3.1-N2000,gt,fixed-1600,2000
25,log:E5,The post makes a factual claim that could be checked.,cold,2000,2000,0,0,0,1.0,1.0,1.0,366,,,,,0.00016075000166893005,1.0,,real,real-mistral-small3.1-N2000,gt,fixed-1600,2000
26,log:F1,The post discusses medicine or health.,rewrite,2000,1464,0,536,0,1.0,1.0,1.0,100,1.0,False,1.0,False,0.0002901249972637743,1.0,False,real,real-mistral-small3.1-N2000,gt,fixed-1600,2000
27,log:F2,The post discusses a specific disease or medical condition.,rewrite,1696,96,1600,0,0,1.0,1.0,1.0,40,0.9523809523809523,False,1.0,False,0.0013034169969614595,1.0,False,real,real-mistral-small3.1-N2000,gt,fixed-1600,2000
28,log:F3,The post discusses space or astronomy.,rewrite,2000,1392,0,608,0,1.0,1.0,1.0,62,1.0,False,1.0,False,0.00030170800164341927,1.0,False,real,real-mistral-small3.1-N2000,gt,fixed-1600,2000
29,log:F4,The post discusses cryptography or encryption.,rewrite,2000,1468,0,532,0,1.0,1.0,1.0,56,1.0,False,1.0,False,0.00029399999766610563,1.0,False,real,real-mistral-small3.1-N2000,gt,fixed-1600,2000
30,log:F5,The post discusses computer security.,rewrite,2000,1468,0,532,0,1.0,1.0,1.0,49,1.0,False,1.0,False,0.00029349999385885894,1.0,False,real,real-mistral-small3.1-N2000,gt,fixed-1600,2000
31,log:F6,The post discusses science.,rewrite,2000,1487,0,513,0,1.0,1.0,1.0,154,1.0,False,1.0,False,0.0003101250040344894,1.0,False,real,real-mistral-small3.1-N2000,gt,fixed-1600,2000
32,log:G1,The post mentions an operating system.,rewrite,2000,686,0,1314,0,1.0,1.0,1.0,173,1.0,False,1.0,False,0.0003421669971430674,1.0,False,real,real-mistral-small3.1-N2000,gt,fixed-1600,2000
33,log:G2,The post mentions Microsoft Windows.,rewrite,2000,663,0,1337,0,1.0,1.0,1.0,71,1.0,False,1.0,False,0.0003355840017320588,1.0,False,real,real-mistral-small3.1-N2000,gt,fixed-1600,2000
34,log:G3,The post mentions the X Window System.,rewrite,2000,663,0,1337,0,1.0,1.0,1.0,75,1.0,False,1.0,False,0.00034308299655094743,1.0,False,real,real-mistral-small3.1-N2000,gt,fixed-1600,2000
35,log:G4,The post discusses software rather than hardware.,rewrite,2000,1273,0,727,0,1.0,1.0,1.0,195,1.0,False,1.0,False,0.0003438749990891665,1.0,False,real,real-mistral-small3.1-N2000,gt,fixed-1600,2000
36,log:G5,The post recommends a product or a service.,rewrite,2000,1332,0,668,0,1.0,1.0,1.0,115,1.0,False,1.0,False,0.000334249998559244,1.0,False,real,real-mistral-small3.1-N2000,gt,fixed-1600,2000
37,log:H1,The post asks for technical help with computer hardware.,exact-hit,0,0,0,0,0,1.0,1.0,1.0,188,,,,,5.915993824601173e-06,1.0,,real,real-mistral-small3.1-N2000,gt,fixed-1600,2000
38,log:H2,The post is selling something.,rewrite,2000,1398,0,602,0,1.0,1.0,1.0,84,1.0,False,1.0,False,0.00033758400240913033,1.0,False,real,real-mistral-small3.1-N2000,gt,fixed-1600,2000
39,log:H3,The post is about a motor vehicle.,rewrite,2000,1385,0,615,0,1.0,1.0,1.0,144,1.0,False,1.0,False,0.0003395829990040511,1.0,False,real,real-mistral-small3.1-N2000,gt,fixed-1600,2000
40,log:H4,The post is about a car or a motorcycle.,rewrite,2000,1385,0,615,0,1.0,1.0,1.0,143,1.0,False,1.0,False,0.00034412500099278986,1.0,False,real,real-mistral-small3.1-N2000,gt,fixed-1600,2000
41,log:H5,The post gives advice about maintaining a vehicle.,rewrite,2000,1342,0,658,0,1.0,1.0,1.0,11,1.0,False,1.0,False,0.00035729099181480706,1.0,False,real,real-mistral-small3.1-N2000,gt,fixed-1600,2000
42,log:H6,The tone of the post is angry or annoyed.,rewrite,1982,382,1600,0,0,1.0,1.0,1.0,266,0.9962546816479401,False,1.0,False,0.001014749999740161,1.0,False,real,real-mistral-small3.1-N2000,gt,fixed-1600,2000
43,log:H7,The post is about a computer operating system.,rewrite,2000,683,0,1317,0,1.0,1.0,1.0,101,1.0,False,1.0,False,0.00041970900201704353,1.0,False,real,real-mistral-small3.1-N2000,gt,fixed-1600,2000
44,log:H8,The post is a for-sale advertisement.,rewrite,1676,76,1600,0,0,1.0,1.0,1.0,74,0.9736842105263158,False,1.0,False,0.0013835830031894147,1.0,False,real,real-mistral-small3.1-N2000,gt,fixed-1600,2000
45,log:H9,The post discusses encryption algorithms or key management.,rewrite,1656,56,1600,0,0,1.0,1.0,1.0,36,0.9473684210526315,False,1.0,False,0.0013747089979005978,1.0,False,real,real-mistral-small3.1-N2000,gt,fixed-1600,2000
46,log:H10,The post asks a question about computer hardware.,rewrite,2000,1490,0,510,0,1.0,1.0,1.0,181,1.0,False,1.0,False,0.00041133399645332247,1.0,False,real,real-mistral-small3.1-N2000,gt,fixed-1600,2000
0,log:A1,The post asks for technical help with computer hardware.,cold,2000,2000,0,0,0,1.0,1.0,1.0,188,,,,,0.00015358399832621217,1.0,,real,real-mistral-small3.1-N2000,gt,frac-0.02,2000
1,log:A2,The post asks for technical help with a personal computer's hardware.,cold,2000,2000,0,0,0,1.0,1.0,1.0,147,,,,,9.466698975302279e-05,1.0,,real,real-mistral-small3.1-N2000,gt,frac-0.02,2000
2,log:A3,The post is a request for technical assistance concerning computer hardware.,cold,2000,2000,0,0,0,1.0,1.0,1.0,155,,,,,7.912500586826354e-05,1.0,,real,real-mistral-small3.1-N2000,gt,frac-0.02,2000
3,log:A4,The post asks for help with Macintosh hardware.,cold,2000,2000,0,0,0,1.0,1.0,1.0,33,,,,,8.458300726488233e-05,1.0,,real,real-mistral-small3.1-N2000,gt,frac-0.02,2000
4,log:A5,The post describes a hardware problem the author is experiencing.,cold,2000,2000,0,0,0,1.0,1.0,1.0,89,,,,,9.487499482929707e-05,1.0,,real,real-mistral-small3.1-N2000,gt,frac-0.02,2000
5,log:B1,The post offers an item for sale.,rewrite,1997,1773,20,204,0,1.0,1.0,1.0,78,0.9629629629629629,False,1.0,False,0.002196166999056004,1.0,False,real,real-mistral-small3.1-N2000,gt,frac-0.02,2000
6,log:B2,The post offers a computer or a computer part for sale.,rewrite,1997,1773,20,204,0,1.0,1.0,1.0,29,0.90625,False,1.0,False,0.01914933400985319,1.0,False,real,real-mistral-small3.1-N2000,gt,frac-0.02,2000
7,log:B3,The post mentions a specific price in dollars.,cold,2000,2000,0,0,0,1.0,1.0,1.0,140,,,,,0.012081292006769218,1.0,,real,real-mistral-small3.1-N2000,gt,frac-0.02,2000
8,log:B4,The post is an advertisement.,rewrite,1990,1773,20,197,0,1.0,1.0,1.0,94,0.9038461538461539,False,1.0,False,0.0009870000067166984,1.0,False,real,real-mistral-small3.1-N2000,gt,frac-0.02,2000
9,log:B5,The post is looking to buy something rather than to sell something.,rewrite,1996,1900,20,76,0,1.0,1.0,1.0,148,0.9736842105263158,False,1.0,False,0.0006305829883785918,1.0,False,real,real-mistral-small3.1-N2000,gt,frac-0.02,2000
10,log:C1,The post discusses a professional sports team.,rewrite,1988,1672,20,296,0,1.0,1.0,1.0,134,0.9178082191780822,False,1.0,False,0.003508417008561082,1.0,False,real,real-mistral-small3.1-N2000,gt,frac-0.02,2000
11,log:C2,The post discusses a professional baseball team.,rewrite,1996,130,38,1828,0,1.0,0.9848484848484849,0.9923664122137404,66,0.9420289855072463,False,1.0,False,0.0019481249910313636,0.9848484848484849,False,real,real-mistral-small3.1-N2000,gt,frac-0.02,2000
12,log:C3,The post mentions a player's statistics.,rewrite,1996,1625,20,351,0,1.0,1.0,1.0,50,0.9259259259259259,False,1.0,False,0.0036823749978793785,1.0,False,real,real-mistral-small3.1-N2000,gt,frac-0.02,2000
13,log:C4,The post is about a sporting event that has already taken place.,rewrite,1996,1625,20,351,0,1.0,1.0,1.0,66,0.9428571428571428,False,1.0,False,0.004327167000155896,1.0,False,real,real-mistral-small3.1-N2000,gt,frac-0.02,2000
14,log:C5,The post is about sports.,rewrite,1899,1519,60,320,0,0.9888888888888889,1.0,0.9944134078212291,178,0.9573170731707317,False,0.8722222222222222,False,0.0023265000054379925,1.0,False,real,real-mistral-small3.1-N2000,gt,frac-0.02,2000
15,log:D1,The post argues about politics.,rewrite,1996,1537,20,439,0,1.0,1.0,1.0,193,0.9796954314720813,False,1.0,False,0.0023916249920148402,1.0,False,real,real-mistral-small3.1-N2000,gt,frac-0.02,2000
16,log:D2,The post argues about gun control policy.,rewrite,2000,1561,20,419,0,1.0,1.0,1.0,30,1.0,False,1.0,False,0.0021807909943163395,1.0,False,real,real-mistral-small3.1-N2000,gt,frac-0.02,2000
17,log:D3,The post expresses a religious belief.,rewrite,1995,1599,20,376,0,1.0,1.0,1.0,97,0.9509803921568627,False,1.0,False,0.002169333994970657,1.0,False,real,real-mistral-small3.1-N2000,gt,frac-0.02,2000
18,log:D4,The post argues about religion.,rewrite,1995,1599,20,376,0,1.0,1.0,1.0,181,0.9731182795698925,False,1.0,False,0.011318582997773774,1.0,False,real,real-mistral-small3.1-N2000,gt,frac-0.02,2000
19,log:D5,The post discusses the Middle East.,rewrite,1996,1599,20,377,0,1.0,1.0,1.0,39,0.9069767441860465,False,1.0,False,0.0024589589884271845,1.0,False,real,real-mistral-small3.1-N2000,gt,frac-0.02,2000
20,log:D6,The post criticizes a government or a government policy.,rewrite,1996,1537,20,439,0,1.0,1.0,1.0,173,0.9774011299435028,False,1.0,False,0.0025476250011706725,1.0,False,real,real-mistral-small3.1-N2000,gt,frac-0.02,2000
21,log:E1,The author of the post is frustrated or angry.,rewrite,1920,1900,20,0,0,1.0,1.0,1.0,386,0.9578163771712159,False,1.0,False,0.001000457996269688,1.0,False,real,real-mistral-small3.1-N2000,gt,frac-0.02,2000
22,log:E2,The post contains a question.,cold,2000,2000,0,0,0,1.0,1.0,1.0,875,,,,,0.00018145899230148643,1.0,,real,real-mistral-small3.1-N2000,gt,frac-0.02,2000
23,log:E3,The post quotes another message.,cold,2000,2000,0,0,0,1.0,1.0,1.0,271,,,,,0.00015420799900311977,1.0,,real,real-mistral-small3.1-N2000,gt,frac-0.02,2000
24,log:E4,The post uses technical jargon.,rewrite,1848,1803,40,5,0,0.9967284623773174,1.0,0.9983615510649918,914,1.0,False,0.9661941112322792,False,0.0006682090024696663,1.0,False,real,real-mistral-small3.1-N2000,gt,frac-0.02,2000
25,log:E5,The post makes a factual claim that could be checked.,cold,2000,2000,0,0,0,1.0,1.0,1.0,366,,,,,0.0001719169958960265,1.0,,real,real-mistral-small3.1-N2000,gt,frac-0.02,2000
26,log:F1,The post discusses medicine or health.,rewrite,1995,1465,20,510,0,1.0,1.0,1.0,100,0.9523809523809523,False,1.0,False,0.002550165998400189,1.0,False,real,real-mistral-small3.1-N2000,gt,frac-0.02,2000
27,log:F2,The post discusses a specific disease or medical condition.,rewrite,1996,96,39,1861,0,1.0,1.0,1.0,40,0.9090909090909091,False,1.0,False,0.0008599160064477473,1.0,False,real,real-mistral-small3.1-N2000,gt,frac-0.02,2000
28,log:F3,The post discusses space or astronomy.,rewrite,1995,1393,20,582,0,1.0,1.0,1.0,62,0.9253731343283582,False,1.0,False,0.00234808299865108,1.0,False,real,real-mistral-small3.1-N2000,gt,frac-0.02,2000
29,log:F4,The post discusses cryptography or encryption.,rewrite,2000,1469,20,511,0,1.0,1.0,1.0,56,1.0,False,1.0,False,0.0026619159907568246,1.0,False,real,real-mistral-small3.1-N2000,gt,frac-0.02,2000
30,log:F5,The post discusses computer security.,rewrite,2000,1469,20,511,0,1.0,1.0,1.0,49,1.0,False,1.0,False,0.00249912501021754,1.0,False,real,real-mistral-small3.1-N2000,gt,frac-0.02,2000
31,log:F6,The post discusses science.,rewrite,1991,1488,20,483,0,1.0,1.0,1.0,154,0.9447852760736196,False,1.0,False,0.002514374995371327,1.0,False,real,real-mistral-small3.1-N2000,gt,frac-0.02,2000
32,log:G1,The post mentions an operating system.,rewrite,1995,690,27,1278,0,1.0,1.0,1.0,173,0.9719101123595506,False,1.0,False,0.0019079589983448386,1.0,False,real,real-mistral-small3.1-N2000,gt,frac-0.02,2000
33,log:G2,The post mentions Microsoft Windows.,rewrite,1995,667,27,1301,0,1.0,1.0,1.0,71,0.9342105263157895,False,1.0,False,0.0014825830003246665,1.0,False,real,real-mistral-small3.1-N2000,gt,frac-0.02,2000
34,log:G3,The post mentions the X Window System.,rewrite,1995,667,27,1301,0,1.0,1.0,1.0,75,0.9375,False,1.0,False,0.008000125002581626,1.0,False,real,real-mistral-small3.1-N2000,gt,frac-0.02,2000
35,log:G4,The post discusses software rather than hardware.,rewrite,2000,1274,20,706,0,1.0,1.0,1.0,195,1.0,False,1.0,False,0.00591395799710881,1.0,False,real,real-mistral-small3.1-N2000,gt,frac-0.02,2000
36,log:G5,The post recommends a product or a service.,rewrite,1990,1333,20,637,0,1.0,1.0,1.0,115,0.92,False,1.0,False,0.015856625002925284,1.0,False,real,real-mistral-small3.1-N2000,gt,frac-0.02,2000
37,log:H1,The post asks for technical help with computer hardware.,exact-hit,0,0,0,0,0,1.0,1.0,1.0,188,,,,,1.2082993634976447e-05,1.0,,real,real-mistral-small3.1-N2000,gt,frac-0.02,2000
38,log:H2,The post is selling something.,rewrite,2000,1399,20,581,0,1.0,1.0,1.0,84,1.0,False,1.0,False,0.0028302499995334074,1.0,False,real,real-mistral-small3.1-N2000,gt,frac-0.02,2000
39,log:H3,The post is about a motor vehicle.,rewrite,2000,1386,20,594,0,1.0,1.0,1.0,144,1.0,False,1.0,False,0.0029140839906176552,1.0,False,real,real-mistral-small3.1-N2000,gt,frac-0.02,2000
40,log:H4,The post is about a car or a motorcycle.,rewrite,2000,1386,20,594,0,1.0,1.0,1.0,143,1.0,False,1.0,False,0.046138916004565544,1.0,False,real,real-mistral-small3.1-N2000,gt,frac-0.02,2000
41,log:H5,The post gives advice about maintaining a vehicle.,rewrite,2000,1343,20,637,0,1.0,1.0,1.0,11,1.0,False,1.0,False,0.002774374996079132,1.0,False,real,real-mistral-small3.1-N2000,gt,frac-0.02,2000
42,log:H6,The tone of the post is angry or annoyed.,rewrite,1996,382,33,1581,0,1.0,0.9924812030075187,0.9962264150943396,266,0.9850746268656716,False,1.0,False,0.0009447079937672243,0.9924812030075187,False,real,real-mistral-small3.1-N2000,gt,frac-0.02,2000
43,log:H7,The post is about a computer operating system.,rewrite,1993,687,27,1279,0,1.0,1.0,1.0,101,0.9351851851851852,False,1.0,False,0.0014642500027548522,1.0,False,real,real-mistral-small3.1-N2000,gt,frac-0.02,2000
44,log:H8,The post is a for-sale advertisement.,rewrite,1993,76,39,1878,0,1.0,1.0,1.0,74,0.9135802469135802,False,1.0,False,0.0009758749947650358,1.0,False,real,real-mistral-small3.1-N2000,gt,frac-0.02,2000
45,log:H9,The post discusses encryption algorithms or key management.,rewrite,2000,56,39,1905,0,1.0,1.0,1.0,36,1.0,False,1.0,False,0.0008074159995885566,1.0,False,real,real-mistral-small3.1-N2000,gt,frac-0.02,2000
46,log:H10,The post asks a question about computer hardware.,rewrite,1993,1491,20,482,0,1.0,1.0,1.0,181,0.9627659574468085,False,1.0,False,0.023912999997264706,1.0,False,real,real-mistral-small3.1-N2000,gt,frac-0.02,2000
0,log:A1,The post asks for technical help with computer hardware.,cold,2000,2000,0,0,0,1.0,1.0,1.0,188,,,,,7.40000104997307e-05,1.0,,real,real-mistral-small3.1-N2000,gt,frac-0.05,2000
1,log:A2,The post asks for technical help with a personal computer's hardware.,cold,2000,2000,0,0,0,1.0,1.0,1.0,147,,,,,4.908398841507733e-05,1.0,,real,real-mistral-small3.1-N2000,gt,frac-0.05,2000
2,log:A3,The post is a request for technical assistance concerning computer hardware.,cold,2000,2000,0,0,0,1.0,1.0,1.0,155,,,,,4.012499994132668e-05,1.0,,real,real-mistral-small3.1-N2000,gt,frac-0.05,2000
3,log:A4,The post asks for help with Macintosh hardware.,cold,2000,2000,0,0,0,1.0,1.0,1.0,33,,,,,4.24169993493706e-05,1.0,,real,real-mistral-small3.1-N2000,gt,frac-0.05,2000
4,log:A5,The post describes a hardware problem the author is experiencing.,cold,2000,2000,0,0,0,1.0,1.0,1.0,89,,,,,4.5374996261671185e-05,1.0,,real,real-mistral-small3.1-N2000,gt,frac-0.05,2000
5,log:B1,The post offers an item for sale.,rewrite,1997,1773,20,204,0,1.0,1.0,1.0,78,0.9629629629629629,False,1.0,False,0.0010200419928878546,1.0,False,real,real-mistral-small3.1-N2000,gt,frac-0.05,2000
6,log:B2,The post offers a computer or a computer part for sale.,rewrite,1997,1773,20,204,0,1.0,1.0,1.0,29,0.90625,False,1.0,False,0.000880457999301143,1.0,False,real,real-mistral-small3.1-N2000,gt,frac-0.05,2000
7,log:B3,The post mentions a specific price in dollars.,cold,2000,2000,0,0,0,1.0,1.0,1.0,140,,,,,7.075000030454248e-05,1.0,,real,real-mistral-small3.1-N2000,gt,frac-0.05,2000
8,log:B4,The post is an advertisement.,rewrite,1990,1773,20,197,0,1.0,1.0,1.0,94,0.9038461538461539,False,1.0,False,0.0032327499939128757,1.0,False,real,real-mistral-small3.1-N2000,gt,frac-0.05,2000
9,log:B5,The post is looking to buy something rather than to sell something.,rewrite,1996,1900,20,76,0,1.0,1.0,1.0,148,0.9736842105263158,False,1.0,False,0.0007541250088252127,1.0,False,real,real-mistral-small3.1-N2000,gt,frac-0.05,2000
10,log:C1,The post discusses a professional sports team.,rewrite,1988,1672,20,296,0,1.0,1.0,1.0,134,0.9178082191780822,False,1.0,False,0.0015851249918341637,1.0,False,real,real-mistral-small3.1-N2000,gt,frac-0.05,2000
11,log:C2,The post discusses a professional baseball team.,rewrite,1998,130,94,1774,0,1.0,0.9848484848484849,0.9923664122137404,66,0.9701492537313433,False,1.0,False,0.0007947499980218709,0.9848484848484849,False,real,real-mistral-small3.1-N2000,gt,frac-0.05,2000
12,log:C3,The post mentions a player's statistics.,rewrite,1996,1625,20,351,0,1.0,1.0,1.0,50,0.9259259259259259,False,1.0,False,0.0017664589977357537,1.0,False,real,real-mistral-small3.1-N2000,gt,frac-0.05,2000
13,log:C4,The post is about a sporting event that has already taken place.,rewrite,1996,1625,20,351,0,1.0,1.0,1.0,66,0.9428571428571428,False,1.0,False,0.0016336249973392114,1.0,False,real,real-mistral-small3.1-N2000,gt,frac-0.05,2000
14,log:C5,The post is about sports.,rewrite,1899,1519,60,320,0,0.9888888888888889,1.0,0.9944134078212291,178,0.9573170731707317,False,0.8722222222222222,False,0.002198082991526462,1.0,False,real,real-mistral-small3.1-N2000,gt,frac-0.05,2000
15,log:D1,The post argues about politics.,rewrite,1995,1537,24,434,0,1.0,1.0,1.0,193,0.9747474747474747,False,1.0,False,0.027251124993199483,1.0,False,real,real-mistral-small3.1-N2000,gt,frac-0.05,2000
16,log:D2,The post argues about gun control policy.,rewrite,2000,1561,22,417,0,1.0,1.0,1.0,30,1.0,False,1.0,False,0.002521791000617668,1.0,False,real,real-mistral-small3.1-N2000,gt,frac-0.05,2000
17,log:D3,The post expresses a religious belief.,rewrite,1995,1599,21,375,0,1.0,1.0,1.0,97,0.9509803921568627,False,1.0,False,0.025372959004016593,1.0,False,real,real-mistral-small3.1-N2000,gt,frac-0.05,2000
18,log:D4,The post argues about religion.,rewrite,1995,1599,21,375,0,1.0,1.0,1.0,181,0.9731182795698925,False,1.0,False,0.005787249989225529,1.0,False,real,real-mistral-small3.1-N2000,gt,frac-0.05,2000
19,log:D5,The post discusses the Middle East.,rewrite,2000,1599,21,380,0,1.0,1.0,1.0,39,1.0,False,1.0,False,0.0022876670118421316,1.0,False,real,real-mistral-small3.1-N2000,gt,frac-0.05,2000
20,log:D6,The post criticizes a government or a government policy.,rewrite,1995,1537,24,434,0,1.0,1.0,1.0,173,0.9719101123595506,False,1.0,False,0.0019246250012656674,1.0,False,real,real-mistral-small3.1-N2000,gt,frac-0.05,2000
21,log:E1,The author of the post is frustrated or angry.,rewrite,1920,1900,20,0,0,1.0,1.0,1.0,386,0.9578163771712159,False,1.0,False,0.0009724579867906868,1.0,False,real,real-mistral-small3.1-N2000,gt,frac-0.05,2000
22,log:E2,The post contains a question.,cold,2000,2000,0,0,0,1.0,1.0,1.0,875,,,,,0.00015712500317022204,1.0,,real,real-mistral-small3.1-N2000,gt,frac-0.05,2000
23,log:E3,The post quotes another message.,cold,2000,2000,0,0,0,1.0,1.0,1.0,271,,,,,0.00015041600272525102,1.0,,real,real-mistral-small3.1-N2000,gt,frac-0.05,2000
24,log:E4,The post uses technical jargon.,rewrite,1848,1803,40,5,0,0.9967284623773174,1.0,0.9983615510649918,914,1.0,False,0.9661941112322792,False,0.0006593329890165478,1.0,False,real,real-mistral-small3.1-N2000,gt,frac-0.05,2000
25,log:E5,The post makes a factual claim that could be checked.,cold,2000,2000,0,0,0,1.0,1.0,1.0,366,,,,,0.00016895799490157515,1.0,,real,real-mistral-small3.1-N2000,gt,frac-0.05,2000
26,log:F1,The post discusses medicine or health.,rewrite,1995,1465,27,503,0,1.0,1.0,1.0,100,0.9523809523809523,False,1.0,False,0.002365499996813014,1.0,False,real,real-mistral-small3.1-N2000,gt,frac-0.05,2000
27,log:F2,The post discusses a specific disease or medical condition.,rewrite,1996,96,96,1804,0,1.0,1.0,1.0,40,0.9090909090909091,False,1.0,False,0.0008173329988494515,1.0,False,real,real-mistral-small3.1-N2000,gt,frac-0.05,2000
28,log:F3,The post discusses space or astronomy.,rewrite,1995,1393,31,571,0,1.0,1.0,1.0,62,0.9253731343283582,False,1.0,False,0.0021671249996870756,1.0,False,real,real-mistral-small3.1-N2000,gt,frac-0.05,2000
29,log:F4,The post discusses cryptography or encryption.,rewrite,2000,1469,27,504,0,1.0,1.0,1.0,56,1.0,False,1.0,False,0.0025342500011902303,1.0,False,real,real-mistral-small3.1-N2000,gt,frac-0.05,2000
30,log:F5,The post discusses computer security.,rewrite,2000,1469,27,504,0,1.0,1.0,1.0,49,1.0,False,1.0,False,0.0026482079993002117,1.0,False,real,real-mistral-small3.1-N2000,gt,frac-0.05,2000
31,log:F6,The post discusses science.,rewrite,1990,1488,26,476,0,1.0,1.0,1.0,154,0.9390243902439024,False,1.0,False,0.0021552919934038073,1.0,False,real,real-mistral-small3.1-N2000,gt,frac-0.05,2000
32,log:G1,The post mentions an operating system.,rewrite,1995,690,66,1239,0,1.0,1.0,1.0,173,0.9719101123595506,False,1.0,False,0.002488666999852285,1.0,False,real,real-mistral-small3.1-N2000,gt,frac-0.05,2000
33,log:G2,The post mentions Microsoft Windows.,rewrite,1995,667,67,1261,0,1.0,1.0,1.0,71,0.9342105263157895,False,1.0,False,0.0023615420068381354,1.0,False,real,real-mistral-small3.1-N2000,gt,frac-0.05,2000
34,log:G3,The post mentions the X Window System.,rewrite,1995,667,67,1261,0,1.0,1.0,1.0,75,0.9375,False,1.0,False,0.0019179579976480454,1.0,False,real,real-mistral-small3.1-N2000,gt,frac-0.05,2000
35,log:G4,The post discusses software rather than hardware.,rewrite,2000,1274,37,689,0,1.0,1.0,1.0,195,1.0,False,1.0,False,0.012279000002308749,1.0,False,real,real-mistral-small3.1-N2000,gt,frac-0.05,2000
36,log:G5,The post recommends a product or a service.,rewrite,1990,1333,34,623,0,1.0,1.0,1.0,115,0.92,False,1.0,False,0.005846458996529691,1.0,False,real,real-mistral-small3.1-N2000,gt,frac-0.05,2000
37,log:H1,The post asks for technical help with computer hardware.,exact-hit,0,0,0,0,0,1.0,1.0,1.0,188,,,,,1.7166996258310974e-05,1.0,,real,real-mistral-small3.1-N2000,gt,frac-0.05,2000
38,log:H2,The post is selling something.,rewrite,2000,1399,31,570,0,1.0,1.0,1.0,84,1.0,False,1.0,False,0.004607707989634946,1.0,False,real,real-mistral-small3.1-N2000,gt,frac-0.05,2000
39,log:H3,The post is about a motor vehicle.,rewrite,2000,1386,31,583,0,1.0,1.0,1.0,144,1.0,False,1.0,False,0.0027660829946398735,1.0,False,real,real-mistral-small3.1-N2000,gt,frac-0.05,2000
40,log:H4,The post is about a car or a motorcycle.,rewrite,2000,1386,31,583,0,1.0,1.0,1.0,143,1.0,False,1.0,False,0.0028334169910522178,1.0,False,real,real-mistral-small3.1-N2000,gt,frac-0.05,2000
41,log:H5,The post gives advice about maintaining a vehicle.,rewrite,2000,1343,33,624,0,1.0,1.0,1.0,11,1.0,False,1.0,False,0.0028480420005507767,1.0,False,real,real-mistral-small3.1-N2000,gt,frac-0.05,2000
42,log:H6,The tone of the post is angry or annoyed.,rewrite,1996,382,81,1533,0,1.0,0.9924812030075187,0.9962264150943396,266,0.9850746268656716,False,1.0,False,0.0010084170062327757,0.9924812030075187,False,real,real-mistral-small3.1-N2000,gt,frac-0.05,2000
43,log:H7,The post is about a computer operating system.,rewrite,1994,687,66,1241,0,1.0,1.0,1.0,101,0.9439252336448598,False,1.0,False,0.0019917089957743883,1.0,False,real,real-mistral-small3.1-N2000,gt,frac-0.05,2000
44,log:H8,The post is a for-sale advertisement.,rewrite,1992,76,97,1819,0,1.0,1.0,1.0,74,0.9024390243902439,False,1.0,False,0.0009429589990759268,1.0,False,real,real-mistral-small3.1-N2000,gt,frac-0.05,2000
45,log:H9,The post discusses encryption algorithms or key management.,rewrite,2000,56,98,1846,0,1.0,1.0,1.0,36,1.0,False,1.0,False,0.000815708001027815,1.0,False,real,real-mistral-small3.1-N2000,gt,frac-0.05,2000
46,log:H10,The post asks a question about computer hardware.,rewrite,1993,1491,26,476,0,1.0,1.0,1.0,181,0.9627659574468085,False,1.0,False,0.0026429169956827536,1.0,False,real,real-mistral-small3.1-N2000,gt,frac-0.05,2000
0,log:A1,The post asks for technical help with computer hardware.,cold,2000,2000,0,0,0,1.0,1.0,1.0,188,,,,,4.695799725595862e-05,1.0,,real,real-mistral-small3.1-N2000,gt,frac-0.10,2000
1,log:A2,The post asks for technical help with a personal computer's hardware.,cold,2000,2000,0,0,0,1.0,1.0,1.0,147,,,,,3.9000005926936865e-05,1.0,,real,real-mistral-small3.1-N2000,gt,frac-0.10,2000
2,log:A3,The post is a request for technical assistance concerning computer hardware.,cold,2000,2000,0,0,0,1.0,1.0,1.0,155,,,,,3.7124991649761796e-05,1.0,,real,real-mistral-small3.1-N2000,gt,frac-0.10,2000
3,log:A4,The post asks for help with Macintosh hardware.,cold,2000,2000,0,0,0,1.0,1.0,1.0,33,,,,,3.949999518226832e-05,1.0,,real,real-mistral-small3.1-N2000,gt,frac-0.10,2000
4,log:A5,The post describes a hardware problem the author is experiencing.,cold,2000,2000,0,0,0,1.0,1.0,1.0,89,,,,,4.4917003833688796e-05,1.0,,real,real-mistral-small3.1-N2000,gt,frac-0.10,2000
5,log:B1,The post offers an item for sale.,rewrite,1997,1773,23,201,0,1.0,1.0,1.0,78,0.9629629629629629,False,1.0,False,0.0009133749990724027,1.0,False,real,real-mistral-small3.1-N2000,gt,frac-0.10,2000
6,log:B2,The post offers a computer or a computer part for sale.,rewrite,1997,1773,23,201,0,1.0,1.0,1.0,29,0.90625,False,1.0,False,0.0008951670024544001,1.0,False,real,real-mistral-small3.1-N2000,gt,frac-0.10,2000
7,log:B3,The post mentions a specific price in dollars.,cold,2000,2000,0,0,0,1.0,1.0,1.0,140,,,,,7.100000220816582e-05,1.0,,real,real-mistral-small3.1-N2000,gt,frac-0.10,2000
8,log:B4,The post is an advertisement.,rewrite,1991,1773,23,195,0,1.0,1.0,1.0,94,0.912621359223301,False,1.0,False,0.000901624996913597,1.0,False,real,real-mistral-small3.1-N2000,gt,frac-0.10,2000
9,log:B5,The post is looking to buy something rather than to sell something.,rewrite,1994,1900,20,74,0,1.0,1.0,1.0,148,0.961038961038961,False,1.0,False,0.0005221250030444935,1.0,False,real,real-mistral-small3.1-N2000,gt,frac-0.10,2000
10,log:C1,The post discusses a professional sports team.,rewrite,1986,1672,33,281,0,1.0,1.0,1.0,134,0.9054054054054054,False,1.0,False,0.0014732080016983673,1.0,False,real,real-mistral-small3.1-N2000,gt,frac-0.10,2000
11,log:C2,The post discusses a professional baseball team.,rewrite,1996,130,187,1679,0,1.0,0.9848484848484849,0.9923664122137404,66,0.9420289855072463,False,1.0,False,0.0007585839921375737,0.9848484848484849,False,real,real-mistral-small3.1-N2000,gt,frac-0.10,2000
12,log:C3,The post mentions a player's statistics.,rewrite,1996,1625,38,333,0,1.0,1.0,1.0,50,0.9259259259259259,False,1.0,False,0.0017665830091573298,1.0,False,real,real-mistral-small3.1-N2000,gt,frac-0.10,2000
13,log:C4,The post is about a sporting event that has already taken place.,rewrite,1994,1625,38,331,0,1.0,1.0,1.0,66,0.9166666666666666,False,1.0,False,0.0018322500109206885,1.0,False,real,real-mistral-small3.1-N2000,gt,frac-0.10,2000
14,log:C5,The post is about sports.,rewrite,1901,1519,74,308,0,0.994413407821229,1.0,0.9971988795518207,178,0.9681528662420382,False,0.8491620111731844,False,0.0022005830105626956,1.0,False,real,real-mistral-small3.1-N2000,gt,frac-0.10,2000
15,log:D1,The post argues about politics.,rewrite,1995,1537,47,411,0,1.0,1.0,1.0,193,0.9747474747474747,False,1.0,False,0.0023187919869087636,1.0,False,real,real-mistral-small3.1-N2000,gt,frac-0.10,2000
16,log:D2,The post argues about gun control policy.,rewrite,2000,1561,44,395,0,1.0,1.0,1.0,30,1.0,False,1.0,False,0.002278750005643815,1.0,False,real,real-mistral-small3.1-N2000,gt,frac-0.10,2000
17,log:D3,The post expresses a religious belief.,rewrite,1995,1599,41,355,0,1.0,1.0,1.0,97,0.9509803921568627,False,1.0,False,0.0023244589974638075,1.0,False,real,real-mistral-small3.1-N2000,gt,frac-0.10,2000
18,log:D4,The post argues about religion.,rewrite,1997,1599,41,357,0,1.0,1.0,1.0,181,0.9836956521739131,False,1.0,False,0.002376832999289036,1.0,False,real,real-mistral-small3.1-N2000,gt,frac-0.10,2000
19,log:D5,The post discusses the Middle East.,rewrite,1996,1599,41,356,0,1.0,1.0,1.0,39,0.9069767441860465,False,1.0,False,0.0023739169992040843,1.0,False,real,real-mistral-small3.1-N2000,gt,frac-0.10,2000
20,log:D6,The post criticizes a government or a government policy.,rewrite,1995,1537,47,411,0,1.0,1.0,1.0,173,0.9719101123595506,False,1.0,False,0.002095375006319955,1.0,False,real,real-mistral-small3.1-N2000,gt,frac-0.10,2000
21,log:E1,The author of the post is frustrated or angry.,rewrite,1920,1900,20,0,0,1.0,1.0,1.0,386,0.9578163771712159,False,1.0,False,0.0009329580061603338,1.0,False,real,real-mistral-small3.1-N2000,gt,frac-0.10,2000
22,log:E2,The post contains a question.,cold,2000,2000,0,0,0,1.0,1.0,1.0,875,,,,,0.00015208299737423658,1.0,,real,real-mistral-small3.1-N2000,gt,frac-0.10,2000
23,log:E3,The post quotes another message.,cold,2000,2000,0,0,0,1.0,1.0,1.0,271,,,,,0.00014879199443385005,1.0,,real,real-mistral-small3.1-N2000,gt,frac-0.10,2000
24,log:E4,The post uses technical jargon.,rewrite,1848,1803,40,5,0,0.9967284623773174,1.0,0.9983615510649918,914,1.0,False,0.9661941112322792,False,0.0006395829987013713,1.0,False,real,real-mistral-small3.1-N2000,gt,frac-0.10,2000
25,log:E5,The post makes a factual claim that could be checked.,cold,2000,2000,0,0,0,1.0,1.0,1.0,366,,,,,0.00016570799925830215,1.0,,real,real-mistral-small3.1-N2000,gt,frac-0.10,2000
26,log:F1,The post discusses medicine or health.,rewrite,1996,1465,54,477,0,1.0,1.0,1.0,100,0.9615384615384616,False,1.0,False,0.002471584011800587,1.0,False,real,real-mistral-small3.1-N2000,gt,frac-0.10,2000
27,log:F2,The post discusses a specific disease or medical condition.,rewrite,1997,96,191,1710,0,1.0,1.0,1.0,40,0.9302325581395349,False,1.0,False,0.0009002500009955838,1.0,False,real,real-mistral-small3.1-N2000,gt,frac-0.10,2000
28,log:F3,The post discusses space or astronomy.,rewrite,1995,1393,61,541,0,1.0,1.0,1.0,62,0.9253731343283582,False,1.0,False,0.005323958001099527,1.0,False,real,real-mistral-small3.1-N2000,gt,frac-0.10,2000
29,log:F4,The post discusses cryptography or encryption.,rewrite,2000,1469,54,477,0,1.0,1.0,1.0,56,1.0,False,1.0,False,0.005703792005078867,1.0,False,real,real-mistral-small3.1-N2000,gt,frac-0.10,2000
30,log:F5,The post discusses computer security.,rewrite,2000,1469,54,477,0,1.0,1.0,1.0,49,1.0,False,1.0,False,0.004753917004563846,1.0,False,real,real-mistral-small3.1-N2000,gt,frac-0.10,2000
31,log:F6,The post discusses science.,rewrite,1990,1488,52,450,0,1.0,1.0,1.0,154,0.9390243902439024,False,1.0,False,0.033806499995989725,1.0,False,real,real-mistral-small3.1-N2000,gt,frac-0.10,2000
32,log:G1,The post mentions an operating system.,rewrite,1995,690,131,1174,0,1.0,1.0,1.0,173,0.9719101123595506,False,1.0,False,0.0023891669989097863,1.0,False,real,real-mistral-small3.1-N2000,gt,frac-0.10,2000
33,log:G2,The post mentions Microsoft Windows.,rewrite,1996,667,134,1195,0,1.0,1.0,1.0,71,0.9466666666666667,False,1.0,False,0.002602791995741427,1.0,False,real,real-mistral-small3.1-N2000,gt,frac-0.10,2000
34,log:G3,The post mentions the X Window System.,rewrite,1997,667,134,1196,0,1.0,1.0,1.0,75,0.9615384615384616,False,1.0,False,0.0025945419911295176,1.0,False,real,real-mistral-small3.1-N2000,gt,frac-0.10,2000
35,log:G4,The post discusses software rather than hardware.,rewrite,2000,1274,73,653,0,1.0,1.0,1.0,195,1.0,False,1.0,False,0.0028788330091629177,1.0,False,real,real-mistral-small3.1-N2000,gt,frac-0.10,2000
36,log:G5,The post recommends a product or a service.,rewrite,1992,1333,67,592,0,1.0,1.0,1.0,115,0.9349593495934959,False,1.0,False,0.002718249990721233,1.0,False,real,real-mistral-small3.1-N2000,gt,frac-0.10,2000
37,log:H1,The post asks for technical help with computer hardware.,exact-hit,0,0,0,0,0,1.0,1.0,1.0,188,,,,,8.125003660097718e-06,1.0,,real,real-mistral-small3.1-N2000,gt,frac-0.10,2000
38,log:H2,The post is selling something.,rewrite,2000,1399,61,540,0,1.0,1.0,1.0,84,1.0,False,1.0,False,0.0027646660018945113,1.0,False,real,real-mistral-small3.1-N2000,gt,frac-0.10,2000
39,log:H3,The post is about a motor vehicle.,rewrite,2000,1386,62,552,0,1.0,1.0,1.0,144,1.0,False,1.0,False,0.002862542009097524,1.0,False,real,real-mistral-small3.1-N2000,gt,frac-0.10,2000
40,log:H4,The post is about a car or a motorcycle.,rewrite,2000,1386,62,552,0,1.0,1.0,1.0,143,1.0,False,1.0,False,0.0028249169990886003,1.0,False,real,real-mistral-small3.1-N2000,gt,frac-0.10,2000
41,log:H5,The post gives advice about maintaining a vehicle.,rewrite,2000,1343,66,591,0,1.0,1.0,1.0,11,1.0,False,1.0,False,0.0027897499967366457,1.0,False,real,real-mistral-small3.1-N2000,gt,frac-0.10,2000
42,log:H6,The tone of the post is angry or annoyed.,rewrite,1996,382,162,1452,0,1.0,0.9924812030075187,0.9962264150943396,266,0.9850746268656716,False,1.0,False,0.0009841249993769452,0.9924812030075187,False,real,real-mistral-small3.1-N2000,gt,frac-0.10,2000
43,log:H7,The post is about a computer operating system.,rewrite,1993,687,132,1174,0,1.0,1.0,1.0,101,0.9351851851851852,False,1.0,False,0.003527417007717304,1.0,False,real,real-mistral-small3.1-N2000,gt,frac-0.10,2000
44,log:H8,The post is a for-sale advertisement.,rewrite,1993,76,193,1724,0,1.0,1.0,1.0,74,0.9135802469135802,False,1.0,False,0.0023185409954749048,1.0,False,real,real-mistral-small3.1-N2000,gt,frac-0.10,2000
45,log:H9,The post discusses encryption algorithms or key management.,rewrite,2000,56,195,1749,0,1.0,1.0,1.0,36,1.0,False,1.0,False,0.02223000000230968,1.0,False,real,real-mistral-small3.1-N2000,gt,frac-0.10,2000
46,log:H10,The post asks a question about computer hardware.,rewrite,1993,1491,51,451,0,1.0,1.0,1.0,181,0.9627659574468085,False,1.0,False,0.002617833000840619,1.0,False,real,real-mistral-small3.1-N2000,gt,frac-0.10,2000
0,log:A1,The post asks for technical help with computer hardware.,cold,2000,2000,0,0,0,1.0,1.0,1.0,188,,,,,5.3750001825392246e-05,1.0,,real,real-mistral-small3.1-N2000,gt,recall-only,2000
1,log:A2,The post asks for technical help with a personal computer's hardware.,cold,2000,2000,0,0,0,1.0,1.0,1.0,147,,,,,4.320900188758969e-05,1.0,,real,real-mistral-small3.1-N2000,gt,recall-only,2000
2,log:A3,The post is a request for technical assistance concerning computer hardware.,cold,2000,2000,0,0,0,1.0,1.0,1.0,155,,,,,3.937499423045665e-05,1.0,,real,real-mistral-small3.1-N2000,gt,recall-only,2000
3,log:A4,The post asks for help with Macintosh hardware.,cold,2000,2000,0,0,0,1.0,1.0,1.0,33,,,,,4.108400025870651e-05,1.0,,real,real-mistral-small3.1-N2000,gt,recall-only,2000
4,log:A5,The post describes a hardware problem the author is experiencing.,cold,2000,2000,0,0,0,1.0,1.0,1.0,89,,,,,4.57499991171062e-05,1.0,,real,real-mistral-small3.1-N2000,gt,recall-only,2000
5,log:B1,The post offers an item for sale.,rewrite,1922,1773,149,0,0,1.0,1.0,1.0,78,0.9512195121951219,False,,,0.000975125003606081,1.0,False,real,real-mistral-small3.1-N2000,gt,recall-only,2000
6,log:B2,The post offers a computer or a computer part for sale.,rewrite,2000,1773,0,227,0,1.0,1.0,1.0,29,1.0,False,,,0.00015750000602565706,1.0,False,real,real-mistral-small3.1-N2000,gt,recall-only,2000
7,log:B3,The post mentions a specific price in dollars.,cold,2000,2000,0,0,0,1.0,1.0,1.0,140,,,,,6.804199074395001e-05,1.0,,real,real-mistral-small3.1-N2000,gt,recall-only,2000
8,log:B4,The post is an advertisement.,rewrite,1896,1773,123,0,0,1.0,1.0,1.0,94,0.9494949494949495,False,,,0.001013166009215638,1.0,False,real,real-mistral-small3.1-N2000,gt,recall-only,2000
9,log:B5,The post is looking to buy something rather than to sell something.,rewrite,1932,1900,32,0,0,1.0,1.0,1.0,148,0.9367088607594937,False,,,0.0009152499987976626,1.0,False,real,real-mistral-small3.1-N2000,gt,recall-only,2000
10,log:C1,The post discusses a professional sports team.,rewrite,1814,1672,142,0,0,1.0,0.9925373134328358,0.9962546816479401,134,0.9366197183098591,False,,,0.0012309159938013181,0.9925373134328358,False,real,real-mistral-small3.1-N2000,gt,recall-only,2000
11,log:C2,The post discusses a professional baseball team.,rewrite,1474,130,1344,0,0,1.0,1.0,1.0,66,0.9295774647887324,False,,,0.0013491249992512167,1.0,False,real,real-mistral-small3.1-N2000,gt,recall-only,2000
12,log:C3,The post mentions a player's statistics.,rewrite,2000,1625,0,375,0,1.0,1.0,1.0,50,1.0,False,,,0.0002356670011067763,1.0,False,real,real-mistral-small3.1-N2000,gt,recall-only,2000
13,log:C4,The post is about a sporting event that has already taken place.,rewrite,1960,1625,335,0,0,1.0,1.0,1.0,66,0.9705882352941176,False,,,0.0009054580004885793,1.0,False,real,real-mistral-small3.1-N2000,gt,recall-only,2000
14,log:C5,The post is about sports.,rewrite,1751,1519,219,13,0,1.0,1.0,1.0,178,0.9184782608695652,False,,,0.0016380000015487894,1.0,False,real,real-mistral-small3.1-N2000,gt,recall-only,2000
15,log:D1,The post argues about politics.,rewrite,1676,1537,139,0,0,1.0,0.9948186528497409,0.9974025974025974,193,0.9320388349514563,False,,,0.018019750001258217,0.9948186528497409,False,real,real-mistral-small3.1-N2000,gt,recall-only,2000
16,log:D2,The post argues about gun control policy.,rewrite,2000,1560,0,440,0,1.0,1.0,1.0,30,1.0,False,,,0.0007482920045731589,1.0,False,real,real-mistral-small3.1-N2000,gt,recall-only,2000
17,log:D3,The post expresses a religious belief.,rewrite,1841,1599,242,0,0,1.0,1.0,1.0,97,0.9326923076923077,False,,,0.010231917010969482,1.0,False,real,real-mistral-small3.1-N2000,gt,recall-only,2000
18,log:D4,The post argues about religion.,rewrite,1727,1599,128,0,0,1.0,1.0,1.0,181,0.9095477386934674,False,,,0.002933999989181757,1.0,False,real,real-mistral-small3.1-N2000,gt,recall-only,2000
19,log:D5,The post discusses the Middle East.,rewrite,2000,1599,0,401,0,1.0,1.0,1.0,39,1.0,False,,,0.0007209579925984144,1.0,False,real,real-mistral-small3.1-N2000,gt,recall-only,2000
20,log:D6,The post criticizes a government or a government policy.,rewrite,1692,1537,155,0,0,1.0,1.0,1.0,173,0.9105263157894737,False,,,0.0033782919927034527,1.0,False,real,real-mistral-small3.1-N2000,gt,recall-only,2000
21,log:E1,The author of the post is frustrated or angry.,rewrite,1920,1900,20,0,0,1.0,1.0,1.0,386,0.9578163771712159,False,,,0.0010495840106159449,1.0,False,real,real-mistral-small3.1-N2000,gt,recall-only,2000
22,log:E2,The post contains a question.,cold,2000,2000,0,0,0,1.0,1.0,1.0,875,,,,,0.00016187499568331987,1.0,,real,real-mistral-small3.1-N2000,gt,recall-only,2000
23,log:E3,The post quotes another message.,cold,2000,2000,0,0,0,1.0,1.0,1.0,271,,,,,0.00015537500439677387,1.0,,real,real-mistral-small3.1-N2000,gt,recall-only,2000
24,log:E4,The post uses technical jargon.,rewrite,1880,1803,39,38,0,0.9967284623773174,1.0,0.9983615510649918,914,1.0,False,,,0.0005047500017099082,1.0,False,real,real-mistral-small3.1-N2000,gt,recall-only,2000
25,log:E5,The post makes a factual claim that could be checked.,cold,2000,2000,0,0,0,1.0,1.0,1.0,366,,,,,0.00016641699767205864,1.0,,real,real-mistral-small3.1-N2000,gt,recall-only,2000
26,log:F1,The post discusses medicine or health.,rewrite,1781,1464,317,0,0,1.0,0.99,0.9949748743718593,100,0.9339622641509434,False,,,0.001302666001720354,0.99,False,real,real-mistral-small3.1-N2000,gt,recall-only,2000
27,log:F2,The post discusses a specific disease or medical condition.,rewrite,2000,95,0,1905,0,1.0,1.0,1.0,40,1.0,False,,,0.0003345840086694807,1.0,False,real,real-mistral-small3.1-N2000,gt,recall-only,2000
28,log:F3,The post discusses space or astronomy.,rewrite,1963,1392,571,0,0,1.0,1.0,1.0,62,0.9841269841269841,False,,,0.0010546249977778643,1.0,False,real,real-mistral-small3.1-N2000,gt,recall-only,2000
29,log:F4,The post discusses cryptography or encryption.,rewrite,2000,1468,0,532,0,1.0,1.0,1.0,56,1.0,False,,,0.0003227499983040616,1.0,False,real,real-mistral-small3.1-N2000,gt,recall-only,2000
30,log:F5,The post discusses computer security.,rewrite,2000,1468,0,532,0,1.0,1.0,1.0,49,1.0,False,,,0.00030008300382178277,1.0,False,real,real-mistral-small3.1-N2000,gt,recall-only,2000
31,log:F6,The post discusses science.,rewrite,1683,1487,196,0,0,1.0,0.9935064935064936,0.9967426710097721,154,0.9,False,,,0.0013669579930137843,0.9935064935064936,False,real,real-mistral-small3.1-N2000,gt,recall-only,2000
32,log:G1,The post mentions an operating system.,rewrite,1144,689,455,0,0,1.0,0.9884393063583815,0.994186046511628,173,0.9344262295081968,False,,,0.0022449999960372224,0.9884393063583815,False,real,real-mistral-small3.1-N2000,gt,recall-only,2000
33,log:G2,The post mentions Microsoft Windows.,rewrite,1784,667,1117,0,0,1.0,1.0,1.0,71,0.9726027397260274,False,,,0.0035614590015029535,1.0,False,real,real-mistral-small3.1-N2000,gt,recall-only,2000
34,log:G3,The post mentions the X Window System.,rewrite,1739,667,1072,0,0,1.0,1.0,1.0,75,0.9493670886075949,False,,,0.0031538750045001507,1.0,False,real,real-mistral-small3.1-N2000,gt,recall-only,2000
35,log:G4,The post discusses software rather than hardware.,rewrite,1493,1273,220,0,0,1.0,0.9846153846153847,0.9922480620155039,195,0.909952606635071,False,,,0.0028707909950753674,0.9846153846153847,False,real,real-mistral-small3.1-N2000,gt,recall-only,2000
36,log:G5,The post recommends a product or a service.,rewrite,1678,1332,346,0,0,1.0,0.991304347826087,0.9956331877729258,115,0.912,False,,,0.0014647079951828346,0.991304347826087,False,real,real-mistral-small3.1-N2000,gt,recall-only,2000
37,log:H1,The post asks for technical help with computer hardware.,exact-hit,0,0,0,0,0,1.0,1.0,1.0,188,,,,,8.500006515532732e-06,1.0,,real,real-mistral-small3.1-N2000,gt,recall-only,2000
38,log:H2,The post is selling something.,rewrite,1815,1400,415,0,0,1.0,1.0,1.0,84,0.9545454545454546,False,,,0.0013864159991499037,1.0,False,real,real-mistral-small3.1-N2000,gt,recall-only,2000
39,log:H3,The post is about a motor vehicle.,rewrite,1633,1386,247,0,0,1.0,1.0,1.0,144,0.9411764705882353,False,,,0.0014339160115923733,1.0,False,real,real-mistral-small3.1-N2000,gt,recall-only,2000
40,log:H4,The post is about a car or a motorcycle.,rewrite,1635,1386,249,0,0,1.0,1.0,1.0,143,0.9407894736842105,False,,,0.0014157080004224554,1.0,False,real,real-mistral-small3.1-N2000,gt,recall-only,2000
41,log:H5,The post gives advice about maintaining a vehicle.,rewrite,2000,1342,0,658,0,1.0,1.0,1.0,11,1.0,False,,,0.0003945839998777956,1.0,False,real,real-mistral-small3.1-N2000,gt,recall-only,2000
42,log:H6,The tone of the post is angry or annoyed.,rewrite,664,382,282,0,0,1.0,0.9887218045112782,0.9943289224952742,266,0.926056338028169,False,,,0.0015151659899856895,0.9887218045112782,False,real,real-mistral-small3.1-N2000,gt,recall-only,2000
43,log:H7,The post is about a computer operating system.,rewrite,1467,687,780,0,0,1.0,1.0,1.0,101,0.9351851851851852,False,,,0.001527250002254732,1.0,False,real,real-mistral-small3.1-N2000,gt,recall-only,2000
44,log:H8,The post is a for-sale advertisement.,rewrite,1272,76,1196,0,0,1.0,1.0,1.0,74,0.9487179487179487,False,,,0.004470125000807457,1.0,False,real,real-mistral-small3.1-N2000,gt,recall-only,2000
45,log:H9,The post discusses encryption algorithms or key management.,rewrite,2000,56,0,1944,0,1.0,1.0,1.0,36,1.0,False,,,0.00043775000085588545,1.0,False,real,real-mistral-small3.1-N2000,gt,recall-only,2000
46,log:H10,The post asks a question about computer hardware.,rewrite,1654,1491,163,0,0,1.0,1.0,1.0,181,0.9095477386934674,False,,,0.0015049169887788594,1.0,False,real,real-mistral-small3.1-N2000,gt,recall-only,2000
0,log:A1,The post asks for technical help with computer hardware.,cold,2000,2000,0,0,0,1.0,1.0,1.0,188,,,,,8.499999239575118e-05,1.0,,real,real-mistral-small3.1-N2000,gt,recall-trust,2000
1,log:A2,The post asks for technical help with a personal computer's hardware.,cold,2000,2000,0,0,0,1.0,1.0,1.0,147,,,,,4.68340003862977e-05,1.0,,real,real-mistral-small3.1-N2000,gt,recall-trust,2000
2,log:A3,The post is a request for technical assistance concerning computer hardware.,cold,2000,2000,0,0,0,1.0,1.0,1.0,155,,,,,4.0332990465685725e-05,1.0,,real,real-mistral-small3.1-N2000,gt,recall-trust,2000
3,log:A4,The post asks for help with Macintosh hardware.,cold,2000,2000,0,0,0,1.0,1.0,1.0,33,,,,,4.091700247954577e-05,1.0,,real,real-mistral-small3.1-N2000,gt,recall-trust,2000
4,log:A5,The post describes a hardware problem the author is experiencing.,cold,2000,2000,0,0,0,1.0,1.0,1.0,89,,,,,4.766599158756435e-05,1.0,,real,real-mistral-small3.1-N2000,gt,recall-trust,2000
5,log:B1,The post offers an item for sale.,rewrite,1922,1773,149,0,0,1.0,1.0,1.0,78,0.9512195121951219,False,,,0.0011099590046796948,1.0,False,real,real-mistral-small3.1-N2000,gt,recall-trust,2000
6,log:B2,The post offers a computer or a computer part for sale.,rewrite,2000,1773,0,227,0,1.0,1.0,1.0,29,1.0,False,,,0.00020737499289680272,1.0,False,real,real-mistral-small3.1-N2000,gt,recall-trust,2000
7,log:B3,The post mentions a specific price in dollars.,cold,2000,2000,0,0,0,1.0,1.0,1.0,140,,,,,7.262500002980232e-05,1.0,,real,real-mistral-small3.1-N2000,gt,recall-trust,2000
8,log:B4,The post is an advertisement.,rewrite,1896,1773,123,0,0,1.0,1.0,1.0,94,0.9494949494949495,False,,,0.0010525410034460947,1.0,False,real,real-mistral-small3.1-N2000,gt,recall-trust,2000
9,log:B5,The post is looking to buy something rather than to sell something.,rewrite,1932,1900,32,0,0,1.0,1.0,1.0,148,0.9367088607594937,False,,,0.0009134160063695163,1.0,False,real,real-mistral-small3.1-N2000,gt,recall-trust,2000
10,log:C1,The post discusses a professional sports team.,rewrite,1814,1672,142,0,0,1.0,0.9925373134328358,0.9962546816479401,134,0.9366197183098591,False,,,0.0011907079897355288,0.9925373134328358,False,real,real-mistral-small3.1-N2000,gt,recall-trust,2000
11,log:C2,The post discusses a professional baseball team.,rewrite,1474,130,1344,0,0,1.0,1.0,1.0,66,0.9295774647887324,False,,,0.0013250409974716604,1.0,False,real,real-mistral-small3.1-N2000,gt,recall-trust,2000
12,log:C3,The post mentions a player's statistics.,rewrite,2000,1625,0,375,0,1.0,1.0,1.0,50,1.0,False,,,0.00023754099674988538,1.0,False,real,real-mistral-small3.1-N2000,gt,recall-trust,2000
13,log:C4,The post is about a sporting event that has already taken place.,rewrite,1960,1625,335,0,0,1.0,1.0,1.0,66,0.9705882352941176,False,,,0.0009013329981826246,1.0,False,real,real-mistral-small3.1-N2000,gt,recall-trust,2000
14,log:C5,The post is about sports.,rewrite,1854,1519,0,335,0,0.9888888888888889,1.0,0.9944134078212291,178,1.0,False,,,0.00026166700990870595,1.0,False,real,real-mistral-small3.1-N2000,gt,recall-trust,2000
15,log:D1,The post argues about politics.,rewrite,1676,1537,139,0,0,1.0,0.9948186528497409,0.9974025974025974,193,0.9320388349514563,False,,,0.0012916249979753047,0.9948186528497409,False,real,real-mistral-small3.1-N2000,gt,recall-trust,2000
16,log:D2,The post argues about gun control policy.,rewrite,2000,1560,0,440,0,1.0,1.0,1.0,30,1.0,False,,,0.00024420800036750734,1.0,False,real,real-mistral-small3.1-N2000,gt,recall-trust,2000
17,log:D3,The post expresses a religious belief.,rewrite,1841,1599,242,0,0,1.0,1.0,1.0,97,0.9326923076923077,False,,,0.0010997920035151765,1.0,False,real,real-mistral-small3.1-N2000,gt,recall-trust,2000
18,log:D4,The post argues about religion.,rewrite,1727,1599,128,0,0,1.0,0.994475138121547,0.9972299168975068,181,0.9326424870466321,False,,,0.0011912909976672381,0.994475138121547,False,real,real-mistral-small3.1-N2000,gt,recall-trust,2000
19,log:D5,The post discusses the Middle East.,rewrite,2000,1599,0,401,0,1.0,1.0,1.0,39,1.0,False,,,0.0002521249989513308,1.0,False,real,real-mistral-small3.1-N2000,gt,recall-trust,2000
20,log:D6,The post criticizes a government or a government policy.,rewrite,1692,1537,155,0,0,1.0,0.9942196531791907,0.9971014492753623,173,0.9347826086956522,False,,,0.0012790000037057325,0.9942196531791907,False,real,real-mistral-small3.1-N2000,gt,recall-trust,2000
21,log:E1,The author of the post is frustrated or angry.,rewrite,1920,1900,20,0,0,1.0,1.0,1.0,386,0.9578163771712159,False,,,0.0009534169948892668,1.0,False,real,real-mistral-small3.1-N2000,gt,recall-trust,2000
22,log:E2,The post contains a question.,cold,2000,2000,0,0,0,1.0,1.0,1.0,875,,,,,0.00015187500684987754,1.0,,real,real-mistral-small3.1-N2000,gt,recall-trust,2000
23,log:E3,The post quotes another message.,cold,2000,2000,0,0,0,1.0,1.0,1.0,271,,,,,0.0001475000026402995,1.0,,real,real-mistral-small3.1-N2000,gt,recall-trust,2000
24,log:E4,The post uses technical jargon.,rewrite,1803,1803,0,0,0,0.9956427015250545,1.0,0.9978165938864628,914,1.0,False,,,0.00019266600429546088,1.0,False,real,real-mistral-small3.1-N2000,gt,recall-trust,2000
25,log:E5,The post makes a factual claim that could be checked.,cold,2000,2000,0,0,0,1.0,1.0,1.0,366,,,,,0.0001589170133229345,1.0,,real,real-mistral-small3.1-N2000,gt,recall-trust,2000
26,log:F1,The post discusses medicine or health.,rewrite,1782,1465,317,0,0,1.0,0.99,0.9949748743718593,100,0.9339622641509434,False,,,0.0013002080086153,0.99,False,real,real-mistral-small3.1-N2000,gt,recall-trust,2000
27,log:F2,The post discusses a specific disease or medical condition.,rewrite,2000,95,0,1905,0,1.0,1.0,1.0,40,1.0,False,,,0.0002793329913401976,1.0,False,real,real-mistral-small3.1-N2000,gt,recall-trust,2000
28,log:F3,The post discusses space or astronomy.,rewrite,1963,1393,570,0,0,1.0,1.0,1.0,62,0.9841269841269841,False,,,0.0009979169990401715,1.0,False,real,real-mistral-small3.1-N2000,gt,recall-trust,2000
29,log:F4,The post discusses cryptography or encryption.,rewrite,2000,1469,0,531,0,1.0,1.0,1.0,56,1.0,False,,,0.0003144170041196048,1.0,False,real,real-mistral-small3.1-N2000,gt,recall-trust,2000
30,log:F5,The post discusses computer security.,rewrite,2000,1469,0,531,0,1.0,1.0,1.0,49,1.0,False,,,0.0002991250075865537,1.0,False,real,real-mistral-small3.1-N2000,gt,recall-trust,2000
31,log:F6,The post discusses science.,rewrite,1683,1487,196,0,0,1.0,0.987012987012987,0.9934640522875817,154,0.9156626506024096,False,,,0.0012879999994765967,0.987012987012987,False,real,real-mistral-small3.1-N2000,gt,recall-trust,2000
32,log:G1,The post mentions an operating system.,rewrite,1144,689,455,0,0,1.0,0.9884393063583815,0.994186046511628,173,0.9344262295081968,False,,,0.0015105420025065541,0.9884393063583815,False,real,real-mistral-small3.1-N2000,gt,recall-trust,2000
33,log:G2,The post mentions Microsoft Windows.,rewrite,1784,667,1117,0,0,1.0,1.0,1.0,71,0.9726027397260274,False,,,0.0013547909911721945,1.0,False,real,real-mistral-small3.1-N2000,gt,recall-trust,2000
34,log:G3,The post mentions the X Window System.,rewrite,1739,667,1072,0,0,1.0,1.0,1.0,75,0.9493670886075949,False,,,0.0013627919979626313,1.0,False,real,real-mistral-small3.1-N2000,gt,recall-trust,2000
35,log:G4,The post discusses software rather than hardware.,rewrite,1493,1273,220,0,0,1.0,0.9846153846153847,0.9922480620155039,195,0.909952606635071,False,,,0.004735208989586681,0.9846153846153847,False,real,real-mistral-small3.1-N2000,gt,recall-trust,2000
36,log:G5,The post recommends a product or a service.,rewrite,1678,1332,346,0,0,1.0,0.991304347826087,0.9956331877729258,115,0.912,False,,,0.0030992499960120767,0.991304347826087,False,real,real-mistral-small3.1-N2000,gt,recall-trust,2000
37,log:H1,The post asks for technical help with computer hardware.,exact-hit,0,0,0,0,0,1.0,1.0,1.0,188,,,,,1.695800165180117e-05,1.0,,real,real-mistral-small3.1-N2000,gt,recall-trust,2000
38,log:H2,The post is selling something.,rewrite,1815,1401,414,0,0,1.0,1.0,1.0,84,0.9545454545454546,False,,,0.003022542005055584,1.0,False,real,real-mistral-small3.1-N2000,gt,recall-trust,2000
39,log:H3,The post is about a motor vehicle.,rewrite,1633,1386,247,0,0,1.0,1.0,1.0,144,0.9411764705882353,False,,,0.002238957997178659,1.0,False,real,real-mistral-small3.1-N2000,gt,recall-trust,2000
40,log:H4,The post is about a car or a motorcycle.,rewrite,1635,1386,249,0,0,1.0,1.0,1.0,143,0.9407894736842105,False,,,0.001530541994725354,1.0,False,real,real-mistral-small3.1-N2000,gt,recall-trust,2000
41,log:H5,The post gives advice about maintaining a vehicle.,rewrite,2000,1342,0,658,0,1.0,1.0,1.0,11,1.0,False,,,0.0004257499967934564,1.0,False,real,real-mistral-small3.1-N2000,gt,recall-trust,2000
42,log:H6,The tone of the post is angry or annoyed.,rewrite,664,382,282,0,0,1.0,0.9887218045112782,0.9943289224952742,266,0.926056338028169,False,,,0.0015535419952357188,0.9887218045112782,False,real,real-mistral-small3.1-N2000,gt,recall-trust,2000
43,log:H7,The post is about a computer operating system.,rewrite,1467,687,780,0,0,1.0,0.9900990099009901,0.9950248756218906,101,0.9523809523809523,False,,,0.001543416001368314,0.9900990099009901,False,real,real-mistral-small3.1-N2000,gt,recall-trust,2000
44,log:H8,The post is a for-sale advertisement.,rewrite,1272,76,1196,0,0,1.0,1.0,1.0,74,0.9487179487179487,False,,,0.001611084007890895,1.0,False,real,real-mistral-small3.1-N2000,gt,recall-trust,2000
45,log:H9,The post discusses encryption algorithms or key management.,rewrite,2000,56,0,1944,0,1.0,1.0,1.0,36,1.0,False,,,0.0004567500000121072,1.0,False,real,real-mistral-small3.1-N2000,gt,recall-trust,2000
46,log:H10,The post asks a question about computer hardware.,rewrite,1654,1491,163,0,0,1.0,0.994475138121547,0.9972299168975068,181,0.9326424870466321,False,,,0.0016113339952426031,0.994475138121547,False,real,real-mistral-small3.1-N2000,gt,recall-trust,2000
