query_index,predicate_name,predicate_text,reuse_kind,oracle_calls,candidate_calls,audit_calls,escalation_calls,nli_pair_scores,precision,recall,f1,n_true_pos_rows,recall_bound,bound_violated,precision_bound,precision_bound_violated,latency_s,recall_oracle,bound_violated_oracle,method,corpus,n_rows,seed
0,group:motor vehicles#t0,The document is about motor vehicles.,proxy-cascade,4856,487,1309,3060,0,1.0,0.9725,0.9860583016476552,800,0.9384800965018094,False,1.0,False,0.008655084006022662,0.9725,False,proxy,20ng-sub7951,7951,0
1,group:religion#t3,This article covers the topic of religion.,proxy-cascade,4694,1011,471,3212,0,1.0,0.9904430929626412,0.9951986032300306,1151,0.9178743961352657,False,1.0,False,0.006702290993416682,0.9904430929626412,False,proxy,20ng-sub7951,7951,0
2,leaf:religious debate#t0,The document is about religious debate.,proxy-cascade,7951,7951,0,0,0,1.0,1.0,1.0,351,,,,,0.003139583015581593,1.0,,proxy,20ng-sub7951,7951,0
3,group:politics#t1,This text discusses politics.,proxy-cascade,4750,1078,493,3179,0,1.0,0.99,0.9949748743718593,1200,0.928125,False,1.0,False,0.00665770799969323,0.99,False,proxy,20ng-sub7951,7951,0
4,union:gun control|medicine#u0,The document is about gun control or about medicine.,proxy-cascade,5636,342,2918,2376,0,1.0,0.98,0.98989898989899,800,0.9619631901840491,False,1.0,False,0.006753916997695342,0.98,False,proxy,20ng-sub7951,7951,0
5,group:motor vehicles#t0,The document is about motor vehicles.,proxy-cascade,7951,7951,0,0,0,1.0,1.0,1.0,800,,,,,0.00041216702084057033,1.0,,proxy,20ng-sub7951,7951,0
6,group:politics#t1,This text discusses politics.,proxy-cascade,4762,3508,195,1059,0,1.0,0.99,0.9949748743718593,1200,0.9202168861347793,False,1.0,False,0.003097209002589807,0.99,False,proxy,20ng-sub7951,7951,0
7,group:religion#t0,The document is about religion.,proxy-cascade,3134,1124,425,1585,0,1.0,0.9669852302345786,0.9832155477031801,1151,0.9122950819672131,False,1.0,False,0.006158415984828025,0.9669852302345786,False,proxy,20ng-sub7951,7951,0
8,leaf:political debate#t1,This text discusses political debate.,proxy-cascade,7951,7951,0,0,0,1.0,1.0,1.0,400,,,,,0.0027039169799536467,1.0,,proxy,20ng-sub7951,7951,0
9,group:sports#t1,This text discusses sports.,proxy-cascade,3300,487,1266,1547,0,1.0,0.98625,0.9930774071743234,800,0.9381688466111772,False,1.0,False,0.005755916994530708,0.98625,False,proxy,20ng-sub7951,7951,0
10,group:science#t1,This text discusses science.,proxy-cascade,6361,1079,480,4802,0,1.0,0.9875,0.9937106918238994,1600,0.9382422802850356,False,1.0,False,0.007985916017787531,0.9875,False,proxy,20ng-sub7951,7951,0
11,leaf:hockey#t1,This text discusses hockey.,proxy-cascade,4209,343,2609,1257,0,1.0,0.985,0.9924433249370278,400,0.9403341288782816,False,1.0,False,0.005775249999715015,0.985,False,proxy,20ng-sub7951,7951,0
12,leaf:religious debate#t2,The passage is related to religious debate.,proxy-cascade,7951,7951,0,0,0,1.0,1.0,1.0,351,,,,,0.0030373749905265868,1.0,,proxy,20ng-sub7951,7951,0
13,leaf:political debate#t0,The document is about political debate.,proxy-cascade,7951,7951,0,0,0,1.0,1.0,1.0,400,,,,,0.003085415984969586,1.0,,proxy,20ng-sub7951,7951,0
14,leaf:items for sale#t3,This article covers the topic of items for sale.,proxy-cascade,4228,375,2598,1255,0,1.0,0.975,0.9873417721518987,400,0.9397590361445783,False,1.0,False,0.005728499992983416,0.975,False,proxy,20ng-sub7951,7951,0
15,leaf:Christianity#t3,This article covers the topic of Christianity.,proxy-cascade,5145,221,4000,924,0,1.0,0.9825,0.991172761664565,400,0.9401913875598086,False,1.0,False,0.005650375009281561,0.9825,False,proxy,20ng-sub7951,7951,0
16,union:electronics|hockey#u0,The document is about electronics or about hockey.,proxy-cascade,6418,873,847,4698,0,1.0,0.97875,0.9892608970309539,800,0.9211764705882353,False,1.0,False,0.0075602080032695085,0.97875,False,proxy,20ng-sub7951,7951,0
17,group:science#t2,The passage is related to science.,proxy-cascade,6404,1393,381,4630,0,1.0,0.98625,0.9930774071743234,1600,0.9348341232227488,False,1.0,False,0.008434792020125315,0.98625,False,proxy,20ng-sub7951,7951,0
18,group:computers#t1,This text discusses computers.,proxy-cascade,4717,1118,390,3209,0,1.0,0.9945,0.997242416645776,2000,0.9178587909552377,False,1.0,False,0.008015833009267226,0.9945,False,proxy,20ng-sub7951,7951,0
19,union:Macintosh hardware|items for sale#u1,This text discusses either Macintosh hardware or items for sale.,proxy-cascade,5439,363,2568,2508,0,1.0,0.99625,0.9981214777708203,800,0.9613992762364294,False,1.0,False,0.007521333987824619,0.99625,False,proxy,20ng-sub7951,7951,0
20,group:motor vehicles#t3,This article covers the topic of motor vehicles.,proxy-cascade,3732,400,1925,1407,0,1.0,0.9575,0.9782886334610472,800,0.9387254901960784,False,1.0,False,0.006839500012574717,0.9575,False,proxy,20ng-sub7951,7951,0
21,group:sports#t3,This article covers the topic of sports.,proxy-cascade,3231,522,1127,1582,0,1.0,0.98125,0.9905362776025236,800,0.9117305458768873,False,1.0,False,0.006477791001088917,0.98125,False,proxy,20ng-sub7951,7951,0
22,group:motor vehicles#t3,This article covers the topic of motor vehicles.,proxy-cascade,7951,2159,396,5396,0,1.0,1.0,1.0,800,1.0,False,1.0,False,0.003553290996933356,1.0,False,proxy,20ng-sub7951,7951,0
23,group:motor vehicles#t3,This article covers the topic of motor vehicles.,proxy-cascade,7951,7951,0,0,0,1.0,1.0,1.0,800,,,,,0.00041050001163966954,1.0,,proxy,20ng-sub7951,7951,0
24,union:PC hardware|cryptography#u0,The document is about PC hardware or about cryptography.,proxy-cascade,4927,511,1436,2980,0,1.0,0.96125,0.9802421924792861,800,0.9209580838323354,False,1.0,False,0.006615999998757616,0.96125,False,proxy,20ng-sub7951,7951,0
25,leaf:political debate#t1,This text discusses political debate.,proxy-cascade,5161,1256,1154,2751,0,1.0,0.98,0.98989898989899,400,0.9180327868852459,False,1.0,False,0.003437041013967246,0.98,False,proxy,20ng-sub7951,7951,0
26,union:Macintosh hardware|space exploration#u1,This text discusses either Macintosh hardware or space exploration.,proxy-cascade,5749,345,3176,2228,0,1.0,0.93375,0.9657401422107305,800,0.9043583535108959,False,1.0,False,0.006527499994263053,0.93375,False,proxy,20ng-sub7951,7951,0
27,leaf:baseball#t2,The passage is related to baseball.,proxy-cascade,7951,7951,0,0,0,1.0,1.0,1.0,400,,,,,0.002986458013765514,1.0,,proxy,20ng-sub7951,7951,0
28,group:computers#t0,The document is about computers.,proxy-cascade,4995,1797,224,2974,0,1.0,0.9915,0.9957318604067287,2000,0.9244755244755245,False,1.0,False,0.0068764580064453185,0.9915,False,proxy,20ng-sub7951,7951,0
29,leaf:baseball#t3,This article covers the topic of baseball.,proxy-cascade,4116,349,2507,1260,0,1.0,0.985,0.9924433249370278,400,0.9448441247002398,False,1.0,False,0.00567204097751528,0.985,False,proxy,20ng-sub7951,7951,0
30,leaf:electronics#t0,The document is about electronics.,proxy-cascade,6098,209,4000,1889,0,1.0,0.9725,0.9860583016476552,400,0.9373493975903614,False,1.0,False,0.006059667008230463,0.9725,False,proxy,20ng-sub7951,7951,0
31,union:PC hardware|items for sale#u1,This text discusses either PC hardware or items for sale.,proxy-cascade,4857,791,972,3094,0,1.0,0.99375,0.9968652037617556,800,0.9341950646298472,False,1.0,False,0.006534332991577685,0.99375,False,proxy,20ng-sub7951,7951,0
32,union:computer graphics|motorcycles#u0,The document is about computer graphics or about motorcycles.,proxy-cascade,5852,309,3502,2041,0,1.0,0.96125,0.9802421924792861,800,0.938949938949939,False,1.0,False,0.006518417008919641,0.96125,False,proxy,20ng-sub7951,7951,0
33,union:Macintosh hardware|electronics#u0,The document is about Macintosh hardware or about electronics.,proxy-cascade,6139,266,4000,1873,0,1.0,0.975,0.9873417721518987,800,0.9547123623011016,False,1.0,False,0.006966416985960677,0.975,False,proxy,20ng-sub7951,7951,0
34,group:computers#t1,This text discusses computers.,proxy-cascade,4313,4217,96,0,0,1.0,0.99,0.9949748743718593,2000,0.9200743494423792,False,1.0,False,0.0027832080086227506,0.99,False,proxy,20ng-sub7951,7951,0
35,group:religion#t1,This text discusses religion.,proxy-cascade,4807,1261,391,3155,0,1.0,0.9939183318853171,0.9969498910675381,1151,0.9400164338537387,False,1.0,False,0.006491042004199699,0.9939183318853171,False,proxy,20ng-sub7951,7951,0
36,group:computers#t0,The document is about computers.,proxy-cascade,5417,2746,143,2528,0,1.0,0.995,0.9974937343358395,2000,0.9221501390176089,False,1.0,False,0.0045461669797077775,0.995,False,proxy,20ng-sub7951,7951,0
37,union:Middle East affairs|items for sale#u1,This text discusses either Middle East affairs or items for sale.,proxy-cascade,4894,502,1306,3086,0,1.0,0.96375,0.9815404201145767,800,0.9244604316546763,False,1.0,False,0.007036333001451567,0.96375,False,proxy,20ng-sub7951,7951,0
38,leaf:the Microsoft Windows operating system#t1,This text discusses the Microsoft Windows operating system.,proxy-cascade,5189,258,4000,931,0,1.0,0.9375,0.967741935483871,400,0.9101941747572816,False,1.0,False,0.005488499999046326,0.9375,False,proxy,20ng-sub7951,7951,0
39,group:sports#t2,The passage is related to sports.,proxy-cascade,3128,577,956,1595,0,1.0,0.985,0.9924433249370278,800,0.9292452830188679,False,1.0,False,0.006928249989869073,0.985,False,proxy,20ng-sub7951,7951,0
40,leaf:motorcycles#t0,The document is about motorcycles.,proxy-cascade,5217,286,4000,931,0,1.0,0.9675,0.9834815756035579,400,0.9302884615384616,False,1.0,False,0.005585125007200986,0.9675,False,proxy,20ng-sub7951,7951,0
41,group:motor vehicles#t0,The document is about motor vehicles.,proxy-cascade,4725,870,612,3243,0,1.0,0.97,0.9847715736040609,800,0.91725768321513,False,1.0,False,0.00445408298401162,0.97,False,proxy,20ng-sub7951,7951,0
42,union:Christianity|political debate#u1,This text discusses either Christianity or political debate.,proxy-cascade,6081,259,4000,1822,0,1.0,0.9875,0.9937106918238994,800,0.9813664596273292,False,1.0,False,0.0065495839808136225,0.9875,False,proxy,20ng-sub7951,7951,0
43,group:motor vehicles#t2,The passage is related to motor vehicles.,proxy-cascade,3123,662,853,1608,0,1.0,0.96125,0.9802421924792861,800,0.9068396226415094,False,1.0,False,0.006720792007399723,0.96125,False,proxy,20ng-sub7951,7951,0
44,leaf:motorcycles#t2,The passage is related to motorcycles.,proxy-cascade,7951,7951,0,0,0,1.0,1.0,1.0,400,,,,,0.003343291988130659,1.0,,proxy,20ng-sub7951,7951,0
45,group:motor vehicles#t1,This text discusses motor vehicles.,proxy-cascade,3596,415,1733,1448,0,1.0,0.94875,0.9737010904425913,800,0.9089820359281438,False,1.0,False,0.005847624997841194,0.94875,False,proxy,20ng-sub7951,7951,0
46,group:religion#t0,The document is about religion.,proxy-cascade,4862,1421,355,3086,0,1.0,0.9947871416159861,0.9973867595818815,1151,0.9331703341483293,False,1.0,False,0.0037244160193949938,0.9947871416159861,False,proxy,20ng-sub7951,7951,0
47,group:sports#t3,This article covers the topic of sports.,proxy-cascade,6583,2134,384,4065,0,1.0,0.9975,0.9987484355444306,800,0.9161882893226176,False,1.0,False,0.0038803339994046837,0.9975,False,proxy,20ng-sub7951,7951,0
48,union:Macintosh hardware|cars#u1,This text discusses either Macintosh hardware or cars.,proxy-cascade,4979,1161,865,2953,0,1.0,0.9725,0.9860583016476552,800,0.9025522041763341,False,1.0,False,0.006892000004881993,0.9725,False,proxy,20ng-sub7951,7951,0
49,leaf:computer graphics#t1,This text discusses computer graphics.,proxy-cascade,7951,7951,0,0,0,1.0,1.0,1.0,400,,,,,0.0035513750044628978,1.0,,proxy,20ng-sub7951,7951,0
50,union:atheism|hockey#u1,This text discusses either atheism or hockey.,proxy-cascade,4929,489,1441,2999,0,1.0,0.96,0.9795918367346939,800,0.921968787515006,False,1.0,False,0.006630332994973287,0.96,False,proxy,20ng-sub7951,7951,0
51,leaf:items for sale#t0,The document is about items for sale.,proxy-cascade,7951,7951,0,0,0,1.0,1.0,1.0,400,,,,,0.0035124999994877726,1.0,,proxy,20ng-sub7951,7951,0
52,leaf:baseball#t0,The document is about baseball.,proxy-cascade,7951,7951,0,0,0,1.0,1.0,1.0,400,,,,,0.0032418750051874667,1.0,,proxy,20ng-sub7951,7951,0
53,union:hockey|motorcycles#u0,The document is about hockey or about motorcycles.,proxy-cascade,4750,681,874,3195,0,1.0,0.985,0.9924433249370278,800,0.9248826291079812,False,1.0,False,0.006949458009330556,0.985,False,proxy,20ng-sub7951,7951,0
54,group:politics#t0,The document is about politics.,proxy-cascade,4786,1115,479,3192,0,1.0,0.9933333333333333,0.9966555183946488,1200,0.9341692789968652,False,1.0,False,0.006848708988400176,0.9933333333333333,False,proxy,20ng-sub7951,7951,0
55,group:motor vehicles#t1,This text discusses motor vehicles.,proxy-cascade,6451,1467,476,4508,0,1.0,0.99375,0.9968652037617556,800,0.9054669703872438,False,1.0,False,0.004118791985092685,0.99375,False,proxy,20ng-sub7951,7951,0
56,leaf:atheism#t3,This article covers the topic of atheism.,proxy-cascade,7951,7951,0,0,0,1.0,1.0,1.0,400,,,,,0.0028050410037394613,1.0,,proxy,20ng-sub7951,7951,0
57,union:atheism|gun control#u1,This text discusses either atheism or gun control.,proxy-cascade,5438,422,2451,2565,0,1.0,0.97625,0.9879822896900696,800,0.9524390243902439,False,1.0,False,0.006376667006406933,0.97625,False,proxy,20ng-sub7951,7951,0
58,leaf:cars#t2,The passage is related to cars.,proxy-cascade,5147,221,4000,926,0,1.0,0.9525,0.9756722151088347,400,0.9049881235154394,False,1.0,False,0.00611079201917164,0.9525,False,proxy,20ng-sub7951,7951,0
59,group:sports#t2,The passage is related to sports.,proxy-cascade,4787,1153,457,3177,0,1.0,0.995,0.9974937343358395,800,0.9266589057043073,False,1.0,False,0.003551625006366521,0.995,False,proxy,20ng-sub7951,7951,0
60,group:motor vehicles#t2,The passage is related to motor vehicles.,proxy-cascade,4767,1035,551,3181,0,1.0,0.98875,0.994343180389692,800,0.9091954022988505,False,1.0,False,0.003919957991456613,0.98875,False,proxy,20ng-sub7951,7951,0
61,group:computers#t0,The document is about computers.,proxy-cascade,5285,2461,156,2668,0,1.0,0.9955,0.9977449260836884,2000,0.9000904159132007,False,1.0,False,0.0044133329938631505,0.9955,False,proxy,20ng-sub7951,7951,0
62,union:medicine|the Microsoft Windows operating system#u0,The document is about medicine or about the Microsoft Windows operating system.,proxy-cascade,6096,214,4000,1882,0,1.0,0.96875,0.9841269841269841,800,0.9485924112607099,False,1.0,False,0.006079042010242119,0.96875,False,proxy,20ng-sub7951,7951,0
63,union:baseball|items for sale#u0,The document is about baseball or about items for sale.,proxy-cascade,5033,443,1697,2893,0,1.0,0.98,0.98989898989899,800,0.9480048367593712,False,1.0,False,0.016403084009652957,0.98,False,proxy,20ng-sub7951,7951,0
64,union:atheism|medicine#u1,This text discusses either atheism or medicine.,proxy-cascade,4859,616,1189,3054,0,1.0,0.9625,0.980891719745223,800,0.9134045077105575,False,1.0,False,0.010318041022401303,0.9625,False,proxy,20ng-sub7951,7951,0
65,union:hockey|the X Window System#u1,This text discusses either hockey or the X Window System.,proxy-cascade,7951,7951,0,0,0,1.0,1.0,1.0,800,,,,,0.002560291002737358,1.0,,proxy,20ng-sub7951,7951,0
66,leaf:cryptography#t0,The document is about cryptography.,proxy-cascade,7951,7951,0,0,0,1.0,1.0,1.0,400,,,,,0.00206920801429078,1.0,,proxy,20ng-sub7951,7951,0
67,leaf:motorcycles#t3,This article covers the topic of motorcycles.,proxy-cascade,7951,7951,0,0,0,1.0,1.0,1.0,400,,,,,0.0022902499767951667,1.0,,proxy,20ng-sub7951,7951,0
68,leaf:hockey#t1,This text discusses hockey.,proxy-cascade,3369,815,1008,1546,0,1.0,0.98,0.98989898989899,400,0.9311163895486936,False,1.0,False,0.0032616250100545585,0.98,False,proxy,20ng-sub7951,7951,0
69,leaf:baseball#t2,The passage is related to baseball.,proxy-cascade,7951,7951,0,0,0,1.0,1.0,1.0,400,,,,,0.00027595798019319773,1.0,,proxy,20ng-sub7951,7951,0
70,group:motor vehicles#t0,The document is about motor vehicles.,proxy-cascade,7951,2205,394,5352,0,1.0,1.0,1.0,800,1.0,False,1.0,False,0.0033229999826289713,1.0,False,proxy,20ng-sub7951,7951,0
71,leaf:the Microsoft Windows operating system#t2,The passage is related to the Microsoft Windows operating system.,proxy-cascade,5154,257,4000,897,0,1.0,0.965,0.9821882951653944,400,0.9146919431279621,False,1.0,False,0.0054616249981336296,0.965,False,proxy,20ng-sub7951,7951,0
72,leaf:motorcycles#t2,The passage is related to motorcycles.,proxy-cascade,6846,2754,776,3316,0,1.0,0.995,0.9974937343358395,400,0.9107551487414187,False,1.0,False,0.0035902919771615416,0.995,False,proxy,20ng-sub7951,7951,0
73,group:sports#t2,The passage is related to sports.,proxy-cascade,7951,999,473,6479,0,1.0,1.0,1.0,800,1.0,False,1.0,False,0.003667415992822498,1.0,False,proxy,20ng-sub7951,7951,0
74,union:Macintosh hardware|electronics#u1,This text discusses either Macintosh hardware or electronics.,proxy-cascade,6103,239,4000,1864,0,1.0,0.97875,0.9892608970309539,800,0.9726708074534162,False,1.0,False,0.006459124997491017,0.97875,False,proxy,20ng-sub7951,7951,0
75,leaf:Christianity#t3,This article covers the topic of Christianity.,proxy-cascade,7951,7951,0,0,0,1.0,1.0,1.0,400,,,,,0.0002349159913137555,1.0,,proxy,20ng-sub7951,7951,0
76,group:sports#t2,The passage is related to sports.,proxy-cascade,3053,715,704,1634,0,1.0,0.985,0.9924433249370278,800,0.9078341013824884,False,1.0,False,0.0031828340142965317,0.985,False,proxy,20ng-sub7951,7951,0
77,leaf:religious debate#t3,This article covers the topic of religious debate.,proxy-cascade,4322,542,2557,1223,0,1.0,0.9629629629629629,0.9811320754716981,351,0.9037433155080213,False,1.0,False,0.005487165995873511,0.9629629629629629,False,proxy,20ng-sub7951,7951,0
78,union:atheism|baseball#u1,This text discusses either atheism or baseball.,proxy-cascade,7951,7951,0,0,0,1.0,1.0,1.0,800,,,,,0.0025064579967875034,1.0,,proxy,20ng-sub7951,7951,0
79,leaf:items for sale#t2,The passage is related to items for sale.,proxy-cascade,5271,420,2154,2697,0,1.0,0.995,0.9974937343358395,400,0.9453681710213777,False,1.0,False,0.005876250012079254,0.995,False,proxy,20ng-sub7951,7951,0
80,union:Macintosh hardware|religious debate#u0,The document is about Macintosh hardware or about religious debate.,proxy-cascade,6628,551,2048,4029,0,1.0,0.9773635153129161,0.9885521885521885,751,0.9483204134366925,False,1.0,False,0.006935582990990952,0.9773635153129161,False,proxy,20ng-sub7951,7951,0
81,group:motor vehicles#t1,This text discusses motor vehicles.,proxy-cascade,3438,1454,477,1507,0,1.0,0.95875,0.978940650925335,800,0.9002347417840375,False,1.0,False,0.0035426249960437417,0.95875,False,proxy,20ng-sub7951,7951,0
82,leaf:cars#t0,The document is about cars.,proxy-cascade,7951,7951,0,0,0,1.0,1.0,1.0,400,,,,,0.0026055830239783973,1.0,,proxy,20ng-sub7951,7951,0
83,leaf:PC hardware#t0,The document is about PC hardware.,proxy-cascade,5173,220,4000,953,0,1.0,0.93,0.9637305699481865,400,0.9253731343283582,False,1.0,False,0.005680332978954539,0.93,False,proxy,20ng-sub7951,7951,0
84,group:religion#t2,The passage is related to religion.,proxy-cascade,4692,885,537,3270,0,1.0,0.9887054735013032,0.9943206640454347,1151,0.9038919777601271,False,1.0,False,0.006923625012859702,0.9887054735013032,False,proxy,20ng-sub7951,7951,0
85,union:Christianity|hockey#u0,The document is about Christianity or about hockey.,proxy-cascade,5148,239,4000,909,0,1.0,0.96375,0.9815404201145767,800,0.932285368802902,False,1.0,False,0.006251207989407703,0.96375,False,proxy,20ng-sub7951,7951,0
86,group:religion#t0,The document is about religion.,proxy-cascade,5877,3582,199,2096,0,1.0,0.998262380538662,0.9991304347826088,1151,0.9296116504854369,False,1.0,False,0.00398850001511164,0.998262380538662,False,proxy,20ng-sub7951,7951,0
87,union:atheism|computer graphics#u1,This text discusses either atheism or computer graphics.,proxy-cascade,7003,261,4000,2742,0,1.0,0.94625,0.9723827874116892,800,0.9131483715319663,False,1.0,False,0.008243207994382828,0.94625,False,proxy,20ng-sub7951,7951,0
88,union:motorcycles|political debate#u1,This text discusses either motorcycles or political debate.,proxy-cascade,6720,379,2761,3580,0,1.0,0.975,0.9873417721518987,800,0.9558823529411765,False,1.0,False,0.007669332990190014,0.975,False,proxy,20ng-sub7951,7951,0
89,group:motor vehicles#t0,The document is about motor vehicles.,proxy-cascade,6349,1017,544,4788,0,1.0,0.9875,0.9937106918238994,800,0.9327036599763873,False,1.0,False,0.004306749993702397,0.9875,False,proxy,20ng-sub7951,7951,0
90,union:PC hardware|political debate#u0,The document is about PC hardware or about political debate.,proxy-cascade,6616,562,1922,4132,0,1.0,0.97625,0.9879822896900696,800,0.9409638554216867,False,1.0,False,0.0070419160183519125,0.97625,False,proxy,20ng-sub7951,7951,0
91,leaf:Macintosh hardware#t0,The document is about Macintosh hardware.,proxy-cascade,5194,318,3953,923,0,1.0,0.9875,0.9937106918238994,400,0.9427207637231504,False,1.0,False,0.006381540995789692,0.9875,False,proxy,20ng-sub7951,7951,0
92,leaf:items for sale#t1,This text discusses items for sale.,proxy-cascade,5189,266,4000,923,0,1.0,0.975,0.9873417721518987,400,0.9629629629629629,False,1.0,False,0.006192125001689419,0.975,False,proxy,20ng-sub7951,7951,0
93,leaf:the Microsoft Windows operating system#t0,The document is about the Microsoft Windows operating system.,proxy-cascade,6100,226,4000,1874,0,1.0,0.995,0.9974937343358395,400,0.9754901960784313,False,1.0,False,0.0064502079912927,0.995,False,proxy,20ng-sub7951,7951,0
94,leaf:the Microsoft Windows operating system#t1,This text discusses the Microsoft Windows operating system.,proxy-cascade,7951,7951,0,0,0,1.0,1.0,1.0,400,,,,,0.0004015409795101732,1.0,,proxy,20ng-sub7951,7951,0
95,group:computers#t3,This article covers the topic of computers.,proxy-cascade,3499,1812,218,1469,0,1.0,0.9735,0.9865720800608057,2000,0.9098130841121496,False,1.0,False,0.007224333006888628,0.9735,False,proxy,20ng-sub7951,7951,0
96,leaf:PC hardware#t1,This text discusses PC hardware.,proxy-cascade,7951,7951,0,0,0,1.0,1.0,1.0,400,,,,,0.003638875001342967,1.0,,proxy,20ng-sub7951,7951,0
97,leaf:cars#t2,The passage is related to cars.,proxy-cascade,4354,2323,806,1225,0,1.0,0.955,0.9769820971867007,400,0.9052132701421801,False,1.0,False,0.00276658299844712,0.955,False,proxy,20ng-sub7951,7951,0
98,union:Christianity|items for sale#u0,The document is about Christianity or about items for sale.,proxy-cascade,5287,429,2251,2607,0,1.0,0.96875,0.9841269841269841,800,0.9405339805825242,False,1.0,False,0.006480583979282528,0.96875,False,proxy,20ng-sub7951,7951,0
99,group:politics#t2,The passage is related to politics.,proxy-cascade,3110,975,540,1595,0,1.0,0.9608333333333333,0.9800254993625159,1200,0.9014855355746677,False,1.0,False,0.007000790996244177,0.9608333333333333,False,proxy,20ng-sub7951,7951,0
100,leaf:gun control#t2,The passage is related to gun control.,proxy-cascade,4745,328,3374,1043,0,1.0,0.9675,0.9834815756035579,400,0.937046004842615,False,1.0,False,0.006315374979749322,0.9675,False,proxy,20ng-sub7951,7951,0
101,union:Middle East affairs|items for sale#u1,This text discusses either Middle East affairs or items for sale.,proxy-cascade,6436,1259,601,4576,0,1.0,0.99125,0.9956057752667922,800,0.9463007159904535,False,1.0,False,0.004008374991826713,0.99125,False,proxy,20ng-sub7951,7951,0
102,leaf:computer graphics#t3,This article covers the topic of computer graphics.,proxy-cascade,5147,270,4000,877,0,1.0,0.9525,0.9756722151088347,400,0.9028436018957346,False,1.0,False,0.006029000011039898,0.9525,False,proxy,20ng-sub7951,7951,0
103,leaf:religious debate#t3,This article covers the topic of religious debate.,proxy-cascade,4409,2335,883,1191,0,1.0,0.9943019943019943,0.9971428571428572,351,0.9041450777202072,False,1.0,False,0.0027424159925431013,0.9943019943019943,False,proxy,20ng-sub7951,7951,0
104,leaf:atheism#t3,This article covers the topic of atheism.,proxy-cascade,7257,7155,102,0,0,1.0,0.9925,0.9962358845671266,400,0.9254079254079254,False,1.0,False,0.0014657089777756482,0.9925,False,proxy,20ng-sub7951,7951,0
105,group:religion#t1,This text discusses religion.,proxy-cascade,5250,2267,272,2711,0,1.0,0.996524761077324,0.9982593559617058,1151,0.9003139717425431,False,1.0,False,0.0037653750041499734,0.996524761077324,False,proxy,20ng-sub7951,7951,0
106,union:hockey|items for sale#u0,The document is about hockey or about items for sale.,proxy-cascade,4853,553,1149,3151,0,1.0,0.98375,0.9918084436042848,800,0.9562575941676792,False,1.0,False,0.0060954170185141265,0.98375,False,proxy,20ng-sub7951,7951,0
107,group:motor vehicles#t0,The document is about motor vehicles.,proxy-cascade,6853,3243,315,3295,0,1.0,0.995,0.9974937343358395,800,0.9255813953488372,False,1.0,False,0.0036717499897349626,0.995,False,proxy,20ng-sub7951,7951,0
108,union:space exploration|the Microsoft Windows operating system#u1,This text discusses either space exploration or the Microsoft Windows operating system.,proxy-cascade,6572,534,1959,4079,0,1.0,0.98875,0.994343180389692,800,0.9405469678953626,False,1.0,False,0.007625166996149346,0.98875,False,proxy,20ng-sub7951,7951,0
109,group:sports#t2,The passage is related to sports.,proxy-cascade,3996,2314,370,1312,0,1.0,0.99,0.9949748743718593,800,0.9209302325581395,False,1.0,False,0.0029597920074593276,0.99,False,proxy,20ng-sub7951,7951,0
110,group:sports#t1,This text discusses sports.,proxy-cascade,3074,956,483,1635,0,1.0,0.98625,0.9930774071743234,800,0.927144535840188,False,1.0,False,0.003140666987746954,0.98625,False,proxy,20ng-sub7951,7951,0
111,leaf:atheism#t3,This article covers the topic of atheism.,proxy-cascade,7137,6066,249,822,0,1.0,0.99,0.9949748743718593,400,0.9020501138952164,False,1.0,False,0.002464124991092831,0.99,False,proxy,20ng-sub7951,7951,0
112,leaf:Middle East affairs#t2,The passage is related to Middle East affairs.,proxy-cascade,5181,265,4000,916,0,1.0,0.9775,0.988621997471555,400,0.9702233250620348,False,1.0,False,0.0055854170059319586,0.9775,False,proxy,20ng-sub7951,7951,0
113,union:Macintosh hardware|motorcycles#u1,This text discusses either Macintosh hardware or motorcycles.,proxy-cascade,4970,649,1431,2890,0,1.0,0.94625,0.9723827874116892,800,0.9033412887828163,False,1.0,False,0.007065124984364957,0.94625,False,proxy,20ng-sub7951,7951,0
114,union:political debate|religious debate#u0,The document is about political debate or about religious debate.,proxy-cascade,5084,929,1253,2902,0,1.0,0.9853528628495339,0.9926224010731054,751,0.9487179487179487,False,1.0,False,0.006218374997843057,0.9853528628495339,False,proxy,20ng-sub7951,7951,0
115,leaf:gun control#t3,This article covers the topic of gun control.,proxy-cascade,5158,418,1969,2771,0,1.0,0.985,0.9924433249370278,400,0.9358669833729216,False,1.0,False,0.00607133301673457,0.985,False,proxy,20ng-sub7951,7951,0
116,leaf:medicine#t2,The passage is related to medicine.,proxy-cascade,7951,7951,0,0,0,1.0,1.0,1.0,400,,,,,0.004131249996135011,1.0,,proxy,20ng-sub7951,7951,0
117,group:politics#t1,This text discusses politics.,proxy-cascade,5814,3492,196,2126,0,1.0,0.995,0.9974937343358395,1200,0.9184615384615384,False,1.0,False,0.003886666992912069,0.995,False,proxy,20ng-sub7951,7951,0
118,group:science#t2,The passage is related to science.,proxy-cascade,6512,1912,288,4312,0,1.0,0.9875,0.9937106918238994,1600,0.9223584354932867,False,1.0,False,0.004996957984985784,0.9875,False,proxy,20ng-sub7951,7951,0
119,group:religion#t0,The document is about religion.,proxy-cascade,4900,1505,339,3056,0,1.0,0.9956559513466551,0.9978232477144101,1151,0.9324654190398698,False,1.0,False,0.004355333017883822,0.9956559513466551,False,proxy,20ng-sub7951,7951,0
0,group:motor vehicles#t0,The document is about motor vehicles.,proxy-cascade,4856,487,1309,3060,0,1.0,0.9725,0.9860583016476552,800,0.9384800965018094,False,1.0,False,0.007028541993349791,0.9725,False,proxy,20ng-sub7951,7951,0
1,group:religion#t3,This article covers the topic of religion.,proxy-cascade,4694,1011,471,3212,0,1.0,0.9904430929626412,0.9951986032300306,1151,0.9178743961352657,False,1.0,False,0.007270208006957546,0.9904430929626412,False,proxy,20ng-sub7951,7951,0
2,leaf:religious debate#t0,The document is about religious debate.,proxy-cascade,7951,7951,0,0,0,1.0,1.0,1.0,351,,,,,0.0038024589885026217,1.0,,proxy,20ng-sub7951,7951,0
3,group:politics#t1,This text discusses politics.,proxy-cascade,4750,1078,493,3179,0,1.0,0.99,0.9949748743718593,1200,0.928125,False,1.0,False,0.006719707977026701,0.99,False,proxy,20ng-sub7951,7951,0
4,union:gun control|medicine#u0,The document is about gun control or about medicine.,proxy-cascade,5636,342,2918,2376,0,1.0,0.98,0.98989898989899,800,0.9619631901840491,False,1.0,False,0.007585832994664088,0.98,False,proxy,20ng-sub7951,7951,0
5,group:motor vehicles#t0,The document is about motor vehicles.,proxy-cascade,7951,7951,0,0,0,1.0,1.0,1.0,800,,,,,0.0004722920130006969,1.0,,proxy,20ng-sub7951,7951,0
6,group:politics#t1,This text discusses politics.,proxy-cascade,4762,3508,195,1059,0,1.0,0.99,0.9949748743718593,1200,0.9202168861347793,False,1.0,False,0.003135874983854592,0.99,False,proxy,20ng-sub7951,7951,0
7,group:religion#t0,The document is about religion.,proxy-cascade,3134,1124,425,1585,0,1.0,0.9669852302345786,0.9832155477031801,1151,0.9122950819672131,False,1.0,False,0.006679500016616657,0.9669852302345786,False,proxy,20ng-sub7951,7951,0
8,leaf:political debate#t1,This text discusses political debate.,proxy-cascade,7951,7951,0,0,0,1.0,1.0,1.0,400,,,,,0.0027317909989506006,1.0,,proxy,20ng-sub7951,7951,0
9,group:sports#t1,This text discusses sports.,proxy-cascade,3300,487,1266,1547,0,1.0,0.98625,0.9930774071743234,800,0.9381688466111772,False,1.0,False,0.006161375000374392,0.98625,False,proxy,20ng-sub7951,7951,0
10,group:science#t1,This text discusses science.,proxy-cascade,6361,1079,480,4802,0,1.0,0.9875,0.9937106918238994,1600,0.9382422802850356,False,1.0,False,0.007334249996347353,0.9875,False,proxy,20ng-sub7951,7951,0
11,leaf:hockey#t1,This text discusses hockey.,proxy-cascade,4209,343,2609,1257,0,1.0,0.985,0.9924433249370278,400,0.9403341288782816,False,1.0,False,0.005343750002793968,0.985,False,proxy,20ng-sub7951,7951,0
12,leaf:religious debate#t2,The passage is related to religious debate.,proxy-cascade,7951,7951,0,0,0,1.0,1.0,1.0,351,,,,,0.002648458001203835,1.0,,proxy,20ng-sub7951,7951,0
13,leaf:political debate#t0,The document is about political debate.,proxy-cascade,7951,7951,0,0,0,1.0,1.0,1.0,400,,,,,0.004284084017854184,1.0,,proxy,20ng-sub7951,7951,0
14,leaf:items for sale#t3,This article covers the topic of items for sale.,proxy-cascade,4228,375,2598,1255,0,1.0,0.975,0.9873417721518987,400,0.9397590361445783,False,1.0,False,0.005935207998845726,0.975,False,proxy,20ng-sub7951,7951,0
15,leaf:Christianity#t3,This article covers the topic of Christianity.,proxy-cascade,5145,221,4000,924,0,1.0,0.9825,0.991172761664565,400,0.9401913875598086,False,1.0,False,0.005808207992231473,0.9825,False,proxy,20ng-sub7951,7951,0
16,union:electronics|hockey#u0,The document is about electronics or about hockey.,proxy-cascade,6418,873,847,4698,0,1.0,0.97875,0.9892608970309539,800,0.9211764705882353,False,1.0,False,0.007011582987615839,0.97875,False,proxy,20ng-sub7951,7951,0
17,group:science#t2,The passage is related to science.,proxy-cascade,6404,1393,381,4630,0,1.0,0.98625,0.9930774071743234,1600,0.9348341232227488,False,1.0,False,0.0070553330006077886,0.98625,False,proxy,20ng-sub7951,7951,0
18,group:computers#t1,This text discusses computers.,proxy-cascade,4717,1118,390,3209,0,1.0,0.9945,0.997242416645776,2000,0.9178587909552377,False,1.0,False,0.007271417009178549,0.9945,False,proxy,20ng-sub7951,7951,0
19,union:Macintosh hardware|items for sale#u1,This text discusses either Macintosh hardware or items for sale.,proxy-cascade,5439,363,2568,2508,0,1.0,0.99625,0.9981214777708203,800,0.9613992762364294,False,1.0,False,0.006079999991925433,0.99625,False,proxy,20ng-sub7951,7951,0
20,group:motor vehicles#t3,This article covers the topic of motor vehicles.,proxy-cascade,3732,400,1925,1407,0,1.0,0.9575,0.9782886334610472,800,0.9387254901960784,False,1.0,False,0.020735208003316075,0.9575,False,proxy,20ng-sub7951,7951,0
21,group:sports#t3,This article covers the topic of sports.,proxy-cascade,3231,522,1127,1582,0,1.0,0.98125,0.9905362776025236,800,0.9117305458768873,False,1.0,False,0.00928558301529847,0.98125,False,proxy,20ng-sub7951,7951,0
22,group:motor vehicles#t3,This article covers the topic of motor vehicles.,proxy-cascade,7951,2159,396,5396,0,1.0,1.0,1.0,800,1.0,False,1.0,False,0.003351416002260521,1.0,False,proxy,20ng-sub7951,7951,0
23,group:motor vehicles#t3,This article covers the topic of motor vehicles.,proxy-cascade,7951,7951,0,0,0,1.0,1.0,1.0,800,,,,,0.00042354202014394104,1.0,,proxy,20ng-sub7951,7951,0
24,union:PC hardware|cryptography#u0,The document is about PC hardware or about cryptography.,proxy-cascade,4927,511,1436,2980,0,1.0,0.96125,0.9802421924792861,800,0.9209580838323354,False,1.0,False,0.006605999980820343,0.96125,False,proxy,20ng-sub7951,7951,0
25,leaf:political debate#t1,This text discusses political debate.,proxy-cascade,5161,1256,1154,2751,0,1.0,0.98,0.98989898989899,400,0.9180327868852459,False,1.0,False,0.00354400000651367,0.98,False,proxy,20ng-sub7951,7951,0
26,union:Macintosh hardware|space exploration#u1,This text discusses either Macintosh hardware or space exploration.,proxy-cascade,5749,345,3176,2228,0,1.0,0.93375,0.9657401422107305,800,0.9043583535108959,False,1.0,False,0.00623920900397934,0.93375,False,proxy,20ng-sub7951,7951,0
27,leaf:baseball#t2,The passage is related to baseball.,proxy-cascade,7951,7951,0,0,0,1.0,1.0,1.0,400,,,,,0.002830374985933304,1.0,,proxy,20ng-sub7951,7951,0
28,group:computers#t0,The document is about computers.,proxy-cascade,4995,1797,224,2974,0,1.0,0.9915,0.9957318604067287,2000,0.9244755244755245,False,1.0,False,0.007440166984451935,0.9915,False,proxy,20ng-sub7951,7951,0
29,leaf:baseball#t3,This article covers the topic of baseball.,proxy-cascade,4116,349,2507,1260,0,1.0,0.985,0.9924433249370278,400,0.9448441247002398,False,1.0,False,0.008623500005342066,0.985,False,proxy,20ng-sub7951,7951,0
30,leaf:electronics#t0,The document is about electronics.,proxy-cascade,7951,7951,0,0,0,1.0,1.0,1.0,400,,,,,0.005053333996329457,1.0,,proxy,20ng-sub7951,7951,0
31,union:PC hardware|items for sale#u1,This text discusses either PC hardware or items for sale.,proxy-cascade,4977,596,1394,2987,0,1.0,0.99125,0.9956057752667922,800,0.9542719614921781,False,1.0,False,0.008664042019518092,0.99125,False,proxy,20ng-sub7951,7951,0
32,union:computer graphics|motorcycles#u0,The document is about computer graphics or about motorcycles.,proxy-cascade,6609,423,2141,4045,0,1.0,0.99,0.9949748743718593,800,0.9658536585365853,False,1.0,False,0.017574709025211632,0.99,False,proxy,20ng-sub7951,7951,0
33,union:Macintosh hardware|electronics#u0,The document is about Macintosh hardware or about electronics.,proxy-cascade,4958,859,1098,3001,0,1.0,0.98625,0.9930774071743234,800,0.942652329749104,False,1.0,False,0.0073307080019731075,0.98625,False,proxy,20ng-sub7951,7951,0
34,group:computers#t1,This text discusses computers.,proxy-cascade,4820,3665,111,1044,0,1.0,0.9945,0.997242416645776,2000,0.9208333333333333,False,1.0,False,0.0037101670168340206,0.9945,False,proxy,20ng-sub7951,7951,0
35,group:religion#t1,This text discusses religion.,proxy-cascade,4707,975,506,3226,0,1.0,0.9939183318853171,0.9969498910675381,1151,0.9485903814262023,False,1.0,False,0.006863499991595745,0.9939183318853171,False,proxy,20ng-sub7951,7951,0
36,group:computers#t0,The document is about computers.,proxy-cascade,5339,2585,150,2604,0,1.0,0.995,0.9974937343358395,2000,0.9221501390176089,False,1.0,False,0.004583458008710295,0.995,False,proxy,20ng-sub7951,7951,0
37,union:Middle East affairs|items for sale#u1,This text discusses either Middle East affairs or items for sale.,proxy-cascade,5031,417,1718,2896,0,1.0,0.98,0.98989898989899,800,0.9355608591885441,False,1.0,False,0.006919541017850861,0.98,False,proxy,20ng-sub7951,7951,0
38,leaf:the Microsoft Windows operating system#t1,This text discusses the Microsoft Windows operating system.,proxy-cascade,6103,243,4000,1860,0,1.0,0.98,0.98989898989899,400,0.9514563106796117,False,1.0,False,0.00699379199068062,0.98,False,proxy,20ng-sub7951,7951,0
39,group:sports#t2,The passage is related to sports.,proxy-cascade,3044,844,555,1645,0,1.0,0.98875,0.994343180389692,800,0.9349881796690307,False,1.0,False,0.006656540994299576,0.98875,False,proxy,20ng-sub7951,7951,0
40,leaf:motorcycles#t0,The document is about motorcycles.,proxy-cascade,7951,7951,0,0,0,1.0,1.0,1.0,400,,,,,0.0031471250113099813,1.0,,proxy,20ng-sub7951,7951,0
41,group:motor vehicles#t0,The document is about motor vehicles.,proxy-cascade,4934,1447,466,3021,0,1.0,0.97375,0.9867004433185561,800,0.900578034682081,False,1.0,False,0.004098667006473988,0.97375,False,proxy,20ng-sub7951,7951,0
42,union:Christianity|political debate#u1,This text discusses either Christianity or political debate.,proxy-cascade,5183,594,1788,2801,0,1.0,0.99,0.9949748743718593,800,0.9542168674698795,False,1.0,False,0.00710612497641705,0.99,False,proxy,20ng-sub7951,7951,0
43,group:motor vehicles#t2,The passage is related to motor vehicles.,proxy-cascade,4757,594,981,3182,0,1.0,0.98375,0.9918084436042848,800,0.919392523364486,False,1.0,False,0.007504375011194497,0.98375,False,proxy,20ng-sub7951,7951,0
44,leaf:motorcycles#t2,The passage is related to motorcycles.,proxy-cascade,5200,283,4000,917,0,1.0,0.9675,0.9834815756035579,400,0.9302884615384616,False,1.0,False,0.006537457986269146,0.9675,False,proxy,20ng-sub7951,7951,0
45,group:motor vehicles#t1,This text discusses motor vehicles.,proxy-cascade,4858,521,1220,3117,0,1.0,0.97625,0.9879822896900696,800,0.9039351851851852,False,1.0,False,0.007055416994262487,0.97625,False,proxy,20ng-sub7951,7951,0
46,group:religion#t0,The document is about religion.,proxy-cascade,7951,7951,0,0,0,1.0,1.0,1.0,1151,,,,,0.0006271669990383089,1.0,,proxy,20ng-sub7951,7951,0
47,group:sports#t3,This article covers the topic of sports.,proxy-cascade,7951,7951,0,0,0,1.0,1.0,1.0,800,,,,,0.0004381669859867543,1.0,,proxy,20ng-sub7951,7951,0
48,union:Macintosh hardware|cars#u1,This text discusses either Macintosh hardware or cars.,proxy-cascade,5059,618,1575,2866,0,1.0,0.95875,0.978940650925335,800,0.9365079365079365,False,1.0,False,0.007561166974483058,0.95875,False,proxy,20ng-sub7951,7951,0
49,leaf:computer graphics#t1,This text discusses computer graphics.,proxy-cascade,4321,361,2729,1231,0,1.0,0.9475,0.9730423620025674,400,0.9110576923076923,False,1.0,False,0.00612966698827222,0.9475,False,proxy,20ng-sub7951,7951,0
50,union:atheism|hockey#u1,This text discusses either atheism or hockey.,proxy-cascade,7951,7951,0,0,0,1.0,1.0,1.0,800,,,,,0.0032304589985869825,1.0,,proxy,20ng-sub7951,7951,0
51,leaf:items for sale#t0,The document is about items for sale.,proxy-cascade,7951,7951,0,0,0,1.0,1.0,1.0,400,,,,,0.0030913749942556024,1.0,,proxy,20ng-sub7951,7951,0
52,leaf:baseball#t0,The document is about baseball.,proxy-cascade,4242,341,2662,1239,0,1.0,0.9925,0.9962358845671266,400,0.9754299754299754,False,1.0,False,0.007117417000699788,0.9925,False,proxy,20ng-sub7951,7951,0
53,union:hockey|motorcycles#u0,The document is about hockey or about motorcycles.,proxy-cascade,3250,1079,577,1594,0,1.0,0.96875,0.9841269841269841,800,0.9160756501182034,False,1.0,False,0.006942040985450149,0.96875,False,proxy,20ng-sub7951,7951,0
54,group:politics#t0,The document is about politics.,proxy-cascade,3250,1272,411,1567,0,1.0,0.9733333333333334,0.9864864864864865,1200,0.9189614476789929,False,1.0,False,0.006494458008091897,0.9733333333333334,False,proxy,20ng-sub7951,7951,0
55,group:motor vehicles#t1,This text discusses motor vehicles.,proxy-cascade,3413,1412,486,1515,0,1.0,0.95375,0.9763275751759437,800,0.9008264462809917,False,1.0,False,0.003929667000193149,0.95375,False,proxy,20ng-sub7951,7951,0
56,leaf:atheism#t3,This article covers the topic of atheism.,proxy-cascade,5982,422,3544,2016,0,1.0,0.9875,0.9937106918238994,400,0.9495192307692307,False,1.0,False,0.007674499996937811,0.9875,False,proxy,20ng-sub7951,7951,0
57,union:atheism|gun control#u1,This text discusses either atheism or gun control.,proxy-cascade,6066,227,4000,1839,0,1.0,0.96625,0.9828353464717101,800,0.967459324155194,True,1.0,False,0.007156415987992659,0.96625,True,proxy,20ng-sub7951,7951,0
58,leaf:cars#t2,The passage is related to cars.,proxy-cascade,7951,7951,0,0,0,1.0,1.0,1.0,400,,,,,0.0029369999829214066,1.0,,proxy,20ng-sub7951,7951,0
59,group:sports#t2,The passage is related to sports.,proxy-cascade,3031,819,587,1625,0,1.0,0.98875,0.994343180389692,800,0.9102416570771001,False,1.0,False,0.0037054579879622906,0.98875,False,proxy,20ng-sub7951,7951,0
60,group:motor vehicles#t2,The passage is related to motor vehicles.,proxy-cascade,6335,726,759,4850,0,1.0,0.99375,0.9968652037617556,800,0.9158986175115207,False,1.0,False,0.004625584027962759,0.99375,False,proxy,20ng-sub7951,7951,0
61,group:computers#t0,The document is about computers.,proxy-cascade,5750,3427,118,2205,0,1.0,0.9975,0.9987484355444306,2000,0.9248956884561892,False,1.0,False,0.004849333025049418,0.9975,False,proxy,20ng-sub7951,7951,0
62,union:medicine|the Microsoft Windows operating system#u0,The document is about medicine or about the Microsoft Windows operating system.,proxy-cascade,6411,505,1381,4525,0,1.0,0.98875,0.994343180389692,800,0.9587878787878787,False,1.0,False,0.007753499987302348,0.98875,False,proxy,20ng-sub7951,7951,0
63,union:baseball|items for sale#u0,The document is about baseball or about items for sale.,proxy-cascade,3572,482,1638,1452,0,1.0,0.9225,0.9596879063719116,800,0.9010989010989011,False,1.0,False,0.007261166989337653,0.9225,False,proxy,20ng-sub7951,7951,0
64,union:atheism|medicine#u1,This text discusses either atheism or medicine.,proxy-cascade,4846,725,1030,3091,0,1.0,0.97875,0.9892608970309539,800,0.9244391971664699,False,1.0,False,0.007924542005639523,0.97875,False,proxy,20ng-sub7951,7951,0
65,union:hockey|the X Window System#u1,This text discusses either hockey or the X Window System.,proxy-cascade,3130,671,855,1604,0,1.0,0.95375,0.9763275751759437,800,0.9072532699167658,False,1.0,False,0.006164375023217872,0.95375,False,proxy,20ng-sub7951,7951,0
66,leaf:cryptography#t0,The document is about cryptography.,proxy-cascade,4296,336,2738,1222,0,1.0,0.95,0.9743589743589743,400,0.9047619047619048,False,1.0,False,0.006708625005558133,0.95,False,proxy,20ng-sub7951,7951,0
67,leaf:motorcycles#t3,This article covers the topic of motorcycles.,proxy-cascade,5177,262,4000,915,0,1.0,0.955,0.9769820971867007,400,0.9249394673123487,False,1.0,False,0.005959415982943028,0.955,False,proxy,20ng-sub7951,7951,0
68,leaf:hockey#t1,This text discusses hockey.,proxy-cascade,7951,7951,0,0,0,1.0,1.0,1.0,400,,,,,0.00024112500250339508,1.0,,proxy,20ng-sub7951,7951,0
69,leaf:baseball#t2,The passage is related to baseball.,proxy-cascade,5065,1244,908,2913,0,1.0,0.995,0.9974937343358395,400,0.9024943310657596,False,1.0,False,0.0035994169884361327,0.995,False,proxy,20ng-sub7951,7951,0
70,group:motor vehicles#t0,The document is about motor vehicles.,proxy-cascade,5241,4092,256,893,0,1.0,0.9775,0.988621997471555,800,0.918918918918919,False,1.0,False,0.0028988329868298024,0.9775,False,proxy,20ng-sub7951,7951,0
71,leaf:the Microsoft Windows operating system#t2,The passage is related to the Microsoft Windows operating system.,proxy-cascade,5178,252,4000,926,0,1.0,0.9475,0.9730423620025674,400,0.9066985645933014,False,1.0,False,0.005668165977112949,0.9475,False,proxy,20ng-sub7951,7951,0
72,leaf:motorcycles#t2,The passage is related to motorcycles.,proxy-cascade,7951,2084,820,5047,0,1.0,1.0,1.0,400,1.0,False,1.0,False,0.0031491249974351376,1.0,False,proxy,20ng-sub7951,7951,0
73,group:sports#t2,The passage is related to sports.,proxy-cascade,3070,790,612,1668,0,1.0,0.9875,0.9937106918238994,800,0.9427207637231504,False,1.0,False,0.0034814999962691218,0.9875,False,proxy,20ng-sub7951,7951,0
74,union:Macintosh hardware|electronics#u1,This text discusses either Macintosh hardware or electronics.,proxy-cascade,5425,462,2438,2525,0,1.0,0.965,0.9821882951653944,800,0.9312424607961399,False,1.0,False,0.006995792005909607,0.965,False,proxy,20ng-sub7951,7951,0
75,leaf:Christianity#t3,This article covers the topic of Christianity.,proxy-cascade,4264,2249,772,1243,0,1.0,0.98,0.98989898989899,400,0.9289099526066351,False,1.0,False,0.003129165997961536,0.98,False,proxy,20ng-sub7951,7951,0
76,group:sports#t2,The passage is related to sports.,proxy-cascade,3061,924,501,1636,0,1.0,0.99,0.9949748743718593,800,0.9010238907849829,False,1.0,False,0.0034503749920986593,0.99,False,proxy,20ng-sub7951,7951,0
77,leaf:religious debate#t3,This article covers the topic of religious debate.,proxy-cascade,7951,7951,0,0,0,1.0,1.0,1.0,351,,,,,0.0031808330095373094,1.0,,proxy,20ng-sub7951,7951,0
78,union:atheism|baseball#u1,This text discusses either atheism or baseball.,proxy-cascade,4833,772,945,3116,0,1.0,0.99,0.9949748743718593,800,0.9451073985680191,False,1.0,False,0.006850000005215406,0.99,False,proxy,20ng-sub7951,7951,0
79,leaf:items for sale#t2,The passage is related to items for sale.,proxy-cascade,7951,7951,0,0,0,1.0,1.0,1.0,400,,,,,0.0029249590006656945,1.0,,proxy,20ng-sub7951,7951,0
80,union:Macintosh hardware|religious debate#u0,The document is about Macintosh hardware or about religious debate.,proxy-cascade,6681,496,2397,3788,0,1.0,0.9920106524633822,0.9959893048128343,751,0.944233206590621,False,1.0,False,0.006703249993734062,0.9920106524633822,False,proxy,20ng-sub7951,7951,0
81,group:motor vehicles#t1,This text discusses motor vehicles.,proxy-cascade,7951,7951,0,0,0,1.0,1.0,1.0,800,,,,,0.0004645000153686851,1.0,,proxy,20ng-sub7951,7951,0
82,leaf:cars#t0,The document is about cars.,proxy-cascade,4541,395,3056,1090,0,1.0,0.95,0.9743589743589743,400,0.9313725490196079,False,1.0,False,0.006398875004379079,0.95,False,proxy,20ng-sub7951,7951,0
83,leaf:PC hardware#t0,The document is about PC hardware.,proxy-cascade,6075,209,4000,1866,0,1.0,0.9825,0.991172761664565,400,0.9515738498789347,False,1.0,False,0.00693920798948966,0.9825,False,proxy,20ng-sub7951,7951,0
84,group:religion#t2,The passage is related to religion.,proxy-cascade,3080,976,481,1623,0,1.0,0.9565595134665508,0.977797513321492,1151,0.9236577181208053,False,1.0,False,0.005911083018872887,0.9565595134665508,False,proxy,20ng-sub7951,7951,0
85,union:Christianity|hockey#u0,The document is about Christianity or about hockey.,proxy-cascade,7951,7951,0,0,0,1.0,1.0,1.0,800,,,,,0.002643250016262755,1.0,,proxy,20ng-sub7951,7951,0
86,group:religion#t0,The document is about religion.,proxy-cascade,3275,1380,361,1534,0,1.0,0.9695916594265855,0.9845610939567709,1151,0.9,False,1.0,False,0.003530499991029501,0.9695916594265855,False,proxy,20ng-sub7951,7951,0
87,union:atheism|computer graphics#u1,This text discusses either atheism or computer graphics.,proxy-cascade,6753,399,2813,3541,0,1.0,0.97375,0.9867004433185561,800,0.9284862932061978,False,1.0,False,0.007515917008277029,0.97375,False,proxy,20ng-sub7951,7951,0
88,union:motorcycles|political debate#u1,This text discusses either motorcycles or political debate.,proxy-cascade,5381,527,2234,2620,0,1.0,0.9725,0.9860583016476552,800,0.9261904761904762,False,1.0,False,0.015292958996724337,0.9725,False,proxy,20ng-sub7951,7951,0
89,group:motor vehicles#t0,The document is about motor vehicles.,proxy-cascade,6340,933,580,4827,0,1.0,0.9875,0.9937106918238994,800,0.9122401847575058,False,1.0,False,0.004162291006650776,0.9875,False,proxy,20ng-sub7951,7951,0
90,union:PC hardware|political debate#u0,The document is about PC hardware or about political debate.,proxy-cascade,6479,665,1439,4375,0,1.0,0.9875,0.9937106918238994,800,0.9461077844311377,False,1.0,False,0.012203499994939193,0.9875,False,proxy,20ng-sub7951,7951,0
91,leaf:Macintosh hardware#t0,The document is about Macintosh hardware.,proxy-cascade,5226,278,4000,948,0,1.0,0.95,0.9743589743589743,400,0.9134615384615384,False,1.0,False,0.005436500010546297,0.95,False,proxy,20ng-sub7951,7951,0
92,leaf:items for sale#t1,This text discusses items for sale.,proxy-cascade,5219,295,4000,924,0,1.0,0.9825,0.991172761664565,400,0.9562043795620438,False,1.0,False,0.0051517079991754144,0.9825,False,proxy,20ng-sub7951,7951,0
93,leaf:the Microsoft Windows operating system#t0,The document is about the Microsoft Windows operating system.,proxy-cascade,7951,7951,0,0,0,1.0,1.0,1.0,400,,,,,0.0025327919865958393,1.0,,proxy,20ng-sub7951,7951,0
94,leaf:the Microsoft Windows operating system#t1,This text discusses the Microsoft Windows operating system.,proxy-cascade,4215,2089,863,1263,0,1.0,0.9525,0.9756722151088347,400,0.9049881235154394,False,1.0,False,0.0028242920234333724,0.9525,False,proxy,20ng-sub7951,7951,0
95,group:computers#t3,This article covers the topic of computers.,proxy-cascade,4877,1503,288,3086,0,1.0,0.9925,0.9962358845671266,2000,0.9206864564007421,False,1.0,False,0.007342541997786611,0.9925,False,proxy,20ng-sub7951,7951,0
96,leaf:PC hardware#t1,This text discusses PC hardware.,proxy-cascade,5194,272,4000,922,0,1.0,0.9625,0.980891719745223,400,0.9232613908872902,False,1.0,False,0.005820332997245714,0.9625,False,proxy,20ng-sub7951,7951,0
97,leaf:cars#t2,The passage is related to cars.,proxy-cascade,7951,7951,0,0,0,1.0,1.0,1.0,400,,,,,0.00030312497983686626,1.0,,proxy,20ng-sub7951,7951,0
98,union:Christianity|items for sale#u0,The document is about Christianity or about items for sale.,proxy-cascade,7951,7951,0,0,0,1.0,1.0,1.0,800,,,,,0.0027304159884806722,1.0,,proxy,20ng-sub7951,7951,0
99,group:politics#t2,The passage is related to politics.,proxy-cascade,7951,7951,0,0,0,1.0,1.0,1.0,1200,,,,,0.0028865830099675804,1.0,,proxy,20ng-sub7951,7951,0
100,leaf:gun control#t2,The passage is related to gun control.,proxy-cascade,7951,7951,0,0,0,1.0,1.0,1.0,400,,,,,0.0028725000156555325,1.0,,proxy,20ng-sub7951,7951,0
101,union:Middle East affairs|items for sale#u1,This text discusses either Middle East affairs or items for sale.,proxy-cascade,5227,2056,430,2741,0,1.0,0.9825,0.991172761664565,800,0.9055299539170507,False,1.0,False,0.003922459000023082,0.9825,False,proxy,20ng-sub7951,7951,0
102,leaf:computer graphics#t3,This article covers the topic of computer graphics.,proxy-cascade,7951,7951,0,0,0,1.0,1.0,1.0,400,,,,,0.0031824170146137476,1.0,,proxy,20ng-sub7951,7951,0
103,leaf:religious debate#t3,This article covers the topic of religious debate.,proxy-cascade,4683,2787,811,1085,0,1.0,0.98005698005698,0.9899280575539569,351,0.9272237196765498,False,1.0,False,0.003101500013144687,0.98005698005698,False,proxy,20ng-sub7951,7951,0
104,leaf:atheism#t3,This article covers the topic of atheism.,proxy-cascade,7951,7951,0,0,0,1.0,1.0,1.0,400,,,,,0.0005205830093473196,1.0,,proxy,20ng-sub7951,7951,0
105,group:religion#t1,This text discusses religion.,proxy-cascade,3832,2175,279,1378,0,1.0,0.9817549956559514,0.9907935116177115,1151,0.9262295081967213,False,1.0,False,0.0035846669925376773,0.9817549956559514,False,proxy,20ng-sub7951,7951,0
106,union:hockey|items for sale#u0,The document is about hockey or about items for sale.,proxy-cascade,3214,610,999,1605,0,1.0,0.94625,0.9723827874116892,800,0.9001189060642093,False,1.0,False,0.006352458993205801,0.94625,False,proxy,20ng-sub7951,7951,0
107,group:motor vehicles#t0,The document is about motor vehicles.,proxy-cascade,7951,7951,0,0,0,1.0,1.0,1.0,800,,,,,0.0004903340013697743,1.0,,proxy,20ng-sub7951,7951,0
108,union:space exploration|the Microsoft Windows operating system#u1,This text discusses either space exploration or the Microsoft Windows operating system.,proxy-cascade,6573,452,2145,3976,0,1.0,0.98375,0.9918084436042848,800,0.9380214541120382,False,1.0,False,0.007310957997106016,0.98375,False,proxy,20ng-sub7951,7951,0
109,group:sports#t2,The passage is related to sports.,proxy-cascade,4653,4426,227,0,0,1.0,0.99625,0.9981214777708203,800,0.9213872832369943,False,1.0,False,0.0021723750105593354,0.99625,False,proxy,20ng-sub7951,7951,0
110,group:sports#t1,This text discusses sports.,proxy-cascade,3199,1151,453,1595,0,1.0,0.9875,0.9937106918238994,800,0.9250585480093677,False,1.0,False,0.0030267910042311996,0.9875,False,proxy,20ng-sub7951,7951,0
111,leaf:atheism#t3,This article covers the topic of atheism.,proxy-cascade,7951,7951,0,0,0,1.0,1.0,1.0,400,,,,,0.0002582500164862722,1.0,,proxy,20ng-sub7951,7951,0
112,leaf:Middle East affairs#t2,The passage is related to Middle East affairs.,proxy-cascade,4548,319,3087,1142,0,1.0,0.985,0.9924433249370278,400,0.9516908212560387,False,1.0,False,0.006335832993499935,0.985,False,proxy,20ng-sub7951,7951,0
113,union:Macintosh hardware|motorcycles#u1,This text discusses either Macintosh hardware or motorcycles.,proxy-cascade,6113,248,4000,1865,0,1.0,0.9725,0.9860583016476552,800,0.9522643818849449,False,1.0,False,0.006996000010985881,0.9725,False,proxy,20ng-sub7951,7951,0
114,union:political debate|religious debate#u0,The document is about political debate or about religious debate.,proxy-cascade,5048,732,1459,2857,0,1.0,0.9747003994673769,0.9871881321645314,751,0.9432989690721649,False,1.0,False,0.006565957999555394,0.9747003994673769,False,proxy,20ng-sub7951,7951,0
115,leaf:gun control#t3,This article covers the topic of gun control.,proxy-cascade,7951,7951,0,0,0,1.0,1.0,1.0,400,,,,,0.0025595840124879032,1.0,,proxy,20ng-sub7951,7951,0
116,leaf:medicine#t2,The passage is related to medicine.,proxy-cascade,4677,306,3272,1099,0,1.0,0.9875,0.9937106918238994,400,0.9564164648910412,False,1.0,False,0.00545020800200291,0.9875,False,proxy,20ng-sub7951,7951,0
117,group:politics#t1,This text discusses politics.,proxy-cascade,5360,2511,254,2595,0,1.0,0.9933333333333333,0.9966555183946488,1200,0.9276264591439689,False,1.0,False,0.003952000028220937,0.9933333333333333,False,proxy,20ng-sub7951,7951,0
118,group:science#t2,The passage is related to science.,proxy-cascade,7951,3337,174,4440,0,1.0,1.0,1.0,1600,1.0,False,1.0,False,0.0043188749987166375,1.0,False,proxy,20ng-sub7951,7951,0
119,group:religion#t0,The document is about religion.,proxy-cascade,7951,7951,0,0,0,1.0,1.0,1.0,1151,,,,,0.0005967080069240183,1.0,,proxy,20ng-sub7951,7951,0
0,group:motor vehicles#t0,The document is about motor vehicles.,proxy-cascade,4856,487,1309,3060,0,1.0,0.9725,0.9860583016476552,800,0.9384800965018094,False,1.0,False,0.007648667000466958,0.9725,False,proxy,20ng-sub7951,7951,0
1,group:religion#t3,This article covers the topic of religion.,proxy-cascade,4694,1011,471,3212,0,1.0,0.9904430929626412,0.9951986032300306,1151,0.9178743961352657,False,1.0,False,0.00658441599807702,0.9904430929626412,False,proxy,20ng-sub7951,7951,0
2,leaf:religious debate#t0,The document is about religious debate.,proxy-cascade,7951,7951,0,0,0,1.0,1.0,1.0,351,,,,,0.002904583001509309,1.0,,proxy,20ng-sub7951,7951,0
3,group:politics#t1,This text discusses politics.,proxy-cascade,4750,1078,493,3179,0,1.0,0.99,0.9949748743718593,1200,0.928125,False,1.0,False,0.007038208015728742,0.99,False,proxy,20ng-sub7951,7951,0
4,union:gun control|medicine#u0,The document is about gun control or about medicine.,proxy-cascade,5636,342,2918,2376,0,1.0,0.98,0.98989898989899,800,0.9619631901840491,False,1.0,False,0.006528083002194762,0.98,False,proxy,20ng-sub7951,7951,0
5,group:motor vehicles#t0,The document is about motor vehicles.,proxy-cascade,7951,7951,0,0,0,1.0,1.0,1.0,800,,,,,0.0004555000050459057,1.0,,proxy,20ng-sub7951,7951,0
6,group:politics#t1,This text discusses politics.,proxy-cascade,4762,3508,195,1059,0,1.0,0.99,0.9949748743718593,1200,0.9202168861347793,False,1.0,False,0.003374416002770886,0.99,False,proxy,20ng-sub7951,7951,0
7,group:religion#t0,The document is about religion.,proxy-cascade,3134,1124,425,1585,0,1.0,0.9669852302345786,0.9832155477031801,1151,0.9122950819672131,False,1.0,False,0.006449999986216426,0.9669852302345786,False,proxy,20ng-sub7951,7951,0
8,leaf:political debate#t1,This text discusses political debate.,proxy-cascade,7951,7951,0,0,0,1.0,1.0,1.0,400,,,,,0.0027400839899200946,1.0,,proxy,20ng-sub7951,7951,0
9,group:sports#t1,This text discusses sports.,proxy-cascade,7951,7951,0,0,0,1.0,1.0,1.0,800,,,,,0.0030590000096708536,1.0,,proxy,20ng-sub7951,7951,0
10,group:science#t1,This text discusses science.,proxy-cascade,6339,899,594,4846,0,1.0,0.990625,0.9952904238618524,1600,0.9274429490930368,False,1.0,False,0.00774687499506399,0.990625,False,proxy,20ng-sub7951,7951,0
11,leaf:hockey#t1,This text discusses hockey.,proxy-cascade,7951,7951,0,0,0,1.0,1.0,1.0,400,,,,,0.0026355829904787242,1.0,,proxy,20ng-sub7951,7951,0
12,leaf:religious debate#t2,The passage is related to religious debate.,proxy-cascade,7951,7951,0,0,0,1.0,1.0,1.0,351,,,,,0.0028732909995596856,1.0,,proxy,20ng-sub7951,7951,0
13,leaf:political debate#t0,The document is about political debate.,proxy-cascade,7951,7951,0,0,0,1.0,1.0,1.0,400,,,,,0.003059832990402356,1.0,,proxy,20ng-sub7951,7951,0
14,leaf:items for sale#t3,This article covers the topic of items for sale.,proxy-cascade,4061,413,2337,1311,0,1.0,0.975,0.9873417721518987,400,0.948905109489051,False,1.0,False,0.005550750007387251,0.975,False,proxy,20ng-sub7951,7951,0
15,leaf:Christianity#t3,This article covers the topic of Christianity.,proxy-cascade,7951,7951,0,0,0,1.0,1.0,1.0,400,,,,,0.0024879169941414148,1.0,,proxy,20ng-sub7951,7951,0
16,union:electronics|hockey#u0,The document is about electronics or about hockey.,proxy-cascade,5387,357,2457,2573,0,1.0,0.95625,0.9776357827476039,800,0.9172661870503597,False,1.0,False,0.006426792009733617,0.95625,False,proxy,20ng-sub7951,7951,0
17,group:science#t2,The passage is related to science.,proxy-cascade,7951,1478,370,6103,0,1.0,1.0,1.0,1600,1.0,False,1.0,False,0.007744250004179776,1.0,False,proxy,20ng-sub7951,7951,0
18,group:computers#t1,This text discusses computers.,proxy-cascade,6590,2377,158,4055,0,1.0,0.999,0.9994997498749374,2000,0.9156736938588451,False,1.0,False,0.009372083004564047,0.999,False,proxy,20ng-sub7951,7951,0
19,union:Macintosh hardware|items for sale#u1,This text discusses either Macintosh hardware or items for sale.,proxy-cascade,4946,568,1350,3028,0,1.0,0.99875,0.9993746091307067,800,0.936694021101993,False,1.0,False,0.007775292004225776,0.99875,False,proxy,20ng-sub7951,7951,0
20,group:motor vehicles#t3,This article covers the topic of motor vehicles.,proxy-cascade,4732,708,816,3208,0,1.0,0.98125,0.9905362776025236,800,0.9538274605103281,False,1.0,False,0.006947582995053381,0.98125,False,proxy,20ng-sub7951,7951,0
21,group:sports#t3,This article covers the topic of sports.,proxy-cascade,7951,7951,0,0,0,1.0,1.0,1.0,800,,,,,0.003404791990760714,1.0,,proxy,20ng-sub7951,7951,0
22,group:motor vehicles#t3,This article covers the topic of motor vehicles.,proxy-cascade,6501,1674,457,4370,0,1.0,0.99625,0.9981214777708203,800,0.9332552693208431,False,1.0,False,0.004512290994171053,0.99625,False,proxy,20ng-sub7951,7951,0
23,group:motor vehicles#t3,This article covers the topic of motor vehicles.,proxy-cascade,3611,3302,309,0,0,1.0,0.97,0.9847715736040609,800,0.9216152019002375,False,1.0,False,0.00293779099592939,0.97,False,proxy,20ng-sub7951,7951,0
24,union:PC hardware|cryptography#u0,The document is about PC hardware or about cryptography.,proxy-cascade,5657,339,3032,2286,0,1.0,0.965,0.9821882951653944,800,0.9267707082833133,False,1.0,False,0.00836412500939332,0.965,False,proxy,20ng-sub7951,7951,0
25,leaf:political debate#t1,This text discusses political debate.,proxy-cascade,5170,924,1460,2786,0,1.0,0.975,0.9873417721518987,400,0.935251798561151,False,1.0,False,0.0041958329966291785,0.975,False,proxy,20ng-sub7951,7951,0
26,union:Macintosh hardware|space exploration#u1,This text discusses either Macintosh hardware or space exploration.,proxy-cascade,5427,487,2385,2555,0,1.0,0.94625,0.9723827874116892,800,0.9427148194271482,False,1.0,False,0.00852954198489897,0.94625,False,proxy,20ng-sub7951,7951,0
27,leaf:baseball#t2,The passage is related to baseball.,proxy-cascade,7951,7951,0,0,0,1.0,1.0,1.0,400,,,,,0.0032471250160597265,1.0,,proxy,20ng-sub7951,7951,0
28,group:computers#t0,The document is about computers.,proxy-cascade,3492,1794,216,1482,0,1.0,0.9755,0.9875980764363452,2000,0.9375300336376742,False,1.0,False,0.006729832995915785,0.9755,False,proxy,20ng-sub7951,7951,0
29,leaf:baseball#t3,This article covers the topic of baseball.,proxy-cascade,7951,7951,0,0,0,1.0,1.0,1.0,400,,,,,0.002842083020368591,1.0,,proxy,20ng-sub7951,7951,0
30,leaf:electronics#t0,The document is about electronics.,proxy-cascade,7951,7951,0,0,0,1.0,1.0,1.0,400,,,,,0.0027647080132737756,1.0,,proxy,20ng-sub7951,7951,0
31,union:PC hardware|items for sale#u1,This text discusses either PC hardware or items for sale.,proxy-cascade,5074,503,1698,2873,0,1.0,0.9875,0.9937106918238994,800,0.9552599758162031,False,1.0,False,0.0072261670138686895,0.9875,False,proxy,20ng-sub7951,7951,0
32,union:computer graphics|motorcycles#u0,The document is about computer graphics or about motorcycles.,proxy-cascade,6422,564,1270,4588,0,1.0,0.9875,0.9937106918238994,800,0.93935790725327,False,1.0,False,0.007576291012810543,0.9875,False,proxy,20ng-sub7951,7951,0
33,union:Macintosh hardware|electronics#u0,The document is about Macintosh hardware or about electronics.,proxy-cascade,5117,557,1701,2859,0,1.0,0.98125,0.9905362776025236,800,0.9334126040428062,False,1.0,False,0.006811250001192093,0.98125,False,proxy,20ng-sub7951,7951,0
34,group:computers#t1,This text discusses computers.,proxy-cascade,3873,3766,107,0,0,1.0,0.992,0.9959839357429718,2000,0.9193697868396663,False,1.0,False,0.0029526249854825437,0.992,False,proxy,20ng-sub7951,7951,0
35,group:religion#t1,This text discusses religion.,proxy-cascade,4695,892,538,3265,0,1.0,0.9904430929626412,0.9951986032300306,1151,0.9336609336609336,False,1.0,False,0.006802833027904853,0.9904430929626412,False,proxy,20ng-sub7951,7951,0
36,group:computers#t0,The document is about computers.,proxy-cascade,6703,2818,137,3748,0,1.0,0.998,0.998998998998999,2000,0.9275092936802974,False,1.0,False,0.005399249988840893,0.998,False,proxy,20ng-sub7951,7951,0
37,union:Middle East affairs|items for sale#u1,This text discusses either Middle East affairs or items for sale.,proxy-cascade,4914,483,1342,3089,0,1.0,0.96,0.9795918367346939,800,0.9197604790419162,False,1.0,False,0.006679457990685478,0.96,False,proxy,20ng-sub7951,7951,0
38,leaf:the Microsoft Windows operating system#t1,This text discusses the Microsoft Windows operating system.,proxy-cascade,7951,7951,0,0,0,1.0,1.0,1.0,400,,,,,0.003041624993784353,1.0,,proxy,20ng-sub7951,7951,0
39,group:sports#t2,The passage is related to sports.,proxy-cascade,3497,432,1569,1496,0,1.0,0.97875,0.9892608970309539,800,0.9502427184466019,False,1.0,False,0.006317457999102771,0.97875,False,proxy,20ng-sub7951,7951,0
40,leaf:motorcycles#t0,The document is about motorcycles.,proxy-cascade,5194,261,4000,933,0,1.0,0.955,0.9769820971867007,400,0.9294403892944039,False,1.0,False,0.005559249984798953,0.955,False,proxy,20ng-sub7951,7951,0
41,group:motor vehicles#t0,The document is about motor vehicles.,proxy-cascade,6742,2767,351,3624,0,1.0,0.99375,0.9968652037617556,800,0.9254947613504074,False,1.0,False,0.004046166024636477,0.99375,False,proxy,20ng-sub7951,7951,0
42,union:Christianity|political debate#u1,This text discusses either Christianity or political debate.,proxy-cascade,6061,329,3908,1824,0,1.0,0.98875,0.994343180389692,800,0.9658119658119658,False,1.0,False,0.006293499987805262,0.98875,False,proxy,20ng-sub7951,7951,0
43,group:motor vehicles#t2,The passage is related to motor vehicles.,proxy-cascade,3325,492,1308,1525,0,1.0,0.9625,0.980891719745223,800,0.9134045077105575,False,1.0,False,0.0056928749836515635,0.9625,False,proxy,20ng-sub7951,7951,0
44,leaf:motorcycles#t2,The passage is related to motorcycles.,proxy-cascade,5173,211,4000,962,0,1.0,0.9525,0.9756722151088347,400,0.9180722891566265,False,1.0,False,0.0053848340176045895,0.9525,False,proxy,20ng-sub7951,7951,0
45,group:motor vehicles#t1,This text discusses motor vehicles.,proxy-cascade,4777,576,1031,3170,0,1.0,0.98375,0.9918084436042848,800,0.9357907253269917,False,1.0,False,0.006261040980461985,0.98375,False,proxy,20ng-sub7951,7951,0
46,group:religion#t0,The document is about religion.,proxy-cascade,7951,7951,0,0,0,1.0,1.0,1.0,1151,,,,,0.0005648749938700348,1.0,,proxy,20ng-sub7951,7951,0
47,group:sports#t3,This article covers the topic of sports.,proxy-cascade,3066,903,514,1649,0,1.0,0.9825,0.991172761664565,800,0.9312796208530806,False,1.0,False,0.003304084006231278,0.9825,False,proxy,20ng-sub7951,7951,0
48,union:Macintosh hardware|cars#u1,This text discusses either Macintosh hardware or cars.,proxy-cascade,5022,718,1356,2948,0,1.0,0.95,0.9743589743589743,800,0.9004739336492891,False,1.0,False,0.006212124979356304,0.95,False,proxy,20ng-sub7951,7951,0
49,leaf:computer graphics#t1,This text discusses computer graphics.,proxy-cascade,5160,242,4000,918,0,1.0,0.95,0.9743589743589743,400,0.9245742092457421,False,1.0,False,0.005832041002577171,0.95,False,proxy,20ng-sub7951,7951,0
50,union:atheism|hockey#u1,This text discusses either atheism or hockey.,proxy-cascade,4992,717,1286,2989,0,1.0,0.99,0.9949748743718593,800,0.9519230769230769,False,1.0,False,0.006812707986682653,0.99,False,proxy,20ng-sub7951,7951,0
51,leaf:items for sale#t0,The document is about items for sale.,proxy-cascade,3919,414,2180,1325,0,1.0,0.955,0.9769820971867007,400,0.9317073170731708,False,1.0,False,0.005856125004356727,0.955,False,proxy,20ng-sub7951,7951,0
52,leaf:baseball#t0,The document is about baseball.,proxy-cascade,5173,222,4000,951,0,1.0,0.9925,0.9962358845671266,400,0.9635922330097088,False,1.0,False,0.0058282079990021884,0.9925,False,proxy,20ng-sub7951,7951,0
53,union:hockey|motorcycles#u0,The document is about hockey or about motorcycles.,proxy-cascade,7951,7951,0,0,0,1.0,1.0,1.0,800,,,,,0.002852250006981194,1.0,,proxy,20ng-sub7951,7951,0
54,group:politics#t0,The document is about politics.,proxy-cascade,4743,944,582,3217,0,1.0,0.9875,0.9937106918238994,1200,0.9587378640776699,False,1.0,False,0.008046750008361414,0.9875,False,proxy,20ng-sub7951,7951,0
55,group:motor vehicles#t1,This text discusses motor vehicles.,proxy-cascade,7951,7951,0,0,0,1.0,1.0,1.0,800,,,,,0.00054187499335967,1.0,,proxy,20ng-sub7951,7951,0
56,leaf:atheism#t3,This article covers the topic of atheism.,proxy-cascade,6120,240,4000,1880,0,1.0,0.97,0.9847715736040609,400,0.9533169533169533,False,1.0,False,0.006684041989501566,0.97,False,proxy,20ng-sub7951,7951,0
57,union:atheism|gun control#u1,This text discusses either atheism or gun control.,proxy-cascade,5047,558,1562,2927,0,1.0,0.9775,0.988621997471555,800,0.9678217821782178,False,1.0,False,0.013137665984686464,0.9775,False,proxy,20ng-sub7951,7951,0
58,leaf:cars#t2,The passage is related to cars.,proxy-cascade,5129,216,4000,913,0,1.0,0.9375,0.967741935483871,400,0.9168704156479217,False,1.0,False,0.006004499999107793,0.9375,False,proxy,20ng-sub7951,7951,0
59,group:sports#t2,The passage is related to sports.,proxy-cascade,6578,1993,395,4190,0,1.0,0.99375,0.9968652037617556,800,0.9096109839816934,False,1.0,False,0.004301250010030344,0.99375,False,proxy,20ng-sub7951,7951,0
60,group:motor vehicles#t2,The passage is related to motor vehicles.,proxy-cascade,7951,7951,0,0,0,1.0,1.0,1.0,800,,,,,0.0004874170117545873,1.0,,proxy,20ng-sub7951,7951,0
61,group:computers#t0,The document is about computers.,proxy-cascade,4058,2606,146,1306,0,1.0,0.988,0.993963782696177,2000,0.9272641952135148,False,1.0,False,0.0038741670141462237,0.988,False,proxy,20ng-sub7951,7951,0
62,union:medicine|the Microsoft Windows operating system#u0,The document is about medicine or about the Microsoft Windows operating system.,proxy-cascade,5713,355,3073,2285,0,1.0,0.97125,0.9854153455928979,800,0.9283154121863799,False,1.0,False,0.007274083007359877,0.97125,False,proxy,20ng-sub7951,7951,0
63,union:baseball|items for sale#u0,The document is about baseball or about items for sale.,proxy-cascade,4784,585,1055,3144,0,1.0,0.985,0.9924433249370278,800,0.9248826291079812,False,1.0,False,0.006844707997515798,0.985,False,proxy,20ng-sub7951,7951,0
64,union:atheism|medicine#u1,This text discusses either atheism or medicine.,proxy-cascade,5211,569,1910,2732,0,1.0,0.975,0.9873417721518987,800,0.9558823529411765,False,1.0,False,0.0067350000026635826,0.975,False,proxy,20ng-sub7951,7951,0
65,union:hockey|the X Window System#u1,This text discusses either hockey or the X Window System.,proxy-cascade,3637,414,1757,1466,0,1.0,0.945,0.9717223650385605,800,0.9119420989143546,False,1.0,False,0.006806041987147182,0.945,False,proxy,20ng-sub7951,7951,0
66,leaf:cryptography#t0,The document is about cryptography.,proxy-cascade,7951,7951,0,0,0,1.0,1.0,1.0,400,,,,,0.0029030829900875688,1.0,,proxy,20ng-sub7951,7951,0
67,leaf:motorcycles#t3,This article covers the topic of motorcycles.,proxy-cascade,7951,7951,0,0,0,1.0,1.0,1.0,400,,,,,0.0025273339997511357,1.0,,proxy,20ng-sub7951,7951,0
68,leaf:hockey#t1,This text discusses hockey.,proxy-cascade,2724,1921,803,0,0,1.0,0.97,0.9847715736040609,400,0.9238095238095239,False,1.0,False,0.002507540979422629,0.97,False,proxy,20ng-sub7951,7951,0
69,leaf:baseball#t2,The passage is related to baseball.,proxy-cascade,7951,7951,0,0,0,1.0,1.0,1.0,400,,,,,0.0003333750064484775,1.0,,proxy,20ng-sub7951,7951,0
70,group:motor vehicles#t0,The document is about motor vehicles.,proxy-cascade,3318,1256,495,1567,0,1.0,0.95125,0.9750160153747598,800,0.9038004750593824,False,1.0,False,0.003419792017666623,0.95125,False,proxy,20ng-sub7951,7951,0
71,leaf:the Microsoft Windows operating system#t2,The passage is related to the Microsoft Windows operating system.,proxy-cascade,5195,265,4000,930,0,1.0,0.9525,0.9756722151088347,400,0.9180722891566265,False,1.0,False,0.0062571669986937195,0.9525,False,proxy,20ng-sub7951,7951,0
72,leaf:motorcycles#t2,The passage is related to motorcycles.,proxy-cascade,7951,7951,0,0,0,1.0,1.0,1.0,400,,,,,0.00037641701055690646,1.0,,proxy,20ng-sub7951,7951,0
73,group:sports#t2,The passage is related to sports.,proxy-cascade,6323,830,571,4922,0,1.0,0.995,0.9974937343358395,800,0.9170506912442397,False,1.0,False,0.004489290993660688,0.995,False,proxy,20ng-sub7951,7951,0
74,union:Macintosh hardware|electronics#u1,This text discusses either Macintosh hardware or electronics.,proxy-cascade,4937,689,1296,2952,0,1.0,0.98,0.98989898989899,800,0.9572649572649573,False,1.0,False,0.008035915991058573,0.98,False,proxy,20ng-sub7951,7951,0
75,leaf:Christianity#t3,This article covers the topic of Christianity.,proxy-cascade,7951,7951,0,0,0,1.0,1.0,1.0,400,,,,,0.00034970801789313555,1.0,,proxy,20ng-sub7951,7951,0
76,group:sports#t2,The passage is related to sports.,proxy-cascade,7951,7951,0,0,0,1.0,1.0,1.0,800,,,,,0.0004026249807793647,1.0,,proxy,20ng-sub7951,7951,0
77,leaf:religious debate#t3,This article covers the topic of religious debate.,proxy-cascade,6083,218,4000,1865,0,1.0,0.9914529914529915,0.9957081545064378,351,0.9720670391061452,False,1.0,False,0.007109458005288616,0.9914529914529915,False,proxy,20ng-sub7951,7951,0
78,union:atheism|baseball#u1,This text discusses either atheism or baseball.,proxy-cascade,4878,531,1259,3088,0,1.0,0.9725,0.9860583016476552,800,0.9067599067599068,False,1.0,False,0.007652875006897375,0.9725,False,proxy,20ng-sub7951,7951,0
79,leaf:items for sale#t2,The passage is related to items for sale.,proxy-cascade,7951,7951,0,0,0,1.0,1.0,1.0,400,,,,,0.003054959001019597,1.0,,proxy,20ng-sub7951,7951,0
80,union:Macintosh hardware|religious debate#u0,The document is about Macintosh hardware or about religious debate.,proxy-cascade,7026,239,4000,2787,0,1.0,0.9853528628495339,0.9926224010731054,751,0.9438775510204082,False,1.0,False,0.008265541982837021,0.9853528628495339,False,proxy,20ng-sub7951,7951,0
81,group:motor vehicles#t1,This text discusses motor vehicles.,proxy-cascade,7951,7951,0,0,0,1.0,1.0,1.0,800,,,,,0.0005146670155227184,1.0,,proxy,20ng-sub7951,7951,0
82,leaf:cars#t0,The document is about cars.,proxy-cascade,7951,7951,0,0,0,1.0,1.0,1.0,400,,,,,0.002936667005997151,1.0,,proxy,20ng-sub7951,7951,0
83,leaf:PC hardware#t0,The document is about PC hardware.,proxy-cascade,7951,203,0,7748,0,1.0,1.0,1.0,400,1.0,False,1.0,False,0.0036905420129187405,1.0,False,proxy,20ng-sub7951,7951,0
84,group:religion#t2,The passage is related to religion.,proxy-cascade,4740,1058,457,3225,0,1.0,0.9895742832319722,0.9947598253275108,1151,0.9075697211155378,False,1.0,False,0.007007291016634554,0.9895742832319722,False,proxy,20ng-sub7951,7951,0
85,union:Christianity|hockey#u0,The document is about Christianity or about hockey.,proxy-cascade,4960,475,1560,2925,0,1.0,0.98375,0.9918084436042848,800,0.9413875598086124,False,1.0,False,0.007704207993810996,0.98375,False,proxy,20ng-sub7951,7951,0
86,group:religion#t0,The document is about religion.,proxy-cascade,5412,2604,250,2558,0,1.0,0.996524761077324,0.9982593559617058,1151,0.928744939271255,False,1.0,False,0.00396941599319689,0.996524761077324,False,proxy,20ng-sub7951,7951,0
87,union:atheism|computer graphics#u1,This text discusses either atheism or computer graphics.,proxy-cascade,6692,446,2444,3802,0,1.0,0.98375,0.9918084436042848,800,0.9668304668304668,False,1.0,False,0.007669084006920457,0.98375,False,proxy,20ng-sub7951,7951,0
88,union:motorcycles|political debate#u1,This text discusses either motorcycles or political debate.,proxy-cascade,5256,422,2073,2761,0,1.0,0.965,0.9821882951653944,800,0.9146919431279621,False,1.0,False,0.007396957982564345,0.965,False,proxy,20ng-sub7951,7951,0
89,group:motor vehicles#t0,The document is about motor vehicles.,proxy-cascade,5111,1815,431,2865,0,1.0,0.97875,0.9892608970309539,800,0.903114186851211,False,1.0,False,0.003984375012805685,0.97875,False,proxy,20ng-sub7951,7951,0
90,union:PC hardware|political debate#u0,The document is about PC hardware or about political debate.,proxy-cascade,6613,504,2008,4101,0,1.0,0.97625,0.9879822896900696,800,0.9466666666666667,False,1.0,False,0.007801415980793536,0.97625,False,proxy,20ng-sub7951,7951,0
91,leaf:Macintosh hardware#t0,The document is about Macintosh hardware.,proxy-cascade,5152,215,4000,937,0,1.0,0.95,0.9743589743589743,400,0.9090909090909091,False,1.0,False,0.006410833011614159,0.95,False,proxy,20ng-sub7951,7951,0
92,leaf:items for sale#t1,This text discusses items for sale.,proxy-cascade,7951,7951,0,0,0,1.0,1.0,1.0,400,,,,,0.002598749997559935,1.0,,proxy,20ng-sub7951,7951,0
93,leaf:the Microsoft Windows operating system#t0,The document is about the Microsoft Windows operating system.,proxy-cascade,7951,203,0,7748,0,1.0,1.0,1.0,400,1.0,False,1.0,False,0.0038850840064696968,1.0,False,proxy,20ng-sub7951,7951,0
94,leaf:the Microsoft Windows operating system#t1,This text discusses the Microsoft Windows operating system.,proxy-cascade,4615,4115,500,0,0,1.0,0.99,0.9949748743718593,400,0.9252336448598131,False,1.0,False,0.0022074159933254123,0.99,False,proxy,20ng-sub7951,7951,0
95,group:computers#t3,This article covers the topic of computers.,proxy-cascade,3466,1731,229,1506,0,1.0,0.975,0.9873417721518987,2000,0.9219858156028369,False,1.0,False,0.007022292003966868,0.975,False,proxy,20ng-sub7951,7951,0
96,leaf:PC hardware#t1,This text discusses PC hardware.,proxy-cascade,7951,7951,0,0,0,1.0,1.0,1.0,400,,,,,0.0034654159971978515,1.0,,proxy,20ng-sub7951,7951,0
97,leaf:cars#t2,The passage is related to cars.,proxy-cascade,6977,3495,599,2883,0,1.0,0.9975,0.9987484355444306,400,0.9236111111111112,False,1.0,False,0.0037677079963032156,0.9975,False,proxy,20ng-sub7951,7951,0
98,union:Christianity|items for sale#u0,The document is about Christianity or about items for sale.,proxy-cascade,7951,7951,0,0,0,1.0,1.0,1.0,800,,,,,0.0031869160011410713,1.0,,proxy,20ng-sub7951,7951,0
99,group:politics#t2,The passage is related to politics.,proxy-cascade,4713,926,590,3197,0,1.0,0.9933333333333333,0.9966555183946488,1200,0.9371069182389937,False,1.0,False,0.006862332986202091,0.9933333333333333,False,proxy,20ng-sub7951,7951,0
100,leaf:gun control#t2,The passage is related to gun control.,proxy-cascade,7951,201,0,7750,0,1.0,1.0,1.0,400,1.0,False,1.0,False,0.0038336249999701977,1.0,False,proxy,20ng-sub7951,7951,0
101,union:Middle East affairs|items for sale#u1,This text discusses either Middle East affairs or items for sale.,proxy-cascade,5849,4952,198,699,0,1.0,0.9875,0.9937106918238994,800,0.9218203033838973,False,1.0,False,0.00281108301714994,0.9875,False,proxy,20ng-sub7951,7951,0
102,leaf:computer graphics#t3,This article covers the topic of computer graphics.,proxy-cascade,7951,7951,0,0,0,1.0,1.0,1.0,400,,,,,0.002756250003585592,1.0,,proxy,20ng-sub7951,7951,0
103,leaf:religious debate#t3,This article covers the topic of religious debate.,proxy-cascade,7951,7951,0,0,0,1.0,1.0,1.0,351,,,,,0.00029666698537766933,1.0,,proxy,20ng-sub7951,7951,0
104,leaf:atheism#t3,This article covers the topic of atheism.,proxy-cascade,6827,2693,763,3371,0,1.0,0.9925,0.9962358845671266,400,0.931924882629108,False,1.0,False,0.0037279159878380597,0.9925,False,proxy,20ng-sub7951,7951,0
105,group:religion#t1,This text discusses religion.,proxy-cascade,4671,3373,209,1089,0,1.0,0.9913119026933102,0.9956369982547993,1151,0.9201612903225806,False,1.0,False,0.0031990839925128967,0.9913119026933102,False,proxy,20ng-sub7951,7951,0
106,union:hockey|items for sale#u0,The document is about hockey or about items for sale.,proxy-cascade,4788,693,873,3222,0,1.0,0.98125,0.9905362776025236,800,0.9300947867298578,False,1.0,False,0.006614832993363962,0.98125,False,proxy,20ng-sub7951,7951,0
107,group:motor vehicles#t0,The document is about motor vehicles.,proxy-cascade,7951,1158,511,6282,0,1.0,1.0,1.0,800,1.0,False,1.0,False,0.003789583017351106,1.0,False,proxy,20ng-sub7951,7951,0
108,union:space exploration|the Microsoft Windows operating system#u1,This text discusses either space exploration or the Microsoft Windows operating system.,proxy-cascade,6125,295,4000,1830,0,1.0,0.95375,0.9763275751759437,800,0.9316239316239316,False,1.0,False,0.006780750001780689,0.95375,False,proxy,20ng-sub7951,7951,0
109,group:sports#t2,The passage is related to sports.,proxy-cascade,7951,7951,0,0,0,1.0,1.0,1.0,800,,,,,0.0005188330251257867,1.0,,proxy,20ng-sub7951,7951,0
110,group:sports#t1,This text discusses sports.,proxy-cascade,7951,7951,0,0,0,1.0,1.0,1.0,800,,,,,0.000382583006285131,1.0,,proxy,20ng-sub7951,7951,0
111,leaf:atheism#t3,This article covers the topic of atheism.,proxy-cascade,7951,7951,0,0,0,1.0,1.0,1.0,400,,,,,0.0002607500064186752,1.0,,proxy,20ng-sub7951,7951,0
112,leaf:Middle East affairs#t2,The passage is related to Middle East affairs.,proxy-cascade,7951,7951,0,0,0,1.0,1.0,1.0,400,,,,,0.003163750021485612,1.0,,proxy,20ng-sub7951,7951,0
113,union:Macintosh hardware|motorcycles#u1,This text discusses either Macintosh hardware or motorcycles.,proxy-cascade,5603,377,2762,2464,0,1.0,0.9725,0.9860583016476552,800,0.925089179548157,False,1.0,False,0.006735833012498915,0.9725,False,proxy,20ng-sub7951,7951,0
114,union:political debate|religious debate#u0,The document is about political debate or about religious debate.,proxy-cascade,6125,263,4000,1862,0,1.0,0.9760319573901465,0.9878706199460916,751,0.9458064516129032,False,1.0,False,0.006733459013048559,0.9760319573901465,False,proxy,20ng-sub7951,7951,0
115,leaf:gun control#t3,This article covers the topic of gun control.,proxy-cascade,7951,7951,0,0,0,1.0,1.0,1.0,400,,,,,0.003772083990043029,1.0,,proxy,20ng-sub7951,7951,0
116,leaf:medicine#t2,The passage is related to medicine.,proxy-cascade,5168,226,4000,942,0,1.0,0.9775,0.988621997471555,400,0.9421686746987952,False,1.0,False,0.006103292020270601,0.9775,False,proxy,20ng-sub7951,7951,0
117,group:politics#t1,This text discusses politics.,proxy-cascade,4154,2632,246,1276,0,1.0,0.9825,0.991172761664565,1200,0.9276160503540519,False,1.0,False,0.00339295799494721,0.9825,False,proxy,20ng-sub7951,7951,0
118,group:science#t2,The passage is related to science.,proxy-cascade,6270,4460,123,1687,0,1.0,0.98125,0.9905362776025236,1600,0.9028177113283496,False,1.0,False,0.004155917005846277,0.98125,False,proxy,20ng-sub7951,7951,0
119,group:religion#t0,The document is about religion.,proxy-cascade,4269,2806,238,1225,0,1.0,0.9878366637706343,0.993881118881119,1151,0.9213938411669368,False,1.0,False,0.003363958006957546,0.9878366637706343,False,proxy,20ng-sub7951,7951,0
0,group:motor vehicles#t0,The document is about motor vehicles.,proxy-cascade,7951,7951,0,0,0,1.0,1.0,1.0,800,,,,,0.0033957090054173023,1.0,,proxy,20ng-sub7951,7951,0
1,group:religion#t3,This article covers the topic of religion.,proxy-cascade,4698,964,495,3239,0,1.0,0.9852302345786272,0.9925601750547046,1151,0.9079263410728583,False,1.0,False,0.006816624983912334,0.9852302345786272,False,proxy,20ng-sub7951,7951,0
2,leaf:religious debate#t0,The document is about religious debate.,proxy-cascade,6166,443,3967,1756,0,1.0,0.9829059829059829,0.9913793103448275,351,0.9478021978021978,False,1.0,False,0.006764207995729521,0.9829059829059829,False,proxy,20ng-sub7951,7951,0
3,group:politics#t1,This text discusses politics.,proxy-cascade,7951,7951,0,0,0,1.0,1.0,1.0,1200,,,,,0.003116499981842935,1.0,,proxy,20ng-sub7951,7951,0
4,union:gun control|medicine#u0,The document is about gun control or about medicine.,proxy-cascade,5069,487,1694,2888,0,1.0,0.9775,0.988621997471555,800,0.9421686746987952,False,1.0,False,0.006702041981043294,0.9775,False,proxy,20ng-sub7951,7951,0
5,group:motor vehicles#t0,The document is about motor vehicles.,proxy-cascade,6615,2270,389,3956,0,1.0,0.9925,0.9962358845671266,800,0.9158016147635525,False,1.0,False,0.00399595801718533,0.9925,False,proxy,20ng-sub7951,7951,0
6,group:politics#t1,This text discusses politics.,proxy-cascade,7951,7951,0,0,0,1.0,1.0,1.0,1200,,,,,0.0005474589997902513,1.0,,proxy,20ng-sub7951,7951,0
7,group:religion#t0,The document is about religion.,proxy-cascade,4968,1666,321,2981,0,1.0,0.996524761077324,0.9982593559617058,1151,0.9294975688816856,False,1.0,False,0.007211165997432545,0.996524761077324,False,proxy,20ng-sub7951,7951,0
8,leaf:political debate#t1,This text discusses political debate.,proxy-cascade,7951,7951,0,0,0,1.0,1.0,1.0,400,,,,,0.0028835829871241003,1.0,,proxy,20ng-sub7951,7951,0
9,group:sports#t1,This text discusses sports.,proxy-cascade,3051,881,523,1647,0,1.0,0.98375,0.9918084436042848,800,0.9313609467455621,False,1.0,False,0.006046041002264246,0.98375,False,proxy,20ng-sub7951,7951,0
10,group:science#t1,This text discusses science.,proxy-cascade,6362,1121,497,4744,0,1.0,0.989375,0.9946591266101164,1600,0.9113413932066782,False,1.0,False,0.007710667006904259,0.989375,False,proxy,20ng-sub7951,7951,0
11,leaf:hockey#t1,This text discusses hockey.,proxy-cascade,7951,7951,0,0,0,1.0,1.0,1.0,400,,,,,0.0049233750032726675,1.0,,proxy,20ng-sub7951,7951,0
12,leaf:religious debate#t2,The passage is related to religious debate.,proxy-cascade,7951,7951,0,0,0,1.0,1.0,1.0,351,,,,,0.0023137080133892596,1.0,,proxy,20ng-sub7951,7951,0
13,leaf:political debate#t0,The document is about political debate.,proxy-cascade,5177,257,4000,920,0,1.0,0.9625,0.980891719745223,400,0.9123222748815166,False,1.0,False,0.005296667019138113,0.9625,False,proxy,20ng-sub7951,7951,0
14,leaf:items for sale#t3,This article covers the topic of items for sale.,proxy-cascade,7951,7951,0,0,0,1.0,1.0,1.0,400,,,,,0.0023067079891916364,1.0,,proxy,20ng-sub7951,7951,0
15,leaf:Christianity#t3,This article covers the topic of Christianity.,proxy-cascade,7951,7951,0,0,0,1.0,1.0,1.0,400,,,,,0.0022999589855317026,1.0,,proxy,20ng-sub7951,7951,0
16,union:electronics|hockey#u0,The document is about electronics or about hockey.,proxy-cascade,4824,855,851,3118,0,1.0,0.955,0.9769820971867007,800,0.9215922798552473,False,1.0,False,0.020144582987995818,0.955,False,proxy,20ng-sub7951,7951,0
17,group:science#t2,The passage is related to science.,proxy-cascade,6408,1333,426,4649,0,1.0,0.990625,0.9952904238618524,1600,0.9451401311866429,False,1.0,False,0.007548708003014326,0.990625,False,proxy,20ng-sub7951,7951,0
18,group:computers#t1,This text discusses computers.,proxy-cascade,3513,1800,224,1489,0,1.0,0.969,0.984255967496191,2000,0.9013953488372093,False,1.0,False,0.006361125007970259,0.969,False,proxy,20ng-sub7951,7951,0
19,union:Macintosh hardware|items for sale#u1,This text discusses either Macintosh hardware or items for sale.,proxy-cascade,4856,754,1028,3074,0,1.0,0.9975,0.9987484355444306,800,0.9637681159420289,False,1.0,False,0.0061891250079497695,0.9975,False,proxy,20ng-sub7951,7951,0
20,group:motor vehicles#t3,This article covers the topic of motor vehicles.,proxy-cascade,7951,7951,0,0,0,1.0,1.0,1.0,800,,,,,0.002982333011459559,1.0,,proxy,20ng-sub7951,7951,0
21,group:sports#t3,This article covers the topic of sports.,proxy-cascade,3051,754,653,1644,0,1.0,0.97875,0.9892608970309539,800,0.9211764705882353,False,1.0,False,0.006002415990224108,0.97875,False,proxy,20ng-sub7951,7951,0
22,group:motor vehicles#t3,This article covers the topic of motor vehicles.,proxy-cascade,5121,1872,426,2823,0,1.0,0.985,0.9924433249370278,800,0.9259694477085781,False,1.0,False,0.003961166017688811,0.985,False,proxy,20ng-sub7951,7951,0
23,group:motor vehicles#t3,This article covers the topic of motor vehicles.,proxy-cascade,7951,7951,0,0,0,1.0,1.0,1.0,800,,,,,0.0004815419961232692,1.0,,proxy,20ng-sub7951,7951,0
24,union:PC hardware|cryptography#u0,The document is about PC hardware or about cryptography.,proxy-cascade,7951,7951,0,0,0,1.0,1.0,1.0,800,,,,,0.0029767919913865626,1.0,,proxy,20ng-sub7951,7951,0
25,leaf:political debate#t1,This text discusses political debate.,proxy-cascade,7951,7951,0,0,0,1.0,1.0,1.0,400,,,,,0.0002861670218408108,1.0,,proxy,20ng-sub7951,7951,0
26,union:Macintosh hardware|space exploration#u1,This text discusses either Macintosh hardware or space exploration.,proxy-cascade,6037,207,4000,1830,0,1.0,0.9225,0.9596879063719116,800,0.9010989010989011,False,1.0,False,0.00679658298031427,0.9225,False,proxy,20ng-sub7951,7951,0
27,leaf:baseball#t2,The passage is related to baseball.,proxy-cascade,3979,365,2283,1331,0,1.0,0.9875,0.9937106918238994,400,0.9207459207459208,False,1.0,False,0.00596275000134483,0.9875,False,proxy,20ng-sub7951,7951,0
28,group:computers#t0,The document is about computers.,proxy-cascade,3668,2068,183,1417,0,1.0,0.9835,0.991681371313335,2000,0.9282680509674375,False,1.0,False,0.006756124988896772,0.9835,False,proxy,20ng-sub7951,7951,0
29,leaf:baseball#t3,This article covers the topic of baseball.,proxy-cascade,5178,289,3968,921,0,1.0,0.985,0.9924433249370278,400,0.9586374695863747,False,1.0,False,0.006089832982979715,0.985,False,proxy,20ng-sub7951,7951,0
30,leaf:electronics#t0,The document is about electronics.,proxy-cascade,7951,7951,0,0,0,1.0,1.0,1.0,400,,,,,0.003435999999055639,1.0,,proxy,20ng-sub7951,7951,0
31,union:PC hardware|items for sale#u1,This text discusses either PC hardware or items for sale.,proxy-cascade,3505,577,1429,1499,0,1.0,0.945,0.9717223650385605,800,0.9032258064516129,False,1.0,False,0.005994667008053511,0.945,False,proxy,20ng-sub7951,7951,0
32,union:computer graphics|motorcycles#u0,The document is about computer graphics or about motorcycles.,proxy-cascade,5150,451,1922,2777,0,1.0,0.95375,0.9763275751759437,800,0.923728813559322,False,1.0,False,0.0063687080109957606,0.95375,False,proxy,20ng-sub7951,7951,0
33,union:Macintosh hardware|electronics#u0,The document is about Macintosh hardware or about electronics.,proxy-cascade,5047,573,1546,2928,0,1.0,0.98625,0.9930774071743234,800,0.9449101796407186,False,1.0,False,0.006655417004367337,0.98625,False,proxy,20ng-sub7951,7951,0
34,group:computers#t1,This text discusses computers.,proxy-cascade,5346,2595,148,2603,0,1.0,0.9965,0.9982469321312296,2000,0.925255338904364,False,1.0,False,0.004557290987577289,0.9965,False,proxy,20ng-sub7951,7951,0
35,group:religion#t1,This text discusses religion.,proxy-cascade,4685,819,596,3270,0,1.0,0.9843614248479583,0.9921190893169877,1151,0.9241435562805873,False,1.0,False,0.006560708017786965,0.9843614248479583,False,proxy,20ng-sub7951,7951,0
36,group:computers#t0,The document is about computers.,proxy-cascade,4483,3208,124,1151,0,1.0,0.9935,0.9967394030599448,2000,0.9182070240295749,False,1.0,False,0.0038195839733816683,0.9935,False,proxy,20ng-sub7951,7951,0
37,union:Middle East affairs|items for sale#u1,This text discusses either Middle East affairs or items for sale.,proxy-cascade,4821,580,1092,3149,0,1.0,0.97625,0.9879822896900696,800,0.9398315282791817,False,1.0,False,0.007638124981895089,0.97625,False,proxy,20ng-sub7951,7951,0
38,leaf:the Microsoft Windows operating system#t1,This text discusses the Microsoft Windows operating system.,proxy-cascade,7951,7951,0,0,0,1.0,1.0,1.0,400,,,,,0.0037243329861667007,1.0,,proxy,20ng-sub7951,7951,0
39,group:sports#t2,The passage is related to sports.,proxy-cascade,7951,7951,0,0,0,1.0,1.0,1.0,800,,,,,0.0024545000051148236,1.0,,proxy,20ng-sub7951,7951,0
40,leaf:motorcycles#t0,The document is about motorcycles.,proxy-cascade,7951,7951,0,0,0,1.0,1.0,1.0,400,,,,,0.0025397500139661133,1.0,,proxy,20ng-sub7951,7951,0
41,group:motor vehicles#t0,The document is about motor vehicles.,proxy-cascade,7951,7951,0,0,0,1.0,1.0,1.0,800,,,,,0.0004355839919298887,1.0,,proxy,20ng-sub7951,7951,0
42,union:Christianity|political debate#u1,This text discusses either Christianity or political debate.,proxy-cascade,7951,7951,0,0,0,1.0,1.0,1.0,800,,,,,0.0025412910035811365,1.0,,proxy,20ng-sub7951,7951,0
43,group:motor vehicles#t2,The passage is related to motor vehicles.,proxy-cascade,5078,421,1763,2894,0,1.0,0.97625,0.9879822896900696,800,0.9398315282791817,False,1.0,False,0.007902083016233519,0.97625,False,proxy,20ng-sub7951,7951,0
44,leaf:motorcycles#t2,The passage is related to motorcycles.,proxy-cascade,7951,7951,0,0,0,1.0,1.0,1.0,400,,,,,0.0028658749943133444,1.0,,proxy,20ng-sub7951,7951,0
45,group:motor vehicles#t1,This text discusses motor vehicles.,proxy-cascade,3139,631,916,1592,0,1.0,0.96125,0.9802421924792861,800,0.9122182680901542,False,1.0,False,0.006324834015686065,0.96125,False,proxy,20ng-sub7951,7951,0
46,group:religion#t0,The document is about religion.,proxy-cascade,7951,7951,0,0,0,1.0,1.0,1.0,1151,,,,,0.0006503750046249479,1.0,,proxy,20ng-sub7951,7951,0
47,group:sports#t3,This article covers the topic of sports.,proxy-cascade,3049,805,597,1647,0,1.0,0.97875,0.9892608970309539,800,0.9388489208633094,False,1.0,False,0.0033572500105947256,0.97875,False,proxy,20ng-sub7951,7951,0
48,union:Macintosh hardware|cars#u1,This text discusses either Macintosh hardware or cars.,proxy-cascade,6093,300,4000,1793,0,1.0,0.9575,0.9782886334610472,800,0.9387254901960784,False,1.0,False,0.0064834170043468475,0.9575,False,proxy,20ng-sub7951,7951,0
49,leaf:computer graphics#t1,This text discusses computer graphics.,proxy-cascade,7951,7951,0,0,0,1.0,1.0,1.0,400,,,,,0.0032647089974489063,1.0,,proxy,20ng-sub7951,7951,0
50,union:atheism|hockey#u1,This text discusses either atheism or hockey.,proxy-cascade,4898,474,1397,3027,0,1.0,0.97375,0.9867004433185561,800,0.934052757793765,False,1.0,False,0.0065437919984105974,0.97375,False,proxy,20ng-sub7951,7951,0
51,leaf:items for sale#t0,The document is about items for sale.,proxy-cascade,5211,269,4000,942,0,1.0,0.98,0.98989898989899,400,0.9631449631449631,False,1.0,False,0.005633791995933279,0.98,False,proxy,20ng-sub7951,7951,0
52,leaf:baseball#t0,The document is about baseball.,proxy-cascade,7951,7951,0,0,0,1.0,1.0,1.0,400,,,,,0.003715792001457885,1.0,,proxy,20ng-sub7951,7951,0
53,union:hockey|motorcycles#u0,The document is about hockey or about motorcycles.,proxy-cascade,7951,7951,0,0,0,1.0,1.0,1.0,800,,,,,0.003095791005762294,1.0,,proxy,20ng-sub7951,7951,0
54,group:politics#t0,The document is about politics.,proxy-cascade,4728,1035,503,3190,0,1.0,0.9891666666666666,0.9945538332635107,1200,0.928068803752932,False,1.0,False,0.006517541012726724,0.9891666666666666,False,proxy,20ng-sub7951,7951,0
55,group:motor vehicles#t1,This text discusses motor vehicles.,proxy-cascade,7951,7951,0,0,0,1.0,1.0,1.0,800,,,,,0.00047029199777171016,1.0,,proxy,20ng-sub7951,7951,0
56,leaf:atheism#t3,This article covers the topic of atheism.,proxy-cascade,7951,7951,0,0,0,1.0,1.0,1.0,400,,,,,0.002971250010887161,1.0,,proxy,20ng-sub7951,7951,0
57,union:atheism|gun control#u1,This text discusses either atheism or gun control.,proxy-cascade,7951,7951,0,0,0,1.0,1.0,1.0,800,,,,,0.0029293749830685556,1.0,,proxy,20ng-sub7951,7951,0
58,leaf:cars#t2,The passage is related to cars.,proxy-cascade,7951,7951,0,0,0,1.0,1.0,1.0,400,,,,,0.003340166003908962,1.0,,proxy,20ng-sub7951,7951,0
59,group:sports#t2,The passage is related to sports.,proxy-cascade,4688,938,489,3261,0,1.0,0.99,0.9949748743718593,800,0.9263157894736842,False,1.0,False,0.0037665409909095615,0.99,False,proxy,20ng-sub7951,7951,0
60,group:motor vehicles#t2,The passage is related to motor vehicles.,proxy-cascade,5332,2337,391,2604,0,1.0,0.98125,0.9905362776025236,800,0.9235294117647059,False,1.0,False,0.003722082998137921,0.98125,False,proxy,20ng-sub7951,7951,0
61,group:computers#t0,The document is about computers.,proxy-cascade,5424,2746,140,2538,0,1.0,0.998,0.998998998998999,2000,0.9015356820234869,False,1.0,False,0.004345624998677522,0.998,False,proxy,20ng-sub7951,7951,0
62,union:medicine|the Microsoft Windows operating system#u0,The document is about medicine or about the Microsoft Windows operating system.,proxy-cascade,5065,479,1674,2912,0,1.0,0.9675,0.9834815756035579,800,0.9247311827956989,False,1.0,False,0.007028624997474253,0.9675,False,proxy,20ng-sub7951,7951,0
63,union:baseball|items for sale#u0,The document is about baseball or about items for sale.,proxy-cascade,5042,417,1725,2900,0,1.0,0.985,0.9924433249370278,800,0.9425837320574163,False,1.0,False,0.00669341697357595,0.985,False,proxy,20ng-sub7951,7951,0
64,union:atheism|medicine#u1,This text discusses either atheism or medicine.,proxy-cascade,5136,447,1867,2822,0,1.0,0.97625,0.9879822896900696,800,0.9432367149758454,False,1.0,False,0.006576875020982698,0.97625,False,proxy,20ng-sub7951,7951,0
65,union:hockey|the X Window System#u1,This text discusses either hockey or the X Window System.,proxy-cascade,4714,749,734,3231,0,1.0,0.9875,0.9937106918238994,800,0.9111880046136102,False,1.0,False,0.007268875022418797,0.9875,False,proxy,20ng-sub7951,7951,0
66,leaf:cryptography#t0,The document is about cryptography.,proxy-cascade,5182,263,4000,919,0,1.0,0.9675,0.9834815756035579,400,0.9462102689486552,False,1.0,False,0.005741125001804903,0.9675,False,proxy,20ng-sub7951,7951,0
67,leaf:motorcycles#t3,This article covers the topic of motorcycles.,proxy-cascade,7951,7951,0,0,0,1.0,1.0,1.0,400,,,,,0.0025594999897293746,1.0,,proxy,20ng-sub7951,7951,0
68,leaf:hockey#t1,This text discusses hockey.,proxy-cascade,7951,7951,0,0,0,1.0,1.0,1.0,400,,,,,0.00020479198428802192,1.0,,proxy,20ng-sub7951,7951,0
69,leaf:baseball#t2,The passage is related to baseball.,proxy-cascade,7951,7951,0,0,0,1.0,1.0,1.0,400,,,,,0.00024716698681004345,1.0,,proxy,20ng-sub7951,7951,0
70,group:motor vehicles#t0,The document is about motor vehicles.,proxy-cascade,6374,1119,516,4739,0,1.0,0.98875,0.994343180389692,800,0.9081515499425947,False,1.0,False,0.004108708002604544,0.98875,False,proxy,20ng-sub7951,7951,0
71,leaf:the Microsoft Windows operating system#t2,The passage is related to the Microsoft Windows operating system.,proxy-cascade,7951,7951,0,0,0,1.0,1.0,1.0,400,,,,,0.0028673330089077353,1.0,,proxy,20ng-sub7951,7951,0
72,leaf:motorcycles#t2,The passage is related to motorcycles.,proxy-cascade,7951,7951,0,0,0,1.0,1.0,1.0,400,,,,,0.0002635830023791641,1.0,,proxy,20ng-sub7951,7951,0
73,group:sports#t2,The passage is related to sports.,proxy-cascade,5265,2193,380,2692,0,1.0,0.99125,0.9956057752667922,800,0.9242424242424242,False,1.0,False,0.0036065420135855675,0.99125,False,proxy,20ng-sub7951,7951,0
74,union:Macintosh hardware|electronics#u1,This text discusses either Macintosh hardware or electronics.,proxy-cascade,7951,7951,0,0,0,1.0,1.0,1.0,800,,,,,0.003423084010137245,1.0,,proxy,20ng-sub7951,7951,0
75,leaf:Christianity#t3,This article covers the topic of Christianity.,proxy-cascade,3541,718,1361,1462,0,1.0,0.98,0.98989898989899,400,0.9095127610208816,False,1.0,False,0.0029775419970974326,0.98,False,proxy,20ng-sub7951,7951,0
76,group:sports#t2,The passage is related to sports.,proxy-cascade,4695,896,508,3291,0,1.0,0.99125,0.9956057752667922,800,0.9073226544622426,False,1.0,False,0.0035663330054376274,0.99125,False,proxy,20ng-sub7951,7951,0
77,leaf:religious debate#t3,This article covers the topic of religious debate.,proxy-cascade,7951,7951,0,0,0,1.0,1.0,1.0,351,,,,,0.0029832090076524764,1.0,,proxy,20ng-sub7951,7951,0
78,union:atheism|baseball#u1,This text discusses either atheism or baseball.,proxy-cascade,4895,512,1375,3008,0,1.0,0.97875,0.9892608970309539,800,0.9502427184466019,False,1.0,False,0.006226792000234127,0.97875,False,proxy,20ng-sub7951,7951,0
79,leaf:items for sale#t2,The passage is related to items for sale.,proxy-cascade,7951,7951,0,0,0,1.0,1.0,1.0,400,,,,,0.0026156670064665377,1.0,,proxy,20ng-sub7951,7951,0
80,union:Macintosh hardware|religious debate#u0,The document is about Macintosh hardware or about religious debate.,proxy-cascade,6583,614,1889,4080,0,1.0,0.9813581890812251,0.9905913978494624,751,0.9473007712082262,False,1.0,False,0.006234125001356006,0.9813581890812251,False,proxy,20ng-sub7951,7951,0
81,group:motor vehicles#t1,This text discusses motor vehicles.,proxy-cascade,5416,2503,366,2547,0,1.0,0.995,0.9974937343358395,800,0.9266589057043073,False,1.0,False,0.003371625003637746,0.995,False,proxy,20ng-sub7951,7951,0
82,leaf:cars#t0,The document is about cars.,proxy-cascade,7951,7951,0,0,0,1.0,1.0,1.0,400,,,,,0.0032732500112615526,1.0,,proxy,20ng-sub7951,7951,0
83,leaf:PC hardware#t0,The document is about PC hardware.,proxy-cascade,4601,405,3076,1120,0,1.0,0.955,0.9769820971867007,400,0.9502487562189055,False,1.0,False,0.006902416003867984,0.955,False,proxy,20ng-sub7951,7951,0
84,group:religion#t2,The passage is related to religion.,proxy-cascade,4728,1038,452,3238,0,1.0,0.9878366637706343,0.993881118881119,1151,0.9066985645933014,False,1.0,False,0.010276707995217294,0.9878366637706343,False,proxy,20ng-sub7951,7951,0
85,union:Christianity|hockey#u0,The document is about Christianity or about hockey.,proxy-cascade,4855,518,1225,3112,0,1.0,0.9825,0.991172761664565,800,0.9203747072599532,False,1.0,False,0.007584541977848858,0.9825,False,proxy,20ng-sub7951,7951,0
86,group:religion#t0,The document is about religion.,proxy-cascade,3537,1751,312,1474,0,1.0,0.9852302345786272,0.9925601750547046,1151,0.9007148530579825,False,1.0,False,0.0034957499883603305,0.9852302345786272,False,proxy,20ng-sub7951,7951,0
87,union:atheism|computer graphics#u1,This text discusses either atheism or computer graphics.,proxy-cascade,7951,7951,0,0,0,1.0,1.0,1.0,800,,,,,0.004311083001084626,1.0,,proxy,20ng-sub7951,7951,0
88,union:motorcycles|political debate#u1,This text discusses either motorcycles or political debate.,proxy-cascade,5642,362,3023,2257,0,1.0,0.955,0.9769820971867007,800,0.9385749385749386,False,1.0,False,0.007569540990516543,0.955,False,proxy,20ng-sub7951,7951,0
89,group:motor vehicles#t0,The document is about motor vehicles.,proxy-cascade,7951,3678,284,3989,0,1.0,1.0,1.0,800,1.0,False,1.0,False,0.0030772500031162053,1.0,False,proxy,20ng-sub7951,7951,0
90,union:PC hardware|political debate#u0,The document is about PC hardware or about political debate.,proxy-cascade,6670,478,2480,3712,0,1.0,0.96875,0.9841269841269841,800,0.9348612786489746,False,1.0,False,0.007719790999544784,0.96875,False,proxy,20ng-sub7951,7951,0
91,leaf:Macintosh hardware#t0,The document is about Macintosh hardware.,proxy-cascade,7951,7951,0,0,0,1.0,1.0,1.0,400,,,,,0.040597790997708216,1.0,,proxy,20ng-sub7951,7951,0
92,leaf:items for sale#t1,This text discusses items for sale.,proxy-cascade,7951,7951,0,0,0,1.0,1.0,1.0,400,,,,,0.005898457980947569,1.0,,proxy,20ng-sub7951,7951,0
93,leaf:the Microsoft Windows operating system#t0,The document is about the Microsoft Windows operating system.,proxy-cascade,7951,7951,0,0,0,1.0,1.0,1.0,400,,,,,0.00209554101456888,1.0,,proxy,20ng-sub7951,7951,0
94,leaf:the Microsoft Windows operating system#t1,This text discusses the Microsoft Windows operating system.,proxy-cascade,6106,3677,570,1859,0,1.0,0.995,0.9974937343358395,400,0.9277389277389277,False,1.0,False,0.0029390419949777424,0.995,False,proxy,20ng-sub7951,7951,0
95,group:computers#t3,This article covers the topic of computers.,proxy-cascade,7951,7951,0,0,0,1.0,1.0,1.0,2000,,,,,0.002920958009781316,1.0,,proxy,20ng-sub7951,7951,0
96,leaf:PC hardware#t1,This text discusses PC hardware.,proxy-cascade,7951,7951,0,0,0,1.0,1.0,1.0,400,,,,,0.002339750004466623,1.0,,proxy,20ng-sub7951,7951,0
97,leaf:cars#t2,The passage is related to cars.,proxy-cascade,7951,7951,0,0,0,1.0,1.0,1.0,400,,,,,0.00023458298528566957,1.0,,proxy,20ng-sub7951,7951,0
98,union:Christianity|items for sale#u0,The document is about Christianity or about items for sale.,proxy-cascade,6614,503,2154,3957,0,1.0,0.98,0.98989898989899,800,0.9607843137254902,False,1.0,False,0.00646912501542829,0.98,False,proxy,20ng-sub7951,7951,0
99,group:politics#t2,The passage is related to politics.,proxy-cascade,4737,1012,540,3185,0,1.0,0.9841666666666666,0.992020159596808,1200,0.9169254658385093,False,1.0,False,0.006189667008584365,0.9841666666666666,False,proxy,20ng-sub7951,7951,0
100,leaf:gun control#t2,The passage is related to gun control.,proxy-cascade,7951,7951,0,0,0,1.0,1.0,1.0,400,,,,,0.0026253749965690076,1.0,,proxy,20ng-sub7951,7951,0
101,union:Middle East affairs|items for sale#u1,This text discusses either Middle East affairs or items for sale.,proxy-cascade,7951,7951,0,0,0,1.0,1.0,1.0,800,,,,,0.00035266601480543613,1.0,,proxy,20ng-sub7951,7951,0
102,leaf:computer graphics#t3,This article covers the topic of computer graphics.,proxy-cascade,5661,361,3046,2254,0,1.0,0.9875,0.9937106918238994,400,0.9777227722772277,False,1.0,False,0.005975917010800913,0.9875,False,proxy,20ng-sub7951,7951,0
103,leaf:religious debate#t3,This article covers the topic of religious debate.,proxy-cascade,7951,7951,0,0,0,1.0,1.0,1.0,351,,,,,0.00025587499840185046,1.0,,proxy,20ng-sub7951,7951,0
104,leaf:atheism#t3,This article covers the topic of atheism.,proxy-cascade,7033,3745,561,2727,0,1.0,0.9975,0.9987484355444306,400,0.9236111111111112,False,1.0,False,0.003371916012838483,0.9975,False,proxy,20ng-sub7951,7951,0
105,group:religion#t1,This text discusses religion.,proxy-cascade,7951,7951,0,0,0,1.0,1.0,1.0,1151,,,,,0.000553459016373381,1.0,,proxy,20ng-sub7951,7951,0
106,union:hockey|items for sale#u0,The document is about hockey or about items for sale.,proxy-cascade,4846,545,1179,3122,0,1.0,0.9725,0.9860583016476552,800,0.9441747572815534,False,1.0,False,0.006589374999748543,0.9725,False,proxy,20ng-sub7951,7951,0
107,group:motor vehicles#t0,The document is about motor vehicles.,proxy-cascade,7951,7951,0,0,0,1.0,1.0,1.0,800,,,,,0.0004553329781629145,1.0,,proxy,20ng-sub7951,7951,0
108,union:space exploration|the Microsoft Windows operating system#u1,This text discusses either space exploration or the Microsoft Windows operating system.,proxy-cascade,5397,369,2484,2544,0,1.0,0.95875,0.978940650925335,800,0.9066193853427896,False,1.0,False,0.006692625000141561,0.95875,False,proxy,20ng-sub7951,7951,0
109,group:sports#t2,The passage is related to sports.,proxy-cascade,7951,7951,0,0,0,1.0,1.0,1.0,800,,,,,0.00047145900316536427,1.0,,proxy,20ng-sub7951,7951,0
110,group:sports#t1,This text discusses sports.,proxy-cascade,6325,989,474,4862,0,1.0,0.99875,0.9993746091307067,800,0.923699421965318,False,1.0,False,0.004451250017154962,0.99875,False,proxy,20ng-sub7951,7951,0
111,leaf:atheism#t3,This article covers the topic of atheism.,proxy-cascade,7951,7951,0,0,0,1.0,1.0,1.0,400,,,,,0.0003630410064943135,1.0,,proxy,20ng-sub7951,7951,0
112,leaf:Middle East affairs#t2,The passage is related to Middle East affairs.,proxy-cascade,7951,7951,0,0,0,1.0,1.0,1.0,400,,,,,0.0029284170013852417,1.0,,proxy,20ng-sub7951,7951,0
113,union:Macintosh hardware|motorcycles#u1,This text discusses either Macintosh hardware or motorcycles.,proxy-cascade,4985,599,1436,2950,0,1.0,0.96125,0.9802421924792861,800,0.9165673420738975,False,1.0,False,0.009356333001051098,0.96125,False,proxy,20ng-sub7951,7951,0
114,union:political debate|religious debate#u0,The document is about political debate or about religious debate.,proxy-cascade,7951,7951,0,0,0,1.0,1.0,1.0,751,,,,,0.0025087500107474625,1.0,,proxy,20ng-sub7951,7951,0
115,leaf:gun control#t3,This article covers the topic of gun control.,proxy-cascade,5164,230,4000,934,0,1.0,0.97,0.9847715736040609,400,0.9023255813953488,False,1.0,False,0.0054231669928412884,0.97,False,proxy,20ng-sub7951,7951,0
116,leaf:medicine#t2,The passage is related to medicine.,proxy-cascade,7951,7951,0,0,0,1.0,1.0,1.0,400,,,,,0.0026131659979000688,1.0,,proxy,20ng-sub7951,7951,0
117,group:politics#t1,This text discusses politics.,proxy-cascade,3979,2393,255,1331,0,1.0,0.9825,0.991172761664565,1200,0.9261586802827966,False,1.0,False,0.0035824590013362467,0.9825,False,proxy,20ng-sub7951,7951,0
118,group:science#t2,The passage is related to science.,proxy-cascade,7951,7951,0,0,0,1.0,1.0,1.0,1600,,,,,0.0007354590052273124,1.0,,proxy,20ng-sub7951,7951,0
119,group:religion#t0,The document is about religion.,proxy-cascade,3203,1195,403,1605,0,1.0,0.9661164205039097,0.9827662395050818,1151,0.9407783417935702,False,1.0,False,0.0037572919973172247,0.9661164205039097,False,proxy,20ng-sub7951,7951,0
0,group:motor vehicles#t0,The document is about motor vehicles.,proxy-cascade,6361,1050,596,4715,0,1.0,0.9975,0.9987484355444306,800,0.9355216881594373,False,1.0,False,0.007271833019331098,0.9975,False,proxy,20ng-sub7951,7951,0
1,group:religion#t3,This article covers the topic of religion.,proxy-cascade,3478,1644,330,1504,0,1.0,0.9800173761946134,0.9899078543220711,1151,0.9060240963855422,False,1.0,False,0.006048290990293026,0.9800173761946134,False,proxy,20ng-sub7951,7951,0
2,leaf:religious debate#t0,The document is about religious debate.,proxy-cascade,5431,603,4000,828,0,1.0,0.9601139601139601,0.9796511627906976,351,0.9232876712328767,False,1.0,False,0.006394208990968764,0.9601139601139601,False,proxy,20ng-sub7951,7951,0
3,group:politics#t1,This text discusses politics.,proxy-cascade,4898,1443,393,3062,0,1.0,0.9925,0.9962358845671266,1200,0.9211136890951276,False,1.0,False,0.006976415985263884,0.9925,False,proxy,20ng-sub7951,7951,0
4,union:gun control|medicine#u0,The document is about gun control or about medicine.,proxy-cascade,4941,1366,561,3014,0,1.0,0.9825,0.991172761664565,800,0.9390681003584229,False,1.0,False,0.006589582975720987,0.9825,False,proxy,20ng-sub7951,7951,0
5,group:motor vehicles#t0,The document is about motor vehicles.,proxy-cascade,6760,2829,345,3586,0,1.0,1.0,1.0,800,0.9280742459396751,False,1.0,False,0.004332500015152618,1.0,False,proxy,20ng-sub7951,7951,0
6,group:politics#t1,This text discusses politics.,proxy-cascade,5328,2467,247,2614,0,1.0,0.9941666666666666,0.9970748015043878,1200,0.9219474497681608,False,1.0,False,0.003809874993748963,0.9941666666666666,False,proxy,20ng-sub7951,7951,0
7,group:religion#t0,The document is about religion.,proxy-cascade,4809,1294,399,3116,0,1.0,0.9921807124239791,0.9960750109027474,1151,0.9099601593625498,False,1.0,False,0.006417249998776242,0.9921807124239791,False,proxy,20ng-sub7951,7951,0
8,leaf:political debate#t1,This text discusses political debate.,proxy-cascade,4401,595,2626,1180,0,1.0,0.9575,0.9782886334610472,400,0.941031941031941,False,1.0,False,0.006344124994939193,0.9575,False,proxy,20ng-sub7951,7951,0
9,group:sports#t1,This text discusses sports.,proxy-cascade,3166,1045,521,1600,0,1.0,0.99,0.9949748743718593,800,0.9061784897025171,False,1.0,False,0.00590533297508955,0.99,False,proxy,20ng-sub7951,7951,0
10,group:science#t1,This text discusses science.,proxy-cascade,4963,1669,318,2976,0,1.0,0.965,0.9821882951653944,1600,0.9039812646370023,False,1.0,False,0.006671917013591155,0.965,False,proxy,20ng-sub7951,7951,0
11,leaf:hockey#t1,This text discusses hockey.,proxy-cascade,3719,605,1697,1417,0,1.0,0.9825,0.991172761664565,400,0.9424460431654677,False,1.0,False,0.005773500015493482,0.9825,False,proxy,20ng-sub7951,7951,0
12,leaf:religious debate#t2,The passage is related to religious debate.,proxy-cascade,5362,478,4000,884,0,1.0,0.9458689458689459,0.972181551976574,351,0.9146005509641874,False,1.0,False,0.005770999996457249,0.9458689458689459,False,proxy,20ng-sub7951,7951,0
13,leaf:political debate#t0,The document is about political debate.,proxy-cascade,4029,650,2100,1279,0,1.0,0.955,0.9769820971867007,400,0.9138755980861244,False,1.0,False,0.005677167006069794,0.955,False,proxy,20ng-sub7951,7951,0
14,leaf:items for sale#t3,This article covers the topic of items for sale.,proxy-cascade,3983,604,2078,1301,0,1.0,0.9825,0.991172761664565,400,0.9312796208530806,False,1.0,False,0.0056729580101091415,0.9825,False,proxy,20ng-sub7951,7951,0
15,leaf:Christianity#t3,This article covers the topic of Christianity.,proxy-cascade,7951,7951,0,0,0,1.0,1.0,1.0,400,,,,,0.0026257080025970936,1.0,,proxy,20ng-sub7951,7951,0
16,union:electronics|hockey#u0,The document is about electronics or about hockey.,proxy-cascade,6425,871,906,4648,0,1.0,0.9825,0.991172761664565,800,0.9236192714453584,False,1.0,False,0.007676207984331995,0.9825,False,proxy,20ng-sub7951,7951,0
17,group:science#t2,The passage is related to science.,proxy-cascade,6527,1937,270,4320,0,1.0,0.991875,0.9959209287731409,1600,0.930791788856305,False,1.0,False,0.007481582986656576,0.991875,False,proxy,20ng-sub7951,7951,0
18,group:computers#t1,This text discusses computers.,proxy-cascade,3777,2199,179,1399,0,1.0,0.9905,0.9952273298166291,2000,0.909967845659164,False,1.0,False,0.006616667000344023,0.9905,False,proxy,20ng-sub7951,7951,0
19,union:Macintosh hardware|items for sale#u1,This text discusses either Macintosh hardware or items for sale.,proxy-cascade,4949,816,1157,2976,0,1.0,0.9925,0.9962358845671266,800,0.9441141498216409,False,1.0,False,0.007085624994942918,0.9925,False,proxy,20ng-sub7951,7951,0
20,group:motor vehicles#t3,This article covers the topic of motor vehicles.,proxy-cascade,4795,1016,636,3143,0,1.0,0.99,0.9949748743718593,800,0.9198606271777003,False,1.0,False,0.0061409590125549585,0.99,False,proxy,20ng-sub7951,7951,0
21,group:sports#t3,This article covers the topic of sports.,proxy-cascade,4757,991,564,3202,0,1.0,0.9925,0.9962358845671266,800,0.9126436781609195,False,1.0,False,0.00639358299667947,0.9925,False,proxy,20ng-sub7951,7951,0
22,group:motor vehicles#t3,This article covers the topic of motor vehicles.,proxy-cascade,7951,2457,370,5124,0,1.0,1.0,1.0,800,1.0,False,1.0,False,0.003162458015140146,1.0,False,proxy,20ng-sub7951,7951,0
23,group:motor vehicles#t3,This article covers the topic of motor vehicles.,proxy-cascade,6020,3842,269,1909,0,1.0,0.99625,0.9981214777708203,800,0.9160919540229885,False,1.0,False,0.0031888750090729445,0.99625,False,proxy,20ng-sub7951,7951,0
24,union:PC hardware|cryptography#u0,The document is about PC hardware or about cryptography.,proxy-cascade,4907,924,911,3072,0,1.0,0.97125,0.9854153455928979,800,0.9316546762589928,False,1.0,False,0.007037791016045958,0.97125,False,proxy,20ng-sub7951,7951,0
25,leaf:political debate#t1,This text discusses political debate.,proxy-cascade,3757,1139,1224,1394,0,1.0,0.97,0.9847715736040609,400,0.9216152019002375,False,1.0,False,0.00303933399845846,0.97,False,proxy,20ng-sub7951,7951,0
26,union:Macintosh hardware|space exploration#u1,This text discusses either Macintosh hardware or space exploration.,proxy-cascade,4988,860,1118,3010,0,1.0,0.965,0.9821882951653944,800,0.9093050647820966,False,1.0,False,0.005767290975200012,0.965,False,proxy,20ng-sub7951,7951,0
27,leaf:baseball#t2,The passage is related to baseball.,proxy-cascade,3894,585,1935,1374,0,1.0,0.9875,0.9937106918238994,400,0.9518072289156626,False,1.0,False,0.005800665996503085,0.9875,False,proxy,20ng-sub7951,7951,0
28,group:computers#t0,The document is about computers.,proxy-cascade,3711,2100,188,1423,0,1.0,0.9825,0.991172761664565,2000,0.9122562674094707,False,1.0,False,0.005896874994505197,0.9825,False,proxy,20ng-sub7951,7951,0
29,leaf:baseball#t3,This article covers the topic of baseball.,proxy-cascade,3876,596,1932,1348,0,1.0,0.99,0.9949748743718593,400,0.9383886255924171,False,1.0,False,0.005386667005950585,0.99,False,proxy,20ng-sub7951,7951,0
30,leaf:electronics#t0,The document is about electronics.,proxy-cascade,5291,431,4000,860,0,1.0,0.9525,0.9756722151088347,400,0.9071428571428571,False,1.0,False,0.005569750006543472,0.9525,False,proxy,20ng-sub7951,7951,0
31,union:PC hardware|items for sale#u1,This text discusses either PC hardware or items for sale.,proxy-cascade,3393,1081,789,1523,0,1.0,0.95625,0.9776357827476039,800,0.9053254437869822,False,1.0,False,0.005827332992339507,0.95625,False,proxy,20ng-sub7951,7951,0
32,union:computer graphics|motorcycles#u0,The document is about computer graphics or about motorcycles.,proxy-cascade,4933,1176,725,3032,0,1.0,0.985,0.9924433249370278,800,0.9173457508731082,False,1.0,False,0.0067277500056661665,0.985,False,proxy,20ng-sub7951,7951,0
33,union:Macintosh hardware|electronics#u0,The document is about Macintosh hardware or about electronics.,proxy-cascade,4932,1078,856,2998,0,1.0,0.99,0.9949748743718593,800,0.9263157894736842,False,1.0,False,0.006448500003898516,0.99,False,proxy,20ng-sub7951,7951,0
34,group:computers#t1,This text discusses computers.,proxy-cascade,4026,2563,151,1312,0,1.0,0.9935,0.9967394030599448,2000,0.9276377217553688,False,1.0,False,0.003631208004662767,0.9935,False,proxy,20ng-sub7951,7951,0
35,group:religion#t1,This text discusses religion.,proxy-cascade,3408,1543,352,1513,0,1.0,0.9713292788879235,0.9854561480828559,1151,0.9059967585089141,False,1.0,False,0.005596542003331706,0.9713292788879235,False,proxy,20ng-sub7951,7951,0
36,group:computers#t0,The document is about computers.,proxy-cascade,5365,2610,148,2607,0,1.0,0.9955,0.9977449260836884,2000,0.9087174806024646,False,1.0,False,0.0042148329957854,0.9955,False,proxy,20ng-sub7951,7951,0
37,union:Middle East affairs|items for sale#u1,This text discusses either Middle East affairs or items for sale.,proxy-cascade,4924,706,1186,3032,0,1.0,0.97625,0.9879822896900696,800,0.9264531435349941,False,1.0,False,0.006176291004521772,0.97625,False,proxy,20ng-sub7951,7951,0
38,leaf:the Microsoft Windows operating system#t1,This text discusses the Microsoft Windows operating system.,proxy-cascade,4285,642,2395,1248,0,1.0,0.955,0.9769820971867007,400,0.9073634204275535,False,1.0,False,0.005811666982481256,0.955,False,proxy,20ng-sub7951,7951,0
39,group:sports#t2,The passage is related to sports.,proxy-cascade,3204,1131,471,1602,0,1.0,0.99125,0.9956057752667922,800,0.9285714285714286,False,1.0,False,0.005504750006366521,0.99125,False,proxy,20ng-sub7951,7951,0
40,leaf:motorcycles#t0,The document is about motorcycles.,proxy-cascade,4942,500,3445,997,0,1.0,0.9675,0.9834815756035579,400,0.9347826086956522,False,1.0,False,0.006010874989442527,0.9675,False,proxy,20ng-sub7951,7951,0
41,group:motor vehicles#t0,The document is about motor vehicles.,proxy-cascade,7951,1520,464,5967,0,1.0,1.0,1.0,800,1.0,False,1.0,False,0.0034050839894916862,1.0,False,proxy,20ng-sub7951,7951,0
42,union:Christianity|political debate#u1,This text discusses either Christianity or political debate.,proxy-cascade,5190,769,1630,2791,0,1.0,0.99,0.9949748743718593,800,0.9439809296781884,False,1.0,False,0.006586500006960705,0.99,False,proxy,20ng-sub7951,7951,0
43,group:motor vehicles#t2,The passage is related to motor vehicles.,proxy-cascade,4798,1036,625,3137,0,1.0,0.98125,0.9905362776025236,800,0.9181286549707602,False,1.0,False,0.006121415994130075,0.98125,False,proxy,20ng-sub7951,7951,0
44,leaf:motorcycles#t2,The passage is related to motorcycles.,proxy-cascade,4304,543,2523,1238,0,1.0,0.97,0.9847715736040609,400,0.9260143198090692,False,1.0,False,0.006037332990672439,0.97,False,proxy,20ng-sub7951,7951,0
45,group:motor vehicles#t1,This text discusses motor vehicles.,proxy-cascade,4800,864,793,3143,0,1.0,0.985,0.9924433249370278,800,0.9184149184149184,False,1.0,False,0.00573616600013338,0.985,False,proxy,20ng-sub7951,7951,0
46,group:religion#t0,The document is about religion.,proxy-cascade,4146,2617,249,1280,0,1.0,0.9860990443092963,0.9930008748906387,1151,0.9257748776508973,False,1.0,False,0.0029788749816361815,0.9860990443092963,False,proxy,20ng-sub7951,7951,0
47,group:sports#t3,This article covers the topic of sports.,proxy-cascade,4159,3896,263,0,0,1.0,0.99,0.9949748743718593,800,0.9209302325581395,False,1.0,False,0.0021490409853868186,0.99,False,proxy,20ng-sub7951,7951,0
48,union:Macintosh hardware|cars#u1,This text discusses either Macintosh hardware or cars.,proxy-cascade,5038,844,1238,2956,0,1.0,0.9675,0.9834815756035579,800,0.9181494661921709,False,1.0,False,0.006755166017683223,0.9675,False,proxy,20ng-sub7951,7951,0
49,leaf:computer graphics#t1,This text discusses computer graphics.,proxy-cascade,5140,733,1589,2818,0,1.0,0.9925,0.9962358845671266,400,0.9126436781609195,False,1.0,False,0.006221333984285593,0.9925,False,proxy,20ng-sub7951,7951,0
50,union:atheism|hockey#u1,This text discusses either atheism or hockey.,proxy-cascade,4853,947,862,3044,0,1.0,0.9875,0.9937106918238994,800,0.9090909090909091,False,1.0,False,0.006253416009712964,0.9875,False,proxy,20ng-sub7951,7951,0
51,leaf:items for sale#t0,The document is about items for sale.,proxy-cascade,4684,535,3072,1077,0,1.0,0.975,0.9873417721518987,400,0.9466019417475728,False,1.0,False,0.006302291993051767,0.975,False,proxy,20ng-sub7951,7951,0
52,leaf:baseball#t0,The document is about baseball.,proxy-cascade,3856,590,1905,1361,0,1.0,0.985,0.9924433249370278,400,0.9248826291079812,False,1.0,False,0.006056874990463257,0.985,False,proxy,20ng-sub7951,7951,0
53,union:hockey|motorcycles#u0,The document is about hockey or about motorcycles.,proxy-cascade,4837,1177,580,3080,0,1.0,0.98625,0.9930774071743234,800,0.9359430604982206,False,1.0,False,0.006241333001526073,0.98625,False,proxy,20ng-sub7951,7951,0
54,group:politics#t0,The document is about politics.,proxy-cascade,3278,1255,478,1545,0,1.0,0.9633333333333334,0.9813242784380306,1200,0.9102362204724409,False,1.0,False,0.006176874972879887,0.9633333333333334,False,proxy,20ng-sub7951,7951,0
55,group:motor vehicles#t1,This text discusses motor vehicles.,proxy-cascade,4954,1484,463,3007,0,1.0,0.98625,0.9930774071743234,800,0.9293286219081273,False,1.0,False,0.0035981250111944973,0.98625,False,proxy,20ng-sub7951,7951,0
56,leaf:atheism#t3,This article covers the topic of atheism.,proxy-cascade,5169,548,3686,935,0,1.0,0.94,0.9690721649484536,400,0.910411622276029,False,1.0,False,0.006406458996934816,0.94,False,proxy,20ng-sub7951,7951,0
57,union:atheism|gun control#u1,This text discusses either atheism or gun control.,proxy-cascade,5061,909,1292,2860,0,1.0,0.98875,0.994343180389692,800,0.9717444717444718,False,1.0,False,0.006309666991000995,0.98875,False,proxy,20ng-sub7951,7951,0
58,leaf:cars#t2,The passage is related to cars.,proxy-cascade,4518,543,2841,1134,0,1.0,0.95,0.9743589743589743,400,0.9178743961352657,False,1.0,False,0.005957167013548315,0.95,False,proxy,20ng-sub7951,7951,0
59,group:sports#t2,The passage is related to sports.,proxy-cascade,3144,1035,539,1570,0,1.0,0.99125,0.9956057752667922,800,0.9296600234466589,False,1.0,False,0.0032705420162528753,0.99125,False,proxy,20ng-sub7951,7951,0
60,group:motor vehicles#t2,The passage is related to motor vehicles.,proxy-cascade,4980,1533,467,2980,0,1.0,0.98375,0.9918084436042848,800,0.9302600472813238,False,1.0,False,0.0036510410136543214,0.98375,False,proxy,20ng-sub7951,7951,0
61,group:computers#t0,The document is about computers.,proxy-cascade,4022,2562,151,1309,0,1.0,0.986,0.9929506545820745,2000,0.924953095684803,False,1.0,False,0.003574208007194102,0.986,False,proxy,20ng-sub7951,7951,0
62,union:medicine|the Microsoft Windows operating system#u0,The document is about medicine or about the Microsoft Windows operating system.,proxy-cascade,4953,746,1187,3020,0,1.0,0.95375,0.9763275751759437,800,0.9361963190184049,False,1.0,False,0.007005457999184728,0.95375,False,proxy,20ng-sub7951,7951,0
63,union:baseball|items for sale#u0,The document is about baseball or about items for sale.,proxy-cascade,4807,906,826,3075,0,1.0,0.97125,0.9854153455928979,800,0.9151943462897526,False,1.0,False,0.006861417001346126,0.97125,False,proxy,20ng-sub7951,7951,0
64,union:atheism|medicine#u1,This text discusses either atheism or medicine.,proxy-cascade,4972,779,1201,2992,0,1.0,0.9825,0.991172761664565,800,0.9290780141843972,False,1.0,False,0.006507040990982205,0.9825,False,proxy,20ng-sub7951,7951,0
65,union:hockey|the X Window System#u1,This text discusses either hockey or the X Window System.,proxy-cascade,3238,962,693,1583,0,1.0,0.95875,0.978940650925335,800,0.9263285024154589,False,1.0,False,0.00561266700970009,0.95875,False,proxy,20ng-sub7951,7951,0
66,leaf:cryptography#t0,The document is about cryptography.,proxy-cascade,3515,777,1241,1497,0,1.0,0.97,0.9847715736040609,400,0.9023255813953488,False,1.0,False,0.0056707499898038805,0.97,False,proxy,20ng-sub7951,7951,0
67,leaf:motorcycles#t3,This article covers the topic of motorcycles.,proxy-cascade,5259,603,1950,2706,0,1.0,1.0,1.0,400,0.9302325581395349,False,1.0,False,0.0060903340054210275,1.0,False,proxy,20ng-sub7951,7951,0
68,leaf:hockey#t1,This text discusses hockey.,proxy-cascade,3421,839,1030,1552,0,1.0,0.9875,0.9937106918238994,400,0.9080459770114943,False,1.0,False,0.0031886660144664347,0.9875,False,proxy,20ng-sub7951,7951,0
69,leaf:baseball#t2,The passage is related to baseball.,proxy-cascade,3445,735,1224,1486,0,1.0,0.985,0.9924433249370278,400,0.9403341288782816,False,1.0,False,0.003007708990480751,0.985,False,proxy,20ng-sub7951,7951,0
70,group:motor vehicles#t0,The document is about motor vehicles.,proxy-cascade,6721,2677,355,3689,0,1.0,0.99875,0.9993746091307067,800,0.9258400926998841,False,1.0,False,0.0036532079975586385,0.99875,False,proxy,20ng-sub7951,7951,0
71,leaf:the Microsoft Windows operating system#t2,The passage is related to the Microsoft Windows operating system.,proxy-cascade,7951,7951,0,0,0,1.0,1.0,1.0,400,,,,,0.002901792002376169,1.0,,proxy,20ng-sub7951,7951,0
72,leaf:motorcycles#t2,The passage is related to motorcycles.,proxy-cascade,5054,870,1213,2971,0,1.0,0.99,0.9949748743718593,400,0.9252336448598131,False,1.0,False,0.00353129199356772,0.99,False,proxy,20ng-sub7951,7951,0
73,group:sports#t2,The passage is related to sports.,proxy-cascade,4763,1090,493,3180,0,1.0,0.99625,0.9981214777708203,800,0.9278230500582072,False,1.0,False,0.0037182500236667693,0.99625,False,proxy,20ng-sub7951,7951,0
74,union:Macintosh hardware|electronics#u1,This text discusses either Macintosh hardware or electronics.,proxy-cascade,5012,1455,644,2913,0,1.0,0.9825,0.991172761664565,800,0.9236192714453584,False,1.0,False,0.006457374984165654,0.9825,False,proxy,20ng-sub7951,7951,0
75,leaf:Christianity#t3,This article covers the topic of Christianity.,proxy-cascade,5158,904,1376,2878,0,1.0,0.9975,0.9987484355444306,400,0.9366197183098591,False,1.0,False,0.0033135830017272383,0.9975,False,proxy,20ng-sub7951,7951,0
76,group:sports#t2,The passage is related to sports.,proxy-cascade,3150,971,597,1582,0,1.0,0.99125,0.9956057752667922,800,0.9384615384615385,False,1.0,False,0.003179459017701447,0.99125,False,proxy,20ng-sub7951,7951,0
77,leaf:religious debate#t3,This article covers the topic of religious debate.,proxy-cascade,7951,7951,0,0,0,1.0,1.0,1.0,351,,,,,0.0030881669954396784,1.0,,proxy,20ng-sub7951,7951,0
78,union:atheism|baseball#u1,This text discusses either atheism or baseball.,proxy-cascade,6434,978,848,4608,0,1.0,0.995,0.9974937343358395,800,0.9453681710213777,False,1.0,False,0.007272375019965693,0.995,False,proxy,20ng-sub7951,7951,0
79,leaf:items for sale#t2,The passage is related to items for sale.,proxy-cascade,3786,680,1718,1388,0,1.0,0.975,0.9873417721518987,400,0.9048723897911833,False,1.0,False,0.005704833019990474,0.975,False,proxy,20ng-sub7951,7951,0
80,union:Macintosh hardware|religious debate#u0,The document is about Macintosh hardware or about religious debate.,proxy-cascade,6706,775,2198,3733,0,1.0,0.9800266311584553,0.9899125756556826,751,0.9620915032679739,False,1.0,False,0.006467375002102926,0.9800266311584553,False,proxy,20ng-sub7951,7951,0
81,group:motor vehicles#t1,This text discusses motor vehicles.,proxy-cascade,3490,1553,452,1485,0,1.0,0.97375,0.9867004433185561,800,0.9262782401902497,False,1.0,False,0.0029363750072661787,0.97375,False,proxy,20ng-sub7951,7951,0
82,leaf:cars#t0,The document is about cars.,proxy-cascade,5357,472,4000,885,0,1.0,0.96,0.9795918367346939,400,0.9253012048192771,False,1.0,False,0.005361709016142413,0.96,False,proxy,20ng-sub7951,7951,0
83,leaf:PC hardware#t0,The document is about PC hardware.,proxy-cascade,5384,770,2031,2583,0,1.0,0.9975,0.9987484355444306,400,0.9684466019417476,False,1.0,False,0.007513999997172505,0.9975,False,proxy,20ng-sub7951,7951,0
84,group:religion#t2,The passage is related to religion.,proxy-cascade,4819,1304,403,3112,0,1.0,0.9904430929626412,0.9951986032300306,1151,0.9375,False,1.0,False,0.006301333021838218,0.9904430929626412,False,proxy,20ng-sub7951,7951,0
85,union:Christianity|hockey#u0,The document is about Christianity or about hockey.,proxy-cascade,4883,928,865,3090,0,1.0,0.9875,0.9937106918238994,800,0.9294117647058824,False,1.0,False,0.0064793750061653554,0.9875,False,proxy,20ng-sub7951,7951,0
86,group:religion#t0,The document is about religion.,proxy-cascade,6711,2752,241,3718,0,1.0,0.9991311902693311,0.9995654063450673,1151,0.9236947791164659,False,1.0,False,0.004228250007145107,0.9991311902693311,False,proxy,20ng-sub7951,7951,0
87,union:atheism|computer graphics#u1,This text discusses either atheism or computer graphics.,proxy-cascade,6491,848,1233,4410,0,1.0,0.98375,0.9918084436042848,800,0.9413875598086124,False,1.0,False,0.006982499995501712,0.98375,False,proxy,20ng-sub7951,7951,0
88,union:motorcycles|political debate#u1,This text discusses either motorcycles or political debate.,proxy-cascade,4945,1056,878,3011,0,1.0,0.985,0.9924433249370278,800,0.9173457508731082,False,1.0,False,0.006771583022782579,0.985,False,proxy,20ng-sub7951,7951,0
89,group:motor vehicles#t0,The document is about motor vehicles.,proxy-cascade,5767,3272,311,2184,0,1.0,0.995,0.9974937343358395,800,0.9234338747099768,False,1.0,False,0.003299250005511567,0.995,False,proxy,20ng-sub7951,7951,0
90,union:PC hardware|political debate#u0,The document is about PC hardware or about political debate.,proxy-cascade,6500,1038,1100,4362,0,1.0,0.97,0.9847715736040609,800,0.9338146811070999,False,1.0,False,0.007267874985700473,0.97,False,proxy,20ng-sub7951,7951,0
91,leaf:Macintosh hardware#t0,The document is about Macintosh hardware.,proxy-cascade,5036,564,3509,963,0,1.0,0.965,0.9821882951653944,400,0.9484029484029484,False,1.0,False,0.006283374998020008,0.965,False,proxy,20ng-sub7951,7951,0
92,leaf:items for sale#t1,This text discusses items for sale.,proxy-cascade,4220,573,2387,1260,0,1.0,0.98,0.98989898989899,400,0.92018779342723,False,1.0,False,0.0053674580121878535,0.98,False,proxy,20ng-sub7951,7951,0
93,leaf:the Microsoft Windows operating system#t0,The document is about the Microsoft Windows operating system.,proxy-cascade,5354,471,4000,883,0,1.0,0.955,0.9769820971867007,400,0.9249394673123487,False,1.0,False,0.007153499987907708,0.955,False,proxy,20ng-sub7951,7951,0
94,leaf:the Microsoft Windows operating system#t1,This text discusses the Microsoft Windows operating system.,proxy-cascade,5160,1252,1136,2772,0,1.0,0.995,0.9974937343358395,400,0.9191685912240185,False,1.0,False,0.0032533330086153,0.995,False,proxy,20ng-sub7951,7951,0
95,group:computers#t3,This article covers the topic of computers.,proxy-cascade,3972,2489,154,1329,0,1.0,0.99,0.9949748743718593,2000,0.927400468384075,False,1.0,False,0.006352625001454726,0.99,False,proxy,20ng-sub7951,7951,0
96,leaf:PC hardware#t1,This text discusses PC hardware.,proxy-cascade,5586,651,2606,2329,0,1.0,0.98,0.98989898989899,400,0.9423076923076923,False,1.0,False,0.007327291998080909,0.98,False,proxy,20ng-sub7951,7951,0
97,leaf:cars#t2,The passage is related to cars.,proxy-cascade,5068,1099,1077,2892,0,1.0,0.9775,0.988621997471555,400,0.9135514018691588,False,1.0,False,0.0032565839937888086,0.9775,False,proxy,20ng-sub7951,7951,0
98,union:Christianity|items for sale#u0,The document is about Christianity or about items for sale.,proxy-cascade,4946,882,1075,2989,0,1.0,0.975,0.9873417721518987,800,0.9285714285714286,False,1.0,False,0.006995583011303097,0.975,False,proxy,20ng-sub7951,7951,0
99,group:politics#t2,The passage is related to politics.,proxy-cascade,4873,1367,425,3081,0,1.0,0.9958333333333333,0.9979123173277662,1200,0.9469096671949286,False,1.0,False,0.014631333004217595,0.9958333333333333,False,proxy,20ng-sub7951,7951,0
100,leaf:gun control#t2,The passage is related to gun control.,proxy-cascade,5230,615,1988,2627,0,1.0,0.9875,0.9937106918238994,400,0.9250585480093677,False,1.0,False,0.005774791992735118,0.9875,False,proxy,20ng-sub7951,7951,0
101,union:Middle East affairs|items for sale#u1,This text discusses either Middle East affairs or items for sale.,proxy-cascade,5225,2089,431,2705,0,1.0,0.98,0.98989898989899,800,0.9256198347107438,False,1.0,False,0.003243166982429102,0.98,False,proxy,20ng-sub7951,7951,0
102,leaf:computer graphics#t3,This article covers the topic of computer graphics.,proxy-cascade,4286,578,2463,1245,0,1.0,0.955,0.9769820971867007,400,0.9095238095238095,False,1.0,False,0.005423791008070111,0.955,False,proxy,20ng-sub7951,7951,0
103,leaf:religious debate#t3,This article covers the topic of religious debate.,proxy-cascade,5400,1278,1555,2567,0,1.0,0.9971509971509972,0.9985734664764622,351,0.9536784741144414,False,1.0,False,0.003253291972214356,0.9971509971509972,False,proxy,20ng-sub7951,7951,0
104,leaf:atheism#t3,This article covers the topic of atheism.,proxy-cascade,5452,2004,899,2549,0,1.0,0.99,0.9949748743718593,400,0.9383886255924171,False,1.0,False,0.01777054200647399,0.99,False,proxy,20ng-sub7951,7951,0
105,group:religion#t1,This text discusses religion.,proxy-cascade,5404,2600,251,2553,0,1.0,0.9947871416159861,0.9973867595818815,1151,0.9256265157639451,False,1.0,False,0.003784542001085356,0.9947871416159861,False,proxy,20ng-sub7951,7951,0
106,union:hockey|items for sale#u0,The document is about hockey or about items for sale.,proxy-cascade,6387,874,831,4682,0,1.0,0.995,0.9974937343358395,800,0.9386792452830188,False,1.0,False,0.006892125005833805,0.995,False,proxy,20ng-sub7951,7951,0
107,group:motor vehicles#t0,The document is about motor vehicles.,proxy-cascade,5828,5683,145,0,0,1.0,0.99875,0.9993746091307067,800,0.9215686274509803,False,1.0,False,0.0019345830078236759,0.99875,False,proxy,20ng-sub7951,7951,0
108,union:space exploration|the Microsoft Windows operating system#u1,This text discusses either space exploration or the Microsoft Windows operating system.,proxy-cascade,6459,1132,827,4500,0,1.0,0.9975,0.9987484355444306,800,0.9591346153846154,False,1.0,False,0.006980582984397188,0.9975,False,proxy,20ng-sub7951,7951,0
109,group:sports#t2,The passage is related to sports.,proxy-cascade,3164,1062,508,1594,0,1.0,0.99125,0.9956057752667922,800,0.9296600234466589,False,1.0,False,0.0030872079951222986,0.99125,False,proxy,20ng-sub7951,7951,0
110,group:sports#t1,This text discusses sports.,proxy-cascade,3185,1128,470,1587,0,1.0,0.99,0.9949748743718593,800,0.9252336448598131,False,1.0,False,0.0029872090090066195,0.99,False,proxy,20ng-sub7951,7951,0
111,leaf:atheism#t3,This article covers the topic of atheism.,proxy-cascade,4829,3145,648,1036,0,1.0,0.985,0.9924433249370278,400,0.9270588235294117,False,1.0,False,0.002831749996403232,0.985,False,proxy,20ng-sub7951,7951,0
112,leaf:Middle East affairs#t2,The passage is related to Middle East affairs.,proxy-cascade,3517,667,1401,1449,0,1.0,0.99,0.9949748743718593,400,0.927400468384075,False,1.0,False,0.005801666993647814,0.99,False,proxy,20ng-sub7951,7951,0
113,union:Macintosh hardware|motorcycles#u1,This text discusses either Macintosh hardware or motorcycles.,proxy-cascade,4970,791,1206,2973,0,1.0,0.96875,0.9841269841269841,800,0.9193357058125742,False,1.0,False,0.006520500028273091,0.96875,False,proxy,20ng-sub7951,7951,0
114,union:political debate|religious debate#u0,The document is about political debate or about religious debate.,proxy-cascade,5119,909,1325,2885,0,1.0,0.9880159786950732,0.9939718687206965,751,0.9286608260325406,False,1.0,False,0.006184958008816466,0.9880159786950732,False,proxy,20ng-sub7951,7951,0
115,leaf:gun control#t3,This article covers the topic of gun control.,proxy-cascade,5449,576,2416,2457,0,1.0,0.9775,0.988621997471555,400,0.9354066985645934,False,1.0,False,0.006757875002222136,0.9775,False,proxy,20ng-sub7951,7951,0
116,leaf:medicine#t2,The passage is related to medicine.,proxy-cascade,4233,538,2444,1251,0,1.0,0.97,0.9847715736040609,400,0.9371980676328503,False,1.0,False,0.006345083995256573,0.97,False,proxy,20ng-sub7951,7951,0
117,group:politics#t1,This text discusses politics.,proxy-cascade,4296,2836,227,1233,0,1.0,0.9875,0.9937106918238994,1200,0.9265050820953871,False,1.0,False,0.003075290995184332,0.9875,False,proxy,20ng-sub7951,7951,0
118,group:science#t2,The passage is related to science.,proxy-cascade,5525,5444,81,0,0,1.0,0.97875,0.9892608970309539,1600,0.9200940070505288,False,1.0,False,0.002186583005823195,0.97875,False,proxy,20ng-sub7951,7951,0
119,group:religion#t0,The document is about religion.,proxy-cascade,3390,1523,348,1519,0,1.0,0.9721980886185926,0.9859030837004406,1151,0.9053398058252428,False,1.0,False,0.0030866250162944198,0.9721980886185926,False,proxy,20ng-sub7951,7951,0
0,group:motor vehicles#t0,The document is about motor vehicles.,proxy-cascade,6361,1050,596,4715,0,1.0,0.9975,0.9987484355444306,800,0.9355216881594373,False,1.0,False,0.007076375011820346,0.9975,False,proxy,20ng-sub7951,7951,0
1,group:religion#t3,This article covers the topic of religion.,proxy-cascade,3478,1644,330,1504,0,1.0,0.9800173761946134,0.9899078543220711,1151,0.9060240963855422,False,1.0,False,0.006555708008818328,0.9800173761946134,False,proxy,20ng-sub7951,7951,0
2,leaf:religious debate#t0,The document is about religious debate.,proxy-cascade,5431,603,4000,828,0,1.0,0.9601139601139601,0.9796511627906976,351,0.9232876712328767,False,1.0,False,0.006487458012998104,0.9601139601139601,False,proxy,20ng-sub7951,7951,0
3,group:politics#t1,This text discusses politics.,proxy-cascade,4898,1443,393,3062,0,1.0,0.9925,0.9962358845671266,1200,0.9211136890951276,False,1.0,False,0.006400459009455517,0.9925,False,proxy,20ng-sub7951,7951,0
4,union:gun control|medicine#u0,The document is about gun control or about medicine.,proxy-cascade,4941,1366,561,3014,0,1.0,0.9825,0.991172761664565,800,0.9390681003584229,False,1.0,False,0.0075978339882567525,0.9825,False,proxy,20ng-sub7951,7951,0
5,group:motor vehicles#t0,The document is about motor vehicles.,proxy-cascade,6760,2829,345,3586,0,1.0,1.0,1.0,800,0.9280742459396751,False,1.0,False,0.003988374985055998,1.0,False,proxy,20ng-sub7951,7951,0
6,group:politics#t1,This text discusses politics.,proxy-cascade,5328,2467,247,2614,0,1.0,0.9941666666666666,0.9970748015043878,1200,0.9219474497681608,False,1.0,False,0.0038553329941350967,0.9941666666666666,False,proxy,20ng-sub7951,7951,0
7,group:religion#t0,The document is about religion.,proxy-cascade,4809,1294,399,3116,0,1.0,0.9921807124239791,0.9960750109027474,1151,0.9099601593625498,False,1.0,False,0.006801750016165897,0.9921807124239791,False,proxy,20ng-sub7951,7951,0
8,leaf:political debate#t1,This text discusses political debate.,proxy-cascade,4401,595,2626,1180,0,1.0,0.9575,0.9782886334610472,400,0.941031941031941,False,1.0,False,0.005986666976241395,0.9575,False,proxy,20ng-sub7951,7951,0
9,group:sports#t1,This text discusses sports.,proxy-cascade,3166,1045,521,1600,0,1.0,0.99,0.9949748743718593,800,0.9061784897025171,False,1.0,False,0.005921042000409216,0.99,False,proxy,20ng-sub7951,7951,0
10,group:science#t1,This text discusses science.,proxy-cascade,4963,1669,318,2976,0,1.0,0.965,0.9821882951653944,1600,0.9039812646370023,False,1.0,False,0.00680350000038743,0.965,False,proxy,20ng-sub7951,7951,0
11,leaf:hockey#t1,This text discusses hockey.,proxy-cascade,3719,605,1697,1417,0,1.0,0.9825,0.991172761664565,400,0.9424460431654677,False,1.0,False,0.006083167012548074,0.9825,False,proxy,20ng-sub7951,7951,0
12,leaf:religious debate#t2,The passage is related to religious debate.,proxy-cascade,5362,478,4000,884,0,1.0,0.9458689458689459,0.972181551976574,351,0.9146005509641874,False,1.0,False,0.006505208002636209,0.9458689458689459,False,proxy,20ng-sub7951,7951,0
13,leaf:political debate#t0,The document is about political debate.,proxy-cascade,4029,650,2100,1279,0,1.0,0.955,0.9769820971867007,400,0.9138755980861244,False,1.0,False,0.0056057080219034106,0.955,False,proxy,20ng-sub7951,7951,0
14,leaf:items for sale#t3,This article covers the topic of items for sale.,proxy-cascade,3983,604,2078,1301,0,1.0,0.9825,0.991172761664565,400,0.9312796208530806,False,1.0,False,0.005943958007264882,0.9825,False,proxy,20ng-sub7951,7951,0
15,leaf:Christianity#t3,This article covers the topic of Christianity.,proxy-cascade,7951,7951,0,0,0,1.0,1.0,1.0,400,,,,,0.002976624993607402,1.0,,proxy,20ng-sub7951,7951,0
16,union:electronics|hockey#u0,The document is about electronics or about hockey.,proxy-cascade,6425,871,906,4648,0,1.0,0.9825,0.991172761664565,800,0.9236192714453584,False,1.0,False,0.007050665997667238,0.9825,False,proxy,20ng-sub7951,7951,0
17,group:science#t2,The passage is related to science.,proxy-cascade,6527,1937,270,4320,0,1.0,0.991875,0.9959209287731409,1600,0.930791788856305,False,1.0,False,0.0074421669996809214,0.991875,False,proxy,20ng-sub7951,7951,0
18,group:computers#t1,This text discusses computers.,proxy-cascade,3777,2199,179,1399,0,1.0,0.9905,0.9952273298166291,2000,0.909967845659164,False,1.0,False,0.006603292014915496,0.9905,False,proxy,20ng-sub7951,7951,0
19,union:Macintosh hardware|items for sale#u1,This text discusses either Macintosh hardware or items for sale.,proxy-cascade,4949,816,1157,2976,0,1.0,0.9925,0.9962358845671266,800,0.9441141498216409,False,1.0,False,0.007011292007518932,0.9925,False,proxy,20ng-sub7951,7951,0
20,group:motor vehicles#t3,This article covers the topic of motor vehicles.,proxy-cascade,4795,1016,636,3143,0,1.0,0.99,0.9949748743718593,800,0.9198606271777003,False,1.0,False,0.006866209005238488,0.99,False,proxy,20ng-sub7951,7951,0
21,group:sports#t3,This article covers the topic of sports.,proxy-cascade,4757,991,564,3202,0,1.0,0.9925,0.9962358845671266,800,0.9126436781609195,False,1.0,False,0.007053125009406358,0.9925,False,proxy,20ng-sub7951,7951,0
22,group:motor vehicles#t3,This article covers the topic of motor vehicles.,proxy-cascade,7951,2457,370,5124,0,1.0,1.0,1.0,800,1.0,False,1.0,False,0.003425000002607703,1.0,False,proxy,20ng-sub7951,7951,0
23,group:motor vehicles#t3,This article covers the topic of motor vehicles.,proxy-cascade,6020,3842,269,1909,0,1.0,0.99625,0.9981214777708203,800,0.9160919540229885,False,1.0,False,0.003073083993513137,0.99625,False,proxy,20ng-sub7951,7951,0
24,union:PC hardware|cryptography#u0,The document is about PC hardware or about cryptography.,proxy-cascade,4907,924,911,3072,0,1.0,0.97125,0.9854153455928979,800,0.9316546762589928,False,1.0,False,0.007067208003718406,0.97125,False,proxy,20ng-sub7951,7951,0
25,leaf:political debate#t1,This text discusses political debate.,proxy-cascade,3757,1139,1224,1394,0,1.0,0.97,0.9847715736040609,400,0.9216152019002375,False,1.0,False,0.0029524170095101,0.97,False,proxy,20ng-sub7951,7951,0
26,union:Macintosh hardware|space exploration#u1,This text discusses either Macintosh hardware or space exploration.,proxy-cascade,4988,860,1118,3010,0,1.0,0.965,0.9821882951653944,800,0.9093050647820966,False,1.0,False,0.006158874981338158,0.965,False,proxy,20ng-sub7951,7951,0
27,leaf:baseball#t2,The passage is related to baseball.,proxy-cascade,3894,585,1935,1374,0,1.0,0.9875,0.9937106918238994,400,0.9518072289156626,False,1.0,False,0.005277624994050711,0.9875,False,proxy,20ng-sub7951,7951,0
28,group:computers#t0,The document is about computers.,proxy-cascade,3711,2100,188,1423,0,1.0,0.9825,0.991172761664565,2000,0.9122562674094707,False,1.0,False,0.006128124980023131,0.9825,False,proxy,20ng-sub7951,7951,0
29,leaf:baseball#t3,This article covers the topic of baseball.,proxy-cascade,3876,596,1932,1348,0,1.0,0.99,0.9949748743718593,400,0.9383886255924171,False,1.0,False,0.005953084008069709,0.99,False,proxy,20ng-sub7951,7951,0
30,leaf:electronics#t0,The document is about electronics.,proxy-cascade,5291,431,4000,860,0,1.0,0.9525,0.9756722151088347,400,0.9071428571428571,False,1.0,False,0.005743791989516467,0.9525,False,proxy,20ng-sub7951,7951,0
31,union:PC hardware|items for sale#u1,This text discusses either PC hardware or items for sale.,proxy-cascade,3393,1081,789,1523,0,1.0,0.95625,0.9776357827476039,800,0.9053254437869822,False,1.0,False,0.005735875020036474,0.95625,False,proxy,20ng-sub7951,7951,0
32,union:computer graphics|motorcycles#u0,The document is about computer graphics or about motorcycles.,proxy-cascade,4933,1176,725,3032,0,1.0,0.985,0.9924433249370278,800,0.9173457508731082,False,1.0,False,0.005956166016403586,0.985,False,proxy,20ng-sub7951,7951,0
33,union:Macintosh hardware|electronics#u0,The document is about Macintosh hardware or about electronics.,proxy-cascade,4932,1078,856,2998,0,1.0,0.99,0.9949748743718593,800,0.9263157894736842,False,1.0,False,0.00631358299870044,0.99,False,proxy,20ng-sub7951,7951,0
34,group:computers#t1,This text discusses computers.,proxy-cascade,4026,2563,151,1312,0,1.0,0.9935,0.9967394030599448,2000,0.9276377217553688,False,1.0,False,0.0036937920085620135,0.9935,False,proxy,20ng-sub7951,7951,0
35,group:religion#t1,This text discusses religion.,proxy-cascade,3408,1543,352,1513,0,1.0,0.9713292788879235,0.9854561480828559,1151,0.9059967585089141,False,1.0,False,0.005550166009925306,0.9713292788879235,False,proxy,20ng-sub7951,7951,0
36,group:computers#t0,The document is about computers.,proxy-cascade,5365,2610,148,2607,0,1.0,0.9955,0.9977449260836884,2000,0.9087174806024646,False,1.0,False,0.004237000015564263,0.9955,False,proxy,20ng-sub7951,7951,0
37,union:Middle East affairs|items for sale#u1,This text discusses either Middle East affairs or items for sale.,proxy-cascade,4924,706,1186,3032,0,1.0,0.97625,0.9879822896900696,800,0.9264531435349941,False,1.0,False,0.006220915995072573,0.97625,False,proxy,20ng-sub7951,7951,0
38,leaf:the Microsoft Windows operating system#t1,This text discusses the Microsoft Windows operating system.,proxy-cascade,7951,7951,0,0,0,1.0,1.0,1.0,400,,,,,0.0025240829854737967,1.0,,proxy,20ng-sub7951,7951,0
39,group:sports#t2,The passage is related to sports.,proxy-cascade,3183,825,787,1571,0,1.0,0.9875,0.9937106918238994,800,0.9327036599763873,False,1.0,False,0.00538216601125896,0.9875,False,proxy,20ng-sub7951,7951,0
40,leaf:motorcycles#t0,The document is about motorcycles.,proxy-cascade,5490,550,2456,2484,0,1.0,0.975,0.9873417721518987,400,0.9307875894988067,False,1.0,False,0.006515208020573482,0.975,False,proxy,20ng-sub7951,7951,0
41,group:motor vehicles#t0,The document is about motor vehicles.,proxy-cascade,5821,4911,198,712,0,1.0,0.99625,0.9981214777708203,800,0.9235225955967555,False,1.0,False,0.0024396250082645565,0.99625,False,proxy,20ng-sub7951,7951,0
42,union:Christianity|political debate#u1,This text discusses either Christianity or political debate.,proxy-cascade,4987,1063,1039,2885,0,1.0,0.99,0.9949748743718593,800,0.948502994011976,False,1.0,False,0.005777083017164841,0.99,False,proxy,20ng-sub7951,7951,0
43,group:motor vehicles#t2,The passage is related to motor vehicles.,proxy-cascade,4800,809,896,3095,0,1.0,0.98,0.98989898989899,800,0.9095127610208816,False,1.0,False,0.006307874980848283,0.98,False,proxy,20ng-sub7951,7951,0
44,leaf:motorcycles#t2,The passage is related to motorcycles.,proxy-cascade,5068,707,1493,2868,0,1.0,0.995,0.9974937343358395,400,0.9342723004694836,False,1.0,False,0.006534791988087818,0.995,False,proxy,20ng-sub7951,7951,0
45,group:motor vehicles#t1,This text discusses motor vehicles.,proxy-cascade,3254,841,830,1583,0,1.0,0.955,0.9769820971867007,800,0.9227053140096618,False,1.0,False,0.0056421670014970005,0.955,False,proxy,20ng-sub7951,7951,0
46,group:religion#t0,The document is about religion.,proxy-cascade,3618,1871,302,1445,0,1.0,0.9782797567332754,0.9890206411945542,1151,0.9267489711934156,False,1.0,False,0.0031414580007549375,0.9782797567332754,False,proxy,20ng-sub7951,7951,0
47,group:sports#t3,This article covers the topic of sports.,proxy-cascade,3188,1107,484,1597,0,1.0,0.98375,0.9918084436042848,800,0.9004576659038902,False,1.0,False,0.0032147919991984963,0.98375,False,proxy,20ng-sub7951,7951,0
48,union:Macintosh hardware|cars#u1,This text discusses either Macintosh hardware or cars.,proxy-cascade,5244,658,1878,2708,0,1.0,0.9625,0.980891719745223,800,0.9553349875930521,False,1.0,False,0.006224916985956952,0.9625,False,proxy,20ng-sub7951,7951,0
49,leaf:computer graphics#t1,This text discusses computer graphics.,proxy-cascade,4151,594,2267,1290,0,1.0,0.9525,0.9756722151088347,400,0.9136690647482014,False,1.0,False,0.006171374989207834,0.9525,False,proxy,20ng-sub7951,7951,0
50,union:atheism|hockey#u1,This text discusses either atheism or hockey.,proxy-cascade,4922,1138,759,3025,0,1.0,0.98375,0.9918084436042848,800,0.9527845036319612,False,1.0,False,0.005786041991086677,0.98375,False,proxy,20ng-sub7951,7951,0
51,leaf:items for sale#t0,The document is about items for sale.,proxy-cascade,7951,7951,0,0,0,1.0,1.0,1.0,400,,,,,0.0026044579863082618,1.0,,proxy,20ng-sub7951,7951,0
52,leaf:baseball#t0,The document is about baseball.,proxy-cascade,7951,7951,0,0,0,1.0,1.0,1.0,400,,,,,0.002742582990322262,1.0,,proxy,20ng-sub7951,7951,0
53,union:hockey|motorcycles#u0,The document is about hockey or about motorcycles.,proxy-cascade,4794,982,671,3141,0,1.0,0.99375,0.9968652037617556,800,0.9233449477351916,False,1.0,False,0.006165708007756621,0.99375,False,proxy,20ng-sub7951,7951,0
54,group:politics#t0,The document is about politics.,proxy-cascade,4851,1316,436,3099,0,1.0,0.9941666666666666,0.9970748015043878,1200,0.9255236617532971,False,1.0,False,0.006425667001167312,0.9941666666666666,False,proxy,20ng-sub7951,7951,0
55,group:motor vehicles#t1,This text discusses motor vehicles.,proxy-cascade,7951,2120,401,5430,0,1.0,1.0,1.0,800,1.0,False,1.0,False,0.0031611250014975667,1.0,False,proxy,20ng-sub7951,7951,0
56,leaf:atheism#t3,This article covers the topic of atheism.,proxy-cascade,5974,557,3481,1936,0,1.0,0.9875,0.9937106918238994,400,0.9825870646766169,False,1.0,False,0.005794334021629766,0.9875,False,proxy,20ng-sub7951,7951,0
57,union:atheism|gun control#u1,This text discusses either atheism or gun control.,proxy-cascade,4977,938,1036,3003,0,1.0,0.9825,0.991172761664565,800,0.9527272727272728,False,1.0,False,0.006524875003378838,0.9825,False,proxy,20ng-sub7951,7951,0
58,leaf:cars#t2,The passage is related to cars.,proxy-cascade,3981,645,2012,1324,0,1.0,0.97,0.9847715736040609,400,0.919431279620853,False,1.0,False,0.005348459002561867,0.97,False,proxy,20ng-sub7951,7951,0
59,group:sports#t2,The passage is related to sports.,proxy-cascade,3144,1053,512,1579,0,1.0,0.9875,0.9937106918238994,800,0.9272300469483568,False,1.0,False,0.003137041989248246,0.9875,False,proxy,20ng-sub7951,7951,0
60,group:motor vehicles#t2,The passage is related to motor vehicles.,proxy-cascade,6885,3326,309,3250,0,1.0,0.995,0.9974937343358395,800,0.9107551487414187,False,1.0,False,0.003581458004191518,0.995,False,proxy,20ng-sub7951,7951,0
61,group:computers#t0,The document is about computers.,proxy-cascade,5417,2745,141,2531,0,1.0,0.995,0.9974937343358395,2000,0.9221501390176089,False,1.0,False,0.003959958994528279,0.995,False,proxy,20ng-sub7951,7951,0
62,union:medicine|the Microsoft Windows operating system#u0,The document is about medicine or about the Microsoft Windows operating system.,proxy-cascade,4889,778,1025,3086,0,1.0,0.96375,0.9815404201145767,800,0.9379562043795621,False,1.0,False,0.0060950000188313425,0.96375,False,proxy,20ng-sub7951,7951,0
63,union:baseball|items for sale#u0,The document is about baseball or about items for sale.,proxy-cascade,4816,1044,648,3124,0,1.0,0.99,0.9949748743718593,800,0.9030786773090079,False,1.0,False,0.008384541986742988,0.99,False,proxy,20ng-sub7951,7951,0
64,union:atheism|medicine#u1,This text discusses either atheism or medicine.,proxy-cascade,4915,875,997,3043,0,1.0,0.985,0.9924433249370278,800,0.9493975903614458,False,1.0,False,0.01962395798182115,0.985,False,proxy,20ng-sub7951,7951,0
65,union:hockey|the X Window System#u1,This text discusses either hockey or the X Window System.,proxy-cascade,5022,1627,469,2926,0,1.0,0.9875,0.9937106918238994,800,0.9305064782096584,False,1.0,False,0.013380875025177374,0.9875,False,proxy,20ng-sub7951,7951,0
66,leaf:cryptography#t0,The document is about cryptography.,proxy-cascade,3611,648,1506,1457,0,1.0,0.9675,0.9834815756035579,400,0.9347826086956522,False,1.0,False,0.00628275002236478,0.9675,False,proxy,20ng-sub7951,7951,0
67,leaf:motorcycles#t3,This article covers the topic of motorcycles.,proxy-cascade,5082,643,1596,2843,0,1.0,0.99,0.9949748743718593,400,0.9383886255924171,False,1.0,False,0.022828957997262478,0.99,False,proxy,20ng-sub7951,7951,0
68,leaf:hockey#t1,This text discusses hockey.,proxy-cascade,7951,1286,900,5765,0,1.0,1.0,1.0,400,1.0,False,1.0,False,0.003089291014475748,1.0,False,proxy,20ng-sub7951,7951,0
69,leaf:baseball#t2,The passage is related to baseball.,proxy-cascade,3417,761,1162,1494,0,1.0,0.9875,0.9937106918238994,400,0.9143518518518519,False,1.0,False,0.0029631670040544122,0.9875,False,proxy,20ng-sub7951,7951,0
70,group:motor vehicles#t0,The document is about motor vehicles.,proxy-cascade,5197,2005,409,2783,0,1.0,0.98625,0.9930774071743234,800,0.9304245283018868,False,1.0,False,0.0034022080071736127,0.98625,False,proxy,20ng-sub7951,7951,0
71,leaf:the Microsoft Windows operating system#t2,The passage is related to the Microsoft Windows operating system.,proxy-cascade,5318,452,4000,866,0,1.0,0.965,0.9821882951653944,400,0.9039812646370023,False,1.0,False,0.005607875005807728,0.965,False,proxy,20ng-sub7951,7951,0
72,leaf:motorcycles#t2,The passage is related to motorcycles.,proxy-cascade,5365,1957,820,2588,0,1.0,0.995,0.9974937343358395,400,0.9277389277389277,False,1.0,False,0.0031288339814636856,0.995,False,proxy,20ng-sub7951,7951,0
73,group:sports#t2,The passage is related to sports.,proxy-cascade,3134,1003,554,1577,0,1.0,0.9875,0.9937106918238994,800,0.9049255441008018,False,1.0,False,0.0031072080018930137,0.9875,False,proxy,20ng-sub7951,7951,0
74,union:Macintosh hardware|electronics#u1,This text discusses either Macintosh hardware or electronics.,proxy-cascade,7951,7951,0,0,0,1.0,1.0,1.0,800,,,,,0.0029182920115999877,1.0,,proxy,20ng-sub7951,7951,0
75,leaf:Christianity#t3,This article covers the topic of Christianity.,proxy-cascade,4206,2177,771,1258,0,1.0,0.9825,0.991172761664565,400,0.9268867924528302,False,1.0,False,0.002737916016485542,0.9825,False,proxy,20ng-sub7951,7951,0
76,group:sports#t2,The passage is related to sports.,proxy-cascade,3171,1029,546,1596,0,1.0,0.98625,0.9930774071743234,800,0.9348341232227488,False,1.0,False,0.0029907080170232803,0.98625,False,proxy,20ng-sub7951,7951,0
77,leaf:religious debate#t3,This article covers the topic of religious debate.,proxy-cascade,5371,514,4000,857,0,1.0,0.9629629629629629,0.9811320754716981,351,0.9135135135135135,False,1.0,False,0.005652082996675745,0.9629629629629629,False,proxy,20ng-sub7951,7951,0
78,union:atheism|baseball#u1,This text discusses either atheism or baseball.,proxy-cascade,4861,871,924,3066,0,1.0,0.98,0.98989898989899,800,0.9053117782909931,False,1.0,False,0.006429000000935048,0.98,False,proxy,20ng-sub7951,7951,0
79,leaf:items for sale#t2,The passage is related to items for sale.,proxy-cascade,4297,547,2522,1228,0,1.0,0.97,0.9847715736040609,400,0.9326923076923077,False,1.0,False,0.005692000006092712,0.97,False,proxy,20ng-sub7951,7951,0
80,union:Macintosh hardware|religious debate#u0,The document is about Macintosh hardware or about religious debate.,proxy-cascade,5163,916,1427,2820,0,1.0,0.9227696404793608,0.9598337950138504,751,0.9215425531914894,False,1.0,False,0.005973708000965416,0.9227696404793608,False,proxy,20ng-sub7951,7951,0
81,group:motor vehicles#t1,This text discusses motor vehicles.,proxy-cascade,4781,1045,596,3140,0,1.0,0.98625,0.9930774071743234,800,0.9121387283236995,False,1.0,False,0.0036074579984415323,0.98625,False,proxy,20ng-sub7951,7951,0
82,leaf:cars#t0,The document is about cars.,proxy-cascade,5360,458,4000,902,0,1.0,0.955,0.9769820971867007,400,0.955,False,1.0,False,0.0055806250020395964,0.955,False,proxy,20ng-sub7951,7951,0
83,leaf:PC hardware#t0,The document is about PC hardware.,proxy-cascade,3976,806,1822,1348,0,1.0,0.98,0.98989898989899,400,0.9158878504672897,False,1.0,False,0.005489917006343603,0.98,False,proxy,20ng-sub7951,7951,0
84,group:religion#t2,The passage is related to religion.,proxy-cascade,3290,1364,381,1545,0,1.0,0.9721980886185926,0.9859030837004406,1151,0.9348370927318296,False,1.0,False,0.005525625019799918,0.9721980886185926,False,proxy,20ng-sub7951,7951,0
85,union:Christianity|hockey#u0,The document is about Christianity or about hockey.,proxy-cascade,4853,1049,715,3089,0,1.0,0.99,0.9949748743718593,800,0.9295774647887324,False,1.0,False,0.0238472500059288,0.99,False,proxy,20ng-sub7951,7951,0
86,group:religion#t0,The document is about religion.,proxy-cascade,6600,2310,269,4021,0,1.0,0.9991311902693311,0.9995654063450673,1151,0.9177972865123704,False,1.0,False,0.005120082991197705,0.9991311902693311,False,proxy,20ng-sub7951,7951,0
87,union:atheism|computer graphics#u1,This text discusses either atheism or computer graphics.,proxy-cascade,6552,950,1383,4219,0,1.0,0.98375,0.9918084436042848,800,0.9346793349168646,False,1.0,False,0.008429667010204867,0.98375,False,proxy,20ng-sub7951,7951,0
88,union:motorcycles|political debate#u1,This text discusses either motorcycles or political debate.,proxy-cascade,6448,1104,896,4448,0,1.0,0.9975,0.9987484355444306,800,0.9279069767441861,False,1.0,False,0.006757750001270324,0.9975,False,proxy,20ng-sub7951,7951,0
89,group:motor vehicles#t0,The document is about motor vehicles.,proxy-cascade,6977,3774,275,2928,0,1.0,1.0,1.0,800,0.9259259259259259,False,1.0,False,0.0037837080017197877,1.0,False,proxy,20ng-sub7951,7951,0
90,union:PC hardware|political debate#u0,The document is about PC hardware or about political debate.,proxy-cascade,6502,1547,689,4266,0,1.0,0.98375,0.9918084436042848,800,0.9247943595769683,False,1.0,False,0.007638291019247845,0.98375,False,proxy,20ng-sub7951,7951,0
91,leaf:Macintosh hardware#t0,The document is about Macintosh hardware.,proxy-cascade,5366,469,4000,897,0,1.0,0.9625,0.980891719745223,400,0.9232613908872902,False,1.0,False,0.006336999998893589,0.9625,False,proxy,20ng-sub7951,7951,0
92,leaf:items for sale#t1,This text discusses items for sale.,proxy-cascade,6551,702,1645,4204,0,1.0,1.0,1.0,400,0.9592326139088729,False,1.0,False,0.006502459000330418,1.0,False,proxy,20ng-sub7951,7951,0
93,leaf:the Microsoft Windows operating system#t0,The document is about the Microsoft Windows operating system.,proxy-cascade,5332,659,2097,2576,0,1.0,0.995,0.9974937343358395,400,0.9342723004694836,False,1.0,False,0.006709167006192729,0.995,False,proxy,20ng-sub7951,7951,0
94,leaf:the Microsoft Windows operating system#t1,This text discusses the Microsoft Windows operating system.,proxy-cascade,5204,1325,1091,2788,0,1.0,0.9925,0.9962358845671266,400,0.9429928741092637,False,1.0,False,0.0032681669981684536,0.9925,False,proxy,20ng-sub7951,7951,0
95,group:computers#t3,This article covers the topic of computers.,proxy-cascade,3948,2459,157,1332,0,1.0,0.986,0.9929506545820745,2000,0.9258215962441314,False,1.0,False,0.007280624995473772,0.986,False,proxy,20ng-sub7951,7951,0
96,leaf:PC hardware#t1,This text discusses PC hardware.,proxy-cascade,5329,431,4000,898,0,1.0,0.9575,0.9782886334610472,400,0.9251207729468599,False,1.0,False,0.006388625013642013,0.9575,False,proxy,20ng-sub7951,7951,0
97,leaf:cars#t2,The passage is related to cars.,proxy-cascade,7951,7951,0,0,0,1.0,1.0,1.0,400,,,,,0.0003948330122511834,1.0,,proxy,20ng-sub7951,7951,0
98,union:Christianity|items for sale#u0,The document is about Christianity or about items for sale.,proxy-cascade,4943,809,1140,2994,0,1.0,0.97375,0.9867004433185561,800,0.9229857819905213,False,1.0,False,0.006775082991225645,0.97375,False,proxy,20ng-sub7951,7951,0
99,group:politics#t2,The passage is related to politics.,proxy-cascade,4875,1297,460,3118,0,1.0,0.99,0.9949748743718593,1200,0.9187935034802784,False,1.0,False,0.00627304200315848,0.99,False,proxy,20ng-sub7951,7951,0
100,leaf:gun control#t2,The passage is related to gun control.,proxy-cascade,4190,579,2370,1241,0,1.0,0.9725,0.9860583016476552,400,0.9110070257611241,False,1.0,False,0.005688500008545816,0.9725,False,proxy,20ng-sub7951,7951,0
101,union:Middle East affairs|items for sale#u1,This text discusses either Middle East affairs or items for sale.,proxy-cascade,4242,3978,264,0,0,1.0,0.96875,0.9841269841269841,800,0.9215219976218787,False,1.0,False,0.00214491700171493,0.96875,False,proxy,20ng-sub7951,7951,0
102,leaf:computer graphics#t3,This article covers the topic of computer graphics.,proxy-cascade,5371,506,4000,865,0,1.0,0.9725,0.9860583016476552,400,0.9373493975903614,False,1.0,False,0.0060078340175095946,0.9725,False,proxy,20ng-sub7951,7951,0
103,leaf:religious debate#t3,This article covers the topic of religious debate.,proxy-cascade,4502,2460,874,1168,0,1.0,0.98005698005698,0.9899280575539569,351,0.9052631578947369,False,1.0,False,0.002644042018800974,0.98005698005698,False,proxy,20ng-sub7951,7951,0
104,leaf:atheism#t3,This article covers the topic of atheism.,proxy-cascade,4411,2427,802,1182,0,1.0,0.9775,0.988621997471555,400,0.9050925925925926,False,1.0,False,0.0026122499839402735,0.9775,False,proxy,20ng-sub7951,7951,0
105,group:religion#t1,This text discusses religion.,proxy-cascade,3823,2149,283,1391,0,1.0,0.9852302345786272,0.9925601750547046,1151,0.9014308426073132,False,1.0,False,0.0031457089935429394,0.9852302345786272,False,proxy,20ng-sub7951,7951,0
106,union:hockey|items for sale#u0,The document is about hockey or about items for sale.,proxy-cascade,3239,965,698,1576,0,1.0,0.9575,0.9782886334610472,800,0.9468479604449939,False,1.0,False,0.0065620000241324306,0.9575,False,proxy,20ng-sub7951,7951,0
107,group:motor vehicles#t0,The document is about motor vehicles.,proxy-cascade,5114,1830,428,2856,0,1.0,0.9875,0.9937106918238994,800,0.9018264840182648,False,1.0,False,0.003541374986525625,0.9875,False,proxy,20ng-sub7951,7951,0
108,union:space exploration|the Microsoft Windows operating system#u1,This text discusses either space exploration or the Microsoft Windows operating system.,proxy-cascade,6475,1217,725,4533,0,1.0,0.99375,0.9968652037617556,800,0.9589867310012062,False,1.0,False,0.007005125022260472,0.99375,False,proxy,20ng-sub7951,7951,0
109,group:sports#t2,The passage is related to sports.,proxy-cascade,4798,1164,464,3170,0,1.0,0.9925,0.9962358845671266,800,0.9002267573696145,False,1.0,False,0.0036193749983794987,0.9925,False,proxy,20ng-sub7951,7951,0
110,group:sports#t1,This text discusses sports.,proxy-cascade,3173,1045,510,1618,0,1.0,0.98875,0.994343180389692,800,0.9338842975206612,False,1.0,False,0.002962166996439919,0.98875,False,proxy,20ng-sub7951,7951,0
111,leaf:atheism#t3,This article covers the topic of atheism.,proxy-cascade,5324,1704,973,2647,0,1.0,0.995,0.9974937343358395,400,0.9386792452830188,False,1.0,False,0.0033145830093417317,0.995,False,proxy,20ng-sub7951,7951,0
112,leaf:Middle East affairs#t2,The passage is related to Middle East affairs.,proxy-cascade,3567,671,1416,1480,0,1.0,0.99,0.9949748743718593,400,0.9519230769230769,False,1.0,False,0.005924458004301414,0.99,False,proxy,20ng-sub7951,7951,0
113,union:Macintosh hardware|motorcycles#u1,This text discusses either Macintosh hardware or motorcycles.,proxy-cascade,4924,1040,821,3063,0,1.0,0.9625,0.980891719745223,800,0.9254807692307693,False,1.0,False,0.006836333021055907,0.9625,False,proxy,20ng-sub7951,7951,0
114,union:political debate|religious debate#u0,The document is about political debate or about religious debate.,proxy-cascade,5077,1013,1242,2822,0,1.0,0.9826897470039947,0.9912693082605776,751,0.935361216730038,False,1.0,False,0.00668649998260662,0.9826897470039947,False,proxy,20ng-sub7951,7951,0
115,leaf:gun control#t3,This article covers the topic of gun control.,proxy-cascade,5205,672,1811,2722,0,1.0,0.9775,0.988621997471555,400,0.9331742243436754,False,1.0,False,0.007099249982275069,0.9775,False,proxy,20ng-sub7951,7951,0
116,leaf:medicine#t2,The passage is related to medicine.,proxy-cascade,7951,7951,0,0,0,1.0,1.0,1.0,400,,,,,0.003435666993027553,1.0,,proxy,20ng-sub7951,7951,0
117,group:politics#t1,This text discusses politics.,proxy-cascade,3855,2220,265,1370,0,1.0,0.9833333333333333,0.9915966386554621,1200,0.9262166405023547,False,1.0,False,0.003096041997196153,0.9833333333333333,False,proxy,20ng-sub7951,7951,0
118,group:science#t2,The passage is related to science.,proxy-cascade,5534,2927,185,2422,0,1.0,0.9775,0.988621997471555,1600,0.930952380952381,False,1.0,False,0.0038181249983608723,0.9775,False,proxy,20ng-sub7951,7951,0
119,group:religion#t0,The document is about religion.,proxy-cascade,5337,2447,260,2630,0,1.0,0.9939183318853171,0.9969498910675381,1151,0.9285714285714286,False,1.0,False,0.003770417009945959,0.9939183318853171,False,proxy,20ng-sub7951,7951,0
0,group:motor vehicles#t0,The document is about motor vehicles.,proxy-cascade,6361,1050,596,4715,0,1.0,0.9975,0.9987484355444306,800,0.9355216881594373,False,1.0,False,0.006985833984799683,0.9975,False,proxy,20ng-sub7951,7951,0
1,group:religion#t3,This article covers the topic of religion.,proxy-cascade,3478,1644,330,1504,0,1.0,0.9800173761946134,0.9899078543220711,1151,0.9060240963855422,False,1.0,False,0.006183958001201972,0.9800173761946134,False,proxy,20ng-sub7951,7951,0
2,leaf:religious debate#t0,The document is about religious debate.,proxy-cascade,5431,603,4000,828,0,1.0,0.9601139601139601,0.9796511627906976,351,0.9232876712328767,False,1.0,False,0.006176916998811066,0.9601139601139601,False,proxy,20ng-sub7951,7951,0
3,group:politics#t1,This text discusses politics.,proxy-cascade,4898,1443,393,3062,0,1.0,0.9925,0.9962358845671266,1200,0.9211136890951276,False,1.0,False,0.007260542013682425,0.9925,False,proxy,20ng-sub7951,7951,0
4,union:gun control|medicine#u0,The document is about gun control or about medicine.,proxy-cascade,4941,1366,561,3014,0,1.0,0.9825,0.991172761664565,800,0.9390681003584229,False,1.0,False,0.007099208974977955,0.9825,False,proxy,20ng-sub7951,7951,0
5,group:motor vehicles#t0,The document is about motor vehicles.,proxy-cascade,6760,2829,345,3586,0,1.0,1.0,1.0,800,0.9280742459396751,False,1.0,False,0.003730708995135501,1.0,False,proxy,20ng-sub7951,7951,0
6,group:politics#t1,This text discusses politics.,proxy-cascade,5328,2467,247,2614,0,1.0,0.9941666666666666,0.9970748015043878,1200,0.9219474497681608,False,1.0,False,0.0036610839888453484,0.9941666666666666,False,proxy,20ng-sub7951,7951,0
7,group:religion#t0,The document is about religion.,proxy-cascade,4809,1294,399,3116,0,1.0,0.9921807124239791,0.9960750109027474,1151,0.9099601593625498,False,1.0,False,0.007525666005676612,0.9921807124239791,False,proxy,20ng-sub7951,7951,0
8,leaf:political debate#t1,This text discusses political debate.,proxy-cascade,4401,595,2626,1180,0,1.0,0.9575,0.9782886334610472,400,0.941031941031941,False,1.0,False,0.005984124989481643,0.9575,False,proxy,20ng-sub7951,7951,0
9,group:sports#t1,This text discusses sports.,proxy-cascade,3166,1045,521,1600,0,1.0,0.99,0.9949748743718593,800,0.9061784897025171,False,1.0,False,0.005764166999142617,0.99,False,proxy,20ng-sub7951,7951,0
10,group:science#t1,This text discusses science.,proxy-cascade,4963,1669,318,2976,0,1.0,0.965,0.9821882951653944,1600,0.9039812646370023,False,1.0,False,0.0068848330120090395,0.965,False,proxy,20ng-sub7951,7951,0
11,leaf:hockey#t1,This text discusses hockey.,proxy-cascade,3719,605,1697,1417,0,1.0,0.9825,0.991172761664565,400,0.9424460431654677,False,1.0,False,0.005456416984088719,0.9825,False,proxy,20ng-sub7951,7951,0
12,leaf:religious debate#t2,The passage is related to religious debate.,proxy-cascade,7951,7951,0,0,0,1.0,1.0,1.0,351,,,,,0.0030055420065764338,1.0,,proxy,20ng-sub7951,7951,0
13,leaf:political debate#t0,The document is about political debate.,proxy-cascade,4218,617,2344,1257,0,1.0,0.9725,0.9860583016476552,400,0.9131455399061033,False,1.0,False,0.005654291016981006,0.9725,False,proxy,20ng-sub7951,7951,0
14,leaf:items for sale#t3,This article covers the topic of items for sale.,proxy-cascade,3676,734,1518,1424,0,1.0,0.975,0.9873417721518987,400,0.935251798561151,False,1.0,False,0.005508457979885861,0.975,False,proxy,20ng-sub7951,7951,0
15,leaf:Christianity#t3,This article covers the topic of Christianity.,proxy-cascade,5376,499,4000,877,0,1.0,0.985,0.9924433249370278,400,0.9680589680589681,False,1.0,False,0.005606165999779478,0.985,False,proxy,20ng-sub7951,7951,0
16,union:electronics|hockey#u0,The document is about electronics or about hockey.,proxy-cascade,6421,1186,681,4554,0,1.0,0.99375,0.9968652037617556,800,0.9254947613504074,False,1.0,False,0.006905541988089681,0.99375,False,proxy,20ng-sub7951,7951,0
17,group:science#t2,The passage is related to science.,proxy-cascade,6485,1810,297,4378,0,1.0,0.996875,0.9984350547730829,1600,0.9203693017888055,False,1.0,False,0.018115957995178178,0.996875,False,proxy,20ng-sub7951,7951,0
18,group:computers#t1,This text discusses computers.,proxy-cascade,4087,2655,147,1285,0,1.0,0.9885,0.9942167462911742,2000,0.9238317757009346,False,1.0,False,0.006221874995389953,0.9885,False,proxy,20ng-sub7951,7951,0
19,union:Macintosh hardware|items for sale#u1,This text discusses either Macintosh hardware or items for sale.,proxy-cascade,4903,939,944,3020,0,1.0,0.995,0.9974937343358395,800,0.961352657004831,False,1.0,False,0.006036291015334427,0.995,False,proxy,20ng-sub7951,7951,0
20,group:motor vehicles#t3,This article covers the topic of motor vehicles.,proxy-cascade,4807,808,867,3132,0,1.0,0.985,0.9924433249370278,800,0.9392133492252682,False,1.0,False,0.005671791004715487,0.985,False,proxy,20ng-sub7951,7951,0
21,group:sports#t3,This article covers the topic of sports.,proxy-cascade,4759,1030,538,3191,0,1.0,0.99375,0.9968652037617556,800,0.9341950646298472,False,1.0,False,0.005747999995946884,0.99375,False,proxy,20ng-sub7951,7951,0
22,group:motor vehicles#t3,This article covers the topic of motor vehicles.,proxy-cascade,7951,4711,210,3030,0,1.0,1.0,1.0,800,1.0,False,1.0,False,0.0027275829925201833,1.0,False,proxy,20ng-sub7951,7951,0
23,group:motor vehicles#t3,This article covers the topic of motor vehicles.,proxy-cascade,3996,2287,387,1322,0,1.0,0.97375,0.9867004433185561,800,0.9251781472684085,False,1.0,False,0.0029462499951478094,0.97375,False,proxy,20ng-sub7951,7951,0
24,union:PC hardware|cryptography#u0,The document is about PC hardware or about cryptography.,proxy-cascade,4949,1098,798,3053,0,1.0,0.97375,0.9867004433185561,800,0.9016203703703703,False,1.0,False,0.006832249986473471,0.97375,False,proxy,20ng-sub7951,7951,0
25,leaf:political debate#t1,This text discusses political debate.,proxy-cascade,4170,2091,819,1260,0,1.0,0.985,0.9924433249370278,400,0.9016018306636155,False,1.0,False,0.0028150829894002527,0.985,False,proxy,20ng-sub7951,7951,0
26,union:Macintosh hardware|space exploration#u1,This text discusses either Macintosh hardware or space exploration.,proxy-cascade,4891,929,892,3070,0,1.0,0.9725,0.9860583016476552,800,0.9163722025912838,False,1.0,False,0.006424833001801744,0.9725,False,proxy,20ng-sub7951,7951,0
27,leaf:baseball#t2,The passage is related to baseball.,proxy-cascade,3686,634,1618,1434,0,1.0,0.9825,0.991172761664565,400,0.9562043795620438,False,1.0,False,0.0056707499898038805,0.9825,False,proxy,20ng-sub7951,7951,0
28,group:computers#t0,The document is about computers.,proxy-cascade,5310,2513,153,2644,0,1.0,0.997,0.99849774661993,2000,0.927873429502094,False,1.0,False,0.017655290983384475,0.997,False,proxy,20ng-sub7951,7951,0
29,leaf:baseball#t3,This article covers the topic of baseball.,proxy-cascade,3504,705,1311,1488,0,1.0,0.99,0.9949748743718593,400,0.908256880733945,False,1.0,False,0.007037833012873307,0.99,False,proxy,20ng-sub7951,7951,0
30,leaf:electronics#t0,The document is about electronics.,proxy-cascade,7951,7951,0,0,0,1.0,1.0,1.0,400,,,,,0.0034362500009592623,1.0,,proxy,20ng-sub7951,7951,0
31,union:PC hardware|items for sale#u1,This text discusses either PC hardware or items for sale.,proxy-cascade,3405,1070,814,1521,0,1.0,0.945,0.9717223650385605,800,0.907563025210084,False,1.0,False,0.00623749999795109,0.945,False,proxy,20ng-sub7951,7951,0
32,union:computer graphics|motorcycles#u0,The document is about computer graphics or about motorcycles.,proxy-cascade,4926,831,1080,3015,0,1.0,0.98375,0.9918084436042848,800,0.9108796296296297,False,1.0,False,0.02696741698309779,0.98375,False,proxy,20ng-sub7951,7951,0
33,union:Macintosh hardware|electronics#u0,The document is about Macintosh hardware or about electronics.,proxy-cascade,4981,1207,834,2940,0,1.0,0.97875,0.9892608970309539,800,0.9244391971664699,False,1.0,False,0.008492042019497603,0.97875,False,proxy,20ng-sub7951,7951,0
34,group:computers#t1,This text discusses computers.,proxy-cascade,5366,2639,148,2579,0,1.0,0.998,0.998998998998999,2000,0.924074074074074,False,1.0,False,0.004711583023890853,0.998,False,proxy,20ng-sub7951,7951,0
35,group:religion#t1,This text discusses religion.,proxy-cascade,4788,1216,429,3143,0,1.0,0.9887054735013032,0.9943206640454347,1151,0.9404958677685951,False,1.0,False,0.00751233400660567,0.9887054735013032,False,proxy,20ng-sub7951,7951,0
36,group:computers#t0,The document is about computers.,proxy-cascade,7951,2870,135,4946,0,1.0,1.0,1.0,2000,1.0,False,1.0,False,0.004626209003617987,1.0,False,proxy,20ng-sub7951,7951,0
37,union:Middle East affairs|items for sale#u1,This text discusses either Middle East affairs or items for sale.,proxy-cascade,4827,924,749,3154,0,1.0,0.9825,0.991172761664565,800,0.904487917146145,False,1.0,False,0.008405375003349036,0.9825,False,proxy,20ng-sub7951,7951,0
38,leaf:the Microsoft Windows operating system#t1,This text discusses the Microsoft Windows operating system.,proxy-cascade,7951,7951,0,0,0,1.0,1.0,1.0,400,,,,,0.004054499993799254,1.0,,proxy,20ng-sub7951,7951,0
39,group:sports#t2,The passage is related to sports.,proxy-cascade,3158,1032,532,1594,0,1.0,0.98625,0.9930774071743234,800,0.9058553386911596,False,1.0,False,0.007465582981240004,0.98625,False,proxy,20ng-sub7951,7951,0
40,leaf:motorcycles#t0,The document is about motorcycles.,proxy-cascade,7951,7951,0,0,0,1.0,1.0,1.0,400,,,,,0.0037102920177858323,1.0,,proxy,20ng-sub7951,7951,0
41,group:motor vehicles#t0,The document is about motor vehicles.,proxy-cascade,6470,1548,459,4463,0,1.0,0.9975,0.9987484355444306,800,0.9322429906542056,False,1.0,False,0.004414167022332549,0.9975,False,proxy,20ng-sub7951,7951,0
42,union:Christianity|political debate#u1,This text discusses either Christianity or political debate.,proxy-cascade,5032,1383,721,2928,0,1.0,0.9925,0.9962358845671266,800,0.9352179034157833,False,1.0,False,0.007839666999643669,0.9925,False,proxy,20ng-sub7951,7951,0
43,group:motor vehicles#t2,The passage is related to motor vehicles.,proxy-cascade,4797,1005,621,3171,0,1.0,0.98875,0.994343180389692,800,0.9439140811455847,False,1.0,False,0.007452917023329064,0.98875,False,proxy,20ng-sub7951,7951,0
44,leaf:motorcycles#t2,The passage is related to motorcycles.,proxy-cascade,3774,624,1739,1411,0,1.0,0.9425,0.9703989703989705,400,0.9040767386091128,False,1.0,False,0.006493791996035725,0.9425,False,proxy,20ng-sub7951,7951,0
45,group:motor vehicles#t1,This text discusses motor vehicles.,proxy-cascade,3208,931,698,1579,0,1.0,0.96625,0.9828353464717101,800,0.9072769953051644,False,1.0,False,0.028113292006310076,0.96625,False,proxy,20ng-sub7951,7951,0
46,group:religion#t0,The document is about religion.,proxy-cascade,6656,2508,256,3892,0,1.0,0.9991311902693311,0.9995654063450673,1151,0.9274193548387096,False,1.0,False,0.015125292004086077,0.9991311902693311,False,proxy,20ng-sub7951,7951,0
47,group:sports#t3,This article covers the topic of sports.,proxy-cascade,3174,1080,496,1598,0,1.0,0.9825,0.991172761664565,800,0.9013761467889908,False,1.0,False,0.005138832988450304,0.9825,False,proxy,20ng-sub7951,7951,0
48,union:Macintosh hardware|cars#u1,This text discusses either Macintosh hardware or cars.,proxy-cascade,5008,1053,1022,2933,0,1.0,0.97,0.9847715736040609,800,0.927120669056153,False,1.0,False,0.007734417013125494,0.97,False,proxy,20ng-sub7951,7951,0
49,leaf:computer graphics#t1,This text discusses computer graphics.,proxy-cascade,5800,549,3142,2109,0,1.0,0.9875,0.9937106918238994,400,0.9541062801932367,False,1.0,False,0.008731542009627447,0.9875,False,proxy,20ng-sub7951,7951,0
50,union:atheism|hockey#u1,This text discusses either atheism or hockey.,proxy-cascade,4888,983,850,3055,0,1.0,0.995,0.9974937343358395,800,0.9578820697954272,False,1.0,False,0.007800250023137778,0.995,False,proxy,20ng-sub7951,7951,0
51,leaf:items for sale#t0,The document is about items for sale.,proxy-cascade,7951,7951,0,0,0,1.0,1.0,1.0,400,,,,,0.015308250003727153,1.0,,proxy,20ng-sub7951,7951,0
52,leaf:baseball#t0,The document is about baseball.,proxy-cascade,7951,7951,0,0,0,1.0,1.0,1.0,400,,,,,0.009154708008281887,1.0,,proxy,20ng-sub7951,7951,0
53,union:hockey|motorcycles#u0,The document is about hockey or about motorcycles.,proxy-cascade,4788,985,664,3139,0,1.0,0.9875,0.9937106918238994,800,0.9028571428571428,False,1.0,False,0.007592375011881813,0.9875,False,proxy,20ng-sub7951,7951,0
54,group:politics#t0,The document is about politics.,proxy-cascade,3427,1530,376,1521,0,1.0,0.97,0.9847715736040609,1200,0.917981072555205,False,1.0,False,0.006803416006732732,0.97,False,proxy,20ng-sub7951,7951,0
55,group:motor vehicles#t1,This text discusses motor vehicles.,proxy-cascade,4199,2594,360,1245,0,1.0,0.98125,0.9905362776025236,800,0.9224441833137486,False,1.0,False,0.009110874991165474,0.98125,False,proxy,20ng-sub7951,7951,0
56,leaf:atheism#t3,This article covers the topic of atheism.,proxy-cascade,5473,732,2224,2517,0,1.0,0.985,0.9924433249370278,400,0.9099307159353349,False,1.0,False,0.010689042013837025,0.985,False,proxy,20ng-sub7951,7951,0
57,union:atheism|gun control#u1,This text discusses either atheism or gun control.,proxy-cascade,4970,1085,901,2984,0,1.0,0.98375,0.9918084436042848,800,0.9447779111644657,False,1.0,False,0.017683999991277233,0.98375,False,proxy,20ng-sub7951,7951,0
58,leaf:cars#t2,The passage is related to cars.,proxy-cascade,5158,522,3699,937,0,1.0,0.9725,0.9860583016476552,400,0.9218009478672986,False,1.0,False,0.007144207978853956,0.9725,False,proxy,20ng-sub7951,7951,0
59,group:sports#t2,The passage is related to sports.,proxy-cascade,3150,1036,521,1593,0,1.0,0.985,0.9924433249370278,800,0.9303423848878394,False,1.0,False,0.0036109159991610795,0.985,False,proxy,20ng-sub7951,7951,0
60,group:motor vehicles#t2,The passage is related to motor vehicles.,proxy-cascade,3648,1770,429,1449,0,1.0,0.9775,0.988621997471555,800,0.9276393831553974,False,1.0,False,0.0033795000053942204,0.9775,False,proxy,20ng-sub7951,7951,0
61,group:computers#t0,The document is about computers.,proxy-cascade,5327,2565,149,2613,0,1.0,0.997,0.99849774661993,2000,0.9197416974169742,False,1.0,False,0.015969791013048962,0.997,False,proxy,20ng-sub7951,7951,0
62,union:medicine|the Microsoft Windows operating system#u0,The document is about medicine or about the Microsoft Windows operating system.,proxy-cascade,4858,955,826,3077,0,1.0,0.975,0.9873417721518987,800,0.9219858156028369,False,1.0,False,0.007841624988941476,0.975,False,proxy,20ng-sub7951,7951,0
63,union:baseball|items for sale#u0,The document is about baseball or about items for sale.,proxy-cascade,4810,938,749,3123,0,1.0,0.98375,0.9918084436042848,800,0.9504830917874396,False,1.0,False,0.007164915994508192,0.98375,False,proxy,20ng-sub7951,7951,0
64,union:atheism|medicine#u1,This text discusses either atheism or medicine.,proxy-cascade,5235,690,1833,2712,0,1.0,0.97375,0.9867004433185561,800,0.9488428745432399,False,1.0,False,0.013679958996362984,0.97375,False,proxy,20ng-sub7951,7951,0
65,union:hockey|the X Window System#u1,This text discusses either hockey or the X Window System.,proxy-cascade,3229,824,811,1594,0,1.0,0.965,0.9821882951653944,800,0.9212410501193318,False,1.0,False,0.007390707993181422,0.965,False,proxy,20ng-sub7951,7951,0
66,leaf:cryptography#t0,The document is about cryptography.,proxy-cascade,5096,619,1643,2834,0,1.0,0.9775,0.988621997471555,400,0.9399038461538461,False,1.0,False,0.007748083007754758,0.9775,False,proxy,20ng-sub7951,7951,0
67,leaf:motorcycles#t3,This article covers the topic of motorcycles.,proxy-cascade,5449,550,2380,2519,0,1.0,0.9725,0.9860583016476552,400,0.9418886198547215,False,1.0,False,0.007654542016098276,0.9725,False,proxy,20ng-sub7951,7951,0
68,leaf:hockey#t1,This text discusses hockey.,proxy-cascade,4886,791,1067,3028,0,1.0,0.9975,0.9987484355444306,400,0.9047619047619048,False,1.0,False,0.010972749994834885,0.9975,False,proxy,20ng-sub7951,7951,0
69,leaf:baseball#t2,The passage is related to baseball.,proxy-cascade,3606,1257,906,1443,0,1.0,0.9825,0.991172761664565,400,0.9268867924528302,False,1.0,False,0.003269000008003786,0.9825,False,proxy,20ng-sub7951,7951,0
70,group:motor vehicles#t0,The document is about motor vehicles.,proxy-cascade,6632,2322,386,3924,0,1.0,0.9975,0.9987484355444306,800,0.9204152249134948,False,1.0,False,0.004639458988094702,0.9975,False,proxy,20ng-sub7951,7951,0
71,leaf:the Microsoft Windows operating system#t2,The passage is related to the Microsoft Windows operating system.,proxy-cascade,4503,563,2813,1127,0,1.0,0.9575,0.9782886334610472,400,0.9054373522458629,False,1.0,False,0.006735959002980962,0.9575,False,proxy,20ng-sub7951,7951,0
72,leaf:motorcycles#t2,The passage is related to motorcycles.,proxy-cascade,5353,1958,844,2551,0,1.0,0.99,0.9949748743718593,400,0.9252336448598131,False,1.0,False,0.0038027499977033585,0.99,False,proxy,20ng-sub7951,7951,0
73,group:sports#t2,The passage is related to sports.,proxy-cascade,3254,1259,451,1544,0,1.0,0.9875,0.9937106918238994,800,0.9207459207459208,False,1.0,False,0.003392999991774559,0.9875,False,proxy,20ng-sub7951,7951,0
74,union:Macintosh hardware|electronics#u1,This text discusses either Macintosh hardware or electronics.,proxy-cascade,4959,1012,991,2956,0,1.0,0.9875,0.9937106918238994,800,0.9349112426035503,False,1.0,False,0.006647667003562674,0.9875,False,proxy,20ng-sub7951,7951,0
75,leaf:Christianity#t3,This article covers the topic of Christianity.,proxy-cascade,7951,7951,0,0,0,1.0,1.0,1.0,400,,,,,0.00035287500941194594,1.0,,proxy,20ng-sub7951,7951,0
76,group:sports#t2,The passage is related to sports.,proxy-cascade,7951,2188,378,5385,0,1.0,1.0,1.0,800,1.0,False,1.0,False,0.0035992089833598584,1.0,False,proxy,20ng-sub7951,7951,0
77,leaf:religious debate#t3,This article covers the topic of religious debate.,proxy-cascade,5469,930,2008,2531,0,1.0,0.9971509971509972,0.9985734664764622,351,0.9510869565217391,False,1.0,False,0.006305167014943436,0.9971509971509972,False,proxy,20ng-sub7951,7951,0
78,union:atheism|baseball#u1,This text discusses either atheism or baseball.,proxy-cascade,4898,862,994,3042,0,1.0,0.97875,0.9892608970309539,800,0.903114186851211,False,1.0,False,0.006599999993341044,0.97875,False,proxy,20ng-sub7951,7951,0
79,leaf:items for sale#t2,The passage is related to items for sale.,proxy-cascade,4070,597,2151,1322,0,1.0,0.98,0.98989898989899,400,0.9267139479905437,False,1.0,False,0.021222832991043106,0.98,False,proxy,20ng-sub7951,7951,0
80,union:Macintosh hardware|religious debate#u0,The document is about Macintosh hardware or about religious debate.,proxy-cascade,5119,1104,1154,2861,0,1.0,0.948069241011984,0.9733424470266575,751,0.9070063694267516,False,1.0,False,0.006899375002831221,0.948069241011984,False,proxy,20ng-sub7951,7951,0
81,group:motor vehicles#t1,This text discusses motor vehicles.,proxy-cascade,5224,2076,401,2747,0,1.0,0.99,0.9949748743718593,800,0.9010238907849829,False,1.0,False,0.004012666002381593,0.99,False,proxy,20ng-sub7951,7951,0
82,leaf:cars#t0,The document is about cars.,proxy-cascade,7951,7951,0,0,0,1.0,1.0,1.0,400,,,,,0.0030017079843673855,1.0,,proxy,20ng-sub7951,7951,0
83,leaf:PC hardware#t0,The document is about PC hardware.,proxy-cascade,5373,517,4000,856,0,1.0,0.9675,0.9834815756035579,400,0.9105882352941177,False,1.0,False,0.006273000006331131,0.9675,False,proxy,20ng-sub7951,7951,0
84,group:religion#t2,The passage is related to religion.,proxy-cascade,3430,1589,335,1506,0,1.0,0.9808861859252823,0.9903508771929825,1151,0.9032,False,1.0,False,0.006474292022176087,0.9808861859252823,False,proxy,20ng-sub7951,7951,0
85,union:Christianity|hockey#u0,The document is about Christianity or about hockey.,proxy-cascade,4926,1305,557,3064,0,1.0,0.99,0.9949748743718593,800,0.9428571428571428,False,1.0,False,0.006818124995334074,0.99,False,proxy,20ng-sub7951,7951,0
86,group:religion#t0,The document is about religion.,proxy-cascade,5368,2529,255,2584,0,1.0,0.9956559513466551,0.9978232477144101,1151,0.9241935483870968,False,1.0,False,0.0042642079934012145,0.9956559513466551,False,proxy,20ng-sub7951,7951,0
87,union:atheism|computer graphics#u1,This text discusses either atheism or computer graphics.,proxy-cascade,7951,7951,0,0,0,1.0,1.0,1.0,800,,,,,0.0031866669887676835,1.0,,proxy,20ng-sub7951,7951,0
88,union:motorcycles|political debate#u1,This text discusses either motorcycles or political debate.,proxy-cascade,5007,775,1205,3027,0,1.0,0.96875,0.9841269841269841,800,0.9326113116726835,False,1.0,False,0.006763749988749623,0.96875,False,proxy,20ng-sub7951,7951,0
89,group:motor vehicles#t0,The document is about motor vehicles.,proxy-cascade,7951,7951,0,0,0,1.0,1.0,1.0,800,,,,,0.0004740830045193434,1.0,,proxy,20ng-sub7951,7951,0
90,union:PC hardware|political debate#u0,The document is about PC hardware or about political debate.,proxy-cascade,6476,1083,978,4415,0,1.0,0.98,0.98989898989899,800,0.9491525423728814,False,1.0,False,0.007186208997154608,0.98,False,proxy,20ng-sub7951,7951,0
91,leaf:Macintosh hardware#t0,The document is about Macintosh hardware.,proxy-cascade,7951,7951,0,0,0,1.0,1.0,1.0,400,,,,,0.003675415995530784,1.0,,proxy,20ng-sub7951,7951,0
92,leaf:items for sale#t1,This text discusses items for sale.,proxy-cascade,3742,662,1677,1403,0,1.0,0.9775,0.988621997471555,400,0.9421686746987952,False,1.0,False,0.006164457998238504,0.9775,False,proxy,20ng-sub7951,7951,0
93,leaf:the Microsoft Windows operating system#t0,The document is about the Microsoft Windows operating system.,proxy-cascade,5359,474,4000,885,0,1.0,0.9525,0.9756722151088347,400,0.9158653846153846,False,1.0,False,0.0060107090102974325,0.9525,False,proxy,20ng-sub7951,7951,0
94,leaf:the Microsoft Windows operating system#t1,This text discusses the Microsoft Windows operating system.,proxy-cascade,4757,3037,659,1061,0,1.0,0.99,0.9949748743718593,400,0.9252336448598131,False,1.0,False,0.0029016670014243573,0.99,False,proxy,20ng-sub7951,7951,0
95,group:computers#t3,This article covers the topic of computers.,proxy-cascade,3988,2515,154,1319,0,1.0,0.988,0.993963782696177,2000,0.9255269320843091,False,1.0,False,0.007131958001991734,0.988,False,proxy,20ng-sub7951,7951,0
96,leaf:PC hardware#t1,This text discusses PC hardware.,proxy-cascade,4542,625,2749,1168,0,1.0,0.975,0.9873417721518987,400,0.9241706161137441,False,1.0,False,0.006297208019532263,0.975,False,proxy,20ng-sub7951,7951,0
97,leaf:cars#t2,The passage is related to cars.,proxy-cascade,5267,1594,970,2703,0,1.0,0.99,0.9949748743718593,400,0.9124423963133641,False,1.0,False,0.0035053750034421682,0.99,False,proxy,20ng-sub7951,7951,0
98,union:Christianity|items for sale#u0,The document is about Christianity or about items for sale.,proxy-cascade,4920,1108,741,3071,0,1.0,0.98125,0.9905362776025236,800,0.9367541766109785,False,1.0,False,0.006447374995332211,0.98125,False,proxy,20ng-sub7951,7951,0
99,group:politics#t2,The passage is related to politics.,proxy-cascade,4919,1496,384,3039,0,1.0,0.9933333333333333,0.9966555183946488,1200,0.9422924901185771,False,1.0,False,0.007751166995149106,0.9933333333333333,False,proxy,20ng-sub7951,7951,0
100,leaf:gun control#t2,The passage is related to gun control.,proxy-cascade,4091,584,2217,1290,0,1.0,0.9525,0.9756722151088347,400,0.9028436018957346,False,1.0,False,0.00613583400263451,0.9525,False,proxy,20ng-sub7951,7951,0
101,union:Middle East affairs|items for sale#u1,This text discusses either Middle East affairs or items for sale.,proxy-cascade,5334,2325,394,2615,0,1.0,0.9875,0.9937106918238994,800,0.9261430246189918,False,1.0,False,0.0039721660141367465,0.9875,False,proxy,20ng-sub7951,7951,0
102,leaf:computer graphics#t3,This article covers the topic of computer graphics.,proxy-cascade,5971,513,3534,1924,0,1.0,0.99,0.9949748743718593,400,0.9519230769230769,False,1.0,False,0.006668999994872138,0.99,False,proxy,20ng-sub7951,7951,0
103,leaf:religious debate#t3,This article covers the topic of religious debate.,proxy-cascade,4214,1972,991,1251,0,1.0,0.9743589743589743,0.9870129870129869,351,0.9071618037135278,False,1.0,False,0.002907499991124496,0.9743589743589743,False,proxy,20ng-sub7951,7951,0
104,leaf:atheism#t3,This article covers the topic of atheism.,proxy-cascade,5401,1778,1017,2606,0,1.0,0.9775,0.988621997471555,400,0.92,False,1.0,False,0.003325790981762111,0.9775,False,proxy,20ng-sub7951,7951,0
105,group:religion#t1,This text discusses religion.,proxy-cascade,4866,1365,379,3122,0,1.0,0.9895742832319722,0.9947598253275108,1151,0.9421009098428453,False,1.0,False,0.004270625009667128,0.9895742832319722,False,proxy,20ng-sub7951,7951,0
106,union:hockey|items for sale#u0,The document is about hockey or about items for sale.,proxy-cascade,6429,1369,527,4533,0,1.0,0.99375,0.9968652037617556,800,0.9320046893317703,False,1.0,False,0.007796457997756079,0.99375,False,proxy,20ng-sub7951,7951,0
107,group:motor vehicles#t0,The document is about motor vehicles.,proxy-cascade,6419,1389,483,4547,0,1.0,0.9975,0.9987484355444306,800,0.9236111111111112,False,1.0,False,0.004330457973992452,0.9975,False,proxy,20ng-sub7951,7951,0
108,union:space exploration|the Microsoft Windows operating system#u1,This text discusses either space exploration or the Microsoft Windows operating system.,proxy-cascade,4977,1172,853,2952,0,1.0,0.95625,0.9776357827476039,800,0.9398034398034398,False,1.0,False,0.0070498329878319055,0.95625,False,proxy,20ng-sub7951,7951,0
109,group:sports#t2,The passage is related to sports.,proxy-cascade,6361,1146,466,4749,0,1.0,0.99625,0.9981214777708203,800,0.9235225955967555,False,1.0,False,0.004383791005238891,0.99625,False,proxy,20ng-sub7951,7951,0
110,group:sports#t1,This text discusses sports.,proxy-cascade,3188,1114,474,1600,0,1.0,0.99,0.9949748743718593,800,0.927400468384075,False,1.0,False,0.0033890420163515955,0.99,False,proxy,20ng-sub7951,7951,0
111,leaf:atheism#t3,This article covers the topic of atheism.,proxy-cascade,7951,7951,0,0,0,1.0,1.0,1.0,400,,,,,0.0003483749751467258,1.0,,proxy,20ng-sub7951,7951,0
112,leaf:Middle East affairs#t2,The passage is related to Middle East affairs.,proxy-cascade,3474,693,1273,1508,0,1.0,0.9825,0.991172761664565,400,0.9447115384615384,False,1.0,False,0.006907292001415044,0.9825,False,proxy,20ng-sub7951,7951,0
113,union:Macintosh hardware|motorcycles#u1,This text discusses either Macintosh hardware or motorcycles.,proxy-cascade,4896,949,887,3060,0,1.0,0.96,0.9795918367346939,800,0.9153754469606674,False,1.0,False,0.007125707983504981,0.96,False,proxy,20ng-sub7951,7951,0
114,union:political debate|religious debate#u0,The document is about political debate or about religious debate.,proxy-cascade,7951,7951,0,0,0,1.0,1.0,1.0,751,,,,,0.0032257089915219694,1.0,,proxy,20ng-sub7951,7951,0
115,leaf:gun control#t3,This article covers the topic of gun control.,proxy-cascade,5364,477,4000,887,0,1.0,0.9775,0.988621997471555,400,0.9467312348668281,False,1.0,False,0.006351124990032986,0.9775,False,proxy,20ng-sub7951,7951,0
116,leaf:medicine#t2,The passage is related to medicine.,proxy-cascade,7951,7951,0,0,0,1.0,1.0,1.0,400,,,,,0.004099500016309321,1.0,,proxy,20ng-sub7951,7951,0
117,group:politics#t1,This text discusses politics.,proxy-cascade,5252,2296,259,2697,0,1.0,0.9941666666666666,0.9970748015043878,1200,0.9248062015503876,False,1.0,False,0.004264416988007724,0.9941666666666666,False,proxy,20ng-sub7951,7951,0
118,group:science#t2,The passage is related to science.,proxy-cascade,7951,7951,0,0,0,1.0,1.0,1.0,1600,,,,,0.0008103330037556589,1.0,,proxy,20ng-sub7951,7951,0
119,group:religion#t0,The document is about religion.,proxy-cascade,5164,2103,282,2779,0,1.0,0.9947871416159861,0.9973867595818815,1151,0.9241323648103309,False,1.0,False,0.004197084024781361,0.9947871416159861,False,proxy,20ng-sub7951,7951,0
0,group:motor vehicles#t0,The document is about motor vehicles.,proxy-cascade,6361,1050,596,4715,0,1.0,0.9975,0.9987484355444306,800,0.9355216881594373,False,1.0,False,0.008214375004172325,0.9975,False,proxy,20ng-sub7951,7951,0
1,group:religion#t3,This article covers the topic of religion.,proxy-cascade,3478,1644,330,1504,0,1.0,0.9800173761946134,0.9899078543220711,1151,0.9060240963855422,False,1.0,False,0.006502792006358504,0.9800173761946134,False,proxy,20ng-sub7951,7951,0
2,leaf:religious debate#t0,The document is about religious debate.,proxy-cascade,7951,7951,0,0,0,1.0,1.0,1.0,351,,,,,0.0036961250007152557,1.0,,proxy,20ng-sub7951,7951,0
3,group:politics#t1,This text discusses politics.,proxy-cascade,3629,1891,307,1431,0,1.0,0.9866666666666667,0.9932885906040269,1200,0.9293563579277865,False,1.0,False,0.006893875019159168,0.9866666666666667,False,proxy,20ng-sub7951,7951,0
4,union:gun control|medicine#u0,The document is about gun control or about medicine.,proxy-cascade,7951,7951,0,0,0,1.0,1.0,1.0,800,,,,,0.0034192500170320272,1.0,,proxy,20ng-sub7951,7951,0
5,group:motor vehicles#t0,The document is about motor vehicles.,proxy-cascade,7951,7951,0,0,0,1.0,1.0,1.0,800,,,,,0.0004501249932218343,1.0,,proxy,20ng-sub7951,7951,0
6,group:politics#t1,This text discusses politics.,proxy-cascade,3887,2266,264,1357,0,1.0,0.9908333333333333,0.99539556299707,1200,0.92601246105919,False,1.0,False,0.003544165985658765,0.9908333333333333,False,proxy,20ng-sub7951,7951,0
7,group:religion#t0,The document is about religion.,proxy-cascade,3371,1466,369,1536,0,1.0,0.9808861859252823,0.9903508771929825,1151,0.9369294605809129,False,1.0,False,0.006957416975637898,0.9808861859252823,False,proxy,20ng-sub7951,7951,0
8,leaf:political debate#t1,This text discusses political debate.,proxy-cascade,7951,7951,0,0,0,1.0,1.0,1.0,400,,,,,0.0033845000143628567,1.0,,proxy,20ng-sub7951,7951,0
9,group:sports#t1,This text discusses sports.,proxy-cascade,4767,1111,474,3182,0,1.0,0.995,0.9974937343358395,800,0.9266589057043073,False,1.0,False,0.007323666999582201,0.995,False,proxy,20ng-sub7951,7951,0
10,group:science#t1,This text discusses science.,proxy-cascade,7951,7951,0,0,0,1.0,1.0,1.0,1600,,,,,0.003575958020519465,1.0,,proxy,20ng-sub7951,7951,0
11,leaf:hockey#t1,This text discusses hockey.,proxy-cascade,3700,603,1683,1414,0,1.0,0.98,0.98989898989899,400,0.9137529137529138,False,1.0,False,0.006719166995026171,0.98,False,proxy,20ng-sub7951,7951,0
12,leaf:religious debate#t2,The passage is related to religious debate.,proxy-cascade,7951,7951,0,0,0,1.0,1.0,1.0,351,,,,,0.00315091700758785,1.0,,proxy,20ng-sub7951,7951,0
13,leaf:political debate#t0,The document is about political debate.,proxy-cascade,5640,638,2666,2336,0,1.0,0.9925,0.9962358845671266,400,0.9589371980676329,False,1.0,False,0.007313583977520466,0.9925,False,proxy,20ng-sub7951,7951,0
14,leaf:items for sale#t3,This article covers the topic of items for sale.,proxy-cascade,7951,7951,0,0,0,1.0,1.0,1.0,400,,,,,0.003235334006603807,1.0,,proxy,20ng-sub7951,7951,0
15,leaf:Christianity#t3,This article covers the topic of Christianity.,proxy-cascade,3731,790,1531,1410,0,1.0,0.9775,0.988621997471555,400,0.9221698113207547,False,1.0,False,0.006433707982068881,0.9775,False,proxy,20ng-sub7951,7951,0
16,union:electronics|hockey#u0,The document is about electronics or about hockey.,proxy-cascade,4847,945,819,3083,0,1.0,0.965,0.9821882951653944,800,0.919047619047619,False,1.0,False,0.007275250012753531,0.965,False,proxy,20ng-sub7951,7951,0
17,group:science#t2,The passage is related to science.,proxy-cascade,7951,2226,239,5486,0,1.0,1.0,1.0,1600,1.0,False,1.0,False,0.00809566699899733,1.0,False,proxy,20ng-sub7951,7951,0
18,group:computers#t1,This text discusses computers.,proxy-cascade,7951,7951,0,0,0,1.0,1.0,1.0,2000,,,,,0.0035703750036191195,1.0,,proxy,20ng-sub7951,7951,0
19,union:Macintosh hardware|items for sale#u1,This text discusses either Macintosh hardware or items for sale.,proxy-cascade,4938,1240,692,3006,0,1.0,0.99375,0.9968652037617556,800,0.912743972445465,False,1.0,False,0.0075345000077504665,0.99375,False,proxy,20ng-sub7951,7951,0
20,group:motor vehicles#t3,This article covers the topic of motor vehicles.,proxy-cascade,7951,7951,0,0,0,1.0,1.0,1.0,800,,,,,0.004037833015900105,1.0,,proxy,20ng-sub7951,7951,0
21,group:sports#t3,This article covers the topic of sports.,proxy-cascade,7951,7951,0,0,0,1.0,1.0,1.0,800,,,,,0.0029990830225870013,1.0,,proxy,20ng-sub7951,7951,0
22,group:motor vehicles#t3,This article covers the topic of motor vehicles.,proxy-cascade,6577,2117,401,4059,0,1.0,0.995,0.9974937343358395,800,0.9138920780711826,False,1.0,False,0.004155874979915097,0.995,False,proxy,20ng-sub7951,7951,0
23,group:motor vehicles#t3,This article covers the topic of motor vehicles.,proxy-cascade,3531,1596,444,1491,0,1.0,0.965,0.9821882951653944,800,0.9278846153846154,False,1.0,False,0.0032820839842315763,0.965,False,proxy,20ng-sub7951,7951,0
24,union:PC hardware|cryptography#u0,The document is about PC hardware or about cryptography.,proxy-cascade,7951,7951,0,0,0,1.0,1.0,1.0,800,,,,,0.004454249981790781,1.0,,proxy,20ng-sub7951,7951,0
25,leaf:political debate#t1,This text discusses political debate.,proxy-cascade,3956,1717,926,1313,0,1.0,0.9875,0.9937106918238994,400,0.9059633027522935,False,1.0,False,0.003093375009484589,0.9875,False,proxy,20ng-sub7951,7951,0
26,union:Macintosh hardware|space exploration#u1,This text discusses either Macintosh hardware or space exploration.,proxy-cascade,7951,7951,0,0,0,1.0,1.0,1.0,800,,,,,0.003282707999460399,1.0,,proxy,20ng-sub7951,7951,0
27,leaf:baseball#t2,The passage is related to baseball.,proxy-cascade,3825,591,1867,1367,0,1.0,0.9875,0.9937106918238994,400,0.9250585480093677,False,1.0,False,0.0066799170162994415,0.9875,False,proxy,20ng-sub7951,7951,0
28,group:computers#t0,The document is about computers.,proxy-cascade,3861,2324,167,1370,0,1.0,0.9865,0.9932041278630759,2000,0.9319792158715163,False,1.0,False,0.006619791005505249,0.9865,False,proxy,20ng-sub7951,7951,0
29,leaf:baseball#t3,This article covers the topic of baseball.,proxy-cascade,7951,7951,0,0,0,1.0,1.0,1.0,400,,,,,0.0036998750001657754,1.0,,proxy,20ng-sub7951,7951,0
30,leaf:electronics#t0,The document is about electronics.,proxy-cascade,5556,604,2605,2347,0,1.0,0.98,0.98989898989899,400,0.9400479616306955,False,1.0,False,0.006256332999328151,0.98,False,proxy,20ng-sub7951,7951,0
31,union:PC hardware|items for sale#u1,This text discusses either PC hardware or items for sale.,proxy-cascade,7951,7951,0,0,0,1.0,1.0,1.0,800,,,,,0.0033299160131718963,1.0,,proxy,20ng-sub7951,7951,0
32,union:computer graphics|motorcycles#u0,The document is about computer graphics or about motorcycles.,proxy-cascade,6428,1158,744,4526,0,1.0,0.99875,0.9993746091307067,800,0.9312354312354313,False,1.0,False,0.006407208973541856,0.99875,False,proxy,20ng-sub7951,7951,0
33,union:Macintosh hardware|electronics#u0,The document is about Macintosh hardware or about electronics.,proxy-cascade,5029,1250,845,2934,0,1.0,0.985,0.9924433249370278,800,0.9292452830188679,False,1.0,False,0.007796666992362589,0.985,False,proxy,20ng-sub7951,7951,0
34,group:computers#t1,This text discusses computers.,proxy-cascade,4111,2690,145,1276,0,1.0,0.9925,0.9962358845671266,2000,0.9223977695167286,False,1.0,False,0.0037862499884795398,0.9925,False,proxy,20ng-sub7951,7951,0
35,group:religion#t1,This text discusses religion.,proxy-cascade,6413,1463,358,4592,0,1.0,1.0,1.0,1151,0.9319838056680162,False,1.0,False,0.007762207998894155,1.0,False,proxy,20ng-sub7951,7951,0
36,group:computers#t0,The document is about computers.,proxy-cascade,3843,2313,168,1362,0,1.0,0.987,0.9934574735782586,2000,0.9267605633802817,False,1.0,False,0.0039080409915186465,0.987,False,proxy,20ng-sub7951,7951,0
37,union:Middle East affairs|items for sale#u1,This text discusses either Middle East affairs or items for sale.,proxy-cascade,4815,1005,696,3114,0,1.0,0.98125,0.9905362776025236,800,0.9246171967020024,False,1.0,False,0.006402875005733222,0.98125,False,proxy,20ng-sub7951,7951,0
38,leaf:the Microsoft Windows operating system#t1,This text discusses the Microsoft Windows operating system.,proxy-cascade,7951,7951,0,0,0,1.0,1.0,1.0,400,,,,,0.0027617499872576445,1.0,,proxy,20ng-sub7951,7951,0
39,group:sports#t2,The passage is related to sports.,proxy-cascade,6357,872,702,4783,0,1.0,0.995,0.9974937343358395,800,0.9277389277389277,False,1.0,False,0.006512916006613523,0.995,False,proxy,20ng-sub7951,7951,0
40,leaf:motorcycles#t0,The document is about motorcycles.,proxy-cascade,5244,606,1864,2774,0,1.0,0.9925,0.9962358845671266,400,0.9635922330097088,False,1.0,False,0.006077958008972928,0.9925,False,proxy,20ng-sub7951,7951,0
41,group:motor vehicles#t0,The document is about motor vehicles.,proxy-cascade,7951,7951,0,0,0,1.0,1.0,1.0,800,,,,,0.00044450000859797,1.0,,proxy,20ng-sub7951,7951,0
42,union:Christianity|political debate#u1,This text discusses either Christianity or political debate.,proxy-cascade,4983,1297,689,2997,0,1.0,0.99125,0.9956057752667922,800,0.9329411764705883,False,1.0,False,0.005825625004945323,0.99125,False,proxy,20ng-sub7951,7951,0
43,group:motor vehicles#t2,The passage is related to motor vehicles.,proxy-cascade,7951,7951,0,0,0,1.0,1.0,1.0,800,,,,,0.0025915410078596324,1.0,,proxy,20ng-sub7951,7951,0
44,leaf:motorcycles#t2,The passage is related to motorcycles.,proxy-cascade,5246,614,1948,2684,0,1.0,0.9825,0.991172761664565,400,0.9379474940334129,False,1.0,False,0.0056631669867783785,0.9825,False,proxy,20ng-sub7951,7951,0
45,group:motor vehicles#t1,This text discusses motor vehicles.,proxy-cascade,4813,806,905,3102,0,1.0,0.97375,0.9867004433185561,800,0.9396863691194209,False,1.0,False,0.006114582996815443,0.97375,False,proxy,20ng-sub7951,7951,0
46,group:religion#t0,The document is about religion.,proxy-cascade,7951,7951,0,0,0,1.0,1.0,1.0,1151,,,,,0.0005563750164583325,1.0,,proxy,20ng-sub7951,7951,0
47,group:sports#t3,This article covers the topic of sports.,proxy-cascade,7951,7951,0,0,0,1.0,1.0,1.0,800,,,,,0.0003979169996455312,1.0,,proxy,20ng-sub7951,7951,0
48,union:Macintosh hardware|cars#u1,This text discusses either Macintosh hardware or cars.,proxy-cascade,5006,1201,833,2972,0,1.0,0.9675,0.9834815756035579,800,0.9159763313609467,False,1.0,False,0.013058042008196935,0.9675,False,proxy,20ng-sub7951,7951,0
49,leaf:computer graphics#t1,This text discusses computer graphics.,proxy-cascade,7951,7951,0,0,0,1.0,1.0,1.0,400,,,,,0.0031807080085854977,1.0,,proxy,20ng-sub7951,7951,0
50,union:atheism|hockey#u1,This text discusses either atheism or hockey.,proxy-cascade,4934,1135,756,3043,0,1.0,0.98375,0.9918084436042848,800,0.9077277970011534,False,1.0,False,0.006545417010784149,0.98375,False,proxy,20ng-sub7951,7951,0
51,leaf:items for sale#t0,The document is about items for sale.,proxy-cascade,7951,7951,0,0,0,1.0,1.0,1.0,400,,,,,0.003085375006776303,1.0,,proxy,20ng-sub7951,7951,0
52,leaf:baseball#t0,The document is about baseball.,proxy-cascade,7951,7951,0,0,0,1.0,1.0,1.0,400,,,,,0.0028453329869080335,1.0,,proxy,20ng-sub7951,7951,0
53,union:hockey|motorcycles#u0,The document is about hockey or about motorcycles.,proxy-cascade,7951,7951,0,0,0,1.0,1.0,1.0,800,,,,,0.002989000000525266,1.0,,proxy,20ng-sub7951,7951,0
54,group:politics#t0,The document is about politics.,proxy-cascade,7951,7951,0,0,0,1.0,1.0,1.0,1200,,,,,0.0027113750111311674,1.0,,proxy,20ng-sub7951,7951,0
55,group:motor vehicles#t1,This text discusses motor vehicles.,proxy-cascade,5218,2059,414,2745,0,1.0,0.9825,0.991172761664565,800,0.9290780141843972,False,1.0,False,0.003766916983295232,0.9825,False,proxy,20ng-sub7951,7951,0
56,leaf:atheism#t3,This article covers the topic of atheism.,proxy-cascade,5277,950,1625,2702,0,1.0,0.985,0.9924433249370278,400,0.9184149184149184,False,1.0,False,0.006264875002671033,0.985,False,proxy,20ng-sub7951,7951,0
57,union:atheism|gun control#u1,This text discusses either atheism or gun control.,proxy-cascade,7951,7951,0,0,0,1.0,1.0,1.0,800,,,,,0.003228916000807658,1.0,,proxy,20ng-sub7951,7951,0
58,leaf:cars#t2,The passage is related to cars.,proxy-cascade,5203,728,1739,2736,0,1.0,0.9925,0.9962358845671266,400,0.9189814814814815,False,1.0,False,0.006118082994362339,0.9925,False,proxy,20ng-sub7951,7951,0
59,group:sports#t2,The passage is related to sports.,proxy-cascade,7951,7951,0,0,0,1.0,1.0,1.0,800,,,,,0.0005269579996820539,1.0,,proxy,20ng-sub7951,7951,0
60,group:motor vehicles#t2,The passage is related to motor vehicles.,proxy-cascade,7951,7951,0,0,0,1.0,1.0,1.0,800,,,,,0.0004978340002708137,1.0,,proxy,20ng-sub7951,7951,0
61,group:computers#t0,The document is about computers.,proxy-cascade,4178,2786,139,1253,0,1.0,0.9915,0.9957318604067287,2000,0.9201856148491879,False,1.0,False,0.0037460419989656657,0.9915,False,proxy,20ng-sub7951,7951,0
62,union:medicine|the Microsoft Windows operating system#u0,The document is about medicine or about the Microsoft Windows operating system.,proxy-cascade,7951,7951,0,0,0,1.0,1.0,1.0,800,,,,,0.0031993750017136335,1.0,,proxy,20ng-sub7951,7951,0
63,union:baseball|items for sale#u0,The document is about baseball or about items for sale.,proxy-cascade,4903,1306,557,3040,0,1.0,0.98,0.98989898989899,800,0.9126891734575088,False,1.0,False,0.006313374993624166,0.98,False,proxy,20ng-sub7951,7951,0
64,union:atheism|medicine#u1,This text discusses either atheism or medicine.,proxy-cascade,4987,915,1077,2995,0,1.0,0.98375,0.9918084436042848,800,0.9436450839328537,False,1.0,False,0.006243999989237636,0.98375,False,proxy,20ng-sub7951,7951,0
65,union:hockey|the X Window System#u1,This text discusses either hockey or the X Window System.,proxy-cascade,4784,1003,622,3159,0,1.0,0.99125,0.9956057752667922,800,0.9418052256532067,False,1.0,False,0.0061931250093039125,0.99125,False,proxy,20ng-sub7951,7951,0
66,leaf:cryptography#t0,The document is about cryptography.,proxy-cascade,7951,7951,0,0,0,1.0,1.0,1.0,400,,,,,0.003316957998322323,1.0,,proxy,20ng-sub7951,7951,0
67,leaf:motorcycles#t3,This article covers the topic of motorcycles.,proxy-cascade,5322,453,4000,869,0,1.0,0.9675,0.9834815756035579,400,0.9325301204819277,False,1.0,False,0.005915290996199474,0.9675,False,proxy,20ng-sub7951,7951,0
68,leaf:hockey#t1,This text discusses hockey.,proxy-cascade,7951,7951,0,0,0,1.0,1.0,1.0,400,,,,,0.0003643750096671283,1.0,,proxy,20ng-sub7951,7951,0
69,leaf:baseball#t2,The passage is related to baseball.,proxy-cascade,3396,874,1008,1514,0,1.0,0.98,0.98989898989899,400,0.9289099526066351,False,1.0,False,0.003426749986829236,0.98,False,proxy,20ng-sub7951,7951,0
70,group:motor vehicles#t0,The document is about motor vehicles.,proxy-cascade,5116,1845,426,2845,0,1.0,0.98625,0.9930774071743234,800,0.928235294117647,False,1.0,False,0.0037017920112702996,0.98625,False,proxy,20ng-sub7951,7951,0
71,leaf:the Microsoft Windows operating system#t2,The passage is related to the Microsoft Windows operating system.,proxy-cascade,3995,689,1989,1317,0,1.0,0.9475,0.9730423620025674,400,0.9002375296912114,False,1.0,False,0.006010749988490716,0.9475,False,proxy,20ng-sub7951,7951,0
72,leaf:motorcycles#t2,The passage is related to motorcycles.,proxy-cascade,7951,7951,0,0,0,1.0,1.0,1.0,400,,,,,0.00037075000000186265,1.0,,proxy,20ng-sub7951,7951,0
73,group:sports#t2,The passage is related to sports.,proxy-cascade,7951,7951,0,0,0,1.0,1.0,1.0,800,,,,,0.0003935830027330667,1.0,,proxy,20ng-sub7951,7951,0
74,union:Macintosh hardware|electronics#u1,This text discusses either Macintosh hardware or electronics.,proxy-cascade,4984,893,1093,2998,0,1.0,0.98375,0.9918084436042848,800,0.9550970873786407,False,1.0,False,0.007608916988829151,0.98375,False,proxy,20ng-sub7951,7951,0
75,leaf:Christianity#t3,This article covers the topic of Christianity.,proxy-cascade,3620,1206,964,1450,0,1.0,0.98,0.98989898989899,400,0.9311163895486936,False,1.0,False,0.002940958016552031,0.98,False,proxy,20ng-sub7951,7951,0
76,group:sports#t2,The passage is related to sports.,proxy-cascade,7951,7951,0,0,0,1.0,1.0,1.0,800,,,,,0.0004147500148974359,1.0,,proxy,20ng-sub7951,7951,0
77,leaf:religious debate#t3,This article covers the topic of religious debate.,proxy-cascade,7951,7951,0,0,0,1.0,1.0,1.0,351,,,,,0.003505833010422066,1.0,,proxy,20ng-sub7951,7951,0
78,union:atheism|baseball#u1,This text discusses either atheism or baseball.,proxy-cascade,3480,1336,651,1493,0,1.0,0.92625,0.9617131732641142,800,0.9439490445859873,True,1.0,False,0.005887582985451445,0.92625,True,proxy,20ng-sub7951,7951,0
79,leaf:items for sale#t2,The passage is related to items for sale.,proxy-cascade,4104,588,2229,1287,0,1.0,0.98,0.98989898989899,400,0.9289099526066351,False,1.0,False,0.006562541995663196,0.98,False,proxy,20ng-sub7951,7951,0
80,union:Macintosh hardware|religious debate#u0,The document is about Macintosh hardware or about religious debate.,proxy-cascade,7951,7951,0,0,0,1.0,1.0,1.0,751,,,,,0.0030265410023275763,1.0,,proxy,20ng-sub7951,7951,0
81,group:motor vehicles#t1,This text discusses motor vehicles.,proxy-cascade,6510,1698,454,4358,0,1.0,0.99375,0.9968652037617556,800,0.9096109839816934,False,1.0,False,0.004109792003873736,0.99375,False,proxy,20ng-sub7951,7951,0
82,leaf:cars#t0,The document is about cars.,proxy-cascade,7951,7951,0,0,0,1.0,1.0,1.0,400,,,,,0.0033875840017572045,1.0,,proxy,20ng-sub7951,7951,0
83,leaf:PC hardware#t0,The document is about PC hardware.,proxy-cascade,7951,7951,0,0,0,1.0,1.0,1.0,400,,,,,0.003357791982125491,1.0,,proxy,20ng-sub7951,7951,0
84,group:religion#t2,The passage is related to religion.,proxy-cascade,7951,7951,0,0,0,1.0,1.0,1.0,1151,,,,,0.0027698749909177423,1.0,,proxy,20ng-sub7951,7951,0
85,union:Christianity|hockey#u0,The document is about Christianity or about hockey.,proxy-cascade,4858,1038,725,3095,0,1.0,0.9875,0.9937106918238994,800,0.9316037735849056,False,1.0,False,0.0062647919985465705,0.9875,False,proxy,20ng-sub7951,7951,0
86,group:religion#t0,The document is about religion.,proxy-cascade,3963,2356,264,1343,0,1.0,0.9878366637706343,0.993881118881119,1151,0.9274061990212071,False,1.0,False,0.0034044159983750433,0.9878366637706343,False,proxy,20ng-sub7951,7951,0
87,union:atheism|computer graphics#u1,This text discusses either atheism or computer graphics.,proxy-cascade,7951,7951,0,0,0,1.0,1.0,1.0,800,,,,,0.003538832999765873,1.0,,proxy,20ng-sub7951,7951,0
88,union:motorcycles|political debate#u1,This text discusses either motorcycles or political debate.,proxy-cascade,5541,574,2480,2487,0,1.0,0.97375,0.9867004433185561,800,0.9453883495145631,False,1.0,False,0.007289333007065579,0.97375,False,proxy,20ng-sub7951,7951,0
89,group:motor vehicles#t0,The document is about motor vehicles.,proxy-cascade,7951,7951,0,0,0,1.0,1.0,1.0,800,,,,,0.0005013330082874745,1.0,,proxy,20ng-sub7951,7951,0
90,union:PC hardware|political debate#u0,The document is about PC hardware or about political debate.,proxy-cascade,7951,7951,0,0,0,1.0,1.0,1.0,800,,,,,0.004517166991718113,1.0,,proxy,20ng-sub7951,7951,0
91,leaf:Macintosh hardware#t0,The document is about Macintosh hardware.,proxy-cascade,5415,517,4000,898,0,1.0,0.9575,0.9782886334610472,400,0.941031941031941,False,1.0,False,0.0066270839888602495,0.9575,False,proxy,20ng-sub7951,7951,0
92,leaf:items for sale#t1,This text discusses items for sale.,proxy-cascade,7951,7951,0,0,0,1.0,1.0,1.0,400,,,,,0.007700457994360477,1.0,,proxy,20ng-sub7951,7951,0
93,leaf:the Microsoft Windows operating system#t0,The document is about the Microsoft Windows operating system.,proxy-cascade,5647,609,2677,2361,0,1.0,0.9975,0.9987484355444306,400,0.9410377358490566,False,1.0,False,0.00896858298801817,0.9975,False,proxy,20ng-sub7951,7951,0
94,leaf:the Microsoft Windows operating system#t1,This text discusses the Microsoft Windows operating system.,proxy-cascade,7951,7951,0,0,0,1.0,1.0,1.0,400,,,,,0.0006567079981323332,1.0,,proxy,20ng-sub7951,7951,0
95,group:computers#t3,This article covers the topic of computers.,proxy-cascade,5175,2246,178,2751,0,1.0,0.998,0.998998998998999,2000,0.923646459972235,False,1.0,False,0.02339579100953415,0.998,False,proxy,20ng-sub7951,7951,0
96,leaf:PC hardware#t1,This text discusses PC hardware.,proxy-cascade,4629,656,2840,1133,0,1.0,0.955,0.9769820971867007,400,0.9478908188585607,False,1.0,False,0.008008415985386819,0.955,False,proxy,20ng-sub7951,7951,0
97,leaf:cars#t2,The passage is related to cars.,proxy-cascade,7951,7951,0,0,0,1.0,1.0,1.0,400,,,,,0.0004627919988706708,1.0,,proxy,20ng-sub7951,7951,0
98,union:Christianity|items for sale#u0,The document is about Christianity or about items for sale.,proxy-cascade,6440,1099,801,4540,0,1.0,0.99375,0.9968652037617556,800,0.911697247706422,False,1.0,False,0.01440141600323841,0.99375,False,proxy,20ng-sub7951,7951,0
99,group:politics#t2,The passage is related to politics.,proxy-cascade,7951,7951,0,0,0,1.0,1.0,1.0,1200,,,,,0.004434540984220803,1.0,,proxy,20ng-sub7951,7951,0
100,leaf:gun control#t2,The passage is related to gun control.,proxy-cascade,5224,666,1804,2754,0,1.0,0.985,0.9924433249370278,400,0.9358669833729216,False,1.0,False,0.007913208013633266,0.985,False,proxy,20ng-sub7951,7951,0
101,union:Middle East affairs|items for sale#u1,This text discusses either Middle East affairs or items for sale.,proxy-cascade,7951,7951,0,0,0,1.0,1.0,1.0,800,,,,,0.0005563749873545021,1.0,,proxy,20ng-sub7951,7951,0
102,leaf:computer graphics#t3,This article covers the topic of computer graphics.,proxy-cascade,4109,587,2256,1266,0,1.0,0.9525,0.9756722151088347,400,0.9114832535885168,False,1.0,False,0.01389445798122324,0.9525,False,proxy,20ng-sub7951,7951,0
103,leaf:religious debate#t3,This article covers the topic of religious debate.,proxy-cascade,7951,7951,0,0,0,1.0,1.0,1.0,351,,,,,0.0011117499961983413,1.0,,proxy,20ng-sub7951,7951,0
104,leaf:atheism#t3,This article covers the topic of atheism.,proxy-cascade,6661,1886,931,3844,0,1.0,0.9925,0.9962358845671266,400,0.9084668192219679,False,1.0,False,0.0056443339854013175,0.9925,False,proxy,20ng-sub7951,7951,0
105,group:religion#t1,This text discusses religion.,proxy-cascade,7951,7951,0,0,0,1.0,1.0,1.0,1151,,,,,0.000765499979024753,1.0,,proxy,20ng-sub7951,7951,0
106,union:hockey|items for sale#u0,The document is about hockey or about items for sale.,proxy-cascade,3301,1087,652,1562,0,1.0,0.95375,0.9763275751759437,800,0.9040284360189573,False,1.0,False,0.0075341670017223805,0.95375,False,proxy,20ng-sub7951,7951,0
107,group:motor vehicles#t0,The document is about motor vehicles.,proxy-cascade,7951,7951,0,0,0,1.0,1.0,1.0,800,,,,,0.0005569159984588623,1.0,,proxy,20ng-sub7951,7951,0
108,union:space exploration|the Microsoft Windows operating system#u1,This text discusses either space exploration or the Microsoft Windows operating system.,proxy-cascade,7951,7951,0,0,0,1.0,1.0,1.0,800,,,,,0.003285083017544821,1.0,,proxy,20ng-sub7951,7951,0
109,group:sports#t2,The passage is related to sports.,proxy-cascade,7951,7951,0,0,0,1.0,1.0,1.0,800,,,,,0.0004652920179069042,1.0,,proxy,20ng-sub7951,7951,0
110,group:sports#t1,This text discusses sports.,proxy-cascade,7951,7951,0,0,0,1.0,1.0,1.0,800,,,,,0.046913875004975125,1.0,,proxy,20ng-sub7951,7951,0
111,leaf:atheism#t3,This article covers the topic of atheism.,proxy-cascade,7951,7951,0,0,0,1.0,1.0,1.0,400,,,,,0.0003573330177459866,1.0,,proxy,20ng-sub7951,7951,0
112,leaf:Middle East affairs#t2,The passage is related to Middle East affairs.,proxy-cascade,3520,662,1402,1456,0,1.0,0.9875,0.9937106918238994,400,0.9272300469483568,False,1.0,False,0.006663083011517301,0.9875,False,proxy,20ng-sub7951,7951,0
113,union:Macintosh hardware|motorcycles#u1,This text discusses either Macintosh hardware or motorcycles.,proxy-cascade,4926,846,1068,3012,0,1.0,0.97375,0.9867004433185561,800,0.9186320754716981,False,1.0,False,0.007335250003961846,0.97375,False,proxy,20ng-sub7951,7951,0
114,union:political debate|religious debate#u0,The document is about political debate or about religious debate.,proxy-cascade,5056,1127,980,2949,0,1.0,0.9826897470039947,0.9912693082605776,751,0.9156327543424317,False,1.0,False,0.007290665991604328,0.9826897470039947,False,proxy,20ng-sub7951,7951,0
115,leaf:gun control#t3,This article covers the topic of gun control.,proxy-cascade,7951,7951,0,0,0,1.0,1.0,1.0,400,,,,,0.0036735830071847886,1.0,,proxy,20ng-sub7951,7951,0
116,leaf:medicine#t2,The passage is related to medicine.,proxy-cascade,3891,584,1907,1400,0,1.0,0.975,0.9873417721518987,400,0.9653465346534653,False,1.0,False,0.006383791012922302,0.975,False,proxy,20ng-sub7951,7951,0
117,group:politics#t1,This text discusses politics.,proxy-cascade,4097,2565,242,1290,0,1.0,0.9916666666666667,0.99581589958159,1200,0.9246309246309247,False,1.0,False,0.003829833003692329,0.9916666666666667,False,proxy,20ng-sub7951,7951,0
118,group:science#t2,The passage is related to science.,proxy-cascade,7951,7951,0,0,0,1.0,1.0,1.0,1600,,,,,0.0008608329808339477,1.0,,proxy,20ng-sub7951,7951,0
119,group:religion#t0,The document is about religion.,proxy-cascade,5315,2415,258,2642,0,1.0,0.9991311902693311,0.9995654063450673,1151,0.9259259259259259,False,1.0,False,0.00430945900734514,0.9991311902693311,False,proxy,20ng-sub7951,7951,0
0,group:motor vehicles#t0,The document is about motor vehicles.,proxy-cascade,6491,1598,475,4418,0,1.0,0.99875,0.9993746091307067,800,0.9131428571428571,False,1.0,False,0.05047254101373255,0.99875,False,proxy,20ng-sub7951,7951,0
1,group:religion#t3,This article covers the topic of religion.,proxy-cascade,3673,1938,315,1420,0,1.0,0.9852302345786272,0.9925601750547046,1151,0.9014308426073132,False,1.0,False,0.007855791016481817,0.9852302345786272,False,proxy,20ng-sub7951,7951,0
2,leaf:religious debate#t0,The document is about religious debate.,proxy-cascade,4932,1074,2848,1010,0,1.0,0.9430199430199431,0.9706744868035191,351,0.9220055710306406,False,1.0,False,0.008033042016904801,0.9430199430199431,False,proxy,20ng-sub7951,7951,0
3,group:politics#t1,This text discusses politics.,proxy-cascade,5108,1934,328,2846,0,1.0,0.9958333333333333,0.9979123173277662,1200,0.9122137404580153,False,1.0,False,0.008499832998495549,0.9958333333333333,False,proxy,20ng-sub7951,7951,0
4,union:gun control|medicine#u0,The document is about gun control or about medicine.,proxy-cascade,5107,1733,528,2846,0,1.0,0.99375,0.9968652037617556,800,0.9158986175115207,False,1.0,False,0.007270791014889255,0.99375,False,proxy,20ng-sub7951,7951,0
5,group:motor vehicles#t0,The document is about motor vehicles.,proxy-cascade,3706,1867,429,1410,0,1.0,0.98375,0.9918084436042848,800,0.9258823529411765,False,1.0,False,0.031175457988865674,0.98375,False,proxy,20ng-sub7951,7951,0
6,group:politics#t1,This text discusses politics.,proxy-cascade,5402,2619,243,2540,0,1.0,0.9966666666666667,0.9983305509181971,1200,0.9228395061728395,False,1.0,False,0.011125459015602246,0.9966666666666667,False,proxy,20ng-sub7951,7951,0
7,group:religion#t0,The document is about religion.,proxy-cascade,5052,1842,329,2881,0,1.0,0.9973935708079931,0.9986950848194868,1151,0.9295546558704454,False,1.0,False,0.0088177919969894,0.9973935708079931,False,proxy,20ng-sub7951,7951,0
8,leaf:political debate#t1,This text discusses political debate.,proxy-cascade,5344,1117,1637,2590,0,1.0,0.9925,0.9962358845671266,400,0.9297423887587822,False,1.0,False,0.009739166998770088,0.9925,False,proxy,20ng-sub7951,7951,0
9,group:sports#t1,This text discusses sports.,proxy-cascade,3425,1440,463,1522,0,1.0,0.9925,0.9962358845671266,800,0.9022727272727272,False,1.0,False,0.007339333009440452,0.9925,False,proxy,20ng-sub7951,7951,0
10,group:science#t1,This text discusses science.,proxy-cascade,7951,2985,181,4785,0,1.0,1.0,1.0,1600,1.0,False,1.0,False,0.009003667015349492,1.0,False,proxy,20ng-sub7951,7951,0
11,leaf:hockey#t1,This text discusses hockey.,proxy-cascade,3780,1029,1331,1420,0,1.0,0.9875,0.9937106918238994,400,0.9316037735849056,False,1.0,False,0.013858042017091066,0.9875,False,proxy,20ng-sub7951,7951,0
12,leaf:religious debate#t2,The passage is related to religious debate.,proxy-cascade,4395,1245,1961,1189,0,1.0,0.9715099715099715,0.9855491329479769,351,0.9166666666666666,False,1.0,False,0.007918457995401695,0.9715099715099715,False,proxy,20ng-sub7951,7951,0
13,leaf:political debate#t0,The document is about political debate.,proxy-cascade,4950,923,3032,995,0,1.0,0.9825,0.991172761664565,400,0.9247058823529412,False,1.0,False,0.04249312498723157,0.9825,False,proxy,20ng-sub7951,7951,0
14,leaf:items for sale#t3,This article covers the topic of items for sale.,proxy-cascade,5341,1013,1710,2618,0,1.0,0.9975,0.9987484355444306,400,0.9344262295081968,False,1.0,False,0.01264704202185385,0.9975,False,proxy,20ng-sub7951,7951,0
15,leaf:Christianity#t3,This article covers the topic of Christianity.,proxy-cascade,3988,1105,1575,1308,0,1.0,0.985,0.9924433249370278,400,0.9036697247706422,False,1.0,False,0.009146708995103836,0.985,False,proxy,20ng-sub7951,7951,0
16,union:electronics|hockey#u0,The document is about electronics or about hockey.,proxy-cascade,6539,1769,529,4241,0,1.0,0.98625,0.9930774071743234,800,0.9174418604651163,False,1.0,False,0.008765999984461814,0.98625,False,proxy,20ng-sub7951,7951,0
17,group:science#t2,The passage is related to science.,proxy-cascade,5227,2235,247,2745,0,1.0,0.97625,0.9879822896900696,1600,0.9432367149758454,False,1.0,False,0.008804792014416307,0.97625,False,proxy,20ng-sub7951,7951,0
18,group:computers#t1,This text discusses computers.,proxy-cascade,5392,2700,151,2541,0,1.0,0.998,0.998998998998999,2000,0.919815668202765,False,1.0,False,0.009261459024855867,0.998,False,proxy,20ng-sub7951,7951,0
19,union:Macintosh hardware|items for sale#u1,This text discusses either Macintosh hardware or items for sale.,proxy-cascade,3612,1567,594,1451,0,1.0,0.96875,0.9841269841269841,800,0.9032634032634033,False,1.0,False,0.008104375010589138,0.96875,False,proxy,20ng-sub7951,7951,0
20,group:motor vehicles#t3,This article covers the topic of motor vehicles.,proxy-cascade,3493,1527,492,1474,0,1.0,0.97625,0.9879822896900696,800,0.930870083432658,False,1.0,False,0.012291334016481414,0.97625,False,proxy,20ng-sub7951,7951,0
21,group:sports#t3,This article covers the topic of sports.,proxy-cascade,3426,1395,502,1529,0,1.0,0.98625,0.9930774071743234,800,0.9348341232227488,False,1.0,False,0.028428624995285645,0.98625,False,proxy,20ng-sub7951,7951,0
22,group:motor vehicles#t3,This article covers the topic of motor vehicles.,proxy-cascade,3712,1873,424,1415,0,1.0,0.98,0.98989898989899,800,0.9256198347107438,False,1.0,False,0.00370925001334399,0.98,False,proxy,20ng-sub7951,7951,0
23,group:motor vehicles#t3,This article covers the topic of motor vehicles.,proxy-cascade,6536,1894,417,4225,0,1.0,1.0,1.0,800,0.9237875288683602,False,1.0,False,0.004451292013982311,1.0,False,proxy,20ng-sub7951,7951,0
24,union:PC hardware|cryptography#u0,The document is about PC hardware or about cryptography.,proxy-cascade,5182,1900,504,2778,0,1.0,0.98625,0.9930774071743234,800,0.9392857142857143,False,1.0,False,0.007314707996556535,0.98625,False,proxy,20ng-sub7951,7951,0
25,leaf:political debate#t1,This text discusses political debate.,proxy-cascade,5514,2292,780,2442,0,1.0,0.9925,0.9962358845671266,400,0.9022727272727272,False,1.0,False,0.0034467499935999513,0.9925,False,proxy,20ng-sub7951,7951,0
26,union:Macintosh hardware|space exploration#u1,This text discusses either Macintosh hardware or space exploration.,proxy-cascade,6555,1851,554,4150,0,1.0,0.9975,0.9987484355444306,800,0.9399293286219081,False,1.0,False,0.006924916000571102,0.9975,False,proxy,20ng-sub7951,7951,0
27,leaf:baseball#t2,The passage is related to baseball.,proxy-cascade,3744,1056,1279,1409,0,1.0,0.9825,0.991172761664565,400,0.9097222222222222,False,1.0,False,0.00594108400400728,0.9825,False,proxy,20ng-sub7951,7951,0
28,group:computers#t0,The document is about computers.,proxy-cascade,4183,2779,145,1259,0,1.0,0.993,0.9964877069744105,2000,0.9276039234002802,False,1.0,False,0.006462125020334497,0.993,False,proxy,20ng-sub7951,7951,0
29,leaf:baseball#t3,This article covers the topic of baseball.,proxy-cascade,3867,1009,1478,1380,0,1.0,0.985,0.9924433249370278,400,0.9380952380952381,False,1.0,False,0.005932000000029802,0.985,False,proxy,20ng-sub7951,7951,0
30,leaf:electronics#t0,The document is about electronics.,proxy-cascade,5708,1007,2413,2288,0,1.0,0.99,0.9949748743718593,400,0.9428571428571428,False,1.0,False,0.013708542013773695,0.99,False,proxy,20ng-sub7951,7951,0
31,union:PC hardware|items for sale#u1,This text discusses either PC hardware or items for sale.,proxy-cascade,5104,1672,571,2861,0,1.0,0.995,0.9974937343358395,800,0.9453681710213777,False,1.0,False,0.007959915994433686,0.995,False,proxy,20ng-sub7951,7951,0
32,union:computer graphics|motorcycles#u0,The document is about computer graphics or about motorcycles.,proxy-cascade,5075,1457,689,2929,0,1.0,0.9775,0.988621997471555,800,0.9365269461077844,False,1.0,False,0.007278834003955126,0.9775,False,proxy,20ng-sub7951,7951,0
33,union:Macintosh hardware|electronics#u0,The document is about Macintosh hardware or about electronics.,proxy-cascade,5185,1869,546,2770,0,1.0,0.9925,0.9962358845671266,800,0.9022727272727272,False,1.0,False,0.00706537501537241,0.9925,False,proxy,20ng-sub7951,7951,0
34,group:computers#t1,This text discusses computers.,proxy-cascade,5589,3097,129,2363,0,1.0,0.9985,0.9992494370778084,2000,0.9232547387887193,False,1.0,False,0.0046435830008704215,0.9985,False,proxy,20ng-sub7951,7951,0
35,group:religion#t1,This text discusses religion.,proxy-cascade,3572,1786,338,1448,0,1.0,0.9826238053866203,0.9912357581069238,1151,0.9040767386091128,False,1.0,False,0.007540040998719633,0.9826238053866203,False,proxy,20ng-sub7951,7951,0
36,group:computers#t0,The document is about computers.,proxy-cascade,4284,2918,137,1229,0,1.0,0.9945,0.997242416645776,2000,0.9272727272727272,False,1.0,False,0.003916832996765152,0.9945,False,proxy,20ng-sub7951,7951,0
37,union:Middle East affairs|items for sale#u1,This text discusses either Middle East affairs or items for sale.,proxy-cascade,5011,1463,564,2984,0,1.0,0.985,0.9924433249370278,800,0.9448441247002398,False,1.0,False,0.008023834001505747,0.985,False,proxy,20ng-sub7951,7951,0
38,leaf:the Microsoft Windows operating system#t1,This text discusses the Microsoft Windows operating system.,proxy-cascade,5323,1085,1622,2616,0,1.0,0.9975,0.9987484355444306,400,0.9591346153846154,False,1.0,False,0.007000957994023338,0.9975,False,proxy,20ng-sub7951,7951,0
39,group:sports#t2,The passage is related to sports.,proxy-cascade,3415,1438,469,1508,0,1.0,0.98375,0.9918084436042848,800,0.9280660377358491,False,1.0,False,0.007495958998333663,0.98375,False,proxy,20ng-sub7951,7951,0
40,leaf:motorcycles#t0,The document is about motorcycles.,proxy-cascade,5463,985,1928,2550,0,1.0,0.9925,0.9962358845671266,400,0.9341176470588235,False,1.0,False,0.007351083011599258,0.9925,False,proxy,20ng-sub7951,7951,0
41,group:motor vehicles#t0,The document is about motor vehicles.,proxy-cascade,3550,1604,468,1478,0,1.0,0.9775,0.988621997471555,800,0.930952380952381,False,1.0,False,0.0037141659995540977,0.9775,False,proxy,20ng-sub7951,7951,0
42,union:Christianity|political debate#u1,This text discusses either Christianity or political debate.,proxy-cascade,5137,1730,578,2829,0,1.0,0.995,0.9974937343358395,800,0.924506387921022,False,1.0,False,0.007770458003506064,0.995,False,proxy,20ng-sub7951,7951,0
43,group:motor vehicles#t2,The passage is related to motor vehicles.,proxy-cascade,4984,1476,505,3003,0,1.0,0.99,0.9949748743718593,800,0.9145496535796767,False,1.0,False,0.007362292002653703,0.99,False,proxy,20ng-sub7951,7951,0
44,leaf:motorcycles#t2,The passage is related to motorcycles.,proxy-cascade,5188,1160,1220,2808,0,1.0,0.9925,0.9962358845671266,400,0.9105504587155964,False,1.0,False,0.00797775000683032,0.9925,False,proxy,20ng-sub7951,7951,0
45,group:motor vehicles#t1,This text discusses motor vehicles.,proxy-cascade,6465,1350,612,4503,0,1.0,0.99625,0.9981214777708203,800,0.9488095238095238,False,1.0,False,0.009034749993588775,0.99625,False,proxy,20ng-sub7951,7951,0
46,group:religion#t0,The document is about religion.,proxy-cascade,4059,2503,258,1298,0,1.0,0.9887054735013032,0.9943206640454347,1151,0.9244516653127539,False,1.0,False,0.0038901249936316162,0.9887054735013032,False,proxy,20ng-sub7951,7951,0
47,group:sports#t3,This article covers the topic of sports.,proxy-cascade,7951,1562,428,5961,0,1.0,1.0,1.0,800,1.0,False,1.0,False,0.00393874998553656,1.0,False,proxy,20ng-sub7951,7951,0
48,union:Macintosh hardware|cars#u1,This text discusses either Macintosh hardware or cars.,proxy-cascade,5157,1814,574,2769,0,1.0,0.9875,0.9937106918238994,800,0.919674039580908,False,1.0,False,0.008487165992846712,0.9875,False,proxy,20ng-sub7951,7951,0
49,leaf:computer graphics#t1,This text discusses computer graphics.,proxy-cascade,5344,1032,1697,2615,0,1.0,0.99,0.9949748743718593,400,0.9473684210526315,False,1.0,False,0.007892541994806379,0.99,False,proxy,20ng-sub7951,7951,0
50,union:atheism|hockey#u1,This text discusses either atheism or hockey.,proxy-cascade,5084,1621,583,2880,0,1.0,0.99125,0.9956057752667922,800,0.9451728247914184,False,1.0,False,0.008024083013879135,0.99125,False,proxy,20ng-sub7951,7951,0
51,leaf:items for sale#t0,The document is about items for sale.,proxy-cascade,3787,1141,1277,1369,0,1.0,0.975,0.9873417721518987,400,0.9069767441860465,False,1.0,False,0.0065897910099010915,0.975,False,proxy,20ng-sub7951,7951,0
52,leaf:baseball#t0,The document is about baseball.,proxy-cascade,7951,7951,0,0,0,1.0,1.0,1.0,400,,,,,0.004495667002629489,1.0,,proxy,20ng-sub7951,7951,0
53,union:hockey|motorcycles#u0,The document is about hockey or about motorcycles.,proxy-cascade,6505,1694,481,4330,0,1.0,0.99875,0.9993746091307067,800,0.9069239500567536,False,1.0,False,0.009364333003759384,0.99875,False,proxy,20ng-sub7951,7951,0
54,group:politics#t0,The document is about politics.,proxy-cascade,5159,2062,299,2798,0,1.0,0.9966666666666667,0.9983305509181971,1200,0.9074355083459787,False,1.0,False,0.008782374992733821,0.9966666666666667,False,proxy,20ng-sub7951,7951,0
55,group:motor vehicles#t1,This text discusses motor vehicles.,proxy-cascade,5061,1706,457,2898,0,1.0,0.98875,0.994343180389692,800,0.9305882352941176,False,1.0,False,0.004202666983474046,0.98875,False,proxy,20ng-sub7951,7951,0
56,leaf:atheism#t3,This article covers the topic of atheism.,proxy-cascade,5566,1152,2070,2344,0,1.0,0.9825,0.991172761664565,400,0.9290780141843972,False,1.0,False,0.008677333011291921,0.9825,False,proxy,20ng-sub7951,7951,0
57,union:atheism|gun control#u1,This text discusses either atheism or gun control.,proxy-cascade,5231,2005,541,2685,0,1.0,0.99375,0.9968652037617556,800,0.9158986175115207,False,1.0,False,0.008687708002980798,0.99375,False,proxy,20ng-sub7951,7951,0
58,leaf:cars#t2,The passage is related to cars.,proxy-cascade,5468,995,1989,2484,0,1.0,0.975,0.9873417721518987,400,0.9330143540669856,False,1.0,False,0.008456584007944912,0.975,False,proxy,20ng-sub7951,7951,0
59,group:sports#t2,The passage is related to sports.,proxy-cascade,4942,1465,455,3022,0,1.0,0.99625,0.9981214777708203,800,0.9289044289044289,False,1.0,False,0.004243666975526139,0.99625,False,proxy,20ng-sub7951,7951,0
60,group:motor vehicles#t2,The passage is related to motor vehicles.,proxy-cascade,4323,2768,346,1209,0,1.0,0.985,0.9924433249370278,800,0.9227166276346604,False,1.0,False,0.0033698749903123826,0.985,False,proxy,20ng-sub7951,7951,0
61,group:computers#t0,The document is about computers.,proxy-cascade,4344,3009,133,1202,0,1.0,0.996,0.9979959919839679,2000,0.9230769230769231,False,1.0,False,0.004471167019801214,0.996,False,proxy,20ng-sub7951,7951,0
62,union:medicine|the Microsoft Windows operating system#u0,The document is about medicine or about the Microsoft Windows operating system.,proxy-cascade,5090,1714,505,2871,0,1.0,0.97875,0.9892608970309539,800,0.9366028708133971,False,1.0,False,0.007711582991760224,0.97875,False,proxy,20ng-sub7951,7951,0
63,union:baseball|items for sale#u0,The document is about baseball or about items for sale.,proxy-cascade,6476,1220,815,4441,0,1.0,0.995,0.9974937343358395,800,0.9420118343195266,False,1.0,False,0.008628167008282617,0.995,False,proxy,20ng-sub7951,7951,0
64,union:atheism|medicine#u1,This text discusses either atheism or medicine.,proxy-cascade,5200,1931,528,2741,0,1.0,0.99125,0.9956057752667922,800,0.9406880189798339,False,1.0,False,0.007049792009638622,0.99125,False,proxy,20ng-sub7951,7951,0
65,union:hockey|the X Window System#u1,This text discusses either hockey or the X Window System.,proxy-cascade,3702,1842,445,1415,0,1.0,0.985,0.9924433249370278,800,0.9292452830188679,False,1.0,False,0.007025750004686415,0.985,False,proxy,20ng-sub7951,7951,0
66,leaf:cryptography#t0,The document is about cryptography.,proxy-cascade,5145,1058,1287,2800,0,1.0,0.98,0.98989898989899,400,0.9267139479905437,False,1.0,False,0.007169457996496931,0.98,False,proxy,20ng-sub7951,7951,0
67,leaf:motorcycles#t3,This article covers the topic of motorcycles.,proxy-cascade,5110,1091,1272,2747,0,1.0,0.9925,0.9962358845671266,400,0.9022727272727272,False,1.0,False,0.007785291003528982,0.9925,False,proxy,20ng-sub7951,7951,0
68,leaf:hockey#t1,This text discusses hockey.,proxy-cascade,5138,1438,884,2816,0,1.0,0.9975,0.9987484355444306,400,0.9006772009029346,False,1.0,False,0.004160167009104043,0.9975,False,proxy,20ng-sub7951,7951,0
69,leaf:baseball#t2,The passage is related to baseball.,proxy-cascade,3663,1312,915,1436,0,1.0,0.98,0.98989898989899,400,0.9011494252873563,False,1.0,False,0.003265209001256153,0.98,False,proxy,20ng-sub7951,7951,0
70,group:motor vehicles#t0,The document is about motor vehicles.,proxy-cascade,3731,1887,426,1418,0,1.0,0.98375,0.9918084436042848,800,0.9004576659038902,False,1.0,False,0.0033991250093095005,0.98375,False,proxy,20ng-sub7951,7951,0
71,leaf:the Microsoft Windows operating system#t2,The passage is related to the Microsoft Windows operating system.,proxy-cascade,5308,1106,1527,2675,0,1.0,0.9825,0.991172761664565,400,0.9585365853658536,False,1.0,False,0.007281416998011991,0.9825,False,proxy,20ng-sub7951,7951,0
72,leaf:motorcycles#t2,The passage is related to motorcycles.,proxy-cascade,3868,1567,938,1363,0,1.0,0.975,0.9873417721518987,400,0.9330143540669856,False,1.0,False,0.003226917004212737,0.975,False,proxy,20ng-sub7951,7951,0
73,group:sports#t2,The passage is related to sports.,proxy-cascade,3427,1448,462,1517,0,1.0,0.9875,0.9937106918238994,800,0.9007981755986317,False,1.0,False,0.003333375003421679,0.9875,False,proxy,20ng-sub7951,7951,0
74,union:Macintosh hardware|electronics#u1,This text discusses either Macintosh hardware or electronics.,proxy-cascade,5133,1694,591,2848,0,1.0,0.98875,0.994343180389692,800,0.9273153575615475,False,1.0,False,0.006771708023734391,0.98875,False,proxy,20ng-sub7951,7951,0
75,leaf:Christianity#t3,This article covers the topic of Christianity.,proxy-cascade,5222,1529,941,2752,0,1.0,0.99,0.9949748743718593,400,0.908256880733945,False,1.0,False,0.0036979590076953173,0.99,False,proxy,20ng-sub7951,7951,0
76,group:sports#t2,The passage is related to sports.,proxy-cascade,2516,2135,381,0,0,1.0,0.98375,0.9918084436042848,800,0.9215456674473068,False,1.0,False,0.002688834007130936,0.98375,False,proxy,20ng-sub7951,7951,0
77,leaf:religious debate#t3,This article covers the topic of religious debate.,proxy-cascade,4399,1211,2064,1124,0,1.0,0.9686609686609686,0.984081041968162,351,0.9090909090909091,False,1.0,False,0.006289333017775789,0.9686609686609686,False,proxy,20ng-sub7951,7951,0
78,union:atheism|baseball#u1,This text discusses either atheism or baseball.,proxy-cascade,5126,1721,565,2840,0,1.0,0.9775,0.988621997471555,800,0.9210836277974087,False,1.0,False,0.015477667009690776,0.9775,False,proxy,20ng-sub7951,7951,0
79,leaf:items for sale#t2,The passage is related to items for sale.,proxy-cascade,3935,1049,1526,1360,0,1.0,0.9825,0.991172761664565,400,0.9013761467889908,False,1.0,False,0.009858334000455216,0.9825,False,proxy,20ng-sub7951,7951,0
80,union:Macintosh hardware|religious debate#u0,The document is about Macintosh hardware or about religious debate.,proxy-cascade,6718,2559,491,3668,0,1.0,0.9893475366178429,0.9946452476572958,751,0.9369482976040353,False,1.0,False,0.007776917016599327,0.9893475366178429,False,proxy,20ng-sub7951,7951,0
81,group:motor vehicles#t1,This text discusses motor vehicles.,proxy-cascade,3712,1866,432,1414,0,1.0,0.97125,0.9854153455928979,800,0.9261025029797377,False,1.0,False,0.0034007909998763353,0.97125,False,proxy,20ng-sub7951,7951,0
82,leaf:cars#t0,The document is about cars.,proxy-cascade,4140,1001,1883,1256,0,1.0,0.95,0.9743589743589743,400,0.9069212410501193,False,1.0,False,0.006871958001283929,0.95,False,proxy,20ng-sub7951,7951,0
83,leaf:PC hardware#t0,The document is about PC hardware.,proxy-cascade,4222,1153,1833,1236,0,1.0,0.98,0.98989898989899,400,0.9011494252873563,False,1.0,False,0.006504124990897253,0.98,False,proxy,20ng-sub7951,7951,0
84,group:religion#t2,The passage is related to religion.,proxy-cascade,3516,1657,369,1490,0,1.0,0.9730668983492615,0.9863496257155439,1151,0.9142857142857143,False,1.0,False,0.006932249991223216,0.9730668983492615,False,proxy,20ng-sub7951,7951,0
85,union:Christianity|hockey#u0,The document is about Christianity or about hockey.,proxy-cascade,5062,1607,565,2890,0,1.0,0.9975,0.9987484355444306,800,0.9432624113475178,False,1.0,False,0.008026083000004292,0.9975,False,proxy,20ng-sub7951,7951,0
86,group:religion#t0,The document is about religion.,proxy-cascade,5268,2332,269,2667,0,1.0,0.998262380538662,0.9991304347826088,1151,0.921411387329591,False,1.0,False,0.004261583992047235,0.998262380538662,False,proxy,20ng-sub7951,7951,0
87,union:atheism|computer graphics#u1,This text discusses either atheism or computer graphics.,proxy-cascade,6636,2167,523,3946,0,1.0,0.9925,0.9962358845671266,800,0.9441141498216409,False,1.0,False,0.008943249995354563,0.9925,False,proxy,20ng-sub7951,7951,0
88,union:motorcycles|political debate#u1,This text discusses either motorcycles or political debate.,proxy-cascade,5054,1422,724,2908,0,1.0,0.9825,0.991172761664565,800,0.9538834951456311,False,1.0,False,0.00812054198468104,0.9825,False,proxy,20ng-sub7951,7951,0
89,group:motor vehicles#t0,The document is about motor vehicles.,proxy-cascade,7951,1836,430,5685,0,1.0,1.0,1.0,800,1.0,False,1.0,False,0.004111374990316108,1.0,False,proxy,20ng-sub7951,7951,0
90,union:PC hardware|political debate#u0,The document is about PC hardware or about political debate.,proxy-cascade,5165,1704,670,2791,0,1.0,0.96,0.9795918367346939,800,0.9003516998827668,False,1.0,False,0.0073995419952552766,0.96,False,proxy,20ng-sub7951,7951,0
91,leaf:Macintosh hardware#t0,The document is about Macintosh hardware.,proxy-cascade,4099,1060,1757,1282,0,1.0,0.96,0.9795918367346939,400,0.9121140142517815,False,1.0,False,0.006678875011857599,0.96,False,proxy,20ng-sub7951,7951,0
92,leaf:items for sale#t1,This text discusses items for sale.,proxy-cascade,3832,1236,1198,1398,0,1.0,0.9925,0.9962358845671266,400,0.9254079254079254,False,1.0,False,0.006138333992566913,0.9925,False,proxy,20ng-sub7951,7951,0
93,leaf:the Microsoft Windows operating system#t0,The document is about the Microsoft Windows operating system.,proxy-cascade,5513,1056,2051,2406,0,1.0,0.99,0.9949748743718593,400,0.9565217391304348,False,1.0,False,0.0080216669884976,0.99,False,proxy,20ng-sub7951,7951,0
94,leaf:the Microsoft Windows operating system#t1,This text discusses the Microsoft Windows operating system.,proxy-cascade,5452,2085,824,2543,0,1.0,1.0,1.0,400,0.9345794392523364,False,1.0,False,0.003827792010270059,1.0,False,proxy,20ng-sub7951,7951,0
95,group:computers#t3,This article covers the topic of computers.,proxy-cascade,4194,2791,144,1259,0,1.0,0.9885,0.9942167462911742,2000,0.9286049788633162,False,1.0,False,0.008356875012395903,0.9885,False,proxy,20ng-sub7951,7951,0
96,leaf:PC hardware#t1,This text discusses PC hardware.,proxy-cascade,4018,1383,1292,1343,0,1.0,0.97,0.9847715736040609,400,0.9002320185614849,False,1.0,False,0.006489000021247193,0.97,False,proxy,20ng-sub7951,7951,0
97,leaf:cars#t2,The passage is related to cars.,proxy-cascade,6770,2541,756,3473,0,1.0,0.995,0.9974937343358395,400,0.9234338747099768,False,1.0,False,0.0038682090234942734,0.995,False,proxy,20ng-sub7951,7951,0
98,union:Christianity|items for sale#u0,The document is about Christianity or about items for sale.,proxy-cascade,6544,1813,530,4201,0,1.0,0.9925,0.9962358845671266,800,0.9385342789598109,False,1.0,False,0.0075472500175237656,0.9925,False,proxy,20ng-sub7951,7951,0
99,group:politics#t2,The passage is related to politics.,proxy-cascade,3681,1938,320,1423,0,1.0,0.9808333333333333,0.9903239377366427,1200,0.908179012345679,False,1.0,False,0.008101665996946394,0.9808333333333333,False,proxy,20ng-sub7951,7951,0
100,leaf:gun control#t2,The passage is related to gun control.,proxy-cascade,3817,1128,1317,1372,0,1.0,0.95,0.9743589743589743,400,0.9476309226932669,False,1.0,False,0.007254833006300032,0.95,False,proxy,20ng-sub7951,7951,0
101,union:Middle East affairs|items for sale#u1,This text discusses either Middle East affairs or items for sale.,proxy-cascade,6855,3257,314,3284,0,1.0,1.0,1.0,800,0.9248554913294798,False,1.0,False,0.004337207996286452,1.0,False,proxy,20ng-sub7951,7951,0
102,leaf:computer graphics#t3,This article covers the topic of computer graphics.,proxy-cascade,3917,1185,1384,1348,0,1.0,0.9525,0.9756722151088347,400,0.900709219858156,False,1.0,False,0.007132792001357302,0.9525,False,proxy,20ng-sub7951,7951,0
103,leaf:religious debate#t3,This article covers the topic of religious debate.,proxy-cascade,4522,2526,852,1144,0,1.0,0.9943019943019943,0.9971428571428572,351,0.9306666666666666,False,1.0,False,0.0030530829972121865,0.9943019943019943,False,proxy,20ng-sub7951,7951,0
104,leaf:atheism#t3,This article covers the topic of atheism.,proxy-cascade,5969,3408,614,1947,0,1.0,1.0,1.0,400,0.9237875288683602,False,1.0,False,0.0033880829869303852,1.0,False,proxy,20ng-sub7951,7951,0
105,group:religion#t1,This text discusses religion.,proxy-cascade,4522,3167,218,1137,0,1.0,0.9947871416159861,0.9973867595818815,1151,0.9196787148594378,False,1.0,False,0.0034681249817367643,0.9947871416159861,False,proxy,20ng-sub7951,7951,0
106,union:hockey|items for sale#u0,The document is about hockey or about items for sale.,proxy-cascade,4981,1398,595,2988,0,1.0,0.98375,0.9918084436042848,800,0.9447779111644657,False,1.0,False,0.00768779098871164,0.98375,False,proxy,20ng-sub7951,7951,0
107,group:motor vehicles#t0,The document is about motor vehicles.,proxy-cascade,7951,2666,354,4931,0,1.0,1.0,1.0,800,1.0,False,1.0,False,0.003858499985653907,1.0,False,proxy,20ng-sub7951,7951,0
108,union:space exploration|the Microsoft Windows operating system#u1,This text discusses either space exploration or the Microsoft Windows operating system.,proxy-cascade,5064,1459,690,2915,0,1.0,0.97,0.9847715736040609,800,0.9521472392638037,False,1.0,False,0.007997500011697412,0.97,False,proxy,20ng-sub7951,7951,0
109,group:sports#t2,The passage is related to sports.,proxy-cascade,3462,1533,434,1495,0,1.0,0.98625,0.9930774071743234,800,0.9238875878220141,False,1.0,False,0.0034454579872544855,0.98625,False,proxy,20ng-sub7951,7951,0
110,group:sports#t1,This text discusses sports.,proxy-cascade,3399,1386,501,1512,0,1.0,0.99375,0.9968652037617556,800,0.9054669703872438,False,1.0,False,0.003309667023131624,0.99375,False,proxy,20ng-sub7951,7951,0
111,leaf:atheism#t3,This article covers the topic of atheism.,proxy-cascade,5107,3563,592,952,0,1.0,0.975,0.9873417721518987,400,0.9263657957244655,False,1.0,False,0.003431249991990626,0.975,False,proxy,20ng-sub7951,7951,0
112,leaf:Middle East affairs#t2,The passage is related to Middle East affairs.,proxy-cascade,7951,7951,0,0,0,1.0,1.0,1.0,400,,,,,0.004944832995533943,1.0,,proxy,20ng-sub7951,7951,0
113,union:Macintosh hardware|motorcycles#u1,This text discusses either Macintosh hardware or motorcycles.,proxy-cascade,5107,1628,623,2856,0,1.0,0.9875,0.9937106918238994,800,0.9283196239717979,False,1.0,False,0.007333625020692125,0.9875,False,proxy,20ng-sub7951,7951,0
114,union:political debate|religious debate#u0,The document is about political debate or about religious debate.,proxy-cascade,3887,1935,623,1329,0,1.0,0.9613848202396804,0.9803122878479293,751,0.9437908496732026,False,1.0,False,0.0075240000151097775,0.9613848202396804,False,proxy,20ng-sub7951,7951,0
115,leaf:gun control#t3,This article covers the topic of gun control.,proxy-cascade,3782,1166,1194,1422,0,1.0,0.97,0.9847715736040609,400,0.9044289044289044,False,1.0,False,0.00752499999362044,0.97,False,proxy,20ng-sub7951,7951,0
116,leaf:medicine#t2,The passage is related to medicine.,proxy-cascade,3679,1080,1185,1414,0,1.0,0.9925,0.9962358845671266,400,0.9211136890951276,False,1.0,False,0.00668799999402836,0.9925,False,proxy,20ng-sub7951,7951,0
117,group:politics#t1,This text discusses politics.,proxy-cascade,5501,2799,231,2471,0,1.0,0.9966666666666667,0.9983305509181971,1200,0.9300155520995335,False,1.0,False,0.004299208987504244,0.9966666666666667,False,proxy,20ng-sub7951,7951,0
118,group:science#t2,The passage is related to science.,proxy-cascade,5828,3562,152,2114,0,1.0,0.98625,0.9930774071743234,1600,0.9211908931698775,False,1.0,False,0.004450457985512912,0.98625,False,proxy,20ng-sub7951,7951,0
119,group:religion#t0,The document is about religion.,proxy-cascade,5427,2642,248,2537,0,1.0,1.0,1.0,1151,0.927477840451249,False,1.0,False,0.004481791984289885,1.0,False,proxy,20ng-sub7951,7951,0
0,group:motor vehicles#t0,The document is about motor vehicles.,proxy-cascade,6491,1598,475,4418,0,1.0,0.99875,0.9993746091307067,800,0.9131428571428571,False,1.0,False,0.007797166996169835,0.99875,False,proxy,20ng-sub7951,7951,0
1,group:religion#t3,This article covers the topic of religion.,proxy-cascade,3673,1938,315,1420,0,1.0,0.9852302345786272,0.9925601750547046,1151,0.9014308426073132,False,1.0,False,0.006819625006755814,0.9852302345786272,False,proxy,20ng-sub7951,7951,0
2,leaf:religious debate#t0,The document is about religious debate.,proxy-cascade,4932,1074,2848,1010,0,1.0,0.9430199430199431,0.9706744868035191,351,0.9220055710306406,False,1.0,False,0.006833499995991588,0.9430199430199431,False,proxy,20ng-sub7951,7951,0
3,group:politics#t1,This text discusses politics.,proxy-cascade,5108,1934,328,2846,0,1.0,0.9958333333333333,0.9979123173277662,1200,0.9122137404580153,False,1.0,False,0.008205916994484141,0.9958333333333333,False,proxy,20ng-sub7951,7951,0
4,union:gun control|medicine#u0,The document is about gun control or about medicine.,proxy-cascade,5107,1733,528,2846,0,1.0,0.99375,0.9968652037617556,800,0.9158986175115207,False,1.0,False,0.00693454101565294,0.99375,False,proxy,20ng-sub7951,7951,0
5,group:motor vehicles#t0,The document is about motor vehicles.,proxy-cascade,3706,1867,429,1410,0,1.0,0.98375,0.9918084436042848,800,0.9258823529411765,False,1.0,False,0.003494583012070507,0.98375,False,proxy,20ng-sub7951,7951,0
6,group:politics#t1,This text discusses politics.,proxy-cascade,5402,2619,243,2540,0,1.0,0.9966666666666667,0.9983305509181971,1200,0.9228395061728395,False,1.0,False,0.0038391250127460808,0.9966666666666667,False,proxy,20ng-sub7951,7951,0
7,group:religion#t0,The document is about religion.,proxy-cascade,5052,1842,329,2881,0,1.0,0.9973935708079931,0.9986950848194868,1151,0.9295546558704454,False,1.0,False,0.0072105420113075525,0.9973935708079931,False,proxy,20ng-sub7951,7951,0
8,leaf:political debate#t1,This text discusses political debate.,proxy-cascade,5344,1117,1637,2590,0,1.0,0.9925,0.9962358845671266,400,0.9297423887587822,False,1.0,False,0.008593333011958748,0.9925,False,proxy,20ng-sub7951,7951,0
9,group:sports#t1,This text discusses sports.,proxy-cascade,3425,1440,463,1522,0,1.0,0.9925,0.9962358845671266,800,0.9022727272727272,False,1.0,False,0.006774791982024908,0.9925,False,proxy,20ng-sub7951,7951,0
10,group:science#t1,This text discusses science.,proxy-cascade,7951,2985,181,4785,0,1.0,1.0,1.0,1600,1.0,False,1.0,False,0.007651124993572012,1.0,False,proxy,20ng-sub7951,7951,0
11,leaf:hockey#t1,This text discusses hockey.,proxy-cascade,3780,1029,1331,1420,0,1.0,0.9875,0.9937106918238994,400,0.9316037735849056,False,1.0,False,0.00625095798750408,0.9875,False,proxy,20ng-sub7951,7951,0
12,leaf:religious debate#t2,The passage is related to religious debate.,proxy-cascade,4395,1245,1961,1189,0,1.0,0.9715099715099715,0.9855491329479769,351,0.9166666666666666,False,1.0,False,0.006829917023424059,0.9715099715099715,False,proxy,20ng-sub7951,7951,0
13,leaf:political debate#t0,The document is about political debate.,proxy-cascade,7951,7951,0,0,0,1.0,1.0,1.0,400,,,,,0.003669666009955108,1.0,,proxy,20ng-sub7951,7951,0
14,leaf:items for sale#t3,This article covers the topic of items for sale.,proxy-cascade,3931,1073,1541,1317,0,1.0,0.98,0.98989898989899,400,0.9245283018867925,False,1.0,False,0.006680916005279869,0.98,False,proxy,20ng-sub7951,7951,0
15,leaf:Christianity#t3,This article covers the topic of Christianity.,proxy-cascade,4204,1057,1868,1279,0,1.0,0.9825,0.991172761664565,400,0.9401913875598086,False,1.0,False,0.006555041007231921,0.9825,False,proxy,20ng-sub7951,7951,0
16,union:electronics|hockey#u0,The document is about electronics or about hockey.,proxy-cascade,5094,1682,534,2878,0,1.0,0.97125,0.9854153455928979,800,0.9173553719008265,False,1.0,False,0.009114874992519617,0.97125,False,proxy,20ng-sub7951,7951,0
17,group:science#t2,The passage is related to science.,proxy-cascade,4155,2668,210,1277,0,1.0,0.940625,0.9694041867954911,1600,0.9342023587833643,False,1.0,False,0.007323915982851759,0.940625,False,proxy,20ng-sub7951,7951,0
18,group:computers#t1,This text discusses computers.,proxy-cascade,6664,2672,151,3841,0,1.0,0.999,0.9994997498749374,2000,0.919889502762431,False,1.0,False,0.0087867499969434,0.999,False,proxy,20ng-sub7951,7951,0
19,union:Macintosh hardware|items for sale#u1,This text discusses either Macintosh hardware or items for sale.,proxy-cascade,7951,7951,0,0,0,1.0,1.0,1.0,800,,,,,0.0038749590166844428,1.0,,proxy,20ng-sub7951,7951,0
20,group:motor vehicles#t3,This article covers the topic of motor vehicles.,proxy-cascade,4962,1349,613,3000,0,1.0,0.98125,0.9905362776025236,800,0.9235294117647059,False,1.0,False,0.007343125005718321,0.98125,False,proxy,20ng-sub7951,7951,0
21,group:sports#t3,This article covers the topic of sports.,proxy-cascade,3417,1455,457,1505,0,1.0,0.9875,0.9937106918238994,800,0.9261430246189918,False,1.0,False,0.006758542003808543,0.9875,False,proxy,20ng-sub7951,7951,0
22,group:motor vehicles#t3,This article covers the topic of motor vehicles.,proxy-cascade,5716,3176,320,2220,0,1.0,0.9925,0.9962358845671266,800,0.9211136890951276,False,1.0,False,0.003797208017203957,0.9925,False,proxy,20ng-sub7951,7951,0
23,group:motor vehicles#t3,This article covers the topic of motor vehicles.,proxy-cascade,3995,3717,278,0,0,1.0,0.97875,0.9892608970309539,800,0.9211764705882353,False,1.0,False,0.0023876249906606972,0.97875,False,proxy,20ng-sub7951,7951,0
24,union:PC hardware|cryptography#u0,The document is about PC hardware or about cryptography.,proxy-cascade,5033,1459,674,2900,0,1.0,0.97375,0.9867004433185561,800,0.9488428745432399,False,1.0,False,0.008265584008768201,0.97375,False,proxy,20ng-sub7951,7951,0
25,leaf:political debate#t1,This text discusses political debate.,proxy-cascade,4905,4451,454,0,0,1.0,0.995,0.9974937343358395,400,0.9255813953488372,False,1.0,False,0.002050792012596503,0.995,False,proxy,20ng-sub7951,7951,0
26,union:Macintosh hardware|space exploration#u1,This text discusses either Macintosh hardware or space exploration.,proxy-cascade,5081,1540,652,2889,0,1.0,0.97125,0.9854153455928979,800,0.9130434782608695,False,1.0,False,0.006864959024824202,0.97125,False,proxy,20ng-sub7951,7951,0
27,leaf:baseball#t2,The passage is related to baseball.,proxy-cascade,6492,1213,990,4289,0,1.0,0.995,0.9974937343358395,400,0.9277389277389277,False,1.0,False,0.00808729199343361,0.995,False,proxy,20ng-sub7951,7951,0
28,group:computers#t0,The document is about computers.,proxy-cascade,5374,2655,154,2565,0,1.0,0.997,0.99849774661993,2000,0.9240037071362373,False,1.0,False,0.007927666010800749,0.997,False,proxy,20ng-sub7951,7951,0
29,leaf:baseball#t3,This article covers the topic of baseball.,proxy-cascade,5110,1115,1144,2851,0,1.0,0.99,0.9949748743718593,400,0.9,False,1.0,False,0.006851292011560872,0.99,False,proxy,20ng-sub7951,7951,0
30,leaf:electronics#t0,The document is about electronics.,proxy-cascade,4322,1018,2074,1230,0,1.0,0.9625,0.980891719745223,400,0.9367396593673966,False,1.0,False,0.00637562497286126,0.9625,False,proxy,20ng-sub7951,7951,0
31,union:PC hardware|items for sale#u1,This text discusses either PC hardware or items for sale.,proxy-cascade,5087,1636,574,2877,0,1.0,0.99875,0.9993746091307067,800,0.9048697621744054,False,1.0,False,0.007713208004133776,0.99875,False,proxy,20ng-sub7951,7951,0
32,union:computer graphics|motorcycles#u0,The document is about computer graphics or about motorcycles.,proxy-cascade,5061,1565,611,2885,0,1.0,0.9825,0.991172761664565,800,0.9236192714453584,False,1.0,False,0.013303916028235108,0.9825,False,proxy,20ng-sub7951,7951,0
33,union:Macintosh hardware|electronics#u0,The document is about Macintosh hardware or about electronics.,proxy-cascade,6530,1617,627,4286,0,1.0,0.9975,0.9987484355444306,800,0.9311551925320887,False,1.0,False,0.015119292016606778,0.9975,False,proxy,20ng-sub7951,7951,0
34,group:computers#t1,This text discusses computers.,proxy-cascade,4226,2841,141,1244,0,1.0,0.991,0.9954796584630838,2000,0.9257356375525455,False,1.0,False,0.003984334005508572,0.991,False,proxy,20ng-sub7951,7951,0
35,group:religion#t1,This text discusses religion.,proxy-cascade,3492,1638,369,1485,0,1.0,0.9687228496959166,0.9841129744042365,1151,0.9109477124183006,False,1.0,False,0.013566625013481826,0.9687228496959166,False,proxy,20ng-sub7951,7951,0
36,group:computers#t0,The document is about computers.,proxy-cascade,7951,3133,128,4690,0,1.0,1.0,1.0,2000,1.0,False,1.0,False,0.004912541015073657,1.0,False,proxy,20ng-sub7951,7951,0
37,union:Middle East affairs|items for sale#u1,This text discusses either Middle East affairs or items for sale.,proxy-cascade,5023,1571,526,2926,0,1.0,0.98625,0.9930774071743234,800,0.9121387283236995,False,1.0,False,0.007748125004582107,0.98625,False,proxy,20ng-sub7951,7951,0
38,leaf:the Microsoft Windows operating system#t1,This text discusses the Microsoft Windows operating system.,proxy-cascade,3847,1153,1337,1357,0,1.0,0.9725,0.9860583016476552,400,0.9284009546539379,False,1.0,False,0.006007209012750536,0.9725,False,proxy,20ng-sub7951,7951,0
39,group:sports#t2,The passage is related to sports.,proxy-cascade,3419,1438,468,1513,0,1.0,0.98125,0.9905362776025236,800,0.9278959810874704,False,1.0,False,0.0058612090069800615,0.98125,False,proxy,20ng-sub7951,7951,0
40,leaf:motorcycles#t0,The document is about motorcycles.,proxy-cascade,5219,1061,1455,2703,0,1.0,0.99,0.9949748743718593,400,0.9061784897025171,False,1.0,False,0.0067302499955985695,0.99,False,proxy,20ng-sub7951,7951,0
41,group:motor vehicles#t0,The document is about motor vehicles.,proxy-cascade,6527,1822,434,4271,0,1.0,0.9975,0.9987484355444306,800,0.9289871944121071,False,1.0,False,0.004237166984239593,0.9975,False,proxy,20ng-sub7951,7951,0
42,union:Christianity|political debate#u1,This text discusses either Christianity or political debate.,proxy-cascade,5152,1792,566,2794,0,1.0,0.99125,0.9956057752667922,800,0.944047619047619,False,1.0,False,0.006402208004146814,0.99125,False,proxy,20ng-sub7951,7951,0
43,group:motor vehicles#t2,The passage is related to motor vehicles.,proxy-cascade,6466,1520,504,4442,0,1.0,0.9975,0.9987484355444306,800,0.9078498293515358,False,1.0,False,0.006786958983866498,0.9975,False,proxy,20ng-sub7951,7951,0
44,leaf:motorcycles#t2,The passage is related to motorcycles.,proxy-cascade,5269,1030,1544,2695,0,1.0,0.9825,0.991172761664565,400,0.9401913875598086,False,1.0,False,0.006385457993019372,0.9825,False,proxy,20ng-sub7951,7951,0
45,group:motor vehicles#t1,This text discusses motor vehicles.,proxy-cascade,4962,1497,509,2956,0,1.0,0.9825,0.991172761664565,800,0.9024110218140069,False,1.0,False,0.006635958008700982,0.9825,False,proxy,20ng-sub7951,7951,0
46,group:religion#t0,The document is about religion.,proxy-cascade,5396,2602,250,2544,0,1.0,0.9991311902693311,0.9995654063450673,1151,0.9207365892714171,False,1.0,False,0.004038457991555333,0.9991311902693311,False,proxy,20ng-sub7951,7951,0
47,group:sports#t3,This article covers the topic of sports.,proxy-cascade,4951,1470,458,3023,0,1.0,0.995,0.9974937343358395,800,0.9045454545454545,False,1.0,False,0.003902166004991159,0.995,False,proxy,20ng-sub7951,7951,0
48,union:Macintosh hardware|cars#u1,This text discusses either Macintosh hardware or cars.,proxy-cascade,5118,1706,595,2817,0,1.0,0.98375,0.9918084436042848,800,0.9215456674473068,False,1.0,False,0.006565957999555394,0.98375,False,proxy,20ng-sub7951,7951,0
49,leaf:computer graphics#t1,This text discusses computer graphics.,proxy-cascade,5276,1076,1567,2633,0,1.0,0.995,0.9974937343358395,400,0.9408983451536643,False,1.0,False,0.007167749979998916,0.995,False,proxy,20ng-sub7951,7951,0
50,union:atheism|hockey#u1,This text discusses either atheism or hockey.,proxy-cascade,5225,2020,484,2721,0,1.0,0.98875,0.994343180389692,800,0.936094674556213,False,1.0,False,0.006710999994538724,0.98875,False,proxy,20ng-sub7951,7951,0
51,leaf:items for sale#t0,The document is about items for sale.,proxy-cascade,5274,1075,1489,2710,0,1.0,0.9975,0.9987484355444306,400,0.9568345323741008,False,1.0,False,0.00763362500583753,0.9975,False,proxy,20ng-sub7951,7951,0
52,leaf:baseball#t0,The document is about baseball.,proxy-cascade,3710,1090,1191,1429,0,1.0,0.9875,0.9937106918238994,400,0.9228971962616822,False,1.0,False,0.0072189159982372075,0.9875,False,proxy,20ng-sub7951,7951,0
53,union:hockey|motorcycles#u0,The document is about hockey or about motorcycles.,proxy-cascade,3556,1566,517,1473,0,1.0,0.9575,0.9782886334610472,800,0.9352869352869353,False,1.0,False,0.007522125000832602,0.9575,False,proxy,20ng-sub7951,7951,0
54,group:politics#t0,The document is about politics.,proxy-cascade,3835,2174,282,1379,0,1.0,0.9866666666666667,0.9932885906040269,1200,0.9300864100549883,False,1.0,False,0.007283999992068857,0.9866666666666667,False,proxy,20ng-sub7951,7951,0
55,group:motor vehicles#t1,This text discusses motor vehicles.,proxy-cascade,7951,2593,358,5000,0,1.0,1.0,1.0,800,1.0,False,1.0,False,0.003795249998802319,1.0,False,proxy,20ng-sub7951,7951,0
56,leaf:atheism#t3,This article covers the topic of atheism.,proxy-cascade,5420,1197,1641,2582,0,1.0,0.9925,0.9962358845671266,400,0.9341176470588235,False,1.0,False,0.007185334019595757,0.9925,False,proxy,20ng-sub7951,7951,0
57,union:atheism|gun control#u1,This text discusses either atheism or gun control.,proxy-cascade,5141,1761,608,2772,0,1.0,0.99,0.9949748743718593,800,0.9030786773090079,False,1.0,False,0.007350583007792011,0.99,False,proxy,20ng-sub7951,7951,0
58,leaf:cars#t2,The passage is related to cars.,proxy-cascade,5217,1122,1328,2767,0,1.0,0.9825,0.991172761664565,400,0.9312796208530806,False,1.0,False,0.006969083013245836,0.9825,False,proxy,20ng-sub7951,7951,0
59,group:sports#t2,The passage is related to sports.,proxy-cascade,3435,1464,459,1512,0,1.0,0.9825,0.991172761664565,800,0.9003436426116839,False,1.0,False,0.0032358750177081674,0.9825,False,proxy,20ng-sub7951,7951,0
60,group:motor vehicles#t2,The passage is related to motor vehicles.,proxy-cascade,6671,2420,376,3875,0,1.0,0.9975,0.9987484355444306,800,0.9322429906542056,False,1.0,False,0.003964665986131877,0.9975,False,proxy,20ng-sub7951,7951,0
61,group:computers#t0,The document is about computers.,proxy-cascade,6739,2979,134,3626,0,1.0,0.999,0.9994997498749374,2000,0.9220119981541302,False,1.0,False,0.004961290978826582,0.999,False,proxy,20ng-sub7951,7951,0
62,union:medicine|the Microsoft Windows operating system#u0,The document is about medicine or about the Microsoft Windows operating system.,proxy-cascade,6492,1578,572,4342,0,1.0,0.9975,0.9987484355444306,800,0.9399293286219081,False,1.0,False,0.008013124985154718,0.9975,False,proxy,20ng-sub7951,7951,0
63,union:baseball|items for sale#u0,The document is about baseball or about items for sale.,proxy-cascade,5036,1560,536,2940,0,1.0,0.98625,0.9930774071743234,800,0.9415274463007159,False,1.0,False,0.0075812090071849525,0.98625,False,proxy,20ng-sub7951,7951,0
64,union:atheism|medicine#u1,This text discusses either atheism or medicine.,proxy-cascade,6521,1495,717,4309,0,1.0,0.99875,0.9993746091307067,800,0.9557416267942583,False,1.0,False,0.007136541011277586,0.99875,False,proxy,20ng-sub7951,7951,0
65,union:hockey|the X Window System#u1,This text discusses either hockey or the X Window System.,proxy-cascade,4952,1431,538,2983,0,1.0,0.99625,0.9981214777708203,800,0.9108571428571428,False,1.0,False,0.008379457984119654,0.99625,False,proxy,20ng-sub7951,7951,0
66,leaf:cryptography#t0,The document is about cryptography.,proxy-cascade,5154,1086,1278,2790,0,1.0,0.99,0.9949748743718593,400,0.927400468384075,False,1.0,False,0.006936124991625547,0.99,False,proxy,20ng-sub7951,7951,0
67,leaf:motorcycles#t3,This article covers the topic of motorcycles.,proxy-cascade,3806,1108,1302,1396,0,1.0,0.9725,0.9860583016476552,400,0.9110070257611241,False,1.0,False,0.006439332995796576,0.9725,False,proxy,20ng-sub7951,7951,0
68,leaf:hockey#t1,This text discusses hockey.,proxy-cascade,5050,1205,953,2892,0,1.0,0.995,0.9974937343358395,400,0.9299065420560748,False,1.0,False,0.003347417019540444,0.995,False,proxy,20ng-sub7951,7951,0
69,leaf:baseball#t2,The passage is related to baseball.,proxy-cascade,3679,1310,933,1436,0,1.0,0.9875,0.9937106918238994,400,0.9316037735849056,False,1.0,False,0.0035126250004395843,0.9875,False,proxy,20ng-sub7951,7951,0
70,group:motor vehicles#t0,The document is about motor vehicles.,proxy-cascade,6751,2791,344,3616,0,1.0,0.99875,0.9993746091307067,800,0.9007891770011274,False,1.0,False,0.0059610830212477595,0.99875,False,proxy,20ng-sub7951,7951,0
71,leaf:the Microsoft Windows operating system#t2,The passage is related to the Microsoft Windows operating system.,proxy-cascade,5362,1085,1660,2617,0,1.0,0.9875,0.9937106918238994,400,0.947242206235012,False,1.0,False,0.008507499995175749,0.9875,False,proxy,20ng-sub7951,7951,0
72,leaf:motorcycles#t2,The passage is related to motorcycles.,proxy-cascade,6598,1525,958,4115,0,1.0,0.9975,0.9987484355444306,400,0.9151376146788991,False,1.0,False,0.004349625000031665,0.9975,False,proxy,20ng-sub7951,7951,0
73,group:sports#t2,The passage is related to sports.,proxy-cascade,3595,1730,412,1453,0,1.0,0.9825,0.991172761664565,800,0.9225352112676056,False,1.0,False,0.003458874998614192,0.9825,False,proxy,20ng-sub7951,7951,0
74,union:Macintosh hardware|electronics#u1,This text discusses either Macintosh hardware or electronics.,proxy-cascade,5279,2121,445,2713,0,1.0,0.99625,0.9981214777708203,800,0.9387514723203769,False,1.0,False,0.007919416995719075,0.99625,False,proxy,20ng-sub7951,7951,0
75,leaf:Christianity#t3,This article covers the topic of Christianity.,proxy-cascade,3818,1404,1017,1397,0,1.0,0.9825,0.991172761664565,400,0.9379474940334129,False,1.0,False,0.003345959004946053,0.9825,False,proxy,20ng-sub7951,7951,0
76,group:sports#t2,The passage is related to sports.,proxy-cascade,3436,1493,443,1500,0,1.0,0.985,0.9924433249370278,800,0.9237983587338804,False,1.0,False,0.0032784169889055192,0.985,False,proxy,20ng-sub7951,7951,0
77,leaf:religious debate#t3,This article covers the topic of religious debate.,proxy-cascade,5776,1123,2472,2181,0,1.0,0.9971509971509972,0.9985734664764622,351,0.9722222222222222,False,1.0,False,0.008304834016598761,0.9971509971509972,False,proxy,20ng-sub7951,7951,0
78,union:atheism|baseball#u1,This text discusses either atheism or baseball.,proxy-cascade,5096,1667,570,2859,0,1.0,0.99125,0.9956057752667922,800,0.944047619047619,False,1.0,False,0.007304708007723093,0.99125,False,proxy,20ng-sub7951,7951,0
79,leaf:items for sale#t2,The passage is related to items for sale.,proxy-cascade,5194,1119,1354,2721,0,1.0,0.995,0.9974937343358395,400,0.9498806682577565,False,1.0,False,0.006404832995031029,0.995,False,proxy,20ng-sub7951,7951,0
80,union:Macintosh hardware|religious debate#u0,The document is about Macintosh hardware or about religious debate.,proxy-cascade,6605,1822,693,4090,0,1.0,0.9786950732356857,0.9892328398384926,751,0.9363057324840764,False,1.0,False,0.008131041977321729,0.9786950732356857,False,proxy,20ng-sub7951,7951,0
81,group:motor vehicles#t1,This text discusses motor vehicles.,proxy-cascade,3670,1785,439,1446,0,1.0,0.98125,0.9905362776025236,800,0.903337169159954,False,1.0,False,0.003100625006482005,0.98125,False,proxy,20ng-sub7951,7951,0
82,leaf:cars#t0,The document is about cars.,proxy-cascade,3969,1054,1608,1307,0,1.0,0.9575,0.9782886334610472,400,0.9251207729468599,False,1.0,False,0.007052417000522837,0.9575,False,proxy,20ng-sub7951,7951,0
83,leaf:PC hardware#t0,The document is about PC hardware.,proxy-cascade,4019,1217,1470,1332,0,1.0,0.955,0.9769820971867007,400,0.9227053140096618,False,1.0,False,0.007081208023009822,0.955,False,proxy,20ng-sub7951,7951,0
84,group:religion#t2,The passage is related to religion.,proxy-cascade,5151,2045,299,2807,0,1.0,0.9921807124239791,0.9960750109027474,1151,0.9307253463732681,False,1.0,False,0.007316542003536597,0.9921807124239791,False,proxy,20ng-sub7951,7951,0
85,union:Christianity|hockey#u0,The document is about Christianity or about hockey.,proxy-cascade,3546,1520,564,1462,0,1.0,0.96625,0.9828353464717101,800,0.914792899408284,False,1.0,False,0.00623229201301001,0.96625,False,proxy,20ng-sub7951,7951,0
86,group:religion#t0,The document is about religion.,proxy-cascade,5327,2436,262,2629,0,1.0,0.998262380538662,0.9991304347826088,1151,0.9266129032258065,False,1.0,False,0.00376512500224635,0.998262380538662,False,proxy,20ng-sub7951,7951,0
87,union:atheism|computer graphics#u1,This text discusses either atheism or computer graphics.,proxy-cascade,6549,1659,686,4204,0,1.0,0.9875,0.9937106918238994,800,0.9186046511627907,False,1.0,False,0.007620415999554098,0.9875,False,proxy,20ng-sub7951,7951,0
88,union:motorcycles|political debate#u1,This text discusses either motorcycles or political debate.,proxy-cascade,5068,1559,636,2873,0,1.0,0.98375,0.9918084436042848,800,0.9258823529411765,False,1.0,False,0.006856082996819168,0.98375,False,proxy,20ng-sub7951,7951,0
89,group:motor vehicles#t0,The document is about motor vehicles.,proxy-cascade,5222,2063,403,2756,0,1.0,0.99625,0.9981214777708203,800,0.9036281179138322,False,1.0,False,0.0035419580235611647,0.99625,False,proxy,20ng-sub7951,7951,0
90,union:PC hardware|political debate#u0,The document is about PC hardware or about political debate.,proxy-cascade,6590,1760,681,4149,0,1.0,0.9925,0.9962358845671266,800,0.926487747957993,False,1.0,False,0.007039125019218773,0.9925,False,proxy,20ng-sub7951,7951,0
91,leaf:Macintosh hardware#t0,The document is about Macintosh hardware.,proxy-cascade,4273,1098,1907,1268,0,1.0,0.9775,0.988621997471555,400,0.9071925754060325,False,1.0,False,0.006913666991749778,0.9775,False,proxy,20ng-sub7951,7951,0
92,leaf:items for sale#t1,This text discusses items for sale.,proxy-cascade,3937,1081,1500,1356,0,1.0,0.975,0.9873417721518987,400,0.9558823529411765,False,1.0,False,0.04879941701074131,0.975,False,proxy,20ng-sub7951,7951,0
93,leaf:the Microsoft Windows operating system#t0,The document is about the Microsoft Windows operating system.,proxy-cascade,5326,1107,1581,2638,0,1.0,0.99,0.9949748743718593,400,0.9588377723970944,False,1.0,False,0.007024416991043836,0.99,False,proxy,20ng-sub7951,7951,0
94,leaf:the Microsoft Windows operating system#t1,This text discusses the Microsoft Windows operating system.,proxy-cascade,6045,3558,577,1910,0,1.0,1.0,1.0,400,0.9259259259259259,False,1.0,False,0.0031207919819280505,1.0,False,proxy,20ng-sub7951,7951,0
95,group:computers#t3,This article covers the topic of computers.,proxy-cascade,4114,2674,153,1287,0,1.0,0.9875,0.9937106918238994,2000,0.9038901601830663,False,1.0,False,0.006450541986851022,0.9875,False,proxy,20ng-sub7951,7951,0
96,leaf:PC hardware#t1,This text discusses PC hardware.,proxy-cascade,4048,1251,1507,1290,0,1.0,0.9725,0.9860583016476552,400,0.9004629629629629,False,1.0,False,0.0054681249894201756,0.9725,False,proxy,20ng-sub7951,7951,0
97,leaf:cars#t2,The passage is related to cars.,proxy-cascade,3823,1454,985,1384,0,1.0,0.965,0.9821882951653944,400,0.908235294117647,False,1.0,False,0.0030510000069625676,0.965,False,proxy,20ng-sub7951,7951,0
98,union:Christianity|items for sale#u0,The document is about Christianity or about items for sale.,proxy-cascade,5056,1545,628,2883,0,1.0,0.97625,0.9879822896900696,800,0.9060324825986079,False,1.0,False,0.006828958023106679,0.97625,False,proxy,20ng-sub7951,7951,0
99,group:politics#t2,The passage is related to politics.,proxy-cascade,5099,1914,324,2861,0,1.0,0.9933333333333333,0.9966555183946488,1200,0.9371069182389937,False,1.0,False,0.0071505420200992376,0.9933333333333333,False,proxy,20ng-sub7951,7951,0
100,leaf:gun control#t2,The passage is related to gun control.,proxy-cascade,3920,1060,1505,1355,0,1.0,0.955,0.9769820971867007,400,0.9227053140096618,False,1.0,False,0.006199541996465996,0.955,False,proxy,20ng-sub7951,7951,0
101,union:Middle East affairs|items for sale#u1,This text discusses either Middle East affairs or items for sale.,proxy-cascade,4801,3451,299,1051,0,1.0,0.9825,0.991172761664565,800,0.9225352112676056,False,1.0,False,0.0028487499803304672,0.9825,False,proxy,20ng-sub7951,7951,0
102,leaf:computer graphics#t3,This article covers the topic of computer graphics.,proxy-cascade,5267,1110,1433,2724,0,1.0,0.99,0.9949748743718593,400,0.9565217391304348,False,1.0,False,0.0064649170089978725,0.99,False,proxy,20ng-sub7951,7951,0
103,leaf:religious debate#t3,This article covers the topic of religious debate.,proxy-cascade,4820,3014,769,1037,0,1.0,0.9914529914529915,0.9957081545064378,351,0.928,False,1.0,False,0.002650917012942955,0.9914529914529915,False,proxy,20ng-sub7951,7951,0
104,leaf:atheism#t3,This article covers the topic of atheism.,proxy-cascade,3971,3361,610,0,0,1.0,0.9725,0.9860583016476552,400,0.9239904988123515,False,1.0,False,0.002062042010948062,0.9725,False,proxy,20ng-sub7951,7951,0
105,group:religion#t1,This text discusses religion.,proxy-cascade,6538,2013,297,4228,0,1.0,1.0,1.0,1151,0.927477840451249,False,1.0,False,0.004239084024447948,1.0,False,proxy,20ng-sub7951,7951,0
106,union:hockey|items for sale#u0,The document is about hockey or about items for sale.,proxy-cascade,3511,1480,551,1480,0,1.0,0.9725,0.9860583016476552,800,0.9384800965018094,False,1.0,False,0.0058097500004805624,0.9725,False,proxy,20ng-sub7951,7951,0
107,group:motor vehicles#t0,The document is about motor vehicles.,proxy-cascade,4627,3213,311,1103,0,1.0,0.99125,0.9956057752667922,800,0.9210220673635308,False,1.0,False,0.0031654169724788517,0.99125,False,proxy,20ng-sub7951,7951,0
108,union:space exploration|the Microsoft Windows operating system#u1,This text discusses either space exploration or the Microsoft Windows operating system.,proxy-cascade,6493,1519,680,4294,0,1.0,0.995,0.9974937343358395,800,0.9234338747099768,False,1.0,False,0.0068262080021668226,0.995,False,proxy,20ng-sub7951,7951,0
109,group:sports#t2,The passage is related to sports.,proxy-cascade,4942,1415,489,3038,0,1.0,0.99375,0.9968652037617556,800,0.9352941176470588,False,1.0,False,0.0036177920119371265,0.99375,False,proxy,20ng-sub7951,7951,0
110,group:sports#t1,This text discusses sports.,proxy-cascade,3421,1472,451,1498,0,1.0,0.99125,0.9956057752667922,800,0.9242424242424242,False,1.0,False,0.0030679999908898026,0.99125,False,proxy,20ng-sub7951,7951,0
111,leaf:atheism#t3,This article covers the topic of atheism.,proxy-cascade,5612,2459,773,2380,0,1.0,0.9975,0.9987484355444306,400,0.908883826879271,False,1.0,False,0.003245041996706277,0.9975,False,proxy,20ng-sub7951,7951,0
112,leaf:Middle East affairs#t2,The passage is related to Middle East affairs.,proxy-cascade,3647,1123,1070,1454,0,1.0,0.9875,0.9937106918238994,400,0.9143518518518519,False,1.0,False,0.006147291976958513,0.9875,False,proxy,20ng-sub7951,7951,0
113,union:Macintosh hardware|motorcycles#u1,This text discusses either Macintosh hardware or motorcycles.,proxy-cascade,5119,1666,591,2862,0,1.0,0.97625,0.9879822896900696,800,0.9081395348837209,False,1.0,False,0.007274834002600983,0.97625,False,proxy,20ng-sub7951,7951,0
114,union:political debate|religious debate#u0,The document is about political debate or about religious debate.,proxy-cascade,5199,1831,645,2723,0,1.0,0.9973368841544608,0.9986666666666667,751,0.9457070707070707,False,1.0,False,0.007420334004564211,0.9973368841544608,False,proxy,20ng-sub7951,7951,0
115,leaf:gun control#t3,This article covers the topic of gun control.,proxy-cascade,4138,1051,1786,1301,0,1.0,0.9525,0.9756722151088347,400,0.9477611940298507,False,1.0,False,0.005996499996399507,0.9525,False,proxy,20ng-sub7951,7951,0
116,leaf:medicine#t2,The passage is related to medicine.,proxy-cascade,3756,1049,1289,1418,0,1.0,0.985,0.9924433249370278,400,0.9120370370370371,False,1.0,False,0.0073252499860245734,0.985,False,proxy,20ng-sub7951,7951,0
117,group:politics#t1,This text discusses politics.,proxy-cascade,4344,2921,223,1200,0,1.0,0.9916666666666667,0.99581589958159,1200,0.9217660728117738,False,1.0,False,0.003262292011640966,0.9916666666666667,False,proxy,20ng-sub7951,7951,0
118,group:science#t2,The passage is related to science.,proxy-cascade,5912,3714,146,2052,0,1.0,0.98625,0.9930774071743234,1600,0.9309734513274336,False,1.0,False,0.003911417006747797,0.98625,False,proxy,20ng-sub7951,7951,0
119,group:religion#t0,The document is about religion.,proxy-cascade,5389,2584,252,2553,0,1.0,0.998262380538662,0.9991304347826088,1151,0.9221508828250401,False,1.0,False,0.0036837499937973917,0.998262380538662,False,proxy,20ng-sub7951,7951,0
0,group:motor vehicles#t0,The document is about motor vehicles.,proxy-cascade,6491,1598,475,4418,0,1.0,0.99875,0.9993746091307067,800,0.9131428571428571,False,1.0,False,0.008226042002206668,0.99875,False,proxy,20ng-sub7951,7951,0
1,group:religion#t3,This article covers the topic of religion.,proxy-cascade,3673,1938,315,1420,0,1.0,0.9852302345786272,0.9925601750547046,1151,0.9014308426073132,False,1.0,False,0.0070166250225156546,0.9852302345786272,False,proxy,20ng-sub7951,7951,0
2,leaf:religious debate#t0,The document is about religious debate.,proxy-cascade,4932,1074,2848,1010,0,1.0,0.9430199430199431,0.9706744868035191,351,0.9220055710306406,False,1.0,False,0.007983374991454184,0.9430199430199431,False,proxy,20ng-sub7951,7951,0
3,group:politics#t1,This text discusses politics.,proxy-cascade,5108,1934,328,2846,0,1.0,0.9958333333333333,0.9979123173277662,1200,0.9122137404580153,False,1.0,False,0.00833329200395383,0.9958333333333333,False,proxy,20ng-sub7951,7951,0
4,union:gun control|medicine#u0,The document is about gun control or about medicine.,proxy-cascade,5107,1733,528,2846,0,1.0,0.99375,0.9968652037617556,800,0.9158986175115207,False,1.0,False,0.007256374985445291,0.99375,False,proxy,20ng-sub7951,7951,0
5,group:motor vehicles#t0,The document is about motor vehicles.,proxy-cascade,3706,1867,429,1410,0,1.0,0.98375,0.9918084436042848,800,0.9258823529411765,False,1.0,False,0.0032146669982466847,0.98375,False,proxy,20ng-sub7951,7951,0
6,group:politics#t1,This text discusses politics.,proxy-cascade,5402,2619,243,2540,0,1.0,0.9966666666666667,0.9983305509181971,1200,0.9228395061728395,False,1.0,False,0.003727417002664879,0.9966666666666667,False,proxy,20ng-sub7951,7951,0
7,group:religion#t0,The document is about religion.,proxy-cascade,5052,1842,329,2881,0,1.0,0.9973935708079931,0.9986950848194868,1151,0.9295546558704454,False,1.0,False,0.007995916006620973,0.9973935708079931,False,proxy,20ng-sub7951,7951,0
8,leaf:political debate#t1,This text discusses political debate.,proxy-cascade,5344,1117,1637,2590,0,1.0,0.9925,0.9962358845671266,400,0.9297423887587822,False,1.0,False,0.007217458012746647,0.9925,False,proxy,20ng-sub7951,7951,0
9,group:sports#t1,This text discusses sports.,proxy-cascade,3425,1440,463,1522,0,1.0,0.9925,0.9962358845671266,800,0.9022727272727272,False,1.0,False,0.006051542004570365,0.9925,False,proxy,20ng-sub7951,7951,0
10,group:science#t1,This text discusses science.,proxy-cascade,7951,2985,181,4785,0,1.0,1.0,1.0,1600,1.0,False,1.0,False,0.007229249982628971,1.0,False,proxy,20ng-sub7951,7951,0
11,leaf:hockey#t1,This text discusses hockey.,proxy-cascade,7951,7951,0,0,0,1.0,1.0,1.0,400,,,,,0.0037617920024786144,1.0,,proxy,20ng-sub7951,7951,0
12,leaf:religious debate#t2,The passage is related to religious debate.,proxy-cascade,5630,1147,2135,2348,0,1.0,0.9971509971509972,0.9985734664764622,351,0.9358288770053476,False,1.0,False,0.006791791005525738,0.9971509971509972,False,proxy,20ng-sub7951,7951,0
13,leaf:political debate#t0,The document is about political debate.,proxy-cascade,5250,1228,1323,2699,0,1.0,0.995,0.9974937343358395,400,0.9521531100478469,False,1.0,False,0.00704425000003539,0.995,False,proxy,20ng-sub7951,7951,0
14,leaf:items for sale#t3,This article covers the topic of items for sale.,proxy-cascade,7951,7951,0,0,0,1.0,1.0,1.0,400,,,,,0.0035514160117600113,1.0,,proxy,20ng-sub7951,7951,0
15,leaf:Christianity#t3,This article covers the topic of Christianity.,proxy-cascade,3983,1162,1495,1326,0,1.0,0.975,0.9873417721518987,400,0.9112149532710281,False,1.0,False,0.0062317909905686975,0.975,False,proxy,20ng-sub7951,7951,0
16,union:electronics|hockey#u0,The document is about electronics or about hockey.,proxy-cascade,5018,1470,648,2900,0,1.0,0.96875,0.9841269841269841,800,0.9043173862310385,False,1.0,False,0.007028208987321705,0.96875,False,proxy,20ng-sub7951,7951,0
17,group:science#t2,The passage is related to science.,proxy-cascade,6761,2962,181,3618,0,1.0,0.99625,0.9981214777708203,1600,0.9443127962085308,False,1.0,False,0.008572833001380786,0.99625,False,proxy,20ng-sub7951,7951,0
18,group:computers#t1,This text discusses computers.,proxy-cascade,4209,2821,141,1247,0,1.0,0.991,0.9954796584630838,2000,0.9244402985074627,False,1.0,False,0.006222208990948275,0.991,False,proxy,20ng-sub7951,7951,0
19,union:Macintosh hardware|items for sale#u1,This text discusses either Macintosh hardware or items for sale.,proxy-cascade,3714,1815,491,1408,0,1.0,0.98125,0.9905362776025236,800,0.9345238095238095,False,1.0,False,0.007436291984049603,0.98125,False,proxy,20ng-sub7951,7951,0
20,group:motor vehicles#t3,This article covers the topic of motor vehicles.,proxy-cascade,3514,1549,492,1473,0,1.0,0.9725,0.9860583016476552,800,0.930622009569378,False,1.0,False,0.006547875003889203,0.9725,False,proxy,20ng-sub7951,7951,0
21,group:sports#t3,This article covers the topic of sports.,proxy-cascade,7951,1484,447,6020,0,1.0,1.0,1.0,800,1.0,False,1.0,False,0.00667754199821502,1.0,False,proxy,20ng-sub7951,7951,0
22,group:motor vehicles#t3,This article covers the topic of motor vehicles.,proxy-cascade,6536,1878,423,4235,0,1.0,0.99375,0.9968652037617556,800,0.9254947613504074,False,1.0,False,0.003923916985513642,0.99375,False,proxy,20ng-sub7951,7951,0
23,group:motor vehicles#t3,This article covers the topic of motor vehicles.,proxy-cascade,6685,2477,367,3841,0,1.0,0.995,0.9974937343358395,800,0.9320843091334895,False,1.0,False,0.0037477079895325005,0.995,False,proxy,20ng-sub7951,7951,0
24,union:PC hardware|cryptography#u0,The document is about PC hardware or about cryptography.,proxy-cascade,5091,1674,578,2839,0,1.0,0.98125,0.9905362776025236,800,0.9181286549707602,False,1.0,False,0.00798616700922139,0.98125,False,proxy,20ng-sub7951,7951,0
25,leaf:political debate#t1,This text discusses political debate.,proxy-cascade,3966,1666,982,1318,0,1.0,0.975,0.9873417721518987,400,0.935251798561151,False,1.0,False,0.0029684589826501906,0.975,False,proxy,20ng-sub7951,7951,0
26,union:Macintosh hardware|space exploration#u1,This text discusses either Macintosh hardware or space exploration.,proxy-cascade,6579,1985,527,4067,0,1.0,0.99375,0.9968652037617556,800,0.9363957597173145,False,1.0,False,0.00794691700139083,0.99375,False,proxy,20ng-sub7951,7951,0
27,leaf:baseball#t2,The passage is related to baseball.,proxy-cascade,3780,1057,1326,1397,0,1.0,0.985,0.9924433249370278,400,0.9292452830188679,False,1.0,False,0.006051166012184694,0.985,False,proxy,20ng-sub7951,7951,0
28,group:computers#t0,The document is about computers.,proxy-cascade,4057,2594,158,1305,0,1.0,0.988,0.993963782696177,2000,0.9047619047619048,False,1.0,False,0.006557582993991673,0.988,False,proxy,20ng-sub7951,7951,0
29,leaf:baseball#t3,This article covers the topic of baseball.,proxy-cascade,3676,1093,1159,1424,0,1.0,0.9875,0.9937106918238994,400,0.9427207637231504,False,1.0,False,0.006750291999196634,0.9875,False,proxy,20ng-sub7951,7951,0
30,leaf:electronics#t0,The document is about electronics.,proxy-cascade,5782,958,2662,2162,0,1.0,0.99,0.9949748743718593,400,0.9295774647887324,False,1.0,False,0.006874749989947304,0.99,False,proxy,20ng-sub7951,7951,0
31,union:PC hardware|items for sale#u1,This text discusses either PC hardware or items for sale.,proxy-cascade,3676,1656,584,1436,0,1.0,0.965,0.9821882951653944,800,0.9029239766081871,False,1.0,False,0.007070124993333593,0.965,False,proxy,20ng-sub7951,7951,0
32,union:computer graphics|motorcycles#u0,The document is about computer graphics or about motorcycles.,proxy-cascade,5050,1368,772,2910,0,1.0,0.97125,0.9854153455928979,800,0.9098360655737705,False,1.0,False,0.0065605420095380396,0.97125,False,proxy,20ng-sub7951,7951,0
33,union:Macintosh hardware|electronics#u0,The document is about Macintosh hardware or about electronics.,proxy-cascade,5147,1797,569,2781,0,1.0,0.98625,0.9930774071743234,800,0.9415274463007159,False,1.0,False,0.006764874997315928,0.98625,False,proxy,20ng-sub7951,7951,0
34,group:computers#t1,This text discusses computers.,proxy-cascade,7951,2848,139,4964,0,1.0,1.0,1.0,2000,1.0,False,1.0,False,0.004371624992927536,1.0,False,proxy,20ng-sub7951,7951,0
35,group:religion#t1,This text discusses religion.,proxy-cascade,3601,1814,333,1454,0,1.0,0.9713292788879235,0.9854561480828559,1151,0.932443703085905,False,1.0,False,0.006265083007747307,0.9713292788879235,False,proxy,20ng-sub7951,7951,0
36,group:computers#t0,The document is about computers.,proxy-cascade,4398,3087,129,1182,0,1.0,0.992,0.9959839357429718,2000,0.9210770659238626,False,1.0,False,0.0034497080196160823,0.992,False,proxy,20ng-sub7951,7951,0
37,union:Middle East affairs|items for sale#u1,This text discusses either Middle East affairs or items for sale.,proxy-cascade,5002,1464,576,2962,0,1.0,0.98625,0.9930774071743234,800,0.9017142857142857,False,1.0,False,0.006408584013115615,0.98625,False,proxy,20ng-sub7951,7951,0
38,leaf:the Microsoft Windows operating system#t1,This text discusses the Microsoft Windows operating system.,proxy-cascade,5279,1118,1492,2669,0,1.0,0.9875,0.9937106918238994,400,0.9228971962616822,False,1.0,False,0.007565207983134314,0.9875,False,proxy,20ng-sub7951,7951,0
39,group:sports#t2,The passage is related to sports.,proxy-cascade,3425,1447,461,1517,0,1.0,0.98625,0.9930774071743234,800,0.928235294117647,False,1.0,False,0.006020291999448091,0.98625,False,proxy,20ng-sub7951,7951,0
40,leaf:motorcycles#t0,The document is about motorcycles.,proxy-cascade,3757,1203,1164,1390,0,1.0,0.97,0.9847715736040609,400,0.9002320185614849,False,1.0,False,0.006175165995955467,0.97,False,proxy,20ng-sub7951,7951,0
41,group:motor vehicles#t0,The document is about motor vehicles.,proxy-cascade,4055,2376,377,1302,0,1.0,0.9875,0.9937106918238994,800,0.9250585480093677,False,1.0,False,0.0027861249982379377,0.9875,False,proxy,20ng-sub7951,7951,0
42,union:Christianity|political debate#u1,This text discusses either Christianity or political debate.,proxy-cascade,5170,1882,513,2775,0,1.0,0.99625,0.9981214777708203,800,0.9387514723203769,False,1.0,False,0.006039500003680587,0.99625,False,proxy,20ng-sub7951,7951,0
43,group:motor vehicles#t2,The passage is related to motor vehicles.,proxy-cascade,3481,1457,533,1491,0,1.0,0.96625,0.9828353464717101,800,0.9104829210836278,False,1.0,False,0.006033374986145645,0.96625,False,proxy,20ng-sub7951,7951,0
44,leaf:motorcycles#t2,The passage is related to motorcycles.,proxy-cascade,5205,1090,1365,2750,0,1.0,0.99,0.9949748743718593,400,0.9317647058823529,False,1.0,False,0.021826500014867634,0.99,False,proxy,20ng-sub7951,7951,0
45,group:motor vehicles#t1,This text discusses motor vehicles.,proxy-cascade,4980,1537,502,2941,0,1.0,0.99,0.9949748743718593,800,0.9306698002350177,False,1.0,False,0.006909166986588389,0.99,False,proxy,20ng-sub7951,7951,0
46,group:religion#t0,The document is about religion.,proxy-cascade,3769,2081,295,1393,0,1.0,0.9782797567332754,0.9890206411945542,1151,0.9275123558484349,False,1.0,False,0.013147707999451086,0.9782797567332754,False,proxy,20ng-sub7951,7951,0
47,group:sports#t3,This article covers the topic of sports.,proxy-cascade,2473,2089,384,0,0,1.0,0.985,0.9924433249370278,800,0.9216374269005848,False,1.0,False,0.0023898330109659582,0.985,False,proxy,20ng-sub7951,7951,0
48,union:Macintosh hardware|cars#u1,This text discusses either Macintosh hardware or cars.,proxy-cascade,5202,1925,511,2766,0,1.0,0.9825,0.991172761664565,800,0.9171528588098017,False,1.0,False,0.011322083009872586,0.9825,False,proxy,20ng-sub7951,7951,0
49,leaf:computer graphics#t1,This text discusses computer graphics.,proxy-cascade,4015,1043,1678,1294,0,1.0,0.95,0.9743589743589743,400,0.9156626506024096,False,1.0,False,0.006285084004048258,0.95,False,proxy,20ng-sub7951,7951,0
50,union:atheism|hockey#u1,This text discusses either atheism or hockey.,proxy-cascade,5086,1602,598,2886,0,1.0,0.9925,0.9962358845671266,800,0.926487747957993,False,1.0,False,0.005898750008782372,0.9925,False,proxy,20ng-sub7951,7951,0
51,leaf:items for sale#t0,The document is about items for sale.,proxy-cascade,5139,1212,1128,2799,0,1.0,0.99,0.9949748743718593,400,0.9406175771971497,False,1.0,False,0.0061330410244408995,0.99,False,proxy,20ng-sub7951,7951,0
52,leaf:baseball#t0,The document is about baseball.,proxy-cascade,3689,1073,1206,1410,0,1.0,0.9925,0.9962358845671266,400,0.9043280182232346,False,1.0,False,0.0059129580040462315,0.9925,False,proxy,20ng-sub7951,7951,0
53,union:hockey|motorcycles#u0,The document is about hockey or about motorcycles.,proxy-cascade,5011,1567,522,2922,0,1.0,0.99375,0.9968652037617556,800,0.9352941176470588,False,1.0,False,0.0063169170171022415,0.99375,False,proxy,20ng-sub7951,7951,0
54,group:politics#t0,The document is about politics.,proxy-cascade,3685,1932,324,1429,0,1.0,0.9758333333333333,0.9877688738928722,1200,0.9105754276827371,False,1.0,False,0.006179250020068139,0.9758333333333333,False,proxy,20ng-sub7951,7951,0
55,group:motor vehicles#t1,This text discusses motor vehicles.,proxy-cascade,5114,1824,435,2855,0,1.0,0.99125,0.9956057752667922,800,0.9031890660592256,False,1.0,False,0.0032657920091878623,0.99125,False,proxy,20ng-sub7951,7951,0
56,leaf:atheism#t3,This article covers the topic of atheism.,proxy-cascade,5379,1301,1477,2601,0,1.0,0.9825,0.991172761664565,400,0.9585365853658536,False,1.0,False,0.006287500000325963,0.9825,False,proxy,20ng-sub7951,7951,0
57,union:atheism|gun control#u1,This text discusses either atheism or gun control.,proxy-cascade,3756,1751,610,1395,0,1.0,0.93125,0.964401294498382,800,0.9030303030303031,False,1.0,False,0.006086167006287724,0.93125,False,proxy,20ng-sub7951,7951,0
58,leaf:cars#t2,The passage is related to cars.,proxy-cascade,5327,1029,1651,2647,0,1.0,0.9825,0.991172761664565,400,0.9312796208530806,False,1.0,False,0.007474415993783623,0.9825,False,proxy,20ng-sub7951,7951,0
59,group:sports#t2,The passage is related to sports.,proxy-cascade,3449,1514,438,1497,0,1.0,0.9875,0.9937106918238994,800,0.9239766081871345,False,1.0,False,0.0031271660118363798,0.9875,False,proxy,20ng-sub7951,7951,0
60,group:motor vehicles#t2,The passage is related to motor vehicles.,proxy-cascade,5257,2173,397,2687,0,1.0,0.99375,0.9968652037617556,800,0.9244186046511628,False,1.0,False,0.0034473749983590096,0.99375,False,proxy,20ng-sub7951,7951,0
61,group:computers#t0,The document is about computers.,proxy-cascade,4291,2937,136,1218,0,1.0,0.9915,0.9957318604067287,2000,0.9227547696603071,False,1.0,False,0.0036745409888681024,0.9915,False,proxy,20ng-sub7951,7951,0
62,union:medicine|the Microsoft Windows operating system#u0,The document is about medicine or about the Microsoft Windows operating system.,proxy-cascade,5053,1590,588,2875,0,1.0,0.975,0.9873417721518987,800,0.9176470588235294,False,1.0,False,0.0067965000052936375,0.975,False,proxy,20ng-sub7951,7951,0
63,union:baseball|items for sale#u0,The document is about baseball or about items for sale.,proxy-cascade,5038,1623,496,2919,0,1.0,0.985,0.9924433249370278,800,0.9347568208778173,False,1.0,False,0.006239124981220812,0.985,False,proxy,20ng-sub7951,7951,0
64,union:atheism|medicine#u1,This text discusses either atheism or medicine.,proxy-cascade,5097,1692,588,2817,0,1.0,0.98625,0.9930774071743234,800,0.9185098952270081,False,1.0,False,0.006200125004397705,0.98625,False,proxy,20ng-sub7951,7951,0
65,union:hockey|the X Window System#u1,This text discusses either hockey or the X Window System.,proxy-cascade,4945,1395,562,2988,0,1.0,0.98875,0.994343180389692,800,0.9383155397390273,False,1.0,False,0.007368458987912163,0.98875,False,proxy,20ng-sub7951,7951,0
66,leaf:cryptography#t0,The document is about cryptography.,proxy-cascade,5141,1063,1277,2801,0,1.0,0.98,0.98989898989899,400,0.9468599033816425,False,1.0,False,0.0073582089971750975,0.98,False,proxy,20ng-sub7951,7951,0
67,leaf:motorcycles#t3,This article covers the topic of motorcycles.,proxy-cascade,3903,1026,1545,1332,0,1.0,0.975,0.9873417721518987,400,0.9241706161137441,False,1.0,False,0.0074155000038445,0.975,False,proxy,20ng-sub7951,7951,0
68,leaf:hockey#t1,This text discusses hockey.,proxy-cascade,6586,1666,829,4091,0,1.0,1.0,1.0,400,0.9259259259259259,False,1.0,False,0.003659415990114212,1.0,False,proxy,20ng-sub7951,7951,0
69,leaf:baseball#t2,The passage is related to baseball.,proxy-cascade,7951,7951,0,0,0,1.0,1.0,1.0,400,,,,,0.00034483399940654635,1.0,,proxy,20ng-sub7951,7951,0
70,group:motor vehicles#t0,The document is about motor vehicles.,proxy-cascade,7951,2674,354,4923,0,1.0,1.0,1.0,800,1.0,False,1.0,False,0.0033781670208554715,1.0,False,proxy,20ng-sub7951,7951,0
71,leaf:the Microsoft Windows operating system#t2,The passage is related to the Microsoft Windows operating system.,proxy-cascade,5313,1117,1558,2638,0,1.0,0.9975,0.9987484355444306,400,0.9151376146788991,False,1.0,False,0.007252042007166892,0.9975,False,proxy,20ng-sub7951,7951,0
72,leaf:motorcycles#t2,The passage is related to motorcycles.,proxy-cascade,4173,2147,796,1230,0,1.0,0.9825,0.991172761664565,400,0.9247058823529412,False,1.0,False,0.0029234169924166054,0.9825,False,proxy,20ng-sub7951,7951,0
73,group:sports#t2,The passage is related to sports.,proxy-cascade,5497,2695,342,2460,0,1.0,0.99875,0.9993746091307067,800,0.923699421965318,False,1.0,False,0.003339834016514942,0.99875,False,proxy,20ng-sub7951,7951,0
74,union:Macintosh hardware|electronics#u1,This text discusses either Macintosh hardware or electronics.,proxy-cascade,5121,1506,762,2853,0,1.0,0.98625,0.9930774071743234,800,0.9131944444444444,False,1.0,False,0.006986792024690658,0.98625,False,proxy,20ng-sub7951,7951,0
75,leaf:Christianity#t3,This article covers the topic of Christianity.,proxy-cascade,4013,1851,841,1321,0,1.0,0.9775,0.988621997471555,400,0.9009216589861752,False,1.0,False,0.002846167015377432,0.9775,False,proxy,20ng-sub7951,7951,0
76,group:sports#t2,The passage is related to sports.,proxy-cascade,3489,1585,425,1479,0,1.0,0.99,0.9949748743718593,800,0.9220023282887078,False,1.0,False,0.0031056670122779906,0.99,False,proxy,20ng-sub7951,7951,0
77,leaf:religious debate#t3,This article covers the topic of religious debate.,proxy-cascade,5715,1177,2262,2276,0,1.0,1.0,1.0,351,0.9486486486486486,False,1.0,False,0.007684207987040281,1.0,False,proxy,20ng-sub7951,7951,0
78,union:atheism|baseball#u1,This text discusses either atheism or baseball.,proxy-cascade,5084,1605,595,2884,0,1.0,0.9875,0.9937106918238994,800,0.9461077844311377,False,1.0,False,0.006477124989032745,0.9875,False,proxy,20ng-sub7951,7951,0
79,leaf:items for sale#t2,The passage is related to items for sale.,proxy-cascade,3808,1149,1270,1389,0,1.0,0.975,0.9873417721518987,400,0.9263657957244655,False,1.0,False,0.00685245799832046,0.975,False,proxy,20ng-sub7951,7951,0
80,union:Macintosh hardware|religious debate#u0,The document is about Macintosh hardware or about religious debate.,proxy-cascade,6596,1650,864,4082,0,1.0,0.9840213049267643,0.9919463087248322,751,0.9319041614123581,False,1.0,False,0.0068208749871701,0.9840213049267643,False,proxy,20ng-sub7951,7951,0
81,group:motor vehicles#t1,This text discusses motor vehicles.,proxy-cascade,4310,4056,254,0,0,1.0,0.98625,0.9930774071743234,800,0.9217289719626168,False,1.0,False,0.0021328339935280383,0.98625,False,proxy,20ng-sub7951,7951,0
82,leaf:cars#t0,The document is about cars.,proxy-cascade,6575,1252,1195,4128,0,1.0,0.9975,0.9987484355444306,400,0.9068181818181819,False,1.0,False,0.007184750022133812,0.9975,False,proxy,20ng-sub7951,7951,0
83,leaf:PC hardware#t0,The document is about PC hardware.,proxy-cascade,4168,1141,1789,1238,0,1.0,0.9775,0.988621997471555,400,0.9265402843601895,False,1.0,False,0.00614387501263991,0.9775,False,proxy,20ng-sub7951,7951,0
84,group:religion#t2,The passage is related to religion.,proxy-cascade,3631,1861,323,1447,0,1.0,0.9817549956559514,0.9907935116177115,1151,0.9061748195669607,False,1.0,False,0.005922583019128069,0.9817549956559514,False,proxy,20ng-sub7951,7951,0
85,union:Christianity|hockey#u0,The document is about Christianity or about hockey.,proxy-cascade,5086,1704,505,2877,0,1.0,0.9925,0.9962358845671266,800,0.9136939010356732,False,1.0,False,0.006701999984215945,0.9925,False,proxy,20ng-sub7951,7951,0
86,group:religion#t0,The document is about religion.,proxy-cascade,5506,2808,238,2460,0,1.0,1.0,1.0,1151,0.927477840451249,False,1.0,False,0.003565541992429644,1.0,False,proxy,20ng-sub7951,7951,0
87,union:atheism|computer graphics#u1,This text discusses either atheism or computer graphics.,proxy-cascade,6572,1843,619,4110,0,1.0,0.99,0.9949748743718593,800,0.9263157894736842,False,1.0,False,0.007083041011355817,0.99,False,proxy,20ng-sub7951,7951,0
88,union:motorcycles|political debate#u1,This text discusses either motorcycles or political debate.,proxy-cascade,6567,1896,525,4146,0,1.0,0.995,0.9974937343358395,800,0.9170506912442397,False,1.0,False,0.007330624997848645,0.995,False,proxy,20ng-sub7951,7951,0
89,group:motor vehicles#t0,The document is about motor vehicles.,proxy-cascade,3666,1809,433,1424,0,1.0,0.9825,0.991172761664565,800,0.9257950530035336,False,1.0,False,0.0028899169992655516,0.9825,False,proxy,20ng-sub7951,7951,0
90,union:PC hardware|political debate#u0,The document is about PC hardware or about political debate.,proxy-cascade,6541,1720,653,4168,0,1.0,0.985,0.9924433249370278,800,0.9459783913565426,False,1.0,False,0.007313457987038419,0.985,False,proxy,20ng-sub7951,7951,0
91,leaf:Macintosh hardware#t0,The document is about Macintosh hardware.,proxy-cascade,5382,1155,1599,2628,0,1.0,0.9925,0.9962358845671266,400,0.9612590799031477,False,1.0,False,0.006622292014071718,0.9925,False,proxy,20ng-sub7951,7951,0
92,leaf:items for sale#t1,This text discusses items for sale.,proxy-cascade,5196,1128,1265,2803,0,1.0,0.9875,0.9937106918238994,400,0.9122401847575058,False,1.0,False,0.006435749994125217,0.9875,False,proxy,20ng-sub7951,7951,0
93,leaf:the Microsoft Windows operating system#t0,The document is about the Microsoft Windows operating system.,proxy-cascade,5215,1270,1200,2745,0,1.0,0.9975,0.9987484355444306,400,0.9454976303317536,False,1.0,False,0.006262041017180309,0.9975,False,proxy,20ng-sub7951,7951,0
94,leaf:the Microsoft Windows operating system#t1,This text discusses the Microsoft Windows operating system.,proxy-cascade,4299,2280,788,1231,0,1.0,0.975,0.9873417721518987,400,0.9027777777777778,False,1.0,False,0.002620874991407618,0.975,False,proxy,20ng-sub7951,7951,0
95,group:computers#t3,This article covers the topic of computers.,proxy-cascade,3978,2484,168,1326,0,1.0,0.9845,0.9921894683799445,2000,0.905703771849126,False,1.0,False,0.0067577079753391445,0.9845,False,proxy,20ng-sub7951,7951,0
96,leaf:PC hardware#t1,This text discusses PC hardware.,proxy-cascade,5269,1272,1334,2663,0,1.0,0.995,0.9974937343358395,400,0.9521531100478469,False,1.0,False,0.007723374990746379,0.995,False,proxy,20ng-sub7951,7951,0
97,leaf:cars#t2,The passage is related to cars.,proxy-cascade,7951,1790,885,5276,0,1.0,1.0,1.0,400,1.0,False,1.0,False,0.0029235830006655306,1.0,False,proxy,20ng-sub7951,7951,0
98,union:Christianity|items for sale#u0,The document is about Christianity or about items for sale.,proxy-cascade,5100,1655,568,2877,0,1.0,0.9775,0.988621997471555,800,0.9050925925925926,False,1.0,False,0.006639166997047141,0.9775,False,proxy,20ng-sub7951,7951,0
99,group:politics#t2,The passage is related to politics.,proxy-cascade,3973,2368,262,1343,0,1.0,0.9891666666666666,0.9945538332635107,1200,0.9309803921568628,False,1.0,False,0.006915875012055039,0.9891666666666666,False,proxy,20ng-sub7951,7951,0
100,leaf:gun control#t2,The passage is related to gun control.,proxy-cascade,7951,7951,0,0,0,1.0,1.0,1.0,400,,,,,0.0036374579940456897,1.0,,proxy,20ng-sub7951,7951,0
101,union:Middle East affairs|items for sale#u1,This text discusses either Middle East affairs or items for sale.,proxy-cascade,7951,2272,402,5277,0,1.0,1.0,1.0,800,1.0,False,1.0,False,0.003467250004177913,1.0,False,proxy,20ng-sub7951,7951,0
102,leaf:computer graphics#t3,This article covers the topic of computer graphics.,proxy-cascade,5193,1290,1145,2758,0,1.0,0.99,0.9949748743718593,400,0.9209302325581395,False,1.0,False,0.006516958004795015,0.99,False,proxy,20ng-sub7951,7951,0
103,leaf:religious debate#t3,This article covers the topic of religious debate.,proxy-cascade,4215,1935,1055,1225,0,1.0,0.9715099715099715,0.9855491329479769,351,0.9342465753424658,False,1.0,False,0.00269950000802055,0.9715099715099715,False,proxy,20ng-sub7951,7951,0
104,leaf:atheism#t3,This article covers the topic of atheism.,proxy-cascade,4724,2937,687,1100,0,1.0,0.98,0.98989898989899,400,0.9311163895486936,False,1.0,False,0.0025012079859152436,0.98,False,proxy,20ng-sub7951,7951,0
105,group:religion#t1,This text discusses religion.,proxy-cascade,5244,2270,271,2703,0,1.0,0.9921807124239791,0.9960750109027474,1151,0.9239482200647249,False,1.0,False,0.0038642500003334135,0.9921807124239791,False,proxy,20ng-sub7951,7951,0
106,union:hockey|items for sale#u0,The document is about hockey or about items for sale.,proxy-cascade,5032,1558,539,2935,0,1.0,0.99,0.9949748743718593,800,0.9177288528389339,False,1.0,False,0.0071672500052955,0.99,False,proxy,20ng-sub7951,7951,0
107,group:motor vehicles#t0,The document is about motor vehicles.,proxy-cascade,3685,1823,433,1429,0,1.0,0.985,0.9924433249370278,800,0.9005714285714286,False,1.0,False,0.002937750017736107,0.985,False,proxy,20ng-sub7951,7951,0
108,union:space exploration|the Microsoft Windows operating system#u1,This text discusses either space exploration or the Microsoft Windows operating system.,proxy-cascade,5063,1486,679,2898,0,1.0,0.9675,0.9834815756035579,800,0.9,False,1.0,False,0.006804208009270951,0.9675,False,proxy,20ng-sub7951,7951,0
109,group:sports#t2,The passage is related to sports.,proxy-cascade,5407,2535,354,2518,0,1.0,0.9975,0.9987484355444306,800,0.9172413793103448,False,1.0,False,0.003464084002189338,0.9975,False,proxy,20ng-sub7951,7951,0
110,group:sports#t1,This text discusses sports.,proxy-cascade,3506,1584,426,1496,0,1.0,0.995,0.9974937343358395,800,0.9266589057043073,False,1.0,False,0.0030825419817119837,0.995,False,proxy,20ng-sub7951,7951,0
111,leaf:atheism#t3,This article covers the topic of atheism.,proxy-cascade,5849,3080,659,2110,0,1.0,0.985,0.9924433249370278,400,0.9270588235294117,False,1.0,False,0.0031326670141424984,0.985,False,proxy,20ng-sub7951,7951,0
112,leaf:Middle East affairs#t2,The passage is related to Middle East affairs.,proxy-cascade,3673,1108,1142,1423,0,1.0,0.9925,0.9962358845671266,400,0.9189814814814815,False,1.0,False,0.005895333015359938,0.9925,False,proxy,20ng-sub7951,7951,0
113,union:Macintosh hardware|motorcycles#u1,This text discusses either Macintosh hardware or motorcycles.,proxy-cascade,6505,1520,691,4294,0,1.0,0.99625,0.9981214777708203,800,0.9488095238095238,False,1.0,False,0.007557041011750698,0.99625,False,proxy,20ng-sub7951,7951,0
114,union:political debate|religious debate#u0,The document is about political debate or about religious debate.,proxy-cascade,3956,2067,551,1338,0,1.0,0.9826897470039947,0.9912693082605776,751,0.9,False,1.0,False,0.005856125004356727,0.9826897470039947,False,proxy,20ng-sub7951,7951,0
115,leaf:gun control#t3,This article covers the topic of gun control.,proxy-cascade,5187,1313,1090,2784,0,1.0,0.985,0.9924433249370278,400,0.9184149184149184,False,1.0,False,0.007366958016064018,0.985,False,proxy,20ng-sub7951,7951,0
116,leaf:medicine#t2,The passage is related to medicine.,proxy-cascade,3854,1024,1439,1391,0,1.0,0.9875,0.9937106918238994,400,0.9080459770114943,False,1.0,False,0.006900292006321251,0.9875,False,proxy,20ng-sub7951,7951,0
117,group:politics#t1,This text discusses politics.,proxy-cascade,5420,2660,240,2520,0,1.0,0.9966666666666667,0.9983305509181971,1200,0.9214175654853621,False,1.0,False,0.0037658749788533896,0.9966666666666667,False,proxy,20ng-sub7951,7951,0
118,group:science#t2,The passage is related to science.,proxy-cascade,3982,3844,138,0,0,1.0,0.95,0.9743589743589743,1600,0.9200968523002422,False,1.0,False,0.0025408339861314744,0.95,False,proxy,20ng-sub7951,7951,0
119,group:religion#t0,The document is about religion.,proxy-cascade,5542,2901,232,2409,0,1.0,1.0,1.0,1151,0.9230152365677626,False,1.0,False,0.0037069999962113798,1.0,False,proxy,20ng-sub7951,7951,0
0,group:motor vehicles#t0,The document is about motor vehicles.,proxy-cascade,6491,1598,475,4418,0,1.0,0.99875,0.9993746091307067,800,0.9131428571428571,False,1.0,False,0.0064826250018086284,0.99875,False,proxy,20ng-sub7951,7951,0
1,group:religion#t3,This article covers the topic of religion.,proxy-cascade,3673,1938,315,1420,0,1.0,0.9852302345786272,0.9925601750547046,1151,0.9014308426073132,False,1.0,False,0.010655333986505866,0.9852302345786272,False,proxy,20ng-sub7951,7951,0
2,leaf:religious debate#t0,The document is about religious debate.,proxy-cascade,7951,7951,0,0,0,1.0,1.0,1.0,351,,,,,0.0037334170192480087,1.0,,proxy,20ng-sub7951,7951,0
3,group:politics#t1,This text discusses politics.,proxy-cascade,3756,2060,301,1395,0,1.0,0.9875,0.9937106918238994,1200,0.9038901601830663,False,1.0,False,0.006551041005877778,0.9875,False,proxy,20ng-sub7951,7951,0
4,union:gun control|medicine#u0,The document is about gun control or about medicine.,proxy-cascade,3751,1885,489,1377,0,1.0,0.9625,0.980891719745223,800,0.903755868544601,False,1.0,False,0.006078166014049202,0.9625,False,proxy,20ng-sub7951,7951,0
5,group:motor vehicles#t0,The document is about motor vehicles.,proxy-cascade,5199,2054,403,2742,0,1.0,0.995,0.9974937343358395,800,0.9234338747099768,False,1.0,False,0.0033999999868683517,0.995,False,proxy,20ng-sub7951,7951,0
6,group:politics#t1,This text discusses politics.,proxy-cascade,4139,2626,241,1272,0,1.0,0.9916666666666667,0.99581589958159,1200,0.9239130434782609,False,1.0,False,0.0031392079836223274,0.9916666666666667,False,proxy,20ng-sub7951,7951,0
7,group:religion#t0,The document is about religion.,proxy-cascade,6542,2037,302,4203,0,1.0,0.9991311902693311,0.9995654063450673,1151,0.9251810136765889,False,1.0,False,0.007465625007171184,0.9991311902693311,False,proxy,20ng-sub7951,7951,0
8,leaf:political debate#t1,This text discusses political debate.,proxy-cascade,7951,7951,0,0,0,1.0,1.0,1.0,400,,,,,0.003134500002488494,1.0,,proxy,20ng-sub7951,7951,0
9,group:sports#t1,This text discusses sports.,proxy-cascade,3437,1477,451,1509,0,1.0,0.98875,0.994343180389692,800,0.9273153575615475,False,1.0,False,0.005326415994204581,0.98875,False,proxy,20ng-sub7951,7951,0
10,group:science#t1,This text discusses science.,proxy-cascade,4275,2852,195,1228,0,1.0,0.9375,0.967741935483871,1600,0.9014423076923077,False,1.0,False,0.005938999995123595,0.9375,False,proxy,20ng-sub7951,7951,0
11,leaf:hockey#t1,This text discusses hockey.,proxy-cascade,3589,1122,1024,1443,0,1.0,0.985,0.9924433249370278,400,0.933649289099526,False,1.0,False,0.0060964169970247895,0.985,False,proxy,20ng-sub7951,7951,0
12,leaf:religious debate#t2,The passage is related to religious debate.,proxy-cascade,4438,1221,2037,1180,0,1.0,0.9629629629629629,0.9811320754716981,351,0.9110512129380054,False,1.0,False,0.0057467919832561165,0.9629629629629629,False,proxy,20ng-sub7951,7951,0
13,leaf:political debate#t0,The document is about political debate.,proxy-cascade,5251,1212,1395,2644,0,1.0,0.9925,0.9962358845671266,400,0.931924882629108,False,1.0,False,0.006285165989538655,0.9925,False,proxy,20ng-sub7951,7951,0
14,leaf:items for sale#t3,This article covers the topic of items for sale.,proxy-cascade,7951,7951,0,0,0,1.0,1.0,1.0,400,,,,,0.0028588749992195517,1.0,,proxy,20ng-sub7951,7951,0
15,leaf:Christianity#t3,This article covers the topic of Christianity.,proxy-cascade,4019,1091,1606,1322,0,1.0,0.9875,0.9937106918238994,400,0.9427207637231504,False,1.0,False,0.005413207982201129,0.9875,False,proxy,20ng-sub7951,7951,0
16,union:electronics|hockey#u0,The document is about electronics or about hockey.,proxy-cascade,6535,1708,545,4282,0,1.0,0.98875,0.994343180389692,800,0.9229871645274212,False,1.0,False,0.006705916981445625,0.98875,False,proxy,20ng-sub7951,7951,0
17,group:science#t2,The passage is related to science.,proxy-cascade,5315,2427,224,2664,0,1.0,0.97875,0.9892608970309539,1600,0.9190140845070423,False,1.0,False,0.006511875020805746,0.97875,False,proxy,20ng-sub7951,7951,0
18,group:computers#t1,This text discusses computers.,proxy-cascade,5434,2774,144,2516,0,1.0,0.9975,0.9987484355444306,2000,0.925754060324826,False,1.0,False,0.006921958993189037,0.9975,False,proxy,20ng-sub7951,7951,0
19,union:Macintosh hardware|items for sale#u1,This text discusses either Macintosh hardware or items for sale.,proxy-cascade,5094,1661,556,2877,0,1.0,0.99625,0.9981214777708203,800,0.9036281179138322,False,1.0,False,0.007358040980761871,0.99625,False,proxy,20ng-sub7951,7951,0
20,group:motor vehicles#t3,This article covers the topic of motor vehicles.,proxy-cascade,7951,7951,0,0,0,1.0,1.0,1.0,800,,,,,0.002989041997352615,1.0,,proxy,20ng-sub7951,7951,0
21,group:sports#t3,This article covers the topic of sports.,proxy-cascade,3436,1480,446,1510,0,1.0,0.99,0.9949748743718593,800,0.9263157894736842,False,1.0,False,0.005538750003324822,0.99,False,proxy,20ng-sub7951,7951,0
22,group:motor vehicles#t3,This article covers the topic of motor vehicles.,proxy-cascade,5068,1740,449,2879,0,1.0,0.99625,0.9981214777708203,800,0.9289044289044289,False,1.0,False,0.00354850001167506,0.99625,False,proxy,20ng-sub7951,7951,0
23,group:motor vehicles#t3,This article covers the topic of motor vehicles.,proxy-cascade,5459,2583,361,2515,0,1.0,0.99625,0.9981214777708203,800,0.9015837104072398,False,1.0,False,0.003268792002927512,0.99625,False,proxy,20ng-sub7951,7951,0
24,union:PC hardware|cryptography#u0,The document is about PC hardware or about cryptography.,proxy-cascade,5190,1915,514,2761,0,1.0,0.9775,0.988621997471555,800,0.9146198830409357,False,1.0,False,0.008119167003314942,0.9775,False,proxy,20ng-sub7951,7951,0
25,leaf:political debate#t1,This text discusses political debate.,proxy-cascade,6346,4218,492,1636,0,1.0,0.9975,0.9987484355444306,400,0.9300699300699301,False,1.0,False,0.002962166996439919,0.9975,False,proxy,20ng-sub7951,7951,0
26,union:Macintosh hardware|space exploration#u1,This text discusses either Macintosh hardware or space exploration.,proxy-cascade,7951,7951,0,0,0,1.0,1.0,1.0,800,,,,,0.0038363750209100544,1.0,,proxy,20ng-sub7951,7951,0
27,leaf:baseball#t2,The passage is related to baseball.,proxy-cascade,3735,1062,1259,1414,0,1.0,0.9875,0.9937106918238994,400,0.9250585480093677,False,1.0,False,0.006596166989766061,0.9875,False,proxy,20ng-sub7951,7951,0
28,group:computers#t0,The document is about computers.,proxy-cascade,4202,2807,145,1250,0,1.0,0.9855,0.9926970536388819,2000,0.9262218045112782,False,1.0,False,0.006855999992694706,0.9855,False,proxy,20ng-sub7951,7951,0
29,leaf:baseball#t3,This article covers the topic of baseball.,proxy-cascade,3654,1146,1054,1454,0,1.0,0.9875,0.9937106918238994,400,0.9143518518518519,False,1.0,False,0.006595709011889994,0.9875,False,proxy,20ng-sub7951,7951,0
30,leaf:electronics#t0,The document is about electronics.,proxy-cascade,5638,971,2362,2305,0,1.0,0.995,0.9974937343358395,400,0.9386792452830188,False,1.0,False,0.006442416022764519,0.995,False,proxy,20ng-sub7951,7951,0
31,union:PC hardware|items for sale#u1,This text discusses either PC hardware or items for sale.,proxy-cascade,5073,1626,591,2856,0,1.0,0.99625,0.9981214777708203,800,0.9431952662721893,False,1.0,False,0.008072790980804712,0.99625,False,proxy,20ng-sub7951,7951,0
32,union:computer graphics|motorcycles#u0,The document is about computer graphics or about motorcycles.,proxy-cascade,7951,7951,0,0,0,1.0,1.0,1.0,800,,,,,0.0037520829937420785,1.0,,proxy,20ng-sub7951,7951,0
33,union:Macintosh hardware|electronics#u0,The document is about Macintosh hardware or about electronics.,proxy-cascade,5338,2290,428,2620,0,1.0,0.99375,0.9968652037617556,800,0.9330985915492958,False,1.0,False,0.006612833007238805,0.99375,False,proxy,20ng-sub7951,7951,0
34,group:computers#t1,This text discusses computers.,proxy-cascade,7951,7951,0,0,0,1.0,1.0,1.0,2000,,,,,0.0007716669933870435,1.0,,proxy,20ng-sub7951,7951,0
35,group:religion#t1,This text discusses religion.,proxy-cascade,5069,1838,326,2905,0,1.0,0.9947871416159861,0.9973867595818815,1151,0.936988543371522,False,1.0,False,0.007633500004885718,0.9947871416159861,False,proxy,20ng-sub7951,7951,0
36,group:computers#t0,The document is about computers.,proxy-cascade,4263,2897,138,1228,0,1.0,0.9875,0.9937106918238994,2000,0.9228971962616822,False,1.0,False,0.003512374998535961,0.9875,False,proxy,20ng-sub7951,7951,0
37,union:Middle East affairs|items for sale#u1,This text discusses either Middle East affairs or items for sale.,proxy-cascade,5009,1517,547,2945,0,1.0,0.98375,0.9918084436042848,800,0.9151162790697674,False,1.0,False,0.007787209004163742,0.98375,False,proxy,20ng-sub7951,7951,0
38,leaf:the Microsoft Windows operating system#t1,This text discusses the Microsoft Windows operating system.,proxy-cascade,5239,1166,1393,2680,0,1.0,0.99,0.9949748743718593,400,0.9519230769230769,False,1.0,False,0.007894667010987177,0.99,False,proxy,20ng-sub7951,7951,0
39,group:sports#t2,The passage is related to sports.,proxy-cascade,3430,1462,459,1509,0,1.0,0.9925,0.9962358845671266,800,0.927570093457944,False,1.0,False,0.006416666001314297,0.9925,False,proxy,20ng-sub7951,7951,0
40,leaf:motorcycles#t0,The document is about motorcycles.,proxy-cascade,5190,1085,1393,2712,0,1.0,0.995,0.9974937343358395,400,0.9498806682577565,False,1.0,False,0.0069380000059027225,0.995,False,proxy,20ng-sub7951,7951,0
41,group:motor vehicles#t0,The document is about motor vehicles.,proxy-cascade,7951,7951,0,0,0,1.0,1.0,1.0,800,,,,,0.00042679201578721404,1.0,,proxy,20ng-sub7951,7951,0
42,union:Christianity|political debate#u1,This text discusses either Christianity or political debate.,proxy-cascade,5152,1813,538,2801,0,1.0,0.995,0.9974937343358395,800,0.9181084198385236,False,1.0,False,0.00645937499939464,0.995,False,proxy,20ng-sub7951,7951,0
43,group:motor vehicles#t2,The passage is related to motor vehicles.,proxy-cascade,7951,1495,513,5943,0,1.0,1.0,1.0,800,1.0,False,1.0,False,0.006245374999707565,1.0,False,proxy,20ng-sub7951,7951,0
44,leaf:motorcycles#t2,The passage is related to motorcycles.,proxy-cascade,3803,1124,1303,1376,0,1.0,0.965,0.9821882951653944,400,0.910377358490566,False,1.0,False,0.006062500004190952,0.965,False,proxy,20ng-sub7951,7951,0
45,group:motor vehicles#t1,This text discusses motor vehicles.,proxy-cascade,7951,7951,0,0,0,1.0,1.0,1.0,800,,,,,0.003947332996176556,1.0,,proxy,20ng-sub7951,7951,0
46,group:religion#t0,The document is about religion.,proxy-cascade,2943,2698,245,0,0,1.0,0.9565595134665508,0.977797513321492,1151,0.9205685618729097,False,1.0,False,0.0025733340007718652,0.9565595134665508,False,proxy,20ng-sub7951,7951,0
47,group:sports#t3,This article covers the topic of sports.,proxy-cascade,5155,1976,392,2787,0,1.0,0.99625,0.9981214777708203,800,0.9213872832369943,False,1.0,False,0.003403832990443334,0.99625,False,proxy,20ng-sub7951,7951,0
48,union:Macintosh hardware|cars#u1,This text discusses either Macintosh hardware or cars.,proxy-cascade,6538,1722,598,4218,0,1.0,0.995,0.9974937343358395,800,0.9453681710213777,False,1.0,False,0.006691374990623444,0.995,False,proxy,20ng-sub7951,7951,0
49,leaf:computer graphics#t1,This text discusses computer graphics.,proxy-cascade,7951,7951,0,0,0,1.0,1.0,1.0,400,,,,,0.0037273749767336994,1.0,,proxy,20ng-sub7951,7951,0
50,union:atheism|hockey#u1,This text discusses either atheism or hockey.,proxy-cascade,5131,1744,563,2824,0,1.0,0.98875,0.994343180389692,800,0.9439140811455847,False,1.0,False,0.0066517500090412796,0.98875,False,proxy,20ng-sub7951,7951,0
51,leaf:items for sale#t0,The document is about items for sale.,proxy-cascade,5175,1148,1271,2756,0,1.0,0.995,0.9974937343358395,400,0.908675799086758,False,1.0,False,0.006299042026512325,0.995,False,proxy,20ng-sub7951,7951,0
52,leaf:baseball#t0,The document is about baseball.,proxy-cascade,5192,1036,1360,2796,0,1.0,0.995,0.9974937343358395,400,0.9045454545454545,False,1.0,False,0.007188415998825803,0.995,False,proxy,20ng-sub7951,7951,0
53,union:hockey|motorcycles#u0,The document is about hockey or about motorcycles.,proxy-cascade,3545,1571,501,1473,0,1.0,0.97625,0.9879822896900696,800,0.9342105263157895,False,1.0,False,0.006539624999277294,0.97625,False,proxy,20ng-sub7951,7951,0
54,group:politics#t0,The document is about politics.,proxy-cascade,5153,2044,310,2799,0,1.0,0.9966666666666667,0.9983305509181971,1200,0.934375,False,1.0,False,0.0069970409967936575,0.9966666666666667,False,proxy,20ng-sub7951,7951,0
55,group:motor vehicles#t1,This text discusses motor vehicles.,proxy-cascade,4579,3145,320,1114,0,1.0,0.9875,0.9937106918238994,800,0.9207459207459208,False,1.0,False,0.0028733749932143837,0.9875,False,proxy,20ng-sub7951,7951,0
56,leaf:atheism#t3,This article covers the topic of atheism.,proxy-cascade,7951,7951,0,0,0,1.0,1.0,1.0,400,,,,,0.003392582992091775,1.0,,proxy,20ng-sub7951,7951,0
57,union:atheism|gun control#u1,This text discusses either atheism or gun control.,proxy-cascade,5325,2257,452,2616,0,1.0,0.99375,0.9968652037617556,800,0.9341950646298472,False,1.0,False,0.0066611249931156635,0.99375,False,proxy,20ng-sub7951,7951,0
58,leaf:cars#t2,The passage is related to cars.,proxy-cascade,3828,1179,1260,1389,0,1.0,0.955,0.9769820971867007,400,0.9073634204275535,False,1.0,False,0.006305957998847589,0.955,False,proxy,20ng-sub7951,7951,0
59,group:sports#t2,The passage is related to sports.,proxy-cascade,7951,7951,0,0,0,1.0,1.0,1.0,800,,,,,0.00048316697939299047,1.0,,proxy,20ng-sub7951,7951,0
60,group:motor vehicles#t2,The passage is related to motor vehicles.,proxy-cascade,7951,7951,0,0,0,1.0,1.0,1.0,800,,,,,0.0005999999993946403,1.0,,proxy,20ng-sub7951,7951,0
61,group:computers#t0,The document is about computers.,proxy-cascade,4450,3159,127,1164,0,1.0,0.99,0.9949748743718593,2000,0.9205020920502092,False,1.0,False,0.0039442499983124435,0.99,False,proxy,20ng-sub7951,7951,0
62,union:medicine|the Microsoft Windows operating system#u0,The document is about medicine or about the Microsoft Windows operating system.,proxy-cascade,6502,1644,546,4312,0,1.0,0.99625,0.9981214777708203,800,0.9129438717067583,False,1.0,False,0.010289166995789856,0.99625,False,proxy,20ng-sub7951,7951,0
63,union:baseball|items for sale#u0,The document is about baseball or about items for sale.,proxy-cascade,3563,1562,534,1467,0,1.0,0.965,0.9821882951653944,800,0.9125295508274232,False,1.0,False,0.007081792020471767,0.965,False,proxy,20ng-sub7951,7951,0
64,union:atheism|medicine#u1,This text discusses either atheism or medicine.,proxy-cascade,7951,7951,0,0,0,1.0,1.0,1.0,800,,,,,0.0037275420036166906,1.0,,proxy,20ng-sub7951,7951,0
65,union:hockey|the X Window System#u1,This text discusses either hockey or the X Window System.,proxy-cascade,6482,1535,506,4441,0,1.0,0.995,0.9974937343358395,800,0.9397874852420307,False,1.0,False,0.007133083010558039,0.995,False,proxy,20ng-sub7951,7951,0
66,leaf:cryptography#t0,The document is about cryptography.,proxy-cascade,5120,1095,1182,2843,0,1.0,0.985,0.9924433249370278,400,0.9448441247002398,False,1.0,False,0.007426750002196059,0.985,False,proxy,20ng-sub7951,7951,0
67,leaf:motorcycles#t3,This article covers the topic of motorcycles.,proxy-cascade,5244,1054,1439,2751,0,1.0,0.9875,0.9937106918238994,400,0.9382422802850356,False,1.0,False,0.03376770799513906,0.9875,False,proxy,20ng-sub7951,7951,0
68,leaf:hockey#t1,This text discusses hockey.,proxy-cascade,5156,1455,882,2819,0,1.0,0.9925,0.9962358845671266,400,0.9297423887587822,False,1.0,False,0.003340583003591746,0.9925,False,proxy,20ng-sub7951,7951,0
69,leaf:baseball#t2,The passage is related to baseball.,proxy-cascade,7951,7951,0,0,0,1.0,1.0,1.0,400,,,,,0.0002732090069912374,1.0,,proxy,20ng-sub7951,7951,0
70,group:motor vehicles#t0,The document is about motor vehicles.,proxy-cascade,3796,3507,289,0,0,1.0,0.98875,0.994343180389692,800,0.921911421911422,False,1.0,False,0.0021878749830648303,0.98875,False,proxy,20ng-sub7951,7951,0
71,leaf:the Microsoft Windows operating system#t2,The passage is related to the Microsoft Windows operating system.,proxy-cascade,7951,7951,0,0,0,1.0,1.0,1.0,400,,,,,0.004365707980468869,1.0,,proxy,20ng-sub7951,7951,0
72,leaf:motorcycles#t2,The passage is related to motorcycles.,proxy-cascade,7951,7951,0,0,0,1.0,1.0,1.0,400,,,,,0.00029299999005161226,1.0,,proxy,20ng-sub7951,7951,0
73,group:sports#t2,The passage is related to sports.,proxy-cascade,3421,1471,449,1501,0,1.0,0.9925,0.9962358845671266,800,0.9243306169965075,False,1.0,False,0.003150125005049631,0.9925,False,proxy,20ng-sub7951,7951,0
74,union:Macintosh hardware|electronics#u1,This text discusses either Macintosh hardware or electronics.,proxy-cascade,5301,2226,444,2631,0,1.0,0.9925,0.9962358845671266,800,0.9308323563892146,False,1.0,False,0.006929166003828868,0.9925,False,proxy,20ng-sub7951,7951,0
75,leaf:Christianity#t3,This article covers the topic of Christianity.,proxy-cascade,4265,2230,768,1267,0,1.0,0.9925,0.9962358845671266,400,0.9297423887587822,False,1.0,False,0.0031615420011803508,0.9925,False,proxy,20ng-sub7951,7951,0
76,group:sports#t2,The passage is related to sports.,proxy-cascade,7951,7951,0,0,0,1.0,1.0,1.0,800,,,,,0.00044991602771915495,1.0,,proxy,20ng-sub7951,7951,0
77,leaf:religious debate#t3,This article covers the topic of religious debate.,proxy-cascade,5493,1336,1678,2479,0,1.0,1.0,1.0,351,0.9590163934426229,False,1.0,False,0.006958625017432496,1.0,False,proxy,20ng-sub7951,7951,0
78,union:atheism|baseball#u1,This text discusses either atheism or baseball.,proxy-cascade,5241,2034,497,2710,0,1.0,0.99125,0.9956057752667922,800,0.9384615384615385,False,1.0,False,0.0060240419988986105,0.99125,False,proxy,20ng-sub7951,7951,0
79,leaf:items for sale#t2,The passage is related to items for sale.,proxy-cascade,3952,1065,1536,1351,0,1.0,0.9825,0.991172761664565,400,0.9268867924528302,False,1.0,False,0.005908749997615814,0.9825,False,proxy,20ng-sub7951,7951,0
80,union:Macintosh hardware|religious debate#u0,The document is about Macintosh hardware or about religious debate.,proxy-cascade,6638,1925,683,4030,0,1.0,0.9893475366178429,0.9946452476572958,751,0.9405063291139241,False,1.0,False,0.0073177089798264205,0.9893475366178429,False,proxy,20ng-sub7951,7951,0
81,group:motor vehicles#t1,This text discusses motor vehicles.,proxy-cascade,6647,2332,382,3933,0,1.0,1.0,1.0,800,0.9029345372460497,False,1.0,False,0.004127124993829057,1.0,False,proxy,20ng-sub7951,7951,0
82,leaf:cars#t0,The document is about cars.,proxy-cascade,5291,1057,1551,2683,0,1.0,0.9775,0.988621997471555,400,0.9030023094688222,False,1.0,False,0.007401041977573186,0.9775,False,proxy,20ng-sub7951,7951,0
83,leaf:PC hardware#t0,The document is about PC hardware.,proxy-cascade,5379,1230,1618,2531,0,1.0,0.9925,0.9962358845671266,400,0.9429928741092637,False,1.0,False,0.008748082997044548,0.9925,False,proxy,20ng-sub7951,7951,0
84,group:religion#t2,The passage is related to religion.,proxy-cascade,6516,1955,307,4254,0,1.0,0.9991311902693311,0.9995654063450673,1151,0.9192645883293366,False,1.0,False,0.03417062500375323,0.9991311902693311,False,proxy,20ng-sub7951,7951,0
85,union:Christianity|hockey#u0,The document is about Christianity or about hockey.,proxy-cascade,3615,1690,496,1429,0,1.0,0.97375,0.9867004433185561,800,0.9318181818181818,False,1.0,False,0.0069358750188257545,0.97375,False,proxy,20ng-sub7951,7951,0
86,group:religion#t0,The document is about religion.,proxy-cascade,3768,2069,296,1403,0,1.0,0.9782797567332754,0.9890206411945542,1151,0.9015212169735789,False,1.0,False,0.003420958004426211,0.9782797567332754,False,proxy,20ng-sub7951,7951,0
87,union:atheism|computer graphics#u1,This text discusses either atheism or computer graphics.,proxy-cascade,6564,1731,659,4174,0,1.0,0.98875,0.994343180389692,800,0.9176334106728539,False,1.0,False,0.008248915983131155,0.98875,False,proxy,20ng-sub7951,7951,0
88,union:motorcycles|political debate#u1,This text discusses either motorcycles or political debate.,proxy-cascade,7951,7951,0,0,0,1.0,1.0,1.0,800,,,,,0.0032637499971315265,1.0,,proxy,20ng-sub7951,7951,0
89,group:motor vehicles#t0,The document is about motor vehicles.,proxy-cascade,5136,1913,423,2800,0,1.0,0.99625,0.9981214777708203,800,0.9245939675174014,False,1.0,False,0.0038332080002874136,0.99625,False,proxy,20ng-sub7951,7951,0
90,union:PC hardware|political debate#u0,The document is about PC hardware or about political debate.,proxy-cascade,6587,1906,610,4071,0,1.0,0.9875,0.9937106918238994,800,0.947242206235012,False,1.0,False,0.008119334001094103,0.9875,False,proxy,20ng-sub7951,7951,0
91,leaf:Macintosh hardware#t0,The document is about Macintosh hardware.,proxy-cascade,7951,7951,0,0,0,1.0,1.0,1.0,400,,,,,0.004279416985809803,1.0,,proxy,20ng-sub7951,7951,0
92,leaf:items for sale#t1,This text discusses items for sale.,proxy-cascade,7951,7951,0,0,0,1.0,1.0,1.0,400,,,,,0.003923291020328179,1.0,,proxy,20ng-sub7951,7951,0
93,leaf:the Microsoft Windows operating system#t0,The document is about the Microsoft Windows operating system.,proxy-cascade,5321,1076,1625,2620,0,1.0,0.99,0.9949748743718593,400,0.9295774647887324,False,1.0,False,0.007655333000002429,0.99,False,proxy,20ng-sub7951,7951,0
94,leaf:the Microsoft Windows operating system#t1,This text discusses the Microsoft Windows operating system.,proxy-cascade,4109,1942,885,1282,0,1.0,0.98,0.98989898989899,400,0.9074074074074074,False,1.0,False,0.003017582988832146,0.98,False,proxy,20ng-sub7951,7951,0
95,group:computers#t3,This article covers the topic of computers.,proxy-cascade,4168,2744,148,1276,0,1.0,0.989,0.9944695827048768,2000,0.9069234296194406,False,1.0,False,0.008260292001068592,0.989,False,proxy,20ng-sub7951,7951,0
96,leaf:PC hardware#t1,This text discusses PC hardware.,proxy-cascade,7951,7951,0,0,0,1.0,1.0,1.0,400,,,,,0.0034663749975152314,1.0,,proxy,20ng-sub7951,7951,0
97,leaf:cars#t2,The passage is related to cars.,proxy-cascade,5170,1299,1072,2799,0,1.0,0.975,0.9873417721518987,400,0.9154929577464789,False,1.0,False,0.003717250016052276,0.975,False,proxy,20ng-sub7951,7951,0
98,union:Christianity|items for sale#u0,The document is about Christianity or about items for sale.,proxy-cascade,7951,7951,0,0,0,1.0,1.0,1.0,800,,,,,0.003901874995790422,1.0,,proxy,20ng-sub7951,7951,0
99,group:politics#t2,The passage is related to politics.,proxy-cascade,7951,7951,0,0,0,1.0,1.0,1.0,1200,,,,,0.003403082984732464,1.0,,proxy,20ng-sub7951,7951,0
100,leaf:gun control#t2,The passage is related to gun control.,proxy-cascade,3757,1303,1065,1389,0,1.0,0.9675,0.9834815756035579,400,0.9127358490566038,False,1.0,False,0.005898667004657909,0.9675,False,proxy,20ng-sub7951,7951,0
101,union:Middle East affairs|items for sale#u1,This text discusses either Middle East affairs or items for sale.,proxy-cascade,5423,2552,378,2493,0,1.0,0.99125,0.9956057752667922,800,0.919953596287703,False,1.0,False,0.0036580000014510006,0.99125,False,proxy,20ng-sub7951,7951,0
102,leaf:computer graphics#t3,This article covers the topic of computer graphics.,proxy-cascade,5254,1123,1466,2665,0,1.0,0.985,0.9924433249370278,400,0.9539951573849879,False,1.0,False,0.007478874991647899,0.985,False,proxy,20ng-sub7951,7951,0
103,leaf:religious debate#t3,This article covers the topic of religious debate.,proxy-cascade,5687,2538,872,2277,0,1.0,1.0,1.0,351,0.9335106382978723,False,1.0,False,0.003698874992551282,1.0,False,proxy,20ng-sub7951,7951,0
104,leaf:atheism#t3,This article covers the topic of atheism.,proxy-cascade,6061,5782,279,0,0,1.0,1.0,1.0,400,0.9237875288683602,False,1.0,False,0.002192791987909004,1.0,False,proxy,20ng-sub7951,7951,0
105,group:religion#t1,This text discusses religion.,proxy-cascade,3774,2073,292,1409,0,1.0,0.9808861859252823,0.9903508771929825,1151,0.9307502061005771,False,1.0,False,0.003582707984605804,0.9808861859252823,False,proxy,20ng-sub7951,7951,0
106,union:hockey|items for sale#u0,The document is about hockey or about items for sale.,proxy-cascade,7951,7951,0,0,0,1.0,1.0,1.0,800,,,,,0.0041013330046553165,1.0,,proxy,20ng-sub7951,7951,0
107,group:motor vehicles#t0,The document is about motor vehicles.,proxy-cascade,6513,1820,434,4259,0,1.0,0.9975,0.9987484355444306,800,0.9193548387096774,False,1.0,False,0.004611542011843994,0.9975,False,proxy,20ng-sub7951,7951,0
108,union:space exploration|the Microsoft Windows operating system#u1,This text discusses either space exploration or the Microsoft Windows operating system.,proxy-cascade,6542,1770,564,4208,0,1.0,0.99625,0.9981214777708203,800,0.9192618223760092,False,1.0,False,0.008229625003878027,0.99625,False,proxy,20ng-sub7951,7951,0
109,group:sports#t2,The passage is related to sports.,proxy-cascade,2029,1606,423,0,0,1.0,0.9675,0.9834815756035579,800,0.9214285714285714,False,1.0,False,0.0027444579754956067,0.9675,False,proxy,20ng-sub7951,7951,0
110,group:sports#t1,This text discusses sports.,proxy-cascade,3429,1478,442,1509,0,1.0,0.9925,0.9962358845671266,800,0.9254079254079254,False,1.0,False,0.0032246659975498915,0.9925,False,proxy,20ng-sub7951,7951,0
111,leaf:atheism#t3,This article covers the topic of atheism.,proxy-cascade,4677,2916,686,1075,0,1.0,0.985,0.9924433249370278,400,0.9248826291079812,False,1.0,False,0.0030340840166900307,0.985,False,proxy,20ng-sub7951,7951,0
112,leaf:Middle East affairs#t2,The passage is related to Middle East affairs.,proxy-cascade,5088,1165,1051,2872,0,1.0,0.9975,0.9987484355444306,400,0.9366197183098591,False,1.0,False,0.0065814590197987854,0.9975,False,proxy,20ng-sub7951,7951,0
113,union:Macintosh hardware|motorcycles#u1,This text discusses either Macintosh hardware or motorcycles.,proxy-cascade,6542,1652,642,4248,0,1.0,0.9975,0.9987484355444306,800,0.9322429906542056,False,1.0,False,0.007259582984261215,0.9975,False,proxy,20ng-sub7951,7951,0
114,union:political debate|religious debate#u0,The document is about political debate or about religious debate.,proxy-cascade,3841,1771,696,1374,0,1.0,0.9707057256990679,0.9851351351351351,751,0.9,False,1.0,False,0.03686708302120678,0.9707057256990679,False,proxy,20ng-sub7951,7951,0
115,leaf:gun control#t3,This article covers the topic of gun control.,proxy-cascade,7951,7951,0,0,0,1.0,1.0,1.0,400,,,,,0.0038364999927580357,1.0,,proxy,20ng-sub7951,7951,0
116,leaf:medicine#t2,The passage is related to medicine.,proxy-cascade,7951,7951,0,0,0,1.0,1.0,1.0,400,,,,,0.002703709003981203,1.0,,proxy,20ng-sub7951,7951,0
117,group:politics#t1,This text discusses politics.,proxy-cascade,4005,2435,256,1314,0,1.0,0.9891666666666666,0.9945538332635107,1200,0.9251753702260327,False,1.0,False,0.0034616250195540488,0.9891666666666666,False,proxy,20ng-sub7951,7951,0
118,group:science#t2,The passage is related to science.,proxy-cascade,4697,4587,110,0,0,1.0,0.9725,0.9860583016476552,1600,0.9201655824955648,False,1.0,False,0.0026728749799076468,0.9725,False,proxy,20ng-sub7951,7951,0
119,group:religion#t0,The document is about religion.,proxy-cascade,7951,7951,0,0,0,1.0,1.0,1.0,1151,,,,,0.0006409170164261013,1.0,,proxy,20ng-sub7951,7951,0
